<?xml version="1.0" encoding="utf-8"?>
<COLLADA xmlns="http://www.collada.org/2005/11/COLLADASchema" version="1.4.1" xmlns:xsi="http://www.w3.org/2001/XMLSchema-instance">
  <asset>
    <contributor>
      <author>Blender User</author>
      <authoring_tool>Blender 3.0.1</authoring_tool>
    </contributor>
    <created>2025-05-21T09:19:35</created>
    <modified>2025-05-21T09:19:35</modified>
    <unit name="meter" meter="1"/>
    <up_axis>Z_UP</up_axis>
  </asset>
  <library_effects>
    <effect id="Material_012-effect">
      <profile_COMMON>
        <technique sid="common">
          <lambert>
            <emission>
              <color sid="emission">0 0 0 1</color>
            </emission>
            <diffuse>
              <color sid="diffuse">0 0 0 1</color>
            </diffuse>
            <index_of_refraction>
              <float sid="ior">1.45</float>
            </index_of_refraction>
          </lambert>
        </technique>
      </profile_COMMON>
    </effect>
    <effect id="Material_013-effect">
      <profile_COMMON>
        <technique sid="common">
          <lambert>
            <emission>
              <color sid="emission">0 0 0 1</color>
            </emission>
            <diffuse>
              <color sid="diffuse">0.7991031 0.1046163 0 1</color>
            </diffuse>
            <index_of_refraction>
              <float sid="ior">1.45</float>
            </index_of_refraction>
          </lambert>
        </technique>
      </profile_COMMON>
    </effect>
  </library_effects>
  <library_images/>
  <library_materials>
    <material id="Material_012-material" name="Material.012">
      <instance_effect url="#Material_012-effect"/>
    </material>
    <material id="Material_013-material" name="Material.013">
      <instance_effect url="#Material_013-effect"/>
    </material>
  </library_materials>
  <library_geometries>
    <geometry id="Mesh-1_007-mesh" name="Mesh-1.007">
      <mesh>
        <source id="Mesh-1_007-mesh-positions">
          <float_array id="Mesh-1_007-mesh-positions-array" count="23835">0 -0.04051882 0.04564028 0 -0.03962177 0.04564028 0 -0.03962177 0.04722416 0 -0.04003888 0.04641449 0 -0.02870219 0.0412715 0 -0.02953815 0.03980749 0 -0.02954512 0.03963685 0 -0.02807652 0.04156839 0 -0.02840232 0.04144728 0 -0.02936166 0.04047721 0 -0.02947902 0.0401501 0 -0.0495451 0.02276068 0 -0.04939472 0.02588933 0 -0.02754515 0.0416404 0 -0.02773469 0.0416314 0 -0.03994351 0.05915546 0 -0.02896726 0.0410465 0 -0.02918922 0.04077917 0 -0.0495451 -0.03035956 0 -0.02954512 -0.04035949 0 -0.04756629 0.0350784 0 -0.04671061 0.03754967 0 0.03495079 0.0416404 0 0.0397439 0.05935662 0 -0.04840111 0.03206312 0 -0.04790008 0.0341143 0 -0.04653239 0.03799027 0 -0.04571646 0.03983825 0 -0.04936122 0.02658659 0 -0.04901266 0.02899539 0 -0.04391258 0.04322719 0 -0.04881227 0.03038012 0 -0.0400452 0.0520823 0 -0.04016798 0.05051898 0 -0.04272997 -0.03983181 0 -0.04332238 -0.03957629 0 -0.04044222 -0.04028517 0 -0.04115229 -0.04022628 0 -0.04142552 -0.04015797 0 -0.03954511 -0.04035949 0 -0.04661357 -0.03739839 0 -0.04687958 -0.03715413 0 -0.04911798 -0.03316545 0 -0.04922902 -0.03284543 0 -0.04933929 -0.03220003 0 -0.04950666 -0.03121984 0 -0.0423913 -0.03991657 0 -0.044236 -0.03918188 0 -0.0442692 -0.0391677 0 -0.04507362 -0.03864699 0 -0.0456826 -0.038253 0 -0.04588019 -0.03807157 0 -0.04727053 -0.0366556 0 -0.0478875 -0.03586858 0 -0.04836308 -0.03499895 0 -0.04868721 -0.03440648 0 -0.0487917 -0.03410536 0 0.03995478 0.04664021 0 0.0353775 0.04165828 0 0.03993225 0.04616671 0 0.03623312 0.04180639 0 -0.04950845 -0.03120929 0 -0.04194509 0.04621791 0 -0.041233 0.04735517 0 -0.04057395 0.04887336 0 0.03977525 0.04531258 0 0.03947269 0.0444985 0 0.03780412 0.0425316 0 0.03903388 0.04374897 0 0.03847211 0.0430867 0 0.03705018 0.0421006 0.03147995 -0.02813822 0.04615265 0.03196418 -0.0276938 0.04618453 0.0319541 -0.02845889 0.0456416 0.03093606 -0.02863752 0.04611682 0.03500187 -0.02526587 0.04605031 0.03460961 -0.02511078 0.04637819 0.03516215 -0.02452331 0.04642665 0.0310176 -0.02530199 0.05869269 0.03263592 -0.0231468 0.05870938 0.03071296 -0.02565222 0.05871075 0.03263592 -0.0231468 0.05870938 0.03363597 -0.02169287 0.0586667 0.03436839 -0.0205053 0.0587089 0.03780019 0.01302313 0.05873495 0.03854149 0.01065725 0.05865901 0.03857845 0.01050871 0.05865854 0.0286526 -0.0437861 -0.01570177 0.02865093 -0.0437867 -0.01570343 0.02864885 -0.04378718 -0.01570427 0 -0.04051882 0.04564028 0 -0.03962177 0.04564028 0 -0.03962177 0.04722416 0 -0.04003888 0.04641449 0 -0.02773469 0.0416314 0 -0.02754515 0.0416404 0 -0.03994351 0.05915546 0 -0.02840232 0.04144728 0 -0.02807652 0.04156839 0 0.0397439 0.05935662 0 -0.02896726 0.0410465 0 -0.02870219 0.0412715 0 0.03495079 0.0416404 0 -0.02936166 0.04047721 0 -0.02918922 0.04077917 0 -0.02953815 0.03980749 0 -0.02947902 0.0401501 0 -0.04939472 0.02588933 0 -0.0495451 0.02276068 0 -0.02954512 0.03963685 0 -0.04671061 0.03754967 0 -0.04756629 0.0350784 0 -0.02954512 -0.04035949 0 -0.04571646 0.03983825 0 -0.04653239 0.03799027 0 -0.04790008 0.0341143 0 -0.04840111 0.03206312 0 -0.0495451 -0.03035956 0 -0.04391258 0.04322719 0 -0.04901266 0.02899539 0 -0.04936122 0.02658659 0 -0.04881227 0.03038012 0 -0.0400452 0.0520823 0 -0.04016798 0.05051898 0 -0.04332238 -0.03957629 0 -0.04272997 -0.03983181 0 -0.04142552 -0.04015797 0 -0.04115229 -0.04022628 0 -0.04044222 -0.04028517 0 -0.03954511 -0.04035949 0 -0.04687958 -0.03715413 0 -0.04661357 -0.03739839 0 -0.04922902 -0.03284543 0 -0.04911798 -0.03316545 0 -0.04933929 -0.03220003 0 -0.04950666 -0.03121984 0 -0.0423913 -0.03991657 0 -0.044236 -0.03918188 0 -0.0442692 -0.0391677 0 -0.04507362 -0.03864699 0 -0.0456826 -0.038253 0 -0.04588019 -0.03807157 0 -0.04727053 -0.0366556 0 -0.0478875 -0.03586858 0 -0.04836308 -0.03499895 0 -0.04868721 -0.03440648 0 -0.0487917 -0.03410536 0 0.03995478 0.04664021 0 0.0353775 0.04165828 0 0.03993225 0.04616671 0 0.03623312 0.04180639 0 -0.04950845 -0.03120929 0 -0.04194509 0.04621791 0 -0.041233 0.04735517 0 -0.04057395 0.04887336 0 0.03780412 0.0425316 0 0.03947269 0.0444985 0 0.03977525 0.04531258 0 0.03903388 0.04374897 0 0.03847211 0.0430867 0 0.03705018 0.0421006 -0.03147995 -0.02813822 0.04615265 -0.03196418 -0.0276938 0.04618453 -0.0319541 -0.02845889 0.0456416 -0.03093606 -0.02863752 0.04611682 -0.03500187 -0.02526587 0.04605031 -0.03460961 -0.02511078 0.04637819 -0.03516215 -0.02452331 0.04642665 -0.0310176 -0.02530199 0.05869269 -0.03071296 -0.02565222 0.05871075 -0.03263592 -0.0231468 0.05870938 -0.03263592 -0.0231468 0.05870938 -0.03436839 -0.0205053 0.0587089 -0.03363597 -0.02169287 0.0586667 -0.03780019 0.01302313 0.05873495 -0.03854149 0.01065725 0.05865901 -0.03857845 0.01050871 0.05865854 -0.0286526 -0.0437861 -0.01570177 -0.02865093 -0.0437867 -0.01570343 -0.02864885 -0.04378718 -0.01570427 0.02849185 -0.04481732 0.02410686 0.02842789 -0.0448932 0.02377915 0.02855527 -0.04473912 0.02443349 0.02599275 -0.0448209 0.02806878 0.02621179 -0.04475849 0.02802693 0.02557843 -0.04494088 0.02815061 0.02793973 -0.02735519 0.0596379 0.03000813 -0.0250647 0.0596379 0.02929633 -0.0258522 0.05964028 0.03345096 0.02185642 0.05873775 0.0341866 0.02072185 0.05871331 0.03514099 0.01903468 0.05873453 0.03345096 0.02185642 0.05873775 0.03299278 0.02257055 0.05872803 0.0327773 0.02286708 0.05873078 -0.02855527 -0.04473912 0.02443349 -0.02842789 -0.0448932 0.02377915 -0.02849185 -0.04481732 0.02410686 -0.02557843 -0.04494088 0.02815061 -0.02621179 -0.04475849 0.02802693 -0.02599275 -0.0448209 0.02806878 -0.02929633 -0.0258522 0.05964028 -0.03000813 -0.0250647 0.0596379 -0.02793973 -0.02735519 0.0596379 -0.0327773 0.02286708 0.05873078 -0.03299278 0.02257055 0.05872803 -0.03345096 0.02185642 0.05873775 -0.03345096 0.02185642 0.05873775 -0.03514099 0.01903468 0.05873453 -0.0341866 0.02072185 0.05871331 0.02366155 -0.0465613 0.02185726 0.02365022 -0.0465635 0.02186465 0.02363681 -0.0465691 0.02183848 0.02310431 -0.04588782 0.02742165 0.0229603 -0.04595965 0.0272789 0.02319508 -0.0458554 0.02745121 0.02731055 -0.04547309 0.02220648 0.02731597 -0.04547172 0.02220559 0.02748543 -0.04540038 0.02235811 0.0275551 -0.04537165 0.0224173 0.02764928 -0.04532819 0.02252215 0.02777427 -0.04527103 0.02265578 0.0277692 -0.04527217 0.02266049 0.02814161 -0.04507756 0.02319109 0.02812939 -0.04508048 0.0231989 0.02806752 -0.04511868 0.02307856 0.02797216 -0.04517376 0.02291345 0.0279408 -0.04518729 0.02288311 0.02780127 -0.04525715 0.02269738 0.02778369 -0.04526531 0.02267718 0.0282815 -0.04498642 0.02349448 0.02828878 -0.04498696 0.02348339 0.0283885 -0.04490226 0.0237962 0.02840507 -0.04489958 0.02378976 0.0284388 -0.04486268 0.02393758 0.02849185 -0.04481732 0.02410686 0.02852731 -0.04475778 0.02437186 0.02854788 -0.04474139 0.02443176 0.02853333 -0.04475069 0.02440118 0.02856868 -0.04462659 0.0250082 0.02854359 -0.04461669 0.02509301 0.02856886 -0.04462695 0.02500551 0.02856159 -0.04465299 0.02487689 0.02857047 -0.04463338 0.02496922 0.02857178 -0.04464101 0.02492767 0.02777105 -0.0444687 0.02701199 0.0278306 -0.04446518 0.02693939 0.02783215 -0.04446417 0.02694076 0.0278632 -0.04446309 0.02689957 0.02793502 -0.04446011 0.02680695 0.02800291 -0.04446065 0.02670115 0.02803087 -0.04445928 0.02666777 0.02812856 -0.04446452 0.02649348 0.02819919 -0.04446643 0.02637505 0.02819132 -0.04447025 0.02637118 0.02738207 -0.04449909 0.02744519 0.02735978 -0.04451459 0.0274145 0.02754235 -0.04448825 0.0272625 0.0276851 -0.04446041 0.02717119 0.02770948 -0.04447221 0.02708715 0.02785569 -0.0444507 0.02696067 0.02621179 -0.04475849 0.02802693 0.02641201 -0.04470849 0.02794992 0.02651858 -0.04468053 0.0279197 0.02681297 -0.04461383 0.02777916 0.02681452 -0.04461276 0.02778249 0.0268169 -0.044613 0.02777749 0.0270189 -0.04457312 0.02765649 0.02599275 -0.0448209 0.02806878 0.0262075 -0.0447632 0.02800798 0.0263468 -0.04472595 0.02796846 0.02493768 -0.04515081 0.02815318 0.0249685 -0.04514247 0.0281403 0.02557843 -0.04494088 0.02815061 0.02556598 -0.04494708 0.028135 0.02401459 -0.04549789 0.027929 0.02431929 -0.04538029 0.02801662 0.0243135 -0.0453794 0.02803379 0.02442878 -0.0453372 0.0280537 0.02494019 -0.04515266 0.02813559 0.02291256 -0.04599565 0.02717918 0.02271068 -0.04608428 0.0270313 0.02296668 -0.04596835 0.02723371 0.02320778 -0.04585355 0.02743452 0.0233795 -0.04577171 0.02757751 0.02345335 -0.0457369 0.02763628 0.02373427 -0.04561716 0.02778279 0.02372711 -0.04561746 0.02779603 0.02384549 -0.0455687 0.02784717 0.02392709 -0.04553478 0.02788388 0.02191728 -0.0466206 0.02524918 0.02195882 -0.04661148 0.02524209 0.02193236 -0.04660046 0.02535402 0.02198207 -0.04658836 0.025348 0.0219596 -0.0465641 0.02554327 0.02206563 -0.04650497 0.02572953 0.02206927 -0.04647451 0.02589905 0.02212256 -0.04646372 0.02587747 0.02211868 -0.04643428 0.02605921 0.02225786 -0.04636579 0.0262292 0.0223369 -0.04629349 0.02650076 0.0223934 -0.0462839 0.02646458 0.02236545 -0.04627519 0.02655822 0.02254962 -0.04618918 0.02673619 0.0226925 -0.0460934 0.0270133 0.0226671 -0.0461266 0.0268796 0.02275687 -0.04607868 0.02698916 0.0220015 -0.0467844 0.02390491 0.02203989 -0.04677349 0.02391487 0.02198249 -0.04678267 0.02396088 0.0220071 -0.04676628 0.02404195 0.02189165 -0.0467385 0.024486 0.02193385 -0.04672217 0.02452558 0.02189028 -0.0467261 0.02457535 0.02193385 -0.04671478 0.02457708 0.0218836 -0.04666572 0.02501505 0.02193385 -0.0466513 0.02502363 0.02195638 -0.04661417 0.02523052 0.02228659 -0.04678159 0.02329105 0.02222687 -0.04678589 0.02339679 0.02215069 -0.04679787 0.0234642 0.02212858 -0.04678028 0.02366209 0.02205127 -0.04677593 0.0238704 0.0228182 -0.04672396 0.02251213 0.02264708 -0.04674702 0.0227279 0.02261716 -0.04675716 0.02270245 0.02249938 -0.04676699 0.02291405 0.02225166 -0.04679238 0.02327269 0.0223059 -0.0467897 0.02316969 0.02240157 -0.04678452 0.02298808 0.02272891 -0.04674309 0.02255433 0.02308362 -0.046682 0.02221536 0.0231083 -0.04667258 0.02224659 0.02312666 -0.04667448 0.02217423 0.0232234 -0.04665219 0.02214121 0.02318882 -0.04666185 0.02213191 0.02358531 -0.04658097 0.02186208 0.02413177 -0.04645258 0.02165091 0.02408969 -0.04646569 0.02162981 0.0241636 -0.04644519 0.02163696 0.02554523 -0.04607558 0.0214622 0.02554148 -0.04607385 0.02149438 0.02523338 -0.04616427 0.02146553 0.0242576 -0.0464214 0.02161306 0.02425038 -0.04642546 0.02158653 0.02466809 -0.04631817 0.02150887 0.02462846 -0.04633092 0.02148479 0.02489608 -0.04625618 0.02149128 0.02489393 -0.04625946 0.02145898 0.02515012 -0.04619038 0.021434 0.0273354 -0.04547011 0.02217376 0.02726101 -0.04549312 0.02216738 0.02685719 -0.04565143 0.02185565 0.02680677 -0.04566526 0.02187138 0.0257914 -0.04600048 0.02151787 0.02574688 -0.04601699 0.02147638 0.02617388 -0.04587936 0.02161669 0.02618318 -0.04587948 0.02158558 0.0262981 -0.04584008 0.02164888 0.02632308 -0.04583531 0.02162045 0.02677118 -0.04567748 0.02185595 0.02678698 -0.04567569 0.02182471 0.02679729 -0.04567211 0.02182918 0.02842181 -0.04448103 0.0259642 0.02828258 -0.04445421 0.02629989 0.02834016 -0.04448658 0.0260694 0.02823925 -0.0444746 0.02627778 0.02856856 -0.04462599 0.02501076 0.02857017 -0.04461437 0.02507042 0.02856326 -0.04461169 0.02509385 0.02856689 -0.04461073 0.02509385 0.02852153 -0.04455983 0.02542471 0.02847909 -0.04451119 0.0257371 0.02844709 -0.04451787 0.02575117 0.02847397 -0.04450851 0.02575773 0.02842491 -0.04448258 0.02595186 0.02827787 -0.04448288 0.02617776 0.02841377 -0.04451245 0.02582526 0.02843165 -0.04452246 0.02574753 0.02852189 -0.04457277 0.02535486 0.02842789 -0.0448932 0.02377915 0.02741932 -0.04543489 0.02224361 0.02743619 -0.04542779 0.0222578 0.02780139 -0.04526567 0.02263057 0.02781838 -0.04525816 0.02264779 0.02815681 -0.04508113 0.0231359 0.02817308 -0.04507052 0.023171 0.0284084 -0.04491692 0.02367848 0.0284211 -0.0449016 0.02374339 0.02317738 -0.0458545 0.02747285 0.02359187 -0.0456658 0.02776288 0.02371329 -0.04561489 0.02782011 0.02409428 -0.04545557 0.02799946 0.02430468 -0.04537492 0.02805668 0.02466565 -0.0452367 0.02815485 0.02493286 -0.04514396 0.02817827 0.02557849 -0.04493165 0.02817738 0.02535259 -0.0450021 0.02819615 0.02524238 -0.04503649 0.02820539 0.02582401 -0.04485511 0.02815681 0.02719789 -0.04453796 0.02754902 0.02730011 -0.04450953 0.02751928 0.02685147 -0.04459303 0.02780818 0.02683013 -0.0445981 0.02781748 0.02639317 -0.0446996 0.02800959 0.02621799 -0.04474759 0.02805489 0.02827787 -0.04445338 0.02631098 0.02823138 -0.04445129 0.02639085 0.02806717 -0.04444438 0.02667236 0.02801078 -0.04444193 0.02676916 0.03722256 -0.03054517 0.0142855 0.03722351 -0.0305373 0.01428288 0.03721868 -0.03045988 0.01428407 0.03722631 -0.03048175 0.0142619 0.03722745 -0.03046011 0.01425361 0.03722941 -0.0304206 0.01423877 0.03723186 -0.03037345 0.01422095 0.03719085 -0.03028899 0.01427298 0.03721839 -0.03045099 0.01428383 0.03722959 -0.03035366 0.01421207 0.03722232 -0.03028988 0.01418316 0.0371896 -0.0302813 0.01427257 0.03722095 -0.0302779 0.01417768 0.03721153 -0.03019535 0.01414018 0.03713613 -0.03012573 0.01425153 0.03720849 -0.03018516 0.0141347 0.03719139 -0.03012698 0.01410293 0.03713399 -0.03011929 0.01425063 0.03717619 -0.03007572 0.0140751 0.0370559 -0.02997499 0.01421993 0.03716641 -0.03004258 0.01405698 0.03713333 -0.0299772 0.01401358 0.03705322 -0.0299701 0.01421892 0.0370993 -0.02990949 0.01396888 0.03695279 -0.02984166 0.01417928 0.03709203 -0.02989536 0.0139594 0.03705257 -0.0298438 0.0139172 0.03694999 -0.02983808 0.01417821 0.03700137 -0.02977722 0.01386255 0.03682965 -0.02972936 0.01413089 0.03695017 -0.0297324 0.0138151 0.03682702 -0.0297271 0.01412981 0.03693467 -0.02971869 0.01380068 0.03669029 -0.02964162 0.01407605 0.03688526 -0.02967548 0.0137549 0.03683096 -0.02964448 0.01370942 0.03668808 -0.02964031 0.01407521 0.03676277 -0.02960562 0.0136522 0.0365374 -0.02958059 0.01401597 0.0367453 -0.02959811 0.01363831 0.03669846 -0.02958399 0.01360213 0.03661519 -0.02955859 0.01353806 0.03637951 -0.02954953 0.01395386 0.03655678 -0.02955299 0.01349556 0.03647768 -0.02954512 0.01343792 0.03629189 -0.02954512 0.01391935 0.0137664 -0.0485931 -0.02768969 0.01373189 -0.04859787 -0.0277009 0.01381129 -0.0485869 -0.02767807 0.01443433 -0.04849797 -0.0274496 0.01550436 -0.04833585 0.02041578 0.01193434 -0.0488258 -0.02835619 0.01273202 -0.0487312 -0.02808558 0.01372003 -0.04859948 -0.02770179 0.01372599 -0.04859858 -0.02770167 0.01565605 -0.04830956 -0.0269277 0.01604753 -0.04824918 -0.02676051 0.01699489 -0.04808908 0.02004539 0.01550322 -0.04833602 0.0204246 0.01550143 -0.04833632 0.02042818 0.01079493 -0.0489608 -0.02874255 0.01549702 -0.0483371 0.02043426 0.01548951 -0.04833829 0.02044183 0.01547288 -0.04834079 0.02045488 0.01542115 -0.04834896 0.02048528 0.01492077 -0.04842519 0.0206716 0.01472735 -0.04845476 0.02074348 0.01353788 -0.04862457 0.0210821 0.012102 -0.04881018 0.0214042 0.01135879 -0.04889541 0.0215224 0.01079481 -0.04896008 0.02161198 0.01069897 -0.04897111 0.0216273 0.01018995 -0.0490247 0.02166491 0.0101158 -0.04903215 0.02165919 0.01007938 -0.04903578 0.02164518 0.01007676 -0.04903638 0.02164155 0.01008677 -0.04903519 0.02165049 0.01009553 -0.04903423 0.02165418 0.004552364 -0.04943799 0.02250462 0.004552364 -0.04943794 -0.03006786 0.006079912 -0.04935938 -0.0298528 0.00616163 -0.04935508 -0.02984136 0.008067905 -0.04921799 -0.02946382 0.004943907 -0.04942286 0.0224688 0.009446859 -0.04909795 -0.0291292 0.00817883 -0.04921019 -0.02944189 0.007648468 -0.04924917 0.02208137 0.007395327 -0.0492714 0.02212727 0.009472429 -0.04909557 -0.02913087 0.009593486 -0.04908388 -0.02910608 0.009450197 -0.04909759 -0.0291326 0.009455144 -0.04909718 -0.02913266 0.00994724 -0.04904913 -0.029015 0.01002985 -0.04904067 -0.02898955 0.01068109 -0.04897308 -0.0287894 0.01077663 -0.04896277 -0.02875286 0.01078569 -0.04896169 -0.02874577 7.59905e-4 -0.04954218 0.02275246 0 -0.0495451 0.02276068 0 -0.0495451 -0.03035956 0.002038002 -0.04952412 -0.03030276 0.002061188 -0.04952389 -0.03030198 0.004067361 -0.04946196 -0.0301333 0.004115045 -0.04946047 -0.03012937 0.003862082 -0.04946488 0.0225681 0.002819359 -0.04950535 0.02266377 0.01699447 -0.04808706 -0.02627801 0.01743078 -0.04801231 -0.02605575 0.01770228 -0.04796588 -0.02591735 0.01901245 -0.04772108 -0.02512603 0.01911735 -0.04770022 -0.02505296 0.02013891 -0.04749619 -0.0243411 0.02234846 -0.0470159 0.01870071 0.02064067 -0.04739177 -0.02390098 0.0206694 -0.04738545 -0.0238794 0.02190208 -0.04711288 0.01881307 0.02010911 -0.04750239 0.0192641 0.01839959 -0.04782658 0.01969319 0.02057492 -0.04740566 -0.02399438 0.01715558 -0.04806256 0.02000546 0.02221482 -0.04704618 -0.02272301 0.02224278 -0.0470401 -0.02270221 0.02312618 -0.04682403 0.01850932 0.02312785 -0.04683089 -0.02194136 0.02367049 -0.04670268 -0.02147489 0.02375245 -0.04668325 -0.0214045 0.02504032 -0.04635828 -0.02015078 0.02516895 -0.04632598 -0.02002555 0.02632004 -0.04601818 -0.01875501 0.02648687 -0.04597359 -0.01857101 0.02750533 -0.04568696 -0.01729226 0.02770119 -0.0456317 -0.01704627 0.02859795 -0.04536849 -0.01577109 0.02864342 -0.0453552 -0.01570636 0.02872043 -0.04533207 -0.0156238 0.0289644 -0.04525858 -0.01528918 0.0291711 -0.04519516 -0.01496618 0.0290082 -0.04524528 0.0165227 0.02886193 -0.04528951 0.01713246 0.02554118 -0.04622828 0.01791507 0.0321387 -0.04423993 -0.008342504 0.03213775 -0.04424023 -0.008338332 0.0321356 -0.04424095 -0.008334517 0.02964657 -0.04504919 -0.01422333 0.03065729 -0.04472982 -0.0116505 0.02972769 -0.04502421 -0.01409649 0.03044372 -0.04479837 -0.01281148 0.03054815 -0.04476451 -0.01259213 0.03111535 -0.04458117 -0.01140189 0.03131276 -0.04451578 -0.01089805 0.03169095 -0.04439073 -0.009932577 0.03193128 -0.04430997 -0.009151637 0.03206282 -0.04426562 -0.008723795 0.03213459 -0.0442413 -0.008400738 0.03213918 -0.04423969 -0.008352875 0.0253883 -0.04626613 0.01795268 0.02917122 -0.0451954 0.01593846 0.02956557 -0.04507458 0.01452559 0.02980011 -0.04500102 0.01383739 0.0323981 -0.04415112 -0.007364988 0.03101879 -0.0446127 0.01062417 0.03260809 -0.04407936 -0.006589293 0.03281241 -0.04400837 -0.005573332 0.03327929 -0.04384547 -0.001933515 0.0322597 -0.04419845 0.007148504 0.03327459 -0.04384708 -0.002140045 0.03319746 -0.0438739 -0.003066778 0.03327435 -0.04384696 0.001420497 0.03324341 -0.04385787 0.001733124 0.03328937 -0.04384183 -9.971e-5 0.03310108 -0.04390788 0.003176808 0.03303813 -0.04392969 0.003556907 0.03281188 -0.04400885 0.004924774 0.03270936 -0.04404413 0.005364358 0.03329902 -0.04383856 -0.001075088 0.03240662 -0.04414856 0.006662309 0.03310483 -0.04390645 -0.003760278 0.03188782 -0.04432463 0.00837785 0.03169137 -0.04439008 0.008902192 0.03296208 -0.04395639 -0.004830062 0.03125125 -0.04453659 0.01007676 0.0302363 -0.04486441 0.01255828 0.02842032 -0.02954512 0.02897429 0.0341416 -0.02954512 0.02563768 0.03417968 -0.02954512 0.0236839 0.03720968 -0.02954512 0.01413452 0.03722518 -0.02954512 0.01417857 0.0374431 -0.02954512 0.01371198 0 -0.02954512 0.03963685 0.0212416 -0.02954512 0.03352838 0.02270072 -0.02954512 0.03257465 0.03723222 -0.02954512 0.0142396 0.0372315 -0.02954512 0.01421231 0.03722923 -0.02954512 0.01426279 0.03722256 -0.02954512 0.0142855 0.02518105 -0.02954512 0.0309422 0.02550137 -0.02954512 0.03074759 0.02836012 -0.02954512 0.02901089 0.03418666 -0.02954512 0.02360051 0.03434056 -0.02954512 0.02174109 0.03445249 -0.02954512 0.02097809 0.03555089 -0.02954512 0.01602095 0.03561311 -0.02954512 0.01584059 0 -0.02954512 -0.04035949 0.03615528 -0.02954512 0.01427292 0.01328551 -0.02954512 0.03736329 0.01515638 -0.02954512 0.03665739 0.03462386 -0.02954512 0.01981061 0.0349254 -0.02954512 0.01838499 0.0350281 -0.02954512 0.01789909 0.01602566 -0.02954512 0.03627306 0.0171824 -0.02954512 0.03576159 0.01868391 -0.02954512 0.03499627 0.03709936 -0.02954512 0.0139696 0.0371145 -0.02954512 0.01398545 0.002220094 -0.02954512 0.03957587 0.004427254 -0.02954512 0.03939229 0.004681885 -0.02954512 0.0393567 0.007594466 -0.02954512 0.03889542 0.008822858 -0.02954512 0.03865385 0.001742362 -0.02954512 0.03958898 0.01046818 -0.02954512 0.03823381 0.01096838 -0.02954512 0.03810608 3.414e-6 -0.02954512 0.03963685 0.01308351 -0.02954512 0.0374394 0.01913958 -0.02954512 0.03476405 0.02105075 -0.02954512 0.03365314 0.03717851 -0.02954512 0.0140751 0.006630659 -0.02954512 0.03908509 0.0179702 -0.02954512 -0.03609573 0.01383936 -0.02954512 -0.0378893 0.009533166 -0.02954512 -0.03920698 0.03173899 -0.02954512 -0.02470368 0.0288015 -0.02954512 -0.028117 0.02549898 -0.02954512 -0.03117847 0.02187317 -0.02954512 -0.03384929 0.005106091 -0.02954512 -0.04003232 6.14389e-4 -0.02954512 -0.04035478 0.03878748 -0.02954512 0.009414136 0.03964018 -0.02954512 0.004992306 0.0363751 -0.02954512 -0.01699841 0.03999066 -0.02954512 5.02639e-4 0.0398342 -0.02954512 -0.003997862 0.0391727 -0.02954512 -0.008452415 0.03801482 -0.02954512 -0.01280421 0.03696388 -0.02954512 0.01382619 0.03693419 -0.02954512 0.01380252 0.03427428 -0.02954512 -0.02098172 0.002372682 -0.03942793 0.05964028 0.003394067 -0.03954887 0.05940079 0.003371894 -0.03932648 0.05964028 0.002195477 -0.03944593 0.05964028 0.002316892 -0.03997033 0.05909848 0.03829091 -0.01160687 0.05863887 0.03825706 -0.01159662 0.05867439 0.03820651 -0.0118612 0.05863893 0.0381962 -0.01185876 0.05870336 0.03782397 -0.01301485 0.0586397 0.03759217 -0.01371359 0.05864006 0.03715991 -0.01484209 0.0587089 0.03714776 -0.01483726 0.05864197 0.03587615 -0.01772886 0.0587089 0.0361815 -0.01706671 0.05864703 0.03677153 -0.01578849 0.05864346 0.03479033 -0.01978415 0.05865687 0.03583663 -0.01781404 0.05864918 0.03587591 -0.01772886 0.05864888 0.03363597 -0.02169287 0.0586667 0.03410637 -0.02091509 0.05866277 0.03436839 -0.0205053 0.0587089 0.03435808 -0.02049899 0.0586605 0.0310176 -0.02530199 0.05869269 0.03162366 -0.02451378 0.05868649 0.03263592 -0.0231468 0.05870938 0.03071296 -0.02565222 0.05871075 0.03071457 -0.0256536 0.05869597 0.03237706 -0.02353394 0.05867862 0.03263986 -0.0231496 0.0586763 0.0280143 -0.02859681 0.05872642 0.02859437 -0.02799499 0.05871975 0.02858632 -0.02798718 0.05886608 0.02876305 -0.02782005 0.05871772 0.02956169 -0.0269913 0.05870848 0.02977442 -0.0267446 0.05870628 0.03070259 -0.0256437 0.05886608 0.02629172 -0.03015619 0.05886608 0.02637976 -0.03011351 0.05874609 0.02466332 -0.03153663 0.05876785 0.02555865 -0.03079438 0.05875653 0.02630692 -0.03017383 0.05874717 0.02383315 -0.03213745 0.05886608 0.02384078 -0.03214788 0.0587787 0.02127891 -0.03391551 0.05881279 0.02204966 -0.03340256 0.05880242 0.02122581 -0.03391844 0.05886608 0.02303212 -0.03274863 0.05878919 0.01846385 -0.03544545 0.05901759 0.019315 -0.03507268 0.05884003 0.0198729 -0.03474408 0.05883228 0.01728928 -0.0361157 0.0588687 0.01827478 -0.03560829 0.05885469 0.01849025 -0.0354973 0.05885171 0.01308518 -0.0378443 0.05893033 0.01428288 -0.0373913 0.05891269 0.01561218 -0.03679221 0.05901759 0.01521039 -0.03704035 0.05889892 0.01563686 -0.03685069 0.05889272 0.01092046 -0.03852558 0.05896288 0.01268112 -0.03797143 0.05893629 0.01264041 -0.03784209 0.05915951 0.01287233 -0.03791123 0.05893349 0.009647846 -0.0388481 0.05898237 0.01012039 -0.03872829 0.05897516 0.009617805 -0.03872179 0.05915951 0.0042575 -0.03981792 0.05906695 0.005836725 -0.03960359 0.05904179 0.006519854 -0.03926855 0.0592885 0.003403723 -0.03966075 0.0592885 0.003418505 -0.03988385 0.0590806 0.006499648 -0.03951352 0.05903118 0.006560564 -0.03950172 0.05903035 0.007281959 -0.03936189 0.05901902 0 -0.03994351 0.05915546 2.60551e-4 -0.03995025 0.0591486 1.62282e-4 -0.03990674 0.05919122 2.65402e-4 -0.03995037 0.05914855 2.56913e-4 -0.0398854 0.05921208 0.001484096 -0.03998166 0.05911689 0.001163244 -0.03967988 0.05941236 0.001889467 -0.03999209 0.0591064 0.00200361 -0.03999495 0.05910348 0.007060885 -0.03877109 0.05964028 0.006581783 -0.03887516 0.05964028 0.006501436 -0.03915768 0.05940079 0.006458938 -0.03889465 0.05964028 0.004381418 -0.03922402 0.05964028 0.00953722 -0.03839761 0.05949413 0.009485065 -0.03820288 0.05964028 0.008795201 -0.03839415 0.05964028 0.01091998 -0.0378049 0.05964028 0.01253443 -0.03752523 0.05949413 0.0121771 -0.03737926 0.05964028 0.01248949 -0.0373907 0.0595659 0.01245397 -0.0372855 0.05964028 0.01533591 -0.03614872 0.05964028 0.0151202 -0.03624999 0.05964028 0.0153982 -0.03628844 0.0595659 0.0130434 -0.03708595 0.05964028 0.01829653 -0.0346778 0.05964028 0.01811385 -0.03477615 0.05964028 0.01821058 -0.03496009 0.0595659 0.01712203 -0.0353108 0.05964028 0.0209096 -0.0334137 0.0595659 0.02082926 -0.03328543 0.05961418 0.01959013 -0.03403043 0.05961418 0.01909035 -0.03424996 0.05964028 0.02078336 -0.03321158 0.05964028 0.02098643 -0.03308707 0.05964028 0.02338778 -0.03153777 0.05961418 0.0233103 -0.03143429 0.05964028 0.0228067 -0.03182613 0.05964028 0.02622681 -0.02900981 0.05964028 0.02569526 -0.02947288 0.05964028 0.0258004 -0.02959352 0.05961418 0.02455705 -0.03046447 0.05964028 0.02792602 -0.0273422 0.05964028 0.02781289 -0.0274651 0.05964028 0.02793973 -0.02735519 0.0596379 0.02716708 -0.02809417 0.05964028 0.02805215 -0.0274651 0.05961418 0.03000813 -0.0250647 0.0596379 0.02996999 -0.02503317 0.05964028 0.02929633 -0.0258522 0.05964028 0.03200531 -0.02236545 0.05964028 0.03184378 -0.0225858 0.05964028 0.0318892 -0.02261817 0.0596379 0.030698 -0.02414828 0.05964028 0.03357148 -0.02003085 0.0596379 0.03350937 -0.01999413 0.05964028 0.03318387 -0.02055877 0.05964028 0.03504419 -0.01731878 0.0596379 0.03497356 -0.01728379 0.05964028 0.03428333 -0.01865166 0.05964028 0.03622758 -0.01447099 0.05964028 0.03612649 -0.0147413 0.05964028 0.03629809 -0.01449888 0.0596379 0.03527337 -0.01668983 0.05964028 0.03689575 -0.01268309 0.05964028 0.03730988 -0.0115903 0.05961078 0.03725498 -0.01156699 0.05964028 0.0373696 -0.01132917 0.05960398 0.03733503 -0.0113188 0.05964028 0.0374273 -0.01163965 0.05955719 0.03743839 -0.01134979 0.0595321 0.03738451 -0.0113337 0.05958849 0.03755629 -0.0113855 0.0594086 0.0375514 -0.01138395 0.05941367 0.03755229 -0.01168769 0.0595023 0.03749579 -0.0113672 0.05947196 0.03745591 -0.01135516 0.0595135 0.03761917 -0.01140433 0.05934268 0.03767579 -0.01173156 0.05943036 0.03765332 -0.0114147 0.0593068 0.0376839 -0.01142382 0.05927485 0.03779363 -0.01176965 0.05934089 0.0377497 -0.01144379 0.05920577 0.03788286 -0.01148378 0.05906635 0.03786695 -0.01147902 0.0590831 0.03790259 -0.011801 0.05923449 0.0378164 -0.01146388 0.05913609 0.03775948 -0.01144665 0.05919563 0.0379486 -0.01150369 0.05899739 0.03799957 -0.01182478 0.05911368 0.0379731 -0.01151102 0.05897188 0.03801333 -0.01152318 0.05892968 0.03808254 -0.01184129 0.05898153 0.03807502 -0.0115419 0.05886495 0.03814929 -0.0118516 0.05884248 0.03813636 -0.01156038 0.05880069 0.03824698 -0.01159363 0.05868482 0.03819358 -0.01157748 0.05874085 0.03817051 -0.01157069 0.05876499 0.009568274 -0.0385226 0.05940079 0.009595394 -0.03863149 0.0592885 0.00872302 -0.0390824 0.05899649 0.01261097 -0.03775388 0.0592885 0.01257532 -0.0376473 0.05940079 0.01558429 -0.03672647 0.05915951 0.01554787 -0.03664088 0.0592885 0.015504 -0.0365374 0.05940079 0.01545363 -0.03641897 0.05949413 0.0184307 -0.03538209 0.05915951 0.01838779 -0.03529953 0.0592885 0.01833581 -0.03519994 0.05940079 0.01827627 -0.03508579 0.05949413 0.02098488 -0.03353399 0.05949413 0.02105337 -0.033643 0.05940079 0.02111291 -0.03373819 0.0592885 0.02116239 -0.03381705 0.05915951 0.02120029 -0.03387767 0.05901759 0.02123808 -0.03393959 0.05881339 0.02380448 -0.03209882 0.05901759 0.0237618 -0.03204149 0.05915951 0.02370631 -0.0319668 0.0592885 0.0236395 -0.03187656 0.05940079 0.02356261 -0.0317732 0.05949413 0.02347815 -0.03165936 0.0595659 0.02626013 -0.03011995 0.05901759 0.0262131 -0.03006619 0.05915951 0.02615195 -0.02999603 0.0592885 0.0260781 -0.02991139 0.05940079 0.0259934 -0.02981448 0.05949413 0.02590006 -0.02970767 0.0595659 0.02855199 -0.02795356 0.05901759 0.02850085 -0.02790349 0.05915951 0.02843421 -0.0278384 0.0592885 0.02835392 -0.0277599 0.05940079 0.02826189 -0.02767008 0.05949413 0.02816045 -0.0275709 0.0595659 0.03066569 -0.02561289 0.05901759 0.03061074 -0.02556717 0.05915951 0.03053927 -0.0255075 0.0592885 0.0304529 -0.02543568 0.05940079 0.0303542 -0.02535319 0.05949413 0.03024518 -0.02526235 0.0595659 0.03012889 -0.02516531 0.05961418 0.03262728 -0.02314049 0.05886608 0.032588 -0.02311277 0.05901759 0.03252965 -0.0230714 0.05915951 0.03245359 -0.02301776 0.0592885 0.03236198 -0.02295285 0.05940079 0.03225696 -0.0228784 0.05949413 0.03214108 -0.02279645 0.0595659 0.03201752 -0.02270895 0.05961418 0.03434818 -0.02049332 0.05886608 0.034307 -0.02046877 0.05901759 0.03424555 -0.02043217 0.05915951 0.03416556 -0.02038455 0.0592885 0.03406906 -0.02032709 0.05940079 0.03395849 -0.02026122 0.05949413 0.0338366 -0.02018862 0.0595659 0.03370642 -0.02011126 0.05961418 0.03585505 -0.01771849 0.05886608 0.03581196 -0.01769727 0.05901759 0.03574782 -0.01766568 0.05915951 0.03566431 -0.01762443 0.0592885 0.03556352 -0.0175749 0.05940079 0.03544819 -0.01751798 0.05949413 0.03532093 -0.01745522 0.0595659 0.03518503 -0.01738828 0.05961418 0.03713816 -0.01483339 0.05886608 0.03709346 -0.01481562 0.05901759 0.03702706 -0.01478916 0.05915951 0.03694057 -0.01475477 0.0592885 0.0368362 -0.0147131 0.05940079 0.03671663 -0.0146656 0.05949413 0.03658485 -0.01461309 0.0595659 0.03644412 -0.01455706 0.05961418 0.0317915 0.0226913 0.05963665 0.03162646 0.02287 0.05964028 0.03265798 0.02133697 0.05964028 0.03894072 0.003312647 0.05963665 0.03884088 0.003304183 0.05964028 0.03893858 0.002146661 0.05964028 0.03853309 0.006501734 0.05963665 0.03844815 0.006499469 0.05964028 0.03875458 0.004328608 0.05964028 0.0378645 0.009646594 0.05963665 0.03777128 0.009622633 0.05964028 0.03799796 0.008752346 0.05964028 0.03676307 0.01300203 0.05964028 0.03686076 0.01269859 0.05964028 0.03693991 0.01272577 0.05963665 0.03743582 0.01091039 0.05964028 0.03576529 0.01571851 0.05963665 0.03569096 0.01568549 0.05964028 0.0359596 0.01509058 0.05964028 0.03434872 0.01860469 0.05963665 0.0342887 0.01857227 0.05964028 0.03502786 0.01715445 0.05964028 0.03269976 0.02136451 0.05963665 0.03288245 0.0210033 0.05964028 0.03400987 0.01910686 0.05964028 0.03082948 0.02397966 0.05963665 0.03080177 0.02395838 0.05964028 0.03037142 0.02455621 0.05963665 0.02875071 0.02643179 0.05964028 0.02885919 0.02631765 0.05964028 0.0288766 0.02654802 0.0596069 0.02988559 0.0251097 0.05964028 0.0265932 0.02883136 0.0596069 0.02648878 0.02871859 0.05964028 0.0273351 0.02792131 0.05964028 0.02403622 0.0308597 0.05964028 0.02406388 0.03083658 0.05964028 0.02412992 0.03091925 0.0596069 0.02572435 0.02943867 0.05964028 0.02159297 0.0329343 0.05954802 0.02054172 0.03333979 0.05964028 0.02150338 0.03279769 0.0596069 0.02145737 0.03272837 0.05964028 0.02227187 0.03218448 0.05964028 0.01856958 0.03451251 0.05964028 0.01871407 0.03442728 0.05964028 0.01880931 0.03459733 0.05954802 0.02045059 0.03340077 0.05964028 0.01460349 0.03643023 0.05964028 0.01583236 0.03587776 0.05964028 0.01589858 0.03602606 0.05954802 0.01661443 0.03552609 0.05964028 0.01292943 0.03735309 0.05946177 0.01284068 0.03710979 0.05964028 0.01335799 0.03691035 0.05964028 0.01595938 0.03616392 0.05946177 0.009812057 0.03828918 0.05946177 0.0105338 0.0378707 0.05964028 0.01261657 0.03719609 0.05964028 0.006840527 0.03875118 0.05964028 0.008409738 0.03842961 0.05964028 0.009756207 0.03807532 0.05964028 0.006301522 0.03886169 0.05964028 0.006650567 0.03909748 0.05935072 0.004205763 0.03917378 0.05964028 0.003410995 0.03951174 0.05935072 0.003387153 0.03924983 0.05964028 0.003432095 0.03979325 0.05909425 0.001066327 0.03955048 0.05950599 0.002025187 0.03937643 0.05964028 0.002197623 0.0398944 0.05910938 0.001471281 0.03984457 0.0591911 1.45281e-4 0.03971755 0.05937707 1.47781e-4 0.03975397 0.05934 0 0.0397439 0.05935662 0.006569564 0.0394085 0.05905562 0.006448805 0.03943145 0.05905711 0.006049156 0.03948587 0.05906206 0.004331648 0.03971958 0.05908316 0.006700754 0.03938335 0.05905401 0.006669402 0.03920829 0.05921828 0.008541822 0.0390321 0.05903142 0.009872972 0.03852725 0.05921828 0.009912848 0.03869408 0.05901461 0.01055455 0.03853577 0.05900675 0.01300972 0.03758531 0.05921828 0.01262819 0.03790909 0.05898123 0.0106039 0.03852367 0.05900615 0.0160585 0.03638887 0.05921828 0.01609379 0.0364691 0.0590685 0.01491659 0.03706145 0.05895292 0.01460838 0.03719168 0.0589568 0.01375389 0.03750121 0.05896729 0.01306682 0.03775018 0.05897569 0.01855939 0.03538841 0.05890768 0.01652765 0.03638041 0.05893296 0.01612722 0.03654968 0.0589379 0.0204423 0.0343365 0.0588845 0.01908063 0.0350973 0.0589013 0.0190404 0.03502285 0.0590685 0.02210849 0.03328418 0.05886369 0.02190506 0.03341269 0.05886626 0.02185809 0.03333926 0.0590685 0.0245651 0.03147757 0.05890578 0.02299207 0.0326693 0.05885267 0.0222643 0.03318578 0.05886179 0.02707272 0.02935189 0.05890578 0.02659976 0.02980965 0.05880767 0.02570068 0.03060555 0.05881893 0.02457898 0.0314958 0.058833 0.02401876 0.03194063 0.05883991 0.02889645 0.02761328 0.058779 0.02730548 0.02918499 0.05879878 0.02709221 0.02937376 0.05880159 0.03030878 0.02605789 0.05876129 0.02985656 0.02655589 0.05876708 0.02939713 0.02702748 0.05890578 0.02941399 0.02704328 0.05877256 0.03271776 0.02294898 0.05873149 0.03343498 0.02184599 0.05890578 0.0327773 0.02286708 0.05873078 0.03345096 0.02185642 0.05873775 0.031699 0.024351 0.05874419 0.03152275 0.02451986 0.05890578 0.03154635 0.02453833 0.05874603 0.0341866 0.02072185 0.05871331 0.03345298 0.02185779 0.05872231 0.03299278 0.02257055 0.05872803 0.03514099 0.01903468 0.05873453 0.03514719 0.01903796 0.05870133 0.03659826 0.01608568 0.05873495 0.03658938 0.01608175 0.05868345 0.03626018 0.01684236 0.0586875 0.03527683 0.01881057 0.05869972 0.03780019 0.01302313 0.05873495 0.0377981 0.0130223 0.05866837 0.03874629 0.009872257 0.05873495 0.03873699 0.009869992 0.05865657 0.03857845 0.01050871 0.05865854 0.03789508 0.0127595 0.05866718 0.0390715 0.008522987 0.05865228 0.03977572 0.004183948 0.05864328 0.0395314 0.006004095 0.05864638 0.03943032 0.006654202 0.05873495 0.03984755 0.003390908 0.05873495 0.03983819 0.003390192 0.05864238 0.03948318 0.006362915 0.05864703 0.03942781 0.006653726 0.05864775 0.03999608 1.04309e-4 0.05864036 0.03996258 0.001420259 0.05864083 0.03996551 1.07075e-4 0.0587266 0.0399481 0.001992404 0.05864089 0.0399658 -4.52e-5 0.05872201 0.03999996 -4.52e-5 0.05864036 0.03990089 -4.52e-5 0.05887758 0.03991633 1.11591e-4 0.0588864 0.03983461 -4.52e-5 0.05903685 0.03985869 1.11198e-4 0.0590474 0.0398336 -4.52e-5 0.05903929 0.03976869 -4.52e-5 0.0591948 0.03978312 1.0725e-4 0.0592004 0.03976738 -4.52e-5 0.05919808 0.03970533 -4.52e-5 0.05934679 0.03968739 1.049e-4 0.05933272 0.03970372 -4.52e-5 0.05935072 0.0395556 -4.52e-5 0.0594117 0.0395497 1.08166e-4 0.0594235 0.0395506 -4.52e-5 0.05941379 0.03939753 -4.52e-5 0.05947679 0.03940039 1.0973e-4 0.0595054 0.03939133 -4.52e-5 0.05947923 0.03923809 -4.52e-5 0.05954229 0.0392425 1.06495e-4 0.05957639 0.039231 -4.52e-5 0.05954521 0.03908199 -4.52e-5 0.05960655 0.03908497 1.00975e-4 0.05963665 0.03907418 -4.52e-5 0.05960977 0.03899586 1.00552e-4 0.05964028 0.03899997 -4.52e-5 0.05964028 0.03096449 0.0240848 0.0596069 0.0160132 0.03628599 0.05935072 0.01297307 0.03747928 0.05935072 0.009845137 0.03841859 0.05935072 0.0065943 0.03880167 0.05964028 0.0245279 0.03142988 0.0590685 0.02181005 0.03326588 0.05921828 0.02447408 0.0313608 0.05921828 0.0217486 0.03317207 0.05935072 0.02440506 0.03127217 0.05935072 0.0216754 0.03306037 0.05946177 0.02432292 0.03116697 0.05946177 0.02423036 0.03104799 0.05954802 0.01899856 0.03494572 0.05921828 0.01894491 0.03484714 0.05935072 0.01888126 0.03472971 0.05946177 0.03147512 0.02448272 0.0590685 0.0333845 0.02181285 0.0590685 0.03140598 0.0244289 0.05921828 0.03331112 0.02176487 0.05921828 0.03131735 0.02435988 0.05935072 0.03321725 0.02170336 0.05935072 0.03121215 0.0242778 0.05946177 0.03310555 0.02163022 0.05946177 0.03109323 0.02418518 0.05954802 0.03297948 0.02154779 0.05954802 0.03284287 0.0214582 0.0596069 0.02935278 0.02698653 0.0590685 0.02928829 0.02692717 0.05921828 0.02920562 0.02685111 0.05935072 0.02910745 0.02676069 0.05946177 0.0289967 0.02665865 0.05954802 0.03028738 0.02463716 0.05964028 0.02703171 0.0293076 0.0590685 0.02697235 0.02924305 0.05921828 0.02689629 0.02916043 0.05935072 0.02680593 0.02906227 0.05946177 0.02670389 0.02895146 0.05954802 0.03981631 0.003388226 0.05890578 0.03975611 0.00338304 0.0590685 0.03966873 0.00337553 0.05921828 0.03955698 0.003365874 0.05935072 0.039424 0.00335443 0.05946177 0.03927379 0.003341436 0.05954802 0.03911113 0.003327429 0.0596069 0.0393995 0.006649017 0.05890578 0.0393399 0.006638824 0.0590685 0.03925347 0.006624162 0.05921828 0.03914272 0.006605327 0.05935072 0.03901118 0.006582975 0.05946177 0.0388627 0.006557822 0.05954802 0.03870165 0.006530404 0.0596069 0.03871589 0.009864509 0.05890578 0.03865742 0.009849488 0.0590685 0.03857249 0.009827733 0.05921828 0.03846377 0.009799957 0.05935072 0.03833442 0.009766817 0.05946177 0.03818839 0.009729444 0.05954802 0.0380302 0.009688973 0.0596069 0.0377705 0.01301282 0.05890578 0.0377134 0.01299309 0.0590685 0.03763049 0.01296448 0.05921828 0.03752446 0.01292783 0.05935072 0.03739833 0.01288419 0.05946177 0.037256 0.0128349 0.05954802 0.0371015 0.01278162 0.0596069 0.03656959 0.01607292 0.05890578 0.03651428 0.01604855 0.0590685 0.03643405 0.01601326 0.05921828 0.03633123 0.01596796 0.05935072 0.0362091 0.0159142 0.05946177 0.0360713 0.0158534 0.05954802 0.03592187 0.01578748 0.0596069 0.0351212 0.01902395 0.05890578 0.03506809 0.01899516 0.0590685 0.0349909 0.01895338 0.05921828 0.03489238 0.01889973 0.05935072 0.03477501 0.01883608 0.05946177 0.03464251 0.01876413 0.05954802 0.03449898 0.01868629 0.0596069 0 -0.0400452 0.0520823 7.49887e-4 -0.04004168 0.05208283 0.03825116 -0.00788331 0.05964028 0.03868246 -0.006037414 0.05964028 0.03805947 -0.00870347 0.05964028 0.03899997 -0.004494965 0.05964028 0.0393368 -0.004527688 0.05957955 0.03861427 -0.00797075 0.05957198 0.03869658 -0.007990598 0.05953449 0.03891801 -0.008043885 0.05937749 0.03984296 -0.004934847 0.05902755 0.03988099 -0.004672825 0.05907595 0.03955388 -0.006345689 0.05903732 0.0398826 -0.004662156 0.05907791 0.03989148 -0.004581749 0.05909246 0.0398553 -0.004578113 0.0591526 0.03980469 -0.005197644 0.05897909 0.03966057 -0.00619173 0.05879545 0.03960937 -0.006357729 0.05886811 0.03962159 -0.006360352 0.0587905 0.03921788 -0.008116126 0.05881965 0.03921616 -0.008115828 0.05873852 0.0390014 -0.009045779 0.05871105 0.03877949 -0.009866833 0.05877286 0.03899246 -0.009077787 0.05871009 0.0383892 -0.01125276 0.05864888 0.03877407 -0.009865283 0.05868798 0.0388807 -0.009481012 0.05869877 0.0387237 -0.009851038 0.05896008 0.03912419 -0.008093476 0.05907821 0.03908079 -0.008082926 0.05915898 0.03898113 -0.008059084 0.0593115 0.03903806 -0.008072793 0.05923998 0.03877526 -0.008009552 0.05948942 0.03884929 -0.008027374 0.05943691 0.0385288 -0.007950127 0.05960142 0.03835177 -0.007907509 0.05963593 0.038441 -0.007929027 0.05962288 0.03908562 -0.004503369 0.05963325 0.03909379 -0.004504144 0.05963253 0.03916335 -0.004510879 0.05962681 0.03930449 -0.004524528 0.0595929 0.0392633 -0.004520595 0.05960273 0.0392549 -0.00451976 0.05960476 0.03949218 -0.004542887 0.05950778 0.03945481 -0.004539251 0.05953085 0.03942489 -0.00453639 0.05954319 0.03941619 -0.004535496 0.0595467 0.03958857 -0.004552364 0.05944871 0.03957438 -0.004550874 0.05945748 0.039707 -0.004563689 0.05934739 0.03963279 -0.004556596 0.05941075 0.03975492 -0.004568338 0.05929106 0.03981024 -0.004573643 0.05922561 0.03981757 -0.004574418 0.05921489 0.03951531 -0.006337404 0.05911743 0.03981328 -0.004573941 0.05922216 0.03916859 -0.008104205 0.05899745 0.03972846 -0.005723476 0.05888193 0.03958535 -0.006352484 0.05895406 0.03919738 -0.008111119 0.05890977 0.03876239 -0.009862244 0.05886691 0.03873658 -0.00985527 0.05895882 0.01619005 -0.03662258 0.05269652 0.01446259 -0.03732979 0.05256682 0.01428669 -0.03740173 0.05255365 0.0141614 -0.03745299 0.05254423 0.01208758 -0.038172 0.05241388 0.01112455 -0.03844791 0.05236423 0.01012188 -0.03873527 0.05231267 0.00996977 -0.0387789 0.05230486 0.009423375 -0.03890359 0.05228269 0.007817387 -0.0392701 0.05221748 0.007704198 -0.03928947 0.05221402 0.005966961 -0.03958696 0.05216169 0.005837202 -0.03960919 0.0521577 0.005640268 -0.03964287 0.05215179 0.001483023 -0.04001498 0.05208688 0.002462804 -0.03995513 0.05209738 0.003448486 -0.03989511 0.05210775 0.004218459 -0.03980648 0.05212318 0.001377344 -0.0400213 0.05208581 0.02076399 -0.03422039 0.05314999 0.0201106 -0.03462207 0.05307525 0.01768302 -0.03591239 0.05282819 0.01816946 -0.035681 0.05287098 0.01828086 -0.03562027 0.05288279 0.02367937 -0.03226321 0.05352669 0.02470815 -0.03150099 0.05367708 0.02178812 -0.03359109 0.05326718 0.0220555 -0.03341126 0.05330199 0.02286118 -0.03286939 0.05340719 0.0308029 -0.02556169 0.05493533 0.02944159 -0.02711933 0.05459046 0.02893638 -0.0276407 0.05447852 0.02876281 -0.02781975 0.0544402 0.0279982 -0.02860891 0.05427086 0.026479 -0.03002369 0.05397623 0.0264191 -0.0300737 0.0539661 0.02555721 -0.03079265 0.05382055 0.03619092 -0.01707112 0.0570333 0.03533428 -0.0187931 0.0565741 0.03123599 -0.02501136 0.05506134 0.03162616 -0.0245155 0.05517488 0.03207659 -0.0239433 0.05530589 0.03325808 -0.0222721 0.05570209 0.03330093 -0.02220416 0.05571871 0.03411322 -0.02091926 0.05603456 0.03434258 -0.02055639 0.05612379 0.0350902 -0.0192269 0.0564633 0.03768706 -0.0134384 0.0580722 0.03702527 -0.01517289 0.05756288 0.03661185 -0.01611918 0.05729848 0.03623121 -0.01699018 0.05705481 0.03782629 -0.01301568 0.0582031 0.03786128 -0.01290977 0.05823588 7.49689e-4 -0.04027289 0.04993015 7.49744e-4 -0.04017478 0.05052018 0 -0.04016798 0.05051898 7.49786e-4 -0.04010117 0.05096346 7.49747e-4 -0.04017037 0.05054688 7.49679e-4 -0.04053401 0.04900467 0 -0.04057395 0.04887336 7.49678e-4 -0.04057139 0.04887259 7.49823e-4 -0.041242 0.0473603 7.49802e-4 -0.04114097 0.04754215 0 -0.041233 0.04735517 7.49778e-4 -0.04102993 0.04774218 7.49677e-4 -0.04058808 0.04881328 7.49898e-4 -0.04158979 0.04673349 0 -0.04194509 0.04621791 7.49936e-4 -0.04194211 0.04621791 0.03898805 -0.01683408 0.0494644 0.0392012 -0.01645809 0.04906421 0.03900909 -0.01542061 0.05077129 0.03982496 -0.009583711 0.0534172 0.03992176 -0.009116947 0.05301475 0.03977519 -0.008480072 0.05510962 0.03734815 -0.01769 0.05195581 0.03707635 -0.01867139 0.05141949 0.03768163 -0.01818078 0.05089759 0.0397883 -0.005948007 0.05822259 0.03965735 -0.00760436 0.05697172 0.03984725 -0.006933808 0.05644357 0.03965651 -0.006223142 0.05877512 0.03990048 -0.004488468 0.05906438 0.03999996 -0.005189359 0.05584836 0.03999996 -0.003097236 0.05864036 0.03999269 -0.003396511 0.05873411 0.03996163 -0.006252825 0.05590707 0.03999996 -0.00557363 0.05537223 0.03998821 -0.003583312 0.05879271 0.03998512 -0.003614962 0.05880218 0.03995335 -0.003943026 0.05890077 0.03993111 -0.004172444 0.05896961 0.03754508 -0.01697891 0.05234426 0.03808879 -0.01650649 0.05186223 0.03786647 -0.01581841 0.05297833 0.0384441 -0.01480567 0.05285471 0.0378881 -0.01572829 0.05302989 0.03799957 -0.01526373 0.05329471 0.03876912 -0.01309543 0.05388927 0.03841572 -0.01352941 0.05428409 0.03815597 -0.01461201 0.05366659 0.0389527 -0.01091992 0.05582779 0.03877902 -0.01178026 0.0553168 0.03906112 -0.0113781 0.05496418 0.03865551 -0.01239246 0.05495309 0.03848081 -0.01325809 0.05443882 0.03931695 -0.009656429 0.05607825 0.0391128 -0.01001679 0.05637836 0.03902179 -0.01057738 0.0560314 0.03940069 -0.00824368 0.05747586 0.0393244 -0.008714437 0.05718439 0.03925997 -0.009111166 0.05693888 0.03962576 -0.006468832 0.05861699 0.03941017 -0.008186101 0.0575115 0.03999996 -0.008184194 0.0522108 0.03999996 -0.007339417 0.05318427 0.03949666 -0.009270787 0.05576068 0.03880095 -0.01704925 0.04969346 0.03814131 -0.01780843 0.05050128 0.03828108 -0.01764756 0.05033016 0.03858351 -0.01597809 0.0513314 0.03829956 -0.01762628 0.05030745 0.03878551 -0.01706707 0.0497123 0.03948247 -0.01322513 0.05135023 0.03968989 -0.01004505 0.05381482 0.03919559 -0.01377177 0.05187058 0.03951728 -0.01049906 0.05420625 0.03770893 -0.01815879 0.05087417 0.03930729 -0.01094388 0.0545898 0.03909069 -0.0126211 0.05346 0.03884863 -0.01429975 0.05237305 0.03993916 -0.01450222 0.04698306 0.03999996 -0.01383227 0.04626995 0.03999996 -0.01161789 0.04844379 0.03977179 -0.01517021 0.04769378 0.03986895 -0.01209056 0.05027031 0.03958588 -0.01577955 0.04834222 0.03970718 -0.0126636 0.0508157 0.0395646 -0.0158171 0.04838216 0.03955817 -0.01582849 0.0483945 0.03977411 -0.01516211 0.0476852 0.03992378 -0.01467132 0.04716295 0.03996688 -0.01150995 0.04971778 0.0399388 -0.01450639 0.04698735 0.03999996 -0.01093626 0.0491715 0.03999996 -0.009377956 0.05083525 0.03920996 -0.01644259 0.04904782 0.01775103 -0.03592908 0.05201137 0.01784902 -0.03600072 0.05115664 0.02096682 -0.03428941 0.05141621 0.004357576 -0.04057765 0.04828023 0.004317462 -0.04030358 0.0490275 0.002520263 -0.04045408 0.04901009 0.01116675 -0.0384826 0.05158782 0.003184378 -0.0418325 0.04622519 0.02532982 -0.0342521 0.04680866 0.02573072 -0.03399258 0.04682868 0.02534788 -0.03358048 0.04750692 0.02862048 -0.03190743 0.04699236 0.0288679 -0.03171527 0.04700762 0.0284084 -0.03130728 0.04769814 0.03923559 -0.009128212 0.0570535 0.03806638 -0.01264613 0.05686396 0.02377885 -0.03225922 0.05264395 0.0208469 -0.03422707 0.05230087 0.02652436 -0.03004175 0.053043 0.02906411 -0.0275945 0.0535019 0.03137999 -0.02493762 0.05402433 0.0334534 -0.0220918 0.05461466 0.03526616 -0.01907759 0.05527722 0.03680646 -0.01591998 0.05602222 0.038589 -0.01097428 0.05732548 0.03903853 -0.00928384 0.0578165 0.03890258 -0.009457111 0.05858886 0.03716415 -0.01578277 0.05470359 0.03847193 -0.0124408 0.05545049 0.0376845 -0.01572746 0.05343329 0.03602445 -0.01899021 0.05285567 0.03659772 -0.01906836 0.0517227 0.03693091 -0.01914298 0.05117309 0.03672087 -0.01982456 0.05081677 0.03458982 -0.02220141 0.05127418 0.03655278 -0.02036947 0.05053198 0.03517419 -0.02239495 0.05026495 0.03572559 -0.0223121 0.04973983 0.03636926 -0.02096486 0.0502206 0.035034 -0.02366709 0.04923576 0.03533738 -0.0230726 0.04945695 0.03559875 -0.02256053 0.04964745 0.03340762 -0.02564918 0.04900908 0.03433746 -0.0250315 0.04872798 0.03430181 -0.02509677 0.04870271 0.03077489 -0.02840787 0.0487287 0.03355157 -0.02646857 0.04816913 0.03385639 -0.02591139 0.04838579 0.0313766 -0.02963209 0.04717963 0.0318644 -0.02918928 0.04721879 0.03131008 -0.02878046 0.0479198 0.03226 -0.02883017 0.04725068 0.03324949 -0.02702075 0.04795444 0.02951908 -0.0312094 0.04704815 0.03004992 -0.03075861 0.0470857 0.03136718 -0.02964013 0.04717898 0.02606469 -0.03377646 0.04684543 0.02705293 -0.0330733 0.04690027 0.02784472 -0.03250998 0.0469442 0.02227401 -0.03611063 0.04666453 0.02245277 -0.03600609 0.0466727 0.0221377 -0.03559035 0.0473389 0.02343028 -0.03543388 0.0467171 0.02420258 -0.03498208 0.04675215 0.01901477 -0.03774565 0.04653751 0.01904249 -0.03773272 0.04653859 0.01879268 -0.03732448 0.04719328 0.02029299 -0.0371505 0.04658377 0.02133309 -0.03660458 0.04662615 0.01617532 -0.03895068 0.04644429 0.01645326 -0.03883719 0.04645311 0.01533097 -0.03877013 0.04707229 0.0182178 -0.03811675 0.04650872 0.0136187 -0.03982979 0.04637706 0.01405829 -0.0396983 0.04638701 0.01552647 -0.0391798 0.04642689 0.01051473 -0.04068565 0.04631197 0.01191192 -0.0403406 0.04633808 0.01177245 -0.03991806 0.04697686 0.01192039 -0.04033803 0.04633826 0.005369365 -0.04162251 0.04624116 0.007164955 -0.04136115 0.04626089 0.008139729 -0.04076266 0.04690712 0.007559657 -0.04130375 0.0462653 0.008237242 -0.04117107 0.04627519 0.009743332 -0.04087615 0.04629755 0.004507601 -0.04170531 0.0462349 0.004403591 -0.04091018 0.04755729 0.003625214 -0.04179012 0.0462284 0.002570331 -0.0410608 0.04754352 0.002484202 -0.04008716 0.05055469 0.004255533 -0.03993743 0.05057615 0.006018579 -0.03970968 0.05060899 0.007770001 -0.0394048 0.0506531 0.009506583 -0.03902351 0.05070847 0.01451581 -0.03735107 0.0517739 0.007958948 -0.04004168 0.04833537 0.007884562 -0.03976821 0.04908937 0.006106615 -0.0400747 0.0490539 0.008044183 -0.04037386 0.0476064 0.01163089 -0.03952908 0.04768419 0.02796107 -0.03092771 0.04848521 0.02497673 -0.03319728 0.04827272 0.02183336 -0.03520452 0.04808592 0.01854795 -0.03693693 0.04792451 0.01513981 -0.03838139 0.04779028 0.01150435 -0.03919738 0.04842269 0.009648144 -0.03938478 0.04913383 0.03283929 -0.02535778 0.04991078 0.03029775 -0.0281015 0.04959887 0.02756226 -0.03061205 0.04932487 0.0246458 -0.03287571 0.0490843 0.02156198 -0.03487902 0.0488736 0.01832956 -0.03660833 0.04869222 0.01496928 -0.03805083 0.04854166 0.0113942 -0.03892529 0.04918736 0.03234708 -0.02513879 0.0508753 0.02988409 -0.02786475 0.05052137 0.02721619 -0.0303635 0.0502091 0.02435815 -0.03261929 0.04993486 0.02132588 -0.03461658 0.04969567 0.01813936 -0.03634148 0.0494908 0.01482087 -0.037781 0.04932129 0.0113008 -0.03871458 0.0499733 0.0145933 -0.0374298 0.05094313 0.03557819 -0.01899331 0.05404698 0.0341041 -0.0220856 0.05234587 0.03372359 -0.02204889 0.05346459 0.0319367 -0.02499485 0.05189079 0.03161305 -0.02492749 0.05294471 0.02953839 -0.02770048 0.05148649 0.02926415 -0.02761 0.05248343 0.0269261 -0.0301848 0.05112951 0.02669477 -0.03007704 0.05207729 0.02411657 -0.03243017 0.05081695 0.02392286 -0.03230983 0.05172252 0.02112698 -0.03441959 0.05054545 0.0179789 -0.03613859 0.0503143 0.0146951 -0.03757339 0.05012369 0.01122468 -0.0385667 0.05077528 0.03865635 -0.02001518 0.04722172 0.03867983 -0.01999711 0.0471757 0.03886926 -0.01955807 0.0472396 0.03977555 -0.01803582 0.04430752 0.0398913 -0.01735836 0.04430729 0.03966283 -0.01803582 0.04586249 0.03992211 -0.01716655 0.04452621 0.039963 -0.01648867 0.04502749 0.03992933 -0.01664668 0.04521083 0.0399515 -0.01680058 0.04483765 0.03981608 -0.01717668 0.04582613 0.03979712 -0.01722538 0.04588258 0.0397731 -0.01786112 0.04365766 0.03981781 -0.01771885 0.0438643 0.0398494 -0.01761889 0.0440098 0.03964817 -0.01851838 0.04391592 0.03965353 -0.01845812 0.0438016 0.03971832 -0.01803559 0.04340416 0.03968048 -0.01815629 0.04322886 0.03926116 -0.0194242 0.04580086 0.03942298 -0.01914113 0.04518944 0.03950417 -0.01899939 0.04488337 0.03956168 -0.01880699 0.04449623 0.03959 -0.01871269 0.04430663 0.03914278 -0.01955795 0.04611223 0.03923207 -0.01945799 0.045879 0.03945076 -0.018045 0.04683309 0.03890722 -0.01982223 0.04672867 0.03897249 -0.0197491 0.0465579 0.0384311 -0.02018839 0.04766446 0.03829663 -0.01955747 0.04858791 0.03829669 -0.02026057 0.04787117 0.03788709 -0.02048087 0.04850125 0.03788959 -0.0199303 0.0490204 0.03783458 -0.02050906 0.04858201 0.03737825 -0.02033746 0.04949283 0.03741651 -0.0206657 0.04909867 0.03793632 -0.0204544 0.04842555 0.03828549 -0.01956868 0.04860097 0.03806549 -0.01979017 0.04885792 0.03713965 -0.02076941 0.04944086 0.03719097 -0.0204572 0.04963177 0.03704982 -0.02079218 0.04953163 0.03716856 -0.02047157 0.04964846 0.03691095 -0.02082735 0.0496723 0.03659468 -0.02083843 0.0500741 0.03916102 -0.01854807 0.04741698 0.03903692 -0.01870948 0.0476042 0.03919702 -0.01848566 0.0473445 0.03868722 -0.01916426 0.0481317 0.03851306 -0.01933968 0.04833519 0.03974694 -0.01735395 0.04603165 0.03925937 -0.01942723 0.04580748 0.03945618 -0.01803547 0.04682207 0.03953343 -0.01790153 0.04666668 0.039976 -0.0158025 0.04535788 0.03997248 -0.0160849 0.04522705 0.03997522 -0.0158587 0.04533171 0.03746008 -0.01932847 0.05026096 0.0381118 -0.01878529 0.04965811 7.49968e-4 -0.04235363 0.04563879 7.4997e-4 -0.04367733 0.04361248 7.49968e-4 -0.04366111 0.04363906 0 -0.04391258 0.04322719 7.49968e-4 -0.04264718 0.04521209 0 -0.04653239 0.03799027 7.49972e-4 -0.04653018 0.03798943 7.49972e-4 -0.04651248 0.0380299 0 -0.04571646 0.03983825 7.5e-4 -0.04571646 0.03983825 7.5e-4 -0.04517257 0.04085999 7.5e-4 -0.04391258 0.04322719 0.03994065 0.001419067 0.04664021 0.03999966 1.04401e-4 0.04664021 0.03999996 -4.52e-5 0.04664021 0.03985208 0.003391325 0.04664021 0.0387507 0.00987339 0.04664021 0.03856158 0.01050347 0.04664021 0.03943479 0.006655037 0.04664021 0.03951823 0.006002426 0.04664021 0.03515267 0.01904106 0.04664021 0.03660231 0.01608747 0.04664021 0.03708308 0.01486229 0.04664021 0.03780448 0.01302462 0.04664021 0.03269958 0.0229361 0.04664021 0.03346502 0.02186566 0.04664021 0.03155106 0.02454185 0.04664021 0.02984899 0.02654999 0.04664021 0.02659517 0.02980375 0.04664021 0.0270971 0.02937835 0.04664021 0.02942359 0.02705186 0.04664021 0.02458709 0.03150588 0.04664021 0.0190863 0.03510749 0.04664021 0.0219109 0.03341978 0.04664021 0.02298128 0.0326544 0.04664021 0.01490753 0.0370379 0.04664021 0.01613265 0.03655713 0.04664021 0.006047666 0.03947299 0.04664021 0.006700158 0.03938955 0.04664021 0.00991857 0.03870552 0.04664021 0.01054865 0.0385164 0.04664021 0.0130698 0.0377593 0.04664021 0.003436446 0.0398069 0.04664021 0.001464188 0.03989547 0.04664021 0 0.03995478 0.04664021 1.49599e-4 0.03995448 0.04664021 0.03999996 -0.01340043 0.0463413 0.03999996 -0.01083487 0.04660701 0.03999996 -0.009545147 0.04664021 0.03594201 -0.02295178 0.04893773 0.03495001 -0.02498227 0.04820501 0.03555613 -0.02483177 0.04766672 0.03895562 -0.02088159 0.04379326 0.03877568 -0.02122998 0.04449349 0.03812706 -0.02326029 0.043805 0.03295588 -0.02874809 0.04683643 0.03300577 -0.02874219 0.04680675 0.0339598 -0.0269277 0.04748892 0.03717952 -0.02681565 0.04188352 0.03721237 -0.02676308 0.041781 0.0377627 -0.0248776 0.04241603 0.03760588 -0.02315562 0.03728008 0.03785586 -0.02258217 0.03795975 0.03753918 -0.02419817 0.03729027 0.0396251 -0.0182898 0.04303872 0.03941982 -0.01878494 0.04233366 0.03859955 -0.02212578 0.0416634 0.03927278 -0.01914608 0.04190099 0.03862619 -0.02171206 0.04095059 0.03913438 -0.01948559 0.04149407 0.0390799 -0.01961928 0.04133385 0.03858649 -0.02128499 0.0402463 0.03883928 -0.02021116 0.04065328 0.03897929 -0.01986587 0.04103827 0.03770959 -0.02496248 0.03852272 0.0376839 -0.0246874 0.03806525 0.0384975 -0.02105367 0.03971409 0.03850823 -0.02102738 0.03974348 0.03852355 -0.02098953 0.03978568 0.03767538 -0.02465873 0.03801983 0.03835272 -0.02141076 0.03931599 0.03762656 -0.02449375 0.0377584 0.03786695 -0.02255678 0.03798997 0.037876 -0.02253586 0.03801465 0.03816759 -0.02186703 0.03880745 0.03751057 -0.02410131 0.03713697 0.03747218 -0.02401715 0.037009 0.0373618 -0.0236696 0.03662621 0.0373429 -0.02373343 0.03657758 0.0377019 -0.02554726 0.03952038 0.0377174 -0.02542018 0.03929823 0.03773707 -0.02525722 0.03901308 0.0377233 -0.02510899 0.03876656 0.03767049 -0.02580612 0.03997308 0.03764969 -0.0258643 0.04008007 0.03745198 -0.02637887 0.04103308 0.03748309 -0.02632886 0.04093587 0.0385068 -0.02252346 0.04238015 0.03749746 -0.0262888 0.0408622 0.0376113 -0.02597135 0.0402773 0.03907454 -0.02051377 0.04308968 0.03834897 -0.02290248 0.04309558 0.0372591 -0.02668821 0.04163539 0.03676635 -0.02725905 0.04280066 0.03689599 -0.02711999 0.04251277 0.03749686 -0.02523928 0.04313671 0.03694933 -0.02706277 0.04239451 0.0360741 -0.02775263 0.0439133 0.03612208 -0.02772605 0.04384905 0.03676939 -0.02588206 0.04452729 0.03624117 -0.02765989 0.04368942 0.03716516 -0.0255751 0.04384237 0.03651577 -0.02745038 0.04322475 0.03656929 -0.02740949 0.04313409 0.03560817 -0.02801162 0.0445376 0.03631281 -0.02615845 0.04518717 0.03557378 -0.02802562 0.04457491 0.0350213 -0.02825069 0.04517555 0.03579968 -0.02640277 0.04581749 0.03500348 -0.02825796 0.04519498 0.0348795 -0.02830845 0.04532968 0.03523361 -0.02661347 0.04641401 0.03438109 -0.02845436 0.04577451 0.03461909 -0.02678889 0.04697269 0.03406983 -0.02854543 0.04605233 0.03319543 -0.02871978 0.04669386 0.03369045 -0.02862101 0.04633069 0.03371429 -0.0286163 0.04631322 0.03749567 -0.02390116 0.04518502 0.03709048 -0.02418005 0.04584658 0.03662973 -0.02442908 0.04648333 0.03611719 -0.02464681 0.0470916 0.03951483 -0.01855576 0.04265993 0.03649711 -0.02279365 0.04838049 0.03700697 -0.02260375 0.04779058 0.03746867 -0.02238368 0.0471723 0.03787922 -0.0221349 0.04652947 0.03823578 -0.02185857 0.04586607 0.03784215 -0.02359396 0.04450309 0.01851189 -0.04428005 0.0366078 0.02060651 -0.04360389 0.03662014 0.02111828 -0.04261559 0.0382632 0.02863097 -0.04529756 0.01932018 0.02860611 -0.04528319 0.0196439 0.02619785 -0.04598402 0.0201413 0.02068012 -0.04689598 0.02554178 0.0284568 -0.0442487 0.02686321 0.0283879 -0.04433923 0.02663528 0.02844762 -0.04430997 0.02662605 0.03067123 -0.03587329 0.04165261 0.03075909 -0.03553128 0.04199266 0.02917879 -0.03656685 0.04187119 0.02850246 -0.03286707 0.04622989 0.02689588 -0.03407251 0.04606753 0.01336896 -0.04081839 0.04518735 0 -0.04671061 0.03754967 0.002864122 -0.04753398 0.03508591 0.003073871 -0.04643362 0.03803396 0.003271639 -0.04510402 0.0408867 0.003456234 -0.04355347 0.04362648 0.007009506 -0.04229259 0.04500001 0.01030373 -0.04165011 0.04508149 0.01618498 -0.03985238 0.04531097 0.01874977 -0.03879272 0.0454474 0.02108269 -0.03766298 0.04559391 0.0232045 -0.03648519 0.04574781 0.02513539 -0.03528153 0.0459066 0.0299707 -0.03166919 0.04639309 0.03131616 -0.0304839 0.04655677 0.03207898 -0.02976888 0.04665476 0.03168588 -0.031654 0.04534256 0.03188449 -0.030707 0.04600608 0.0320537 -0.02989923 0.04657191 0.03131341 -0.03329116 0.04405218 0.03148972 -0.03251636 0.04466277 0.03115946 -0.03227072 0.04512178 0.03163748 -0.03186678 0.04517471 0.03119415 -0.0337817 0.04361808 0.02949428 -0.03501689 0.04345721 0.03108239 -0.03424143 0.0432114 0.03094065 -0.03482407 0.04269582 0.02839827 -0.03939431 0.03848719 0.02994483 -0.03857225 0.03854733 0.02881318 -0.03802758 0.04021292 0.03020447 -0.0376324 0.03973305 0.03026562 -0.03740423 0.03998881 0.03034049 -0.03712505 0.04030168 0.03056639 -0.03628188 0.04124635 0.0295521 -0.03996956 0.03659439 0.0295785 -0.0398755 0.03672856 0.02793556 -0.0406633 0.03669995 0.0298745 -0.03882688 0.03822469 0.0298767 -0.03881871 0.03823626 0.02951049 -0.04011565 0.0363565 0.02742648 -0.04183006 0.03485673 0.02925938 -0.0410009 0.03491497 0.02896618 -0.0420562 0.03289353 0.02900379 -0.04191577 0.03320026 0.02687269 -0.04289078 0.03296309 0.02918308 -0.04127377 0.0344035 0.02924895 -0.04103809 0.03484505 0.02890259 -0.04229372 0.03237491 0.02627539 -0.0438416 0.03102499 0.02878868 -0.04271936 0.03144598 0.02563685 -0.04467988 0.02904838 0.0285592 -0.04369151 0.02878749 0.02861768 -0.04341346 0.02965408 0.02867758 -0.04317045 0.03028148 0.02873408 -0.04294031 0.0308755 0.02851521 -0.0439006 0.02813553 0.02849441 -0.04399967 0.0278272 0.02206808 -0.04573112 0.02936786 0.02138859 -0.04636627 0.0274657 0.0199449 -0.04731863 0.02360165 0.0191847 -0.04763287 0.02165055 0.02271431 -0.04686999 0.0208854 0.02850782 -0.04522645 0.0209282 0.0284816 -0.04516655 0.02152699 0.02845811 -0.04511338 0.02206009 0.02842545 -0.0450387 0.02280688 0.02865248 -0.04531008 0.01903915 0.0155974 -0.04827386 0.02241146 0.008098959 -0.04918032 0.02373695 0.01191908 -0.04879128 0.0231257 0.02480429 -0.03674679 0.04450833 0.02285379 -0.03785991 0.04436063 0.0224688 -0.03916347 0.0429151 0.02072489 -0.03894585 0.04421806 0.02033746 -0.04016029 0.0427891 0.0183984 -0.0399847 0.04408293 0.01802223 -0.04111105 0.04267019 0.01585519 -0.04095619 0.04395747 0.01550525 -0.04199779 0.04256021 0.01307713 -0.04183983 0.04384428 0.01276981 -0.04280179 0.04246121 0.01006627 -0.04259896 0.0437476 0.00981754 -0.043491 0.04237699 0.006841301 -0.04318428 0.04367321 0.006665945 -0.04402148 0.04231238 0.0200662 -0.0445069 0.03493762 0.01580077 -0.04568076 0.03499019 0.01949822 -0.04532206 0.03321987 0.01176035 -0.04531407 0.03809887 0.00900799 -0.04581272 0.0380699 0.00842005 -0.0470519 0.03505998 0.0110206 -0.04666209 0.03503948 0.01391983 -0.04549926 0.03658926 0.0143426 -0.04472708 0.0381335 0.0162875 -0.04491519 0.03659749 0.01675385 -0.04407358 0.0381726 0.01900768 -0.04336571 0.03821599 0.01529479 -0.04636842 0.03335386 0.0134809 -0.04619979 0.03501576 0.01063275 -0.04723399 0.03347271 0.01477068 -0.0469765 0.0316919 0.0102337 -0.04773628 0.03188508 0.01422953 -0.04750388 0.03000801 0.009824335 -0.04816818 0.03027951 0.01890408 -0.04604697 0.03147089 0.01828557 -0.04668015 0.02969485 0.0176438 -0.04722052 0.02789646 0.0125162 -0.04859429 0.02486103 0.01629817 -0.04801857 0.0242502 0.0131011 -0.04831361 0.02658891 0.01698082 -0.04766702 0.02608019 0.01367259 -0.04794991 0.02830582 0.008541941 -0.0490356 0.02538466 0.008977711 -0.04881829 0.02702629 0.009405434 -0.04852902 0.0286588 0.007798135 -0.04803359 0.03196328 0.007146596 -0.04875093 0.02880108 0.004342496 -0.04932212 0.02575546 0.005689561 -0.04734849 0.0350759 0.00525856 -0.048258 0.03202337 0.004808545 -0.04891693 0.0289098 0.006469964 -0.04920029 0.02559489 0 -0.04756629 0.0350784 0 -0.04790008 0.0341143 0.002643883 -0.04839771 0.0320611 0 -0.04840111 0.03206312 0.002414286 -0.04901969 0.02897799 0 -0.04881227 0.03038012 0.02975845 -0.03338265 0.04496616 0.02659505 -0.03562486 0.04465889 0.02443408 -0.03813832 0.04304611 0.02205049 -0.04039263 0.04141443 0.0199216 -0.04130357 0.04131019 0.01762229 -0.04216945 0.0412122 0.01513618 -0.04297465 0.0411219 0.01244753 -0.04370278 0.04104101 0.009557962 -0.04432505 0.04097229 0.006483495 -0.0448032 0.04091966 0.02824175 -0.03450202 0.04481178 0.02793318 -0.03605943 0.04331779 0.02625083 -0.03710108 0.04318058 0.02586406 -0.03849762 0.0416364 0.02402609 -0.03945255 0.04152369 0.0235809 -0.04068589 0.03994488 0.0216 -0.04154431 0.03986257 0.01947796 -0.04237288 0.03978461 0.01719909 -0.04315769 0.03971195 0.01474839 -0.04388505 0.03964537 0.01211082 -0.0445407 0.039586 0.009287953 -0.04509931 0.03953576 0.006098747 -0.04619419 0.03804779 0.02271682 -0.04499202 0.0312429 0.02333289 -0.04415047 0.0330857 0.02391409 -0.04320836 0.03489065 0.02445936 -0.04216873 0.03665316 0.02496707 -0.04103481 0.0383681 0.0254358 -0.03981018 0.04003083 0.02757763 -0.03753459 0.04175233 0.002177 -0.04939687 0.02585601 0 -0.04939472 0.02588933 0 -0.04936122 0.02658659 0 -0.04901266 0.02899539 0.03909075 -0.01945632 0.04142117 0.0349999 -0.01968729 0.03885018 0.0349999 -0.0185045 0.03952133 0.03547042 -0.01851439 0.03954118 0.03997772 -0.009545147 0.04616969 0.03997772 -0.01081055 0.04613715 0.03990572 -0.009545147 0.04577547 0.03982269 -0.0107668 0.04528939 0.03982269 -0.009545147 0.04532092 0.03968089 -0.009545147 0.04493659 0.03952401 -0.01072496 0.04448091 0.03952401 -0.009545147 0.04451143 0.03931397 -0.009545147 0.04414963 0.03909075 -0.01068651 0.04373586 0.03909075 -0.009545147 0.04376518 0.03881579 -0.009545147 0.04343837 0.03853541 -0.01065248 0.04307609 0.03853541 -0.009545147 0.0431047 0.0382018 -0.009545147 0.04282432 0.03787493 -0.01062375 0.04252177 0.03787493 -0.009545147 0.04254955 0.03749048 -0.009545147 0.04232627 0.0371288 -0.01060146 0.04208892 0.0371288 -0.009545147 0.04211616 0.0367037 -0.009545147 0.04195922 0.03631937 -0.01058608 0.04179066 0.03631937 -0.009545147 0.0418176 0.03586483 -0.009545147 0.04173451 0.03547042 -0.01057803 0.04163587 0.03547042 -0.009545147 0.04166245 0.0349999 -0.009545147 0.0416404 0.0349999 -0.0105769 0.04161363 0.0349999 -0.01129299 0.04153949 0.0349999 -0.01262933 0.04140102 0.03547042 -0.01465463 0.04099959 0.0349999 -0.01464909 0.04097819 0.0349999 -0.0142163 0.04106879 0.0349999 -0.01703435 0.04016536 0.03547042 -0.01662218 0.04036998 0.0349999 -0.01661431 0.04034936 0.0349999 -0.02212733 0.03717476 0.0349999 -0.02197939 0.03730523 0.03547042 -0.02199316 0.0373227 0.0349999 -0.02029919 0.03850305 0.03547042 -0.02354276 0.03595656 0.0349999 -0.02352726 0.0359407 0.03547042 -0.02494335 0.03443819 0.0349999 -0.0249263 0.03442388 0.0349999 -0.02427208 0.0351333 0.03546732 -0.02606678 0.03294557 0.03541731 -0.02612721 0.03285086 0.0349999 -0.0261234 0.03282225 0.0349999 -0.02616155 0.03277117 0.03537935 -0.02617305 0.03277903 0.03537833 -0.0261743 0.03277719 0.03536367 -0.026192 0.03274929 0.03518092 -0.0264222 0.03237503 0.0349999 -0.02664995 0.03200441 0.03630888 -0.02505064 0.03453689 0.03630578 -0.02505445 0.03453099 0.03624707 -0.02512538 0.03441995 0.0360732 -0.02533525 0.03409129 0.03589951 -0.025545 0.03376287 0.03572595 -0.02575457 0.03343445 0.03555226 -0.02596431 0.0331059 0.03676968 -0.02449417 0.03540849 0.03631937 -0.02365118 0.03606742 0.0367949 -0.02446389 0.03545606 0.03689897 -0.02431803 0.03567081 0.03659528 -0.02470499 0.0350784 0.036421 -0.02491533 0.03474897 0.03640949 -0.0249291 0.03472739 0.03720819 -0.02388465 0.03630936 0.03718239 -0.02392095 0.03625583 0.0371288 -0.02385979 0.03628093 0.03712409 -0.02400255 0.03613567 0.03704637 -0.0241115 0.03597503 0.0371288 -0.02227509 0.037678 0.0373187 -0.02372992 0.03653728 0.03787493 -0.02078807 0.03926962 0.03853541 -0.01916038 0.04083067 0.03787493 -0.01891171 0.04033428 0.03952401 -0.0176292 0.04303503 0.03909075 -0.01736545 0.04233711 0.03982269 -0.01558828 0.04453682 0.03952401 -0.01538175 0.04375416 0.03631937 -0.0220896 0.03744405 0.0371288 -0.0205549 0.03890419 0.03631937 -0.0203945 0.03865242 0.03547042 -0.02031099 0.0385217 0.03631937 -0.01858377 0.0396797 0.0371288 -0.01871752 0.03994685 0.03631937 -0.01667696 0.04051506 0.0371288 -0.01678258 0.04079449 0.03787493 -0.01693576 0.04119986 0.03853541 -0.01713198 0.04171919 0.03631937 -0.01469427 0.04114943 0.0371288 -0.01477038 0.04143828 0.03787493 -0.01488107 0.0418573 0.03853541 -0.01502275 0.0423941 0.03909075 -0.01519119 0.0430327 0.03997772 -0.01332783 0.04587638 0.03982269 -0.013197 0.04503762 0.03952401 -0.01307219 0.04423785 0.03909075 -0.01295703 0.04350066 0.03853541 -0.01285517 0.04284805 0.03787493 -0.01276952 0.04229938 0.0371288 -0.01270276 0.04187119 0.03631937 -0.01265662 0.04157608 0.03547042 -0.01263272 0.04142296 0.03990548 -4.52e-5 0.04577547 0.03982049 -4.52e-5 0.04531258 0.03982019 1.03729e-4 0.04531258 0.03968083 -4.52e-5 0.04493671 0.03951793 -4.52e-5 0.0444985 0.0395177 1.02596e-4 0.0444985 0.03931385 -4.52e-5 0.04414981 0.03907912 -4.52e-5 0.04374897 0.03907895 1.00952e-4 0.04374897 0.03881579 -4.52e-5 0.04343855 0.03851729 -4.52e-5 0.0430867 0.03851699 9.8854e-5 0.0430867 0.0382018 -4.52e-5 0.0428245 0.0378493 -4.52e-5 0.0425316 0.03784912 9.6355e-5 0.0425316 0.03749048 -4.52e-5 0.0423265 0.03709542 -4.52e-5 0.0421006 0.03709518 9.3536e-5 0.0421006 0.0367037 -4.52e-5 0.0419597 0.0362783 -4.52e-5 0.04180639 0.036278 9.0477e-5 0.04180639 0.03586488 -4.52e-5 0.04173487 0.03542268 -4.52e-5 0.04165828 0.03542238 8.7276e-5 0.04165828 2.971e-6 0.03495079 0.0416404 0 0.03495079 0.0416404 0 0.0353775 0.04165828 1.30779e-4 0.03494691 0.0416404 1.3248e-4 0.0353772 0.04165828 0.002078056 0.0348894 0.0416404 0.003043234 0.03524649 0.04165828 0.003005266 0.03480678 0.0416404 0.004141509 0.03470551 0.0416404 0.005933403 0.034877 0.04165828 0.005860865 0.03444886 0.0416404 0.008783578 0.03427118 0.04165828 0.00867486 0.03384715 0.0416404 0.008116781 0.03399777 0.0416404 0.00619179 0.03439939 0.0416404 0.0101282 0.03345489 0.0416404 0.01157408 0.03343313 0.04165828 0.01143091 0.03301841 0.0416404 0.01428651 0.0323686 0.04165828 0.01411449 0.03197848 0.0416404 0.01406586 0.03200179 0.0416404 0.01209205 0.03279703 0.0416404 0.01596969 0.03109747 0.0416404 0.01690208 0.03108477 0.04165828 0.01669269 0.03069919 0.0416404 0.01778262 0.03009897 0.0416404 0.01940339 0.0295903 0.04165828 0.01916557 0.02922666 0.0416404 0.02177339 0.02789539 0.04165828 0.02150809 0.0275551 0.0416404 0.02126061 0.02775627 0.0416404 0.01954668 0.02898615 0.0416404 0.0228672 0.02645099 0.0416404 0.02399617 0.02601128 0.04165828 0.0236991 0.02568858 0.0416404 0.02794057 0.02172821 0.04165828 0.02759647 0.02146035 0.0416404 0.02719318 0.02198928 0.0416404 0.02605652 0.02395099 0.04165828 0.02584111 0.0235598 0.0416404 0.02574247 0.02366167 0.0416404 0.02439492 0.02505111 0.0416404 0.0284481 0.0203433 0.0416404 0.02963548 0.01935821 0.04165828 0.02927136 0.01911962 0.0416404 0.03112995 0.0168569 0.04165828 0.03075289 0.01665246 0.0416404 0.03064048 0.01687139 0.0416404 0.0296005 0.01863068 0.0416404 0.031587 0.01503038 0.0416404 0.03241384 0.01424133 0.04165828 0.03201299 0.01406461 0.0416404 0.03431636 0.008738338 0.04165828 0.03389406 0.008630394 0.0416404 0.03373312 0.009287178 0.0416404 0.03347831 0.0115289 0.04165828 0.03312581 0.01125448 0.0416404 0.03307545 0.01138955 0.0416404 0.03242367 0.01313406 0.0416404 0.03422576 0.00727576 0.0416404 0.03492218 0.005888283 0.04165828 0.0344944 0.005815446 0.0416404 0.03529167 0.002998054 0.04165828 0.03486251 0.002961218 0.0416404 0.0348407 0.003293693 0.0416404 0.0345903 0.005295157 0.0416404 0.03497689 0.001227498 0.0416404 0.03499758 8.5663e-5 0.0416404 0.0349999 -4.52e-5 0.0416404 0.03997719 1.04313e-4 0.04616671 0.03997749 -4.52e-5 0.04616671 0.03872895 0.009867787 0.04616671 0.03941261 0.006651163 0.04616671 0.03982967 0.003389418 0.04616671 0.0377832 0.01301723 0.04616671 0.03658175 0.01607835 0.04616671 0.03513288 0.01903039 0.04616671 0.03344625 0.02185332 0.04616671 0.02708172 0.0293619 0.04616671 0.02940708 0.02703648 0.04616671 0.03153336 0.02452808 0.04616671 0.0245732 0.03148818 0.04616671 0.0218985 0.03340107 0.04616671 0.01907557 0.0350877 0.04616671 0.01612359 0.03653657 0.04616671 0.006696403 0.03936743 0.04616671 0.009913027 0.03868377 0.04616671 0.01306241 0.0377379 0.04616671 0.003434598 0.03978449 0.04616671 1.49515e-4 0.03993195 0.04616671 0 0.03993225 0.04616671 0 0.03623312 0.04180639 1.3568e-4 0.03623282 0.04180639 0.003116786 0.03609889 0.04180639 0.006076753 0.03572052 0.04180639 0.008995771 0.03510016 0.04180639 0.01185375 0.03424185 0.04180639 0.01463162 0.03315162 0.04180639 0.0173105 0.0318368 0.04180639 0.01987218 0.03030622 0.04180639 0.0222994 0.02857035 0.04180639 0.02457582 0.02664077 0.04180639 0.02668595 0.02453058 0.04180639 0.02861559 0.02225422 0.04180639 0.0303514 0.019827 0.04180639 0.03188198 0.01726526 0.04180639 0.0331968 0.01458638 0.04180639 0.03428709 0.01180857 0.04180639 0.0351454 0.008950531 0.04180639 0.0357657 0.006031632 0.04180639 0.03614413 0.003071606 0.04180639 0 0.03705018 0.0421006 1.38736e-4 0.03705 0.0421006 0.003186941 0.03691309 0.0421006 0.006213665 0.0365262 0.0421006 0.009198367 0.03589177 0.0421006 0.01212078 0.03501415 0.0421006 0.0149613 0.0338993 0.0421006 0.01770049 0.03255498 0.0421006 0.02031981 0.03098988 0.0421006 0.02280169 0.02921479 0.0421006 0.02512943 0.02724188 0.0421006 0.02728706 0.02508419 0.0421006 0.02926003 0.02275651 0.0421006 0.03103506 0.02027463 0.0421006 0.03260016 0.01765525 0.0421006 0.03394448 0.01491606 0.0421006 0.03505939 0.0120756 0.0421006 0.03593695 0.009153187 0.0421006 0.03657138 0.006168425 0.0421006 0.03695833 0.00314182 0.0421006 0 0.03780412 0.0425316 1.41556e-4 0.03780388 0.0425316 0.003251731 0.03766429 0.0425316 0.006339967 0.03726947 0.0425316 0.009385347 0.0366221 0.0425316 0.01236712 0.03572672 0.0425316 0.01526522 0.03458929 0.0425316 0.01806008 0.03321743 0.0425316 0.02073282 0.03162068 0.0425316 0.02326518 0.02980959 0.0425316 0.02564013 0.02779638 0.0425316 0.02784162 0.02559489 0.0425316 0.02985477 0.02322 0.0425316 0.03166586 0.02068763 0.0425316 0.03326267 0.0180149 0.0425316 0.03463447 0.01521998 0.0425316 0.0357719 0.01232188 0.0425316 0.03666728 0.009340107 0.0425316 0.03731465 0.006294727 0.0425316 0.03770947 0.003206551 0.0425316 0 0.03847211 0.0430867 1.44054e-4 0.03847181 0.0430867 0.003309071 0.03832978 0.0430867 0.006451845 0.03792798 0.0430867 0.009550929 0.03726929 0.0430867 0.0125854 0.03635799 0.0430867 0.01553463 0.03520041 0.0430867 0.01837885 0.03380453 0.0430867 0.02109867 0.03217947 0.0430867 0.02367573 0.03033643 0.0430867 0.02609258 0.0282877 0.0430867 0.02833288 0.0260474 0.0430867 0.03038161 0.02363049 0.0430867 0.03222465 0.02105349 0.0430867 0.03384971 0.01833367 0.0430867 0.03524571 0.01548939 0.0430867 0.03640323 0.01254016 0.0430867 0.03731447 0.009505748 0.0430867 0.0379731 0.006406605 0.0430867 0.03837496 0.00326395 0.0430867 0 0.03903388 0.04374897 1.46155e-4 0.03903377 0.04374897 0.00335741 0.0388894 0.04374897 0.00654602 0.03848189 0.04374897 0.009690284 0.0378136 0.04374897 0.01276898 0.03688901 0.04374897 0.01576125 0.03571462 0.04374897 0.01864695 0.0342983 0.04374897 0.02140647 0.03264951 0.04374897 0.02402108 0.0307796 0.04374897 0.02647328 0.028701 0.04374897 0.02874618 0.0264281 0.04374897 0.03082478 0.0239759 0.04374897 0.03269469 0.02136129 0.04374897 0.03434348 0.01860177 0.04374897 0.0357598 0.01571607 0.04374897 0.03693419 0.0127238 0.04374897 0.03785878 0.009645044 0.04374897 0.03852707 0.00650078 0.04374897 0.0389347 0.00331223 0.04374897 0 0.03947269 0.0444985 1.47797e-4 0.03947246 0.0444985 0.00339514 0.0393266 0.0444985 0.006619453 0.0389145 0.0444985 0.009799063 0.03823858 0.0444985 0.01291239 0.03730362 0.0444985 0.01593828 0.03611618 0.0444985 0.0188564 0.03468388 0.0444985 0.02164679 0.03301668 0.0444985 0.0242908 0.03112566 0.0444985 0.02677059 0.02902388 0.0444985 0.02906906 0.02672529 0.0444985 0.0311709 0.02424561 0.0444985 0.03306186 0.02160161 0.0444985 0.03472906 0.01881116 0.0444985 0.03616136 0.0158931 0.0444985 0.03734892 0.01286715 0.0444985 0.03828376 0.009753882 0.0444985 0.03895968 0.006574273 0.0444985 0.03937178 0.0033499 0.0444985 0 0.03977525 0.04531258 1.48928e-4 0.03977495 0.04531258 0.003421068 0.03962802 0.04531258 0.006670117 0.0392127 0.04531258 0.009874045 0.0385316 0.04531258 0.01301109 0.03758955 0.04531258 0.01606029 0.0363928 0.04531258 0.01900058 0.03494966 0.04531258 0.02181243 0.0332697 0.04531258 0.0244767 0.03136426 0.04531258 0.02697539 0.02924633 0.04531258 0.02929157 0.02693015 0.04531258 0.0314095 0.02443158 0.04531258 0.03331488 0.02176719 0.04531258 0.0349949 0.0189554 0.04531258 0.03643798 0.01601505 0.04531258 0.03763473 0.01296591 0.04531258 0.0385769 0.009828865 0.04531258 0.03925788 0.006624937 0.04531258 0.0396732 0.003375828 0.04531258 0.03523761 -0.02873337 0.0288589 0.03513222 -0.02905398 0.02807277 0.03521019 -0.02868479 0.02884382 0.03507018 -0.0289759 0.0280373 0.0351867 -0.0286557 0.02883565 0.03506189 -0.02872931 0.0284056 0.03512823 -0.02858299 0.0288152 0.03510963 -0.02855986 0.02880877 0.03498989 -0.02866256 0.02838325 0.03506159 -0.02851647 0.02879828 0.03491103 -0.0286026 0.02836471 0.03498929 -0.02845108 0.0287823 0.03491199 -0.02840083 0.02877289 0.03482633 -0.0285499 0.02835029 0.03473669 -0.02850526 0.02833998 0.03484898 -0.02836 0.0287652 0.03465318 -0.02827996 0.02875918 0.03469616 -0.02829176 0.02875822 0.03464287 -0.0284686 0.0283339 0.03474295 -0.02831268 0.02876037 0.0345034 -0.02833336 0.02854579 0.03456079 -0.02825438 0.02876102 0.03454601 -0.02844065 0.02833199 0.03453928 -0.02824842 0.0287615 0.03440618 -0.02832007 0.02855181 0.0344665 -0.02823996 0.02876728 0.03432762 -0.02830177 0.02859401 0.03438085 -0.02822989 0.02877426 0.03419238 -0.0285356 0.02812695 0.03419899 -0.0285241 0.02814996 0.03428941 -0.02851027 0.0281338 0.0342586 -0.0284211 0.02835559 0.03411716 -0.0286656 0.02786731 0.03413957 -0.02862673 0.0279448 0.03423339 -0.02861678 0.0279302 0.03409528 -0.02871835 0.02778947 0.03417879 -0.02873075 0.02773058 0.0340839 -0.02874588 0.0277487 0.0341258 -0.0288521 0.02753478 0.03403031 -0.02887529 0.02755779 0.034114 -0.02910059 0.02715146 0.03402733 -0.0291115 0.02716583 0.0340743 -0.02898049 0.02734297 0.03396379 -0.02911949 0.02717643 0.03400427 -0.02893847 0.02746438 0.03397685 -0.02900469 0.02736681 0.03392595 -0.02912771 0.0271852 0.03429955 -0.02897799 0.02732247 0.03437089 -0.0291149 0.02714115 0.03428202 -0.02910202 0.0271393 0.034141 -0.02910089 0.02714943 0.03466618 -0.02893817 0.02753907 0.03448402 -0.0291363 0.02714717 0.0345627 -0.0289011 0.02752566 0.0344119 -0.02899265 0.02732259 0.03444719 -0.0291258 0.02714276 0.03473639 -0.02922779 0.0271911 0.03469878 -0.02921158 0.02718269 0.03476452 -0.02898466 0.0275588 0.03460115 -0.02916938 0.027161 0.03488886 -0.02932471 0.02724677 0.034873 -0.02931129 0.0272386 0.03485679 -0.02904021 0.02758455 0.03479665 -0.02926462 0.02721208 0.03510528 -0.02955269 0.02738875 0.03508919 -0.02952533 0.02737092 0.03504276 -0.02947109 0.02733677 0.0350185 -0.02917516 0.0276528 0.03499191 -0.02941185 0.0272994 0.03497129 -0.02939432 0.02728885 0.0352832 -0.02881389 0.02888399 0.03518491 -0.02913695 0.02811169 0.03522759 -0.02922403 0.02815389 0.03516268 -0.02964979 0.02745199 0.03526008 -0.02931416 0.02819859 0.03519248 -0.02973079 0.02750617 0.03521072 -0.02978008 0.02753919 0.03528171 -0.0294063 0.0282458 0.0352177 -0.02982383 0.02756905 0.03499943 -0.02890366 0.02800589 0.03494179 -0.02910405 0.0276162 0.03464722 -0.02868902 0.02792698 0.0347439 -0.02873015 0.0279392 0.03483539 -0.0287801 0.02795648 0.03492099 -0.02883803 0.02797883 0.03445559 -0.0288738 0.02751845 0.03454679 -0.02865684 0.02791988 0.03433865 -0.02862048 0.02792149 0.03428649 -0.02873098 0.02772045 0.03423589 -0.028849 0.02752298 0.0341866 -0.02897381 0.02732926 0.03444707 -0.02842146 0.02833431 0.03434699 -0.0284112 0.02834105 0.0342909 -0.02836519 0.02846723 0.03439211 -0.02851712 0.02812623 0.03444349 -0.02863395 0.0279181 0.03439426 -0.02874153 0.0277161 0.03434628 -0.02885621 0.02751749 0.0353617 -0.02907449 0.02897363 0.03536969 -0.02911776 0.02898919 0.03523278 -0.02991849 0.0276339 0.03529363 -0.02950489 0.0282976 0.03530168 -0.02945011 0.0283854 0.03537309 -0.02916383 0.02900636 0.03528928 -0.02882462 0.02888739 0.03531628 -0.02889925 0.02891248 0.03534287 -0.0289725 0.0289371 0.02612537 -0.024558 0.03485447 0.02559477 -0.02428436 0.03514432 0.0178079 -0.02006155 0.0386523 0.01716279 -0.01969403 0.03886228 0.001462996 -0.01042568 0.04162091 7.49962e-4 -0.009996533 0.04163771 7.5e-4 -0.009545147 0.0416404 0.005368471 -0.01277196 0.0413658 0.003856182 -0.01186501 0.04150533 0.007786214 -0.01421689 0.04107338 0.007677674 -0.0141521 0.0410884 0.006255686 -0.01330393 0.04128396 0.002907395 -0.01129448 0.04155117 0.003057122 -0.01138442 0.04154396 0.01226472 -0.01686489 0.04023826 0.01111733 -0.01619255 0.04050326 0.009978592 -0.0155186 0.04071289 0.008709549 -0.01476758 0.04094648 0.01255881 -0.01703715 0.04017037 0.01344513 -0.0175563 0.03996568 0.0145322 -0.01818501 0.03966313 0.01677936 -0.01947551 0.03898721 0.01571846 -0.01887089 0.03933292 0.02337247 -0.02312195 0.03630656 0.0221557 -0.02247291 0.03690046 0.02152347 -0.02212589 0.03717213 0.02120149 -0.02194929 0.0373106 0.01994884 -0.02126199 0.03784883 0.01900309 -0.02073162 0.03820371 0.02550876 -0.02423989 0.03519129 0.02426886 -0.02360028 0.035869 0.03131061 -0.02700912 0.0313875 0.02970659 -0.02629357 0.03257149 0.02963906 -0.02626162 0.03261679 0.02933698 -0.02611887 0.03281915 0.02795439 -0.0254653 0.033746 0.02760022 -0.02528977 0.03396058 0.03474062 -0.0272842 0.03086489 0.03161019 -0.02713358 0.03114444 0.03470498 -0.02737158 0.03070789 0.03271293 -0.0275914 0.03024899 0.03462225 -0.0275858 0.03024655 0.0329011 -0.02766948 0.03009635 0.03350949 -0.02789998 0.02955281 0.03447198 -0.02797442 0.0294094 0.03230166 -0.04406285 0.01119959 0.03237539 -0.04403126 0.01123255 0.03120315 -0.04442852 0.01430875 0.03718817 -0.03650259 0.01409268 0.03722256 -0.035106 0.0142855 0.036807 -0.03528285 0.01548939 0.0360791 -0.03558737 0.01792985 0.03595441 -0.03719019 0.0177741 0.0362975 -0.03549808 0.01706522 0.03630626 -0.0370469 0.01651865 0.03640139 -0.03842097 0.01500356 0.035977 -0.03859347 0.01627641 0.03572535 -0.03933948 0.01613181 0.03560888 -0.03874033 0.01756691 0.03469759 -0.04033339 0.0186553 0.03541797 -0.04006111 0.01597297 0.03499853 -0.03959822 0.01876389 0.03529191 -0.03888183 0.01886969 0.0356568 -0.0373094 0.0190441 0.03565669 -0.03731262 0.0190438 0.03565526 -0.0373187 0.01904302 0.03529649 -0.0388621 0.01887196 0.03286623 -0.04289019 0.0181148 0.0336644 -0.04260993 0.01521241 0.03337818 -0.04229116 0.01825857 0.03417778 -0.04203271 0.01541936 0.03386527 -0.04172128 0.01839548 0.03464233 -0.04141259 0.01561576 0.03282827 -0.04293459 0.01810407 0.03166502 -0.0439037 0.0178017 0.0325067 -0.04362267 0.01477277 0.03161972 -0.04394149 0.0177899 0.0324105 -0.0440163 0.01124835 0.0335673 -0.0432567 0.01180106 0.03361809 -0.04322326 0.01182526 0.03369039 -0.04317581 0.01185989 0.03468489 -0.0422368 0.01237159 0.0369023 -0.03814041 0.01376998 0.03715699 -0.03668129 0.01405751 0.03671169 -0.03687852 0.01528042 0.03716599 -0.03662949 0.01406759 0.036875 -0.03821969 0.01374906 0.03688478 -0.03819161 0.01375645 0.03639185 -0.03545951 0.01669198 0.0366221 -0.03895139 0.01355558 0.03637468 -0.03966748 0.0133664 0.03637105 -0.03967458 0.01336389 0.03576666 -0.0357151 0.01916658 0.03025788 -0.0447402 0.01745688 0.03021395 -0.04476583 0.01744616 0.03161126 -0.04394865 0.01778769 0.0309394 -0.04434168 0.01762348 0.03031605 -0.0447061 0.01747119 0.02952617 -0.04503226 0.01728653 0.0346871 -0.04035896 0.0186516 0.034662 -0.04041993 0.0186426 0.03505635 -0.04075378 0.01580059 0.03430002 -0.04101639 0.01852995 0.03388983 -0.04169243 0.01840233 0.0347135 -0.04220986 0.01238638 0.03482931 -0.04210048 0.01244592 0.03518801 -0.04162806 0.01264768 0.03564435 -0.041027 0.0129044 0.03600579 -0.04035449 0.01313292 0.03636723 -0.03968155 0.01336157 0.03503358 -0.03889608 0.02035933 0.03540486 -0.0373522 0.0204184 0.03070235 -0.04436117 0.01965802 0.0313605 -0.04392749 0.01976501 0.03118485 -0.0437861 0.02175819 0.03256595 -0.04291009 0.01996076 0.03518587 -0.02978128 0.0434187 0.03460931 -0.0300517 0.04403191 0.03417629 -0.03177237 0.0427885 0.03632295 -0.02947247 0.03375929 0.03620588 -0.02886039 0.03317981 0.03645849 -0.02761971 0.03403377 0.03547656 -0.0340476 0.03149706 0.03532862 -0.03469389 0.03193318 0.0350852 -0.0356394 0.03061145 0.03615057 -0.0291326 0.0329926 0.03703457 -0.02795678 0.03686618 0.03727096 -0.02745896 0.039204 0.03685832 -0.02834737 0.04067498 0.03570336 -0.02947348 0.04277151 0.02977019 -0.04432696 0.0237686 0.02984875 -0.04460483 0.02165347 0.02977418 -0.04390448 0.02587747 0.02985572 -0.04333746 0.02796578 0.03000921 -0.0426262 0.03001898 0.03022933 -0.04177063 0.03202229 0.03050959 -0.04077315 0.03396308 0.0308398 -0.03964096 0.0358321 0.03120958 -0.03838199 0.03762131 0.03160881 -0.03700435 0.03932243 0.0320267 -0.03551638 0.04092741 0.03174978 -0.03411835 0.04286652 0.03216779 -0.03241205 0.04429799 0.03257477 -0.03062087 0.04562419 0.0332989 -0.03047347 0.04513937 0.03397881 -0.03028309 0.0446071 0.03615719 -0.02913028 0.04209518 0.03654289 -0.02875369 0.04139435 0.03710162 -0.0279147 0.03994286 0.03699463 -0.02847778 0.0375567 0.03736448 -0.02698409 0.03846412 0.03700125 -0.02742356 0.03618478 0.03689503 -0.02688217 0.03551739 0.03661835 -0.02683395 0.0345745 0.03671538 -0.02632772 0.03485333 0.03699678 -0.02486103 0.03566133 0.03721356 -0.0241549 0.03623515 0.03001248 -0.04474097 0.01954585 0.02929538 -0.04506427 0.01942908 0.03540158 -0.03360688 0.02947741 0.03539115 -0.03289991 0.02909678 0.03542536 -0.0326963 0.02940493 0.03558748 -0.03272128 0.0306344 0.03597158 -0.02999377 0.03223049 0.0358076 -0.03173243 0.03173702 0.03574031 -0.03110533 0.03124278 0.03555923 -0.03202015 0.03018599 0.03574109 -0.03301542 0.032705 0.03580611 -0.03237813 0.03221768 0.03607857 -0.0312696 0.03331089 0.03605502 -0.03064709 0.03278028 0.036605 -0.02821505 0.03467178 0.03637301 -0.0300697 0.03433769 0.03603649 -0.03188359 0.03384995 0.0356127 -0.03364038 0.03319609 0.03668266 -0.0287854 0.03529578 0.03669029 -0.02934741 0.035932 0.03635519 -0.03065878 0.03492647 0.0362699 -0.03123539 0.0355215 0.03592908 -0.0324853 0.03439402 0.03575658 -0.03307068 0.03493952 0.03542149 -0.03424882 0.03368765 0.0351687 -0.03483682 0.03417658 0.03485155 -0.03593313 0.0328018 0.03662747 -0.02989739 0.03657585 0.03611683 -0.03179574 0.03611898 0.03552037 -0.03363561 0.03548288 0.03669589 -0.02946865 0.0389449 0.0368815 -0.02898317 0.03825134 0.03649437 -0.03043097 0.03722298 0.03629189 -0.03094476 0.03786861 0.03589749 -0.03233593 0.03671455 0.03561341 -0.03285235 0.03730428 0.03522217 -0.03417652 0.03602039 0.03486388 -0.03468978 0.03654819 0.03448665 -0.03593665 0.03513383 0.03643971 -0.02993083 0.0396319 0.036022 -0.03143477 0.03850811 0.03568655 -0.0318976 0.0391367 0.03526681 -0.03334105 0.03788363 0.03485959 -0.03379839 0.03844869 0.03444778 -0.03517132 0.03706288 0.03397601 -0.0356177 0.03756058 0.0335825 -0.03690958 0.03604209 0.03611475 -0.03036606 0.04030716 0.03528743 -0.03232926 0.03974956 0.0343939 -0.03422105 0.03899502 0.03572285 -0.03077071 0.04096519 0.03482699 -0.03272652 0.04034209 0.03526633 -0.03114151 0.04160106 0.03474932 -0.03147608 0.04221016 0.03430891 -0.03308689 0.0409103 0.03373771 -0.0334084 0.0414505 0.0333029 -0.03495198 0.04001843 0.03311789 -0.03368878 0.04195898 0.03355199 -0.03202843 0.04333198 0.03245389 -0.03392612 0.0424323 0.03288096 -0.03224229 0.04383647 0.03414416 -0.03707516 0.033647 0.03322315 -0.03808945 0.03444641 0.0338459 -0.03809869 0.03209418 0.0329076 -0.03915065 0.03278118 0.0336008 -0.03900039 0.03048235 0.03264558 -0.04008615 0.03105306 0.03341799 -0.03977453 0.02881878 0.03244638 -0.04088979 0.02927029 0.0333029 -0.04041951 0.02711415 0.03231567 -0.04156005 0.027444 0.03325915 -0.04093533 0.02538079 0.03225815 -0.04209685 0.02558708 0.03329128 -0.04132229 0.02363049 0.03227818 -0.04250019 0.02371257 0.03340303 -0.04158008 0.02187573 0.03238016 -0.0427705 0.02183318 0.03359621 -0.0417115 0.02012765 0.0328803 -0.03639537 0.03849303 0.03247988 -0.03773087 0.03687793 0.03211158 -0.03895109 0.03518062 0.03178542 -0.04004859 0.03340888 0.0315119 -0.04101628 0.03157019 0.03130012 -0.0418471 0.02967309 0.03115671 -0.04253959 0.0277298 0.0310865 -0.04309356 0.02575385 0.03109419 -0.043509 0.0237587 0.03555095 -0.0357275 0.02044117 0.03545576 -0.03573298 0.02100348 0.03521382 -0.0372731 0.02180457 0.03539019 -0.03573668 0.02139061 0.03536021 -0.03568977 0.02171438 0.03508788 -0.03707617 0.02319407 0.03524196 -0.0355044 0.02299356 0.03502595 -0.03675889 0.02457743 0.03518617 -0.03541696 0.02359718 0.03442531 -0.04036158 0.02026158 0.0351724 -0.03521478 0.0242601 0.0351566 -0.03498339 0.02501845 0.035025 -0.03632164 0.02594488 0.03538477 -0.03293848 0.02903848 0.03525668 -0.03438258 0.02827119 0.03526359 -0.03366059 0.02794551 0.03514623 -0.03482943 0.02552336 0.03514301 -0.03478187 0.02567917 0.0350821 -0.03576475 0.02728641 0.0351929 -0.0342763 0.02673846 0.03519392 -0.03508836 0.02859205 0.03523969 -0.03380328 0.02772957 0.03556305 -0.03338867 0.03106319 0.03535658 -0.03429418 0.02985298 0.03422856 -0.04024368 0.02188509 0.03483736 -0.03879612 0.02186119 0.03410917 -0.04000288 0.02351462 0.03471302 -0.03857588 0.023368 0.03406578 -0.03963655 0.02513945 0.03465956 -0.03823328 0.02486956 0.03409475 -0.03914487 0.02674823 0.03467357 -0.03776788 0.02635538 0.03419238 -0.03852748 0.02832949 0.03475159 -0.03718018 0.0278145 0.0343548 -0.03778463 0.0298717 0.03489035 -0.03646999 0.02923649 0.03457731 -0.03691798 0.03136473 0.03614747 -0.0291481 0.03298199 0.03548532 -0.026151 0.03284788 0.0364322 -0.02495396 0.03473281 0.03655123 -0.02506327 0.03478616 0.0367769 -0.02543169 0.03502607 0.03675282 -0.02537649 0.03498709 0.0367248 -0.02531105 0.0349403 0.03669047 -0.02524656 0.03489649 0.03695589 -0.0243864 0.03571313 0.03690898 -0.02432906 0.03567528 0.03660327 -0.02512228 0.03481912 0.03649413 -0.025007 0.03475719 0.03586798 -0.02636981 0.03289192 0.03579956 -0.02631562 0.0328738 0.03572642 -0.02626621 0.03286021 0.03564924 -0.02622222 0.03285139 0.03556865 -0.02618366 0.0328474 0.03491157 -0.02731662 0.0308479 0.03482061 -0.02729839 0.03085649 0.03500092 -0.02734231 0.03084349 0.03508818 -0.02737528 0.03084313 0.03517228 -0.02741491 0.03084707 0.03525257 -0.02746117 0.030855 0.0353282 -0.02751356 0.03086721 0.0353986 -0.02757197 0.03088361 0.03546309 -0.02763569 0.03090387 0.03557306 -0.0277763 0.03095507 0.03552132 -0.027704 0.03092771 0.0356177 -0.02785193 0.03098547 0.03565508 -0.02793031 0.03101879 0.03568452 -0.0280109 0.03105479 0.0353775 -0.02915048 0.0290395 0.03589069 -0.02771836 0.03193938 0.03572469 -0.02816385 0.03112608 0.03570598 -0.0280928 0.03109318 0.03561633 -0.02845478 0.030595 0.03541439 -0.02903598 0.02932208 0.03659152 -0.02591276 0.03449022 0.03621822 -0.02687031 0.03324198 0.03618258 -0.0268439 0.0331279 0.0362007 -0.0269159 0.03317195 0.03615516 -0.0270335 0.03299129 0.03598916 -0.02649128 0.03294116 0.03604108 -0.02655708 0.03297173 0.03608673 -0.02662599 0.03300607 0.03612583 -0.02669703 0.03304356 0.0361579 -0.02676981 0.03308427 0.03593128 -0.02642858 0.03291451 0.03664976 -0.02518343 0.03485596 0.03635865 -0.0259307 0.03395318 0.03631258 -0.02586555 0.0339176 0.0362606 -0.02580302 0.03388559 0 -0.04687958 -0.03715401 0 -0.04661357 -0.03739833 0.002409577 -0.04660421 -0.03734111 0.03042787 -0.04397225 -0.01962888 0.03092277 -0.04344058 -0.02007168 0.03209728 -0.04308509 -0.018274 0.03542351 -0.04199755 0.01037478 0.03428727 -0.04301977 0.009894728 0.0371409 -0.03943812 0.01121038 0 -0.04115229 -0.04022628 0 -0.04044222 -0.04028517 0.002461433 -0.04042506 -0.04024136 0 -0.04272997 -0.03983181 0 -0.0423913 -0.03991657 0.002477884 -0.04237473 -0.0398603 0 -0.0456826 -0.038253 0 -0.04507362 -0.03864699 0.002455413 -0.04506856 -0.03859978 0 -0.0442692 -0.0391677 0 -0.044236 -0.03918188 0.002469122 -0.04421365 -0.03910738 0 -0.04868721 -0.03440648 0 -0.04836308 -0.03499895 0.002298831 -0.04836761 -0.03494626 0.0300709 -0.04322701 -0.02226328 0.02865862 -0.04360991 -0.02395749 0.02902889 -0.04297053 -0.02442795 0 -0.04922902 -0.03284543 0 -0.04911798 -0.03316545 0.002201557 -0.04911506 -0.03310865 0.02749419 -0.04556339 -0.0197649 0.0261752 -0.04592669 -0.0212475 0.02674388 -0.0455935 -0.0218234 0.01599293 -0.04822432 -0.0275892 0.004170358 -0.04941993 -0.03098559 0.001539707 -0.03953748 -0.04032999 0.002444565 -0.03952252 -0.0402705 0.03721868 -0.03530412 -0.01501435 0.03746289 -0.0352301 -0.01433736 0.03656536 -0.03600138 -0.01651328 0.02239817 -0.04696327 -0.02371639 0.0226686 -0.04691118 -0.02334278 0.02114385 -0.04725307 -0.02451485 0.02877289 -0.04187256 -0.02609509 0.02874815 -0.04175871 -0.02622568 0.02961593 -0.0415517 -0.02526587 0.02866059 -0.04135459 -0.02668941 0.02853137 -0.04108279 -0.027049 0.02982842 -0.04078292 -0.02562671 0.02511376 -0.04320269 -0.02906799 0.02504998 -0.04327625 -0.02905941 0.02437347 -0.04342365 -0.02962172 0.02270352 -0.04588985 -0.0277276 0.02262568 -0.04597538 -0.02761155 0.0212875 -0.04626029 -0.02856492 0.02192729 -0.04687201 -0.02560806 0.02192628 -0.04693239 -0.02526909 0.02166301 -0.04702633 -0.02523171 0.02192616 -0.04693889 -0.02523255 0.02194499 -0.04696226 -0.02503418 0.02192777 -0.04684382 -0.02576649 0.01998758 -0.04737925 -0.02638959 0.02197355 -0.04675877 -0.0260716 0.02209997 -0.0465762 -0.02659308 0.0220052 -0.04670011 -0.02628195 0.02045029 -0.04708379 -0.02713525 0.02261012 -0.04599249 -0.0275886 0.02237415 -0.04625177 -0.02723699 0.02088475 -0.04670995 -0.02786237 0.02222478 -0.04642397 -0.02692008 0.02215331 -0.04650622 -0.02676868 0.02312046 -0.0454353 -0.02817559 0.02388828 -0.04458963 -0.0286948 0.02370893 -0.04478853 -0.02859878 0.02198356 -0.0451498 -0.02987265 0.0235663 -0.04494673 -0.02852225 0.02474021 -0.04363346 -0.0290184 0.02435505 -0.04406791 -0.0288949 0.02410936 -0.04412627 -0.02910012 0.0241611 -0.04428672 -0.02883267 0.02594643 -0.04224509 -0.02907586 0.02579295 -0.0424214 -0.02908337 0.02458846 -0.04267191 -0.0300945 0.02538228 -0.04289317 -0.02910351 0.02691978 -0.04123359 -0.02877461 0.02665448 -0.04149258 -0.02888309 0.02654856 -0.0415154 -0.0289824 0.02652859 -0.0416153 -0.02893459 0.02475327 -0.04187738 -0.03051495 0.02651309 -0.04163038 -0.02894097 0.02617269 -0.04199951 -0.02902191 0.02830862 -0.04080742 -0.02749985 0.02819949 -0.04073125 -0.02767378 0.02838408 -0.04033899 -0.02768725 0.02807378 -0.0406844 -0.02784496 0.02765011 -0.0407291 -0.0282911 0.02667665 -0.04069548 -0.02933412 0.0278052 -0.04068267 -0.0281468 0.02794259 -0.0406686 -0.02800196 0.0274623 -0.04082 -0.02844339 0.02723366 -0.04097133 -0.02860087 0.02714169 -0.0410481 -0.02865177 0.02834439 -0.0408324 -0.02744299 0.02998542 -0.03998273 -0.0259459 0.0285024 -0.04102176 -0.0271297 0.02868008 -0.04144436 -0.02658647 0.02877461 -0.04236567 -0.02556782 0.0293489 -0.04228293 -0.02486538 0.02877479 -0.04242449 -0.02550482 0.02859681 -0.04323732 -0.02465838 0.02866578 -0.04306071 -0.02483969 0.02877509 -0.04247623 -0.02544957 0.02824169 -0.0441963 -0.0234577 0.0280779 -0.04423838 -0.02363777 0.02810305 -0.04420876 -0.02366679 0.02820158 -0.04404699 -0.02383095 0.02842259 -0.04368418 -0.02419918 0.02842813 -0.04366976 -0.02421402 0.02778118 -0.04472523 -0.02293258 0.02760595 -0.04476869 -0.02312159 0.0276876 -0.04469668 -0.02318763 0.02700126 -0.04526138 -0.0226826 0.02719599 -0.04512929 -0.02278995 0.02728062 -0.04519206 -0.02238655 0.02758568 -0.04478645 -0.02310526 0.02660799 -0.04552781 -0.02246606 0.02671647 -0.0454545 -0.02252572 0.02546197 -0.04608929 -0.0221799 0.02550458 -0.04607021 -0.02218687 0.02606189 -0.04582279 -0.02227848 0.02624773 -0.04572248 -0.02234238 0.0235188 -0.04670941 -0.02262455 0.02383619 -0.04662585 -0.0224536 0.02418708 -0.04654598 -0.02202588 0.02436077 -0.04647439 -0.02227127 0.02440559 -0.04645985 -0.02226352 0.02270168 -0.0469042 -0.02330428 0.0230509 -0.04682618 -0.02294987 0.02313506 -0.04680556 -0.02288675 0.02339798 -0.04674118 -0.0226897 0.02487421 -0.04630833 -0.02218276 0.0252546 -0.04616653 -0.02218085 0.02194792 -0.04696315 -0.0250197 0.02204209 -0.04699367 -0.02454239 0.02216875 -0.04699301 -0.0241695 0.02268242 -0.04690849 -0.02332377 0.01950067 -0.04759365 -0.02563196 0.02982968 -0.0448727 -0.01659715 0.0287137 -0.04521048 -0.01821339 0.03083807 -0.04455518 -0.01492118 0.03173476 -0.0442633 -0.01319038 0.03251671 -0.04400098 -0.01141077 0.0331813 -0.04377198 -0.009588956 0.03372591 -0.04358017 -0.007731556 0.03414803 -0.04342919 -0.005845308 0.0346176 -0.04325991 -0.002014756 0.03444558 -0.04332226 -0.003937244 0.03458285 -0.04327219 0.001841664 0.03466349 -0.04324311 -8.5916e-5 0.03437507 -0.04334789 0.003760457 0.03404098 -0.04346859 0.005662739 0.03358328 -0.04363137 0.007541418 0.03300392 -0.04383355 0.009389579 0.0379796 -0.03641569 0.01181071 0.03803825 -0.03490406 0.01199418 0.0379666 -0.03492218 0.01223129 0.03743171 -0.0350542 0.01370793 0.03858876 -0.03476548 0.01017135 0.03864508 -0.03623229 0.009503185 0.0387153 -0.03473293 0.009653627 0.03932315 -0.03457599 0.006967604 0.03926128 -0.03459227 0.007275342 0.03917104 -0.03608447 0.007157564 0.03909838 -0.03463459 0.008085072 0.03877449 -0.03471773 0.009410917 0.03955477 -0.03597491 0.004783034 0.03964638 -0.03459209 0.004858613 0.03962808 -0.03459465 0.004988551 0.03945708 -0.03461885 0.006207406 0.03979349 -0.03590637 0.00238806 0.0398941 -0.03452378 0.002428889 0.03974086 -0.0345788 0.004185855 0.03998398 -0.0344026 -1.267e-5 0.03997719 -0.03440439 5.02455e-4 0.03988611 -0.03587985 -1.7968e-5 0.039967 -0.03440696 0.001265048 0.0399273 -0.03451186 0.002047598 0.0398333 -0.0358951 -0.002425551 0.03993242 -0.03441631 -0.002458155 0.03999602 -0.03439962 -9.15822e-4 0.03969752 -0.03447777 -0.005268514 0.0397334 -0.03446835 -0.004895508 0.03963571 -0.03595167 -0.004825115 0.03981983 -0.03444588 -0.003996551 0.03990596 -0.03442335 -0.00309962 0.03941828 -0.03455042 -0.007156312 0.039294 -0.03604871 -0.007207036 0.03938722 -0.03456449 -0.007314205 0.03880906 -0.0361858 -0.009561836 0.0390532 -0.03471499 -0.009011924 0.03916448 -0.0346648 -0.008446514 0.03801798 -0.03506129 -0.01279056 0.03824508 -0.0349884 -0.01204127 0.03818339 -0.03635978 -0.01188087 0.03853988 -0.03489357 -0.01106828 0.03888255 -0.03477436 -0.009695529 0.03552347 -0.0362575 -0.01868945 0.03554475 -0.0357427 -0.01870435 0.03638339 -0.03553617 -0.01697558 0.03641843 -0.0355274 -0.0169031 0.03655457 -0.03548949 -0.01658195 0.03426665 -0.03591418 -0.02097946 0.03432196 -0.03591597 -0.02088797 0.0343526 -0.0365355 -0.0207954 0.0346052 -0.03592538 -0.02041971 0.03551137 -0.03574913 -0.01876533 0.03305763 -0.03683108 -0.022825 0.0316435 -0.03713977 -0.02477222 0.03172981 -0.03634077 -0.02469682 0.0326628 -0.03614693 -0.02344936 0.03300523 -0.0360729 -0.02293741 0.03381001 -0.03589898 -0.02173429 0.03011548 -0.03745692 -0.02663159 0.03137946 -0.03641355 -0.02516531 0.03158569 -0.03637075 -0.0248897 0.02686077 -0.03726118 -0.02999901 0.0284059 -0.03698635 -0.02851539 0.02847838 -0.03777831 -0.0283969 0.02852421 -0.03696525 -0.02840179 0.02879518 -0.03691422 -0.0281111 0.02997756 -0.0366913 -0.02684259 0.0300526 -0.0366764 -0.02675271 0.02665549 -0.03729546 -0.03017508 0.02673727 -0.03809928 -0.03006219 0.0254932 -0.03748929 -0.03117179 0.02489709 -0.03841549 -0.03162187 0.0251972 -0.03753852 -0.03142565 0.0229631 -0.03872209 -0.03306978 0.02289521 -0.03810071 -0.03314638 0.02374738 -0.03794699 -0.03254652 0.02457398 -0.03763777 -0.0319209 0.02481168 -0.03759998 -0.03173208 0.0207749 -0.03841912 -0.0345413 0.02087771 -0.038405 -0.03447568 0.02094 -0.03901517 -0.03440028 0.02189093 -0.03826528 -0.03382802 0.02228045 -0.0382117 -0.03357917 0.01897335 -0.03862208 -0.03557336 0.01883387 -0.03929007 -0.03560751 0.01876807 -0.03864139 -0.03567749 0.01665246 -0.03954327 -0.03668689 0.01719868 -0.03878897 -0.03647315 0.01797848 -0.03871566 -0.03607773 0.0141381 -0.03891801 -0.03777766 0.01432806 -0.03891938 -0.03770262 0.01440411 -0.03977119 -0.03763389 0.01523238 -0.03892606 -0.0373454 0.01658082 -0.038832 -0.03674721 0.01209712 -0.03997039 -0.0384441 0.01202839 -0.03909122 -0.0385068 0.01207953 -0.03908765 -0.03849208 0.01383686 -0.03894287 -0.0378822 0.0100407 -0.03922939 -0.03907889 0.009739875 -0.04013741 -0.03911262 0.009680569 -0.03924971 -0.03916233 0.007341384 -0.04026985 -0.03963655 0.00802356 -0.03934311 -0.0395466 0.009530842 -0.03925818 -0.03919708 0.004879236 -0.0394665 -0.04004627 0.005104482 -0.03945976 -0.04001915 0.004911839 -0.04036617 -0.04001355 0.005848646 -0.03943747 -0.03992962 0.007294178 -0.03937482 -0.03967499 0.003698647 -0.0395019 -0.04018825 6.14253e-4 -0.03954213 -0.04034775 0 -0.03954511 -0.04035949 0 -0.04950666 -0.03121984 0.002089798 -0.04948532 -0.03116112 0 -0.04950845 -0.03120929 0.006233215 -0.04931288 -0.03069508 0.0102716 -0.04898023 -0.02977591 0.008269906 -0.0491659 -0.03029119 0.01223075 -0.04875898 -0.02915149 0.01414018 -0.04850566 -0.02842146 0.01778197 -0.04791891 -0.02665811 0.02808248 -0.04522138 -0.02029496 0 -0.04933929 -0.03220003 0.002147257 -0.04934859 -0.03214401 0.00428462 -0.0492801 -0.03196078 0.004392683 -0.04904437 -0.03291779 0.006402969 -0.0491684 -0.03165739 0.006563663 -0.04892873 -0.03260225 0.008493363 -0.0490148 -0.03123617 0.008705019 -0.04877007 -0.03216391 0.01054656 -0.04882127 -0.03069877 0.01080703 -0.04857003 -0.03160506 0.0125544 -0.04859048 -0.03004795 0.01286119 -0.04833173 -0.03092867 0.01450961 -0.04832667 -0.02928775 0.01485997 -0.04805946 -0.03013902 0.01640498 -0.04803395 -0.02842193 0.01679599 -0.04775768 -0.0292406 0.01823323 -0.04771661 -0.02745467 0.01866161 -0.04743099 -0.02823793 0.02963626 -0.04381275 -0.02180135 0.02915763 -0.04434317 -0.021317 0.03137326 -0.04285562 -0.02049458 0.03045815 -0.04259049 -0.02269911 0 -0.0487917 -0.03410536 0.002252221 -0.04878723 -0.03404587 0.004493594 -0.04871481 -0.03384768 0.004586279 -0.048294 -0.03474158 0.006713688 -0.0485965 -0.03352046 0.006851673 -0.04817378 -0.03440302 0.008902728 -0.04843384 -0.03306597 0.009084701 -0.04800868 -0.0339334 0.01105058 -0.04822903 -0.03248643 0.01127475 -0.04780066 -0.03333467 0.01314812 -0.04798501 -0.03178548 0.01341277 -0.047553 -0.03261065 0.01518791 -0.04770648 -0.03096789 0.01549077 -0.04727023 -0.03176647 0.01716238 -0.04739797 -0.03003811 0.01750093 -0.04695737 -0.03080737 0.01906365 -0.0470643 -0.02900135 0.0194357 -0.04661911 -0.0297383 0 -0.0478875 -0.03586858 0 -0.04727053 -0.0366556 0.002340853 -0.0478599 -0.03580117 0.002377927 -0.04727011 -0.03660219 0.004669845 -0.04778581 -0.03559029 0.004743576 -0.04719597 -0.03638577 0.006976187 -0.04766458 -0.03524166 0.007086098 -0.04707479 -0.03602808 0.009249031 -0.04749822 -0.03475797 0.009394347 -0.04690831 -0.03553181 0.01147753 -0.04728859 -0.0341416 0.01165711 -0.0466988 -0.03489965 0.01365238 -0.04703915 -0.03339636 0.01386499 -0.04644936 -0.0341354 0.0157653 -0.04675453 -0.0325278 0.01600939 -0.04616487 -0.03324472 0.01780849 -0.04643958 -0.03154122 0.01808261 -0.04585009 -0.03223353 0.01977413 -0.04609936 -0.03044259 0.02007657 -0.04551017 -0.03110766 0.02165466 -0.04573863 -0.02923697 0.02331757 -0.0452193 -0.02832895 0.03079473 -0.04190772 -0.02310526 0.03107756 -0.04118317 -0.02347832 0.03266751 -0.04007261 -0.02192455 0.03130507 -0.04042249 -0.02381592 0.03411018 -0.0389654 -0.02021569 0.03285259 -0.03929108 -0.02220398 0.03147631 -0.0396319 -0.02411603 0 -0.04588019 -0.03807157 0.002435505 -0.04586821 -0.03800958 0.004806756 -0.0465306 -0.0371198 0.004858613 -0.0457955 -0.03778439 0.007180333 -0.0464102 -0.03675442 0.007257819 -0.04567682 -0.03741258 0.0095191 -0.04624491 -0.03624737 0.009621918 -0.04551392 -0.03689652 0.01181179 -0.04603689 -0.03560119 0.0119394 -0.0453087 -0.03623902 0.01404833 -0.0457893 -0.03482031 0.0142005 -0.0450645 -0.0354442 0.01622068 -0.04550671 -0.03391045 0.01639688 -0.04478591 -0.0345183 0.01832062 -0.04519432 -0.03287756 0.01851999 -0.0444777 -0.03346699 0.02034008 -0.04485672 -0.03172755 0.02056187 -0.04414469 -0.03229641 0.02227127 -0.04449903 -0.03046643 0.0225147 -0.04379165 -0.03101265 0.004898369 -0.04499745 -0.03837186 0.004925847 -0.04414445 -0.0388773 0.007317483 -0.04488116 -0.0379951 0.007358968 -0.04403126 -0.0384972 0.009701371 -0.0447216 -0.037472 0.009757101 -0.04387587 -0.03796958 0.0120387 -0.04452049 -0.03680568 0.0121091 -0.04368019 -0.03729712 0.01431959 -0.0442813 -0.03600025 0.01440495 -0.04344701 -0.03648406 0.01653563 -0.04400813 -0.03506141 0.01663637 -0.04318106 -0.03553617 0.0186783 -0.04370594 -0.03399538 0.01879477 -0.04288643 -0.03445935 0.02073949 -0.0433793 -0.0328083 0.02087169 -0.0425679 -0.03325957 0.02271109 -0.043033 -0.031506 0.02285969 -0.04223001 -0.03194278 0 -0.04332238 -0.03957629 0.002476572 -0.0433126 -0.0395286 0.004941046 -0.04324567 -0.03929764 0.004943788 -0.04231029 -0.03962939 0.007382154 -0.04313611 -0.03891587 0.007387042 -0.04220479 -0.03924757 0.00978893 -0.04298573 -0.03838568 0.009796738 -0.04206001 -0.03871721 0.01215022 -0.04279625 -0.03771007 0.01216202 -0.0418775 -0.03804093 0.01445639 -0.04257059 -0.03689259 0.01447343 -0.04166013 -0.03722256 0.01669859 -0.0423128 -0.03593909 0.01672226 -0.04141151 -0.03626734 0.01886886 -0.04202729 -0.03485548 0.01890027 -0.04113602 -0.0351808 0.02095848 -0.04171818 -0.03364723 0.02099907 -0.0408377 -0.0339685 0.02295958 -0.04139006 -0.03232026 0.02301055 -0.04052042 -0.03263568 0.02486699 -0.04104757 -0.03088057 0.02492946 -0.04018902 -0.0311886 0.02675122 -0.03984832 -0.02963316 0.02847158 -0.03950279 -0.02797526 0 -0.04142552 -0.04015797 0.002472758 -0.04140919 -0.04009908 0.004934132 -0.0413475 -0.03986912 0.007373452 -0.04124647 -0.03948885 0.009780406 -0.04110777 -0.03896069 0.01214438 -0.04093277 -0.03828662 0.01445615 -0.04072409 -0.03747069 0.016707 -0.04048568 -0.03651762 0.01888877 -0.04022109 -0.03543251 0.02099305 -0.03993409 -0.03422039 0.02301186 -0.0396288 -0.03288656 0.02493965 -0.03930938 -0.03143668 0.02677166 -0.03898066 -0.02987658 0.03767639 -0.03796595 0.01154398 0.03177613 -0.04222196 -0.02089422 0.03297919 -0.04186999 -0.0190193 0.0333451 -0.04119622 -0.01935869 0.03444188 -0.0408703 -0.01738417 0.03476601 -0.04016363 -0.01766628 0.03575068 -0.03986948 -0.01559925 0.0363835 -0.04079341 0.01081722 0.0377745 -0.03923529 0.009013414 0.03700238 -0.0405848 0.008694708 0.03827452 -0.03907191 0.006782352 0.0374906 -0.04041671 0.006539404 0.03863888 -0.03895103 0.004525363 0.0378465 -0.0402925 0.004359126 0.0388655 -0.03887546 0.002250075 0.03806769 -0.04021459 0.002161145 0.0389536 -0.03884637 -3.5226e-5 0.03815358 -0.04018473 -4.6285e-5 0.03890329 -0.0388633 -0.002321839 0.03810465 -0.0402022 -0.002255082 0.03871566 -0.03892558 -0.00460124 0.0379213 -0.04026621 -0.004456937 0.03839105 -0.03903281 -0.006864786 0.03760439 -0.0403766 -0.006643474 0.03793025 -0.03918397 -0.009103834 0.03715443 -0.04053199 -0.008806407 0.03733503 -0.03937613 -0.01131069 0.03657329 -0.0407297 -0.0109384 0.03660786 -0.03960579 -0.01347821 0.03586298 -0.04096609 -0.01303279 0.03502559 -0.04123747 -0.01508224 0.03406351 -0.0415402 -0.01707988 0.03212803 -0.04154378 -0.02126777 0.03365641 -0.04048395 -0.01967245 0.03503406 -0.03942489 -0.0179243 0.03625249 -0.03837859 -0.01603478 0.03713011 -0.03812652 -0.01385551 0.03787529 -0.03790658 -0.01162719 0.03848522 -0.03772258 -0.009357511 0.03895777 -0.0375778 -0.007053971 0.0392906 -0.0374751 -0.00472486 0.03948318 -0.0374155 -0.002379119 0.03953462 -0.03739929 -2.5708e-5 0.03944438 -0.03742718 0.00232625 0.03921192 -0.0374996 0.004667699 0.03883808 -0.03761541 0.006989955 0.03832548 -0.03777176 0.009284853 0.02850329 -0.03864717 -0.02821248 0.0300861 -0.0391575 -0.02622115 0.03159046 -0.0388171 -0.0243768 0.03298008 -0.03848636 -0.02244836 0.03425049 -0.03817009 -0.02044183 0.03539741 -0.03787302 -0.01836323 0.0324257 -0.0408256 -0.0216118 0.03391188 -0.03973841 -0.01995867 0.03524488 -0.03865969 -0.01815718 0.03641659 -0.03759986 -0.0162189 0.03741979 -0.03656762 -0.01415598 0.03652119 -0.03680562 -0.01637876 0.03549069 -0.03707057 -0.01854109 0.03433161 -0.0373584 -0.02063566 0.03304862 -0.03766447 -0.02265596 0.03164649 -0.03798449 -0.02459627 0.03012979 -0.0383135 -0.02645045 0.03800255 -0.0350663 -0.0128417 0.03045016 -0.04451459 -0.01703256 0.02931922 -0.04486018 -0.0186963 0.02863848 -0.04481375 -0.02081358 0.03487902 -0.04281079 0.007949113 0.03534638 -0.04264265 0.005972266 0.03568708 -0.04251813 0.003971755 0.03589916 -0.04244029 0.001954436 0.03598141 -0.04241025 -7.1935e-5 0.0359345 -0.04242759 -0.002099514 0.03575897 -0.04249185 -0.004120588 0.03545546 -0.0426023 -0.006127119 0.03502476 -0.04275792 -0.008111417 0.03446859 -0.04295599 -0.01006627 0.03378939 -0.0431925 -0.01198518 0.03298968 -0.043464 -0.01386123 0.03207135 -0.04376631 -0.015688 0.03602838 -0.04178655 0.008336782 0.03650581 -0.04161679 0.006267011 0.03685379 -0.04149115 0.004172921 0.03707027 -0.04141259 0.002061784 0.03715419 -0.04138237 -5.8622e-5 0.03710639 -0.04139983 -0.002180278 0.0369271 -0.0414648 -0.004295349 0.0366171 -0.04157608 -0.006395339 0.03617703 -0.04173326 -0.008472681 0.03560882 -0.041933 -0.01051998 0.03491455 -0.04217195 -0.01253038 0.03409636 -0.04244613 -0.01449739 0.03315639 -0.0427519 -0.01641416 0.03103762 -0.04409569 -0.01745909 0.02989202 -0.04444652 -0.01916939 0.02412259 -0.04433012 -0.02882039 7.49947e-4 -0.01002979 0.04163753 7.4993e-4 -0.01006484 0.04163736 0 -0.02754515 0.0416404 7.49913e-4 -0.01010102 0.04163718 7.49896e-4 -0.01013839 0.041637 0.0223065 -0.02754515 0.03522711 0.02107906 -0.02754515 0.0359348 0.02134352 -0.02583366 0.0357998 0.02250319 -0.02664226 0.03510296 0.02329409 -0.0271781 0.03457969 0.02383559 -0.02754515 0.03422117 0.016927 -0.02754515 0.03807425 0.01697337 -0.02268832 0.0380578 0.01735329 -0.0229659 0.03787791 0.01896119 -0.02414077 0.03711652 0.01936155 -0.02442705 0.03690177 0.01962321 -0.02754515 0.03677409 0.02074438 -0.02541589 0.03615975 0.02108919 -0.0256564 0.0359525 0.012546 -0.02754515 0.03969281 0.01255148 -0.01936268 0.0397104 0.01304835 -0.01974356 0.03956192 0.01327145 -0.0199123 0.03948289 0.01501631 -0.02123147 0.03886419 0.01532286 -0.02145951 0.03873789 0.01692819 -0.02265465 0.03807646 0.01683348 -0.02754515 0.03811931 0.01395189 -0.02754515 0.03925526 0.00894314 -0.01658082 0.04067713 0.00911349 -0.01671278 0.04063552 0.008024513 -0.02754515 0.04086488 0.01098179 -0.01815986 0.04017919 0.01120108 -0.01832789 0.04011362 0.01099479 -0.02754515 0.04017561 0.003395259 -0.01222819 0.04149329 0.004751861 -0.01329839 0.04137063 0.003393769 -0.02754515 0.0414744 0.00490278 -0.01341688 0.04134953 0.007977664 -0.02754515 0.04087567 0.00701195 -0.01507318 0.04104661 0.008022367 -0.01586192 0.04085338 0.006841063 -0.01493978 0.04107946 0.004917204 -0.02754515 0.04135143 0.002813637 -0.01176947 0.04154592 0.002791941 -0.01175218 0.041547 0.001829922 -0.02754515 0.0416004 0.03517431 -0.03038066 0.02670538 0.03517323 -0.03038698 0.02667772 0.0351656 -0.03028559 0.0266478 0.03501933 -0.0300728 0.02562719 0.03496968 -0.02998745 0.02562779 0.03496307 -0.02992969 0.0260812 0.03394639 -0.02922368 0.02699893 0.0339452 -0.02921801 0.02700996 0.03404378 -0.02920883 0.02699679 0.03503865 -0.02959877 0.02715158 0.035169 -0.02999246 0.02708095 0.03513497 -0.02989512 0.02703678 0.03520029 -0.03019201 0.02717417 0.03519088 -0.03009223 0.02712702 0.03520125 -0.0301854 0.0271908 0.03496855 -0.0295189 0.02711021 0.0348888 -0.02944606 0.0270738 0.03480029 -0.02938115 0.02704238 0.03470432 -0.02932536 0.02701693 0.03460192 -0.02927953 0.0269978 0.03438365 -0.02921885 0.02697825 0.03449451 -0.029244 0.02698475 0.03415673 -0.02920109 0.02698415 0.03427058 -0.02920442 0.02697807 0.03406333 -0.02929598 0.02682006 0.03396648 -0.02931809 0.02681589 0.0339505 -0.02924317 0.02696108 0.03408539 -0.0293703 0.0266354 0.03398889 -0.02937406 0.02664303 0.034024 -0.0294615 0.02637219 0.03401756 -0.02944535 0.0264222 0.03410965 -0.02943193 0.02644425 0.0340138 -0.02943629 0.02645009 0.03399217 -0.02938228 0.02661728 0.03404241 -0.02947998 0.02625179 0.03413635 -0.02948069 0.02624756 0.03404682 -0.02948439 0.02622318 0.0341655 -0.02951639 0.02604657 0.03407359 -0.02951109 0.02604871 0.03419685 -0.0295394 0.02584242 0.03409808 -0.02953577 0.02588808 0.03407722 -0.02951472 0.02602499 0.03413921 -0.02954512 0.0256505 0.03410816 -0.02953809 0.0258302 0.03410571 -0.02953743 0.02584439 0.03514152 -0.03054517 0.02562576 0.03513699 -0.03045099 0.02562576 0.03515309 -0.03050523 0.02616417 0.03511852 -0.03034955 0.02562606 0.03510606 -0.0302813 0.02562618 0.03510344 -0.03020358 0.02611595 0.03513628 -0.03044658 0.02562576 0.03514665 -0.03018349 0.02661818 0.0350663 -0.03010761 0.02610331 0.03501933 -0.03001618 0.02609175 0.03502339 -0.02989596 0.02653837 0.03496158 -0.02981019 0.02651578 0.03509598 -0.030254 0.0256263 0.03506183 -0.03016138 0.02562659 0.03504633 -0.03011929 0.02562683 0.03489375 -0.02979767 0.02628666 0.03489065 -0.02973109 0.02649557 0.03481763 -0.02972519 0.0262739 0.03481143 -0.02965962 0.02647805 0.03473418 -0.02966088 0.02626299 0.03472489 -0.02959686 0.0264635 0.03464448 -0.02960586 0.02625465 0.0346316 -0.02954351 0.02645218 0.03454911 -0.02956032 0.02624845 0.0345332 -0.02950012 0.02644401 0.03444951 -0.0295248 0.02624464 0.0344305 -0.02946692 0.02643913 0.03434669 -0.02949947 0.0262432 0.03432488 -0.02944433 0.02643758 0.03424209 -0.02948457 0.02624416 0.03421753 -0.02943259 0.02643918 0.03489816 -0.02984952 0.0260716 0.0348252 -0.02977645 0.0260635 0.03474521 -0.02971112 0.02605652 0.03465867 -0.02965468 0.02605116 0.03456676 -0.02960735 0.02604722 0.03447031 -0.02956956 0.02604478 0.03437066 -0.02954155 0.02604389 0.03426861 -0.02952373 0.02604442 0.03495979 -0.0299701 0.02562785 0.03490418 -0.02988636 0.0258519 0.0348345 -0.02981305 0.0258482 0.03475767 -0.02974718 0.02584522 0.03467458 -0.02968972 0.02584296 0.03458595 -0.02964097 0.02584135 0.0344929 -0.02960109 0.02584058 0.0343964 -0.02957069 0.02584046 0.0342974 -0.02955007 0.02584099 0.03423058 -0.02954936 0.02563655 0.03423571 -0.02954953 0.02563649 0.0343278 -0.02956628 0.02563536 0.03440541 -0.02958059 0.0256344 0.03417479 -0.02929067 0.02681028 0.03428673 -0.02929675 0.02680599 0.0343976 -0.0293138 0.02680701 0.03503257 -0.02971309 0.02695643 0.03496289 -0.02972763 0.02672278 0.03496509 -0.02963048 0.02692145 0.03488898 -0.02964997 0.02669721 0.03488832 -0.0295549 0.02689033 0.03480648 -0.02958029 0.0266751 0.03480285 -0.02948725 0.02686369 0.03471678 -0.0295192 0.0266568 0.03470999 -0.02942866 0.0268417 0.0346204 -0.02946811 0.02664268 0.0346105 -0.02938008 0.02682489 0.03451871 -0.02942717 0.0266326 0.03450596 -0.02934163 0.02681332 0.03441309 -0.02939659 0.026627 0.03430479 -0.0293768 0.02662557 0.03419518 -0.02936798 0.02662837 0.03511637 -0.03008377 0.02658993 0.03508937 -0.0298016 0.02699506 0.03507512 -0.02998745 0.0265631 0.034909 -0.0299099 0.02562838 0.03484869 -0.02983808 0.02562928 0.03476941 -0.0297715 0.02563017 0.03471648 -0.0297271 0.02563077 0.03460586 -0.0296626 0.02563208 0.03456729 -0.02964031 0.02563256 0.03451657 -0.0296216 0.02563315 0.025038 -0.02464598 0.03486168 0.02487719 -0.0248028 0.03476518 0.02281016 -0.02366918 0.03594708 0.02707457 -0.02569633 0.03357982 0.02689576 -0.02585816 0.0334683 0.03233742 -0.02860218 0.02875483 0.03211408 -0.02880567 0.02863276 0.03033328 -0.02806079 0.0302965 0.03013557 -0.02827507 0.03020328 0.02994686 -0.02850377 0.03012722 0.02811795 -0.02761399 0.03170049 0.03329396 -0.0279963 0.02939271 0.0314123 -0.02724057 0.03099358 0.02945739 -0.0263741 0.03247559 0.0274384 -0.02540981 0.03384006 0.02536439 -0.02436149 0.03508836 0.02095985 -0.02219468 0.03715682 0.023099 -0.02337688 0.03612023 0.01879101 -0.02096349 0.03808009 0.01659566 -0.01968938 0.03889238 0.01437616 -0.01837706 0.03959608 0.01199609 -0.01720875 0.0401439 0.009762048 -0.01580375 0.04065376 0.00751245 -0.01437479 0.0410577 0.005253732 -0.0129292 0.04135572 0.002991974 -0.0114746 0.04154819 0.002858161 -0.01165992 0.04154402 0.005018413 -0.01325458 0.04134297 0.007175624 -0.01483982 0.0410313 0.009216904 -0.01656162 0.04061925 0.01132619 -0.01814085 0.04009079 0.01341652 -0.0196883 0.03945088 0.01548558 -0.0211988 0.03869688 0.01753091 -0.02266705 0.03782618 0.01955038 -0.02408772 0.03683608 0.0215407 -0.02545428 0.03572428 0.02450489 -0.02766221 0.03376585 0.02349466 -0.02675336 0.03448945 0.02517706 -0.02777993 0.03330868 0.02533817 -0.02780807 0.03319907 0.02686196 -0.0280748 0.03216242 0.02652919 -0.0280165 0.0323888 0.0256437 -0.02749782 0.03308165 0.0258519 -0.02789795 0.03284955 0.027951 -0.02784109 0.03165102 0.02779257 -0.02807718 0.03161793 0.02591747 -0.0270428 0.03309088 0.02767401 -0.02821683 0.03161007 0.02720886 -0.02813541 0.03192645 0.02857428 -0.02837449 0.03099757 0.0283851 -0.02834135 0.03112632 0.02789068 -0.02825468 0.03146272 0.02927309 -0.02848315 0.03051078 0.0292561 -0.0284807 0.03052276 0.02886223 -0.02842479 0.03080177 0.0314753 -0.02879625 0.02895057 0.03130245 -0.02877163 0.02907294 0.0306189 -0.02867448 0.02955722 0.03037452 -0.02863979 0.02973031 0.02993667 -0.02857756 0.03004056 0.03335762 -0.02906048 0.02761119 0.0332176 -0.02904385 0.0277161 0.03267323 -0.0289666 0.02810186 0.03257548 -0.02895259 0.02817106 0.03200721 -0.02887189 0.02857369 0.03374338 -0.02910608 0.02732205 0.03256869 -0.02841848 0.02889299 0.03280621 -0.02825546 0.02904599 0.03304857 -0.02811431 0.02921295 0.0142098 -0.01858341 0.03952711 0.01640087 -0.01992213 0.03880137 0.01856637 -0.02121973 0.03796416 0.03198719 -0.02886909 0.02858781 0.02829289 -0.02739757 0.03176593 0.02622073 -0.02661252 0.03315883 0.02638185 -0.0264092 0.03321468 0.02654868 -0.02621525 0.03328526 0.02847492 -0.02719265 0.03184759 0.02866321 -0.0270003 0.03194487 0.03053873 -0.02786189 0.03040629 0.03075075 -0.02767956 0.0305317 0.02456337 -0.02514261 0.034608 0.02426409 -0.02551347 0.03450119 0.0225284 -0.0239886 0.035815 0.0222575 -0.02433115 0.03572607 0.02045315 -0.02276688 0.03690469 0.02021002 -0.02307999 0.03683227 0.01834529 -0.02149003 0.0378769 0.0181294 -0.02177226 0.03781908 0.01620835 -0.02016448 0.0387333 0.0160194 -0.02041488 0.0386886 0.014045 -0.0187959 0.03947591 0.01388263 -0.01901376 0.03944259 0.01172208 -0.01757442 0.0400837 0.02672016 -0.02603137 0.03336989 0.02885669 -0.02682155 0.03205692 0.03096789 -0.02751451 0.03067195 0.02905428 -0.02665698 0.03218322 0.02925479 -0.02650749 0.03232306 0.0311889 -0.02736788 0.03082627 0.02725565 -0.02554661 0.03370386 0.02520066 -0.0244987 0.03496938 0.02070397 -0.02247095 0.03701335 0.002925038 -0.01156711 0.04154431 0.005135715 -0.01309132 0.0413441 0.007343113 -0.01460582 0.04103398 0.009540677 -0.01610285 0.04061383 0.02398389 -0.02590978 0.03444576 0.02372616 -0.02632516 0.03444188 0.02200073 -0.02469289 0.0356813 0.02176076 -0.0250687 0.03568089 0.01997715 -0.02340668 0.03679668 0.01975649 -0.02374368 0.036798 0.01792079 -0.02206403 0.03779155 0.01772069 -0.02236318 0.03779387 0.01583528 -0.0206719 0.03866761 0.01565688 -0.02093368 0.03867048 0.01372337 -0.01923573 0.03942739 0.01356768 -0.01946109 0.0394302 0.01158773 -0.01776152 0.04007309 0.01145559 -0.01795059 0.0400756 0.009431421 -0.01625478 0.04060691 0.009323477 -0.01640778 0.04060888 0.02544069 -0.02782607 0.03312939 0.02986478 -0.02856737 0.03009146 0.03515428 -0.03054517 0.02501857 0.03518295 -0.03054517 0.02365428 0.03542858 -0.03054517 0.0211144 0.03544908 -0.03054517 0.02100235 0.03588902 -0.03054517 0.01860475 0.03630852 -0.03054517 0.0170685 0.03656125 -0.03054517 0.01614326 0.02714329 -0.02844387 0.03182739 0.02646839 -0.02834695 0.03229868 0.0265007 -0.02819246 0.03234928 0.0271027 -0.02858227 0.03176259 0.02642947 -0.0284959 0.03223735 0.02439808 -0.0283966 0.03360849 0.0237466 -0.02831 0.034092 0.02378398 -0.02812469 0.03414613 0.03328722 -0.02917075 0.02749145 0.03260618 -0.029105 0.02798837 0.03123897 -0.0289613 0.02896749 0.03192329 -0.02903515 0.02848029 0.03184086 -0.02916628 0.02834028 0.02849555 -0.02952587 0.02924245 0.03145927 -0.02950131 0.0276845 0.03135591 -0.02953398 0.02750599 0.03296452 -0.02947443 0.0269404 0.03305 -0.02942019 0.02708649 0.03313267 -0.02935129 0.02722769 0.03321188 -0.02926778 0.02736318 0.03389471 -0.02931356 0.02686828 0.0286293 -0.02947121 0.0294708 0.02869457 -0.0294311 0.0295822 0.03004157 -0.02948725 0.02857589 0.03015667 -0.02941703 0.02877426 0.03165853 -0.0293737 0.02802807 0.03156048 -0.02944779 0.02785927 0.0309624 -0.02934795 0.02849626 0.02882075 -0.02932578 0.0297966 0.02888095 -0.02926099 0.02989858 0.02957296 -0.02929157 0.02943086 0.02893882 -0.02918815 0.02999645 0.02968168 -0.02915418 0.02961558 0.0289942 -0.02910768 0.03008949 0.02904665 -0.02901995 0.03017765 0.02875846 -0.02938252 0.02969098 0.03021258 -0.02937209 0.02887028 0.030267 -0.02932053 0.02896368 0.03037095 -0.02919828 0.02914118 0.02978098 -0.02899003 0.02978307 0.02909618 -0.02892524 0.03026026 0.02914243 -0.02882421 0.03033709 0.0298267 -0.02889889 0.0298596 0.02922439 -0.0286051 0.03047198 0.02990895 -0.02870035 0.02999627 0.03046715 -0.02905184 0.0293045 0.03106147 -0.02924019 0.0286659 0.03055417 -0.02888351 0.02945089 0.03115409 -0.02911067 0.02882367 0.03175228 -0.02927953 0.02818906 0.03244292 -0.02931666 0.0277099 0.03059387 -0.02879196 0.02951705 0.03252702 -0.02921867 0.0278536 0.03127825 -0.02887976 0.02903366 0.02429199 -0.02872097 0.03344988 0.02357512 -0.02881038 0.03384321 0.02362471 -0.02869969 0.0339151 0.02364397 -0.02865678 0.03394293 0.02364808 -0.02864766 0.03394883 0.02434927 -0.02856338 0.03353554 0.02369832 -0.02848595 0.03402185 0.02372479 -0.02840089 0.03406023 0.0237348 -0.02836865 0.0340749 0.02379745 -0.02805757 0.03416574 0.02446919 -0.02804166 0.03371465 0.02443826 -0.02822208 0.03366839 0.0238099 -0.02793437 0.0341838 0.02382951 -0.02774107 0.03421229 0.02449065 -0.02785682 0.0337466 0.02383017 -0.02773451 0.03421318 0.023831 -0.02772563 0.03421443 0.02515631 -0.02797067 0.03328073 0.02494698 -0.0287826 0.03296089 0.02500432 -0.02863568 0.03304868 0.02566593 -0.02870559 0.03256535 0.02505439 -0.02847957 0.03312528 0.0257166 -0.02856016 0.03264451 0.02509659 -0.02831578 0.03318977 0.02576047 -0.02840703 0.03271281 0.02513062 -0.02814567 0.03324168 0.02579718 -0.02824759 0.03276991 0.02582657 -0.0280826 0.03281509 0.02353239 -0.02890598 0.03378105 0.02488255 -0.0289191 0.032862 0.02777981 -0.02866578 0.03128802 0.0277335 -0.02878725 0.03121238 0.0271781 -0.0282998 0.0318827 0.0278216 -0.02853798 0.0313555 0.02785831 -0.02840459 0.0314145 0.02854067 -0.02850633 0.0309444 0.02850246 -0.0286293 0.03088241 0.02918529 -0.02871733 0.03040772 0.02986931 -0.02880209 0.02993065 0.02279531 -0.0295313 0.03271198 0.02558535 -0.02953743 0.03088295 0.02298897 -0.02947098 0.03299278 0.02575707 -0.02948147 0.03115981 0.02567178 -0.0295161 0.03102231 0.02281165 -0.02952897 0.0327354 0.0228796 -0.02951896 0.03283405 0.02292126 -0.02950066 0.03289455 0.02322918 -0.02931088 0.03334122 0.02592211 -0.02937376 0.03142565 0.02317363 -0.02935266 0.0332607 0.02584069 -0.0294339 0.0312947 0.02350139 -0.02895516 0.03373605 0.0248115 -0.02904379 0.03275287 0.0234965 -0.02896279 0.03372913 0.02473431 -0.02915602 0.03263449 0.02341878 -0.02908617 0.0336163 0.02323478 -0.02930468 0.03334921 0.0233286 -0.02919936 0.03348547 0.02465206 -0.02925527 0.03250819 0.02334433 -0.02918159 0.03350836 0.02339297 -0.02912718 0.03357887 0.0230292 -0.02945321 0.03305119 0.02305489 -0.02944195 0.0330885 0.02313286 -0.02938336 0.03320157 0.02638435 -0.02863848 0.032166 0.02633327 -0.02877318 0.03208476 0.0276826 -0.02890151 0.03112936 0.02627652 -0.02889955 0.0319944 0.02762752 -0.02900809 0.03103888 0.02621454 -0.02901625 0.03189516 0.02756851 -0.02910608 0.03094166 0.0261476 -0.02912247 0.03178787 0.02750599 -0.02919489 0.03083819 0.02607613 -0.02921766 0.03167325 0.02744007 -0.02927428 0.03072905 0.02600079 -0.0293017 0.03155225 0.02737146 -0.02934408 0.03061509 0.02730029 -0.02940386 0.03049677 0.02722728 -0.02945339 0.03037506 0.02856278 -0.0295028 0.02935737 0.03514748 -0.0302813 0.02365237 0.03427839 -0.02954953 0.02360546 0.03453135 -0.02954953 0.020989 0.0350058 -0.02954953 0.01840347 0.03569829 -0.02954953 0.01586765 0.03586 -0.02958059 0.01591932 0.03601419 -0.02964031 0.01596856 0.03615629 -0.0297271 0.01601392 0.0362823 -0.02983808 0.01605415 0.03638792 -0.0299701 0.01608788 0.03647059 -0.03011929 0.01611429 0.03652745 -0.0302813 0.01613247 0.03655689 -0.03045099 0.01614195 0.03588473 -0.03045099 0.0186038 0.0351786 -0.03045099 0.02365398 0.03508788 -0.03011929 0.02364903 0.03500133 -0.0299701 0.02364438 0.03489047 -0.02983808 0.02363842 0.0347585 -0.0297271 0.02363139 0.03460949 -0.02964031 0.02362328 0.03444778 -0.02958059 0.02361458 0.03517132 -0.02958059 0.0184412 0.03532928 -0.02964031 0.0184772 0.03547471 -0.0297271 0.0185104 0.03560358 -0.02983808 0.0185396 0.03571176 -0.0299701 0.0185644 0.03579628 -0.03011929 0.01858365 0.03585451 -0.0302813 0.01859682 0.03469949 -0.02958059 0.0210126 0.03485983 -0.02964031 0.02103495 0.03500759 -0.0297271 0.02105551 0.03513842 -0.02983808 0.02107381 0.03524839 -0.0299701 0.02108925 0.03533422 -0.03011929 0.02110129 0.03539341 -0.0302813 0.02110958 0.03542417 -0.03045099 0.02111387 0.004916131 -0.02773469 0.04134249 0.01099228 -0.02773469 0.04016697 0.01394903 -0.02773469 0.03924673 0.01961898 -0.02773469 0.03676629 0.02230167 -0.02773469 0.03521949 0.0221107 -0.02870219 0.03491467 0.02151495 -0.02947902 0.03396445 0.01876693 -0.02953815 0.0351538 0.01609879 -0.02953815 0.03644025 0.01051497 -0.02953815 0.03840678 0.007629454 -0.02953815 0.03907632 0.001750051 -0.02953815 0.03976947 0 -0.02953815 0.03980749 0.004702568 -0.02953815 0.03953135 0.01334309 -0.02953815 0.03752648 0.02133303 -0.02953815 0.03367424 0.02168869 -0.02936166 0.03424161 0.02184909 -0.02918922 0.03449743 0.02199119 -0.02896726 0.03472399 0.02220398 -0.02840232 0.03506356 0.02226829 -0.02807652 0.0351662 0 -0.02773469 0.0416314 0.001829504 -0.02773469 0.0415914 0.001826763 -0.02807652 0.04152858 0 -0.02807652 0.04156839 0.001821517 -0.02840232 0.04140758 0 -0.02840232 0.04144728 0.001813948 -0.02870219 0.04123198 0 -0.02870219 0.0412715 0.001804113 -0.02896726 0.04100728 0 -0.02896726 0.0410465 0.00179249 -0.02918922 0.04074007 0 -0.02918922 0.04077917 0.001779258 -0.02936166 0.04043847 0 -0.02936166 0.04047721 0.001765072 -0.02947902 0.04011166 0 -0.02947902 0.0401501 0.01958966 -0.02807652 0.03671061 0.01953303 -0.02840232 0.03660351 0.01945108 -0.02870219 0.03644818 0.01934581 -0.02896726 0.03624922 0.01922088 -0.02918922 0.0360127 0.01907986 -0.02936166 0.03574579 0.01892703 -0.02947902 0.03545659 0.01682978 -0.02773469 0.03811109 0.01680457 -0.02807652 0.03805345 0.01675599 -0.02840232 0.0379424 0.01668566 -0.02870219 0.03778153 0.01659548 -0.02896726 0.03757536 0.01648825 -0.02918922 0.03733032 0.01636719 -0.02936166 0.03705376 0.01623618 -0.02947902 0.03675407 0.01392817 -0.02807652 0.03918737 0.01388788 -0.02840232 0.0390731 0.01382952 -0.02870219 0.0389074 0.01375472 -0.02896726 0.03869521 0.01366597 -0.02918922 0.0384429 0.01356559 -0.02936166 0.03815823 0.013457 -0.02947902 0.03784966 0.01097583 -0.02807652 0.04010623 0.01094412 -0.02840232 0.03998935 0.01089817 -0.02870219 0.03981971 0.01083928 -0.02896726 0.03960263 0.01076918 -0.02918922 0.03934448 0.01069027 -0.02936166 0.0390532 0.01060461 -0.02947902 0.03873741 0.007975935 -0.02773469 0.04086685 0.007964015 -0.02807652 0.04080516 0.007941007 -0.02840232 0.04068619 0.007907629 -0.02870219 0.04051369 0.007864892 -0.02896726 0.04029273 0.007814049 -0.02918922 0.04003018 0.00775671 -0.02936166 0.03973382 0.007694602 -0.02947902 0.03941261 0.0049088 -0.02807652 0.04128009 0.004894614 -0.02840232 0.04115968 0.00487405 -0.02870219 0.04098522 0.004847586 -0.02896726 0.04076182 0.004816353 -0.02918922 0.04049623 0.004780948 -0.02936166 0.04019641 0.004742681 -0.02947902 0.03987157 0.02667647 -0.04286521 -0.02769523 0.0238415 -0.046489 -0.02372843 0.024553 -0.04601198 -0.02461558 0.02520143 -0.04540091 -0.0254684 0.02577716 -0.04466468 -0.0262742 0.0262717 -0.04381525 -0.02702057 0.02698439 -0.04182809 -0.02828699 0.02470368 -0.04613518 0.02320909 0.02528816 -0.04572522 0.02485013 0.02584964 -0.04523998 0.0264787 -0.02366155 -0.0465613 0.02185726 -0.02365022 -0.0465635 0.02186465 -0.02363681 -0.0465691 0.02183848 -0.02310431 -0.04588782 0.02742165 -0.0229603 -0.04595965 0.0272789 -0.02319508 -0.0458554 0.02745121 -0.02731055 -0.04547309 0.02220648 -0.02731597 -0.04547172 0.02220559 -0.02748543 -0.04540038 0.02235811 -0.0275551 -0.04537165 0.0224173 -0.02764928 -0.04532819 0.02252215 -0.02777427 -0.04527103 0.02265578 -0.0277692 -0.04527217 0.02266049 -0.02814161 -0.04507756 0.02319109 -0.02812939 -0.04508048 0.0231989 -0.02806752 -0.04511868 0.02307856 -0.02797216 -0.04517376 0.02291345 -0.0279408 -0.04518729 0.02288311 -0.02780127 -0.04525715 0.02269738 -0.02778369 -0.04526531 0.02267718 -0.0282815 -0.04498642 0.02349448 -0.02828878 -0.04498696 0.02348339 -0.0283885 -0.04490226 0.0237962 -0.02840507 -0.04489958 0.02378976 -0.0284388 -0.04486268 0.02393758 -0.02849185 -0.04481732 0.02410686 -0.02852731 -0.04475778 0.02437186 -0.02854788 -0.04474139 0.02443176 -0.02853333 -0.04475069 0.02440118 -0.02856868 -0.04462659 0.0250082 -0.02854359 -0.04461669 0.02509301 -0.02856886 -0.04462695 0.02500551 -0.02856159 -0.04465299 0.02487689 -0.02857047 -0.04463338 0.02496922 -0.02857178 -0.04464101 0.02492767 -0.02777105 -0.0444687 0.02701199 -0.0278306 -0.04446518 0.02693939 -0.02783215 -0.04446417 0.02694076 -0.0278632 -0.04446309 0.02689957 -0.02793502 -0.04446011 0.02680695 -0.02800291 -0.04446065 0.02670115 -0.02803087 -0.04445928 0.02666777 -0.02812856 -0.04446452 0.02649348 -0.02819919 -0.04446643 0.02637505 -0.02819132 -0.04447025 0.02637118 -0.02738207 -0.04449909 0.02744519 -0.02735978 -0.04451459 0.0274145 -0.02754235 -0.04448825 0.0272625 -0.0276851 -0.04446041 0.02717119 -0.02770948 -0.04447221 0.02708715 -0.02785569 -0.0444507 0.02696067 -0.02621179 -0.04475849 0.02802693 -0.02641201 -0.04470849 0.02794992 -0.02651858 -0.04468053 0.0279197 -0.02681297 -0.04461383 0.02777916 -0.02681452 -0.04461276 0.02778249 -0.0268169 -0.044613 0.02777749 -0.0270189 -0.04457312 0.02765649 -0.02599275 -0.0448209 0.02806878 -0.0262075 -0.0447632 0.02800798 -0.0263468 -0.04472595 0.02796846 -0.02493768 -0.04515081 0.02815318 -0.0249685 -0.04514247 0.0281403 -0.02557843 -0.04494088 0.02815061 -0.02556598 -0.04494708 0.028135 -0.02401459 -0.04549789 0.027929 -0.02431929 -0.04538029 0.02801662 -0.0243135 -0.0453794 0.02803379 -0.02442878 -0.0453372 0.0280537 -0.02494019 -0.04515266 0.02813559 -0.02291256 -0.04599565 0.02717918 -0.02271068 -0.04608428 0.0270313 -0.02296668 -0.04596835 0.02723371 -0.02320778 -0.04585355 0.02743452 -0.0233795 -0.04577171 0.02757751 -0.02345335 -0.0457369 0.02763628 -0.02373427 -0.04561716 0.02778279 -0.02372711 -0.04561746 0.02779603 -0.02384549 -0.0455687 0.02784717 -0.02392709 -0.04553478 0.02788388 -0.02191728 -0.0466206 0.02524918 -0.02195882 -0.04661148 0.02524209 -0.02193236 -0.04660046 0.02535402 -0.02198207 -0.04658836 0.025348 -0.0219596 -0.0465641 0.02554327 -0.02206563 -0.04650497 0.02572953 -0.02206927 -0.04647451 0.02589905 -0.02212256 -0.04646372 0.02587747 -0.02211868 -0.04643428 0.02605921 -0.02225786 -0.04636579 0.0262292 -0.0223369 -0.04629349 0.02650076 -0.0223934 -0.0462839 0.02646458 -0.02236545 -0.04627519 0.02655822 -0.02254962 -0.04618918 0.02673619 -0.0226925 -0.0460934 0.0270133 -0.0226671 -0.0461266 0.0268796 -0.02275687 -0.04607868 0.02698916 -0.0220015 -0.0467844 0.02390491 -0.02203989 -0.04677349 0.02391487 -0.02198249 -0.04678267 0.02396088 -0.0220071 -0.04676628 0.02404195 -0.02189165 -0.0467385 0.024486 -0.02193385 -0.04672217 0.02452558 -0.02189028 -0.0467261 0.02457535 -0.02193385 -0.04671478 0.02457708 -0.0218836 -0.04666572 0.02501505 -0.02193385 -0.0466513 0.02502363 -0.02195638 -0.04661417 0.02523052 -0.02228659 -0.04678159 0.02329105 -0.02222687 -0.04678589 0.02339679 -0.02215069 -0.04679787 0.0234642 -0.02212858 -0.04678028 0.02366209 -0.02205127 -0.04677593 0.0238704 -0.0228182 -0.04672396 0.02251213 -0.02264708 -0.04674702 0.0227279 -0.02261716 -0.04675716 0.02270245 -0.02249938 -0.04676699 0.02291405 -0.02225166 -0.04679238 0.02327269 -0.0223059 -0.0467897 0.02316969 -0.02240157 -0.04678452 0.02298808 -0.02272891 -0.04674309 0.02255433 -0.02308362 -0.046682 0.02221536 -0.0231083 -0.04667258 0.02224659 -0.02312666 -0.04667448 0.02217423 -0.0232234 -0.04665219 0.02214121 -0.02318882 -0.04666185 0.02213191 -0.02358531 -0.04658097 0.02186208 -0.02413177 -0.04645258 0.02165091 -0.02408969 -0.04646569 0.02162981 -0.0241636 -0.04644519 0.02163696 -0.02554523 -0.04607558 0.0214622 -0.02554148 -0.04607385 0.02149438 -0.02523338 -0.04616427 0.02146553 -0.0242576 -0.0464214 0.02161306 -0.02425038 -0.04642546 0.02158653 -0.02466809 -0.04631817 0.02150887 -0.02462846 -0.04633092 0.02148479 -0.02489608 -0.04625618 0.02149128 -0.02489393 -0.04625946 0.02145898 -0.02515012 -0.04619038 0.021434 -0.0273354 -0.04547011 0.02217376 -0.02726101 -0.04549312 0.02216738 -0.02685719 -0.04565143 0.02185565 -0.02680677 -0.04566526 0.02187138 -0.0257914 -0.04600048 0.02151787 -0.02574688 -0.04601699 0.02147638 -0.02617388 -0.04587936 0.02161669 -0.02618318 -0.04587948 0.02158558 -0.0262981 -0.04584008 0.02164888 -0.02632308 -0.04583531 0.02162045 -0.02677118 -0.04567748 0.02185595 -0.02678698 -0.04567569 0.02182471 -0.02679729 -0.04567211 0.02182918 -0.02842181 -0.04448103 0.0259642 -0.02828258 -0.04445421 0.02629989 -0.02834016 -0.04448658 0.0260694 -0.02823925 -0.0444746 0.02627778 -0.02856856 -0.04462599 0.02501076 -0.02857017 -0.04461437 0.02507042 -0.02856326 -0.04461169 0.02509385 -0.02856689 -0.04461073 0.02509385 -0.02852153 -0.04455983 0.02542471 -0.02847909 -0.04451119 0.0257371 -0.02844709 -0.04451787 0.02575117 -0.02847397 -0.04450851 0.02575773 -0.02842491 -0.04448258 0.02595186 -0.02827787 -0.04448288 0.02617776 -0.02841377 -0.04451245 0.02582526 -0.02843165 -0.04452246 0.02574753 -0.02852189 -0.04457277 0.02535486 -0.02842789 -0.0448932 0.02377915 -0.02741932 -0.04543489 0.02224361 -0.02743619 -0.04542779 0.0222578 -0.02780139 -0.04526567 0.02263057 -0.02781838 -0.04525816 0.02264779 -0.02815681 -0.04508113 0.0231359 -0.02817308 -0.04507052 0.023171 -0.0284084 -0.04491692 0.02367848 -0.0284211 -0.0449016 0.02374339 -0.02317738 -0.0458545 0.02747285 -0.02359187 -0.0456658 0.02776288 -0.02371329 -0.04561489 0.02782011 -0.02409428 -0.04545557 0.02799946 -0.02430468 -0.04537492 0.02805668 -0.02466565 -0.0452367 0.02815485 -0.02493286 -0.04514396 0.02817827 -0.02557849 -0.04493165 0.02817738 -0.02535259 -0.0450021 0.02819615 -0.02524238 -0.04503649 0.02820539 -0.02582401 -0.04485511 0.02815681 -0.02719789 -0.04453796 0.02754902 -0.02730011 -0.04450953 0.02751928 -0.02685147 -0.04459303 0.02780818 -0.02683013 -0.0445981 0.02781748 -0.02639317 -0.0446996 0.02800959 -0.02621799 -0.04474759 0.02805489 -0.02827787 -0.04445338 0.02631098 -0.02823138 -0.04445129 0.02639085 -0.02806717 -0.04444438 0.02667236 -0.02801078 -0.04444193 0.02676916 -0.03722256 -0.03054517 0.0142855 -0.03722351 -0.0305373 0.01428288 -0.03721868 -0.03045988 0.01428407 -0.03722631 -0.03048175 0.0142619 -0.03722745 -0.03046011 0.01425361 -0.03722941 -0.0304206 0.01423877 -0.03723186 -0.03037345 0.01422095 -0.03719085 -0.03028899 0.01427298 -0.03721839 -0.03045099 0.01428383 -0.03722959 -0.03035366 0.01421207 -0.03722232 -0.03028988 0.01418316 -0.0371896 -0.0302813 0.01427257 -0.03722095 -0.0302779 0.01417768 -0.03721153 -0.03019535 0.01414018 -0.03713613 -0.03012573 0.01425153 -0.03720849 -0.03018516 0.0141347 -0.03719139 -0.03012698 0.01410293 -0.03713399 -0.03011929 0.01425063 -0.03717619 -0.03007572 0.0140751 -0.0370559 -0.02997499 0.01421993 -0.03716641 -0.03004258 0.01405698 -0.03713333 -0.0299772 0.01401358 -0.03705322 -0.0299701 0.01421892 -0.0370993 -0.02990949 0.01396888 -0.03695279 -0.02984166 0.01417928 -0.03709203 -0.02989536 0.0139594 -0.03705257 -0.0298438 0.0139172 -0.03694999 -0.02983808 0.01417821 -0.03700137 -0.02977722 0.01386255 -0.03682965 -0.02972936 0.01413089 -0.03695017 -0.0297324 0.0138151 -0.03682702 -0.0297271 0.01412981 -0.03693467 -0.02971869 0.01380068 -0.03669029 -0.02964162 0.01407605 -0.03688526 -0.02967548 0.0137549 -0.03683096 -0.02964448 0.01370942 -0.03668808 -0.02964031 0.01407521 -0.03676277 -0.02960562 0.0136522 -0.0365374 -0.02958059 0.01401597 -0.0367453 -0.02959811 0.01363831 -0.03669846 -0.02958399 0.01360213 -0.03661519 -0.02955859 0.01353806 -0.03637951 -0.02954953 0.01395386 -0.03655678 -0.02955299 0.01349556 -0.03647768 -0.02954512 0.01343792 -0.03629189 -0.02954512 0.01391935 -0.0137664 -0.0485931 -0.02768969 -0.01373189 -0.04859787 -0.0277009 -0.01381129 -0.0485869 -0.02767807 -0.01443433 -0.04849797 -0.0274496 -0.01550436 -0.04833585 0.02041578 -0.01193434 -0.0488258 -0.02835619 -0.01273202 -0.0487312 -0.02808558 -0.01372003 -0.04859948 -0.02770179 -0.01372599 -0.04859858 -0.02770167 -0.01565605 -0.04830956 -0.0269277 -0.01604753 -0.04824918 -0.02676051 -0.01699489 -0.04808908 0.02004539 -0.01550322 -0.04833602 0.0204246 -0.01550143 -0.04833632 0.02042818 -0.01079493 -0.0489608 -0.02874255 -0.01549702 -0.0483371 0.02043426 -0.01548951 -0.04833829 0.02044183 -0.01547288 -0.04834079 0.02045488 -0.01542115 -0.04834896 0.02048528 -0.01492077 -0.04842519 0.0206716 -0.01472735 -0.04845476 0.02074348 -0.01353788 -0.04862457 0.0210821 -0.012102 -0.04881018 0.0214042 -0.01135879 -0.04889541 0.0215224 -0.01079481 -0.04896008 0.02161198 -0.01069897 -0.04897111 0.0216273 -0.01018995 -0.0490247 0.02166491 -0.0101158 -0.04903215 0.02165919 -0.01007938 -0.04903578 0.02164518 -0.01007676 -0.04903638 0.02164155 -0.01008677 -0.04903519 0.02165049 -0.01009553 -0.04903423 0.02165418 -0.004552364 -0.04943799 0.02250462 -0.004552364 -0.04943794 -0.03006786 -0.006079912 -0.04935938 -0.0298528 -0.00616163 -0.04935508 -0.02984136 -0.008067905 -0.04921799 -0.02946382 -0.004943907 -0.04942286 0.0224688 -0.009446859 -0.04909795 -0.0291292 -0.00817883 -0.04921019 -0.02944189 -0.007648468 -0.04924917 0.02208137 -0.007395327 -0.0492714 0.02212727 -0.009472429 -0.04909557 -0.02913087 -0.009593486 -0.04908388 -0.02910608 -0.009450197 -0.04909759 -0.0291326 -0.009455144 -0.04909718 -0.02913266 -0.00994724 -0.04904913 -0.029015 -0.01002985 -0.04904067 -0.02898955 -0.01068109 -0.04897308 -0.0287894 -0.01077663 -0.04896277 -0.02875286 -0.01078569 -0.04896169 -0.02874577 -7.59905e-4 -0.04954218 0.02275246 0 -0.0495451 0.02276068 0 -0.0495451 -0.03035956 -0.002038002 -0.04952412 -0.03030276 -0.002061188 -0.04952389 -0.03030198 -0.004067361 -0.04946196 -0.0301333 -0.004115045 -0.04946047 -0.03012937 -0.003862082 -0.04946488 0.0225681 -0.002819359 -0.04950535 0.02266377 -0.01699447 -0.04808706 -0.02627801 -0.01743078 -0.04801231 -0.02605575 -0.01770228 -0.04796588 -0.02591735 -0.01901245 -0.04772108 -0.02512603 -0.01911735 -0.04770022 -0.02505296 -0.02013891 -0.04749619 -0.0243411 -0.02234846 -0.0470159 0.01870071 -0.02064067 -0.04739177 -0.02390098 -0.0206694 -0.04738545 -0.0238794 -0.02190208 -0.04711288 0.01881307 -0.02010911 -0.04750239 0.0192641 -0.01839959 -0.04782658 0.01969319 -0.02057492 -0.04740566 -0.02399438 -0.01715558 -0.04806256 0.02000546 -0.02221482 -0.04704618 -0.02272301 -0.02224278 -0.0470401 -0.02270221 -0.02312618 -0.04682403 0.01850932 -0.02312785 -0.04683089 -0.02194136 -0.02367049 -0.04670268 -0.02147489 -0.02375245 -0.04668325 -0.0214045 -0.02504032 -0.04635828 -0.02015078 -0.02516895 -0.04632598 -0.02002555 -0.02632004 -0.04601818 -0.01875501 -0.02648687 -0.04597359 -0.01857101 -0.02750533 -0.04568696 -0.01729226 -0.02770119 -0.0456317 -0.01704627 -0.02859795 -0.04536849 -0.01577109 -0.02864342 -0.0453552 -0.01570636 -0.02872043 -0.04533207 -0.0156238 -0.0289644 -0.04525858 -0.01528918 -0.0291711 -0.04519516 -0.01496618 -0.0290082 -0.04524528 0.0165227 -0.02886193 -0.04528951 0.01713246 -0.02554118 -0.04622828 0.01791507 -0.0321387 -0.04423993 -0.008342504 -0.03213775 -0.04424023 -0.008338332 -0.0321356 -0.04424095 -0.008334517 -0.02964657 -0.04504919 -0.01422333 -0.03065729 -0.04472982 -0.0116505 -0.02972769 -0.04502421 -0.01409649 -0.03044372 -0.04479837 -0.01281148 -0.03054815 -0.04476451 -0.01259213 -0.03111535 -0.04458117 -0.01140189 -0.03131276 -0.04451578 -0.01089805 -0.03169095 -0.04439073 -0.009932577 -0.03193128 -0.04430997 -0.009151637 -0.03206282 -0.04426562 -0.008723795 -0.03213459 -0.0442413 -0.008400738 -0.03213918 -0.04423969 -0.008352875 -0.0253883 -0.04626613 0.01795268 -0.02917122 -0.0451954 0.01593846 -0.02956557 -0.04507458 0.01452559 -0.02980011 -0.04500102 0.01383739 -0.0323981 -0.04415112 -0.007364988 -0.03101879 -0.0446127 0.01062417 -0.03260809 -0.04407936 -0.006589293 -0.03281241 -0.04400837 -0.005573332 -0.03327929 -0.04384547 -0.001933515 -0.0322597 -0.04419845 0.007148504 -0.03327459 -0.04384708 -0.002140045 -0.03319746 -0.0438739 -0.003066778 -0.03327435 -0.04384696 0.001420497 -0.03324341 -0.04385787 0.001733124 -0.03328937 -0.04384183 -9.971e-5 -0.03310108 -0.04390788 0.003176808 -0.03303813 -0.04392969 0.003556907 -0.03281188 -0.04400885 0.004924774 -0.03270936 -0.04404413 0.005364358 -0.03329902 -0.04383856 -0.001075088 -0.03240662 -0.04414856 0.006662309 -0.03310483 -0.04390645 -0.003760278 -0.03188782 -0.04432463 0.00837785 -0.03169137 -0.04439008 0.008902192 -0.03296208 -0.04395639 -0.004830062 -0.03125125 -0.04453659 0.01007676 -0.0302363 -0.04486441 0.01255828 -0.02842032 -0.02954512 0.02897429 -0.0341416 -0.02954512 0.02563768 -0.03417968 -0.02954512 0.0236839 -0.03720968 -0.02954512 0.01413452 -0.03722518 -0.02954512 0.01417857 -0.0374431 -0.02954512 0.01371198 -0.0212416 -0.02954512 0.03352838 -0.02270072 -0.02954512 0.03257465 -0.03723222 -0.02954512 0.0142396 -0.0372315 -0.02954512 0.01421231 -0.03722923 -0.02954512 0.01426279 -0.03722256 -0.02954512 0.0142855 -0.02518105 -0.02954512 0.0309422 -0.02550137 -0.02954512 0.03074759 -0.02836012 -0.02954512 0.02901089 -0.03418666 -0.02954512 0.02360051 -0.03434056 -0.02954512 0.02174109 -0.03445249 -0.02954512 0.02097809 -0.03555089 -0.02954512 0.01602095 -0.03561311 -0.02954512 0.01584059 -0.03615528 -0.02954512 0.01427292 -0.01328551 -0.02954512 0.03736329 -0.01515638 -0.02954512 0.03665739 -0.03462386 -0.02954512 0.01981061 -0.0349254 -0.02954512 0.01838499 -0.0350281 -0.02954512 0.01789909 -0.01602566 -0.02954512 0.03627306 -0.0171824 -0.02954512 0.03576159 -0.01868391 -0.02954512 0.03499627 -0.03709936 -0.02954512 0.0139696 -0.0371145 -0.02954512 0.01398545 -0.002220094 -0.02954512 0.03957587 -0.004427254 -0.02954512 0.03939229 -0.004681885 -0.02954512 0.0393567 -0.007594466 -0.02954512 0.03889542 -0.008822858 -0.02954512 0.03865385 -0.001742362 -0.02954512 0.03958898 -0.01046818 -0.02954512 0.03823381 -0.01096838 -0.02954512 0.03810608 -3.414e-6 -0.02954512 0.03963685 -0.01308351 -0.02954512 0.0374394 -0.01913958 -0.02954512 0.03476405 -0.02105075 -0.02954512 0.03365314 -0.03717851 -0.02954512 0.0140751 -0.006630659 -0.02954512 0.03908509 -0.0179702 -0.02954512 -0.03609573 -0.01383936 -0.02954512 -0.0378893 -0.009533166 -0.02954512 -0.03920698 -0.03173899 -0.02954512 -0.02470368 -0.0288015 -0.02954512 -0.028117 -0.02549898 -0.02954512 -0.03117847 -0.02187317 -0.02954512 -0.03384929 -0.005106091 -0.02954512 -0.04003232 -6.14389e-4 -0.02954512 -0.04035478 -0.03878748 -0.02954512 0.009414136 -0.03964018 -0.02954512 0.004992306 -0.0363751 -0.02954512 -0.01699841 -0.03999066 -0.02954512 5.02639e-4 -0.0398342 -0.02954512 -0.003997862 -0.0391727 -0.02954512 -0.008452415 -0.03801482 -0.02954512 -0.01280421 -0.03696388 -0.02954512 0.01382619 -0.03693419 -0.02954512 0.01380252 -0.03427428 -0.02954512 -0.02098172 -0.002372682 -0.03942793 0.05964028 -0.003394067 -0.03954887 0.05940079 -0.003371894 -0.03932648 0.05964028 -0.002195477 -0.03944593 0.05964028 -0.002316892 -0.03997033 0.05909848 -0.03829091 -0.01160687 0.05863887 -0.03825706 -0.01159662 0.05867439 -0.03820651 -0.0118612 0.05863893 -0.0381962 -0.01185876 0.05870336 -0.03782397 -0.01301485 0.0586397 -0.03759217 -0.01371359 0.05864006 -0.03715991 -0.01484209 0.0587089 -0.03714776 -0.01483726 0.05864197 -0.03587615 -0.01772886 0.0587089 -0.0361815 -0.01706671 0.05864703 -0.03677153 -0.01578849 0.05864346 -0.03479033 -0.01978415 0.05865687 -0.03583663 -0.01781404 0.05864918 -0.03587591 -0.01772886 0.05864888 -0.03363597 -0.02169287 0.0586667 -0.03410637 -0.02091509 0.05866277 -0.03436839 -0.0205053 0.0587089 -0.03435808 -0.02049899 0.0586605 -0.0310176 -0.02530199 0.05869269 -0.03162366 -0.02451378 0.05868649 -0.03263592 -0.0231468 0.05870938 -0.03071296 -0.02565222 0.05871075 -0.03071457 -0.0256536 0.05869597 -0.03237706 -0.02353394 0.05867862 -0.03263986 -0.0231496 0.0586763 -0.0280143 -0.02859681 0.05872642 -0.02859437 -0.02799499 0.05871975 -0.02858632 -0.02798718 0.05886608 -0.02876305 -0.02782005 0.05871772 -0.02956169 -0.0269913 0.05870848 -0.02977442 -0.0267446 0.05870628 -0.03070259 -0.0256437 0.05886608 -0.02629172 -0.03015619 0.05886608 -0.02637976 -0.03011351 0.05874609 -0.02466332 -0.03153663 0.05876785 -0.02555865 -0.03079438 0.05875653 -0.02630692 -0.03017383 0.05874717 -0.02383315 -0.03213745 0.05886608 -0.02384078 -0.03214788 0.0587787 -0.02127891 -0.03391551 0.05881279 -0.02204966 -0.03340256 0.05880242 -0.02122581 -0.03391844 0.05886608 -0.02303212 -0.03274863 0.05878919 -0.01846385 -0.03544545 0.05901759 -0.019315 -0.03507268 0.05884003 -0.0198729 -0.03474408 0.05883228 -0.01728928 -0.0361157 0.0588687 -0.01827478 -0.03560829 0.05885469 -0.01849025 -0.0354973 0.05885171 -0.01308518 -0.0378443 0.05893033 -0.01428288 -0.0373913 0.05891269 -0.01561218 -0.03679221 0.05901759 -0.01521039 -0.03704035 0.05889892 -0.01563686 -0.03685069 0.05889272 -0.01092046 -0.03852558 0.05896288 -0.01268112 -0.03797143 0.05893629 -0.01264041 -0.03784209 0.05915951 -0.01287233 -0.03791123 0.05893349 -0.009647846 -0.0388481 0.05898237 -0.01012039 -0.03872829 0.05897516 -0.009617805 -0.03872179 0.05915951 -0.0042575 -0.03981792 0.05906695 -0.005836725 -0.03960359 0.05904179 -0.006519854 -0.03926855 0.0592885 -0.003403723 -0.03966075 0.0592885 -0.003418505 -0.03988385 0.0590806 -0.006499648 -0.03951352 0.05903118 -0.006560564 -0.03950172 0.05903035 -0.007281959 -0.03936189 0.05901902 0 -0.03994351 0.05915546 -2.60551e-4 -0.03995025 0.0591486 -1.62282e-4 -0.03990674 0.05919122 -2.65402e-4 -0.03995037 0.05914855 -2.56913e-4 -0.0398854 0.05921208 -0.001484096 -0.03998166 0.05911689 -0.001163244 -0.03967988 0.05941236 -0.001889467 -0.03999209 0.0591064 -0.00200361 -0.03999495 0.05910348 -0.007060885 -0.03877109 0.05964028 -0.006581783 -0.03887516 0.05964028 -0.006501436 -0.03915768 0.05940079 -0.006458938 -0.03889465 0.05964028 -0.004381418 -0.03922402 0.05964028 -0.00953722 -0.03839761 0.05949413 -0.009485065 -0.03820288 0.05964028 -0.008795201 -0.03839415 0.05964028 -0.01091998 -0.0378049 0.05964028 -0.01253443 -0.03752523 0.05949413 -0.0121771 -0.03737926 0.05964028 -0.01248949 -0.0373907 0.0595659 -0.01245397 -0.0372855 0.05964028 -0.01533591 -0.03614872 0.05964028 -0.0151202 -0.03624999 0.05964028 -0.0153982 -0.03628844 0.0595659 -0.0130434 -0.03708595 0.05964028 -0.01829653 -0.0346778 0.05964028 -0.01811385 -0.03477615 0.05964028 -0.01821058 -0.03496009 0.0595659 -0.01712203 -0.0353108 0.05964028 -0.0209096 -0.0334137 0.0595659 -0.02082926 -0.03328543 0.05961418 -0.01959013 -0.03403043 0.05961418 -0.01909035 -0.03424996 0.05964028 -0.02078336 -0.03321158 0.05964028 -0.02098643 -0.03308707 0.05964028 -0.02338778 -0.03153777 0.05961418 -0.0233103 -0.03143429 0.05964028 -0.0228067 -0.03182613 0.05964028 -0.02622681 -0.02900981 0.05964028 -0.02569526 -0.02947288 0.05964028 -0.0258004 -0.02959352 0.05961418 -0.02455705 -0.03046447 0.05964028 -0.02792602 -0.0273422 0.05964028 -0.02781289 -0.0274651 0.05964028 -0.02793973 -0.02735519 0.0596379 -0.02716708 -0.02809417 0.05964028 -0.02805215 -0.0274651 0.05961418 -0.03000813 -0.0250647 0.0596379 -0.02996999 -0.02503317 0.05964028 -0.02929633 -0.0258522 0.05964028 -0.03200531 -0.02236545 0.05964028 -0.03184378 -0.0225858 0.05964028 -0.0318892 -0.02261817 0.0596379 -0.030698 -0.02414828 0.05964028 -0.03357148 -0.02003085 0.0596379 -0.03350937 -0.01999413 0.05964028 -0.03318387 -0.02055877 0.05964028 -0.03504419 -0.01731878 0.0596379 -0.03497356 -0.01728379 0.05964028 -0.03428333 -0.01865166 0.05964028 -0.03622758 -0.01447099 0.05964028 -0.03612649 -0.0147413 0.05964028 -0.03629809 -0.01449888 0.0596379 -0.03527337 -0.01668983 0.05964028 -0.03689575 -0.01268309 0.05964028 -0.03730988 -0.0115903 0.05961078 -0.03725498 -0.01156699 0.05964028 -0.0373696 -0.01132917 0.05960398 -0.03733503 -0.0113188 0.05964028 -0.0374273 -0.01163965 0.05955719 -0.03743839 -0.01134979 0.0595321 -0.03738451 -0.0113337 0.05958849 -0.03755629 -0.0113855 0.0594086 -0.0375514 -0.01138395 0.05941367 -0.03755229 -0.01168769 0.0595023 -0.03749579 -0.0113672 0.05947196 -0.03745591 -0.01135516 0.0595135 -0.03761917 -0.01140433 0.05934268 -0.03767579 -0.01173156 0.05943036 -0.03765332 -0.0114147 0.0593068 -0.0376839 -0.01142382 0.05927485 -0.03779363 -0.01176965 0.05934089 -0.0377497 -0.01144379 0.05920577 -0.03788286 -0.01148378 0.05906635 -0.03786695 -0.01147902 0.0590831 -0.03790259 -0.011801 0.05923449 -0.0378164 -0.01146388 0.05913609 -0.03775948 -0.01144665 0.05919563 -0.0379486 -0.01150369 0.05899739 -0.03799957 -0.01182478 0.05911368 -0.0379731 -0.01151102 0.05897188 -0.03801333 -0.01152318 0.05892968 -0.03808254 -0.01184129 0.05898153 -0.03807502 -0.0115419 0.05886495 -0.03814929 -0.0118516 0.05884248 -0.03813636 -0.01156038 0.05880069 -0.03824698 -0.01159363 0.05868482 -0.03819358 -0.01157748 0.05874085 -0.03817051 -0.01157069 0.05876499 -0.009568274 -0.0385226 0.05940079 -0.009595394 -0.03863149 0.0592885 -0.00872302 -0.0390824 0.05899649 -0.01261097 -0.03775388 0.0592885 -0.01257532 -0.0376473 0.05940079 -0.01558429 -0.03672647 0.05915951 -0.01554787 -0.03664088 0.0592885 -0.015504 -0.0365374 0.05940079 -0.01545363 -0.03641897 0.05949413 -0.0184307 -0.03538209 0.05915951 -0.01838779 -0.03529953 0.0592885 -0.01833581 -0.03519994 0.05940079 -0.01827627 -0.03508579 0.05949413 -0.02098488 -0.03353399 0.05949413 -0.02105337 -0.033643 0.05940079 -0.02111291 -0.03373819 0.0592885 -0.02116239 -0.03381705 0.05915951 -0.02120029 -0.03387767 0.05901759 -0.02123808 -0.03393959 0.05881339 -0.02380448 -0.03209882 0.05901759 -0.0237618 -0.03204149 0.05915951 -0.02370631 -0.0319668 0.0592885 -0.0236395 -0.03187656 0.05940079 -0.02356261 -0.0317732 0.05949413 -0.02347815 -0.03165936 0.0595659 -0.02626013 -0.03011995 0.05901759 -0.0262131 -0.03006619 0.05915951 -0.02615195 -0.02999603 0.0592885 -0.0260781 -0.02991139 0.05940079 -0.0259934 -0.02981448 0.05949413 -0.02590006 -0.02970767 0.0595659 -0.02855199 -0.02795356 0.05901759 -0.02850085 -0.02790349 0.05915951 -0.02843421 -0.0278384 0.0592885 -0.02835392 -0.0277599 0.05940079 -0.02826189 -0.02767008 0.05949413 -0.02816045 -0.0275709 0.0595659 -0.03066569 -0.02561289 0.05901759 -0.03061074 -0.02556717 0.05915951 -0.03053927 -0.0255075 0.0592885 -0.0304529 -0.02543568 0.05940079 -0.0303542 -0.02535319 0.05949413 -0.03024518 -0.02526235 0.0595659 -0.03012889 -0.02516531 0.05961418 -0.03262728 -0.02314049 0.05886608 -0.032588 -0.02311277 0.05901759 -0.03252965 -0.0230714 0.05915951 -0.03245359 -0.02301776 0.0592885 -0.03236198 -0.02295285 0.05940079 -0.03225696 -0.0228784 0.05949413 -0.03214108 -0.02279645 0.0595659 -0.03201752 -0.02270895 0.05961418 -0.03434818 -0.02049332 0.05886608 -0.034307 -0.02046877 0.05901759 -0.03424555 -0.02043217 0.05915951 -0.03416556 -0.02038455 0.0592885 -0.03406906 -0.02032709 0.05940079 -0.03395849 -0.02026122 0.05949413 -0.0338366 -0.02018862 0.0595659 -0.03370642 -0.02011126 0.05961418 -0.03585505 -0.01771849 0.05886608 -0.03581196 -0.01769727 0.05901759 -0.03574782 -0.01766568 0.05915951 -0.03566431 -0.01762443 0.0592885 -0.03556352 -0.0175749 0.05940079 -0.03544819 -0.01751798 0.05949413 -0.03532093 -0.01745522 0.0595659 -0.03518503 -0.01738828 0.05961418 -0.03713816 -0.01483339 0.05886608 -0.03709346 -0.01481562 0.05901759 -0.03702706 -0.01478916 0.05915951 -0.03694057 -0.01475477 0.0592885 -0.0368362 -0.0147131 0.05940079 -0.03671663 -0.0146656 0.05949413 -0.03658485 -0.01461309 0.0595659 -0.03644412 -0.01455706 0.05961418 -0.0317915 0.0226913 0.05963665 -0.03162646 0.02287 0.05964028 -0.03265798 0.02133697 0.05964028 -0.03894072 0.003312647 0.05963665 -0.03884088 0.003304183 0.05964028 -0.03893858 0.002146661 0.05964028 -0.03853309 0.006501734 0.05963665 -0.03844815 0.006499469 0.05964028 -0.03875458 0.004328608 0.05964028 -0.0378645 0.009646594 0.05963665 -0.03777128 0.009622633 0.05964028 -0.03799796 0.008752346 0.05964028 -0.03676307 0.01300203 0.05964028 -0.03686076 0.01269859 0.05964028 -0.03693991 0.01272577 0.05963665 -0.03743582 0.01091039 0.05964028 -0.03576529 0.01571851 0.05963665 -0.03569096 0.01568549 0.05964028 -0.0359596 0.01509058 0.05964028 -0.03434872 0.01860469 0.05963665 -0.0342887 0.01857227 0.05964028 -0.03502786 0.01715445 0.05964028 -0.03269976 0.02136451 0.05963665 -0.03288245 0.0210033 0.05964028 -0.03400987 0.01910686 0.05964028 -0.03082948 0.02397966 0.05963665 -0.03080177 0.02395838 0.05964028 -0.03037142 0.02455621 0.05963665 -0.02875071 0.02643179 0.05964028 -0.02885919 0.02631765 0.05964028 -0.0288766 0.02654802 0.0596069 -0.02988559 0.0251097 0.05964028 -0.0265932 0.02883136 0.0596069 -0.02648878 0.02871859 0.05964028 -0.0273351 0.02792131 0.05964028 -0.02403622 0.0308597 0.05964028 -0.02406388 0.03083658 0.05964028 -0.02412992 0.03091925 0.0596069 -0.02572435 0.02943867 0.05964028 -0.02159297 0.0329343 0.05954802 -0.02054172 0.03333979 0.05964028 -0.02150338 0.03279769 0.0596069 -0.02145737 0.03272837 0.05964028 -0.02227187 0.03218448 0.05964028 -0.01856958 0.03451251 0.05964028 -0.01871407 0.03442728 0.05964028 -0.01880931 0.03459733 0.05954802 -0.02045059 0.03340077 0.05964028 -0.01460349 0.03643023 0.05964028 -0.01583236 0.03587776 0.05964028 -0.01589858 0.03602606 0.05954802 -0.01661443 0.03552609 0.05964028 -0.01292943 0.03735309 0.05946177 -0.01284068 0.03710979 0.05964028 -0.01335799 0.03691035 0.05964028 -0.01595938 0.03616392 0.05946177 -0.009812057 0.03828918 0.05946177 -0.0105338 0.0378707 0.05964028 -0.01261657 0.03719609 0.05964028 -0.006840527 0.03875118 0.05964028 -0.008409738 0.03842961 0.05964028 -0.009756207 0.03807532 0.05964028 -0.006301522 0.03886169 0.05964028 -0.006650567 0.03909748 0.05935072 -0.004205763 0.03917378 0.05964028 -0.003410995 0.03951174 0.05935072 -0.003387153 0.03924983 0.05964028 -0.003432095 0.03979325 0.05909425 -0.001066327 0.03955048 0.05950599 -0.002025187 0.03937643 0.05964028 -0.002197623 0.0398944 0.05910938 -0.001471281 0.03984457 0.0591911 -1.45281e-4 0.03971755 0.05937707 -1.47781e-4 0.03975397 0.05934 0 0.0397439 0.05935662 -0.006569564 0.0394085 0.05905562 -0.006448805 0.03943145 0.05905711 -0.006049156 0.03948587 0.05906206 -0.004331648 0.03971958 0.05908316 -0.006700754 0.03938335 0.05905401 -0.006669402 0.03920829 0.05921828 -0.008541822 0.0390321 0.05903142 -0.009872972 0.03852725 0.05921828 -0.009912848 0.03869408 0.05901461 -0.01055455 0.03853577 0.05900675 -0.01300972 0.03758531 0.05921828 -0.01262819 0.03790909 0.05898123 -0.0106039 0.03852367 0.05900615 -0.0160585 0.03638887 0.05921828 -0.01609379 0.0364691 0.0590685 -0.01491659 0.03706145 0.05895292 -0.01460838 0.03719168 0.0589568 -0.01375389 0.03750121 0.05896729 -0.01306682 0.03775018 0.05897569 -0.01855939 0.03538841 0.05890768 -0.01652765 0.03638041 0.05893296 -0.01612722 0.03654968 0.0589379 -0.0204423 0.0343365 0.0588845 -0.01908063 0.0350973 0.0589013 -0.0190404 0.03502285 0.0590685 -0.02210849 0.03328418 0.05886369 -0.02190506 0.03341269 0.05886626 -0.02185809 0.03333926 0.0590685 -0.0245651 0.03147757 0.05890578 -0.02299207 0.0326693 0.05885267 -0.0222643 0.03318578 0.05886179 -0.02707272 0.02935189 0.05890578 -0.02659976 0.02980965 0.05880767 -0.02570068 0.03060555 0.05881893 -0.02457898 0.0314958 0.058833 -0.02401876 0.03194063 0.05883991 -0.02889645 0.02761328 0.058779 -0.02730548 0.02918499 0.05879878 -0.02709221 0.02937376 0.05880159 -0.03030878 0.02605789 0.05876129 -0.02985656 0.02655589 0.05876708 -0.02939713 0.02702748 0.05890578 -0.02941399 0.02704328 0.05877256 -0.03271776 0.02294898 0.05873149 -0.03343498 0.02184599 0.05890578 -0.0327773 0.02286708 0.05873078 -0.03345096 0.02185642 0.05873775 -0.031699 0.024351 0.05874419 -0.03152275 0.02451986 0.05890578 -0.03154635 0.02453833 0.05874603 -0.0341866 0.02072185 0.05871331 -0.03345298 0.02185779 0.05872231 -0.03299278 0.02257055 0.05872803 -0.03514099 0.01903468 0.05873453 -0.03514719 0.01903796 0.05870133 -0.03659826 0.01608568 0.05873495 -0.03658938 0.01608175 0.05868345 -0.03626018 0.01684236 0.0586875 -0.03527683 0.01881057 0.05869972 -0.03780019 0.01302313 0.05873495 -0.0377981 0.0130223 0.05866837 -0.03874629 0.009872257 0.05873495 -0.03873699 0.009869992 0.05865657 -0.03857845 0.01050871 0.05865854 -0.03789508 0.0127595 0.05866718 -0.0390715 0.008522987 0.05865228 -0.03977572 0.004183948 0.05864328 -0.0395314 0.006004095 0.05864638 -0.03943032 0.006654202 0.05873495 -0.03984755 0.003390908 0.05873495 -0.03983819 0.003390192 0.05864238 -0.03948318 0.006362915 0.05864703 -0.03942781 0.006653726 0.05864775 -0.03999608 1.04309e-4 0.05864036 -0.03996258 0.001420259 0.05864083 -0.03996551 1.07075e-4 0.0587266 -0.0399481 0.001992404 0.05864089 -0.0399658 -4.52e-5 0.05872201 -0.03999996 -4.52e-5 0.05864036 -0.03990089 -4.52e-5 0.05887758 -0.03991633 1.11591e-4 0.0588864 -0.03983461 -4.52e-5 0.05903685 -0.03985869 1.11198e-4 0.0590474 -0.0398336 -4.52e-5 0.05903929 -0.03976869 -4.52e-5 0.0591948 -0.03978312 1.0725e-4 0.0592004 -0.03976738 -4.52e-5 0.05919808 -0.03970533 -4.52e-5 0.05934679 -0.03968739 1.049e-4 0.05933272 -0.03970372 -4.52e-5 0.05935072 -0.0395556 -4.52e-5 0.0594117 -0.0395497 1.08166e-4 0.0594235 -0.0395506 -4.52e-5 0.05941379 -0.03939753 -4.52e-5 0.05947679 -0.03940039 1.0973e-4 0.0595054 -0.03939133 -4.52e-5 0.05947923 -0.03923809 -4.52e-5 0.05954229 -0.0392425 1.06495e-4 0.05957639 -0.039231 -4.52e-5 0.05954521 -0.03908199 -4.52e-5 0.05960655 -0.03908497 1.00975e-4 0.05963665 -0.03907418 -4.52e-5 0.05960977 -0.03899586 1.00552e-4 0.05964028 -0.03899997 -4.52e-5 0.05964028 -0.03096449 0.0240848 0.0596069 -0.0160132 0.03628599 0.05935072 -0.01297307 0.03747928 0.05935072 -0.009845137 0.03841859 0.05935072 -0.0065943 0.03880167 0.05964028 -0.0245279 0.03142988 0.0590685 -0.02181005 0.03326588 0.05921828 -0.02447408 0.0313608 0.05921828 -0.0217486 0.03317207 0.05935072 -0.02440506 0.03127217 0.05935072 -0.0216754 0.03306037 0.05946177 -0.02432292 0.03116697 0.05946177 -0.02423036 0.03104799 0.05954802 -0.01899856 0.03494572 0.05921828 -0.01894491 0.03484714 0.05935072 -0.01888126 0.03472971 0.05946177 -0.03147512 0.02448272 0.0590685 -0.0333845 0.02181285 0.0590685 -0.03140598 0.0244289 0.05921828 -0.03331112 0.02176487 0.05921828 -0.03131735 0.02435988 0.05935072 -0.03321725 0.02170336 0.05935072 -0.03121215 0.0242778 0.05946177 -0.03310555 0.02163022 0.05946177 -0.03109323 0.02418518 0.05954802 -0.03297948 0.02154779 0.05954802 -0.03284287 0.0214582 0.0596069 -0.02935278 0.02698653 0.0590685 -0.02928829 0.02692717 0.05921828 -0.02920562 0.02685111 0.05935072 -0.02910745 0.02676069 0.05946177 -0.0289967 0.02665865 0.05954802 -0.03028738 0.02463716 0.05964028 -0.02703171 0.0293076 0.0590685 -0.02697235 0.02924305 0.05921828 -0.02689629 0.02916043 0.05935072 -0.02680593 0.02906227 0.05946177 -0.02670389 0.02895146 0.05954802 -0.03981631 0.003388226 0.05890578 -0.03975611 0.00338304 0.0590685 -0.03966873 0.00337553 0.05921828 -0.03955698 0.003365874 0.05935072 -0.039424 0.00335443 0.05946177 -0.03927379 0.003341436 0.05954802 -0.03911113 0.003327429 0.0596069 -0.0393995 0.006649017 0.05890578 -0.0393399 0.006638824 0.0590685 -0.03925347 0.006624162 0.05921828 -0.03914272 0.006605327 0.05935072 -0.03901118 0.006582975 0.05946177 -0.0388627 0.006557822 0.05954802 -0.03870165 0.006530404 0.0596069 -0.03871589 0.009864509 0.05890578 -0.03865742 0.009849488 0.0590685 -0.03857249 0.009827733 0.05921828 -0.03846377 0.009799957 0.05935072 -0.03833442 0.009766817 0.05946177 -0.03818839 0.009729444 0.05954802 -0.0380302 0.009688973 0.0596069 -0.0377705 0.01301282 0.05890578 -0.0377134 0.01299309 0.0590685 -0.03763049 0.01296448 0.05921828 -0.03752446 0.01292783 0.05935072 -0.03739833 0.01288419 0.05946177 -0.037256 0.0128349 0.05954802 -0.0371015 0.01278162 0.0596069 -0.03656959 0.01607292 0.05890578 -0.03651428 0.01604855 0.0590685 -0.03643405 0.01601326 0.05921828 -0.03633123 0.01596796 0.05935072 -0.0362091 0.0159142 0.05946177 -0.0360713 0.0158534 0.05954802 -0.03592187 0.01578748 0.0596069 -0.0351212 0.01902395 0.05890578 -0.03506809 0.01899516 0.0590685 -0.0349909 0.01895338 0.05921828 -0.03489238 0.01889973 0.05935072 -0.03477501 0.01883608 0.05946177 -0.03464251 0.01876413 0.05954802 -0.03449898 0.01868629 0.0596069 0 -0.0400452 0.0520823 -7.49887e-4 -0.04004168 0.05208283 -0.03825116 -0.00788331 0.05964028 -0.03868246 -0.006037414 0.05964028 -0.03805947 -0.00870347 0.05964028 -0.03899997 -0.004494965 0.05964028 -0.0393368 -0.004527688 0.05957955 -0.03861427 -0.00797075 0.05957198 -0.03869658 -0.007990598 0.05953449 -0.03891801 -0.008043885 0.05937749 -0.03984296 -0.004934847 0.05902755 -0.03988099 -0.004672825 0.05907595 -0.03955388 -0.006345689 0.05903732 -0.0398826 -0.004662156 0.05907791 -0.03989148 -0.004581749 0.05909246 -0.0398553 -0.004578113 0.0591526 -0.03980469 -0.005197644 0.05897909 -0.03966057 -0.00619173 0.05879545 -0.03960937 -0.006357729 0.05886811 -0.03962159 -0.006360352 0.0587905 -0.03921788 -0.008116126 0.05881965 -0.03921616 -0.008115828 0.05873852 -0.0390014 -0.009045779 0.05871105 -0.03877949 -0.009866833 0.05877286 -0.03899246 -0.009077787 0.05871009 -0.0383892 -0.01125276 0.05864888 -0.03877407 -0.009865283 0.05868798 -0.0388807 -0.009481012 0.05869877 -0.0387237 -0.009851038 0.05896008 -0.03912419 -0.008093476 0.05907821 -0.03908079 -0.008082926 0.05915898 -0.03898113 -0.008059084 0.0593115 -0.03903806 -0.008072793 0.05923998 -0.03877526 -0.008009552 0.05948942 -0.03884929 -0.008027374 0.05943691 -0.0385288 -0.007950127 0.05960142 -0.03835177 -0.007907509 0.05963593 -0.038441 -0.007929027 0.05962288 -0.03908562 -0.004503369 0.05963325 -0.03909379 -0.004504144 0.05963253 -0.03916335 -0.004510879 0.05962681 -0.03930449 -0.004524528 0.0595929 -0.0392633 -0.004520595 0.05960273 -0.0392549 -0.00451976 0.05960476 -0.03949218 -0.004542887 0.05950778 -0.03945481 -0.004539251 0.05953085 -0.03942489 -0.00453639 0.05954319 -0.03941619 -0.004535496 0.0595467 -0.03958857 -0.004552364 0.05944871 -0.03957438 -0.004550874 0.05945748 -0.039707 -0.004563689 0.05934739 -0.03963279 -0.004556596 0.05941075 -0.03975492 -0.004568338 0.05929106 -0.03981024 -0.004573643 0.05922561 -0.03981757 -0.004574418 0.05921489 -0.03951531 -0.006337404 0.05911743 -0.03981328 -0.004573941 0.05922216 -0.03916859 -0.008104205 0.05899745 -0.03972846 -0.005723476 0.05888193 -0.03958535 -0.006352484 0.05895406 -0.03919738 -0.008111119 0.05890977 -0.03876239 -0.009862244 0.05886691 -0.03873658 -0.00985527 0.05895882 -0.01619005 -0.03662258 0.05269652 -0.01446259 -0.03732979 0.05256682 -0.01428669 -0.03740173 0.05255365 -0.0141614 -0.03745299 0.05254423 -0.01208758 -0.038172 0.05241388 -0.01112455 -0.03844791 0.05236423 -0.01012188 -0.03873527 0.05231267 -0.00996977 -0.0387789 0.05230486 -0.009423375 -0.03890359 0.05228269 -0.007817387 -0.0392701 0.05221748 -0.007704198 -0.03928947 0.05221402 -0.005966961 -0.03958696 0.05216169 -0.005837202 -0.03960919 0.0521577 -0.005640268 -0.03964287 0.05215179 -0.001483023 -0.04001498 0.05208688 -0.002462804 -0.03995513 0.05209738 -0.003448486 -0.03989511 0.05210775 -0.004218459 -0.03980648 0.05212318 -0.001377344 -0.0400213 0.05208581 -0.02076399 -0.03422039 0.05314999 -0.0201106 -0.03462207 0.05307525 -0.01768302 -0.03591239 0.05282819 -0.01816946 -0.035681 0.05287098 -0.01828086 -0.03562027 0.05288279 -0.02367937 -0.03226321 0.05352669 -0.02470815 -0.03150099 0.05367708 -0.02178812 -0.03359109 0.05326718 -0.0220555 -0.03341126 0.05330199 -0.02286118 -0.03286939 0.05340719 -0.0308029 -0.02556169 0.05493533 -0.02944159 -0.02711933 0.05459046 -0.02893638 -0.0276407 0.05447852 -0.02876281 -0.02781975 0.0544402 -0.0279982 -0.02860891 0.05427086 -0.026479 -0.03002369 0.05397623 -0.0264191 -0.0300737 0.0539661 -0.02555721 -0.03079265 0.05382055 -0.03619092 -0.01707112 0.0570333 -0.03533428 -0.0187931 0.0565741 -0.03123599 -0.02501136 0.05506134 -0.03162616 -0.0245155 0.05517488 -0.03207659 -0.0239433 0.05530589 -0.03325808 -0.0222721 0.05570209 -0.03330093 -0.02220416 0.05571871 -0.03411322 -0.02091926 0.05603456 -0.03434258 -0.02055639 0.05612379 -0.0350902 -0.0192269 0.0564633 -0.03768706 -0.0134384 0.0580722 -0.03702527 -0.01517289 0.05756288 -0.03661185 -0.01611918 0.05729848 -0.03623121 -0.01699018 0.05705481 -0.03782629 -0.01301568 0.0582031 -0.03786128 -0.01290977 0.05823588 -7.49689e-4 -0.04027289 0.04993015 -7.49744e-4 -0.04017478 0.05052018 0 -0.04016798 0.05051898 -7.49786e-4 -0.04010117 0.05096346 -7.49747e-4 -0.04017037 0.05054688 -7.49679e-4 -0.04053401 0.04900467 0 -0.04057395 0.04887336 -7.49678e-4 -0.04057139 0.04887259 -7.49823e-4 -0.041242 0.0473603 -7.49802e-4 -0.04114097 0.04754215 0 -0.041233 0.04735517 -7.49778e-4 -0.04102993 0.04774218 -7.49677e-4 -0.04058808 0.04881328 -7.49898e-4 -0.04158979 0.04673349 0 -0.04194509 0.04621791 -7.49936e-4 -0.04194211 0.04621791 -0.03898805 -0.01683408 0.0494644 -0.0392012 -0.01645809 0.04906421 -0.03900909 -0.01542061 0.05077129 -0.03982496 -0.009583711 0.0534172 -0.03992176 -0.009116947 0.05301475 -0.03977519 -0.008480072 0.05510962 -0.03734815 -0.01769 0.05195581 -0.03707635 -0.01867139 0.05141949 -0.03768163 -0.01818078 0.05089759 -0.0397883 -0.005948007 0.05822259 -0.03965735 -0.00760436 0.05697172 -0.03984725 -0.006933808 0.05644357 -0.03965651 -0.006223142 0.05877512 -0.03990048 -0.004488468 0.05906438 -0.03999996 -0.005189359 0.05584836 -0.03999996 -0.003097236 0.05864036 -0.03999269 -0.003396511 0.05873411 -0.03996163 -0.006252825 0.05590707 -0.03999996 -0.00557363 0.05537223 -0.03998821 -0.003583312 0.05879271 -0.03998512 -0.003614962 0.05880218 -0.03995335 -0.003943026 0.05890077 -0.03993111 -0.004172444 0.05896961 -0.03754508 -0.01697891 0.05234426 -0.03808879 -0.01650649 0.05186223 -0.03786647 -0.01581841 0.05297833 -0.0384441 -0.01480567 0.05285471 -0.0378881 -0.01572829 0.05302989 -0.03799957 -0.01526373 0.05329471 -0.03876912 -0.01309543 0.05388927 -0.03841572 -0.01352941 0.05428409 -0.03815597 -0.01461201 0.05366659 -0.0389527 -0.01091992 0.05582779 -0.03877902 -0.01178026 0.0553168 -0.03906112 -0.0113781 0.05496418 -0.03865551 -0.01239246 0.05495309 -0.03848081 -0.01325809 0.05443882 -0.03931695 -0.009656429 0.05607825 -0.0391128 -0.01001679 0.05637836 -0.03902179 -0.01057738 0.0560314 -0.03940069 -0.00824368 0.05747586 -0.0393244 -0.008714437 0.05718439 -0.03925997 -0.009111166 0.05693888 -0.03962576 -0.006468832 0.05861699 -0.03941017 -0.008186101 0.0575115 -0.03999996 -0.008184194 0.0522108 -0.03999996 -0.007339417 0.05318427 -0.03949666 -0.009270787 0.05576068 -0.03880095 -0.01704925 0.04969346 -0.03814131 -0.01780843 0.05050128 -0.03828108 -0.01764756 0.05033016 -0.03858351 -0.01597809 0.0513314 -0.03829956 -0.01762628 0.05030745 -0.03878551 -0.01706707 0.0497123 -0.03948247 -0.01322513 0.05135023 -0.03968989 -0.01004505 0.05381482 -0.03919559 -0.01377177 0.05187058 -0.03951728 -0.01049906 0.05420625 -0.03770893 -0.01815879 0.05087417 -0.03930729 -0.01094388 0.0545898 -0.03909069 -0.0126211 0.05346 -0.03884863 -0.01429975 0.05237305 -0.03993916 -0.01450222 0.04698306 -0.03999996 -0.01383227 0.04626995 -0.03999996 -0.01161789 0.04844379 -0.03977179 -0.01517021 0.04769378 -0.03986895 -0.01209056 0.05027031 -0.03958588 -0.01577955 0.04834222 -0.03970718 -0.0126636 0.0508157 -0.0395646 -0.0158171 0.04838216 -0.03955817 -0.01582849 0.0483945 -0.03977411 -0.01516211 0.0476852 -0.03992378 -0.01467132 0.04716295 -0.03996688 -0.01150995 0.04971778 -0.0399388 -0.01450639 0.04698735 -0.03999996 -0.01093626 0.0491715 -0.03999996 -0.009377956 0.05083525 -0.03920996 -0.01644259 0.04904782 -0.01775103 -0.03592908 0.05201137 -0.01784902 -0.03600072 0.05115664 -0.02096682 -0.03428941 0.05141621 -0.004357576 -0.04057765 0.04828023 -0.004317462 -0.04030358 0.0490275 -0.002520263 -0.04045408 0.04901009 -0.01116675 -0.0384826 0.05158782 -0.003184378 -0.0418325 0.04622519 -0.02532982 -0.0342521 0.04680866 -0.02573072 -0.03399258 0.04682868 -0.02534788 -0.03358048 0.04750692 -0.02862048 -0.03190743 0.04699236 -0.0288679 -0.03171527 0.04700762 -0.0284084 -0.03130728 0.04769814 -0.03923559 -0.009128212 0.0570535 -0.03806638 -0.01264613 0.05686396 -0.02377885 -0.03225922 0.05264395 -0.0208469 -0.03422707 0.05230087 -0.02652436 -0.03004175 0.053043 -0.02906411 -0.0275945 0.0535019 -0.03137999 -0.02493762 0.05402433 -0.0334534 -0.0220918 0.05461466 -0.03526616 -0.01907759 0.05527722 -0.03680646 -0.01591998 0.05602222 -0.038589 -0.01097428 0.05732548 -0.03903853 -0.00928384 0.0578165 -0.03890258 -0.009457111 0.05858886 -0.03716415 -0.01578277 0.05470359 -0.03847193 -0.0124408 0.05545049 -0.0376845 -0.01572746 0.05343329 -0.03602445 -0.01899021 0.05285567 -0.03659772 -0.01906836 0.0517227 -0.03693091 -0.01914298 0.05117309 -0.03672087 -0.01982456 0.05081677 -0.03458982 -0.02220141 0.05127418 -0.03655278 -0.02036947 0.05053198 -0.03517419 -0.02239495 0.05026495 -0.03572559 -0.0223121 0.04973983 -0.03636926 -0.02096486 0.0502206 -0.035034 -0.02366709 0.04923576 -0.03533738 -0.0230726 0.04945695 -0.03559875 -0.02256053 0.04964745 -0.03340762 -0.02564918 0.04900908 -0.03433746 -0.0250315 0.04872798 -0.03430181 -0.02509677 0.04870271 -0.03077489 -0.02840787 0.0487287 -0.03355157 -0.02646857 0.04816913 -0.03385639 -0.02591139 0.04838579 -0.0313766 -0.02963209 0.04717963 -0.0318644 -0.02918928 0.04721879 -0.03131008 -0.02878046 0.0479198 -0.03226 -0.02883017 0.04725068 -0.03324949 -0.02702075 0.04795444 -0.02951908 -0.0312094 0.04704815 -0.03004992 -0.03075861 0.0470857 -0.03136718 -0.02964013 0.04717898 -0.02606469 -0.03377646 0.04684543 -0.02705293 -0.0330733 0.04690027 -0.02784472 -0.03250998 0.0469442 -0.02227401 -0.03611063 0.04666453 -0.02245277 -0.03600609 0.0466727 -0.0221377 -0.03559035 0.0473389 -0.02343028 -0.03543388 0.0467171 -0.02420258 -0.03498208 0.04675215 -0.01901477 -0.03774565 0.04653751 -0.01904249 -0.03773272 0.04653859 -0.01879268 -0.03732448 0.04719328 -0.02029299 -0.0371505 0.04658377 -0.02133309 -0.03660458 0.04662615 -0.01617532 -0.03895068 0.04644429 -0.01645326 -0.03883719 0.04645311 -0.01533097 -0.03877013 0.04707229 -0.0182178 -0.03811675 0.04650872 -0.0136187 -0.03982979 0.04637706 -0.01405829 -0.0396983 0.04638701 -0.01552647 -0.0391798 0.04642689 -0.01051473 -0.04068565 0.04631197 -0.01191192 -0.0403406 0.04633808 -0.01177245 -0.03991806 0.04697686 -0.01192039 -0.04033803 0.04633826 -0.005369365 -0.04162251 0.04624116 -0.007164955 -0.04136115 0.04626089 -0.008139729 -0.04076266 0.04690712 -0.007559657 -0.04130375 0.0462653 -0.008237242 -0.04117107 0.04627519 -0.009743332 -0.04087615 0.04629755 -0.004507601 -0.04170531 0.0462349 -0.004403591 -0.04091018 0.04755729 -0.003625214 -0.04179012 0.0462284 -0.002570331 -0.0410608 0.04754352 -0.002484202 -0.04008716 0.05055469 -0.004255533 -0.03993743 0.05057615 -0.006018579 -0.03970968 0.05060899 -0.007770001 -0.0394048 0.0506531 -0.009506583 -0.03902351 0.05070847 -0.01451581 -0.03735107 0.0517739 -0.007958948 -0.04004168 0.04833537 -0.007884562 -0.03976821 0.04908937 -0.006106615 -0.0400747 0.0490539 -0.008044183 -0.04037386 0.0476064 -0.01163089 -0.03952908 0.04768419 -0.02796107 -0.03092771 0.04848521 -0.02497673 -0.03319728 0.04827272 -0.02183336 -0.03520452 0.04808592 -0.01854795 -0.03693693 0.04792451 -0.01513981 -0.03838139 0.04779028 -0.01150435 -0.03919738 0.04842269 -0.009648144 -0.03938478 0.04913383 -0.03283929 -0.02535778 0.04991078 -0.03029775 -0.0281015 0.04959887 -0.02756226 -0.03061205 0.04932487 -0.0246458 -0.03287571 0.0490843 -0.02156198 -0.03487902 0.0488736 -0.01832956 -0.03660833 0.04869222 -0.01496928 -0.03805083 0.04854166 -0.0113942 -0.03892529 0.04918736 -0.03234708 -0.02513879 0.0508753 -0.02988409 -0.02786475 0.05052137 -0.02721619 -0.0303635 0.0502091 -0.02435815 -0.03261929 0.04993486 -0.02132588 -0.03461658 0.04969567 -0.01813936 -0.03634148 0.0494908 -0.01482087 -0.037781 0.04932129 -0.0113008 -0.03871458 0.0499733 -0.0145933 -0.0374298 0.05094313 -0.03557819 -0.01899331 0.05404698 -0.0341041 -0.0220856 0.05234587 -0.03372359 -0.02204889 0.05346459 -0.0319367 -0.02499485 0.05189079 -0.03161305 -0.02492749 0.05294471 -0.02953839 -0.02770048 0.05148649 -0.02926415 -0.02761 0.05248343 -0.0269261 -0.0301848 0.05112951 -0.02669477 -0.03007704 0.05207729 -0.02411657 -0.03243017 0.05081695 -0.02392286 -0.03230983 0.05172252 -0.02112698 -0.03441959 0.05054545 -0.0179789 -0.03613859 0.0503143 -0.0146951 -0.03757339 0.05012369 -0.01122468 -0.0385667 0.05077528 -0.03865635 -0.02001518 0.04722172 -0.03867983 -0.01999711 0.0471757 -0.03886926 -0.01955807 0.0472396 -0.03977555 -0.01803582 0.04430752 -0.0398913 -0.01735836 0.04430729 -0.03966283 -0.01803582 0.04586249 -0.03992211 -0.01716655 0.04452621 -0.039963 -0.01648867 0.04502749 -0.03992933 -0.01664668 0.04521083 -0.0399515 -0.01680058 0.04483765 -0.03981608 -0.01717668 0.04582613 -0.03979712 -0.01722538 0.04588258 -0.0397731 -0.01786112 0.04365766 -0.03981781 -0.01771885 0.0438643 -0.0398494 -0.01761889 0.0440098 -0.03964817 -0.01851838 0.04391592 -0.03965353 -0.01845812 0.0438016 -0.03971832 -0.01803559 0.04340416 -0.03968048 -0.01815629 0.04322886 -0.03926116 -0.0194242 0.04580086 -0.03942298 -0.01914113 0.04518944 -0.03950417 -0.01899939 0.04488337 -0.03956168 -0.01880699 0.04449623 -0.03959 -0.01871269 0.04430663 -0.03914278 -0.01955795 0.04611223 -0.03923207 -0.01945799 0.045879 -0.03945076 -0.018045 0.04683309 -0.03890722 -0.01982223 0.04672867 -0.03897249 -0.0197491 0.0465579 -0.0384311 -0.02018839 0.04766446 -0.03829663 -0.01955747 0.04858791 -0.03829669 -0.02026057 0.04787117 -0.03788709 -0.02048087 0.04850125 -0.03788959 -0.0199303 0.0490204 -0.03783458 -0.02050906 0.04858201 -0.03737825 -0.02033746 0.04949283 -0.03741651 -0.0206657 0.04909867 -0.03793632 -0.0204544 0.04842555 -0.03828549 -0.01956868 0.04860097 -0.03806549 -0.01979017 0.04885792 -0.03713965 -0.02076941 0.04944086 -0.03719097 -0.0204572 0.04963177 -0.03704982 -0.02079218 0.04953163 -0.03716856 -0.02047157 0.04964846 -0.03691095 -0.02082735 0.0496723 -0.03659468 -0.02083843 0.0500741 -0.03916102 -0.01854807 0.04741698 -0.03903692 -0.01870948 0.0476042 -0.03919702 -0.01848566 0.0473445 -0.03868722 -0.01916426 0.0481317 -0.03851306 -0.01933968 0.04833519 -0.03974694 -0.01735395 0.04603165 -0.03925937 -0.01942723 0.04580748 -0.03945618 -0.01803547 0.04682207 -0.03953343 -0.01790153 0.04666668 -0.039976 -0.0158025 0.04535788 -0.03997248 -0.0160849 0.04522705 -0.03997522 -0.0158587 0.04533171 -0.03746008 -0.01932847 0.05026096 -0.0381118 -0.01878529 0.04965811 -7.49968e-4 -0.04235363 0.04563879 -7.4997e-4 -0.04367733 0.04361248 -7.49968e-4 -0.04366111 0.04363906 0 -0.04391258 0.04322719 -7.49968e-4 -0.04264718 0.04521209 0 -0.04653239 0.03799027 -7.49972e-4 -0.04653018 0.03798943 -7.49972e-4 -0.04651248 0.0380299 0 -0.04571646 0.03983825 -7.5e-4 -0.04571646 0.03983825 -7.5e-4 -0.04517257 0.04085999 -7.5e-4 -0.04391258 0.04322719 -0.03994065 0.001419067 0.04664021 -0.03999966 1.04401e-4 0.04664021 -0.03999996 -4.52e-5 0.04664021 -0.03985208 0.003391325 0.04664021 -0.0387507 0.00987339 0.04664021 -0.03856158 0.01050347 0.04664021 -0.03943479 0.006655037 0.04664021 -0.03951823 0.006002426 0.04664021 -0.03515267 0.01904106 0.04664021 -0.03660231 0.01608747 0.04664021 -0.03708308 0.01486229 0.04664021 -0.03780448 0.01302462 0.04664021 -0.03269958 0.0229361 0.04664021 -0.03346502 0.02186566 0.04664021 -0.03155106 0.02454185 0.04664021 -0.02984899 0.02654999 0.04664021 -0.02659517 0.02980375 0.04664021 -0.0270971 0.02937835 0.04664021 -0.02942359 0.02705186 0.04664021 -0.02458709 0.03150588 0.04664021 -0.0190863 0.03510749 0.04664021 -0.0219109 0.03341978 0.04664021 -0.02298128 0.0326544 0.04664021 -0.01490753 0.0370379 0.04664021 -0.01613265 0.03655713 0.04664021 -0.006047666 0.03947299 0.04664021 -0.006700158 0.03938955 0.04664021 -0.00991857 0.03870552 0.04664021 -0.01054865 0.0385164 0.04664021 -0.0130698 0.0377593 0.04664021 -0.003436446 0.0398069 0.04664021 -0.001464188 0.03989547 0.04664021 0 0.03995478 0.04664021 -1.49599e-4 0.03995448 0.04664021 -0.03999996 -0.01340043 0.0463413 -0.03999996 -0.01083487 0.04660701 -0.03999996 -0.009545147 0.04664021 -0.03594201 -0.02295178 0.04893773 -0.03495001 -0.02498227 0.04820501 -0.03555613 -0.02483177 0.04766672 -0.03895562 -0.02088159 0.04379326 -0.03877568 -0.02122998 0.04449349 -0.03812706 -0.02326029 0.043805 -0.03295588 -0.02874809 0.04683643 -0.03300577 -0.02874219 0.04680675 -0.0339598 -0.0269277 0.04748892 -0.03717952 -0.02681565 0.04188352 -0.03721237 -0.02676308 0.041781 -0.0377627 -0.0248776 0.04241603 -0.03760588 -0.02315562 0.03728008 -0.03785586 -0.02258217 0.03795975 -0.03753918 -0.02419817 0.03729027 -0.0396251 -0.0182898 0.04303872 -0.03941982 -0.01878494 0.04233366 -0.03859955 -0.02212578 0.0416634 -0.03927278 -0.01914608 0.04190099 -0.03862619 -0.02171206 0.04095059 -0.03913438 -0.01948559 0.04149407 -0.0390799 -0.01961928 0.04133385 -0.03858649 -0.02128499 0.0402463 -0.03883928 -0.02021116 0.04065328 -0.03897929 -0.01986587 0.04103827 -0.03770959 -0.02496248 0.03852272 -0.0376839 -0.0246874 0.03806525 -0.0384975 -0.02105367 0.03971409 -0.03850823 -0.02102738 0.03974348 -0.03852355 -0.02098953 0.03978568 -0.03767538 -0.02465873 0.03801983 -0.03835272 -0.02141076 0.03931599 -0.03762656 -0.02449375 0.0377584 -0.03786695 -0.02255678 0.03798997 -0.037876 -0.02253586 0.03801465 -0.03816759 -0.02186703 0.03880745 -0.03751057 -0.02410131 0.03713697 -0.03747218 -0.02401715 0.037009 -0.0373618 -0.0236696 0.03662621 -0.0373429 -0.02373343 0.03657758 -0.0377019 -0.02554726 0.03952038 -0.0377174 -0.02542018 0.03929823 -0.03773707 -0.02525722 0.03901308 -0.0377233 -0.02510899 0.03876656 -0.03767049 -0.02580612 0.03997308 -0.03764969 -0.0258643 0.04008007 -0.03745198 -0.02637887 0.04103308 -0.03748309 -0.02632886 0.04093587 -0.0385068 -0.02252346 0.04238015 -0.03749746 -0.0262888 0.0408622 -0.0376113 -0.02597135 0.0402773 -0.03907454 -0.02051377 0.04308968 -0.03834897 -0.02290248 0.04309558 -0.0372591 -0.02668821 0.04163539 -0.03676635 -0.02725905 0.04280066 -0.03689599 -0.02711999 0.04251277 -0.03749686 -0.02523928 0.04313671 -0.03694933 -0.02706277 0.04239451 -0.0360741 -0.02775263 0.0439133 -0.03612208 -0.02772605 0.04384905 -0.03676939 -0.02588206 0.04452729 -0.03624117 -0.02765989 0.04368942 -0.03716516 -0.0255751 0.04384237 -0.03651577 -0.02745038 0.04322475 -0.03656929 -0.02740949 0.04313409 -0.03560817 -0.02801162 0.0445376 -0.03631281 -0.02615845 0.04518717 -0.03557378 -0.02802562 0.04457491 -0.0350213 -0.02825069 0.04517555 -0.03579968 -0.02640277 0.04581749 -0.03500348 -0.02825796 0.04519498 -0.0348795 -0.02830845 0.04532968 -0.03523361 -0.02661347 0.04641401 -0.03438109 -0.02845436 0.04577451 -0.03461909 -0.02678889 0.04697269 -0.03406983 -0.02854543 0.04605233 -0.03319543 -0.02871978 0.04669386 -0.03369045 -0.02862101 0.04633069 -0.03371429 -0.0286163 0.04631322 -0.03749567 -0.02390116 0.04518502 -0.03709048 -0.02418005 0.04584658 -0.03662973 -0.02442908 0.04648333 -0.03611719 -0.02464681 0.0470916 -0.03951483 -0.01855576 0.04265993 -0.03649711 -0.02279365 0.04838049 -0.03700697 -0.02260375 0.04779058 -0.03746867 -0.02238368 0.0471723 -0.03787922 -0.0221349 0.04652947 -0.03823578 -0.02185857 0.04586607 -0.03784215 -0.02359396 0.04450309 -0.01851189 -0.04428005 0.0366078 -0.02060651 -0.04360389 0.03662014 -0.02111828 -0.04261559 0.0382632 -0.02863097 -0.04529756 0.01932018 -0.02860611 -0.04528319 0.0196439 -0.02619785 -0.04598402 0.0201413 -0.02068012 -0.04689598 0.02554178 -0.0284568 -0.0442487 0.02686321 -0.0283879 -0.04433923 0.02663528 -0.02844762 -0.04430997 0.02662605 -0.03067123 -0.03587329 0.04165261 -0.03075909 -0.03553128 0.04199266 -0.02917879 -0.03656685 0.04187119 -0.02850246 -0.03286707 0.04622989 -0.02689588 -0.03407251 0.04606753 -0.01336896 -0.04081839 0.04518735 0 -0.04671061 0.03754967 -0.002864122 -0.04753398 0.03508591 -0.003073871 -0.04643362 0.03803396 -0.003271639 -0.04510402 0.0408867 -0.003456234 -0.04355347 0.04362648 -0.007009506 -0.04229259 0.04500001 -0.01030373 -0.04165011 0.04508149 -0.01618498 -0.03985238 0.04531097 -0.01874977 -0.03879272 0.0454474 -0.02108269 -0.03766298 0.04559391 -0.0232045 -0.03648519 0.04574781 -0.02513539 -0.03528153 0.0459066 -0.0299707 -0.03166919 0.04639309 -0.03131616 -0.0304839 0.04655677 -0.03207898 -0.02976888 0.04665476 -0.03168588 -0.031654 0.04534256 -0.03188449 -0.030707 0.04600608 -0.0320537 -0.02989923 0.04657191 -0.03131341 -0.03329116 0.04405218 -0.03148972 -0.03251636 0.04466277 -0.03115946 -0.03227072 0.04512178 -0.03163748 -0.03186678 0.04517471 -0.03119415 -0.0337817 0.04361808 -0.02949428 -0.03501689 0.04345721 -0.03108239 -0.03424143 0.0432114 -0.03094065 -0.03482407 0.04269582 -0.02839827 -0.03939431 0.03848719 -0.02994483 -0.03857225 0.03854733 -0.02881318 -0.03802758 0.04021292 -0.03020447 -0.0376324 0.03973305 -0.03026562 -0.03740423 0.03998881 -0.03034049 -0.03712505 0.04030168 -0.03056639 -0.03628188 0.04124635 -0.0295521 -0.03996956 0.03659439 -0.0295785 -0.0398755 0.03672856 -0.02793556 -0.0406633 0.03669995 -0.0298745 -0.03882688 0.03822469 -0.0298767 -0.03881871 0.03823626 -0.02951049 -0.04011565 0.0363565 -0.02742648 -0.04183006 0.03485673 -0.02925938 -0.0410009 0.03491497 -0.02896618 -0.0420562 0.03289353 -0.02900379 -0.04191577 0.03320026 -0.02687269 -0.04289078 0.03296309 -0.02918308 -0.04127377 0.0344035 -0.02924895 -0.04103809 0.03484505 -0.02890259 -0.04229372 0.03237491 -0.02627539 -0.0438416 0.03102499 -0.02878868 -0.04271936 0.03144598 -0.02563685 -0.04467988 0.02904838 -0.0285592 -0.04369151 0.02878749 -0.02861768 -0.04341346 0.02965408 -0.02867758 -0.04317045 0.03028148 -0.02873408 -0.04294031 0.0308755 -0.02851521 -0.0439006 0.02813553 -0.02849441 -0.04399967 0.0278272 -0.02206808 -0.04573112 0.02936786 -0.02138859 -0.04636627 0.0274657 -0.0199449 -0.04731863 0.02360165 -0.0191847 -0.04763287 0.02165055 -0.02271431 -0.04686999 0.0208854 -0.02850782 -0.04522645 0.0209282 -0.0284816 -0.04516655 0.02152699 -0.02845811 -0.04511338 0.02206009 -0.02842545 -0.0450387 0.02280688 -0.02865248 -0.04531008 0.01903915 -0.0155974 -0.04827386 0.02241146 -0.008098959 -0.04918032 0.02373695 -0.01191908 -0.04879128 0.0231257 -0.02480429 -0.03674679 0.04450833 -0.02285379 -0.03785991 0.04436063 -0.0224688 -0.03916347 0.0429151 -0.02072489 -0.03894585 0.04421806 -0.02033746 -0.04016029 0.0427891 -0.0183984 -0.0399847 0.04408293 -0.01802223 -0.04111105 0.04267019 -0.01585519 -0.04095619 0.04395747 -0.01550525 -0.04199779 0.04256021 -0.01307713 -0.04183983 0.04384428 -0.01276981 -0.04280179 0.04246121 -0.01006627 -0.04259896 0.0437476 -0.00981754 -0.043491 0.04237699 -0.006841301 -0.04318428 0.04367321 -0.006665945 -0.04402148 0.04231238 -0.0200662 -0.0445069 0.03493762 -0.01580077 -0.04568076 0.03499019 -0.01949822 -0.04532206 0.03321987 -0.01176035 -0.04531407 0.03809887 -0.00900799 -0.04581272 0.0380699 -0.00842005 -0.0470519 0.03505998 -0.0110206 -0.04666209 0.03503948 -0.01391983 -0.04549926 0.03658926 -0.0143426 -0.04472708 0.0381335 -0.0162875 -0.04491519 0.03659749 -0.01675385 -0.04407358 0.0381726 -0.01900768 -0.04336571 0.03821599 -0.01529479 -0.04636842 0.03335386 -0.0134809 -0.04619979 0.03501576 -0.01063275 -0.04723399 0.03347271 -0.01477068 -0.0469765 0.0316919 -0.0102337 -0.04773628 0.03188508 -0.01422953 -0.04750388 0.03000801 -0.009824335 -0.04816818 0.03027951 -0.01890408 -0.04604697 0.03147089 -0.01828557 -0.04668015 0.02969485 -0.0176438 -0.04722052 0.02789646 -0.0125162 -0.04859429 0.02486103 -0.01629817 -0.04801857 0.0242502 -0.0131011 -0.04831361 0.02658891 -0.01698082 -0.04766702 0.02608019 -0.01367259 -0.04794991 0.02830582 -0.008541941 -0.0490356 0.02538466 -0.008977711 -0.04881829 0.02702629 -0.009405434 -0.04852902 0.0286588 -0.007798135 -0.04803359 0.03196328 -0.007146596 -0.04875093 0.02880108 -0.004342496 -0.04932212 0.02575546 -0.005689561 -0.04734849 0.0350759 -0.00525856 -0.048258 0.03202337 -0.004808545 -0.04891693 0.0289098 -0.006469964 -0.04920029 0.02559489 0 -0.04756629 0.0350784 0 -0.04790008 0.0341143 -0.002643883 -0.04839771 0.0320611 0 -0.04840111 0.03206312 -0.002414286 -0.04901969 0.02897799 0 -0.04881227 0.03038012 -0.02975845 -0.03338265 0.04496616 -0.02659505 -0.03562486 0.04465889 -0.02443408 -0.03813832 0.04304611 -0.02205049 -0.04039263 0.04141443 -0.0199216 -0.04130357 0.04131019 -0.01762229 -0.04216945 0.0412122 -0.01513618 -0.04297465 0.0411219 -0.01244753 -0.04370278 0.04104101 -0.009557962 -0.04432505 0.04097229 -0.006483495 -0.0448032 0.04091966 -0.02824175 -0.03450202 0.04481178 -0.02793318 -0.03605943 0.04331779 -0.02625083 -0.03710108 0.04318058 -0.02586406 -0.03849762 0.0416364 -0.02402609 -0.03945255 0.04152369 -0.0235809 -0.04068589 0.03994488 -0.0216 -0.04154431 0.03986257 -0.01947796 -0.04237288 0.03978461 -0.01719909 -0.04315769 0.03971195 -0.01474839 -0.04388505 0.03964537 -0.01211082 -0.0445407 0.039586 -0.009287953 -0.04509931 0.03953576 -0.006098747 -0.04619419 0.03804779 -0.02271682 -0.04499202 0.0312429 -0.02333289 -0.04415047 0.0330857 -0.02391409 -0.04320836 0.03489065 -0.02445936 -0.04216873 0.03665316 -0.02496707 -0.04103481 0.0383681 -0.0254358 -0.03981018 0.04003083 -0.02757763 -0.03753459 0.04175233 -0.002177 -0.04939687 0.02585601 0 -0.04939472 0.02588933 0 -0.04936122 0.02658659 0 -0.04901266 0.02899539 -0.03909075 -0.01945632 0.04142117 -0.0349999 -0.01968729 0.03885018 -0.0349999 -0.0185045 0.03952133 -0.03547042 -0.01851439 0.03954118 -0.03997772 -0.009545147 0.04616969 -0.03997772 -0.01081055 0.04613715 -0.03990572 -0.009545147 0.04577547 -0.03982269 -0.0107668 0.04528939 -0.03982269 -0.009545147 0.04532092 -0.03968089 -0.009545147 0.04493659 -0.03952401 -0.01072496 0.04448091 -0.03952401 -0.009545147 0.04451143 -0.03931397 -0.009545147 0.04414963 -0.03909075 -0.01068651 0.04373586 -0.03909075 -0.009545147 0.04376518 -0.03881579 -0.009545147 0.04343837 -0.03853541 -0.01065248 0.04307609 -0.03853541 -0.009545147 0.0431047 -0.0382018 -0.009545147 0.04282432 -0.03787493 -0.01062375 0.04252177 -0.03787493 -0.009545147 0.04254955 -0.03749048 -0.009545147 0.04232627 -0.0371288 -0.01060146 0.04208892 -0.0371288 -0.009545147 0.04211616 -0.0367037 -0.009545147 0.04195922 -0.03631937 -0.01058608 0.04179066 -0.03631937 -0.009545147 0.0418176 -0.03586483 -0.009545147 0.04173451 -0.03547042 -0.01057803 0.04163587 -0.03547042 -0.009545147 0.04166245 -0.0349999 -0.009545147 0.0416404 -0.0349999 -0.0105769 0.04161363 -0.0349999 -0.01129299 0.04153949 -0.0349999 -0.01262933 0.04140102 -0.03547042 -0.01465463 0.04099959 -0.0349999 -0.01464909 0.04097819 -0.0349999 -0.0142163 0.04106879 -0.0349999 -0.01703435 0.04016536 -0.03547042 -0.01662218 0.04036998 -0.0349999 -0.01661431 0.04034936 -0.0349999 -0.02212733 0.03717476 -0.0349999 -0.02197939 0.03730523 -0.03547042 -0.02199316 0.0373227 -0.0349999 -0.02029919 0.03850305 -0.03547042 -0.02354276 0.03595656 -0.0349999 -0.02352726 0.0359407 -0.03547042 -0.02494335 0.03443819 -0.0349999 -0.0249263 0.03442388 -0.0349999 -0.02427208 0.0351333 -0.03546732 -0.02606678 0.03294557 -0.03541731 -0.02612721 0.03285086 -0.0349999 -0.0261234 0.03282225 -0.0349999 -0.02616155 0.03277117 -0.03537935 -0.02617305 0.03277903 -0.03537833 -0.0261743 0.03277719 -0.03536367 -0.026192 0.03274929 -0.03518092 -0.0264222 0.03237503 -0.0349999 -0.02664995 0.03200441 -0.03630888 -0.02505064 0.03453689 -0.03630578 -0.02505445 0.03453099 -0.03624707 -0.02512538 0.03441995 -0.0360732 -0.02533525 0.03409129 -0.03589951 -0.025545 0.03376287 -0.03572595 -0.02575457 0.03343445 -0.03555226 -0.02596431 0.0331059 -0.03676968 -0.02449417 0.03540849 -0.03631937 -0.02365118 0.03606742 -0.0367949 -0.02446389 0.03545606 -0.03689897 -0.02431803 0.03567081 -0.03659528 -0.02470499 0.0350784 -0.036421 -0.02491533 0.03474897 -0.03640949 -0.0249291 0.03472739 -0.03720819 -0.02388465 0.03630936 -0.03718239 -0.02392095 0.03625583 -0.0371288 -0.02385979 0.03628093 -0.03712409 -0.02400255 0.03613567 -0.03704637 -0.0241115 0.03597503 -0.0371288 -0.02227509 0.037678 -0.0373187 -0.02372992 0.03653728 -0.03787493 -0.02078807 0.03926962 -0.03853541 -0.01916038 0.04083067 -0.03787493 -0.01891171 0.04033428 -0.03952401 -0.0176292 0.04303503 -0.03909075 -0.01736545 0.04233711 -0.03982269 -0.01558828 0.04453682 -0.03952401 -0.01538175 0.04375416 -0.03631937 -0.0220896 0.03744405 -0.0371288 -0.0205549 0.03890419 -0.03631937 -0.0203945 0.03865242 -0.03547042 -0.02031099 0.0385217 -0.03631937 -0.01858377 0.0396797 -0.0371288 -0.01871752 0.03994685 -0.03631937 -0.01667696 0.04051506 -0.0371288 -0.01678258 0.04079449 -0.03787493 -0.01693576 0.04119986 -0.03853541 -0.01713198 0.04171919 -0.03631937 -0.01469427 0.04114943 -0.0371288 -0.01477038 0.04143828 -0.03787493 -0.01488107 0.0418573 -0.03853541 -0.01502275 0.0423941 -0.03909075 -0.01519119 0.0430327 -0.03997772 -0.01332783 0.04587638 -0.03982269 -0.013197 0.04503762 -0.03952401 -0.01307219 0.04423785 -0.03909075 -0.01295703 0.04350066 -0.03853541 -0.01285517 0.04284805 -0.03787493 -0.01276952 0.04229938 -0.0371288 -0.01270276 0.04187119 -0.03631937 -0.01265662 0.04157608 -0.03547042 -0.01263272 0.04142296 -0.03990548 -4.52e-5 0.04577547 -0.03982049 -4.52e-5 0.04531258 -0.03982019 1.03729e-4 0.04531258 -0.03968083 -4.52e-5 0.04493671 -0.03951793 -4.52e-5 0.0444985 -0.0395177 1.02596e-4 0.0444985 -0.03931385 -4.52e-5 0.04414981 -0.03907912 -4.52e-5 0.04374897 -0.03907895 1.00952e-4 0.04374897 -0.03881579 -4.52e-5 0.04343855 -0.03851729 -4.52e-5 0.0430867 -0.03851699 9.8854e-5 0.0430867 -0.0382018 -4.52e-5 0.0428245 -0.0378493 -4.52e-5 0.0425316 -0.03784912 9.6355e-5 0.0425316 -0.03749048 -4.52e-5 0.0423265 -0.03709542 -4.52e-5 0.0421006 -0.03709518 9.3536e-5 0.0421006 -0.0367037 -4.52e-5 0.0419597 -0.0362783 -4.52e-5 0.04180639 -0.036278 9.0477e-5 0.04180639 -0.03586488 -4.52e-5 0.04173487 -0.03542268 -4.52e-5 0.04165828 -0.03542238 8.7276e-5 0.04165828 -2.971e-6 0.03495079 0.0416404 0 0.0353775 0.04165828 -1.30779e-4 0.03494691 0.0416404 -1.3248e-4 0.0353772 0.04165828 -0.002078056 0.0348894 0.0416404 -0.003043234 0.03524649 0.04165828 -0.003005266 0.03480678 0.0416404 -0.004141509 0.03470551 0.0416404 -0.005933403 0.034877 0.04165828 -0.005860865 0.03444886 0.0416404 -0.008783578 0.03427118 0.04165828 -0.00867486 0.03384715 0.0416404 -0.008116781 0.03399777 0.0416404 -0.00619179 0.03439939 0.0416404 -0.0101282 0.03345489 0.0416404 -0.01157408 0.03343313 0.04165828 -0.01143091 0.03301841 0.0416404 -0.01428651 0.0323686 0.04165828 -0.01411449 0.03197848 0.0416404 -0.01406586 0.03200179 0.0416404 -0.01209205 0.03279703 0.0416404 -0.01596969 0.03109747 0.0416404 -0.01690208 0.03108477 0.04165828 -0.01669269 0.03069919 0.0416404 -0.01778262 0.03009897 0.0416404 -0.01940339 0.0295903 0.04165828 -0.01916557 0.02922666 0.0416404 -0.02177339 0.02789539 0.04165828 -0.02150809 0.0275551 0.0416404 -0.02126061 0.02775627 0.0416404 -0.01954668 0.02898615 0.0416404 -0.0228672 0.02645099 0.0416404 -0.02399617 0.02601128 0.04165828 -0.0236991 0.02568858 0.0416404 -0.02794057 0.02172821 0.04165828 -0.02759647 0.02146035 0.0416404 -0.02719318 0.02198928 0.0416404 -0.02605652 0.02395099 0.04165828 -0.02584111 0.0235598 0.0416404 -0.02574247 0.02366167 0.0416404 -0.02439492 0.02505111 0.0416404 -0.0284481 0.0203433 0.0416404 -0.02963548 0.01935821 0.04165828 -0.02927136 0.01911962 0.0416404 -0.03112995 0.0168569 0.04165828 -0.03075289 0.01665246 0.0416404 -0.03064048 0.01687139 0.0416404 -0.0296005 0.01863068 0.0416404 -0.031587 0.01503038 0.0416404 -0.03241384 0.01424133 0.04165828 -0.03201299 0.01406461 0.0416404 -0.03431636 0.008738338 0.04165828 -0.03389406 0.008630394 0.0416404 -0.03373312 0.009287178 0.0416404 -0.03347831 0.0115289 0.04165828 -0.03312581 0.01125448 0.0416404 -0.03307545 0.01138955 0.0416404 -0.03242367 0.01313406 0.0416404 -0.03422576 0.00727576 0.0416404 -0.03492218 0.005888283 0.04165828 -0.0344944 0.005815446 0.0416404 -0.03529167 0.002998054 0.04165828 -0.03486251 0.002961218 0.0416404 -0.0348407 0.003293693 0.0416404 -0.0345903 0.005295157 0.0416404 -0.03497689 0.001227498 0.0416404 -0.03499758 8.5663e-5 0.0416404 -0.0349999 -4.52e-5 0.0416404 -0.03997719 1.04313e-4 0.04616671 -0.03997749 -4.52e-5 0.04616671 -0.03872895 0.009867787 0.04616671 -0.03941261 0.006651163 0.04616671 -0.03982967 0.003389418 0.04616671 -0.0377832 0.01301723 0.04616671 -0.03658175 0.01607835 0.04616671 -0.03513288 0.01903039 0.04616671 -0.03344625 0.02185332 0.04616671 -0.02708172 0.0293619 0.04616671 -0.02940708 0.02703648 0.04616671 -0.03153336 0.02452808 0.04616671 -0.0245732 0.03148818 0.04616671 -0.0218985 0.03340107 0.04616671 -0.01907557 0.0350877 0.04616671 -0.01612359 0.03653657 0.04616671 -0.006696403 0.03936743 0.04616671 -0.009913027 0.03868377 0.04616671 -0.01306241 0.0377379 0.04616671 -0.003434598 0.03978449 0.04616671 -1.49515e-4 0.03993195 0.04616671 0 0.03993225 0.04616671 0 0.03623312 0.04180639 -1.3568e-4 0.03623282 0.04180639 -0.003116786 0.03609889 0.04180639 -0.006076753 0.03572052 0.04180639 -0.008995771 0.03510016 0.04180639 -0.01185375 0.03424185 0.04180639 -0.01463162 0.03315162 0.04180639 -0.0173105 0.0318368 0.04180639 -0.01987218 0.03030622 0.04180639 -0.0222994 0.02857035 0.04180639 -0.02457582 0.02664077 0.04180639 -0.02668595 0.02453058 0.04180639 -0.02861559 0.02225422 0.04180639 -0.0303514 0.019827 0.04180639 -0.03188198 0.01726526 0.04180639 -0.0331968 0.01458638 0.04180639 -0.03428709 0.01180857 0.04180639 -0.0351454 0.008950531 0.04180639 -0.0357657 0.006031632 0.04180639 -0.03614413 0.003071606 0.04180639 0 0.03705018 0.0421006 -1.38736e-4 0.03705 0.0421006 -0.003186941 0.03691309 0.0421006 -0.006213665 0.0365262 0.0421006 -0.009198367 0.03589177 0.0421006 -0.01212078 0.03501415 0.0421006 -0.0149613 0.0338993 0.0421006 -0.01770049 0.03255498 0.0421006 -0.02031981 0.03098988 0.0421006 -0.02280169 0.02921479 0.0421006 -0.02512943 0.02724188 0.0421006 -0.02728706 0.02508419 0.0421006 -0.02926003 0.02275651 0.0421006 -0.03103506 0.02027463 0.0421006 -0.03260016 0.01765525 0.0421006 -0.03394448 0.01491606 0.0421006 -0.03505939 0.0120756 0.0421006 -0.03593695 0.009153187 0.0421006 -0.03657138 0.006168425 0.0421006 -0.03695833 0.00314182 0.0421006 0 0.03780412 0.0425316 -1.41556e-4 0.03780388 0.0425316 -0.003251731 0.03766429 0.0425316 -0.006339967 0.03726947 0.0425316 -0.009385347 0.0366221 0.0425316 -0.01236712 0.03572672 0.0425316 -0.01526522 0.03458929 0.0425316 -0.01806008 0.03321743 0.0425316 -0.02073282 0.03162068 0.0425316 -0.02326518 0.02980959 0.0425316 -0.02564013 0.02779638 0.0425316 -0.02784162 0.02559489 0.0425316 -0.02985477 0.02322 0.0425316 -0.03166586 0.02068763 0.0425316 -0.03326267 0.0180149 0.0425316 -0.03463447 0.01521998 0.0425316 -0.0357719 0.01232188 0.0425316 -0.03666728 0.009340107 0.0425316 -0.03731465 0.006294727 0.0425316 -0.03770947 0.003206551 0.0425316 0 0.03847211 0.0430867 -1.44054e-4 0.03847181 0.0430867 -0.003309071 0.03832978 0.0430867 -0.006451845 0.03792798 0.0430867 -0.009550929 0.03726929 0.0430867 -0.0125854 0.03635799 0.0430867 -0.01553463 0.03520041 0.0430867 -0.01837885 0.03380453 0.0430867 -0.02109867 0.03217947 0.0430867 -0.02367573 0.03033643 0.0430867 -0.02609258 0.0282877 0.0430867 -0.02833288 0.0260474 0.0430867 -0.03038161 0.02363049 0.0430867 -0.03222465 0.02105349 0.0430867 -0.03384971 0.01833367 0.0430867 -0.03524571 0.01548939 0.0430867 -0.03640323 0.01254016 0.0430867 -0.03731447 0.009505748 0.0430867 -0.0379731 0.006406605 0.0430867 -0.03837496 0.00326395 0.0430867 0 0.03903388 0.04374897 -1.46155e-4 0.03903377 0.04374897 -0.00335741 0.0388894 0.04374897 -0.00654602 0.03848189 0.04374897 -0.009690284 0.0378136 0.04374897 -0.01276898 0.03688901 0.04374897 -0.01576125 0.03571462 0.04374897 -0.01864695 0.0342983 0.04374897 -0.02140647 0.03264951 0.04374897 -0.02402108 0.0307796 0.04374897 -0.02647328 0.028701 0.04374897 -0.02874618 0.0264281 0.04374897 -0.03082478 0.0239759 0.04374897 -0.03269469 0.02136129 0.04374897 -0.03434348 0.01860177 0.04374897 -0.0357598 0.01571607 0.04374897 -0.03693419 0.0127238 0.04374897 -0.03785878 0.009645044 0.04374897 -0.03852707 0.00650078 0.04374897 -0.0389347 0.00331223 0.04374897 0 0.03947269 0.0444985 -1.47797e-4 0.03947246 0.0444985 -0.00339514 0.0393266 0.0444985 -0.006619453 0.0389145 0.0444985 -0.009799063 0.03823858 0.0444985 -0.01291239 0.03730362 0.0444985 -0.01593828 0.03611618 0.0444985 -0.0188564 0.03468388 0.0444985 -0.02164679 0.03301668 0.0444985 -0.0242908 0.03112566 0.0444985 -0.02677059 0.02902388 0.0444985 -0.02906906 0.02672529 0.0444985 -0.0311709 0.02424561 0.0444985 -0.03306186 0.02160161 0.0444985 -0.03472906 0.01881116 0.0444985 -0.03616136 0.0158931 0.0444985 -0.03734892 0.01286715 0.0444985 -0.03828376 0.009753882 0.0444985 -0.03895968 0.006574273 0.0444985 -0.03937178 0.0033499 0.0444985 0 0.03977525 0.04531258 -1.48928e-4 0.03977495 0.04531258 -0.003421068 0.03962802 0.04531258 -0.006670117 0.0392127 0.04531258 -0.009874045 0.0385316 0.04531258 -0.01301109 0.03758955 0.04531258 -0.01606029 0.0363928 0.04531258 -0.01900058 0.03494966 0.04531258 -0.02181243 0.0332697 0.04531258 -0.0244767 0.03136426 0.04531258 -0.02697539 0.02924633 0.04531258 -0.02929157 0.02693015 0.04531258 -0.0314095 0.02443158 0.04531258 -0.03331488 0.02176719 0.04531258 -0.0349949 0.0189554 0.04531258 -0.03643798 0.01601505 0.04531258 -0.03763473 0.01296591 0.04531258 -0.0385769 0.009828865 0.04531258 -0.03925788 0.006624937 0.04531258 -0.0396732 0.003375828 0.04531258 -0.03523761 -0.02873337 0.0288589 -0.03513222 -0.02905398 0.02807277 -0.03521019 -0.02868479 0.02884382 -0.03507018 -0.0289759 0.0280373 -0.0351867 -0.0286557 0.02883565 -0.03506189 -0.02872931 0.0284056 -0.03512823 -0.02858299 0.0288152 -0.03510963 -0.02855986 0.02880877 -0.03498989 -0.02866256 0.02838325 -0.03506159 -0.02851647 0.02879828 -0.03491103 -0.0286026 0.02836471 -0.03498929 -0.02845108 0.0287823 -0.03491199 -0.02840083 0.02877289 -0.03482633 -0.0285499 0.02835029 -0.03473669 -0.02850526 0.02833998 -0.03484898 -0.02836 0.0287652 -0.03465318 -0.02827996 0.02875918 -0.03469616 -0.02829176 0.02875822 -0.03464287 -0.0284686 0.0283339 -0.03474295 -0.02831268 0.02876037 -0.0345034 -0.02833336 0.02854579 -0.03456079 -0.02825438 0.02876102 -0.03454601 -0.02844065 0.02833199 -0.03453928 -0.02824842 0.0287615 -0.03440618 -0.02832007 0.02855181 -0.0344665 -0.02823996 0.02876728 -0.03432762 -0.02830177 0.02859401 -0.03438085 -0.02822989 0.02877426 -0.03419238 -0.0285356 0.02812695 -0.03419899 -0.0285241 0.02814996 -0.03428941 -0.02851027 0.0281338 -0.0342586 -0.0284211 0.02835559 -0.03411716 -0.0286656 0.02786731 -0.03413957 -0.02862673 0.0279448 -0.03423339 -0.02861678 0.0279302 -0.03409528 -0.02871835 0.02778947 -0.03417879 -0.02873075 0.02773058 -0.0340839 -0.02874588 0.0277487 -0.0341258 -0.0288521 0.02753478 -0.03403031 -0.02887529 0.02755779 -0.034114 -0.02910059 0.02715146 -0.03402733 -0.0291115 0.02716583 -0.0340743 -0.02898049 0.02734297 -0.03396379 -0.02911949 0.02717643 -0.03400427 -0.02893847 0.02746438 -0.03397685 -0.02900469 0.02736681 -0.03392595 -0.02912771 0.0271852 -0.03429955 -0.02897799 0.02732247 -0.03437089 -0.0291149 0.02714115 -0.03428202 -0.02910202 0.0271393 -0.034141 -0.02910089 0.02714943 -0.03466618 -0.02893817 0.02753907 -0.03448402 -0.0291363 0.02714717 -0.0345627 -0.0289011 0.02752566 -0.0344119 -0.02899265 0.02732259 -0.03444719 -0.0291258 0.02714276 -0.03473639 -0.02922779 0.0271911 -0.03469878 -0.02921158 0.02718269 -0.03476452 -0.02898466 0.0275588 -0.03460115 -0.02916938 0.027161 -0.03488886 -0.02932471 0.02724677 -0.034873 -0.02931129 0.0272386 -0.03485679 -0.02904021 0.02758455 -0.03479665 -0.02926462 0.02721208 -0.03510528 -0.02955269 0.02738875 -0.03508919 -0.02952533 0.02737092 -0.03504276 -0.02947109 0.02733677 -0.0350185 -0.02917516 0.0276528 -0.03499191 -0.02941185 0.0272994 -0.03497129 -0.02939432 0.02728885 -0.0352832 -0.02881389 0.02888399 -0.03518491 -0.02913695 0.02811169 -0.03522759 -0.02922403 0.02815389 -0.03516268 -0.02964979 0.02745199 -0.03526008 -0.02931416 0.02819859 -0.03519248 -0.02973079 0.02750617 -0.03521072 -0.02978008 0.02753919 -0.03528171 -0.0294063 0.0282458 -0.0352177 -0.02982383 0.02756905 -0.03499943 -0.02890366 0.02800589 -0.03494179 -0.02910405 0.0276162 -0.03464722 -0.02868902 0.02792698 -0.0347439 -0.02873015 0.0279392 -0.03483539 -0.0287801 0.02795648 -0.03492099 -0.02883803 0.02797883 -0.03445559 -0.0288738 0.02751845 -0.03454679 -0.02865684 0.02791988 -0.03433865 -0.02862048 0.02792149 -0.03428649 -0.02873098 0.02772045 -0.03423589 -0.028849 0.02752298 -0.0341866 -0.02897381 0.02732926 -0.03444707 -0.02842146 0.02833431 -0.03434699 -0.0284112 0.02834105 -0.0342909 -0.02836519 0.02846723 -0.03439211 -0.02851712 0.02812623 -0.03444349 -0.02863395 0.0279181 -0.03439426 -0.02874153 0.0277161 -0.03434628 -0.02885621 0.02751749 -0.0353617 -0.02907449 0.02897363 -0.03536969 -0.02911776 0.02898919 -0.03523278 -0.02991849 0.0276339 -0.03529363 -0.02950489 0.0282976 -0.03530168 -0.02945011 0.0283854 -0.03537309 -0.02916383 0.02900636 -0.03528928 -0.02882462 0.02888739 -0.03531628 -0.02889925 0.02891248 -0.03534287 -0.0289725 0.0289371 -0.02612537 -0.024558 0.03485447 -0.02559477 -0.02428436 0.03514432 -0.0178079 -0.02006155 0.0386523 -0.01716279 -0.01969403 0.03886228 -0.001462996 -0.01042568 0.04162091 -7.49962e-4 -0.009996533 0.04163771 -7.5e-4 -0.009545147 0.0416404 -0.005368471 -0.01277196 0.0413658 -0.003856182 -0.01186501 0.04150533 -0.007786214 -0.01421689 0.04107338 -0.007677674 -0.0141521 0.0410884 -0.006255686 -0.01330393 0.04128396 -0.002907395 -0.01129448 0.04155117 -0.003057122 -0.01138442 0.04154396 -0.01226472 -0.01686489 0.04023826 -0.01111733 -0.01619255 0.04050326 -0.009978592 -0.0155186 0.04071289 -0.008709549 -0.01476758 0.04094648 -0.01255881 -0.01703715 0.04017037 -0.01344513 -0.0175563 0.03996568 -0.0145322 -0.01818501 0.03966313 -0.01677936 -0.01947551 0.03898721 -0.01571846 -0.01887089 0.03933292 -0.02337247 -0.02312195 0.03630656 -0.0221557 -0.02247291 0.03690046 -0.02152347 -0.02212589 0.03717213 -0.02120149 -0.02194929 0.0373106 -0.01994884 -0.02126199 0.03784883 -0.01900309 -0.02073162 0.03820371 -0.02550876 -0.02423989 0.03519129 -0.02426886 -0.02360028 0.035869 -0.03131061 -0.02700912 0.0313875 -0.02970659 -0.02629357 0.03257149 -0.02963906 -0.02626162 0.03261679 -0.02933698 -0.02611887 0.03281915 -0.02795439 -0.0254653 0.033746 -0.02760022 -0.02528977 0.03396058 -0.03474062 -0.0272842 0.03086489 -0.03161019 -0.02713358 0.03114444 -0.03470498 -0.02737158 0.03070789 -0.03271293 -0.0275914 0.03024899 -0.03462225 -0.0275858 0.03024655 -0.0329011 -0.02766948 0.03009635 -0.03350949 -0.02789998 0.02955281 -0.03447198 -0.02797442 0.0294094 -0.03230166 -0.04406285 0.01119959 -0.03237539 -0.04403126 0.01123255 -0.03120315 -0.04442852 0.01430875 -0.03718817 -0.03650259 0.01409268 -0.03722256 -0.035106 0.0142855 -0.036807 -0.03528285 0.01548939 -0.0360791 -0.03558737 0.01792985 -0.03595441 -0.03719019 0.0177741 -0.0362975 -0.03549808 0.01706522 -0.03630626 -0.0370469 0.01651865 -0.03640139 -0.03842097 0.01500356 -0.035977 -0.03859347 0.01627641 -0.03572535 -0.03933948 0.01613181 -0.03560888 -0.03874033 0.01756691 -0.03469759 -0.04033339 0.0186553 -0.03541797 -0.04006111 0.01597297 -0.03499853 -0.03959822 0.01876389 -0.03529191 -0.03888183 0.01886969 -0.0356568 -0.0373094 0.0190441 -0.03565669 -0.03731262 0.0190438 -0.03565526 -0.0373187 0.01904302 -0.03529649 -0.0388621 0.01887196 -0.03286623 -0.04289019 0.0181148 -0.0336644 -0.04260993 0.01521241 -0.03337818 -0.04229116 0.01825857 -0.03417778 -0.04203271 0.01541936 -0.03386527 -0.04172128 0.01839548 -0.03464233 -0.04141259 0.01561576 -0.03282827 -0.04293459 0.01810407 -0.03166502 -0.0439037 0.0178017 -0.0325067 -0.04362267 0.01477277 -0.03161972 -0.04394149 0.0177899 -0.0324105 -0.0440163 0.01124835 -0.0335673 -0.0432567 0.01180106 -0.03361809 -0.04322326 0.01182526 -0.03369039 -0.04317581 0.01185989 -0.03468489 -0.0422368 0.01237159 -0.0369023 -0.03814041 0.01376998 -0.03715699 -0.03668129 0.01405751 -0.03671169 -0.03687852 0.01528042 -0.03716599 -0.03662949 0.01406759 -0.036875 -0.03821969 0.01374906 -0.03688478 -0.03819161 0.01375645 -0.03639185 -0.03545951 0.01669198 -0.0366221 -0.03895139 0.01355558 -0.03637468 -0.03966748 0.0133664 -0.03637105 -0.03967458 0.01336389 -0.03576666 -0.0357151 0.01916658 -0.03025788 -0.0447402 0.01745688 -0.03021395 -0.04476583 0.01744616 -0.03161126 -0.04394865 0.01778769 -0.0309394 -0.04434168 0.01762348 -0.03031605 -0.0447061 0.01747119 -0.02952617 -0.04503226 0.01728653 -0.0346871 -0.04035896 0.0186516 -0.034662 -0.04041993 0.0186426 -0.03505635 -0.04075378 0.01580059 -0.03430002 -0.04101639 0.01852995 -0.03388983 -0.04169243 0.01840233 -0.0347135 -0.04220986 0.01238638 -0.03482931 -0.04210048 0.01244592 -0.03518801 -0.04162806 0.01264768 -0.03564435 -0.041027 0.0129044 -0.03600579 -0.04035449 0.01313292 -0.03636723 -0.03968155 0.01336157 -0.03503358 -0.03889608 0.02035933 -0.03540486 -0.0373522 0.0204184 -0.03070235 -0.04436117 0.01965802 -0.0313605 -0.04392749 0.01976501 -0.03118485 -0.0437861 0.02175819 -0.03256595 -0.04291009 0.01996076 -0.03518587 -0.02978128 0.0434187 -0.03460931 -0.0300517 0.04403191 -0.03417629 -0.03177237 0.0427885 -0.03632295 -0.02947247 0.03375929 -0.03620588 -0.02886039 0.03317981 -0.03645849 -0.02761971 0.03403377 -0.03547656 -0.0340476 0.03149706 -0.03532862 -0.03469389 0.03193318 -0.0350852 -0.0356394 0.03061145 -0.03615057 -0.0291326 0.0329926 -0.03703457 -0.02795678 0.03686618 -0.03727096 -0.02745896 0.039204 -0.03685832 -0.02834737 0.04067498 -0.03570336 -0.02947348 0.04277151 -0.02977019 -0.04432696 0.0237686 -0.02984875 -0.04460483 0.02165347 -0.02977418 -0.04390448 0.02587747 -0.02985572 -0.04333746 0.02796578 -0.03000921 -0.0426262 0.03001898 -0.03022933 -0.04177063 0.03202229 -0.03050959 -0.04077315 0.03396308 -0.0308398 -0.03964096 0.0358321 -0.03120958 -0.03838199 0.03762131 -0.03160881 -0.03700435 0.03932243 -0.0320267 -0.03551638 0.04092741 -0.03174978 -0.03411835 0.04286652 -0.03216779 -0.03241205 0.04429799 -0.03257477 -0.03062087 0.04562419 -0.0332989 -0.03047347 0.04513937 -0.03397881 -0.03028309 0.0446071 -0.03615719 -0.02913028 0.04209518 -0.03654289 -0.02875369 0.04139435 -0.03710162 -0.0279147 0.03994286 -0.03699463 -0.02847778 0.0375567 -0.03736448 -0.02698409 0.03846412 -0.03700125 -0.02742356 0.03618478 -0.03689503 -0.02688217 0.03551739 -0.03661835 -0.02683395 0.0345745 -0.03671538 -0.02632772 0.03485333 -0.03699678 -0.02486103 0.03566133 -0.03721356 -0.0241549 0.03623515 -0.03001248 -0.04474097 0.01954585 -0.02929538 -0.04506427 0.01942908 -0.03540158 -0.03360688 0.02947741 -0.03539115 -0.03289991 0.02909678 -0.03542536 -0.0326963 0.02940493 -0.03558748 -0.03272128 0.0306344 -0.03597158 -0.02999377 0.03223049 -0.0358076 -0.03173243 0.03173702 -0.03574031 -0.03110533 0.03124278 -0.03555923 -0.03202015 0.03018599 -0.03574109 -0.03301542 0.032705 -0.03580611 -0.03237813 0.03221768 -0.03607857 -0.0312696 0.03331089 -0.03605502 -0.03064709 0.03278028 -0.036605 -0.02821505 0.03467178 -0.03637301 -0.0300697 0.03433769 -0.03603649 -0.03188359 0.03384995 -0.0356127 -0.03364038 0.03319609 -0.03668266 -0.0287854 0.03529578 -0.03669029 -0.02934741 0.035932 -0.03635519 -0.03065878 0.03492647 -0.0362699 -0.03123539 0.0355215 -0.03592908 -0.0324853 0.03439402 -0.03575658 -0.03307068 0.03493952 -0.03542149 -0.03424882 0.03368765 -0.0351687 -0.03483682 0.03417658 -0.03485155 -0.03593313 0.0328018 -0.03662747 -0.02989739 0.03657585 -0.03611683 -0.03179574 0.03611898 -0.03552037 -0.03363561 0.03548288 -0.03669589 -0.02946865 0.0389449 -0.0368815 -0.02898317 0.03825134 -0.03649437 -0.03043097 0.03722298 -0.03629189 -0.03094476 0.03786861 -0.03589749 -0.03233593 0.03671455 -0.03561341 -0.03285235 0.03730428 -0.03522217 -0.03417652 0.03602039 -0.03486388 -0.03468978 0.03654819 -0.03448665 -0.03593665 0.03513383 -0.03643971 -0.02993083 0.0396319 -0.036022 -0.03143477 0.03850811 -0.03568655 -0.0318976 0.0391367 -0.03526681 -0.03334105 0.03788363 -0.03485959 -0.03379839 0.03844869 -0.03444778 -0.03517132 0.03706288 -0.03397601 -0.0356177 0.03756058 -0.0335825 -0.03690958 0.03604209 -0.03611475 -0.03036606 0.04030716 -0.03528743 -0.03232926 0.03974956 -0.0343939 -0.03422105 0.03899502 -0.03572285 -0.03077071 0.04096519 -0.03482699 -0.03272652 0.04034209 -0.03526633 -0.03114151 0.04160106 -0.03474932 -0.03147608 0.04221016 -0.03430891 -0.03308689 0.0409103 -0.03373771 -0.0334084 0.0414505 -0.0333029 -0.03495198 0.04001843 -0.03311789 -0.03368878 0.04195898 -0.03355199 -0.03202843 0.04333198 -0.03245389 -0.03392612 0.0424323 -0.03288096 -0.03224229 0.04383647 -0.03414416 -0.03707516 0.033647 -0.03322315 -0.03808945 0.03444641 -0.0338459 -0.03809869 0.03209418 -0.0329076 -0.03915065 0.03278118 -0.0336008 -0.03900039 0.03048235 -0.03264558 -0.04008615 0.03105306 -0.03341799 -0.03977453 0.02881878 -0.03244638 -0.04088979 0.02927029 -0.0333029 -0.04041951 0.02711415 -0.03231567 -0.04156005 0.027444 -0.03325915 -0.04093533 0.02538079 -0.03225815 -0.04209685 0.02558708 -0.03329128 -0.04132229 0.02363049 -0.03227818 -0.04250019 0.02371257 -0.03340303 -0.04158008 0.02187573 -0.03238016 -0.0427705 0.02183318 -0.03359621 -0.0417115 0.02012765 -0.0328803 -0.03639537 0.03849303 -0.03247988 -0.03773087 0.03687793 -0.03211158 -0.03895109 0.03518062 -0.03178542 -0.04004859 0.03340888 -0.0315119 -0.04101628 0.03157019 -0.03130012 -0.0418471 0.02967309 -0.03115671 -0.04253959 0.0277298 -0.0310865 -0.04309356 0.02575385 -0.03109419 -0.043509 0.0237587 -0.03555095 -0.0357275 0.02044117 -0.03545576 -0.03573298 0.02100348 -0.03521382 -0.0372731 0.02180457 -0.03539019 -0.03573668 0.02139061 -0.03536021 -0.03568977 0.02171438 -0.03508788 -0.03707617 0.02319407 -0.03524196 -0.0355044 0.02299356 -0.03502595 -0.03675889 0.02457743 -0.03518617 -0.03541696 0.02359718 -0.03442531 -0.04036158 0.02026158 -0.0351724 -0.03521478 0.0242601 -0.0351566 -0.03498339 0.02501845 -0.035025 -0.03632164 0.02594488 -0.03538477 -0.03293848 0.02903848 -0.03525668 -0.03438258 0.02827119 -0.03526359 -0.03366059 0.02794551 -0.03514623 -0.03482943 0.02552336 -0.03514301 -0.03478187 0.02567917 -0.0350821 -0.03576475 0.02728641 -0.0351929 -0.0342763 0.02673846 -0.03519392 -0.03508836 0.02859205 -0.03523969 -0.03380328 0.02772957 -0.03556305 -0.03338867 0.03106319 -0.03535658 -0.03429418 0.02985298 -0.03422856 -0.04024368 0.02188509 -0.03483736 -0.03879612 0.02186119 -0.03410917 -0.04000288 0.02351462 -0.03471302 -0.03857588 0.023368 -0.03406578 -0.03963655 0.02513945 -0.03465956 -0.03823328 0.02486956 -0.03409475 -0.03914487 0.02674823 -0.03467357 -0.03776788 0.02635538 -0.03419238 -0.03852748 0.02832949 -0.03475159 -0.03718018 0.0278145 -0.0343548 -0.03778463 0.0298717 -0.03489035 -0.03646999 0.02923649 -0.03457731 -0.03691798 0.03136473 -0.03614747 -0.0291481 0.03298199 -0.03548532 -0.026151 0.03284788 -0.0364322 -0.02495396 0.03473281 -0.03655123 -0.02506327 0.03478616 -0.0367769 -0.02543169 0.03502607 -0.03675282 -0.02537649 0.03498709 -0.0367248 -0.02531105 0.0349403 -0.03669047 -0.02524656 0.03489649 -0.03695589 -0.0243864 0.03571313 -0.03690898 -0.02432906 0.03567528 -0.03660327 -0.02512228 0.03481912 -0.03649413 -0.025007 0.03475719 -0.03586798 -0.02636981 0.03289192 -0.03579956 -0.02631562 0.0328738 -0.03572642 -0.02626621 0.03286021 -0.03564924 -0.02622222 0.03285139 -0.03556865 -0.02618366 0.0328474 -0.03491157 -0.02731662 0.0308479 -0.03482061 -0.02729839 0.03085649 -0.03500092 -0.02734231 0.03084349 -0.03508818 -0.02737528 0.03084313 -0.03517228 -0.02741491 0.03084707 -0.03525257 -0.02746117 0.030855 -0.0353282 -0.02751356 0.03086721 -0.0353986 -0.02757197 0.03088361 -0.03546309 -0.02763569 0.03090387 -0.03557306 -0.0277763 0.03095507 -0.03552132 -0.027704 0.03092771 -0.0356177 -0.02785193 0.03098547 -0.03565508 -0.02793031 0.03101879 -0.03568452 -0.0280109 0.03105479 -0.0353775 -0.02915048 0.0290395 -0.03589069 -0.02771836 0.03193938 -0.03572469 -0.02816385 0.03112608 -0.03570598 -0.0280928 0.03109318 -0.03561633 -0.02845478 0.030595 -0.03541439 -0.02903598 0.02932208 -0.03659152 -0.02591276 0.03449022 -0.03621822 -0.02687031 0.03324198 -0.03618258 -0.0268439 0.0331279 -0.0362007 -0.0269159 0.03317195 -0.03615516 -0.0270335 0.03299129 -0.03598916 -0.02649128 0.03294116 -0.03604108 -0.02655708 0.03297173 -0.03608673 -0.02662599 0.03300607 -0.03612583 -0.02669703 0.03304356 -0.0361579 -0.02676981 0.03308427 -0.03593128 -0.02642858 0.03291451 -0.03664976 -0.02518343 0.03485596 -0.03635865 -0.0259307 0.03395318 -0.03631258 -0.02586555 0.0339176 -0.0362606 -0.02580302 0.03388559 0 -0.04687958 -0.03715401 0 -0.04661357 -0.03739833 -0.002409577 -0.04660421 -0.03734111 -0.03042787 -0.04397225 -0.01962888 -0.03092277 -0.04344058 -0.02007168 -0.03209728 -0.04308509 -0.018274 -0.03542351 -0.04199755 0.01037478 -0.03428727 -0.04301977 0.009894728 -0.0371409 -0.03943812 0.01121038 0 -0.04115229 -0.04022628 0 -0.04044222 -0.04028517 -0.002461433 -0.04042506 -0.04024136 0 -0.04272997 -0.03983181 0 -0.0423913 -0.03991657 -0.002477884 -0.04237473 -0.0398603 0 -0.0456826 -0.038253 0 -0.04507362 -0.03864699 -0.002455413 -0.04506856 -0.03859978 0 -0.0442692 -0.0391677 0 -0.044236 -0.03918188 -0.002469122 -0.04421365 -0.03910738 0 -0.04868721 -0.03440648 0 -0.04836308 -0.03499895 -0.002298831 -0.04836761 -0.03494626 -0.0300709 -0.04322701 -0.02226328 -0.02865862 -0.04360991 -0.02395749 -0.02902889 -0.04297053 -0.02442795 0 -0.04922902 -0.03284543 0 -0.04911798 -0.03316545 -0.002201557 -0.04911506 -0.03310865 -0.02749419 -0.04556339 -0.0197649 -0.0261752 -0.04592669 -0.0212475 -0.02674388 -0.0455935 -0.0218234 -0.01599293 -0.04822432 -0.0275892 -0.004170358 -0.04941993 -0.03098559 -0.001539707 -0.03953748 -0.04032999 -0.002444565 -0.03952252 -0.0402705 -0.03721868 -0.03530412 -0.01501435 -0.03746289 -0.0352301 -0.01433736 -0.03656536 -0.03600138 -0.01651328 -0.02239817 -0.04696327 -0.02371639 -0.0226686 -0.04691118 -0.02334278 -0.02114385 -0.04725307 -0.02451485 -0.02877289 -0.04187256 -0.02609509 -0.02874815 -0.04175871 -0.02622568 -0.02961593 -0.0415517 -0.02526587 -0.02866059 -0.04135459 -0.02668941 -0.02853137 -0.04108279 -0.027049 -0.02982842 -0.04078292 -0.02562671 -0.02511376 -0.04320269 -0.02906799 -0.02504998 -0.04327625 -0.02905941 -0.02437347 -0.04342365 -0.02962172 -0.02270352 -0.04588985 -0.0277276 -0.02262568 -0.04597538 -0.02761155 -0.0212875 -0.04626029 -0.02856492 -0.02192729 -0.04687201 -0.02560806 -0.02192628 -0.04693239 -0.02526909 -0.02166301 -0.04702633 -0.02523171 -0.02192616 -0.04693889 -0.02523255 -0.02194499 -0.04696226 -0.02503418 -0.02192777 -0.04684382 -0.02576649 -0.01998758 -0.04737925 -0.02638959 -0.02197355 -0.04675877 -0.0260716 -0.02209997 -0.0465762 -0.02659308 -0.0220052 -0.04670011 -0.02628195 -0.02045029 -0.04708379 -0.02713525 -0.02261012 -0.04599249 -0.0275886 -0.02237415 -0.04625177 -0.02723699 -0.02088475 -0.04670995 -0.02786237 -0.02222478 -0.04642397 -0.02692008 -0.02215331 -0.04650622 -0.02676868 -0.02312046 -0.0454353 -0.02817559 -0.02388828 -0.04458963 -0.0286948 -0.02370893 -0.04478853 -0.02859878 -0.02198356 -0.0451498 -0.02987265 -0.0235663 -0.04494673 -0.02852225 -0.02474021 -0.04363346 -0.0290184 -0.02435505 -0.04406791 -0.0288949 -0.02410936 -0.04412627 -0.02910012 -0.0241611 -0.04428672 -0.02883267 -0.02594643 -0.04224509 -0.02907586 -0.02579295 -0.0424214 -0.02908337 -0.02458846 -0.04267191 -0.0300945 -0.02538228 -0.04289317 -0.02910351 -0.02691978 -0.04123359 -0.02877461 -0.02665448 -0.04149258 -0.02888309 -0.02654856 -0.0415154 -0.0289824 -0.02652859 -0.0416153 -0.02893459 -0.02475327 -0.04187738 -0.03051495 -0.02651309 -0.04163038 -0.02894097 -0.02617269 -0.04199951 -0.02902191 -0.02830862 -0.04080742 -0.02749985 -0.02819949 -0.04073125 -0.02767378 -0.02838408 -0.04033899 -0.02768725 -0.02807378 -0.0406844 -0.02784496 -0.02765011 -0.0407291 -0.0282911 -0.02667665 -0.04069548 -0.02933412 -0.0278052 -0.04068267 -0.0281468 -0.02794259 -0.0406686 -0.02800196 -0.0274623 -0.04082 -0.02844339 -0.02723366 -0.04097133 -0.02860087 -0.02714169 -0.0410481 -0.02865177 -0.02834439 -0.0408324 -0.02744299 -0.02998542 -0.03998273 -0.0259459 -0.0285024 -0.04102176 -0.0271297 -0.02868008 -0.04144436 -0.02658647 -0.02877461 -0.04236567 -0.02556782 -0.0293489 -0.04228293 -0.02486538 -0.02877479 -0.04242449 -0.02550482 -0.02859681 -0.04323732 -0.02465838 -0.02866578 -0.04306071 -0.02483969 -0.02877509 -0.04247623 -0.02544957 -0.02824169 -0.0441963 -0.0234577 -0.0280779 -0.04423838 -0.02363777 -0.02810305 -0.04420876 -0.02366679 -0.02820158 -0.04404699 -0.02383095 -0.02842259 -0.04368418 -0.02419918 -0.02842813 -0.04366976 -0.02421402 -0.02778118 -0.04472523 -0.02293258 -0.02760595 -0.04476869 -0.02312159 -0.0276876 -0.04469668 -0.02318763 -0.02700126 -0.04526138 -0.0226826 -0.02719599 -0.04512929 -0.02278995 -0.02728062 -0.04519206 -0.02238655 -0.02758568 -0.04478645 -0.02310526 -0.02660799 -0.04552781 -0.02246606 -0.02671647 -0.0454545 -0.02252572 -0.02546197 -0.04608929 -0.0221799 -0.02550458 -0.04607021 -0.02218687 -0.02606189 -0.04582279 -0.02227848 -0.02624773 -0.04572248 -0.02234238 -0.0235188 -0.04670941 -0.02262455 -0.02383619 -0.04662585 -0.0224536 -0.02418708 -0.04654598 -0.02202588 -0.02436077 -0.04647439 -0.02227127 -0.02440559 -0.04645985 -0.02226352 -0.02270168 -0.0469042 -0.02330428 -0.0230509 -0.04682618 -0.02294987 -0.02313506 -0.04680556 -0.02288675 -0.02339798 -0.04674118 -0.0226897 -0.02487421 -0.04630833 -0.02218276 -0.0252546 -0.04616653 -0.02218085 -0.02194792 -0.04696315 -0.0250197 -0.02204209 -0.04699367 -0.02454239 -0.02216875 -0.04699301 -0.0241695 -0.02268242 -0.04690849 -0.02332377 -0.01950067 -0.04759365 -0.02563196 -0.02982968 -0.0448727 -0.01659715 -0.0287137 -0.04521048 -0.01821339 -0.03083807 -0.04455518 -0.01492118 -0.03173476 -0.0442633 -0.01319038 -0.03251671 -0.04400098 -0.01141077 -0.0331813 -0.04377198 -0.009588956 -0.03372591 -0.04358017 -0.007731556 -0.03414803 -0.04342919 -0.005845308 -0.0346176 -0.04325991 -0.002014756 -0.03444558 -0.04332226 -0.003937244 -0.03458285 -0.04327219 0.001841664 -0.03466349 -0.04324311 -8.5916e-5 -0.03437507 -0.04334789 0.003760457 -0.03404098 -0.04346859 0.005662739 -0.03358328 -0.04363137 0.007541418 -0.03300392 -0.04383355 0.009389579 -0.0379796 -0.03641569 0.01181071 -0.03803825 -0.03490406 0.01199418 -0.0379666 -0.03492218 0.01223129 -0.03743171 -0.0350542 0.01370793 -0.03858876 -0.03476548 0.01017135 -0.03864508 -0.03623229 0.009503185 -0.0387153 -0.03473293 0.009653627 -0.03932315 -0.03457599 0.006967604 -0.03926128 -0.03459227 0.007275342 -0.03917104 -0.03608447 0.007157564 -0.03909838 -0.03463459 0.008085072 -0.03877449 -0.03471773 0.009410917 -0.03955477 -0.03597491 0.004783034 -0.03964638 -0.03459209 0.004858613 -0.03962808 -0.03459465 0.004988551 -0.03945708 -0.03461885 0.006207406 -0.03979349 -0.03590637 0.00238806 -0.0398941 -0.03452378 0.002428889 -0.03974086 -0.0345788 0.004185855 -0.03998398 -0.0344026 -1.267e-5 -0.03997719 -0.03440439 5.02455e-4 -0.03988611 -0.03587985 -1.7968e-5 -0.039967 -0.03440696 0.001265048 -0.0399273 -0.03451186 0.002047598 -0.0398333 -0.0358951 -0.002425551 -0.03993242 -0.03441631 -0.002458155 -0.03999602 -0.03439962 -9.15822e-4 -0.03969752 -0.03447777 -0.005268514 -0.0397334 -0.03446835 -0.004895508 -0.03963571 -0.03595167 -0.004825115 -0.03981983 -0.03444588 -0.003996551 -0.03990596 -0.03442335 -0.00309962 -0.03941828 -0.03455042 -0.007156312 -0.039294 -0.03604871 -0.007207036 -0.03938722 -0.03456449 -0.007314205 -0.03880906 -0.0361858 -0.009561836 -0.0390532 -0.03471499 -0.009011924 -0.03916448 -0.0346648 -0.008446514 -0.03801798 -0.03506129 -0.01279056 -0.03824508 -0.0349884 -0.01204127 -0.03818339 -0.03635978 -0.01188087 -0.03853988 -0.03489357 -0.01106828 -0.03888255 -0.03477436 -0.009695529 -0.03552347 -0.0362575 -0.01868945 -0.03554475 -0.0357427 -0.01870435 -0.03638339 -0.03553617 -0.01697558 -0.03641843 -0.0355274 -0.0169031 -0.03655457 -0.03548949 -0.01658195 -0.03426665 -0.03591418 -0.02097946 -0.03432196 -0.03591597 -0.02088797 -0.0343526 -0.0365355 -0.0207954 -0.0346052 -0.03592538 -0.02041971 -0.03551137 -0.03574913 -0.01876533 -0.03305763 -0.03683108 -0.022825 -0.0316435 -0.03713977 -0.02477222 -0.03172981 -0.03634077 -0.02469682 -0.0326628 -0.03614693 -0.02344936 -0.03300523 -0.0360729 -0.02293741 -0.03381001 -0.03589898 -0.02173429 -0.03011548 -0.03745692 -0.02663159 -0.03137946 -0.03641355 -0.02516531 -0.03158569 -0.03637075 -0.0248897 -0.02686077 -0.03726118 -0.02999901 -0.0284059 -0.03698635 -0.02851539 -0.02847838 -0.03777831 -0.0283969 -0.02852421 -0.03696525 -0.02840179 -0.02879518 -0.03691422 -0.0281111 -0.02997756 -0.0366913 -0.02684259 -0.0300526 -0.0366764 -0.02675271 -0.02665549 -0.03729546 -0.03017508 -0.02673727 -0.03809928 -0.03006219 -0.0254932 -0.03748929 -0.03117179 -0.02489709 -0.03841549 -0.03162187 -0.0251972 -0.03753852 -0.03142565 -0.0229631 -0.03872209 -0.03306978 -0.02289521 -0.03810071 -0.03314638 -0.02374738 -0.03794699 -0.03254652 -0.02457398 -0.03763777 -0.0319209 -0.02481168 -0.03759998 -0.03173208 -0.0207749 -0.03841912 -0.0345413 -0.02087771 -0.038405 -0.03447568 -0.02094 -0.03901517 -0.03440028 -0.02189093 -0.03826528 -0.03382802 -0.02228045 -0.0382117 -0.03357917 -0.01897335 -0.03862208 -0.03557336 -0.01883387 -0.03929007 -0.03560751 -0.01876807 -0.03864139 -0.03567749 -0.01665246 -0.03954327 -0.03668689 -0.01719868 -0.03878897 -0.03647315 -0.01797848 -0.03871566 -0.03607773 -0.0141381 -0.03891801 -0.03777766 -0.01432806 -0.03891938 -0.03770262 -0.01440411 -0.03977119 -0.03763389 -0.01523238 -0.03892606 -0.0373454 -0.01658082 -0.038832 -0.03674721 -0.01209712 -0.03997039 -0.0384441 -0.01202839 -0.03909122 -0.0385068 -0.01207953 -0.03908765 -0.03849208 -0.01383686 -0.03894287 -0.0378822 -0.0100407 -0.03922939 -0.03907889 -0.009739875 -0.04013741 -0.03911262 -0.009680569 -0.03924971 -0.03916233 -0.007341384 -0.04026985 -0.03963655 -0.00802356 -0.03934311 -0.0395466 -0.009530842 -0.03925818 -0.03919708 -0.004879236 -0.0394665 -0.04004627 -0.005104482 -0.03945976 -0.04001915 -0.004911839 -0.04036617 -0.04001355 -0.005848646 -0.03943747 -0.03992962 -0.007294178 -0.03937482 -0.03967499 -0.003698647 -0.0395019 -0.04018825 -6.14253e-4 -0.03954213 -0.04034775 0 -0.03954511 -0.04035949 0 -0.04950666 -0.03121984 -0.002089798 -0.04948532 -0.03116112 0 -0.04950845 -0.03120929 -0.006233215 -0.04931288 -0.03069508 -0.0102716 -0.04898023 -0.02977591 -0.008269906 -0.0491659 -0.03029119 -0.01223075 -0.04875898 -0.02915149 -0.01414018 -0.04850566 -0.02842146 -0.01778197 -0.04791891 -0.02665811 -0.02808248 -0.04522138 -0.02029496 0 -0.04933929 -0.03220003 -0.002147257 -0.04934859 -0.03214401 -0.00428462 -0.0492801 -0.03196078 -0.004392683 -0.04904437 -0.03291779 -0.006402969 -0.0491684 -0.03165739 -0.006563663 -0.04892873 -0.03260225 -0.008493363 -0.0490148 -0.03123617 -0.008705019 -0.04877007 -0.03216391 -0.01054656 -0.04882127 -0.03069877 -0.01080703 -0.04857003 -0.03160506 -0.0125544 -0.04859048 -0.03004795 -0.01286119 -0.04833173 -0.03092867 -0.01450961 -0.04832667 -0.02928775 -0.01485997 -0.04805946 -0.03013902 -0.01640498 -0.04803395 -0.02842193 -0.01679599 -0.04775768 -0.0292406 -0.01823323 -0.04771661 -0.02745467 -0.01866161 -0.04743099 -0.02823793 -0.02963626 -0.04381275 -0.02180135 -0.02915763 -0.04434317 -0.021317 -0.03137326 -0.04285562 -0.02049458 -0.03045815 -0.04259049 -0.02269911 0 -0.0487917 -0.03410536 -0.002252221 -0.04878723 -0.03404587 -0.004493594 -0.04871481 -0.03384768 -0.004586279 -0.048294 -0.03474158 -0.006713688 -0.0485965 -0.03352046 -0.006851673 -0.04817378 -0.03440302 -0.008902728 -0.04843384 -0.03306597 -0.009084701 -0.04800868 -0.0339334 -0.01105058 -0.04822903 -0.03248643 -0.01127475 -0.04780066 -0.03333467 -0.01314812 -0.04798501 -0.03178548 -0.01341277 -0.047553 -0.03261065 -0.01518791 -0.04770648 -0.03096789 -0.01549077 -0.04727023 -0.03176647 -0.01716238 -0.04739797 -0.03003811 -0.01750093 -0.04695737 -0.03080737 -0.01906365 -0.0470643 -0.02900135 -0.0194357 -0.04661911 -0.0297383 0 -0.0478875 -0.03586858 0 -0.04727053 -0.0366556 -0.002340853 -0.0478599 -0.03580117 -0.002377927 -0.04727011 -0.03660219 -0.004669845 -0.04778581 -0.03559029 -0.004743576 -0.04719597 -0.03638577 -0.006976187 -0.04766458 -0.03524166 -0.007086098 -0.04707479 -0.03602808 -0.009249031 -0.04749822 -0.03475797 -0.009394347 -0.04690831 -0.03553181 -0.01147753 -0.04728859 -0.0341416 -0.01165711 -0.0466988 -0.03489965 -0.01365238 -0.04703915 -0.03339636 -0.01386499 -0.04644936 -0.0341354 -0.0157653 -0.04675453 -0.0325278 -0.01600939 -0.04616487 -0.03324472 -0.01780849 -0.04643958 -0.03154122 -0.01808261 -0.04585009 -0.03223353 -0.01977413 -0.04609936 -0.03044259 -0.02007657 -0.04551017 -0.03110766 -0.02165466 -0.04573863 -0.02923697 -0.02331757 -0.0452193 -0.02832895 -0.03079473 -0.04190772 -0.02310526 -0.03107756 -0.04118317 -0.02347832 -0.03266751 -0.04007261 -0.02192455 -0.03130507 -0.04042249 -0.02381592 -0.03411018 -0.0389654 -0.02021569 -0.03285259 -0.03929108 -0.02220398 -0.03147631 -0.0396319 -0.02411603 0 -0.04588019 -0.03807157 -0.002435505 -0.04586821 -0.03800958 -0.004806756 -0.0465306 -0.0371198 -0.004858613 -0.0457955 -0.03778439 -0.007180333 -0.0464102 -0.03675442 -0.007257819 -0.04567682 -0.03741258 -0.0095191 -0.04624491 -0.03624737 -0.009621918 -0.04551392 -0.03689652 -0.01181179 -0.04603689 -0.03560119 -0.0119394 -0.0453087 -0.03623902 -0.01404833 -0.0457893 -0.03482031 -0.0142005 -0.0450645 -0.0354442 -0.01622068 -0.04550671 -0.03391045 -0.01639688 -0.04478591 -0.0345183 -0.01832062 -0.04519432 -0.03287756 -0.01851999 -0.0444777 -0.03346699 -0.02034008 -0.04485672 -0.03172755 -0.02056187 -0.04414469 -0.03229641 -0.02227127 -0.04449903 -0.03046643 -0.0225147 -0.04379165 -0.03101265 -0.004898369 -0.04499745 -0.03837186 -0.004925847 -0.04414445 -0.0388773 -0.007317483 -0.04488116 -0.0379951 -0.007358968 -0.04403126 -0.0384972 -0.009701371 -0.0447216 -0.037472 -0.009757101 -0.04387587 -0.03796958 -0.0120387 -0.04452049 -0.03680568 -0.0121091 -0.04368019 -0.03729712 -0.01431959 -0.0442813 -0.03600025 -0.01440495 -0.04344701 -0.03648406 -0.01653563 -0.04400813 -0.03506141 -0.01663637 -0.04318106 -0.03553617 -0.0186783 -0.04370594 -0.03399538 -0.01879477 -0.04288643 -0.03445935 -0.02073949 -0.0433793 -0.0328083 -0.02087169 -0.0425679 -0.03325957 -0.02271109 -0.043033 -0.031506 -0.02285969 -0.04223001 -0.03194278 0 -0.04332238 -0.03957629 -0.002476572 -0.0433126 -0.0395286 -0.004941046 -0.04324567 -0.03929764 -0.004943788 -0.04231029 -0.03962939 -0.007382154 -0.04313611 -0.03891587 -0.007387042 -0.04220479 -0.03924757 -0.00978893 -0.04298573 -0.03838568 -0.009796738 -0.04206001 -0.03871721 -0.01215022 -0.04279625 -0.03771007 -0.01216202 -0.0418775 -0.03804093 -0.01445639 -0.04257059 -0.03689259 -0.01447343 -0.04166013 -0.03722256 -0.01669859 -0.0423128 -0.03593909 -0.01672226 -0.04141151 -0.03626734 -0.01886886 -0.04202729 -0.03485548 -0.01890027 -0.04113602 -0.0351808 -0.02095848 -0.04171818 -0.03364723 -0.02099907 -0.0408377 -0.0339685 -0.02295958 -0.04139006 -0.03232026 -0.02301055 -0.04052042 -0.03263568 -0.02486699 -0.04104757 -0.03088057 -0.02492946 -0.04018902 -0.0311886 -0.02675122 -0.03984832 -0.02963316 -0.02847158 -0.03950279 -0.02797526 0 -0.04142552 -0.04015797 -0.002472758 -0.04140919 -0.04009908 -0.004934132 -0.0413475 -0.03986912 -0.007373452 -0.04124647 -0.03948885 -0.009780406 -0.04110777 -0.03896069 -0.01214438 -0.04093277 -0.03828662 -0.01445615 -0.04072409 -0.03747069 -0.016707 -0.04048568 -0.03651762 -0.01888877 -0.04022109 -0.03543251 -0.02099305 -0.03993409 -0.03422039 -0.02301186 -0.0396288 -0.03288656 -0.02493965 -0.03930938 -0.03143668 -0.02677166 -0.03898066 -0.02987658 -0.03767639 -0.03796595 0.01154398 -0.03177613 -0.04222196 -0.02089422 -0.03297919 -0.04186999 -0.0190193 -0.0333451 -0.04119622 -0.01935869 -0.03444188 -0.0408703 -0.01738417 -0.03476601 -0.04016363 -0.01766628 -0.03575068 -0.03986948 -0.01559925 -0.0363835 -0.04079341 0.01081722 -0.0377745 -0.03923529 0.009013414 -0.03700238 -0.0405848 0.008694708 -0.03827452 -0.03907191 0.006782352 -0.0374906 -0.04041671 0.006539404 -0.03863888 -0.03895103 0.004525363 -0.0378465 -0.0402925 0.004359126 -0.0388655 -0.03887546 0.002250075 -0.03806769 -0.04021459 0.002161145 -0.0389536 -0.03884637 -3.5226e-5 -0.03815358 -0.04018473 -4.6285e-5 -0.03890329 -0.0388633 -0.002321839 -0.03810465 -0.0402022 -0.002255082 -0.03871566 -0.03892558 -0.00460124 -0.0379213 -0.04026621 -0.004456937 -0.03839105 -0.03903281 -0.006864786 -0.03760439 -0.0403766 -0.006643474 -0.03793025 -0.03918397 -0.009103834 -0.03715443 -0.04053199 -0.008806407 -0.03733503 -0.03937613 -0.01131069 -0.03657329 -0.0407297 -0.0109384 -0.03660786 -0.03960579 -0.01347821 -0.03586298 -0.04096609 -0.01303279 -0.03502559 -0.04123747 -0.01508224 -0.03406351 -0.0415402 -0.01707988 -0.03212803 -0.04154378 -0.02126777 -0.03365641 -0.04048395 -0.01967245 -0.03503406 -0.03942489 -0.0179243 -0.03625249 -0.03837859 -0.01603478 -0.03713011 -0.03812652 -0.01385551 -0.03787529 -0.03790658 -0.01162719 -0.03848522 -0.03772258 -0.009357511 -0.03895777 -0.0375778 -0.007053971 -0.0392906 -0.0374751 -0.00472486 -0.03948318 -0.0374155 -0.002379119 -0.03953462 -0.03739929 -2.5708e-5 -0.03944438 -0.03742718 0.00232625 -0.03921192 -0.0374996 0.004667699 -0.03883808 -0.03761541 0.006989955 -0.03832548 -0.03777176 0.009284853 -0.02850329 -0.03864717 -0.02821248 -0.0300861 -0.0391575 -0.02622115 -0.03159046 -0.0388171 -0.0243768 -0.03298008 -0.03848636 -0.02244836 -0.03425049 -0.03817009 -0.02044183 -0.03539741 -0.03787302 -0.01836323 -0.0324257 -0.0408256 -0.0216118 -0.03391188 -0.03973841 -0.01995867 -0.03524488 -0.03865969 -0.01815718 -0.03641659 -0.03759986 -0.0162189 -0.03741979 -0.03656762 -0.01415598 -0.03652119 -0.03680562 -0.01637876 -0.03549069 -0.03707057 -0.01854109 -0.03433161 -0.0373584 -0.02063566 -0.03304862 -0.03766447 -0.02265596 -0.03164649 -0.03798449 -0.02459627 -0.03012979 -0.0383135 -0.02645045 -0.03800255 -0.0350663 -0.0128417 -0.03045016 -0.04451459 -0.01703256 -0.02931922 -0.04486018 -0.0186963 -0.02863848 -0.04481375 -0.02081358 -0.03487902 -0.04281079 0.007949113 -0.03534638 -0.04264265 0.005972266 -0.03568708 -0.04251813 0.003971755 -0.03589916 -0.04244029 0.001954436 -0.03598141 -0.04241025 -7.1935e-5 -0.0359345 -0.04242759 -0.002099514 -0.03575897 -0.04249185 -0.004120588 -0.03545546 -0.0426023 -0.006127119 -0.03502476 -0.04275792 -0.008111417 -0.03446859 -0.04295599 -0.01006627 -0.03378939 -0.0431925 -0.01198518 -0.03298968 -0.043464 -0.01386123 -0.03207135 -0.04376631 -0.015688 -0.03602838 -0.04178655 0.008336782 -0.03650581 -0.04161679 0.006267011 -0.03685379 -0.04149115 0.004172921 -0.03707027 -0.04141259 0.002061784 -0.03715419 -0.04138237 -5.8622e-5 -0.03710639 -0.04139983 -0.002180278 -0.0369271 -0.0414648 -0.004295349 -0.0366171 -0.04157608 -0.006395339 -0.03617703 -0.04173326 -0.008472681 -0.03560882 -0.041933 -0.01051998 -0.03491455 -0.04217195 -0.01253038 -0.03409636 -0.04244613 -0.01449739 -0.03315639 -0.0427519 -0.01641416 -0.03103762 -0.04409569 -0.01745909 -0.02989202 -0.04444652 -0.01916939 -0.02412259 -0.04433012 -0.02882039 -7.49947e-4 -0.01002979 0.04163753 -7.4993e-4 -0.01006484 0.04163736 0 -0.02754515 0.0416404 -7.49913e-4 -0.01010102 0.04163718 -7.49896e-4 -0.01013839 0.041637 -0.0223065 -0.02754515 0.03522711 -0.02107906 -0.02754515 0.0359348 -0.02134352 -0.02583366 0.0357998 -0.02250319 -0.02664226 0.03510296 -0.02329409 -0.0271781 0.03457969 -0.02383559 -0.02754515 0.03422117 -0.016927 -0.02754515 0.03807425 -0.01697337 -0.02268832 0.0380578 -0.01735329 -0.0229659 0.03787791 -0.01896119 -0.02414077 0.03711652 -0.01936155 -0.02442705 0.03690177 -0.01962321 -0.02754515 0.03677409 -0.02074438 -0.02541589 0.03615975 -0.02108919 -0.0256564 0.0359525 -0.012546 -0.02754515 0.03969281 -0.01255148 -0.01936268 0.0397104 -0.01304835 -0.01974356 0.03956192 -0.01327145 -0.0199123 0.03948289 -0.01501631 -0.02123147 0.03886419 -0.01532286 -0.02145951 0.03873789 -0.01692819 -0.02265465 0.03807646 -0.01683348 -0.02754515 0.03811931 -0.01395189 -0.02754515 0.03925526 -0.00894314 -0.01658082 0.04067713 -0.00911349 -0.01671278 0.04063552 -0.008024513 -0.02754515 0.04086488 -0.01098179 -0.01815986 0.04017919 -0.01120108 -0.01832789 0.04011362 -0.01099479 -0.02754515 0.04017561 -0.003395259 -0.01222819 0.04149329 -0.004751861 -0.01329839 0.04137063 -0.003393769 -0.02754515 0.0414744 -0.00490278 -0.01341688 0.04134953 -0.007977664 -0.02754515 0.04087567 -0.00701195 -0.01507318 0.04104661 -0.008022367 -0.01586192 0.04085338 -0.006841063 -0.01493978 0.04107946 -0.004917204 -0.02754515 0.04135143 -0.002813637 -0.01176947 0.04154592 -0.002791941 -0.01175218 0.041547 -0.001829922 -0.02754515 0.0416004 -0.03517431 -0.03038066 0.02670538 -0.03517323 -0.03038698 0.02667772 -0.0351656 -0.03028559 0.0266478 -0.03501933 -0.0300728 0.02562719 -0.03496968 -0.02998745 0.02562779 -0.03496307 -0.02992969 0.0260812 -0.03394639 -0.02922368 0.02699893 -0.0339452 -0.02921801 0.02700996 -0.03404378 -0.02920883 0.02699679 -0.03503865 -0.02959877 0.02715158 -0.035169 -0.02999246 0.02708095 -0.03513497 -0.02989512 0.02703678 -0.03520029 -0.03019201 0.02717417 -0.03519088 -0.03009223 0.02712702 -0.03520125 -0.0301854 0.0271908 -0.03496855 -0.0295189 0.02711021 -0.0348888 -0.02944606 0.0270738 -0.03480029 -0.02938115 0.02704238 -0.03470432 -0.02932536 0.02701693 -0.03460192 -0.02927953 0.0269978 -0.03438365 -0.02921885 0.02697825 -0.03449451 -0.029244 0.02698475 -0.03415673 -0.02920109 0.02698415 -0.03427058 -0.02920442 0.02697807 -0.03406333 -0.02929598 0.02682006 -0.03396648 -0.02931809 0.02681589 -0.0339505 -0.02924317 0.02696108 -0.03408539 -0.0293703 0.0266354 -0.03398889 -0.02937406 0.02664303 -0.034024 -0.0294615 0.02637219 -0.03401756 -0.02944535 0.0264222 -0.03410965 -0.02943193 0.02644425 -0.0340138 -0.02943629 0.02645009 -0.03399217 -0.02938228 0.02661728 -0.03404241 -0.02947998 0.02625179 -0.03413635 -0.02948069 0.02624756 -0.03404682 -0.02948439 0.02622318 -0.0341655 -0.02951639 0.02604657 -0.03407359 -0.02951109 0.02604871 -0.03419685 -0.0295394 0.02584242 -0.03409808 -0.02953577 0.02588808 -0.03407722 -0.02951472 0.02602499 -0.03413921 -0.02954512 0.0256505 -0.03410816 -0.02953809 0.0258302 -0.03410571 -0.02953743 0.02584439 -0.03514152 -0.03054517 0.02562576 -0.03513699 -0.03045099 0.02562576 -0.03515309 -0.03050523 0.02616417 -0.03511852 -0.03034955 0.02562606 -0.03510606 -0.0302813 0.02562618 -0.03510344 -0.03020358 0.02611595 -0.03513628 -0.03044658 0.02562576 -0.03514665 -0.03018349 0.02661818 -0.0350663 -0.03010761 0.02610331 -0.03501933 -0.03001618 0.02609175 -0.03502339 -0.02989596 0.02653837 -0.03496158 -0.02981019 0.02651578 -0.03509598 -0.030254 0.0256263 -0.03506183 -0.03016138 0.02562659 -0.03504633 -0.03011929 0.02562683 -0.03489375 -0.02979767 0.02628666 -0.03489065 -0.02973109 0.02649557 -0.03481763 -0.02972519 0.0262739 -0.03481143 -0.02965962 0.02647805 -0.03473418 -0.02966088 0.02626299 -0.03472489 -0.02959686 0.0264635 -0.03464448 -0.02960586 0.02625465 -0.0346316 -0.02954351 0.02645218 -0.03454911 -0.02956032 0.02624845 -0.0345332 -0.02950012 0.02644401 -0.03444951 -0.0295248 0.02624464 -0.0344305 -0.02946692 0.02643913 -0.03434669 -0.02949947 0.0262432 -0.03432488 -0.02944433 0.02643758 -0.03424209 -0.02948457 0.02624416 -0.03421753 -0.02943259 0.02643918 -0.03489816 -0.02984952 0.0260716 -0.0348252 -0.02977645 0.0260635 -0.03474521 -0.02971112 0.02605652 -0.03465867 -0.02965468 0.02605116 -0.03456676 -0.02960735 0.02604722 -0.03447031 -0.02956956 0.02604478 -0.03437066 -0.02954155 0.02604389 -0.03426861 -0.02952373 0.02604442 -0.03495979 -0.0299701 0.02562785 -0.03490418 -0.02988636 0.0258519 -0.0348345 -0.02981305 0.0258482 -0.03475767 -0.02974718 0.02584522 -0.03467458 -0.02968972 0.02584296 -0.03458595 -0.02964097 0.02584135 -0.0344929 -0.02960109 0.02584058 -0.0343964 -0.02957069 0.02584046 -0.0342974 -0.02955007 0.02584099 -0.03423058 -0.02954936 0.02563655 -0.03423571 -0.02954953 0.02563649 -0.0343278 -0.02956628 0.02563536 -0.03440541 -0.02958059 0.0256344 -0.03417479 -0.02929067 0.02681028 -0.03428673 -0.02929675 0.02680599 -0.0343976 -0.0293138 0.02680701 -0.03503257 -0.02971309 0.02695643 -0.03496289 -0.02972763 0.02672278 -0.03496509 -0.02963048 0.02692145 -0.03488898 -0.02964997 0.02669721 -0.03488832 -0.0295549 0.02689033 -0.03480648 -0.02958029 0.0266751 -0.03480285 -0.02948725 0.02686369 -0.03471678 -0.0295192 0.0266568 -0.03470999 -0.02942866 0.0268417 -0.0346204 -0.02946811 0.02664268 -0.0346105 -0.02938008 0.02682489 -0.03451871 -0.02942717 0.0266326 -0.03450596 -0.02934163 0.02681332 -0.03441309 -0.02939659 0.026627 -0.03430479 -0.0293768 0.02662557 -0.03419518 -0.02936798 0.02662837 -0.03511637 -0.03008377 0.02658993 -0.03508937 -0.0298016 0.02699506 -0.03507512 -0.02998745 0.0265631 -0.034909 -0.0299099 0.02562838 -0.03484869 -0.02983808 0.02562928 -0.03476941 -0.0297715 0.02563017 -0.03471648 -0.0297271 0.02563077 -0.03460586 -0.0296626 0.02563208 -0.03456729 -0.02964031 0.02563256 -0.03451657 -0.0296216 0.02563315 -0.025038 -0.02464598 0.03486168 -0.02487719 -0.0248028 0.03476518 -0.02281016 -0.02366918 0.03594708 -0.02707457 -0.02569633 0.03357982 -0.02689576 -0.02585816 0.0334683 -0.03233742 -0.02860218 0.02875483 -0.03211408 -0.02880567 0.02863276 -0.03033328 -0.02806079 0.0302965 -0.03013557 -0.02827507 0.03020328 -0.02994686 -0.02850377 0.03012722 -0.02811795 -0.02761399 0.03170049 -0.03329396 -0.0279963 0.02939271 -0.0314123 -0.02724057 0.03099358 -0.02945739 -0.0263741 0.03247559 -0.0274384 -0.02540981 0.03384006 -0.02536439 -0.02436149 0.03508836 -0.02095985 -0.02219468 0.03715682 -0.023099 -0.02337688 0.03612023 -0.01879101 -0.02096349 0.03808009 -0.01659566 -0.01968938 0.03889238 -0.01437616 -0.01837706 0.03959608 -0.01199609 -0.01720875 0.0401439 -0.009762048 -0.01580375 0.04065376 -0.00751245 -0.01437479 0.0410577 -0.005253732 -0.0129292 0.04135572 -0.002991974 -0.0114746 0.04154819 -0.002858161 -0.01165992 0.04154402 -0.005018413 -0.01325458 0.04134297 -0.007175624 -0.01483982 0.0410313 -0.009216904 -0.01656162 0.04061925 -0.01132619 -0.01814085 0.04009079 -0.01341652 -0.0196883 0.03945088 -0.01548558 -0.0211988 0.03869688 -0.01753091 -0.02266705 0.03782618 -0.01955038 -0.02408772 0.03683608 -0.0215407 -0.02545428 0.03572428 -0.02450489 -0.02766221 0.03376585 -0.02349466 -0.02675336 0.03448945 -0.02517706 -0.02777993 0.03330868 -0.02533817 -0.02780807 0.03319907 -0.02686196 -0.0280748 0.03216242 -0.02652919 -0.0280165 0.0323888 -0.0256437 -0.02749782 0.03308165 -0.0258519 -0.02789795 0.03284955 -0.027951 -0.02784109 0.03165102 -0.02779257 -0.02807718 0.03161793 -0.02591747 -0.0270428 0.03309088 -0.02767401 -0.02821683 0.03161007 -0.02720886 -0.02813541 0.03192645 -0.02857428 -0.02837449 0.03099757 -0.0283851 -0.02834135 0.03112632 -0.02789068 -0.02825468 0.03146272 -0.02927309 -0.02848315 0.03051078 -0.0292561 -0.0284807 0.03052276 -0.02886223 -0.02842479 0.03080177 -0.0314753 -0.02879625 0.02895057 -0.03130245 -0.02877163 0.02907294 -0.0306189 -0.02867448 0.02955722 -0.03037452 -0.02863979 0.02973031 -0.02993667 -0.02857756 0.03004056 -0.03335762 -0.02906048 0.02761119 -0.0332176 -0.02904385 0.0277161 -0.03267323 -0.0289666 0.02810186 -0.03257548 -0.02895259 0.02817106 -0.03200721 -0.02887189 0.02857369 -0.03374338 -0.02910608 0.02732205 -0.03256869 -0.02841848 0.02889299 -0.03280621 -0.02825546 0.02904599 -0.03304857 -0.02811431 0.02921295 -0.0142098 -0.01858341 0.03952711 -0.01640087 -0.01992213 0.03880137 -0.01856637 -0.02121973 0.03796416 -0.03198719 -0.02886909 0.02858781 -0.02829289 -0.02739757 0.03176593 -0.02622073 -0.02661252 0.03315883 -0.02638185 -0.0264092 0.03321468 -0.02654868 -0.02621525 0.03328526 -0.02847492 -0.02719265 0.03184759 -0.02866321 -0.0270003 0.03194487 -0.03053873 -0.02786189 0.03040629 -0.03075075 -0.02767956 0.0305317 -0.02456337 -0.02514261 0.034608 -0.02426409 -0.02551347 0.03450119 -0.0225284 -0.0239886 0.035815 -0.0222575 -0.02433115 0.03572607 -0.02045315 -0.02276688 0.03690469 -0.02021002 -0.02307999 0.03683227 -0.01834529 -0.02149003 0.0378769 -0.0181294 -0.02177226 0.03781908 -0.01620835 -0.02016448 0.0387333 -0.0160194 -0.02041488 0.0386886 -0.014045 -0.0187959 0.03947591 -0.01388263 -0.01901376 0.03944259 -0.01172208 -0.01757442 0.0400837 -0.02672016 -0.02603137 0.03336989 -0.02885669 -0.02682155 0.03205692 -0.03096789 -0.02751451 0.03067195 -0.02905428 -0.02665698 0.03218322 -0.02925479 -0.02650749 0.03232306 -0.0311889 -0.02736788 0.03082627 -0.02725565 -0.02554661 0.03370386 -0.02520066 -0.0244987 0.03496938 -0.02070397 -0.02247095 0.03701335 -0.002925038 -0.01156711 0.04154431 -0.005135715 -0.01309132 0.0413441 -0.007343113 -0.01460582 0.04103398 -0.009540677 -0.01610285 0.04061383 -0.02398389 -0.02590978 0.03444576 -0.02372616 -0.02632516 0.03444188 -0.02200073 -0.02469289 0.0356813 -0.02176076 -0.0250687 0.03568089 -0.01997715 -0.02340668 0.03679668 -0.01975649 -0.02374368 0.036798 -0.01792079 -0.02206403 0.03779155 -0.01772069 -0.02236318 0.03779387 -0.01583528 -0.0206719 0.03866761 -0.01565688 -0.02093368 0.03867048 -0.01372337 -0.01923573 0.03942739 -0.01356768 -0.01946109 0.0394302 -0.01158773 -0.01776152 0.04007309 -0.01145559 -0.01795059 0.0400756 -0.009431421 -0.01625478 0.04060691 -0.009323477 -0.01640778 0.04060888 -0.02544069 -0.02782607 0.03312939 -0.02986478 -0.02856737 0.03009146 -0.03515428 -0.03054517 0.02501857 -0.03518295 -0.03054517 0.02365428 -0.03542858 -0.03054517 0.0211144 -0.03544908 -0.03054517 0.02100235 -0.03588902 -0.03054517 0.01860475 -0.03630852 -0.03054517 0.0170685 -0.03656125 -0.03054517 0.01614326 -0.02714329 -0.02844387 0.03182739 -0.02646839 -0.02834695 0.03229868 -0.0265007 -0.02819246 0.03234928 -0.0271027 -0.02858227 0.03176259 -0.02642947 -0.0284959 0.03223735 -0.02439808 -0.0283966 0.03360849 -0.0237466 -0.02831 0.034092 -0.02378398 -0.02812469 0.03414613 -0.03328722 -0.02917075 0.02749145 -0.03260618 -0.029105 0.02798837 -0.03123897 -0.0289613 0.02896749 -0.03192329 -0.02903515 0.02848029 -0.03184086 -0.02916628 0.02834028 -0.02849555 -0.02952587 0.02924245 -0.03145927 -0.02950131 0.0276845 -0.03135591 -0.02953398 0.02750599 -0.03296452 -0.02947443 0.0269404 -0.03305 -0.02942019 0.02708649 -0.03313267 -0.02935129 0.02722769 -0.03321188 -0.02926778 0.02736318 -0.03389471 -0.02931356 0.02686828 -0.0286293 -0.02947121 0.0294708 -0.02869457 -0.0294311 0.0295822 -0.03004157 -0.02948725 0.02857589 -0.03015667 -0.02941703 0.02877426 -0.03165853 -0.0293737 0.02802807 -0.03156048 -0.02944779 0.02785927 -0.0309624 -0.02934795 0.02849626 -0.02882075 -0.02932578 0.0297966 -0.02888095 -0.02926099 0.02989858 -0.02957296 -0.02929157 0.02943086 -0.02893882 -0.02918815 0.02999645 -0.02968168 -0.02915418 0.02961558 -0.0289942 -0.02910768 0.03008949 -0.02904665 -0.02901995 0.03017765 -0.02875846 -0.02938252 0.02969098 -0.03021258 -0.02937209 0.02887028 -0.030267 -0.02932053 0.02896368 -0.03037095 -0.02919828 0.02914118 -0.02978098 -0.02899003 0.02978307 -0.02909618 -0.02892524 0.03026026 -0.02914243 -0.02882421 0.03033709 -0.0298267 -0.02889889 0.0298596 -0.02922439 -0.0286051 0.03047198 -0.02990895 -0.02870035 0.02999627 -0.03046715 -0.02905184 0.0293045 -0.03106147 -0.02924019 0.0286659 -0.03055417 -0.02888351 0.02945089 -0.03115409 -0.02911067 0.02882367 -0.03175228 -0.02927953 0.02818906 -0.03244292 -0.02931666 0.0277099 -0.03059387 -0.02879196 0.02951705 -0.03252702 -0.02921867 0.0278536 -0.03127825 -0.02887976 0.02903366 -0.02429199 -0.02872097 0.03344988 -0.02357512 -0.02881038 0.03384321 -0.02362471 -0.02869969 0.0339151 -0.02364397 -0.02865678 0.03394293 -0.02364808 -0.02864766 0.03394883 -0.02434927 -0.02856338 0.03353554 -0.02369832 -0.02848595 0.03402185 -0.02372479 -0.02840089 0.03406023 -0.0237348 -0.02836865 0.0340749 -0.02379745 -0.02805757 0.03416574 -0.02446919 -0.02804166 0.03371465 -0.02443826 -0.02822208 0.03366839 -0.0238099 -0.02793437 0.0341838 -0.02382951 -0.02774107 0.03421229 -0.02449065 -0.02785682 0.0337466 -0.02383017 -0.02773451 0.03421318 -0.023831 -0.02772563 0.03421443 -0.02515631 -0.02797067 0.03328073 -0.02494698 -0.0287826 0.03296089 -0.02500432 -0.02863568 0.03304868 -0.02566593 -0.02870559 0.03256535 -0.02505439 -0.02847957 0.03312528 -0.0257166 -0.02856016 0.03264451 -0.02509659 -0.02831578 0.03318977 -0.02576047 -0.02840703 0.03271281 -0.02513062 -0.02814567 0.03324168 -0.02579718 -0.02824759 0.03276991 -0.02582657 -0.0280826 0.03281509 -0.02353239 -0.02890598 0.03378105 -0.02488255 -0.0289191 0.032862 -0.02777981 -0.02866578 0.03128802 -0.0277335 -0.02878725 0.03121238 -0.0271781 -0.0282998 0.0318827 -0.0278216 -0.02853798 0.0313555 -0.02785831 -0.02840459 0.0314145 -0.02854067 -0.02850633 0.0309444 -0.02850246 -0.0286293 0.03088241 -0.02918529 -0.02871733 0.03040772 -0.02986931 -0.02880209 0.02993065 -0.02279531 -0.0295313 0.03271198 -0.02558535 -0.02953743 0.03088295 -0.02298897 -0.02947098 0.03299278 -0.02575707 -0.02948147 0.03115981 -0.02567178 -0.0295161 0.03102231 -0.02281165 -0.02952897 0.0327354 -0.0228796 -0.02951896 0.03283405 -0.02292126 -0.02950066 0.03289455 -0.02322918 -0.02931088 0.03334122 -0.02592211 -0.02937376 0.03142565 -0.02317363 -0.02935266 0.0332607 -0.02584069 -0.0294339 0.0312947 -0.02350139 -0.02895516 0.03373605 -0.0248115 -0.02904379 0.03275287 -0.0234965 -0.02896279 0.03372913 -0.02473431 -0.02915602 0.03263449 -0.02341878 -0.02908617 0.0336163 -0.02323478 -0.02930468 0.03334921 -0.0233286 -0.02919936 0.03348547 -0.02465206 -0.02925527 0.03250819 -0.02334433 -0.02918159 0.03350836 -0.02339297 -0.02912718 0.03357887 -0.0230292 -0.02945321 0.03305119 -0.02305489 -0.02944195 0.0330885 -0.02313286 -0.02938336 0.03320157 -0.02638435 -0.02863848 0.032166 -0.02633327 -0.02877318 0.03208476 -0.0276826 -0.02890151 0.03112936 -0.02627652 -0.02889955 0.0319944 -0.02762752 -0.02900809 0.03103888 -0.02621454 -0.02901625 0.03189516 -0.02756851 -0.02910608 0.03094166 -0.0261476 -0.02912247 0.03178787 -0.02750599 -0.02919489 0.03083819 -0.02607613 -0.02921766 0.03167325 -0.02744007 -0.02927428 0.03072905 -0.02600079 -0.0293017 0.03155225 -0.02737146 -0.02934408 0.03061509 -0.02730029 -0.02940386 0.03049677 -0.02722728 -0.02945339 0.03037506 -0.02856278 -0.0295028 0.02935737 -0.03514748 -0.0302813 0.02365237 -0.03427839 -0.02954953 0.02360546 -0.03453135 -0.02954953 0.020989 -0.0350058 -0.02954953 0.01840347 -0.03569829 -0.02954953 0.01586765 -0.03586 -0.02958059 0.01591932 -0.03601419 -0.02964031 0.01596856 -0.03615629 -0.0297271 0.01601392 -0.0362823 -0.02983808 0.01605415 -0.03638792 -0.0299701 0.01608788 -0.03647059 -0.03011929 0.01611429 -0.03652745 -0.0302813 0.01613247 -0.03655689 -0.03045099 0.01614195 -0.03588473 -0.03045099 0.0186038 -0.0351786 -0.03045099 0.02365398 -0.03508788 -0.03011929 0.02364903 -0.03500133 -0.0299701 0.02364438 -0.03489047 -0.02983808 0.02363842 -0.0347585 -0.0297271 0.02363139 -0.03460949 -0.02964031 0.02362328 -0.03444778 -0.02958059 0.02361458 -0.03517132 -0.02958059 0.0184412 -0.03532928 -0.02964031 0.0184772 -0.03547471 -0.0297271 0.0185104 -0.03560358 -0.02983808 0.0185396 -0.03571176 -0.0299701 0.0185644 -0.03579628 -0.03011929 0.01858365 -0.03585451 -0.0302813 0.01859682 -0.03469949 -0.02958059 0.0210126 -0.03485983 -0.02964031 0.02103495 -0.03500759 -0.0297271 0.02105551 -0.03513842 -0.02983808 0.02107381 -0.03524839 -0.0299701 0.02108925 -0.03533422 -0.03011929 0.02110129 -0.03539341 -0.0302813 0.02110958 -0.03542417 -0.03045099 0.02111387 -0.004916131 -0.02773469 0.04134249 -0.01099228 -0.02773469 0.04016697 -0.01394903 -0.02773469 0.03924673 -0.01961898 -0.02773469 0.03676629 -0.02230167 -0.02773469 0.03521949 -0.0221107 -0.02870219 0.03491467 -0.02151495 -0.02947902 0.03396445 -0.01876693 -0.02953815 0.0351538 -0.01609879 -0.02953815 0.03644025 -0.01051497 -0.02953815 0.03840678 -0.007629454 -0.02953815 0.03907632 -0.001750051 -0.02953815 0.03976947 0 -0.02953815 0.03980749 -0.004702568 -0.02953815 0.03953135 -0.01334309 -0.02953815 0.03752648 -0.02133303 -0.02953815 0.03367424 -0.02168869 -0.02936166 0.03424161 -0.02184909 -0.02918922 0.03449743 -0.02199119 -0.02896726 0.03472399 -0.02220398 -0.02840232 0.03506356 -0.02226829 -0.02807652 0.0351662 0 -0.02773469 0.0416314 -0.001829504 -0.02773469 0.0415914 -0.001826763 -0.02807652 0.04152858 0 -0.02807652 0.04156839 -0.001821517 -0.02840232 0.04140758 0 -0.02840232 0.04144728 -0.001813948 -0.02870219 0.04123198 0 -0.02870219 0.0412715 -0.001804113 -0.02896726 0.04100728 0 -0.02896726 0.0410465 -0.00179249 -0.02918922 0.04074007 0 -0.02918922 0.04077917 -0.001779258 -0.02936166 0.04043847 0 -0.02936166 0.04047721 -0.001765072 -0.02947902 0.04011166 0 -0.02947902 0.0401501 -0.01958966 -0.02807652 0.03671061 -0.01953303 -0.02840232 0.03660351 -0.01945108 -0.02870219 0.03644818 -0.01934581 -0.02896726 0.03624922 -0.01922088 -0.02918922 0.0360127 -0.01907986 -0.02936166 0.03574579 -0.01892703 -0.02947902 0.03545659 -0.01682978 -0.02773469 0.03811109 -0.01680457 -0.02807652 0.03805345 -0.01675599 -0.02840232 0.0379424 -0.01668566 -0.02870219 0.03778153 -0.01659548 -0.02896726 0.03757536 -0.01648825 -0.02918922 0.03733032 -0.01636719 -0.02936166 0.03705376 -0.01623618 -0.02947902 0.03675407 -0.01392817 -0.02807652 0.03918737 -0.01388788 -0.02840232 0.0390731 -0.01382952 -0.02870219 0.0389074 -0.01375472 -0.02896726 0.03869521 -0.01366597 -0.02918922 0.0384429 -0.01356559 -0.02936166 0.03815823 -0.013457 -0.02947902 0.03784966 -0.01097583 -0.02807652 0.04010623 -0.01094412 -0.02840232 0.03998935 -0.01089817 -0.02870219 0.03981971 -0.01083928 -0.02896726 0.03960263 -0.01076918 -0.02918922 0.03934448 -0.01069027 -0.02936166 0.0390532 -0.01060461 -0.02947902 0.03873741 -0.007975935 -0.02773469 0.04086685 -0.007964015 -0.02807652 0.04080516 -0.007941007 -0.02840232 0.04068619 -0.007907629 -0.02870219 0.04051369 -0.007864892 -0.02896726 0.04029273 -0.007814049 -0.02918922 0.04003018 -0.00775671 -0.02936166 0.03973382 -0.007694602 -0.02947902 0.03941261 -0.0049088 -0.02807652 0.04128009 -0.004894614 -0.02840232 0.04115968 -0.00487405 -0.02870219 0.04098522 -0.004847586 -0.02896726 0.04076182 -0.004816353 -0.02918922 0.04049623 -0.004780948 -0.02936166 0.04019641 -0.004742681 -0.02947902 0.03987157 -0.02667647 -0.04286521 -0.02769523 -0.0238415 -0.046489 -0.02372843 -0.024553 -0.04601198 -0.02461558 -0.02520143 -0.04540091 -0.0254684 -0.02577716 -0.04466468 -0.0262742 -0.0262717 -0.04381525 -0.02702057 -0.02698439 -0.04182809 -0.02828699 -0.02470368 -0.04613518 0.02320909 -0.02528816 -0.04572522 0.02485013 -0.02584964 -0.04523998 0.0264787 0.0285691 -0.04462796 0.02500039 0.02856951 -0.04462975 0.02498996 0.02857208 -0.04467242 0.02476179 0.02855527 -0.04473912 0.02443349 0.03626018 0.01684236 0.0586875 0.03713387 0.01482331 0.05867666 0.03780019 0.01302313 0.05873495 0.03711199 0.01487368 0.05867689 0.03854149 0.01065725 0.05865901 0.03970372 -4.52e-5 0.05935072 0.02210849 0.03328418 0.05886369 0 -0.03994351 0.05915546 0.001066327 0.03955048 0.05950599 1.45281e-4 0.03971755 0.05937707 0.002195477 -0.03944593 0.05964028 0.002025187 0.03937643 0.05964028 0 0.0397439 0.05935662 0.002372682 -0.03942793 0.05964028 0.003371894 -0.03932648 0.05964028 0.03733503 -0.0113188 0.05964028 0.006840527 0.03875118 0.05964028 0.0065943 0.03880167 0.05964028 0.003387153 0.03924983 0.05964028 0.004205763 0.03917378 0.05964028 0.004381418 -0.03922402 0.05964028 0.006458938 -0.03889465 0.05964028 0.007060885 -0.03877109 0.05964028 0.006581783 -0.03887516 0.05964028 0.008409738 0.03842961 0.05964028 2.56913e-4 -0.0398854 0.05921208 0.001163244 -0.03967988 0.05941236 1.62282e-4 -0.03990674 0.05919122 0 -0.03994351 0.05915546 0.006301522 0.03886169 0.05964028 0.0383892 -0.01125276 0.05864888 0.03805947 -0.00870347 0.05964028 0.0387237 -0.009851038 0.05896008 0.01308518 -0.0378443 0.05893033 0.00872302 -0.0390824 0.05899649 0.007281959 -0.03936189 0.05901902 0.006560564 -0.03950172 0.05903035 0.006499648 -0.03951352 0.05903118 0.005836725 -0.03960359 0.05904179 0.0042575 -0.03981792 0.05906695 0.00200361 -0.03999495 0.05910348 0.002316892 -0.03997033 0.05909848 0.003418505 -0.03988385 0.0590806 0.001889467 -0.03999209 0.0591064 0.001484096 -0.03998166 0.05911689 2.65402e-4 -0.03995037 0.05914855 2.60551e-4 -0.03995025 0.0591486 0.0310176 -0.02530199 0.05869269 0.03162366 -0.02451378 0.05868649 0.03829091 -0.01160687 0.05863887 0.0222643 0.03318578 0.05886179 0.02299207 0.0326693 0.05885267 0.01375389 0.03750121 0.05896729 0.01460838 0.03719168 0.0589568 0.006049156 0.03948587 0.05906206 0.006448805 0.03943145 0.05905711 0.006569564 0.0394085 0.05905562 0.006700754 0.03938335 0.05905401 0.008541822 0.0390321 0.05903142 0.009912848 0.03869408 0.05901461 0.01055455 0.03853577 0.05900675 0.0106039 0.03852367 0.05900615 0.01262819 0.03790909 0.05898123 0.004331648 0.03971958 0.05908316 0.003432095 0.03979325 0.05909425 0.002197623 0.0398944 0.05910938 0 0.0397439 0.05935662 1.47781e-4 0.03975397 0.05934 0.001471281 0.03984457 0.0591911 0.03785586 -0.02258217 0.03795975 0.03786695 -0.02255678 0.03798997 0.037876 -0.02253586 0.03801465 0.03760588 -0.02315562 0.03728008 0.0373618 -0.0236696 0.03662621 0.0384975 -0.02105367 0.03971409 0.03835272 -0.02141076 0.03931599 0.03816759 -0.02186703 0.03880745 0.0373187 -0.02372992 0.03653728 0.03878748 -0.02954512 0.009414136 0.03964018 -0.02954512 0.004992306 0.0391727 -0.02954512 -0.008452415 0.03801482 -0.02954512 -0.01280421 0.0179702 -0.02954512 -0.03609573 0.01383936 -0.02954512 -0.0378893 0.02187317 -0.02954512 -0.03384929 0.02549898 -0.02954512 -0.03117847 0.0288015 -0.02954512 -0.028117 0.03173899 -0.02954512 -0.02470368 0.03427428 -0.02954512 -0.02098172 0.0363751 -0.02954512 -0.01699841 0.0398342 -0.02954512 -0.003997862 0.03999066 -0.02954512 5.02639e-4 0.0374431 -0.02954512 0.01371198 0.03722256 -0.02954512 0.0142855 6.14389e-4 -0.02954512 -0.04035478 0.005106091 -0.02954512 -0.04003232 0 -0.02954512 -0.04035949 0.009533166 -0.02954512 -0.03920698 -0.0285691 -0.04462796 0.02500039 -0.02856951 -0.04462975 0.02498996 -0.02857208 -0.04467242 0.02476179 -0.02855527 -0.04473912 0.02443349 -0.03626018 0.01684236 0.0586875 -0.03780019 0.01302313 0.05873495 -0.03713387 0.01482331 0.05867666 -0.03711199 0.01487368 0.05867689 -0.03854149 0.01065725 0.05865901 -0.03970372 -4.52e-5 0.05935072 -0.02210849 0.03328418 0.05886369 0 -0.03994351 0.05915546 -1.45281e-4 0.03971755 0.05937707 -0.001066327 0.03955048 0.05950599 -0.002195477 -0.03944593 0.05964028 0 0.0397439 0.05935662 -0.002025187 0.03937643 0.05964028 -0.003371894 -0.03932648 0.05964028 -0.002372682 -0.03942793 0.05964028 -0.03733503 -0.0113188 0.05964028 -0.0065943 0.03880167 0.05964028 -0.006840527 0.03875118 0.05964028 -0.003387153 0.03924983 0.05964028 -0.004205763 0.03917378 0.05964028 -0.006458938 -0.03889465 0.05964028 -0.004381418 -0.03922402 0.05964028 -0.007060885 -0.03877109 0.05964028 -0.006581783 -0.03887516 0.05964028 -0.008409738 0.03842961 0.05964028 -0.001163244 -0.03967988 0.05941236 -2.56913e-4 -0.0398854 0.05921208 -1.62282e-4 -0.03990674 0.05919122 0 -0.03994351 0.05915546 -0.006301522 0.03886169 0.05964028 -0.0383892 -0.01125276 0.05864888 -0.03805947 -0.00870347 0.05964028 -0.0387237 -0.009851038 0.05896008 -0.01308518 -0.0378443 0.05893033 -0.00872302 -0.0390824 0.05899649 -0.007281959 -0.03936189 0.05901902 -0.006560564 -0.03950172 0.05903035 -0.006499648 -0.03951352 0.05903118 -0.005836725 -0.03960359 0.05904179 -0.0042575 -0.03981792 0.05906695 -0.002316892 -0.03997033 0.05909848 -0.00200361 -0.03999495 0.05910348 -0.003418505 -0.03988385 0.0590806 -0.001889467 -0.03999209 0.0591064 -0.001484096 -0.03998166 0.05911689 -2.65402e-4 -0.03995037 0.05914855 -2.60551e-4 -0.03995025 0.0591486 -0.0310176 -0.02530199 0.05869269 -0.03162366 -0.02451378 0.05868649 -0.03829091 -0.01160687 0.05863887 -0.0222643 0.03318578 0.05886179 -0.02299207 0.0326693 0.05885267 -0.01375389 0.03750121 0.05896729 -0.01460838 0.03719168 0.0589568 -0.006448805 0.03943145 0.05905711 -0.006049156 0.03948587 0.05906206 -0.006569564 0.0394085 0.05905562 -0.006700754 0.03938335 0.05905401 -0.008541822 0.0390321 0.05903142 -0.009912848 0.03869408 0.05901461 -0.01055455 0.03853577 0.05900675 -0.0106039 0.03852367 0.05900615 -0.01262819 0.03790909 0.05898123 -0.004331648 0.03971958 0.05908316 -0.003432095 0.03979325 0.05909425 -0.002197623 0.0398944 0.05910938 0 0.0397439 0.05935662 -1.47781e-4 0.03975397 0.05934 -0.001471281 0.03984457 0.0591911 -0.03786695 -0.02255678 0.03798997 -0.03785586 -0.02258217 0.03795975 -0.037876 -0.02253586 0.03801465 -0.03760588 -0.02315562 0.03728008 -0.0373618 -0.0236696 0.03662621 -0.03835272 -0.02141076 0.03931599 -0.0384975 -0.02105367 0.03971409 -0.03816759 -0.02186703 0.03880745 -0.0373187 -0.02372992 0.03653728 -0.03878748 -0.02954512 0.009414136 -0.03964018 -0.02954512 0.004992306 -0.0391727 -0.02954512 -0.008452415 -0.03801482 -0.02954512 -0.01280421 -0.0179702 -0.02954512 -0.03609573 -0.01383936 -0.02954512 -0.0378893 -0.02187317 -0.02954512 -0.03384929 -0.02549898 -0.02954512 -0.03117847 -0.0288015 -0.02954512 -0.028117 -0.03173899 -0.02954512 -0.02470368 -0.03427428 -0.02954512 -0.02098172 -0.0363751 -0.02954512 -0.01699841 -0.0398342 -0.02954512 -0.003997862 -0.03999066 -0.02954512 5.02639e-4 -0.0374431 -0.02954512 0.01371198 -0.03722256 -0.02954512 0.0142855 -6.14389e-4 -0.02954512 -0.04035478 -0.005106091 -0.02954512 -0.04003232 0 -0.02954512 -0.04035949 -0.009533166 -0.02954512 -0.03920698 0.02855527 -0.04473912 0.02443349 0.0285691 -0.04462796 0.02500039 0.02856951 -0.04462975 0.02498996 0.02857208 -0.04467242 0.02476179 0.02857017 -0.04461437 0.02507042 0.02856868 -0.04462659 0.0250082 0.02856886 -0.04462695 0.02500551 0.02857047 -0.04463338 0.02496922 0.02857178 -0.04464101 0.02492767 0.03711199 0.01487368 0.05867689 0.03780019 0.01302313 0.05873495 0.03713387 0.01482331 0.05867666 0.03659826 0.01608568 0.05873495 0.0387237 -0.009851038 0.05896008 0.03813636 -0.01156038 0.05880069 0.03873658 -0.00985527 0.05895882 0.03916859 -0.008104205 0.05899745 -0.02855527 -0.04473912 0.02443349 -0.0285691 -0.04462796 0.02500039 -0.02856951 -0.04462975 0.02498996 -0.02857208 -0.04467242 0.02476179 -0.02856868 -0.04462659 0.0250082 -0.02857017 -0.04461437 0.02507042 -0.02856886 -0.04462695 0.02500551 -0.02857047 -0.04463338 0.02496922 -0.02857178 -0.04464101 0.02492767 -0.03711199 0.01487368 0.05867689 -0.03780019 0.01302313 0.05873495 -0.03713387 0.01482331 0.05867666 -0.03659826 0.01608568 0.05873495 -0.0387237 -0.009851038 0.05896008 -0.03873658 -0.00985527 0.05895882 -0.03813636 -0.01156038 0.05880069 -0.03916859 -0.008104205 0.05899745 0.03721153 -0.03019535 0.01414018 0.03722095 -0.0302779 0.01417768 0.03722518 -0.02954512 0.01417857 0.03723186 -0.03037345 0.01422095 0.03722941 -0.0304206 0.01423877 0.03723222 -0.02954512 0.0142396 0.03722351 -0.0305373 0.01428288 0.03722256 -0.03054517 0.0142855 0.03722256 -0.02954512 0.0142855 0.03722631 -0.03048175 0.0142619 0.03722923 -0.02954512 0.01426279 0.03722745 -0.03046011 0.01425361 0.03722959 -0.03035366 0.01421207 0.0372315 -0.02954512 0.01421231 0.03722232 -0.03028988 0.01418316 0.03720849 -0.03018516 0.0141347 0.03720968 -0.02954512 0.01413452 0.03717851 -0.02954512 0.0140751 0.03717619 -0.03007572 0.0140751 0.03719139 -0.03012698 0.01410293 0.0370993 -0.02990949 0.01396888 0.03713333 -0.0299772 0.01401358 0.03716641 -0.03004258 0.01405698 0.0371145 -0.02954512 0.01398545 0.03709936 -0.02954512 0.0139696 0.03709203 -0.02989536 0.0139594 0.03705257 -0.0298438 0.0139172 0.03693419 -0.02954512 0.01380252 0.03693467 -0.02971869 0.01380068 0.03696388 -0.02954512 0.01382619 0.03695017 -0.0297324 0.0138151 0.03700137 -0.02977722 0.01386255 0.03647768 -0.02954512 0.01343792 0.03655678 -0.02955299 0.01349556 0.03661519 -0.02955859 0.01353806 0.03669846 -0.02958399 0.01360213 0.0367453 -0.02959811 0.01363831 0.03676277 -0.02960562 0.0136522 0.03683096 -0.02964448 0.01370942 0.03688526 -0.02967548 0.0137549 -0.03722518 -0.02954512 0.01417857 -0.03722095 -0.0302779 0.01417768 -0.03721153 -0.03019535 0.01414018 -0.03723222 -0.02954512 0.0142396 -0.03722941 -0.0304206 0.01423877 -0.03723186 -0.03037345 0.01422095 -0.03722256 -0.02954512 0.0142855 -0.03722256 -0.03054517 0.0142855 -0.03722351 -0.0305373 0.01428288 -0.03722631 -0.03048175 0.0142619 -0.03722923 -0.02954512 0.01426279 -0.03722745 -0.03046011 0.01425361 -0.03722959 -0.03035366 0.01421207 -0.0372315 -0.02954512 0.01421231 -0.03722232 -0.03028988 0.01418316 -0.03720849 -0.03018516 0.0141347 -0.03720968 -0.02954512 0.01413452 -0.03717619 -0.03007572 0.0140751 -0.03717851 -0.02954512 0.0140751 -0.03719139 -0.03012698 0.01410293 -0.03713333 -0.0299772 0.01401358 -0.0370993 -0.02990949 0.01396888 -0.03716641 -0.03004258 0.01405698 -0.0371145 -0.02954512 0.01398545 -0.03709936 -0.02954512 0.0139696 -0.03709203 -0.02989536 0.0139594 -0.03705257 -0.0298438 0.0139172 -0.03696388 -0.02954512 0.01382619 -0.03693467 -0.02971869 0.01380068 -0.03693419 -0.02954512 0.01380252 -0.03695017 -0.0297324 0.0138151 -0.03700137 -0.02977722 0.01386255 -0.03655678 -0.02955299 0.01349556 -0.03647768 -0.02954512 0.01343792 -0.03661519 -0.02955859 0.01353806 -0.03669846 -0.02958399 0.01360213 -0.0367453 -0.02959811 0.01363831 -0.03676277 -0.02960562 0.0136522 -0.03683096 -0.02964448 0.01370942 -0.03688526 -0.02967548 0.0137549 -0.03695511 -0.01530718 0.1087999 -0.03325873 -0.02222269 0.1087999 -0.02222269 -0.03325873 0.1087999 0.01530718 0.03695511 0.1087999 0.007803559 0.0392313 0.1087999 -0.02828425 0.02828425 0.1087999 -0.02828425 -0.02828425 0.1087999 0.007803559 -0.0392313 0.1087999 0.01530718 -0.03695511 0.1087999 -0.007803559 -0.0392313 0.1087999 -0.007803559 0.0392313 0.1087999 -0.01530718 0.03695511 0.1087999 0 0.03999996 0.1087999 0 -0.03999996 0.1087999 0.0392313 0.007803559 0.1087999 0.03695511 0.01530718 0.1087999 0.0392313 -0.007803559 0.1087999 0.03999996 0 0.1087999 -0.03695511 0.01530718 0.1087999 -0.0392313 0.007803559 0.1087999 -0.02222269 0.03325873 0.1087999 -0.03325873 0.02222269 0.1087999 0.03325873 -0.02222269 0.1087999 0.03695511 -0.01530718 0.1087999 0.02222269 -0.03325873 0.1087999 0.02828425 -0.02828425 0.1087999 0.03325873 0.02222269 0.1087999 0.02828425 0.02828425 0.1087999 -0.03999996 0 0.1087999 -0.0392313 -0.007803559 0.1087999 0.02222269 0.03325873 0.1087999 -0.01530718 -0.03695511 0.1087999 -0.01530718 0.03695511 0.06 -0.007803559 0.0392313 0.06 -0.03695511 0.01530718 0.06 -0.03325873 0.02222269 0.06 -0.02828425 0.02828425 0.06 -0.02222269 0.03325873 0.06 -0.03999996 0 0.06 -0.0392313 0.007803559 0.06 -0.03695511 -0.01530718 0.06 -0.0392313 -0.007803559 0.06 0.01530718 0.03695511 0.06 0.02222269 0.03325873 0.06 0.03695511 0.01530718 0.06 0.0392313 -0.007803559 0.06 0.03695511 -0.01530718 0.06 0.0392313 0.007803559 0.06 0.02828425 0.02828425 0.06 0.03325873 0.02222269 0.06 0.03999996 0 0.06 -0.007803559 -0.0392313 0.06 -0.01530718 -0.03695511 0.06 0.01530718 -0.03695511 0.06 0.007803559 -0.0392313 0.06 0.02222269 -0.03325873 0.06 -0.02222269 -0.03325873 0.06 -0.02828425 -0.02828425 0.06 -0.03325873 -0.02222269 0.06 0.03325873 -0.02222269 0.06 0.02828425 -0.02828425 0.06 0 0.03999996 0.06 0.007803559 0.0392313 0.06 0 -0.03999996 0.06 0.03999996 0 0.06 0.0392313 0.007803559 0.06 0.03695511 0.01530718 0.06 0.03325873 0.02222269 0.06 0.02828425 0.02828425 0.06 0.02222269 0.03325873 0.06 0.01530718 0.03695511 0.06 0.007803559 0.0392313 0.06 0 0.03999996 0.06 -0.007803559 0.0392313 0.06 -0.01530718 0.03695511 0.06 -0.02222269 0.03325873 0.06 -0.02828425 0.02828425 0.06 -0.03325873 0.02222269 0.06 -0.03695511 0.01530718 0.06 -0.0392313 0.007803559 0.06 -0.03999996 0 0.06 -0.0392313 -0.007803559 0.06 -0.03695511 -0.01530718 0.06 -0.03325873 -0.02222269 0.06 -0.02828425 -0.02828425 0.06 -0.02222269 -0.03325873 0.06 -0.01530718 -0.03695511 0.06 -0.007803559 -0.0392313 0.06 0 -0.03999996 0.06 0.007803559 -0.0392313 0.06 0.01530718 -0.03695511 0.06 0.02222269 -0.03325873 0.06 0.02828425 -0.02828425 0.06 0.03325873 -0.02222269 0.06 0.03695511 -0.01530718 0.06 0.0392313 -0.007803559 0.06 0.03999996 0 0.06 0.03999996 0 0.1087999 0.0392313 0.007803559 0.1087999 0.03695511 0.01530718 0.1087999 0.03325873 0.02222269 0.1087999 0.02828425 0.02828425 0.1087999 0.02222269 0.03325873 0.1087999 0.01530718 0.03695511 0.1087999 0.007803559 0.0392313 0.1087999 0 0.03999996 0.1087999 -0.007803559 0.0392313 0.1087999 -0.01530718 0.03695511 0.1087999 -0.02222269 0.03325873 0.1087999 -0.02828425 0.02828425 0.1087999 -0.03325873 0.02222269 0.1087999 -0.03695511 0.01530718 0.1087999 -0.0392313 0.007803559 0.1087999 -0.03999996 0 0.1087999 -0.0392313 -0.007803559 0.1087999 -0.03695511 -0.01530718 0.1087999 -0.03325873 -0.02222269 0.1087999 -0.02828425 -0.02828425 0.1087999 -0.02222269 -0.03325873 0.1087999 -0.01530718 -0.03695511 0.1087999 -0.007803559 -0.0392313 0.1087999 0 -0.03999996 0.1087999 0.007803559 -0.0392313 0.1087999 0.01530718 -0.03695511 0.1087999 0.02222269 -0.03325873 0.1087999 0.02828425 -0.02828425 0.1087999 0.03325873 -0.02222269 0.1087999 0.03695511 -0.01530718 0.1087999 0.0392313 -0.007803559 0.1087999 0.03999996 0 0.1087999 0.03695511 0.01530718 0.1208 0.03325873 0.02222269 0.1208 0.02222269 0.03325873 0.1208 -0.01530718 -0.03695511 0.1208 -0.007803559 -0.0392313 0.1208 0.02828425 -0.02828425 0.1208 0.02828425 0.02828425 0.1208 -0.007803559 0.0392313 0.1208 -0.01530718 0.03695511 0.1208 0.007803559 0.0392313 0.1208 0.007803559 -0.0392313 0.1208 0.01530718 -0.03695511 0.1208 0 -0.03999996 0.1208 0 0.03999996 0.1208 -0.0392313 -0.007803559 0.1208 -0.03695511 -0.01530718 0.1208 -0.0392313 0.007803559 0.1208 -0.03999996 0 0.1208 0.03695511 -0.01530718 0.1208 0.0392313 -0.007803559 0.1208 0.02222269 -0.03325873 0.1208 0.03325873 -0.02222269 0.1208 -0.03325873 0.02222269 0.1208 -0.03695511 0.01530718 0.1208 -0.02222269 0.03325873 0.1208 -0.02828425 0.02828425 0.1208 -0.03325873 -0.02222269 0.1208 -0.02828425 -0.02828425 0.1208 0.03999996 0 0.1208 0.0392313 0.007803559 0.1208 -0.02222269 -0.03325873 0.1208 0.01530718 0.03695511 0.1208 0.01530718 -0.03695511 0.1087999 0.007803559 -0.0392313 0.1087999 0.03695511 -0.01530718 0.1087999 0.03325873 -0.02222269 0.1087999 0.02828425 -0.02828425 0.1087999 0.02222269 -0.03325873 0.1087999 0.03999996 0 0.1087999 0.0392313 -0.007803559 0.1087999 0.03695511 0.01530718 0.1087999 0.0392313 0.007803559 0.1087999 -0.01530718 -0.03695511 0.1087999 -0.02222269 -0.03325873 0.1087999 -0.03695511 -0.01530718 0.1087999 -0.0392313 0.007803559 0.1087999 -0.03695511 0.01530718 0.1087999 -0.0392313 -0.007803559 0.1087999 -0.02828425 -0.02828425 0.1087999 -0.03325873 -0.02222269 0.1087999 -0.03999996 0 0.1087999 0.007803559 0.0392313 0.1087999 0.01530718 0.03695511 0.1087999 -0.01530718 0.03695511 0.1087999 -0.007803559 0.0392313 0.1087999 -0.02222269 0.03325873 0.1087999 0.02222269 0.03325873 0.1087999 0.02828425 0.02828425 0.1087999 0.03325873 0.02222269 0.1087999 -0.03325873 0.02222269 0.1087999 -0.02828425 0.02828425 0.1087999 0 -0.03999996 0.1087999 -0.007803559 -0.0392313 0.1087999 0 0.03999996 0.1087999 -0.03999996 0 0.1087999 -0.0392313 -0.007803559 0.1087999 -0.03695511 -0.01530718 0.1087999 -0.03325873 -0.02222269 0.1087999 -0.02828425 -0.02828425 0.1087999 -0.02222269 -0.03325873 0.1087999 -0.01530718 -0.03695511 0.1087999 -0.007803559 -0.0392313 0.1087999 0 -0.03999996 0.1087999 0.007803559 -0.0392313 0.1087999 0.01530718 -0.03695511 0.1087999 0.02222269 -0.03325873 0.1087999 0.02828425 -0.02828425 0.1087999 0.03325873 -0.02222269 0.1087999 0.03695511 -0.01530718 0.1087999 0.0392313 -0.007803559 0.1087999 0.03999996 0 0.1087999 0.0392313 0.007803559 0.1087999 0.03695511 0.01530718 0.1087999 0.03325873 0.02222269 0.1087999 0.02828425 0.02828425 0.1087999 0.02222269 0.03325873 0.1087999 0.01530718 0.03695511 0.1087999 0.007803559 0.0392313 0.1087999 0 0.03999996 0.1087999 -0.007803559 0.0392313 0.1087999 -0.01530718 0.03695511 0.1087999 -0.02222269 0.03325873 0.1087999 -0.02828425 0.02828425 0.1087999 -0.03325873 0.02222269 0.1087999 -0.03695511 0.01530718 0.1087999 -0.0392313 0.007803559 0.1087999 -0.03999996 0 0.1087999 -0.03999996 0 0.1208 -0.0392313 -0.007803559 0.1208 -0.03695511 -0.01530718 0.1208 -0.03325873 -0.02222269 0.1208 -0.02828425 -0.02828425 0.1208 -0.02222269 -0.03325873 0.1208 -0.01530718 -0.03695511 0.1208 -0.007803559 -0.0392313 0.1208 0 -0.03999996 0.1208 0.007803559 -0.0392313 0.1208 0.01530718 -0.03695511 0.1208 0.02222269 -0.03325873 0.1208 0.02828425 -0.02828425 0.1208 0.03325873 -0.02222269 0.1208 0.03695511 -0.01530718 0.1208 0.0392313 -0.007803559 0.1208 0.03999996 0 0.1208 0.0392313 0.007803559 0.1208 0.03695511 0.01530718 0.1208 0.03325873 0.02222269 0.1208 0.02828425 0.02828425 0.1208 0.02222269 0.03325873 0.1208 0.01530718 0.03695511 0.1208 0.007803559 0.0392313 0.1208 0 0.03999996 0.1208 -0.007803559 0.0392313 0.1208 -0.01530718 0.03695511 0.1208 -0.02222269 0.03325873 0.1208 -0.02828425 0.02828425 0.1208 -0.03325873 0.02222269 0.1208 -0.03695511 0.01530718 0.1208 -0.0392313 0.007803559 0.1208 -0.03999996 0 0.1208</float_array>
          <technique_common>
            <accessor source="#Mesh-1_007-mesh-positions-array" count="7945" stride="3">
              <param name="X" type="float"/>
              <param name="Y" type="float"/>
              <param name="Z" type="float"/>
            </accessor>
          </technique_common>
        </source>
        <source id="Mesh-1_007-mesh-normals">
          <float_array id="Mesh-1_007-mesh-normals-array" count="22560">-1 0 0 -0.4339302 0.5251191 -0.7320892 -0.433793 0.5252755 -0.7320584 -0.4433886 0.4795053 -0.7572856 0.422902 -0.323969 0.8462849 0.6169006 -0.4044305 0.6751813 0.4044952 0.09761857 0.9093152 -0.1662797 0.9743409 -0.1516938 1 0 0 0.4337997 0.5252726 -0.7320564 0.4339309 0.5251168 -0.7320904 0.4433886 0.4795053 -0.7572856 -0.4226763 -0.3240066 0.8463833 -0.6168924 -0.4044245 0.6751923 -0.4046683 0.09760874 0.9092393 0.1664242 0.9751877 -0.1459861 0.9722341 0.09845405 -0.2122916 0.1122926 -0.7952151 -0.5958384 0.7263155 -0.6560106 0.205222 0.3715517 0.2214878 0.9016056 0.254121 0.175463 0.9511232 -0.9720358 0.1004847 -0.2122483 -0.1125754 -0.7951894 -0.5958192 -0.7263155 -0.6560106 0.205222 -0.2543128 0.1754631 0.9510719 -0.3715517 0.2214877 0.9016056 0.2786991 -0.9452637 0.1697159 0.3585052 -0.921792 0.1475587 0.2316378 -0.9553308 0.1835402 0.4554647 -0.8773586 0.1509772 0.3223128 -0.9315057 0.1685573 0.3258863 -0.9279427 0.1808885 0.07507753 -0.9753366 0.2075619 0.1066625 -0.9832486 0.1478016 0.2717458 -0.9451285 0.181347 0.2881047 -0.9381411 0.1920596 0.2179366 -0.9598553 0.1765833 0.2378374 -0.9544628 0.1800948 0.2355155 -0.955033 0.1801235 0.2617049 -0.9481499 0.1803398 0.2171735 -0.9589086 0.1825649 0.2315476 -0.9555804 0.182351 0.2355189 -0.9546496 0.1821403 0.3579557 -0.9218832 0.1483216 0.2560567 -0.9504924 0.1760657 0.4643779 -0.8637197 0.1958102 0.2356994 -0.9550968 0.1795442 0.2636572 -0.9482074 0.1771652 0.264541 -0.9483863 0.1748754 0.3419098 -0.9284027 0.1454864 0.2653032 -0.9489022 0.1708768 0.3173697 -0.929769 0.1865642 0.5826946 -0.7982487 0.1525327 0.2878226 -0.9446172 0.15766 0.2853184 -0.9459851 0.1539663 0.3357416 -0.9341925 0.1206729 0.3396455 -0.9198414 0.1962979 0.5910022 -0.785775 0.1824126 0.5762102 -0.807732 0.1247031 0.2605114 -0.9481992 0.1818025 0.5664374 -0.7999709 0.1979784 0.3090339 -0.9406826 0.140051 0.2612415 -0.9502965 0.1693797 0.4419113 -0.8897128 0.1145673 0.3389441 -0.9183781 0.2042027 0.4727086 -0.8492824 0.2350877 0.7007306 -0.6979534 0.147776 0.6943979 -0.7077042 0.1302549 0.2727818 -0.9442988 0.1840926 0.305924 -0.9416074 0.1406627 0.3058067 -0.941439 0.1420384 0.3401925 -0.9340263 0.1089214 0.3075675 -0.9418988 0.1350147 0.2603872 -0.9480693 0.1826555 0.3608575 -0.9087053 0.2098491 0.3558543 -0.9008668 0.2486097 0.6000958 -0.7711856 0.212504 0.7078693 -0.6866278 0.1657209 0.6887023 -0.7163835 0.1117317 0.5038446 -0.8598228 0.08273804 0.2599962 -0.9490062 0.1782953 0.3353771 -0.9346857 0.1178352 0.3403167 -0.9340626 0.1082201 0.2939334 -0.9357892 0.1946839 0.3549686 -0.9117607 0.2066149 0.3730333 -0.9002179 0.2246196 0.3583536 -0.896067 0.2620052 0.4835778 -0.8306124 0.2761079 0.802742 -0.579831 0.1392888 0.7973755 -0.5883189 0.1344371 0.7924638 -0.5961332 0.1289439 0.5847825 -0.8054989 0.09592252 0.4295224 -0.8999096 0.07532054 0.3021661 -0.9333549 0.1937635 0.3015276 -0.9441354 0.1330017 0.266216 -0.9506627 0.1592779 0.3240252 -0.9424717 0.0821889 0.3015562 -0.9467236 0.1130416 0.3089454 -0.943866 0.1169189 0.4188124 -0.8850818 0.2030429 0.3353175 -0.9142414 0.2274311 0.3281423 -0.916064 0.230542 0.3639423 -0.8939093 0.2616722 0.3715706 -0.8850553 0.2803794 0.6098033 -0.7544031 0.2429324 0.7156681 -0.6737352 0.1841205 0.8086408 -0.5701931 0.1448448 0.7379375 -0.6623705 0.1292817 0.6237458 -0.7757606 0.09558528 0.5592359 -0.8257611 0.07330739 0.4923388 -0.8684598 0.05813938 0.2830967 -0.9420077 0.1802163 0.2827017 -0.9407014 0.1875116 0.3137657 -0.9425483 0.1146903 0.2952151 -0.9492784 0.1082526 0.3047968 -0.9464051 0.1068482 0.3059185 -0.9454357 0.1120948 0.3405981 -0.9157083 0.21324 0.3947935 -0.8950605 0.2073764 0.3339768 -0.9151324 0.225815 0.3291784 -0.9138013 0.2379264 0.3774604 -0.8750746 0.3029327 0.4948157 -0.8090769 0.3170995 0.8848844 -0.4480273 0.1274802 0.8802641 -0.4547965 0.1352609 0.8765103 -0.4601679 0.1413342 0.7397245 -0.6603745 0.1292793 0.7389011 -0.6619316 0.1259834 0.6799939 -0.7246127 0.1120047 0.6229299 -0.7765948 0.09412157 0.4954844 -0.8669374 0.05398899 0.4929721 -0.8679886 0.05978655 0.3183435 -0.945051 0.07440525 0.2667368 -0.945756 0.1854645 0.2826995 -0.9420977 0.1803686 0.3211821 -0.9241767 0.2067357 0.3058908 -0.9446818 0.1183522 0.2981376 -0.9462336 0.1255236 0.2710689 -0.9537768 0.1297358 0.2987385 -0.9470558 0.1176466 0.3315876 -0.9189539 0.2134795 0.331009 -0.9161522 0.2260493 0.3205381 -0.9216654 0.2186056 0.3195321 -0.9210278 0.2227264 0.3291483 -0.9132531 0.2400631 0.3274074 -0.8941141 0.3055559 0.3785623 -0.8653159 0.3285105 0.6200356 -0.735308 0.2736385 0.7240926 -0.6591482 0.203012 0.8150492 -0.5593583 0.1510401 0.8896645 -0.4404222 0.1205202 0.8307923 -0.5342072 0.1562275 0.7860508 -0.6022646 0.1392893 0.7365536 -0.6571422 0.1601654 0.6710442 -0.729579 0.1319626 0.5679312 -0.8180968 0.09039777 0.4384987 -0.8975369 0.046328 0.4244597 -0.9045557 0.04016309 0.3643974 -0.9217057 0.1329409 0.2751055 -0.9462053 0.170331 0.2786415 -0.9415213 0.189464 0.2748535 -0.9417532 0.1937952 0.2700933 -0.9420612 0.1989229 0.3248481 -0.9222951 0.2093933 0.2731789 -0.9543101 0.1211009 0.2952722 -0.9513107 0.08844429 0.2806204 -0.9514544 0.1264394 0.2884066 -0.9485985 0.130317 0.3267694 -0.9208261 0.212841 0.3350395 -0.9163687 0.2191277 0.2977802 -0.9334434 0.2000257 0.3464196 -0.9071733 0.2388101 0.3230185 -0.9203463 0.2205035 0.3173943 -0.9220611 0.2215046 0.3180372 -0.9204492 0.227213 0.3264906 -0.9116286 0.2496747 0.3131866 -0.9122452 0.2640509 0.3849677 -0.8574946 0.3413254 0.506318 -0.7847777 0.357444 0.9454359 -0.3057147 0.1126478 0.9412723 -0.310441 0.1327889 0.9372393 -0.3147732 0.150001 0.8675091 -0.4687448 0.1664519 0.7847093 -0.5934761 0.1789339 0.2986901 -0.952439 0.06036669 0.2621876 -0.9495642 0.1720044 0.265397 -0.9477505 0.1770127 0.2721975 -0.9405295 0.2032554 0.3392832 -0.9149081 0.2187014 0.3009192 -0.9455457 0.1240605 0.2530331 -0.960311 0.117376 0.2739713 -0.9605932 0.04690808 0.2859683 -0.9509285 0.1181412 0.2700017 -0.9516745 0.1463387 0.315719 -0.9430065 0.1051684 0.3275361 -0.92044 0.2133318 0.3113272 -0.9264127 0.2117427 0.3379437 -0.9123229 0.2312166 0.3166337 -0.9214574 0.2250769 0.3244218 -0.9115247 0.2527316 0.3223389 -0.907139 0.2705486 0.2910882 -0.9120845 0.2887383 0.3891772 -0.8546518 0.3436735 0.3906726 -0.8431462 0.3694315 0.6306183 -0.7140883 0.3039712 0.7330821 -0.642805 0.2222441 0.8219192 -0.5473052 0.157816 0.8945999 -0.4319642 0.1144458 0.9492052 -0.3004606 0.09344947 0.9012112 -0.3954721 0.1772574 0.9019336 -0.3954371 0.1736236 0.8264918 -0.5273421 0.1970322 0.7434473 -0.6425204 0.1856176 0.6947777 -0.7008205 0.1616621 0.6385794 -0.7566878 0.1401432 0.5172109 -0.8514888 0.08636963 0.3125823 -0.9498632 0.007233142 0.3557862 -0.9342975 0.02246171 0.3022334 -0.9522963 0.04226934 0.2666741 -0.950267 0.1608651 0.2615483 -0.9493565 0.1741113 0.2526699 -0.9471383 0.1977045 0.2640544 -0.9404879 0.2139109 0.3033867 -0.9380542 0.1673647 0.2701584 -0.9460426 0.1789357 0.2534893 -0.9605189 0.1146592 0.2586517 -0.9584916 0.1199716 0.2916694 -0.9530758 0.08108878 0.2868814 -0.9524158 0.1029721 0.2978375 -0.9336149 0.1991382 0.3082168 -0.9281295 0.2087536 0.3215174 -0.9083972 0.2672852 0.3120898 -0.9162489 0.2511734 0.2732423 -0.9304521 0.2441265 0.3062648 -0.890991 0.3351669 0.3434345 -0.8705651 0.3523766 0.3980037 -0.8340346 0.3820726 0.517298 -0.7581238 0.3970529 0.9825654 -0.1596459 0.09528088 0.9789785 -0.1599484 0.126561 0.9735874 -0.164406 0.1584242 0.93046 -0.3177933 0.1823503 0.9020557 -0.395132 0.1736847 0.8623325 -0.4587103 0.2144005 0.7847517 -0.5843902 0.2065264 0.6406265 -0.7552257 0.1386788 0.5815786 -0.8053777 0.1146005 0.51852 -0.8508124 0.08517885 0.4512882 -0.8904603 0.05847489 0.3312258 -0.9434731 0.01217716 0.2208094 -0.9706456 -0.09534323 0.2578274 -0.9529359 0.1594941 0.2536458 -0.9528734 0.1664217 0.3059529 -0.9365364 0.1711505 0.2485758 -0.9628996 0.1050458 0.239118 -0.9645901 0.1113035 0.2556619 -0.9588007 0.1238481 0.2913326 -0.9531634 0.08127158 0.2995761 -0.9335507 0.1968181 0.3111406 -0.9250597 0.2178442 0.3104389 -0.9234734 0.2254436 0.3068686 -0.9099853 0.2788522 0.2935296 -0.9238337 0.2457066 0.2482717 -0.929455 0.2729005 0.2628663 -0.911288 0.3169472 0.4011479 -0.8318386 0.3835687 0.4025741 -0.8189732 0.408922 0.641357 -0.6909198 0.3336033 0.7424683 -0.6248477 0.2414669 0.8292258 -0.5340176 0.164954 0.8997074 -0.4226611 0.1090147 0.9526588 -0.2945719 0.07529097 0.9858538 -0.1543343 0.06537157 0.9526721 -0.2415938 0.184522 0.8931408 -0.3853033 0.2320365 0.8238911 -0.5191283 0.2273971 0.7866029 -0.5871292 0.191142 0.6900067 -0.7090812 0.1452404 0.5766585 -0.8110758 0.09808838 0.3817907 -0.9238054 0.02862668 0.3345791 -0.9422721 0.01342833 0.3198397 -0.947281 -0.01901334 0.3075152 -0.9515392 0.002777278 0.3132125 -0.9495865 0.01355022 0.2260535 -0.9712948 -0.07406938 0.2471451 -0.9689261 0.01007133 0.2617909 -0.95344 0.1497256 0.2501949 -0.9539024 0.1657488 0.2888042 -0.9381941 0.1907457 0.3057718 -0.9357185 0.1758821 0.2523355 -0.9618842 0.1053839 0.2416488 -0.9645811 0.1057786 0.239695 -0.9638157 0.116643 0.2581278 -0.9569165 0.1329703 0.2882261 -0.9541615 0.0806325 0.2846806 -0.9535027 0.09894233 0.2995111 -0.9335078 0.1971206 0.3059874 -0.9251649 0.2245922 0.3045825 -0.9178981 0.2543478 0.2932276 -0.9146577 0.2782427 0.280627 -0.9237344 0.2606978 0.2330731 -0.9452632 0.2283732 0.2785223 -0.8915703 0.3571104 0.3205721 -0.8673821 0.3806337 0.3568611 -0.8442223 0.3999237 0.4105198 -0.8083436 0.4219648 0.5280197 -0.7296018 0.4345992 0.9949243 -0.03903394 0.09274768 0.9941529 -0.04428291 0.09848445 0.9858155 -0.03973531 0.1630614 0.9516934 -0.224716 0.2092425 0.9395167 -0.2701206 0.2105787 0.8221808 -0.5207756 0.2298077 0.4504058 -0.8914421 0.04965507 0.3815206 -0.9238774 0.02987825 0.3367817 -0.9414935 0.01297074 0.235848 -0.9706454 0.04715126 0.2552325 -0.9541847 0.156167 0.2559361 -0.9543433 0.1540316 0.2672526 -0.9404046 0.2102741 0.283916 -0.9367733 0.2045672 0.3139531 -0.9358471 0.1600742 0.2507426 -0.9629906 0.09888094 0.2201066 -0.9706724 0.0966857 0.238569 -0.9624246 0.1297068 0.2578517 -0.9565142 0.1363571 0.2816273 -0.9562145 0.07962346 0.2809302 -0.9548271 0.09686827 0.2960043 -0.9409635 0.164223 0.3038807 -0.9218967 0.2403395 0.3024132 -0.9264361 0.2241929 0.2938647 -0.9300885 0.2204062 0.2893816 -0.9284505 0.2328909 0.1973347 -0.9456259 0.2585555 0.2124114 -0.9309786 0.2969182 0.2304838 -0.9121689 0.3388587 0.4143635 -0.7923172 0.4478129 0.4223302 -0.7795927 0.4624635 0.6521271 -0.665708 0.3627167 0.7521889 -0.6052365 0.2605773 0.8369251 -0.519435 0.1724634 0.9049817 -0.4125567 0.1039479 0.9558233 -0.2882211 0.0577113 0.9880825 -0.1499702 0.03466951 0.9969213 -0.03244125 0.07138305 0.9900658 -0.04059016 0.1346191 0.9849006 -0.04333657 0.1676089 0.9225095 -0.296038 0.2476648 0.8583545 -0.4483587 0.2494035 0.823869 -0.5176382 0.2308481 0.8612525 -0.4522033 0.2318545 0.7963923 -0.5846517 0.1547311 0.6991903 -0.7049584 0.1190241 0.5846654 -0.8072759 0.08044981 0.3179751 -0.9478825 -0.02026444 0.2281916 -0.9735299 0.01297062 0.2602086 -0.9633761 0.06479269 0.2514812 -0.9557812 0.1524452 0.2486665 -0.9569756 0.1495417 0.2343267 -0.9607763 0.1483235 0.2172676 -0.9587063 0.1835132 0.2632267 -0.9361714 0.2330128 0.2953951 -0.9338868 0.2014876 0.3183491 -0.9350267 0.1561378 0.2538241 -0.9622548 0.09817868 0.2417705 -0.9651595 0.1000714 0.239359 -0.9657983 0.09970492 0.239058 -0.9617559 0.1337052 0.2599279 -0.9552969 0.1408743 0.2760729 -0.9579237 0.07852482 0.2779994 -0.955953 0.09418225 0.3036689 -0.9337744 0.1893429 0.2948792 -0.9339572 0.2019169 0.2758907 -0.9304599 0.2410992 0.1841835 -0.958792 0.2163202 0.2619429 -0.8824208 0.3907933 0.2929229 -0.8664999 0.4041957 0.3340041 -0.8413888 0.4248602 0.3691578 -0.8152539 0.4461877 0.4165257 -0.7811383 0.4651122 0.4244651 -0.7641775 0.4856566 0.5389957 -0.6975723 0.4720981 0.9988179 -0.03839254 0.0298168 0.9985425 -0.04223787 0.0336011 0.9898627 0.02551412 0.1397173 0.9836127 0.02465975 0.1786 0.9686059 -0.1593997 0.190773 0.9489342 -0.1654142 0.2686302 0.9129235 -0.2969222 0.2800145 0.8871505 -0.3745089 0.2696427 0.8737897 -0.4490567 0.1866542 0.4578809 -0.8880809 0.04071271 0.3450512 -0.9384686 0.0147103 0.3436467 -0.938955 0.01644986 0.3970257 -0.9146637 -0.0759015 0.3148063 -0.9488443 -0.02432382 0.230998 -0.9728224 -0.01602244 0.2157062 -0.9763543 0.01425218 0.2582209 -0.9640022 0.06341838 0.2661583 -0.9613255 0.07080459 0.2416781 -0.9587167 0.1498472 0.2780886 -0.9340627 0.2240395 0.3063823 -0.9343149 0.1821691 0.2541619 -0.9625682 0.09415096 0.2354862 -0.9681914 0.08456867 0.2388436 -0.9667581 0.09128302 0.2482389 -0.9583783 0.1410268 0.2736327 -0.9588132 0.07617521 0.2779082 -0.9564423 0.08936029 0.3093726 -0.9260147 0.2162998 0.3042201 -0.9333525 0.1905342 0.3065345 -0.9368165 0.1685574 0.3235313 -0.940777 0.1013228 0.145181 -0.9584327 0.2456204 0.1532365 -0.946917 0.2826071 0.1886098 -0.9255309 0.3283581 0.2414378 -0.8937259 0.378103 0.3795664 -0.7842807 0.4907476 0.4275792 -0.7524601 0.5009788 0.4333754 -0.7362194 0.5197758 0.6628741 -0.6381842 0.3915596 0.7604587 -0.5864355 0.2789193 0.8449296 -0.5035701 0.1803086 0.9104534 -0.4014821 0.09943205 0.9587187 -0.2814447 0.04059004 0.9887021 -0.149819 0.004730463 0.9989264 -0.0343647 0.03106862 0.998021 0.02313309 0.0584737 0.9783913 -0.04178106 0.2024963 0.9819363 -0.09680503 0.1625726 0.9592867 -0.1677958 0.2271866 0.9367101 -0.1702027 0.3059498 0.9144963 -0.3059206 0.2647812 0.9286472 -0.3032723 0.2136365 0.8834007 -0.4466139 0.1419129 0.8048613 -0.5817024 0.1175612 0.7065731 -0.7018426 0.09039688 0.5910681 -0.8043067 0.06106919 0.3500263 -0.9366689 0.0115363 0.3472406 -0.9376839 0.01315349 0.3040336 -0.9526613 2.13635e-4 0.3202314 -0.9471746 -0.01767021 0.3090949 -0.9507536 -0.02298069 0.2411945 -0.9703937 -0.01269602 0.2267234 -0.973791 -0.01809757 0.2203769 -0.975353 -0.01098674 0.2035932 -0.9789627 0.01348942 0.2562369 -0.9642453 0.06762993 0.2663993 -0.9601241 0.08481198 0.2677465 -0.9594073 0.08859777 0.2679003 -0.9605408 0.07477277 0.2009373 -0.9698037 0.1382207 0.1706311 -0.9698905 0.1737746 0.2578237 -0.9614371 0.09573781 0.2726249 -0.9578036 0.09103769 0.308306 -0.9269322 0.2138792 0.3066576 -0.9364227 0.1705111 0.3082122 -0.9346468 0.1773158 0.1325755 -0.9701147 0.2032275 0.2001139 -0.9069063 0.3707768 0.2809897 -0.8604869 0.4249789 0.3091034 -0.8431369 0.4399718 0.3472483 -0.8140405 0.4655715 0.4351458 -0.7209906 0.539278 0.5461758 -0.6655678 0.5086368 0.9992409 -0.03872811 0.004242062 0.9994961 0.0238353 0.02096652 0.9918074 0.1136528 0.05832183 0.9839284 0.1138659 0.1375485 0.9745912 0.02288919 0.2228186 0.9689446 -0.04452705 0.2432356 0.9453417 -0.04208636 0.3233541 0.9071629 -0.300648 0.2943915 0.883633 -0.3787173 0.275256 0.9394944 -0.3014964 0.1626353 0.4633082 -0.88566 0.03085464 0.3541404 -0.935127 0.01104778 0.3621755 -0.9320974 -0.004822075 0.3366543 -0.9416006 0.007232964 0.4260773 -0.901687 -0.07361209 0.3107737 -0.9502356 -0.0217294 0.2437856 -0.9697101 -0.0151984 0.2777528 -0.9587827 -0.05990862 0.2781817 -0.9584528 -0.06311351 0.2253551 -0.9741786 -0.01382523 0.2032886 -0.9778668 0.04950219 0.2519311 -0.9653038 0.06869739 0.263681 -0.9607876 0.08578783 0.2716841 -0.9585852 0.0854544 0.255566 -0.962813 0.08762001 0.2418327 -0.9669951 0.08023446 0.2389672 -0.9675275 0.08237195 0.1024512 -0.9646035 0.2429896 0.1596163 -0.9288268 0.3343703 0.2145492 -0.8863965 0.4102071 0.2516623 -0.8738292 0.4160394 0.3879964 -0.7502647 0.5353147 0.43535 -0.7209445 0.5391748 0.4412806 -0.7040529 0.5564 0.6723164 -0.6125591 0.4156466 0.7604379 -0.5704887 0.310285 0.8524531 -0.4893091 0.1841203 0.9151255 -0.3917781 0.09515959 0.9608039 -0.2762288 0.02353024 0.9879523 -0.1531735 -0.02209556 0.9987963 -0.03567671 -0.03366243 0.9996805 0.02517813 -0.002227842 0.9687081 0.1135922 0.2206839 0.9698183 -0.04660326 0.2393339 0.9594607 -0.0413534 0.2787923 0.9716941 -0.153541 0.1795432 0.9255807 -0.2214459 0.3070213 0.8839364 -0.3778315 0.2754995 0.9598003 -0.1538171 0.2347847 0.9717102 -0.1546422 0.1785085 0.9473861 -0.3002202 0.1110299 0.89037 -0.4448187 0.09683769 0.8109923 -0.5795331 0.08020496 0.7119451 -0.6995239 0.06164819 0.5957314 -0.8021011 0.04168897 0.3547524 -0.9349179 0.00891149 0.3622634 -0.9320576 -0.005829155 0.3564649 -0.9342554 -0.009979784 0.3475829 -0.9376409 0.003967463 0.3228631 -0.9462797 -0.01773166 0.4726266 -0.8722198 -0.1259239 0.3041591 -0.9523359 -0.02331697 0.25389 -0.9670953 -0.01632779 0.2832199 -0.956966 -0.06326669 0.2807152 -0.9578131 -0.06158763 0.2738432 -0.9596873 -0.06332606 0.2749767 -0.9592447 -0.06509715 0.2537036 -0.9650685 -0.06540197 0.1887585 -0.9819717 0.01010167 0.2511742 -0.9650827 0.07434511 0.2620391 -0.9608713 0.0897879 0.2630409 -0.9611567 0.08359074 0.1840635 -0.9785489 0.09253531 0.1566859 -0.978936 0.1308971 0.1243048 -0.9784466 0.1648954 0.2563891 -0.9623516 0.09024429 0.2455856 -0.9661369 0.07916599 0.08655172 -0.98268 0.1638563 0.1199402 -0.9389519 0.3224652 0.1746007 -0.9031564 0.392203 0.258774 -0.8500568 0.4587371 0.2900868 -0.8336372 0.4699987 0.334832 -0.7998002 0.4982042 0.3582674 -0.7794048 0.5139774 0.4436988 -0.6865766 0.5759723 0.6224771 -0.605844 0.4954547 0.8196302 -0.5167247 0.2473906 0.9943653 0.1055952 -0.009338736 0.9550914 0.264508 0.133551 0.9402853 0.2645068 0.2142422 0.9646397 0.02279758 0.2625842 0.953488 0.0237441 0.3004943 0.9435784 -0.03350955 0.3294498 0.9372526 -0.1920284 0.2910031 0.9439566 -0.1543962 0.2917323 0.9805803 -0.1522905 0.123572 0.4672763 -0.8838606 0.02105808 0.3585078 -0.9334877 0.008545339 0.3640069 -0.9313963 9.15587e-5 0.3653445 -0.9308642 -0.003906428 0.464471 -0.885147 -0.02795553 0.3602782 -0.9328169 -0.007233023 0.3588783 -0.9333461 -0.008453845 0.4594644 -0.8874027 -0.0375384 0.3356193 -0.941852 0.01657187 0.3573147 -0.9339683 -0.005432307 0.3365381 -0.9414948 -0.01815903 0.5484944 -0.822528 -0.1503385 0.3837134 -0.9197768 -0.0823093 0.3000957 -0.9536044 -0.02411019 0.273204 -0.9615854 -0.02670389 0.4066039 -0.9111431 0.06701958 0.2809262 -0.9578958 -0.05929815 0.3461759 -0.9268591 -0.1452394 0.2200093 -0.9753779 -0.01528984 0.1753305 -0.9843533 0.01754826 0.2462581 -0.966538 0.07184177 0.2562051 -0.9627453 0.08649021 0.1677032 -0.9847034 0.04727429 0.06271708 -0.9852837 0.1590053 0.07391762 -0.9687726 0.2366768 0.187021 -0.8792554 0.4381018 0.2245581 -0.8653635 0.4480175 0.3243581 -0.8163888 0.4778087 0.3799993 -0.7304558 0.5674812 0.3944852 -0.7102016 0.583091 0.4456458 -0.6847051 0.5766965 0.5522434 -0.6329664 0.5425688 0.6840041 -0.5768195 0.4465621 0.7712473 -0.5461692 0.3269202 0.8295472 -0.49301 0.2622835 0.8626914 -0.466092 0.1962701 0.9159408 -0.3887224 0.09973657 0.9602967 -0.2786038 0.01449626 0.9871283 -0.1527462 -0.04739558 0.9974398 -0.03039652 -0.06472992 0.999464 -0.008484244 -0.03161758 0.9843102 0.1755473 -0.01779276 0.9626711 0.2646941 0.0565828 0.9201626 0.2642377 0.288928 0.947842 0.1140816 0.2976255 0.9357737 0.01351988 0.3523419 0.9411128 -0.03982722 0.3357389 0.9640872 -0.03689712 0.2630105 0.9763225 -0.03729379 0.2130813 0.9890804 -0.04104763 0.1415457 0.9860283 -0.1525018 0.06701904 0.9523013 -0.2993967 0.05902475 0.8946997 -0.4436876 0.05151629 0.8148063 -0.578159 0.04269659 0.7153082 -0.6980343 0.03289961 0.598571 -0.80076 0.0222789 0.3603688 -0.932784 0.006958305 0.3654635 -0.9308257 3.05189e-5 0.36532 -0.9308795 -0.002197384 0.4678915 -0.8835949 -0.01837259 0.3512167 -0.9362727 -0.006348013 0.3419964 -0.9395288 -0.0180062 0.4378938 -0.8964493 -0.06802797 0.5439727 -0.8203844 -0.1762478 0.4568478 -0.8784455 -0.1400849 0.2917977 -0.9561174 -0.02633839 0.2778152 -0.9601914 -0.02917623 0.3177958 -0.945422 -0.07199466 0.2941128 -0.9527764 -0.07559585 0.2823017 -0.9565604 -0.07278805 0.2127804 -0.9769222 -0.01864725 0.168617 -0.9854561 0.02108854 0.1424313 -0.9859108 0.08771109 0.1106008 -0.9862824 0.1225337 0.1643467 -0.9863245 0.01242136 0.05090534 -0.9953713 0.08151572 0.08469116 -0.9459775 0.3129758 0.137732 -0.9140429 0.3815175 0.1420685 -0.8920562 0.4290134 0.2340807 -0.8425993 0.4850081 0.2692083 -0.8253564 0.4963003 0.301132 -0.8068947 0.5081737 0.3515502 -0.7685334 0.5345736 0.3701117 -0.7495318 0.5488346 0.6317214 -0.5690345 0.5264294 0.6932496 -0.5437958 0.4729601 0.7399358 -0.5464446 0.3922926 0.8707673 -0.4467977 0.2052706 0.8976262 -0.4168902 0.1430733 0.9469121 -0.3185875 0.0431233 0.9787137 -0.2021273 -0.03555458 0.9936004 -0.07184123 -0.08716166 0.9814724 -0.128395 -0.1422203 0.9985811 0.03115987 -0.04318434 0.9922113 0.1048641 -0.06723386 0.895653 0.4267528 0.1252516 0.8817514 0.4268065 0.2008752 0.8629021 0.4265984 0.2709501 0.9507049 0.04785412 0.3063827 0.949586 -0.03582996 0.3114523 0.9571712 -0.03073275 0.2878869 0.9713417 -0.03564667 0.2349995 0.9713574 -0.03564614 0.2349349 0.9804291 -0.0312516 0.1943767 0.9869155 -0.04757869 0.1540586 0.9896649 -0.03775179 0.1383419 0.9956196 -0.03204488 0.08783352 0.4696866 -0.8827607 0.01132249 0.36382 -0.9314475 0.006378471 0.4698693 -0.8826987 -0.008118033 0.3636902 -0.9315195 -0.001037597 0.5927433 -0.8034781 -0.05548381 0.3502072 -0.9366325 -0.008636891 0.3449844 -0.9384834 -0.01532042 0.5588348 -0.8186132 -0.1325749 0.6393765 -0.7283399 -0.2464117 0.4394404 -0.8848931 -0.1544557 0.3683414 -0.9252942 -0.09030759 0.2871801 -0.9574907 -0.02719205 0.3556374 -0.9298821 -0.09402889 0.3300994 -0.9399105 -0.08719432 0.3142896 -0.9459819 -0.0796253 0.2897211 -0.952939 -0.08926934 0.2380831 -0.9685387 -0.07245343 0.1706016 -0.9853388 0.001648008 0.07281804 -0.994031 0.0812413 0.1653855 -0.9861176 0.01483249 0.1583027 -0.9873247 0.01141411 0.1284534 -0.9906386 0.04620534 0.02487319 -0.9966688 0.07767158 0.02993929 -0.986868 0.1587302 0.03378498 -0.9724101 0.2308184 0.1515287 -0.8719083 0.4656342 0.1953809 -0.8582786 0.4745359 0.3363162 -0.7876574 0.516224 0.395316 -0.6938859 0.6018703 0.4001972 -0.6730687 0.6219491 0.4888586 -0.6541514 0.5771511 0.5652248 -0.5902205 0.576334 0.7498873 -0.5145232 0.4158546 0.7924336 -0.5087567 0.3364753 0.838782 -0.4690148 0.2765319 0.8791771 -0.4254122 0.2146441 0.9055008 -0.3979076 0.1474376 0.9283821 -0.3605186 0.09018307 0.9515941 -0.3052548 0.03589075 0.9670086 -0.2546848 -0.005493462 0.9795339 -0.1936728 -0.05481189 0.9880416 -0.1330003 -0.07800567 0.9904786 -0.07193434 -0.1173778 0.9954813 -0.02710115 -0.09100878 0.9979902 0.02841281 -0.05664259 0.9727429 0.20921 -0.1000118 0.9826641 0.1849781 -0.01242136 0.9029424 0.426476 0.05304241 0.877329 0.3521584 0.3260037 0.9243595 0.1825646 0.3350071 0.8891821 0.04843425 0.4549829 0.9432874 0.003662288 0.3319573 0.9695364 0.008636951 0.2447951 0.9819766 -0.03027474 0.1865621 0.991154 0.007904291 0.1324814 0.993511 -0.04171925 0.1058089 0.9971824 -0.03717225 0.06515836 0.988511 -0.1510081 0.006531059 0.9542182 -0.2990286 0.007049918 0.8964031 -0.4431964 0.006195306 0.8162983 -0.5776073 0.005188226 0.716589 -0.6974841 0.004028499 0.5997046 -0.8002166 0.002807736 0.3640924 -0.9313502 0.004852473 0.469848 -0.8827466 0.001190245 0.5967758 -0.8015913 -0.03619593 0.5869688 -0.8061551 -0.07471007 0.454487 -0.889503 -0.04718214 0.3463941 -0.9380414 -0.009460985 0.3451372 -0.9384536 -0.01361137 0.447343 -0.8924887 -0.05786341 0.6537764 -0.7227796 -0.2239784 0.5684513 -0.7892275 -0.2323429 0.51354 -0.837314 -0.1875686 0.4948679 -0.8441595 -0.2061568 0.294209 -0.9494648 -0.1093517 0.2840452 -0.9479975 -0.1435943 0.2067695 -0.9782409 -0.01706033 0.1705996 -0.9851135 -0.02114945 0.169959 -0.9854508 -7.93488e-4 0.09885102 -0.9919287 0.07941043 0.1686161 -0.985634 0.009704947 0.1175913 -0.9929186 -0.01687723 0.1547604 -0.9878907 0.0110172 0.1265308 -0.99186 0.01428276 0.05221748 -0.9984501 0.0192573 0.02966421 -0.9993686 0.01956254 0.04446673 -0.9496111 0.3102602 0.092839 -0.918044 0.3854558 0.09912717 -0.8866209 0.4517491 0.2033528 -0.8357825 0.510015 0.2431479 -0.8181942 0.5209965 0.2790932 -0.7989175 0.5327643 0.3115081 -0.7783278 0.5451316 0.36184 -0.7357048 0.5725471 0.3798074 -0.714691 0.5873357 0.4385377 -0.6752792 0.5930285 0.6395314 -0.5324699 0.5545048 0.7020402 -0.5091264 0.4979258 0.7592235 -0.4814081 0.4379795 0.8015562 -0.4811046 0.3550298 0.9127979 -0.3791397 0.1518328 0.9338415 -0.3464788 0.08883988 0.9689316 -0.2466276 -0.01861685 0.9861039 -0.1301031 -0.1033073 0.9922384 -0.01873874 -0.1229311 0.9950672 -0.01858597 -0.09744668 0.9676204 0.2007572 -0.1529942 0.9657052 0.2595316 -0.00753808 0.9380105 0.3463025 -0.01452714 0.809455 0.576168 0.1131949 0.7969897 0.5760581 0.1815613 0.779942 0.5759534 0.244884 0.8507447 0.4226867 0.3123609 0.9098219 0.2513905 0.3301923 0.9490376 0.1175272 0.2924294 0.9597756 0.05597263 0.2751328 0.933363 0 0.3589341 0.9997311 0.007599115 0.02191239 0.9987177 -0.03845447 0.03293043 0.3664417 -0.9304331 0.003845393 0.3686361 -0.9295709 0.002349913 0.5991003 -0.8004993 -0.0167247 0.7084432 -0.700966 -0.0821883 0.7017381 -0.7037829 -0.1106947 0.5794007 -0.8096045 -0.09399807 0.3468501 -0.9378533 -0.011231 0.5700389 -0.8137658 -0.113318 0.6690096 -0.7169551 -0.1959632 0.7166827 -0.6220731 -0.3152635 0.6165089 -0.736661 -0.2779341 0.4783661 -0.8505847 -0.2183381 0.4248266 -0.8906403 -0.1621177 0.3475497 -0.9307668 -0.1134999 0.3007392 -0.9466847 -0.1155163 0.2951865 -0.9464768 -0.1305632 0.2598392 -0.9537813 -0.1509472 0.2006299 -0.979467 -0.01980662 0.1790531 -0.9836173 -0.02090525 0.1606808 -0.9867908 -0.02063059 0.1715782 -0.985156 0.005340814 0.07364255 -0.9971505 0.01635819 0.1495141 -0.9886734 0.01306223 0.1376119 -0.9902624 0.02105832 0.1157584 -0.9932087 0.0116887 -0.03302121 -0.995855 0.08475035 0.04077386 -0.9989915 0.0187999 0.0405603 -0.9989927 0.01919668 0.009949088 -0.9997057 0.02212613 0.007721304 -0.9952882 0.09665387 0.0124517 -0.974106 0.2257491 0.01413053 -0.9587427 0.2839239 0.1053515 -0.8635035 0.4932169 0.1579985 -0.8510615 0.5007303 0.3474919 -0.7570294 0.5533136 0.4031037 -0.6550435 0.6390817 0.4056058 -0.6314206 0.6609025 0.4286096 -0.6549084 0.6224057 0.4941979 -0.606814 0.6225314 0.5718778 -0.5512771 0.6074943 0.8096805 -0.4518707 0.3744734 0.8477231 -0.4436531 0.2907534 0.8870778 -0.4034363 0.2243483 0.9196985 -0.3603106 0.155984 0.9397227 -0.3303419 0.08829259 0.9557933 -0.2925549 0.0295118 0.9711704 -0.2364599 -0.03024417 0.9797536 -0.1864715 -0.07287949 0.9840273 -0.1252503 -0.1265016 0.9861991 -0.06698971 -0.151406 0.9884434 -0.02252286 -0.1499084 0.9949312 -0.01541227 -0.09937101 0.9968004 0.03485226 -0.07193243 0.9891231 0.1014759 -0.106481 0.9337213 0.2980766 -0.1982803 0.9244815 0.3714772 -0.08566683 0.9383875 0.3452575 -0.01504564 0.9054951 0.4239987 -0.01742625 0.8160512 0.5759876 0.04794555 0.8088514 0.5066804 0.2983866 0.8523944 0.4204596 0.3108661 0.8708285 0.3617109 0.332901 0.9162392 0.2481493 0.314528 0.9489127 0.112617 0.2947574 0.9993183 -0.03448659 0.01318424 0.9876923 -0.1490557 -0.04739624 0.9531385 -0.2992081 -0.04474079 0.8954674 -0.4434152 -0.03900367 0.8155037 -0.5778506 -0.03228926 0.7158958 -0.6977672 -0.02478182 0.3345094 -0.9423924 1.62286e-4 0.7131669 -0.6989451 -0.05356073 0.6929341 -0.7074306 -0.1392277 0.7337273 -0.6180877 -0.2821559 0.662304 -0.678052 -0.3187458 0.5946702 -0.7439406 -0.3048276 0.5468747 -0.7969495 -0.2565144 0.5258521 -0.8062964 -0.2708611 0.3655275 -0.9213722 -0.1321477 0.3412073 -0.9218092 -0.1839712 0.3024415 -0.9252698 -0.2289217 0.2167484 -0.9732318 -0.07642042 0.1872628 -0.9820926 -0.02066117 0.1947751 -0.9776601 -0.07901483 0.1558325 -0.9875499 -0.02148568 0.1159426 -0.9931879 0.01162779 0.09671509 -0.9951675 0.0169686 0.07538121 -0.9969246 -0.02142411 0.03292953 -0.9992101 -0.02224802 9.15583e-5 -0.9988704 0.04751873 -0.001831114 -0.9896931 0.143194 0.03570747 -0.9778671 0.2061575 0.009766042 -0.9449279 0.3271327 0.0545687 -0.9227851 0.3814316 0.05600214 -0.8894118 0.4536632 0.1641639 -0.8287853 0.5349443 0.2109512 -0.8117594 0.5445606 0.2517563 -0.7921978 0.5559149 0.2884036 -0.7707853 0.5680788 0.3211572 -0.7480035 0.5808174 0.3772471 -0.7046565 0.6009525 0.3964748 -0.6798151 0.616976 0.4265049 -0.6544218 0.6243605 0.4397869 -0.6370348 0.6330673 0.6109395 -0.5131855 0.6028213 0.6912329 -0.4910564 0.5301517 0.7311778 -0.4680417 0.4963024 0.7971438 -0.4398803 0.4136028 0.8559089 -0.418112 0.3043062 0.9451942 -0.3145662 0.08749985 0.9599733 -0.2790652 0.02395737 0.9797916 -0.1788125 -0.08963513 0.9821364 -0.06955307 -0.1748441 0.9838857 -0.02020382 -0.1776536 0.9903084 -0.05160748 -0.1289424 0.9908224 0.01150554 -0.1346793 0.9962882 0.0361343 -0.07812827 0.9553349 0.2103977 -0.2075289 0.9433537 0.3042171 -0.1324235 0.9140254 0.3967826 -0.08438611 0.8636609 0.5036877 -0.0197153 0.6989891 0.7084196 0.09775406 0.688277 0.7082979 0.1568095 0.6735419 0.708243 0.2115023 0.768637 0.5734944 0.2833748 0.8251292 0.4526064 0.3380966 0.8508483 0.4227232 0.3120296 0.9173416 0.2475399 0.3117826 0.9146041 0.2472678 0.3199344 0.8718551 0.1331573 0.4713151 0.9993193 -0.03445607 0.01318424 0.9988157 -0.03167837 -0.03692758 0.8069658 -0.5808469 -0.1068792 0.7992268 -0.5835198 -0.1440183 0.7891337 -0.5869444 -0.1810091 0.6820437 -0.7118304 -0.1676726 0.7617298 -0.5974447 -0.2506546 0.7825479 -0.5346999 -0.3189277 0.7013949 -0.6150863 -0.3601585 0.6378716 -0.6856334 -0.3507516 0.4961428 -0.8240664 -0.2734172 0.4567193 -0.8624717 -0.2180594 0.3987327 -0.9022377 -0.1642541 0.3816145 -0.9124078 -0.1479275 0.3140141 -0.9405164 -0.1297074 0.3364436 -0.9272952 -0.1641017 0.3507913 -0.9149751 -0.1994145 0.328481 -0.9192464 -0.2169934 0.2736026 -0.9315916 -0.2393298 0.2347505 -0.9591447 -0.1579042 0.1727082 -0.9815891 -0.08157777 0.1377928 -0.9904608 8.24011e-4 0.1232659 -0.9922313 -0.0168159 0.08890062 -0.9960049 0.008423089 0.1097759 -0.9938425 0.0150457 0.08658194 -0.9954025 0.04095625 0.04410058 -0.9948424 0.09134471 0.06530988 -0.9976238 -0.02194285 0.04358118 -0.9987974 -0.02246201 0.02188241 -0.9995116 -0.02230966 0.004089474 -0.9996995 0.02417075 0.01385569 -0.9370022 0.3490487 0.02484256 -0.9187477 0.3940629 0.06137329 -0.8501011 0.5230312 0.1095343 -0.8410855 0.5296955 0.3562806 -0.7263558 0.5877683 0.4186878 -0.6201426 0.6634182 0.4298636 -0.5957968 0.6784124 0.4460332 -0.6144058 0.6508148 0.4996894 -0.5651223 0.656466 0.5692211 -0.5202676 0.6366389 0.6531119 -0.5026215 0.5664067 0.7287428 -0.477751 0.4905997 0.7316332 -0.474266 0.4896781 0.7632567 -0.4571178 0.4565989 0.7977178 -0.4388699 0.4135693 0.8269184 -0.4226303 0.3709307 0.8950703 -0.3797518 0.2337474 0.9272607 -0.3376019 0.1619036 0.9636915 -0.2663984 0.01818919 0.9733483 -0.2256893 -0.04071259 0.9796966 -0.1707243 -0.1051081 0.9816353 -0.1201217 -0.148199 0.9774765 -0.06149661 -0.2018861 0.9772312 -0.02102786 -0.2111332 0.9914843 0.01290971 -0.1295854 0.9935069 0.04055935 -0.1062967 0.9748645 0.1448121 -0.1693187 0.9280526 0.2818431 -0.2434806 0.8889667 0.3904031 -0.239424 0.8659226 0.4908106 -0.09634923 0.8654657 0.5006992 -0.01641935 0.7046666 0.7083289 0.04141503 0.7163132 0.6451122 0.2659432 0.7694517 0.5733655 0.2814182 0.7959941 0.5081703 0.3288717 0.8891494 0.1695652 0.4250423 0.9989721 -0.04028481 -0.0207833 0.9967796 -0.03985774 -0.06958317 0.9827691 -0.1515567 -0.1058089 0.9491062 -0.2998479 -0.09637856 0.8919244 -0.4442989 -0.08408045 0.8123862 -0.5789461 -0.06964439 0.7766211 -0.5911257 -0.2177847 0.7606555 -0.5404915 -0.3595443 0.6765213 -0.6219833 -0.3942788 0.6181007 -0.6911936 -0.3744372 0.575963 -0.7505952 -0.3238418 0.4951761 -0.820146 -0.2866376 0.4869723 -0.8369417 -0.2497732 0.45364 -0.8590899 -0.2370134 0.4452759 -0.8722097 -0.2024342 0.416247 -0.8897781 -0.1871723 0.325641 -0.9327312 -0.1548244 0.3342414 -0.9276787 -0.1664187 0.4149952 -0.8803465 -0.2297153 0.3425186 -0.8886014 -0.3050714 0.310135 -0.8956132 -0.318894 0.2085359 -0.9641544 -0.1640698 0.1396265 -0.9902037 -0.001037657 0.1388632 -0.9901098 -0.01999014 0.1335204 -0.9908288 -0.02075284 0.1492387 -0.985372 -0.08227962 0.1036425 -0.9944307 0.01913535 0.1004679 -0.994699 0.02191245 0.09805619 -0.9948754 0.02465897 0.08386743 -0.9962466 -0.02142465 0.07647961 -0.9930754 -0.08917534 0.05478197 -0.9982532 -0.02212643 0.05438524 -0.9982836 -0.02172964 0.05142515 -0.994566 -0.0905205 0.02310287 -0.9953474 -0.09354078 0.01110899 -0.9996922 -0.02218753 0.01086461 -0.9996989 -0.02200388 0.05441564 -0.9217698 0.3839004 0.01593089 -0.9003402 0.4348953 0.01715159 -0.8674066 0.4973046 0.1136527 -0.8216627 0.558528 0.1706328 -0.805646 0.567291 0.2203504 -0.7868829 0.5764208 0.2599298 -0.7652015 0.5889851 0.297047 -0.7414119 0.6017238 0.3305844 -0.7162561 0.614566 0.3580849 -0.6909914 0.6279381 0.3802098 -0.6659623 0.6418215 0.4064936 -0.6430222 0.6490651 0.4273904 -0.5709525 0.7009642 0.4200615 -0.607905 0.6737952 0.4459848 -0.6144538 0.6508027 0.4424468 -0.593795 0.6720479 0.5212084 -0.5296012 0.6692269 0.5702219 -0.5228254 0.6336408 0.6236979 -0.5134002 0.5894244 0.6842983 -0.4952938 0.5351822 0.7418289 -0.478235 0.4700864 0.7898642 -0.4556803 0.4104511 0.835864 -0.4254702 0.3468524 0.8560946 -0.4022128 0.3245413 0.8804987 -0.3827366 0.279705 0.9517437 -0.2933818 0.09006237 0.9754432 -0.2141202 -0.05160731 0.9790246 -0.1147215 -0.1683743 0.9863232 -0.02502578 -0.1629121 0.9856621 0.06637811 -0.1551265 0.9927282 0.02230948 -0.1182923 0.9934489 0.03024411 -0.1102035 0.9899195 0.07144534 -0.1222903 0.961807 0.1891263 -0.1978853 0.8911296 0.3498719 -0.2889251 0.9019958 0.4010227 -0.1599513 0.8505609 0.4915674 -0.1868365 0.8104736 0.5749552 -0.1120673 0.8187527 0.5738716 -0.01776176 0.7650194 0.6437674 -0.01757889 0.567936 0.819233 0.0794115 0.5591073 0.8192509 0.1273861 0.547176 0.8191922 0.1718222 0.6655382 0.7042674 0.2471162 0.7421548 0.5978012 0.3030511 0.9958577 0.007934868 -0.09057968 0.9949572 -0.04068207 -0.09167975 0.8857444 -0.4458783 -0.129033 0.8769159 -0.4481174 -0.1738083 0.8654201 -0.451006 -0.21827 0.8512268 -0.4545003 -0.2623784 0.8366929 -0.4577929 -0.3006173 0.8146535 -0.4633755 -0.3487448 0.7367916 -0.5465663 -0.3979994 0.710488 -0.5529476 -0.4352654 0.6543719 -0.628125 -0.4210186 0.5192805 -0.7991701 -0.3027788 0.4812291 -0.8190172 -0.3124571 0.3656197 -0.9039475 -0.2218133 0.3714178 -0.8813619 -0.2919765 0.2761393 -0.9021834 -0.3313794 0.2433916 -0.9374929 -0.2487325 0.1811593 -0.968726 -0.1695621 0.1334298 -0.9910489 -0.004303157 0.1384967 -0.9899249 -0.02945113 0.1175296 -0.9928215 -0.02218747 0.1007749 -0.9910246 -0.08783471 0.002960324 -0.9210293 0.389482 3.35714e-4 -0.8995613 0.4367946 0.009491384 -0.8827008 0.4698398 0.01828122 -0.8535103 0.5207554 0.08743798 -0.8357424 0.5421156 0.07742792 -0.785816 0.6135945 0.4077075 -0.6125227 0.6771932 0.4255232 -0.6049125 0.673061 0.4348719 -0.5717518 0.6956913 0.4458217 -0.5744287 0.6864945 0.478916 -0.5315626 0.6986278 0.8765946 -0.3924426 0.2785155 0.8561302 -0.4021847 0.3244823 0.9031901 -0.3605863 0.2328628 0.9224485 -0.3381243 0.1864429 0.9401409 -0.3118746 0.1373664 0.9682521 -0.2493418 0.01779264 0.9795177 -0.1628816 -0.1183844 0.9758266 -0.1106632 -0.1884571 0.9719593 -0.06271588 -0.2266318 0.9727134 -0.01132267 -0.2317336 0.9686492 0.07004153 -0.238355 0.9838343 0.09640884 -0.1509154 0.9295327 0.2768119 -0.2436067 0.8283478 0.485619 -0.2793102 0.7845066 0.5839928 -0.208571 0.706211 0.7078284 -0.01565623 0.5726258 0.8191269 0.0336318 0.5946789 0.7730979 0.2206279 0.6616261 0.7086867 0.2449777 0.7004694 0.6548437 0.2837646 0.9948369 -0.03640949 -0.0947318 0.9749102 -0.1530545 -0.1616305 0.9421056 -0.3009525 -0.1478668 0.7920904 -0.4684973 -0.3912842 0.6866294 -0.5578368 -0.466217 0.6117903 -0.6713335 -0.4183588 0.5810918 -0.726731 -0.3663259 0.5381809 -0.7771486 -0.3261924 0.5398533 -0.7453998 -0.3910724 0.376179 -0.8944553 -0.2417421 0.3796674 -0.8439968 -0.3788433 0.3440164 -0.8514344 -0.3958691 0.3064422 -0.8584409 -0.4113057 0.211714 -0.9429013 -0.2571271 0.1264085 -0.9881658 -0.08688676 0.1020542 -0.9947239 0.01046788 0.08612388 -0.9962541 -0.00778228 0.09293061 -0.9789001 -0.1819854 0.02798616 -0.9827214 -0.1829632 0.01321458 -0.9942695 -0.106083 -0.006866753 -0.8631103 0.5049689 0.009277701 -0.844515 0.5354516 0.07458889 -0.8382706 0.5401287 0.1109369 -0.8064673 0.5807785 0.1655987 -0.7950936 0.583441 0.2021248 -0.7908595 0.5776565 0.2525447 -0.7706047 0.5851408 0.2930197 -0.7359827 0.6103025 0.3178923 -0.7320129 0.6025792 0.3548194 -0.6949894 0.6253744 0.3651323 -0.6582088 0.6583614 0.3925717 -0.6568396 0.6437773 0.4113397 -0.6226556 0.6656574 0.4290726 -0.6058105 0.6699929 0.4341339 -0.5851728 0.6849092 0.4283056 -0.5626813 0.7070673 0.4584906 -0.546447 0.7008439 0.4818646 -0.5337164 0.6949484 0.5529865 -0.52735 0.6450644 0.669384 -0.5032054 0.5465431 0.7240921 -0.4808562 0.4944371 0.7747396 -0.4594722 0.4343547 0.8203921 -0.4349015 0.371238 0.9105962 -0.3574693 0.2074378 0.9032086 -0.3605815 0.2327986 0.938966 -0.314535 0.1393219 0.9389491 -0.3145598 0.1393805 0.9521881 -0.2902953 0.09521877 0.9641365 -0.2612456 0.04681664 0.9775155 -0.200966 -0.06384521 0.9767804 -0.1569013 -0.1458837 0.9661435 -0.05563628 -0.2519353 0.9621185 -0.01477128 -0.2722315 0.9687435 -0.02270632 -0.2470232 0.9592965 0.1191758 -0.256022 0.9769356 0.1132856 -0.1810067 0.958379 0.1867134 -0.2159809 0.9354372 0.2557185 -0.2440602 0.8866487 0.3637603 -0.2855392 0.7962284 0.50446 -0.333977 0.7430178 0.6579306 -0.1226867 0.740516 0.6688876 -0.06500571 0.6434345 0.7652973 -0.01767057 0.4200646 0.9055926 0.05871868 0.4134748 0.9056283 0.09421288 0.4049 0.9054781 0.1271435 0.5341832 0.8227759 0.1941347 0.5866917 0.7793258 0.2201009 0.9915929 -0.03647017 -0.1241512 0.985778 -0.0355246 -0.1642556 0.9321218 -0.3025382 -0.1990472 0.9191521 -0.3046139 -0.24974 0.9035984 -0.309043 -0.296652 0.8809761 -0.327108 -0.3418795 0.8420056 -0.3896133 -0.3731328 0.7668333 -0.4740596 -0.4327057 0.7389431 -0.4799529 -0.4728723 0.7121627 -0.4843072 -0.5082037 0.6320685 -0.6363108 -0.4422648 0.6097247 -0.6710696 -0.4217838 0.596747 -0.6979495 -0.3959289 0.5627436 -0.7503147 -0.3469118 0.4802163 -0.7786311 -0.4038884 0.3924135 -0.8817554 -0.2617616 0.4120682 -0.8366492 -0.3608573 0.2668916 -0.8648571 -0.4251955 0.2403977 -0.9082132 -0.3425751 0.1784768 -0.9477152 -0.2645411 0.1525664 -0.9727751 -0.1744488 0.1133787 -0.9933075 -0.02203482 0.0885654 -0.9959185 -0.01739567 0.1230225 -0.9761843 -0.1786894 0.06250363 -0.9808622 -0.1843981 0.005157709 -0.9864352 -0.1640701 0.0147407 -0.9857689 -0.1674586 -0.005188167 -0.8347197 0.5506507 0.05905503 -0.8379099 0.5426043 0.09787631 -0.8765835 0.4711918 0.1491464 -0.8331692 0.5325264 0.1290656 -0.8094602 0.5728145 0.1511921 -0.8144355 0.5602105 0.1853449 -0.7943922 0.5784361 0.2205007 -0.7812899 0.5839226 0.232131 -0.7654281 0.6001957 0.2752555 -0.7538625 0.5965954 0.2871896 -0.7457773 0.6011143 0.3185629 -0.7322248 0.6019674 0.3293625 -0.7097531 0.6227125 0.3430653 -0.7021226 0.6239632 0.3714522 -0.6834221 0.6284566 0.3724886 -0.6725244 0.6395024 0.3931537 -0.6570262 0.6432314 0.4026699 -0.643344 0.6511263 0.4599775 -0.6266704 0.6290509 0.4838572 -0.5778575 0.6572389 0.4350214 -0.558777 0.7060629 0.4586429 -0.5425403 0.7037733 0.6063873 -0.5200483 0.6015348 0.8593124 -0.4100785 0.3056438 0.930672 -0.3314957 0.1547915 0.9617494 -0.2731157 0.02111923 0.9634875 -0.2644784 0.04175007 0.9645307 -0.259841 0.04651135 0.9720172 -0.2349089 -7.0195e-4 0.9778908 -0.1820765 -0.1028491 0.9774612 -0.152137 -0.1463689 0.9736422 -0.121587 -0.1929705 0.9684641 -0.07996016 -0.235974 0.9660809 -0.01886075 -0.2575504 0.9785591 -0.03476107 -0.2030119 0.9041674 0.329701 -0.2716225 0.8340027 0.4467729 -0.32378 0.8587278 0.3952278 -0.3261621 0.7639595 0.563295 -0.3147457 0.7412263 0.616127 -0.2664044 0.6915032 0.7018796 -0.1708462 0.6872059 0.7232187 -0.06857711 0.5745575 0.8182546 -0.01852524 0.4235448 0.9055337 0.02487307 0.4690818 0.8663212 0.1716101 0.5379307 0.8196836 0.1968486 0.9811435 -0.03839242 -0.1894291 0.9632388 -0.1561044 -0.2186377 0.8175599 -0.3941 -0.4198585 0.6649878 -0.5469387 -0.5085757 0.6552639 -0.5733788 -0.4917989 0.5895642 -0.6615278 -0.46346 0.495633 -0.7557182 -0.4280633 0.4497877 -0.8189445 -0.3563998 0.409141 -0.8686999 -0.2792206 0.4318153 -0.8403445 -0.3276535 0.4133777 -0.792147 -0.4490237 0.3746587 -0.7997967 -0.4689947 0.3338176 -0.8069853 -0.487176 0.2907858 -0.8136082 -0.5034733 0.2027989 -0.9135872 -0.3524643 0.1090452 -0.9938278 -0.02038681 0.0948832 -0.9952822 -0.0202645 0.1088909 -0.9549927 -0.27592 0.07324641 -0.9573311 -0.2795572 0.03540253 -0.9581574 -0.2840443 0.007690787 -0.9677612 -0.2517522 0.003173947 -0.831487 0.5555352 0.0518825 -0.8879241 0.4570547 0.2127198 -0.8134016 0.5414132 0.2225754 -0.7702398 0.5976546 0.2739405 -0.7881588 0.5511465 0.330706 -0.7558689 0.5650628 0.3818274 -0.716655 0.5836212 0.4245246 -0.6741732 0.6043753 0.4666425 -0.5388211 0.7013677 0.4885547 -0.5318617 0.6916919 0.5588098 -0.541017 0.628516 0.6486005 -0.5112323 0.5638784 0.7558671 -0.4777768 0.4476544 0.8016721 -0.4574792 0.3847526 0.8430083 -0.4320029 0.3204848 0.8753789 -0.4036149 0.2660959 0.8948548 -0.3814905 0.2317326 0.9469382 -0.3071109 0.09482198 0.9706888 -0.2343863 -0.05316418 0.9773117 -0.2058815 -0.04974603 0.9773195 -0.2058221 -0.049838 0.9706298 -0.1504592 -0.187723 0.9669345 -0.08923763 -0.2389029 0.967966 -0.08670401 -0.2356359 0.9630007 -0.05710124 -0.2633801 0.9585717 -0.0135504 -0.2845287 0.9608897 0.04019343 -0.2739993 0.9637603 0.03299105 -0.264722 0.948229 0.08053994 -0.3072054 0.9464303 0.1685879 -0.2754051 0.9174459 0.2484895 -0.3107187 0.8678736 0.3977868 -0.2975924 0.8076641 0.4679226 -0.3587855 0.7513431 0.5499188 -0.3647916 0.7179956 0.657537 -0.2283144 0.6731122 0.7290548 -0.1240931 0.6133229 0.7865219 -0.07223999 0.5003676 0.8656253 -0.01803702 0.2592577 0.9651286 0.03622585 0.2552298 0.9651309 0.05813854 0.2500151 0.9650549 0.07849597 0.3985757 0.9051574 0.1477416 0.5176382 0.8300949 0.2073482 0.9791158 0.007477164 -0.2031661 0.9811004 -0.03842365 -0.1896462 0.9759395 -0.03936958 -0.2144576 0.9482087 -0.1584874 -0.2752854 0.9331068 -0.1516214 -0.3260716 0.9009633 -0.2337786 -0.3655309 0.8621094 -0.3140132 -0.3976971 0.7910638 -0.3987364 -0.463926 0.7617229 -0.4037659 -0.5067064 0.6801592 -0.5079678 -0.528538 0.6602152 -0.5474784 -0.5141823 0.51239 -0.7303289 -0.451748 0.4483233 -0.7846115 -0.4282418 0.4351702 -0.8386007 -0.3276824 0.4180556 -0.8545144 -0.3082771 0.2454979 -0.8195065 -0.5178224 0.2252922 -0.8705887 -0.4374001 0.1637365 -0.9181457 -0.3608309 0.1440207 -0.9517757 -0.2708895 0.105779 -0.9941582 -0.02145487 0.09869885 -0.9948319 -0.02383542 0.01516807 -0.8209688 0.5707716 0.007507801 -0.8724981 0.4885599 0.1004984 -0.9186165 0.3821567 0.1584861 -0.8728792 0.4614806 0.5062237 -0.6653513 0.548676 0.5382115 -0.6152427 0.5760251 0.4447009 -0.5523436 0.7050941 0.5172381 -0.5488865 0.6566495 0.5316976 -0.5434779 0.6495611 0.5595696 -0.5334147 0.6343111 0.5945139 -0.531858 0.6030593 0.709262 -0.4940419 0.5028619 0.9243368 -0.3457832 0.1613553 0.9640609 -0.2650564 -0.01821976 0.974444 -0.1897372 -0.1202452 0.9569894 -0.08258485 -0.2781211 0.9528278 -0.05996942 -0.2975279 0.9489924 -0.04040729 -0.312699 0.9553058 -0.01370298 -0.2953018 0.9587146 0.02276694 -0.2834577 0.9232285 0.1520453 -0.3528905 0.8673894 0.3976972 -0.2991198 0.687736 0.6384158 -0.3456076 0.7028605 0.6510997 -0.2864546 0.656106 0.7318246 -0.1842761 0.5248922 0.8479639 -0.07379436 0.4260454 0.9045225 -0.0180062 0.2616115 0.9650512 0.01535117 0.2454656 0.9647716 0.09467041 0.3958992 0.906857 0.1444794 0.4526661 0.8727068 0.1829648 0.9699384 -0.03186225 -0.2412561 0.8371413 -0.3176437 -0.4453054 0.7318478 -0.407796 -0.5459865 0.6858019 -0.4786056 -0.5482814 0.631048 -0.5676594 -0.5287168 0.533419 -0.6859553 -0.4949035 0.5292602 -0.7052937 -0.4716404 0.4819552 -0.7253134 -0.4915687 0.4433805 -0.733586 -0.5150392 0.4018193 -0.7412568 -0.5376614 0.3580495 -0.748388 -0.5583154 0.3119046 -0.7550107 -0.5767794 0.2633501 -0.7609046 -0.5930185 0.1819248 -0.8754733 -0.4477164 0.1015068 -0.9945595 -0.02340817 0.1238477 -0.9217469 -0.367484 0.08331817 -0.9243745 -0.3722768 0.04052907 -0.926859 -0.3732156 0.009705007 -0.9446535 -0.3279263 0.01922726 -0.8202431 0.5716919 0.01883023 -0.8514833 0.5240437 0.01217716 -0.8742537 0.4853166 0.05554509 -0.9498524 0.3077262 0.3557323 -0.7953926 0.490719 0.4127981 -0.7569899 0.5065215 0.463403 -0.7132634 0.5258452 0.5669184 -0.5629204 0.6014353 0.6177442 -0.5310385 0.5799916 0.6819233 -0.47839 0.5532844 0.7930435 -0.439325 0.4219901 0.8175906 -0.427275 0.3859819 0.8479421 -0.4030655 0.3442857 0.8667712 -0.4114271 0.2818433 0.9179639 -0.3379113 0.2077458 0.9196387 -0.3344612 0.2059139 0.9512186 -0.3050382 0.04620587 0.914213 0.07730597 -0.3977918 0.9658765 -0.1142034 -0.2324659 0.9572876 -0.08975619 -0.2748535 0.9561051 -0.08514851 -0.2803798 0.9480915 -0.02658253 -0.3168851 0.8970208 0.1369091 -0.4202496 0.8908935 0.2302388 -0.3915342 0.8808699 0.3256377 -0.3435524 0.8240489 0.465662 -0.322649 0.7746914 0.5207437 -0.3587189 0.7590146 0.517485 -0.3951027 0.6717572 0.623659 -0.3997399 0.638798 0.7290739 -0.2457408 0.5918966 0.7952485 -0.1312952 0.4403016 0.8947642 -0.07437545 0.3461536 0.9378986 -0.02288967 0.1141111 0.9933373 0.01611411 0.1115157 0.9934476 0.02502536 0.1072746 0.9936407 0.03421187 0.1039483 0.9937653 0.0403158 0.3391622 0.9313 0.132851 0.9647408 -0.03689759 -0.260603 0.9389181 -0.04199415 -0.341569 0.9124237 -0.1516484 -0.380113 0.8771594 -0.2363731 -0.4179943 0.8093126 -0.3214605 -0.4916059 0.7786039 -0.3255475 -0.5364652 0.5728192 -0.6498503 -0.4995726 0.5288051 -0.7019097 -0.4771667 0.2127492 -0.7659399 -0.6066908 0.1983459 -0.8245136 -0.5299398 0.1376424 -0.8793243 -0.4558985 0.01022398 -0.9446042 -0.3280524 0.01800602 -0.8831215 0.4687987 0.02526974 -0.9037002 0.4274196 0.02130234 -0.9435899 0.3304304 0.09717208 -0.9518229 0.290845 0.1677014 -0.9082127 0.3834398 0.2273051 -0.8537066 0.4685269 0.2941498 -0.8274832 0.4782757 0.5460845 -0.6969115 0.4648722 0.5877058 -0.6450816 0.4883357 0.6459982 -0.5408293 0.538693 0.6177153 -0.5310704 0.5799932 0.6847643 -0.4854725 0.5435204 0.7134505 -0.4758574 0.5143424 0.7491291 -0.4743934 0.4623383 0.8167154 -0.4298582 0.384965 0.8202393 -0.4224495 0.3856736 0.8668114 -0.4121947 0.2805951 0.9013034 -0.3632132 0.2360687 0.919512 -0.3333914 0.2082017 0.9371464 -0.3329316 0.1044664 0.9621944 -0.272227 0.008636772 0.9701636 -0.0528891 -0.2366126 0.9482702 -7.93506e-4 -0.3174635 0.9168819 0.07934933 -0.3911924 0.9076046 0.09061092 -0.4099312 0.9642305 -0.1428003 -0.2233105 0.9592711 -0.09396779 -0.2663998 0.9417571 -0.02606326 -0.3352824 0.935702 0.006347835 -0.3527346 0.9283089 0.05221867 -0.3681251 0.958321 -0.02096641 -0.2849236 0.9116922 0.09915602 -0.3987299 0.8609219 0.2027709 -0.4665806 0.8552063 0.3006132 -0.4222012 0.8376605 0.3987028 -0.3733109 0.7791976 0.5004615 -0.3773452 0.7012384 0.5733633 -0.4236973 0.7007926 0.577188 -0.4192181 0.6024177 0.7059692 -0.3724253 0.6207354 0.7207782 -0.3084907 0.5715367 0.7969834 -0.1953546 0.5038139 0.8528641 -0.137093 0.3469736 0.934897 -0.07468062 0.2615461 0.9650043 -0.01898264 0.1121876 0.9936664 0.006408929 0.1424019 0.9885735 0.04944086 0.2654209 0.9587745 0.1015051 0.9503297 0.0067752 -0.3111712 0.9573542 -0.03811836 -0.2863914 0.9479032 -0.04971611 -0.3146554 0.8509398 -0.2391799 -0.4676476 0.7454854 -0.3288717 -0.5797371 0.6880522 -0.478661 -0.5454062 0.5992493 -0.5867057 -0.5446805 0.5437959 -0.6524147 -0.5278648 0.4696583 -0.6683377 -0.5768414 0.4255611 -0.6757583 -0.601871 0.3791114 -0.6826874 -0.6246701 0.3302484 -0.6890017 -0.6451455 0.2787934 -0.6947404 -0.6630309 0.2251994 -0.6996472 -0.6780703 0.1500328 -0.8285375 -0.5394589 0.09259551 -0.8821603 -0.461757 0.04608362 -0.8835547 -0.4660552 0.01229906 -0.914254 -0.404955 0.0230723 -0.9622318 0.2712523 0.1030005 -0.9823654 0.1560419 0.1378249 -0.9511934 0.2761076 0.3775478 -0.8282796 0.4140177 0.439934 -0.7895923 0.4277874 0.496488 -0.7454645 0.4447273 0.6206532 -0.5909268 0.5153594 0.6291013 -0.5177351 0.5798121 0.6449716 -0.5067481 0.5720297 0.698866 -0.4642626 0.5441017 0.6992483 -0.4615064 0.5459521 0.7403646 -0.4503104 0.49908 0.7745112 -0.4236037 0.469779 0.8373235 -0.3838089 0.3893328 0.8385851 -0.3796629 0.3906805 0.8925065 -0.3500869 0.2843788 0.9347986 -0.2624638 0.2392998 0.9361056 -0.3108653 0.1645272 0.9608614 -0.2698798 0.06253349 0.965064 -0.2608743 0.02441495 0.9685457 -0.2462564 -0.03573751 0.9712383 -0.2261157 -0.07461905 0.959417 -0.01168864 -0.2817488 0.9523279 0.001648008 -0.3050721 0.9458989 0.0032655 -0.3244451 0.9215031 0.05481284 -0.3844835 0.7096921 0.3148354 -0.6302508 0.8744402 0.1353228 -0.4658778 0.9110504 0.0468465 -0.4096248 0.6225342 0.4741185 -0.6226258 0.7325853 0.4100879 -0.5432741 0.8111397 0.3677871 -0.4547363 0.7779143 0.527562 -0.3413618 0.6788528 0.5963881 -0.4283459 0.6392588 0.6218017 -0.4524497 0.5873832 0.6859925 -0.4294129 0.550571 0.7930175 -0.2607582 0.4121971 0.9001133 -0.1410309 0.1765844 0.9841547 -0.01605308 0.01864695 0.9998245 0.001831114 0.01779264 0.9998365 0.003234982 0.01907438 0.9998051 0.005096673 0.01986795 0.9997774 0.007110953 0.08035725 0.9964848 0.02368295 0.2310636 0.9694842 0.08191448 0.9573925 -0.03805762 -0.2862716 0.9177188 -0.08319592 -0.3884206 0.8863934 -0.1568065 -0.435567 0.821799 -0.2421113 -0.5157798 0.7897853 -0.2452247 -0.5622314 0.7020126 -0.4219034 -0.5737386 0.6947042 -0.4520781 -0.5594744 0.6637046 -0.469632 -0.5821874 0.5950697 -0.5750184 -0.5614677 0.583405 -0.6140767 -0.5315529 0.5112323 -0.6605947 -0.5497784 0.1703876 -0.7035242 -0.6899433 0.1609565 -0.7699605 -0.6174577 0.1009569 -0.8314294 -0.5463818 0.01605296 -0.9495362 0.3132466 0.02969479 -0.9637842 0.2650254 0.05813848 -0.9866151 0.1523503 0.1458797 -0.9767229 0.1572632 0.1764332 -0.9394204 0.2938721 0.2436329 -0.8870034 0.3922603 0.3110202 -0.8607 0.4030659 0.5808324 -0.7218595 0.3762348 0.6292408 -0.6688239 0.3958925 0.6701464 -0.6129224 0.418605 0.6675823 -0.5239273 0.5289936 0.809908 -0.404893 0.4243945 0.9474806 -0.2945656 0.1245464 0.9466146 -0.3028117 0.1105711 0.9769469 -0.2128096 0.01693809 0.9743034 -0.04919737 -0.2198011 0.9035564 0.1493312 -0.4016044 0.8209342 0.1999308 -0.5348784 0.82419 0.2236415 -0.520284 0.6940128 0.3884519 -0.6061778 0.9179563 0.0523709 -0.3932093 0.6215736 0.4745957 -0.6232216 0.7583098 0.3094033 -0.5737909 0.8215848 0.2604534 -0.507112 0.7926788 0.3404738 -0.5057055 0.7605382 0.4326705 -0.4841259 0.7873989 0.4690822 -0.3999559 0.7456414 0.5700348 -0.3450788 0.7010629 0.5961369 -0.3913207 0.5934467 0.6599481 -0.460749 0.5765755 0.66554 -0.4739382 0.5073777 0.7658732 -0.3949763 0.5293485 0.782685 -0.3274056 0.4801323 0.8531107 -0.2041447 0.3173369 0.9374533 -0.1431037 0.249737 0.9653465 -0.07574814 0.1156073 0.9932223 -0.01202458 0.02346938 0.9997238 0.001220762 0.02737545 0.9996172 0.003997921 0.0260936 0.9996445 0.005493342 0.02093583 0.9997625 0.006042659 0.02328562 0.9996964 0.008056879 0.02182072 0.9997265 0.008423089 0.01568681 0.9998659 0.004730403 0.9095841 0.007446587 -0.4154532 0.9354485 -0.08472168 -0.3431595 0.8589342 -0.1587002 -0.4868739 0.7542873 -0.2486416 -0.6076415 0.7041967 -0.4065443 -0.58209 0.6316581 -0.485379 -0.6044959 0.6057207 -0.5486493 -0.5762694 0.5711688 -0.5801416 -0.5806909 0.5358616 -0.5890266 -0.6048968 0.4920639 -0.5963181 -0.6342537 0.4456983 -0.6032371 -0.6614062 0.396874 -0.6097468 -0.6860757 0.3455951 -0.615656 -0.7081891 0.291699 -0.6209667 -0.7275385 0.2356376 -0.6255491 -0.7437495 0.1782005 -0.6292411 -0.7565053 0.1083136 -0.7728449 -0.6252832 0.04846417 -0.832193 -0.552364 0.009247362 -0.8772812 -0.4798876 0.04590076 -0.9720951 0.2300531 0.08606487 -0.9954536 0.0408045 0.1410272 -0.9891746 0.04055941 0.1861048 -0.9695888 0.1589429 0.2195824 -0.9335994 0.2831531 0.3965948 -0.8551127 0.3339087 0.4635519 -0.8159844 0.3453826 0.5253251 -0.7712785 0.3593928 0.7003241 -0.5568227 0.4466484 0.6811155 -0.4893057 0.5446666 0.7461065 -0.4426221 0.4974043 0.8157211 -0.3848795 0.4318182 0.8393646 -0.3862792 0.3824338 0.934593 -0.2678986 0.2340221 0.964946 -0.2225131 0.1391661 0.9807137 -0.02511751 -0.1938293 0.5762631 0.3661996 -0.730629 0.3949496 0.6345257 -0.6643735 0.5889371 0.5000945 -0.6348691 0.7761899 0.3212736 -0.5425059 0.8174572 0.3073285 -0.4871477 0.7772648 0.5296009 -0.3396795 0.5043908 0.7092356 -0.4925188 0.4833375 0.74373 -0.4617907 0.4556536 0.8473998 -0.2725681 0.3849982 0.898665 -0.2101849 0.1511938 0.9849269 -0.08402031 0.05911564 0.9956273 -0.07233041 0.04406893 0.9988453 -0.01913517 0 0.9997872 -0.02063047 0.9213186 -0.01596158 -0.388481 0.8896787 -0.08368492 -0.4488527 0.8285403 -0.1606845 -0.5363783 0.7952844 -0.1627009 -0.583996 0.7170196 -0.2519976 -0.6499078 0.7019427 -0.3866484 -0.5981467 0.6392263 -0.4528756 -0.6215252 0.6225673 -0.5170003 -0.5874699 0.5938192 -0.5063196 -0.6253154 0.119849 -0.6319004 -0.7657272 0.1146284 -0.7063566 -0.6985133 0.05172967 -0.7765254 -0.6279589 0.0202949 -0.831879 -0.554586 0.02310264 -0.9864563 0.16239 0.01870828 -0.9863826 0.1634001 0.06076395 -0.997219 0.04315429 0.1134078 -0.9926543 0.04214644 0.1668468 -0.9851192 0.04126149 0.1682816 -0.984908 0.04046809 0.2317278 -0.9596881 0.1590629 0.2604782 -0.9114449 0.318464 0.3257332 -0.8878695 0.3249397 0.6098964 -0.7398169 0.2840731 0.6639149 -0.6853395 0.2992103 0.7112941 -0.6274257 0.3168564 0.7517693 -0.5665813 0.3373852 0.8614658 -0.3569833 0.3611643 0.918991 -0.2840718 0.2734206 0.9327264 -0.2409487 0.2682633 0.9362339 -0.260572 0.2357294 0.9953068 -0.06198346 -0.07431304 0.906147 0.1072446 -0.409141 0.7085306 0.2494323 -0.6601274 0.5754148 0.4398776 -0.6894967 0.5868572 0.5090633 -0.6296454 0.7418481 0.3374755 -0.5794582 0.7259979 0.3814938 -0.5721796 0.7051282 0.4881939 -0.5142577 0.7298688 0.536346 -0.4238213 0.724534 0.5900649 -0.3561936 0.6241266 0.6618793 -0.4151891 0.4994118 0.715791 -0.4880893 0.4056341 0.8157852 -0.4122568 0.4307555 0.835142 -0.3420346 0.2869095 0.933791 -0.2138164 0.2193726 0.9649891 -0.1437763 0.009796559 0.9999517 7.62972e-4 0 1 0 0.9092946 -0.03009212 -0.4150636 0.8899402 -0.02414065 -0.4554381 0.8593684 -0.08298254 -0.5045791 0.7588101 -0.1654165 -0.6299562 0.7201003 -0.1681302 -0.6731923 0.714213 -0.3196288 -0.6226856 0.6477922 -0.4248523 -0.6323496 0.6136307 -0.4249574 -0.6654838 0.5557879 -0.5122368 -0.6547621 0.510075 -0.5188037 -0.6860513 0.4617246 -0.5250825 -0.7149118 0.4109454 -0.5308871 -0.7411361 0.3576545 -0.536253 -0.7645366 0.3017743 -0.5410453 -0.7849856 0.2437287 -0.5451699 -0.8021136 0.1843063 -0.5485244 -0.8155687 0.1239089 -0.5509676 -0.8252765 0.05661326 -0.7067658 -0.7051789 0.018678 -0.7892079 -0.613842 0.005859673 -0.989072 0.147317 0.05719292 -0.99755 0.04028528 0.07751792 -0.9969906 7.93491e-4 0.1062366 -0.9943398 0.001464903 0.1348639 -0.9908633 0.001281797 0.1681301 -0.9849149 0.04092621 0.2202273 -0.9745729 0.04132312 0.2726243 -0.931769 0.2397555 0.4126536 -0.8755117 0.2513887 0.4834791 -0.8357884 0.2602034 0.549539 -0.790279 0.2710461 0.7821754 -0.5063738 0.3630253 0.6981598 -0.4946265 0.5176076 0.8156189 -0.3982722 0.4196965 0.8588777 -0.347189 0.3765487 0.8594287 -0.3443208 0.3779228 0.8951203 -0.3034192 0.3266441 0.9328679 -0.2456457 0.2634687 0.9325177 -0.2416519 0.2683563 0.9960061 -0.0694909 -0.05606269 0.9887372 -0.06314462 -0.1356893 0.9808272 -0.02783352 -0.1928815 0.9804047 -0.05362254 -0.1895558 0.8194994 0.1462476 -0.5541051 0.5763253 0.288834 -0.7644764 0.4268682 0.4862581 -0.7624543 0.6384395 0.4424731 -0.6297719 0.4249854 0.5619574 -0.7096418 0.2667092 0.6727089 -0.6901659 0.5516952 0.5430889 -0.6329984 0.5362834 0.5541677 -0.6366305 0.6756331 0.4390791 -0.5922242 0.651822 0.659818 -0.3738561 0.5368601 0.7223548 -0.4358727 0.4340132 0.7418296 -0.5111962 0.3795089 0.7918872 -0.4784223 0.3577111 0.8906614 -0.2806511 0.1184764 0.9825728 -0.1432276 0.01611387 0.9997319 -0.01663267 0.02469015 0.999692 0.002563595 -0.01251274 0.9997095 -0.02060025 -0.02182072 0.9997265 0.008423089 0.90094 -0.03671389 -0.4323877 0.8780234 -0.02340781 -0.4780451 0.8689351 -0.0290845 -0.494071 0.831316 -0.07541322 -0.5506603 0.7967578 -0.08056998 -0.5989036 0.677834 -0.1702978 -0.7152201 0.6762474 -0.2557215 -0.6908662 0.6962693 -0.3846358 -0.6060234 0.656448 -0.4246204 -0.6235172 0.5706571 -0.4320367 -0.6983516 0.06195408 -0.5519714 -0.8315584 0.05935978 -0.6349821 -0.770243 0.01928812 -0.7326757 -0.6803047 0.07742685 -0.9969967 -0.001678526 0.1637355 -0.9865027 -0.001831114 0.18858 -0.982057 -0.001220762 0.1933696 -0.9803074 0.04007166 0.2500142 -0.9674928 0.03808808 0.2783045 -0.9471633 0.1594628 0.3380885 -0.9087617 0.2446396 0.633053 -0.7506117 0.189278 0.6913532 -0.6944357 0.199474 0.7436901 -0.6342486 0.2113144 0.7899062 -0.5703183 0.2253561 0.8292001 -0.503929 0.2418322 0.7308807 -0.5006417 0.4638657 0.7267904 -0.4717392 0.4992373 0.7632912 -0.4359397 0.4768052 0.8596081 -0.3584803 0.3640959 0.8608598 -0.3552759 0.3642792 0.8997735 -0.2960383 0.320576 0.9704052 -0.1763069 0.1650149 0.9588242 -0.1941026 0.2073174 0.9499205 -0.2305445 0.210951 0.9742425 -0.1718551 0.1460051 0.9649888 0.06793588 -0.2533404 0.9059334 0.06528067 -0.4183579 0.7084998 0.1800929 -0.6823449 0.4269061 0.4050847 -0.8084909 0.6383078 0.4428937 -0.6296098 0.5200479 0.5679937 -0.6379133 0.5389441 0.5523117 -0.6359962 0.5216975 0.5672323 -0.6372436 0.6356163 0.4686782 -0.6134597 0.6366897 0.54852 -0.5419889 0.6642592 0.6472903 -0.3738651 0.4439595 0.7731981 -0.4528405 0.39699 0.7632474 -0.5097573 0.3017401 0.8540708 -0.4236935 0.3296726 0.8761258 -0.3517382 0.2564492 0.9234672 -0.2853809 0.1864427 0.9586434 -0.2150393 0.04821991 0.9884172 -0.1438968 -0.002868711 0.9991518 -0.04107815 -0.01773148 0.9993742 -0.0306105 -0.01879942 0.9993602 -0.03042697 -0.01257371 0.999705 -0.0207833 -0.01986795 0.9997774 0.007110953 -0.01568681 0.9998659 0.004730403 0.8565609 0.007355153 -0.5159935 0.8554043 -0.01812863 -0.5176435 0.8337767 -0.01083421 -0.5519956 0.7576488 -0.08380675 -0.6472594 0.7170541 -0.08450829 -0.6918755 0.6649485 -0.3352515 -0.6674205 0.6951336 -0.3821602 -0.6088866 0.6665385 -0.4267494 -0.6112378 0.5233143 -0.4378297 -0.7310591 0.4733202 -0.4433199 -0.7612066 0.4209523 -0.4483586 -0.7885264 0.3661374 -0.4529642 -0.8128757 0.3087591 -0.4571417 -0.8340799 0.2492806 -0.4607175 -0.8518208 0.1884576 -0.4635905 -0.8657758 0.126654 -0.4657512 -0.8758052 0.06143569 -0.4652389 -0.8830507 0.02008157 -0.676152 -0.7364884 -0.05768042 -0.9906695 0.1234789 0.04211586 -0.9983296 0.03955227 0.02835237 -0.9995978 7.32463e-4 0.1902242 -0.9817315 -0.004242122 0.2183036 -0.9758809 3.35711e-4 0.2375943 -0.9201934 0.3111158 0.2745465 -0.9610347 0.03219723 0.2850486 -0.9551874 0.07977694 0.4255964 -0.8893119 0.1673087 0.499391 -0.8489006 0.1731373 0.5689119 -0.8023548 0.1804611 0.8596395 -0.4388383 0.2616122 0.7604202 -0.4638026 0.4545857 0.7613831 -0.4419428 0.4743232 0.8065604 -0.4192112 0.4168002 0.8608329 -0.366295 0.3532631 0.8982324 -0.3160232 0.3054637 0.931935 -0.2504102 0.2622822 0.9490467 -0.2296548 0.2157992 0.9690374 -0.1606822 0.1874778 0.9987367 -0.03845399 -0.03235018 0.9652711 0.04028445 -0.2581259 0.8194885 0.08835166 -0.5662442 0.5763354 0.2085416 -0.7901569 0.4269011 0.3196265 -0.8459282 0.2645734 0.518526 -0.8131001 0.264541 0.5995511 -0.755352 0.5149841 0.5229802 -0.6791784 0.6522808 0.4409984 -0.6164821 0.510497 0.5682091 -0.6453924 0.6652125 0.6001134 -0.4442481 0.574276 0.7186004 -0.3921997 0.3584823 0.7711979 -0.5260651 0.2785164 0.8257525 -0.4904708 0.08261615 0.9733266 -0.214033 -0.0192576 0.9960559 -0.08661353 -0.003143429 0.9991284 -0.04162776 -0.05313444 0.9943558 -0.09183317 -0.04645073 0.9961274 -0.07465076 -0.0227673 0.9991374 -0.03473079 -0.02328562 0.9996964 0.008056879 -0.1039483 0.9937653 0.0403158 0.8554121 -0.01815867 -0.5176298 0.8406901 -0.0382409 -0.5401647 0.8151057 -0.02783346 -0.5786433 0.8041545 -0.01889145 -0.5941203 0.7836909 -0.02227866 -0.6207514 0.6737054 -0.08572763 -0.7340108 0.633516 -0.1725246 -0.7542497 0.6324214 -0.2596584 -0.7298086 0.6902246 -0.3527116 -0.6318107 0.6917796 -0.3784996 -0.6149627 0.6687327 -0.3997075 -0.6269216 0.6504838 -0.4095356 -0.6396495 0.5805719 -0.3490817 -0.7355803 0.5318586 -0.3540536 -0.7692676 0.02618575 -0.4665223 -0.8841218 0.02179056 -0.6129748 -0.789802 0.0213328 -0.6757837 -0.7367913 0.0117498 -0.9991914 0.03845387 -0.02511686 -0.9996702 0.005371272 -0.02523893 -0.9996704 0.004699826 0.2380214 -0.9199488 0.3115124 0.3481572 -0.9232208 0.1626341 0.6495975 -0.7549797 0.08960384 0.7118076 -0.6959068 0.09509891 0.7677648 -0.6327185 0.1010177 0.8159613 -0.5678402 0.1084652 0.8610561 -0.4950447 0.1162459 0.8974975 -0.4226246 0.1260427 0.8159108 -0.4447009 0.3695006 0.7723212 -0.4570569 0.4411563 0.7412285 -0.4720155 0.4772649 0.982757 -0.1415492 0.1189648 0.9870336 -0.1192668 0.1074256 0.9801532 -0.1391368 0.1412121 0.9790183 -0.1347718 0.152839 0.9677152 -0.2411963 0.07315546 0.999558 -0.01425236 -0.02609372 0.9938015 0.0167551 -0.1099001 0.9650939 0.01684629 -0.2613624 0.9056384 0.02731406 -0.4231704 0.7085325 0.1088007 -0.6972404 0.264602 0.4319696 -0.8621996 0.4947243 0.5655301 -0.6598665 0.494692 0.5668404 -0.6587653 0.1138651 0.6945437 -0.7103829 0.5111398 0.5763903 -0.6375818 0.3596379 0.6814625 -0.6373928 0.5673848 0.6061139 -0.5574051 0.6027187 0.6968696 -0.3887198 0.4866917 0.7735123 -0.4059681 0.3472825 0.8144764 -0.4647829 0.2909758 0.7972384 -0.5289083 0.1934319 0.8828345 -0.428004 0.2255722 0.9063787 -0.3572044 0.1528714 0.9457639 -0.2866377 0.01242113 0.9779751 -0.2083519 -0.02194327 0.9876313 -0.155251 -0.06262457 0.9925934 -0.1040996 -0.0450161 0.9967027 -0.06750887 -0.01232969 0.999778 -0.01709073 -0.02093583 0.9997625 0.006042659 -0.1072746 0.9936407 0.03421187 -0.08035725 0.9964848 0.02368295 0.7934789 0.006714284 -0.6085608 0.8019024 -0.01611429 -0.597238 0.7676304 -0.01446628 -0.6407297 0.7339643 -0.02426302 -0.6787545 0.6750829 -0.02133285 -0.7374334 0.6301038 -0.09018486 -0.7712561 0.6262449 -0.34416 -0.6995509 0.6920897 -0.3482575 -0.6322411 0.6908035 -0.3728233 -0.6195105 0.6749013 -0.3945521 -0.623568 0.4806154 -0.3585694 -0.800273 0.4270547 -0.3627814 -0.8282597 0.3711439 -0.366627 -0.8531336 0.3127903 -0.3699831 -0.8747998 0.2524255 -0.372977 -0.8928436 0.1907772 -0.37542 -0.9070082 0.1281812 -0.3772497 -0.9171981 0.0616796 -0.3809426 -0.9225391 0.03128188 -0.3950374 -0.9181323 0.01724344 -0.5431844 -0.8394364 0.01855552 -0.9992528 0.03390657 -0.02322512 -0.9996895 0.009033679 0.2036283 -0.7783778 0.5938549 0.2589841 -0.9011036 0.3477638 0.2750047 -0.9610057 0.02899283 0.3554874 -0.9315368 0.07660311 0.4353835 -0.8967386 0.07937979 0.5841346 -0.8069236 0.08752858 0.9242567 -0.3569154 0.1355027 0.8300971 -0.4158878 0.3714516 0.8421257 -0.3903754 0.3720638 0.8848937 -0.3372942 0.3212413 0.9208968 -0.2819396 0.2691824 0.9685527 -0.1903778 0.1601945 0.9938464 -0.08423203 0.07193291 0.990838 -0.0914967 0.09934014 0.9992058 -0.005951285 -0.03940051 0.9984678 0.004913568 -0.05511772 0.9937092 0.007171988 -0.1117618 0.8191451 0.03695917 -0.5723944 0.5763593 0.1260147 -0.8074219 0.4268721 0.2307557 -0.8743752 0.2646271 0.3408626 -0.9021004 0.1138378 0.534183 -0.8376691 0.1138969 0.6176741 -0.7781429 0.110144 0.7637447 -0.6360521 0.5103784 0.5767585 -0.6378586 0.2968593 0.7267209 -0.6194767 0.2936589 0.7280128 -0.6194853 0.591982 0.6607724 -0.4614511 0.5295698 0.7475687 -0.4008702 0.2978966 0.7987755 -0.5227001 0.2161687 0.8138907 -0.5393079 0.1594943 0.850026 -0.5020134 0.04635852 0.9574459 -0.2848654 -0.04528969 0.9855709 -0.1630919 -0.02368283 0.9874469 -0.1561664 -0.08963519 0.9855602 -0.1436544 -0.04602313 0.9966089 -0.06821072 -0.01123082 0.9997591 -0.01886045 -0.01907438 0.9998051 0.005096673 -0.2500151 0.9650549 0.07849597 -0.1424019 0.9885735 0.04944086 0.7508992 -0.02032589 -0.660104 0.7140552 -0.02206528 -0.6997417 0.6943915 -0.02087473 -0.7192947 0.6528112 -0.02029544 -0.7572488 0.6519533 -0.02566671 -0.7578247 0.5850526 -0.08783417 -0.806225 0.5858145 -0.1753934 -0.7912387 0.5856125 -0.2635989 -0.7665335 0.6857057 -0.3730669 -0.625003 0.6799974 -0.3860979 -0.6233233 0.5358907 -0.2674723 -0.8007994 0.4836801 -0.2710477 -0.832218 0.02374374 -0.3994327 -0.916455 -0.02328628 -0.9996641 0.01138371 0.1478964 -0.6881489 0.7103365 0.3076349 -0.9515013 0.002472043 0.347306 -0.9376346 0.01483219 0.5116527 -0.8552671 0.0820353 0.6352255 -0.7722259 0.01248228 0.6965411 -0.7174162 0.01202458 0.7637854 -0.6452165 0.01809811 0.8255818 -0.5637554 0.02438503 0.8543367 -0.5192919 0.02108907 0.8953327 -0.4449959 0.01892167 0.9386578 -0.3436801 0.02838313 0.8938183 -0.3680931 0.2561178 0.8483722 -0.3962305 0.3510927 0.8132696 -0.4230235 0.3995544 0.8036968 -0.4301704 0.4111263 0.9755274 -0.1709042 0.1383408 0.9966919 -0.06009203 0.05472069 0.9911313 -0.08850473 0.09912532 0.9982154 0.01440495 -0.05795556 0.9999019 -0.01400828 3.35712e-4 0.9997333 0.003082394 -0.02288901 0.983725 0.002319455 -0.1796664 0.9381679 0.004486322 -0.3461516 0.8647517 0.006531 -0.5021572 0.7081261 0.04553389 -0.7046164 0.1137737 0.4450542 -0.8882467 0.0252391 0.6621989 -0.748903 0.0247507 0.735961 -0.6765714 0.2736971 0.7387199 -0.6159407 0.493165 0.6588861 -0.5680295 0.3998019 0.81584 -0.4178082 0.2506197 0.8441475 -0.473925 0.1745988 0.8154657 -0.5518432 0.0556975 0.8621059 -0.5036581 0.1194533 0.9258391 -0.3585429 -0.04364222 0.9579631 -0.2835527 -0.06561541 0.9815149 -0.1797862 -0.1022074 0.9784937 -0.1791758 -0.1203063 0.9715144 -0.2041727 -0.1028483 0.9793786 -0.1738961 -0.09067088 0.9866068 -0.1355943 -0.05597198 0.9943732 -0.08993977 -0.01147502 0.9997313 -0.02014231 -0.0260936 0.9996445 0.005493342 -0.2552298 0.9651309 0.05813854 -0.2454656 0.9647716 0.09467041 0.7199429 0.006622612 -0.6940017 0.6367253 0.005462944 -0.7710715 0.6404792 -0.02520895 -0.7675617 0.5828019 -0.02111953 -0.8123397 0.4293182 -0.274279 -0.8604981 0.3727607 -0.2771443 -0.8855736 0.3139227 -0.2797104 -0.9073117 0.2531882 -0.28209 -0.9253761 0.1912925 -0.2839784 -0.9395549 0.128484 -0.2854422 -0.9497445 0.06354069 -0.2845293 -0.9565594 0.02349948 -0.3191053 -0.9474279 -0.02484267 -0.9996287 0.01120054 0.1503372 -0.7230592 0.6742286 0.264537 -0.7855234 0.5594401 0.2921294 -0.917528 0.2698199 0.3764259 -0.9261103 0.0249648 0.4027349 -0.9153096 0.003601253 0.4957192 -0.868386 0.0129705 0.5697061 -0.8217965 0.009247362 0.6245126 -0.7810146 -3.3571e-4 0.6383301 -0.7694386 0.0223397 0.6588276 -0.751943 0.02298128 0.7146678 -0.6988283 0.02981722 0.7362274 -0.6764698 0.0189222 0.782264 -0.6221612 0.031282 0.8034819 -0.5952486 0.009796679 0.8423671 -0.5381188 0.02908498 0.8415306 -0.53924 0.03235012 0.8679194 -0.4958057 0.02987772 0.8811934 -0.4719251 0.02801698 0.8997717 -0.4357554 0.02298104 0.9215308 -0.3867408 0.03482252 0.9450205 -0.3244168 0.04110908 0.9015097 -0.3455395 0.2605433 0.8563725 -0.3923566 0.3356822 0.8132742 -0.4233005 0.3992515 0.8761206 -0.3564056 0.3246349 0.9020608 -0.3191715 0.2905443 0.9530261 -0.231031 0.1958728 0.9849718 -0.1349247 0.1078238 0.9997629 -0.01507622 0.01571714 0.9984167 -0.04065078 0.0388807 0.9983791 -0.03897315 0.04147577 0.999737 0.001464903 -0.02288913 0.9935856 0.001434385 -0.1130739 0.9647287 0.00338757 -0.2632244 0.9051014 0.00552392 -0.4251599 0.8184574 0.007416069 -0.5745193 0.5759583 0.05270665 -0.8157781 0.4268783 0.1394442 -0.8934933 0.2646042 0.2460789 -0.9324323 0.1137765 0.3511568 -0.9293783 0.02465921 0.4943143 -0.8689335 0.02533072 0.536798 -0.8433305 0.02386599 0.6215239 -0.7830316 0.02566623 0.6975662 -0.7160606 0.0265516 0.767495 -0.640505 0.5135713 0.7148432 -0.4745987 0.4642311 0.7852651 -0.409693 0.1935256 0.8274508 -0.5271367 0.1263501 0.8251519 -0.5505998 0.08746695 0.9005804 -0.4257988 0.01132267 0.9344138 -0.3560093 -0.125647 0.968645 -0.2143355 -0.1316291 0.9687998 -0.2100022 -0.1344358 0.97038 -0.200723 -0.008942067 0.9998056 -0.01757895 -0.01779264 0.9998365 0.003234982 -0.1115157 0.9934476 0.02502536 -0.4134748 0.9056283 0.09421288 -0.4049 0.9054781 0.1271435 -0.2310636 0.9694842 0.08191448 0.6211848 -0.0152595 -0.7835156 0.5915867 -0.06006199 -0.8040012 0.5552677 -0.04373407 -0.8305211 0.5302768 -0.09628909 -0.842339 0.5353769 -0.1781131 -0.8256194 0.4825406 -0.1806437 -0.8570429 0.4277638 -0.1827518 -0.8852232 0.1874812 -0.7371677 0.64918 0.2418062 -0.7230381 0.6471055 0.3052833 -0.9079148 0.2872159 0.3268281 -0.9450824 0.001648008 0.340691 -0.8883662 0.3077908 0.3775247 -0.9256833 0.02420186 0.4275379 -0.9036313 0.02572733 0.4778385 -0.878372 0.01153624 0.5202526 -0.8535171 0.02908432 0.5577448 -0.8300097 0.002197384 0.5921319 -0.8052468 0.03094637 0.6361148 -0.7655168 0.09665477 0.6360875 -0.7655817 0.09631955 0.6856487 -0.7095454 0.1625768 0.7196117 -0.6933347 0.03802686 0.7146639 -0.6988245 0.03000015 0.7564451 -0.6524057 0.04644995 0.7759469 -0.6307983 2.13633e-4 0.7820773 -0.6223109 0.03292989 0.8226814 -0.5639683 0.07165956 0.8429998 -0.5378999 -0.003906428 0.8488807 -0.5146692 -0.1204882 0.8508473 -0.4735373 0.2276433 0.8915504 -0.4514975 0.03589028 0.9078458 -0.4192992 0.002075254 0.9134784 -0.4055427 0.03305256 0.9130461 -0.3253968 0.245894 0.9457268 -0.3136756 0.08490419 0.944988 -0.3245077 0.04113948 0.9408708 -0.3066856 0.1438971 0.886355 -0.3552684 0.2969166 0.8818702 -0.3559098 0.3092466 0.9298238 -0.2751597 0.244366 0.9520224 -0.2364948 0.1942255 0.9651312 -0.2067658 0.1605296 0.9961993 -0.06784361 0.0546289 0.9995506 -0.02203452 0.02032548 0.999736 -0.01742625 0.01498472 0.9997275 2.74667e-4 -0.02334666 0.9835265 8.85043e-4 -0.1807623 0.9641233 9.46086e-4 -0.2654536 0.9373892 0.00100708 -0.3482821 0.9035592 8.24025e-4 -0.4284627 0.8630141 6.40897e-4 -0.5051797 0.8158786 5.79871e-4 -0.578223 0.7653828 0.008362114 -0.643521 0.643395 0.009949088 -0.7654697 0.0247206 0.4469549 -0.8942149 -0.02264529 0.5906708 -0.806595 -0.02908527 0.6973142 -0.7161754 -0.02502596 0.7035049 -0.7102497 -0.01541191 0.7855202 -0.6186441 0.1543962 0.7851653 -0.5997311 0.2541623 0.7489061 -0.6119978 0.4151844 0.705789 -0.5740068 0.4327334 0.761335 -0.4828156 0.3858522 0.8260283 -0.4108473 0.3079393 0.8516399 -0.4241261 0.1260755 0.8555496 -0.5021353 0.05130261 0.8317379 -0.552793 0.05124151 0.8346664 -0.5483669 -0.0613439 0.8664145 -0.495543 -0.06451827 0.9381701 -0.3401095 -0.1372457 0.9663053 -0.2177559 -0.1528698 0.9517053 -0.266248 -0.1695943 0.9423977 -0.2883135 -0.1346214 0.9641408 -0.2287129 -0.1568385 0.9531783 -0.2585594 -0.1340413 0.9703961 -0.2009094 -0.1336107 0.9665263 -0.2190325 -0.04974555 0.9942709 -0.09460818 -0.01080381 0.9996894 -0.02246218 -0.02737545 0.9996172 0.003997921 -0.2592577 0.9651286 0.03622585 -0.4200646 0.9055926 0.05871868 -0.3985757 0.9051574 0.1477416 -0.2654209 0.9587745 0.1015051 0.6152453 -0.01287925 -0.7882306 0.5452191 0.001861631 -0.8382916 0.542393 -0.03238117 -0.8395006 0.3709632 -0.1845812 -0.9101187 0.3121459 -0.186317 -0.9315852 0.2516286 -0.1878746 -0.9494137 0.1900125 -0.1892495 -0.9633691 0.1275696 -0.1902862 -0.973405 0.06311327 -0.1928191 -0.9792026 0.02359133 -0.2424753 -0.9698708 0.1234191 -0.708836 0.6944921 0.2980804 -0.7016654 0.6471583 0.3590921 -0.8848205 0.2968934 0.3968061 -0.8880986 0.2320043 0.4114045 -0.8628813 0.2935683 0.4578806 -0.8888738 0.01577842 0.4543411 -0.8749583 0.1673984 0.4902945 -0.8409626 0.2288956 0.5456476 -0.8379882 0.006683588 0.5466672 -0.7857884 0.2892953 0.5953695 -0.8001232 0.07306307 0.6039732 -0.760872 0.2372555 0.6601589 -0.7428656 0.1110895 0.7196657 -0.6932669 0.03824013 0.7307775 -0.6630558 0.162239 0.7559518 -0.6507838 0.07083421 0.7923665 -0.6100455 0 0.7532238 -0.5553347 0.3525014 0.8480014 -0.5153136 -0.1238766 0.908098 -0.4187536 0.001922667 0.9003589 -0.3877821 0.1974313 0.9245111 -0.369188 -0.09476137 0.9427634 -0.3285374 0.05710107 0.8390312 -0.2616403 0.4770441 0.9197947 -0.3082768 0.2427821 0.9030907 -0.3236246 0.2823017 0.9770781 -0.167643 0.1312028 0.9774783 -0.03314411 0.2084176 0.9995965 -0.02273678 0.0170297 0.9994984 -0.02392691 0.0207529 0.9934393 9.76623e-4 -0.1143564 0.7625427 7.01932e-4 -0.6469376 0.7074583 0.009186148 -0.7066954 0.5753765 0.01059007 -0.8178201 0.4265921 0.05829095 -0.9025638 0.2646057 0.1486918 -0.9528246 0.1138049 0.2535203 -0.9606123 0.02453756 0.4019402 -0.9153372 -0.0224927 0.4660915 -0.8844507 -0.009064078 0.5723199 -0.8199805 -0.02472084 0.5872277 -0.8090442 -0.01007121 0.6321082 -0.7748147 0.0666545 0.7462925 -0.6622724 -0.004028499 0.7469569 -0.6648603 -0.02429342 0.7535859 -0.6569004 -0.01507633 0.8054558 -0.5924642 0.03405934 0.8052779 -0.5919187 0.2171726 0.7668489 -0.6039693 0.2356048 0.7581775 -0.6079947 0.214364 0.8783921 -0.4271716 0.1501857 0.8650403 -0.4786959 0.08215683 0.844244 -0.5296248 -0.02307248 0.9066339 -0.421287 -0.12995 0.9386738 -0.3193817 -0.1250978 0.9395916 -0.3186194 -0.2001463 0.9153994 -0.3492642 -0.1668481 0.9447505 -0.2821494 -0.17329 0.9455263 -0.2755916 -0.1341611 0.9701965 -0.2017911 -0.007782399 0.9998148 -0.01760965 -0.01864695 0.9998245 0.001831114 -0.1141111 0.9933373 0.01611411 -0.567936 0.819233 0.0794115 -0.5591073 0.8192509 0.1273861 -0.4690818 0.8663212 0.1716101 -0.3391622 0.9313 0.132851 0.5396093 -0.01333683 -0.84181 0.4769771 -0.09625601 -0.873629 0.420888 -0.09424275 -0.9022038 0.3634769 -0.09576743 -0.9266678 0.0242629 -0.242141 -0.9699377 0.1500957 -0.7217293 0.6757057 0.15693 -0.6311079 0.7596551 0.2062509 -0.616708 0.7596919 0.2542565 -0.5984839 0.7597175 0.3363505 -0.7854688 0.5195258 0.3573805 -0.8130024 0.459681 0.4531177 -0.8752584 0.169137 0.474444 -0.8346565 0.2797346 0.498013 -0.8399201 0.2156795 0.5234333 -0.820781 0.2287712 0.5407975 -0.8076866 0.2349051 0.6328538 -0.7303943 0.2569442 0.7025277 -0.6822932 0.2023136 0.7564567 -0.6231169 0.1987431 0.7622798 -0.6373644 0.1126771 0.8155593 -0.5674092 0.1136222 0.8562344 -0.5149737 -0.04080355 0.8972463 -0.4334091 0.08429515 0.9306209 -0.3658943 -0.00814861 0.9382413 -0.2163787 0.2699698 0.9517576 -0.2895008 0.101719 0.9006586 -0.2790085 0.3331195 0.924494 -0.2988461 0.2366475 0.945588 -0.261217 0.1939824 0.9559375 -0.2302637 0.1821051 0.9284431 -0.181892 0.3238961 0.977612 -0.03247207 0.2078948 0.97839 -0.03167909 0.2043272 0.9997555 -0.01721292 0.01388633 0.9997205 0.001037597 -0.02362191 0.9931818 0.02325552 -0.1142328 0.9639436 0.02255356 -0.2651494 0.9035879 0.02111941 -0.427882 0.8160914 0.0189526 -0.5776121 0.7034962 6.40902e-4 -0.7106988 0.6391901 5.18823e-4 -0.7690486 0.5697923 2.74672e-4 -0.8217888 0.5021857 0.01120036 -0.8646872 0.02694863 0.2534333 -0.9669775 0.02374386 0.3531674 -0.9352588 -0.0253005 0.4609332 -0.8870742 -0.005585014 0.5149545 -0.8571993 -0.0230115 0.5273736 -0.8493218 -0.06668561 0.5514001 -0.8315714 -0.02850496 0.6551569 -0.7549549 -0.04922789 0.6900762 -0.7220607 -0.05111938 0.7460077 -0.6639725 -0.05377519 0.8025081 -0.594213 0.1411505 0.7981947 -0.5856296 0.2591353 0.7698069 -0.5833063 0.3358944 0.7454011 -0.5758059 0.3494174 0.8006477 -0.4866939 0.3109892 0.8550219 -0.4149981 0.2347553 0.8796306 -0.4136907 0.009705066 0.8662556 -0.4995069 -0.0249955 0.8521072 -0.5227702 -0.05523961 0.8364682 -0.5452242 -0.03012216 0.8384458 -0.5441521 -0.1318418 0.8671348 -0.4803072 -0.1326645 0.8981329 -0.4192345 -0.1289424 0.9388234 -0.3193501 -0.1310499 0.9380722 -0.320697 -0.1750865 0.9375383 -0.3006104 -0.2175083 0.9021393 -0.3726055 -0.197887 0.9208886 -0.3358646 -0.1878777 0.9315146 -0.3114205 -0.176126 0.9479249 -0.2653641 -0.1199695 0.9664704 -0.2270296 -0.04269659 0.9943214 -0.09747886 -0.009002983 0.9997016 -0.02270591 -0.02346938 0.9997238 0.001220762 -0.2616115 0.9650512 0.01535117 -0.4235448 0.9055337 0.02487307 -0.5726258 0.8191269 0.0336318 -0.547176 0.8191922 0.1718222 -0.3958992 0.906857 0.1444794 0.4509182 0.003418087 -0.8925587 0.5195277 -0.0220043 -0.8541703 0.4795223 -0.02746754 -0.8770998 0.3080302 -0.09323608 -0.946797 0.2472078 -0.09500712 -0.9642935 0.1859501 -0.09485197 -0.9779702 0.1237248 -0.09473156 -0.9877845 0.06613433 -0.09021371 -0.9937242 0.02356094 -0.1649571 -0.9860193 0.1274169 -0.7232092 0.6787735 0.1175609 -0.6818658 0.7219684 0.3007008 -0.5765288 0.7597326 0.3525564 -0.675967 0.6471265 0.1521089 -0.4388695 0.8855826 0.4238515 -0.8118734 0.4015114 0.4954527 -0.7864862 0.368736 0.5800477 -0.7794601 0.2366153 0.7239229 -0.6015091 0.3378205 0.5869841 -0.4460444 0.6756436 0.700353 -0.1832063 0.6898849 0.9518067 -0.2696994 0.146035 0.9453899 -0.2713453 0.1805815 0.9310502 -0.2819367 0.2316409 0.9416434 -0.2725681 0.197521 0.9494224 -0.261977 0.173105 0.9484152 -0.2545303 0.1890054 0.9674933 -0.2077756 0.1441733 0.9588645 -0.1797851 0.219673 0.9258473 -0.1814339 0.3314946 0.9634295 -0.02801656 0.2664935 0.9272716 -0.03644019 0.3726117 0.9997857 -0.01681619 0.01208567 0.9994453 0.02307254 -0.02401864 0.7039519 0.01651078 -0.7100558 0.4963394 1.83117e-4 -0.8681286 0.4261367 0.01171928 -0.904583 0.2643842 0.06219726 -0.9624098 0.113806 0.1532063 -0.9816191 0.02609407 0.2067078 -0.9780548 0.04300129 0.4290975 -0.9022341 -0.003448665 0.4551041 -0.8904316 -0.05502623 0.4307187 -0.9008072 -0.06137424 0.4924897 -0.8681516 -0.08002114 0.6089481 -0.7891634 -0.01263469 0.8082266 -0.5887361 0.03549444 0.8204627 -0.5705974 0.262924 0.8332996 -0.4862949 0.2352717 0.8809948 -0.4104819 0.08981674 0.889195 -0.448626 0.04193323 0.8781269 -0.4765867 -0.1207329 0.8284672 -0.5468689 -0.1865669 0.8255883 -0.5325382 -0.1937966 0.9001623 -0.3900653 -0.2146108 0.9036729 -0.3705639 -0.2341093 0.8862034 -0.3997955 -0.2659472 0.8475579 -0.4592579 -0.2024977 0.9152534 -0.34829 -0.2114062 0.9164296 -0.3398004 -0.2174173 0.9196594 -0.3270416 -0.2211735 0.907248 -0.3577476 -0.007141351 0.9997944 -0.01898264 -0.009796559 0.9999517 7.62972e-4 -0.1121876 0.9936664 0.006408929 -0.7046666 0.7083289 0.04141503 -0.6989891 0.7084196 0.09775406 -0.6882737 0.7082945 0.1568392 -0.5341832 0.8227759 0.1941347 -0.4526661 0.8727068 0.1829648 0.4540622 -0.02545285 -0.8906064 0.4328599 -0.0297566 -0.90097 0.3881666 -0.02960306 -0.9211137 0.3039429 -0.02270644 -0.9524196 0.1091073 -0.7239539 0.6811655 0.0765112 -0.6895471 0.7201882 0.1491479 -0.5736106 0.8054353 0.178965 -0.4997838 0.8474595 0.2042317 -0.4806709 0.8527866 0.2414686 -0.4629471 0.8528617 0.3955042 -0.758322 0.5181933 0.4951416 -0.7814105 0.3797794 0.6093216 -0.6978586 0.3764579 0.6624202 -0.6474964 0.3767601 0.7115508 -0.5932592 0.3764826 0.8020424 -0.567442 0.1863802 0.8739093 -0.4307441 0.2252601 0.9080498 -0.3523488 0.226486 0.9066076 -0.1077638 0.4079826 0.6951329 -0.1577531 0.7013588 0.956237 -0.2672898 0.119026 0.9628229 -0.1776833 0.2034721 0.9589419 -0.1796662 0.2194326 0.8957115 -0.1931872 0.4004745 0.8564788 -0.07397747 0.5108538 0.9410198 -0.0722382 0.3305502 0.9198249 -0.06979787 0.3860707 0.9828757 -0.01669406 0.1835128 0.9845621 0.01940983 0.1739563 0.9986858 0.04529076 -0.02398818 0.9897931 0.0853312 -0.1141411 0.9606925 0.08282989 -0.2649702 0.9006833 0.07764089 -0.4274827 0.8136041 0.07013249 -0.577174 0.5705928 0.01318442 -0.8211274 0.4190272 2.74672e-4 -0.9079737 0.3459683 0.01217722 -0.9381673 -0.02850455 0.3332962 -0.9423913 0.03814905 0.4305657 -0.9017527 -0.02514761 0.3978756 -0.9170947 -0.1407549 0.5443724 -0.8269503 -0.07464891 0.673397 -0.7355027 -0.08444678 0.7268771 -0.681556 -0.02057009 0.8237198 -0.566624 -0.001617491 0.862293 -0.5064072 0.1462479 0.7863269 -0.6002513 0.1728616 0.8608293 -0.4786353 0.1722187 0.9017754 -0.3964113 0.1109074 0.8980637 -0.425654 -0.126442 0.8654705 -0.4847404 -0.1906242 0.8449301 -0.4997555 -0.2151928 0.8331512 -0.5094617 -0.2464439 0.8336673 -0.4942308 -0.2487918 0.8665294 -0.4327001 -0.28252 0.8267151 -0.4865436 -0.2367051 0.8814487 -0.4086794 -0.2286487 0.8928653 -0.3879581 -0.2227581 0.9022633 -0.3691881 -0.2170245 0.9197068 -0.3271696 -0.1962713 0.907469 -0.3714537 -0.1029099 0.9664739 -0.23524 -0.03585988 0.9942195 -0.1012012 -2.74675e-4 0.9997847 -0.02075314 0.01251274 0.9997102 -0.02056974 -0.04406893 0.9988453 -0.01913517 -0.1765844 0.9841547 -0.01605308 -0.3461437 0.9379023 -0.02288901 -0.5003676 0.8656253 -0.01803702 -0.6434166 0.7653124 -0.01767086 -0.6735274 0.7082582 0.2114977 -0.5946749 0.7730927 0.2206569 -0.5176382 0.8300949 0.2073482 0.4539402 -0.02548336 -0.8906677 0.4064261 -0.01644992 -0.9135356 0.3670498 -0.0207833 -0.9299692 0.3298493 -0.02804696 -0.9436169 0.277972 -0.02240133 -0.9603279 0.2547755 -0.02407974 -0.9667004 0.2020946 -0.02529996 -0.9790391 0.1489007 -0.02636814 -0.9885005 0.07107961 -0.01779276 -0.997312 0.01852476 -0.08233916 -0.9964322 0.08020466 -0.6484736 0.7570002 0.08121162 -0.7154621 0.6939156 0.1434094 -0.6626012 0.7351146 0.2772393 -0.4424415 0.852868 0.3452694 -0.5510027 0.759727 0.4048067 -0.6460306 0.6471292 0.4540943 -0.724677 0.5183066 0.552328 -0.7437415 0.3765401 0.7560882 -0.5351886 0.3767012 0.8368144 -0.4992992 0.2245931 0.7283341 -0.1217705 0.6743155 0.9584152 -0.2758907 0.07297062 0.9628633 -0.2680147 0.0325939 0.9634237 -0.2675905 0.0144965 0.9639106 -0.2273662 0.138495 0.9736901 -0.1767682 0.1438072 0.9454298 -0.04770177 0.3223153 0.9255442 0.004181027 0.3786165 0.9982646 -0.005554378 0.05862629 0.9987066 -9.15573e-5 0.05084478 0.9805138 0.01248222 0.1960539 0.985293 0.02536094 0.1689814 0.9960554 0.08551478 -0.02368289 0.7020315 0.06051939 -0.7095697 0.4200096 0.009735703 -0.9074675 0.3387886 0 -0.9408625 0.2639926 0.01257395 -0.9644428 0.1138051 0.06402868 -0.9914378 0.02493411 0.1532367 -0.987875 0.0175485 0.3347955 -0.9421274 -0.05096691 0.3666261 -0.9289713 -0.094823 0.3867082 -0.9173142 -0.1258894 0.4913502 -0.8618161 -0.116216 0.6356784 -0.7631559 -0.09439611 0.7776619 -0.6215558 -0.06448602 0.8494579 -0.5237011 -0.05505686 0.8649795 -0.4987778 0.1033682 0.8211475 -0.5612772 0.1007428 0.8711615 -0.4805503 0.1586396 0.9012058 -0.4033132 -0.08542186 0.9002717 -0.4268653 -0.08209663 0.8878955 -0.4526609 -0.2143995 0.8545156 -0.4731133 -0.2130265 0.8584238 -0.4666136 -0.256419 0.8666424 -0.4279956 -0.275496 0.8360098 -0.4745415 -0.2941765 0.8097407 -0.5077207 -0.3127932 0.7816931 -0.5395522 -0.3321973 0.753479 -0.5673752 -0.2537679 0.8673889 -0.4280636 -0.2479349 0.8816584 -0.4015057 -0.2576757 0.8834161 -0.3913815 -0.2993662 0.8218303 -0.4847419 -0.00677514 0.9997617 -0.02075266 -4.57789e-4 0.9998103 -0.01947122 -0.002410948 0.9943022 -0.1065716 0.01257371 0.9997044 -0.02081382 0.01879942 0.9993602 -0.03042697 -0.02469015 0.9996917 0.00262463 -0.1156073 0.9932223 -0.01202458 -0.2615745 0.9649966 -0.01898252 -0.4260454 0.9045225 -0.0180062 -0.5745575 0.8182546 -0.01852524 -0.706211 0.7078284 -0.01565623 -0.8160512 0.5759876 0.04794555 -0.809455 0.576168 0.1131949 -0.7969853 0.5760549 0.1815908 -0.537909 0.8196972 0.1968518 0.3460863 0.005462884 -0.9381868 0.3468217 -0.02435439 -0.9376149 0.2381421 0.005340874 -0.9712156 0.2270021 -0.02014267 -0.9736859 0.1740177 -0.01516777 -0.9846257 0.1199075 -0.01651054 -0.9926478 0.08423137 -0.04507601 -0.9954262 0.03729403 -0.03299087 -0.9987597 0.01892173 -0.04104799 -0.9989781 0.06512796 -0.6779839 0.732186 0.07553476 -0.710271 0.699864 0.09439545 -0.7547364 0.6492015 0.1287913 -0.6622072 0.7381697 0.07840317 -0.351731 0.932812 0.09293109 -0.3177053 0.9436245 0.180703 -0.4110909 0.8935047 0.1872074 -0.3533564 0.9165657 0.2036817 -0.3223689 0.9244416 0.5098925 -0.6866015 0.5182549 0.5625333 -0.6442337 0.5181886 0.6114808 -0.5976862 0.5185196 0.656841 -0.5476421 0.5183129 0.6980174 -0.4940844 0.5183171 0.7960289 -0.4738696 0.3765443 0.8310104 -0.4095997 0.3763642 0.8646535 -0.3315354 0.3774371 0.8701357 -0.02661281 0.4920932 0.7109512 -0.07208698 0.6995369 0.9628686 -0.2679247 0.03317391 0.9597756 -0.2444913 0.1380394 0.9733449 -0.2259632 0.03924751 0.9520696 -0.2088108 0.2235209 0.927441 -0.1979154 0.3173057 0.8049696 -0.1777427 0.5660668 0.8530409 -0.07956343 0.5157432 0.9219681 -0.06082361 0.3824596 0.9450318 -0.004028499 0.3269538 0.9695088 0.04333746 0.2411946 0.9956828 0.07745724 -0.05114984 0.9916282 0.1268376 -0.02420169 0.9794294 0.1664224 -0.1141121 0.9506437 0.1615078 -0.2649375 0.8912543 0.1514061 -0.4274834 0.8050608 0.1367862 -0.577206 0.5693047 0.04907482 -0.8206606 0.2557189 1.83114e-4 -0.9667512 0.1796979 0.01278758 -0.9836388 -0.0195626 0.193795 -0.980847 -0.02444589 0.271316 -0.9621799 -0.07584071 0.2723857 -0.9591946 -0.08005279 0.3343114 -0.9390567 -0.111456 0.4395374 -0.8912825 -0.2121079 0.4640128 -0.8600595 -0.1659968 0.5882373 -0.7914682 -0.1298285 0.6893669 -0.7126836 0.04867815 0.8682112 -0.4938012 -0.02121073 0.8565182 -0.515681 -0.04352056 0.855488 -0.5159907 0.04028552 0.9170152 -0.3968127 -0.04129248 0.9108775 -0.4106059 -0.193615 0.8456009 -0.4974661 -0.2216922 0.8393113 -0.4963964 -0.2679913 0.8298546 -0.48941 -0.2819383 0.8246954 -0.4902942 -0.2704572 0.8387773 -0.4725523 -0.2118972 0.8596135 -0.4649348 -0.2553816 0.8601732 -0.4414548 -0.3469969 0.7326303 -0.5855305 -0.3036006 0.8047187 -0.5101516 -0.2603596 0.8598183 -0.4392328 -0.2567904 0.8678197 -0.4253796 -0.2910907 0.8483076 -0.4423126 -0.2938699 0.8438573 -0.4489382 -0.2950597 0.8442528 -0.4474116 -0.266678 0.8210926 -0.5046679 -0.1683731 0.9074812 -0.3848745 -0.08527165 0.966494 -0.2421118 -0.006744623 0.9997345 -0.02203452 0.0227673 0.9991374 -0.03473079 0.0464493 0.9961276 -0.07464849 0.01773148 0.9993723 -0.03067147 -0.01611387 0.9997324 -0.01660215 -0.05911564 0.9956273 -0.07233041 -0.249737 0.9653465 -0.07574814 -0.3469736 0.934897 -0.07468062 -0.4403006 0.8947622 -0.07440578 -0.5248922 0.8479639 -0.07379436 -0.6133229 0.7865219 -0.07223999 -0.6872059 0.7232187 -0.06857711 -0.7650194 0.6437674 -0.01757889 -0.779942 0.5759534 0.244884 -0.6655382 0.7042674 0.2471162 -0.5866917 0.7793258 0.2201009 0.1275407 0.004974663 -0.9918209 0.1199111 -0.01651102 -0.9926474 0.03769105 0.002075254 -0.9992874 0.01937961 -0.04144501 -0.9989529 0.07181131 -0.7064248 0.7041358 0.07382458 -0.7274733 0.6821531 0.1046814 -0.6601338 0.743818 0.0824331 -0.2972598 0.9512315 0.08658188 -0.2454934 0.965524 0.1816172 -0.4662352 0.8658176 0.2267898 -0.3053774 0.9248303 0.3113257 -0.4192413 0.8528267 0.3877148 -0.5220293 0.7597122 0.4544916 -0.6120316 0.6471897 0.7347579 -0.437406 0.5184659 0.7317892 -0.04477161 0.6800591 0.7124652 -0.07773178 0.6973888 0.9286095 -0.2857518 0.2367073 0.9674444 -0.2287075 0.108372 0.934753 -0.2259973 0.2741572 0.8870663 -0.2184857 0.4066662 0.9167747 -0.07721424 0.3918702 0.9014188 0.07007235 0.42724 0.9610574 0.07660377 0.2655192 0.9827162 0.1145077 0.1454542 0.9882342 0.1323301 0.07669413 0.694679 0.1180179 -0.7095723 0.4194284 0.03616547 -0.9070677 0.2567594 0.00601226 -0.9664567 0.1706611 6.10376e-5 -0.9853299 0.1137445 0.01290953 -0.9934262 0.02468979 0.1039475 -0.9942764 -0.02160745 0.1894926 -0.9816444 -0.0032655 0.2491567 -0.9684577 -0.1437742 0.3251477 -0.93467 -0.1659933 0.3709902 -0.9136808 -0.1887326 0.4172628 -0.8889724 -0.2368573 0.511253 -0.8261472 -0.1444786 0.7402776 -0.6565935 -0.1057789 0.8247766 -0.5554767 -0.03170931 0.8732725 -0.4861993 0.06659388 0.9197406 -0.3868367 -0.1234186 0.9026588 -0.4122804 -0.1462768 0.8976206 -0.4157889 -0.1214038 0.8572126 -0.5004476 -0.2592275 0.8318843 -0.4906829 -0.2565762 0.8300961 -0.4950851 -0.2966216 0.8100863 -0.5057431 -0.3344258 0.7504591 -0.5700621 -0.3674818 0.695075 -0.6179224 -0.379935 0.7018224 -0.6025735 -0.3709661 0.6792754 -0.6332213 -0.3738369 0.6759523 -0.6350863 -0.2893509 0.8234339 -0.4880908 -0.2850469 0.8400948 -0.4615074 -0.3206384 0.80947 -0.4918836 -0.2978358 0.8434563 -0.4470742 -0.3683984 0.7102755 -0.5998262 -0.02774202 0.9942879 -0.1030636 -0.005035638 0.9943476 -0.1060544 0.01232969 0.999778 -0.01709073 0.04501599 0.9967005 -0.06753927 0.06262457 0.9925934 -0.1040996 -0.1511938 0.9849269 -0.08402031 -0.740516 0.6688876 -0.06500571 -0.8187671 0.5738511 -0.01776212 -0.9029424 0.426476 0.05304241 -0.895653 0.4267528 0.1252516 -0.8817574 0.4267789 0.2009071 -0.7163132 0.6451122 0.2659432 0.008087575 -6.71426e-4 -0.9999671 0.04623645 -0.7058468 0.7068539 0 0 1 0.12058 -0.3199293 0.939737 0.09921675 -0.2088099 0.9729104 0.1789041 -0.3028736 0.9360882 0.1535701 -0.2036513 0.9669243 0.5013701 -0.574189 0.647252 0.5451057 -0.5328065 0.6472844 0.5854211 -0.4881256 0.6473141 0.6221972 -0.4404241 0.6472229 0.6550046 -0.3899142 0.6472527 0.7670786 -0.3780763 0.5183137 0.7993833 -0.3030533 0.518792 0.8130859 0.02295023 0.5816912 0.7295233 0.0127874 0.6838365 0.9619398 -0.2649386 -0.06692892 0.8465447 -0.212567 0.4880343 0.8086875 -0.07922679 0.5828788 0.9178285 -0.05523937 0.3931152 0.8146877 0.06369417 0.5763914 0.9953038 0.08014184 0.05429261 0.9865272 0.148475 0.06869828 0.9855467 0.1677318 -0.02374368 0.9624412 0.2463173 -0.1141709 0.9341445 0.2390907 -0.2649713 0.875788 0.2241658 -0.4274869 0.7911201 0.2024647 -0.5771802 0.5633503 0.09570759 -0.8206561 0.1066021 9.15563e-5 -0.9943018 0.02343887 0.06439596 -0.9976492 -0.04730439 0.16172 -0.9857022 -0.06525003 0.2178155 -0.9738065 -0.1227177 0.2799527 -0.9521381 -0.2805908 0.3773357 -0.8825457 -0.3131578 0.4164959 -0.8535007 -0.2185503 0.604653 -0.7659181 -0.1735605 0.6490744 -0.7406614 -0.06769216 0.8877196 -0.4553809 0.001709043 0.8979982 -0.4399959 -0.01232957 0.8966425 -0.4425837 -0.06103885 0.9118595 -0.4059389 -0.01797592 0.9154621 -0.4020025 -0.0827983 0.9069666 -0.4129844 -0.1412439 0.9012085 -0.4097235 -0.1286679 0.9010721 -0.4141422 -0.1717951 0.831111 -0.5289055 -0.2322842 0.7905783 -0.5665953 -0.2903017 0.7475147 -0.5974502 -0.348164 0.7408863 -0.5743426 -0.3683722 0.6889507 -0.6242185 -0.3445287 0.737491 -0.5808676 -0.3187128 0.7811103 -0.5369256 -0.2898718 0.8280788 -0.4798541 -0.3369599 0.7951717 -0.5041428 -0.3289968 0.7100289 -0.6225914 -0.2287744 0.8210672 -0.5229828 -0.1395656 0.9074666 -0.3962651 -0.06720322 0.9664814 -0.2477852 -0.004822015 0.9998082 -0.01898288 -0.001678526 0.9997443 -0.02255356 -0.005554497 0.9666699 -0.2559658 0.01123082 0.9997591 -0.01886045 0.04602301 0.9966069 -0.06824105 0.08963519 0.9855602 -0.1436544 0.05313426 0.9943529 -0.09186339 0.002868711 0.9991518 -0.04107815 -0.1184764 0.9825728 -0.1432276 -0.2193735 0.9649934 -0.1437464 -0.3173369 0.9374533 -0.1431037 -0.4121971 0.9001133 -0.1410309 -0.5038139 0.8528641 -0.137093 -0.5918966 0.7952485 -0.1312952 -0.6730973 0.7290691 -0.1240903 -0.7430178 0.6579306 -0.1226867 -0.8654657 0.5006992 -0.01641935 -0.8636609 0.5036877 -0.0197153 -0.8629021 0.4265984 0.2709501 -0.7687217 0.5733672 0.2834028 -0.6616261 0.7086867 0.2449777 0.02847456 -0.7039301 0.7096983 0.09329557 -0.2756142 0.9567303 0.09317541 -0.224561 0.9699953 0.09537392 -0.2032914 0.9744622 0.08109033 -0.1506137 0.9852613 0.08475142 -0.1524732 0.984667 0.158792 -0.2523337 0.9545223 0.1558319 -0.1783247 0.9715538 0.2501624 -0.2865102 0.9248409 0.3434643 -0.3933328 0.8528316 0.427662 -0.4897985 0.7597386 0.6836577 -0.3369916 0.6473399 0.4017866 -0.1846112 0.8969317 0.9161508 -0.2877029 0.2790966 0.8408689 -0.2246834 0.492399 0.8403992 -0.2257179 0.4927278 0.8716205 -0.006836235 0.4901339 0.8052495 0.1368176 0.5769352 0.8913092 0.1514356 0.4273585 0.950711 0.1615088 0.2646951 0.9806975 0.1743855 0.08844405 0.6826251 0.174723 -0.7095737 0.4150232 0.07049804 -0.9070755 0.2568188 0.02212637 -0.9662064 0.1075802 0.002319455 -0.9941937 0.02127176 1.22076e-4 -0.9997738 0.02337735 0.01290941 -0.9996435 -0.02667331 0.03592044 -0.9989987 0.002288877 0.1864398 -0.9824638 -0.1276605 0.1998376 -0.9714771 -0.1908995 0.2624983 -0.9458605 -0.2198578 0.3003665 -0.9281393 -0.2497662 0.3386066 -0.9071727 -0.3053439 0.5078383 -0.8055219 -0.2618544 0.5585007 -0.7870892 -0.1938288 0.6990777 -0.6882739 -0.1606519 0.7882445 -0.5940216 -0.1107238 0.8649461 -0.4894983 -0.1200007 0.9143493 -0.3867368 0.03735584 0.9236417 -0.3814325 -0.3247547 0.7503449 -0.5757751 -0.3302849 0.7284458 -0.6002322 -0.3280524 0.7306636 -0.598759 -0.3883618 0.6290698 -0.6733843 -0.4734126 0.5691816 -0.6722447 -0.3941891 0.626259 -0.6726179 -0.3904003 0.6371472 -0.6645534 -0.3222263 0.7824014 -0.5329338 -0.3206954 0.7923082 -0.5190396 -0.3589715 0.7541087 -0.5499632 -0.3726078 0.7428963 -0.5561193 -0.4271754 0.5777565 -0.695499 -0.02020359 0.9943424 -0.1042837 -0.005554497 0.9996939 -0.02411031 -0.01275694 0.9942493 -0.1063283 -0.01309281 0.9665809 -0.2560275 0.01147502 0.9997313 -0.02014231 0.05597198 0.9943732 -0.08993977 0.09067362 0.9866061 -0.1355984 0.1028478 0.9793735 -0.1739256 0.1203063 0.9715144 -0.2041727 0.003143429 0.9991284 -0.04162776 -0.04821968 0.9884129 -0.1439267 -0.8104736 0.5749552 -0.1120673 -0.9054951 0.4239987 -0.01742625 -0.9626711 0.2646941 0.0565828 -0.9550914 0.264508 0.133551 -0.9402853 0.2645068 0.2142422 -0.8089276 0.5065373 0.2984227 -0.7421411 0.5978147 0.303058 -0.7004183 0.6548834 0.2837991 6.10379e-4 -0.6992507 0.7148764 0.1263505 -0.2332602 0.9641708 0.07580983 -0.1247933 0.9892823 0.08020305 -0.1166118 0.989934 0.07852548 -0.0973863 0.992144 0.4651381 -0.4546701 0.7595536 0.4995132 -0.4164696 0.7596312 0.5307958 -0.375726 0.7596617 0.5588347 -0.3326884 0.7596197 0.583323 -0.2875565 0.7596352 0.713689 -0.2676525 0.64731 0.7458307 0.06198465 0.6632455 0.7287055 0.03998005 0.6836593 0.7569682 -0.0785259 0.6487165 0.9218977 -0.05035686 0.3841469 0.7031696 0.05597275 0.7088157 0.6948923 0.1180483 0.7093583 0.9820409 0.1880276 -0.01553416 0.968486 0.2479658 -0.02340793 0.9389207 0.3246318 -0.1142025 0.9113354 0.3150808 -0.2649376 0.8544158 0.2953954 -0.4274521 0.7717707 0.2668297 -0.5772105 0.5535625 0.1416714 -0.8206691 0.0210582 3.35711e-4 -0.9997783 0.03631764 0.1037037 -0.993945 -0.02679574 0.03546315 -0.9990117 -0.01953208 0.1201224 -0.992567 -0.0378127 0.1029703 -0.9939655 -0.1026676 0.1619364 -0.9814459 -0.1631529 0.2255026 -0.9604842 -0.3449899 0.286576 -0.8937876 -0.3833498 0.3168182 -0.8675651 -0.3564061 0.4442105 -0.8219803 -0.2424741 0.6539936 -0.7165883 0.02233982 0.9070223 -0.4204897 -0.03247272 0.904446 -0.4253506 -0.2146762 0.7470633 -0.6291349 -0.2677443 0.7012684 -0.6607085 -0.3281144 0.7255384 -0.6049256 -0.3253948 0.7271483 -0.6044614 -0.4483274 0.5153477 -0.7303556 -0.4054812 0.6184764 -0.6731062 -0.3810318 0.6773119 -0.6293358 -0.3528068 0.7318604 -0.5830162 -0.3714484 0.7421948 -0.5578288 -0.4045987 0.6836397 -0.6074017 -0.381404 0.5776148 -0.7217286 -0.282217 0.7100442 -0.6451285 -0.189617 0.8210637 -0.5384235 -0.1099616 0.9074654 -0.4054814 -0.04873925 0.9664839 -0.2520586 -0.003662168 0.9998183 -0.01870787 -0.002746701 0.9998007 -0.01977622 -0.003753781 0.999706 -0.02395725 0 1 -1.1487e-4 -0.002014219 0.9997612 -0.0217598 -0.03003096 0.9664856 -0.2549583 -0.009125173 0.907759 -0.419393 0.008942067 0.9998056 -0.01757895 0.1344358 0.97038 -0.200723 0.1316291 0.9687998 -0.2100022 0.1022074 0.9784937 -0.1791758 0.01925766 0.9960585 -0.08658325 -0.08261615 0.9733266 -0.214033 -0.1864427 0.9586434 -0.2150393 -0.2869114 0.9337971 -0.2137872 -0.3849982 0.898665 -0.2101849 -0.4801323 0.8531107 -0.2041447 -0.5715367 0.7969834 -0.1953546 -0.656106 0.7318246 -0.1842761 -0.6915032 0.7018796 -0.1708462 -0.7845184 0.5839788 -0.208566 -0.8659226 0.4908106 -0.09634923 -0.9380204 0.3462756 -0.01452732 -0.9201626 0.2642377 0.288928 -0.8507447 0.4226867 0.3123609 -0.7694517 0.5733655 0.2814182 5.79873e-4 -0.6992042 0.7149218 -2.63435e-4 0 1 -3.03951e-5 0 1 -0.07544314 -1.52595e-4 0.9971502 0.06122153 -0.07867854 0.9950184 0.09604406 -0.1403275 0.9854359 0.05313366 -0.06100761 0.9967222 0.1646211 -0.1600127 0.9732913 0.2719598 -0.2658253 0.9248648 0.3734605 -0.3650678 0.8527913 0.6099904 -0.226179 0.7594438 0.7315579 0.04226976 0.6804678 0.7576308 -0.07696855 0.6481292 0.7063416 -0.07254463 0.7041441 0.9118773 0.04074287 0.4084358 0.6738025 0.06448704 0.7360922 0.6829871 0.1748134 0.709203 0.791279 0.2025274 0.5769405 0.875872 0.2241944 0.4273 0.9342324 0.2391203 0.2646346 0.9574799 0.2060048 0.2019762 0.9571473 0.2887739 -0.02188235 0.945554 0.3247576 -0.02145516 0.6659586 0.2302365 -0.7095705 0.4078326 0.1043768 -0.9070712 0.2541331 0.04315406 -0.9662061 0.1079746 0.009216547 -0.994111 0.02264511 9.7661e-4 -0.9997431 -0.003082394 0.003784358 -0.9999881 -0.03665369 0.03134334 -0.9988364 0.01373338 0.1322372 -0.991123 -0.08402031 0.1170425 -0.9895664 -0.1697496 0.1412444 -0.9753129 -0.2028326 0.1694138 -0.9644469 -0.2367704 0.1983158 -0.9511103 -0.2717701 0.2275788 -0.9350664 -0.3077242 0.2570624 -0.9160921 -0.4236149 0.3476206 -0.8364869 -0.3372086 0.5521262 -0.7625268 -0.2903932 0.6049273 -0.7414411 -0.3206008 0.6533176 -0.6858508 -0.2859936 0.7717036 -0.5680503 -0.4475322 0.5119581 -0.7332216 -0.4516175 0.5000814 -0.7388912 -0.4092624 0.584229 -0.7008429 -0.4254645 0.5591374 -0.7115795 -0.3551188 0.7375826 -0.5743366 -0.3972984 0.6880239 -0.6072702 -0.3714498 0.7414346 -0.558838 -0.4348425 0.6196689 -0.6533931 -0.4739981 0.4274864 -0.769793 -0.0491656 0.9074741 -0.4172214 -0.02145457 0.9076245 -0.4192346 0.01080381 0.9996894 -0.02246218 0.04974555 0.9942709 -0.09460818 0.1336107 0.9665263 -0.2190325 0.1340413 0.9703961 -0.2009094 0.1568385 0.9531783 -0.2585594 0.1346214 0.9641408 -0.2287129 0.1695943 0.9423977 -0.2883135 0.02194327 0.9876313 -0.155251 -0.01239061 0.9779754 -0.2083519 -0.9140254 0.3967826 -0.08438611 -0.9383973 0.3452306 -0.01504582 -0.9918074 0.1136528 0.05832183 -0.9839284 0.1138659 0.1375485 -0.9687081 0.1135922 0.2206839 -0.877329 0.3521584 0.3260037 -0.825132 0.4525774 0.3381283 -0.7960064 0.5081476 0.3288768 0 1 -4.1862e-5 5.06128e-4 -0.6992477 0.7148793 0.1047425 0.2329849 0.9668232 0.1052282 0.1576287 0.9818759 0.07413029 -0.07657182 0.9943045 0.0589928 -0.06222784 0.996317 0.4011076 -0.3343936 0.8528152 0.4262058 -0.3016859 0.8528389 0.4487494 -0.2671622 0.8527886 0.4685069 -0.2309116 0.8527492 0.4908809 -0.1797618 0.8524798 0.6715139 0.0801739 0.7366418 0.7304432 0.04980707 0.681155 0.7978991 -0.2302078 0.5571011 0.5693684 0.04391729 0.8209086 0.563848 0.09580069 0.8203034 0.5539202 0.1417608 0.8204123 0.968589 0.2449474 0.042849 0.9685881 0.2411322 -0.06076371 0.9303797 0.3658039 -0.02411019 0.9090788 0.4006575 -0.1142337 0.8823701 0.3889057 -0.2649064 0.827251 0.3646118 -0.4274507 0.7472502 0.3293406 -0.5771932 0.54003 0.1866834 -0.8206809 -0.07956314 0.005737543 -0.9968134 -0.0748946 0.007812917 -0.9971609 -0.05865746 0.08145517 -0.9949495 -0.1373952 0.1138347 -0.9839534 -0.4043786 0.1932777 -0.8939361 -0.4473445 0.2138757 -0.8684124 -0.4877543 0.2406727 -0.8391498 -0.4244295 0.4384682 -0.7922155 -0.3817409 0.4969224 -0.7793216 -0.3755949 0.6014951 -0.7050759 -0.4507145 0.503422 -0.7371722 -0.414171 0.5795525 -0.7018414 -0.4326717 0.5407405 -0.7213841 -0.450461 0.5147036 -0.7294965 -0.415035 0.6130762 -0.672223 -0.3870193 0.6770474 -0.6259575 -0.4344707 0.6192947 -0.653995 -0.4618756 0.5512965 -0.6947972 -0.4222955 0.4278195 -0.7991477 -0.3271673 0.5775785 -0.7479069 -0.2339044 0.7100149 -0.6642045 -0.1494215 0.8210859 -0.5509003 -0.07980757 0.9074564 -0.4124968 -0.01242142 0.8213722 -0.5702574 0.007782399 0.9998152 -0.01757913 0.1341611 0.9701965 -0.2017911 0.17329 0.9455263 -0.2755916 0.1668481 0.9447505 -0.2821494 0.1528698 0.9517053 -0.266248 0.02368295 0.9874516 -0.1561366 0.04528969 0.9855709 -0.1630919 -0.04635852 0.9574459 -0.2848654 -0.1528714 0.9457639 -0.2866377 -0.2564492 0.9234672 -0.2853809 -0.3577111 0.8906614 -0.2806511 -0.4556536 0.8473998 -0.2725681 -0.550571 0.7930175 -0.2607582 -0.638798 0.7290739 -0.2457408 -0.7179956 0.657537 -0.2283144 -0.8505735 0.4915442 -0.1868393 -0.9244815 0.3714772 -0.08566683 -0.965705 0.2595315 -0.007568597 -0.9843102 0.1755473 -0.01779276 -0.9478451 0.1140783 0.2976169 -0.9098219 0.2513905 0.3301923 -0.8523751 0.4204957 0.3108702 0 1 3.81697e-6 6.12964e-4 -0.6991955 0.7149302 -0.1180186 -0.001312315 0.9930105 0.08481335 0.3222848 0.9428358 0.1018432 -0.09586137 0.990171 0.1759723 -0.1467046 0.9734021 0.2920668 -0.243511 0.9248781 0.5809628 0.08313417 0.8096734 0.7276729 0.04754912 0.6842743 0.7305366 0.0500819 0.6810346 0.713275 -0.2140344 0.667404 0.6451533 -0.06885212 0.7609446 0.8001791 0.04837268 0.5978072 0.5020096 -0.034334 0.8641803 0.5405548 0.1868686 0.8202931 0.6663311 0.2303608 0.7091804 0.7719472 0.266858 0.5769614 0.8544769 0.2953954 0.42733 0.9113899 0.3150785 0.2647526 0.9563469 0.2606332 0.1321783 0.9286292 0.3708963 -0.009155631 0.9182654 0.3958967 -0.007385671 0.6447797 0.284195 -0.709572 0.3978446 0.1375488 -0.9070833 0.2497373 0.06390684 -0.9662026 0.1067245 0.01818925 -0.9941223 0.02069211 0.001342833 -0.9997851 -0.02246171 0.02282798 -0.9994871 -0.03412073 0.0467863 -0.998322 -0.1301022 0.05975604 -0.9896984 -0.2027361 0.09402829 -0.9747085 -0.2414664 0.1134086 -0.9637596 -0.2809282 0.1333073 -0.9504255 -0.3211852 0.1534511 -0.9345014 -0.3622918 0.1734398 -0.9157856 -0.5086899 0.2775699 -0.8149782 -0.441431 0.4124987 -0.7968586 -0.4527173 0.5045078 -0.7352001 -0.4145503 0.5798455 -0.7013753 -0.447287 0.497674 -0.7431386 -0.4485136 0.4721356 -0.7588963 -0.4481737 0.4937998 -0.745186 -0.4673175 0.4484259 -0.7619242 -0.4405791 0.5452609 -0.7131485 -0.4271443 0.6189259 -0.6591499 -0.4513184 0.5890823 -0.6702939 -0.4345352 0.6191471 -0.6540918 -0.485266 0.480749 -0.7303406 -0.5061687 0.2653074 -0.8206128 -0.1084043 0.8210592 -0.5604554 -0.06680756 0.821071 -0.5669031 -0.02914577 0.8212712 -0.5697932 0.009002983 0.9997016 -0.02270591 0.04269659 0.9943214 -0.09747886 0.1199695 0.9664704 -0.2270296 0.176126 0.9479249 -0.2653641 0.1878777 0.9315146 -0.3114205 0.197887 0.9208886 -0.3358646 0.2175083 0.9021393 -0.3726055 0.125647 0.968645 -0.2143355 0.06561541 0.9815149 -0.1797862 0.04364222 0.9579631 -0.2835527 -0.7412263 0.616127 -0.2664044 -0.8283478 0.485619 -0.2793102 -0.9019958 0.4010227 -0.1599513 -0.9433537 0.3042171 -0.1324235 -0.9826641 0.1849781 -0.01242136 -0.9943653 0.1055952 -0.009338736 -0.9898585 0.025514 0.1397472 -0.983612 0.02469021 0.1785999 -0.9646397 0.02279758 0.2625842 -0.9243646 0.1825351 0.3350089 -0.8708551 0.3616483 0.3328995 -0.8508706 0.422658 0.3120571 0 1 -2.16057e-5 5.72491e-4 -0.6994651 0.7146665 -0.1387376 -2.74668e-4 0.9903292 0.1094713 0.2795533 0.9538689 0.1115469 0.1887905 0.9756616 0.07315498 0.07767182 0.9942914 0.08524048 -0.08740735 0.9925191 0.07761049 -0.0644567 0.994898 0.3104137 -0.2197098 0.9248627 0.3267986 -0.1945593 0.924851 0.3411434 -0.1681301 0.9248532 0.3586638 -0.1293411 0.9244627 0.4944347 0.0574668 0.8673131 0.7212569 0.03329628 0.6918671 0.7269654 0.04379492 0.6852763 0.6499331 -0.1997165 0.7332805 0.587098 -0.06155723 0.807172 0.4065783 0.006073296 0.9135958 0.4204337 0.02929848 0.9068501 0.4156649 0.07062029 0.9067721 0.4083502 0.1044986 0.9068242 0.398372 0.1377043 0.9068281 0.9447595 0.3238112 0.05075377 0.9633709 0.2681728 -1.22077e-4 0.937928 0.3460616 -0.02307277 0.9138324 0.3952219 -0.09332728 0.914943 0.4028875 -0.02368307 0.8730819 0.474018 -0.1141708 0.8474103 0.4600986 -0.2649626 0.7944746 0.4313577 -0.4274818 0.7176632 0.3896409 -0.5771825 0.5228498 0.2304482 -0.8206837 0.02175974 0.00238043 -0.9997604 0 0.02090567 -0.9997815 -0.09653091 0.006378412 -0.9953095 -0.09107005 0.04184216 -0.9949651 -0.1644657 0.07538133 -0.9834982 -0.457179 0.1028195 -0.8834114 -0.5044836 0.1110596 -0.8562488 -0.5221886 0.1734117 -0.8350135 -0.518 0.2358818 -0.822214 -0.5045832 0.2909449 -0.8128634 -0.4617025 0.379696 -0.8016619 -0.4912995 0.3959877 -0.7757697 -0.4507079 0.4608097 -0.764537 -0.3680607 0.647677 -0.6671177 -0.4732916 0.4118565 -0.7786973 -0.4853802 0.4004448 -0.7772066 -0.4653216 0.4728903 -0.7482318 -0.4638063 0.5059539 -0.7272514 -0.4425557 0.5738484 -0.6890881 -0.4824468 0.5062822 -0.7147891 -0.486232 0.4806775 -0.7297448 -0.523985 0.3348267 -0.7831544 -0.450488 0.2652084 -0.8524817 -0.3622633 0.4277271 -0.8281394 -0.2711648 0.5775491 -0.7700044 -0.1843343 0.7099621 -0.6796873 -0.01532047 0.7102969 -0.7037354 0.007141351 0.9997944 -0.01898264 0.2211735 0.907248 -0.3577476 0.2174173 0.9196594 -0.3270416 0.2114062 0.9164296 -0.3398004 0.2024921 0.9152583 -0.3482803 0.2001463 0.9153994 -0.3492642 -0.01132267 0.9344138 -0.3560093 -0.1194533 0.9258391 -0.3585429 -0.2255949 0.9063779 -0.357192 -0.3296726 0.8761258 -0.3517382 -0.4307555 0.835142 -0.3420346 -0.5293485 0.782685 -0.3274056 -0.6207354 0.7207782 -0.3084907 -0.7028605 0.6510997 -0.2864546 -0.9727429 0.20921 -0.1000118 -0.9922113 0.1048641 -0.06723386 -0.9994968 0.02380478 0.02096652 -0.998021 0.02313309 0.0584737 -0.9745912 0.02288919 0.2228186 -0.953488 0.0237441 0.3004943 -0.9490445 0.117467 0.2924315 -0.9162203 0.2482135 0.3145321 -0.9173347 0.2475686 0.3117802 0 1 2.86273e-6 5.13436e-4 -0.699422 0.7147088 -0.1388316 -2.74672e-4 0.990316 -7.0502e-5 0 1 0.1068482 0.2773903 0.9547974 0.1415477 0.3656193 0.9199385 0.1308956 0.2678036 0.9545406 0.09881949 0.1479546 0.9840448 0.09793448 0.1165204 0.9883481 0.04181051 0.03241074 0.9985998 0.04727369 -0.04345881 0.9979362 0.0802046 -0.05710148 0.9951416 0.1870195 -0.1323602 0.9733985 0.711252 0.00488305 0.7029203 0.7254724 0.02090561 0.6879338 0.7271971 0.04626619 0.6848679 0.5177595 -0.05124181 0.8539903 0.3760297 0.1507049 0.9142701 0.3817573 -0.02017277 0.9240425 0.4394521 -0.08606535 0.8941335 0.3857295 0.1700212 0.9068107 0.5233138 0.2306645 0.8203272 0.6449994 0.2842893 0.7093346 0.7474138 0.3294236 0.5769339 0.8273027 0.3646076 0.4273543 0.9471418 0.3093761 0.0849052 0.9160237 0.4010789 0.006042718 0.6192429 0.336204 -0.709581 0.3852184 0.1697805 -0.907073 0.2436336 0.08423256 -0.9662027 0.1048332 0.02673476 -0.9941304 0.02200442 0.002990841 -0.9997535 5.49348e-4 0.02081418 -0.9997833 -0.05133253 0.01992875 -0.9984828 -0.1475309 0.01217722 -0.9889824 -0.1661751 0.02694809 -0.985728 -0.2353032 0.05346965 -0.9704501 -0.2779982 0.06347966 -0.9584818 -0.3217634 0.07550436 -0.9438048 -0.3664439 0.08585047 -0.926471 -0.4128355 0.09256523 -0.9060896 -0.5299349 0.2007856 -0.8239261 -0.5245407 0.2165367 -0.8233888 -0.5022633 0.3163371 -0.8047749 -0.4900176 0.3616229 -0.7931656 -0.4698054 0.3976286 -0.7881463 -0.4992425 0.3582412 -0.7889362 -0.4852498 0.4303464 -0.7611404 -0.4577905 0.5425428 -0.704326 -0.5076619 0.407863 -0.7588987 -0.5245407 0.3344339 -0.7829502 -0.5373182 0.2557801 -0.8036578 -0.5213326 0.1145393 -0.8456318 -0.1337656 0.7099986 -0.6913818 -0.08243143 0.7099604 -0.6994009 -0.03595155 0.7101811 -0.7031006 2.7467e-4 0.9997672 -0.02157682 0.03585976 0.9942165 -0.1012314 0.1029099 0.9664739 -0.23524 0.1962713 0.907469 -0.3714537 0.2170245 0.9197068 -0.3271696 0.2227581 0.9022633 -0.3691881 0.2286487 0.8928653 -0.3879581 0.2367051 0.8814487 -0.4086794 0.2659472 0.8475579 -0.4592579 0.1750865 0.9375383 -0.3006104 0.1372457 0.9663053 -0.2177559 0.06451827 0.9381701 -0.3401095 -0.7639595 0.563295 -0.3147457 -0.8889772 0.3903772 -0.2394269 -0.9337297 0.2980488 -0.1982821 -0.9985811 0.03115987 -0.04318434 -0.9996805 0.02517813 -0.002227842 -0.9969224 -0.0324108 0.07138311 -0.9941529 -0.04428291 0.09848445 -0.9783913 -0.04178106 0.2024963 -0.9698183 -0.04660326 0.2393339 -0.9594607 -0.0413534 0.2787923 -0.9506988 0.04779279 0.3064112 -0.9489192 0.1125836 0.29475 -0.9146298 0.2471749 0.3199328 0 1 -3.87222e-5 -1.59164e-4 -0.7029689 0.7112206 -0.140477 -3.35704e-4 0.990084 0.1038554 0.3493484 0.9312195 0.2042636 0.5742453 0.7927918 0.2057024 0.4552617 0.8662698 0.1088012 0.2021597 0.9732903 0.1178022 0.1960827 0.9734857 0.2012748 0.2947554 0.9341348 0.1642524 0.2298374 0.9592684 0.1053228 0.1238481 0.9866959 0.07818949 0.06625658 0.9947344 0.01901304 -0.01562547 0.9996972 0.001068174 -7.01947e-4 0.9999993 0.08093672 -0.06228953 0.994771 0.1968771 -0.1171924 0.9733989 0.2054268 -0.1012637 0.9734195 0.2176608 -0.07788419 0.9729121 0.42372 0.001739501 0.9057915 0.7178996 -0.02371329 0.6957427 0.5050052 -0.1617225 0.8478299 0.579828 -0.1823502 0.7940705 0.4537286 -0.04257422 0.8901224 0.3903091 -0.0646395 0.918412 0.2584991 0.01611423 0.9658772 0.2545617 0.04324585 0.9660891 0.250194 0.06402868 0.9660762 0.2439971 0.08435368 0.9661004 0.2362806 0.1041319 0.9660891 0.8823912 0.3889015 0.2648425 0.9061774 0.4228746 -0.004425287 0.8787046 0.4767381 -0.02447623 0.831156 0.5441853 -0.1142023 0.8067368 0.5281907 -0.2649347 0.7563501 0.4951998 -0.4274479 0.6831849 0.4472976 -0.5772203 0.5021683 0.2726309 -0.8206701 0.02221781 0.004730403 -0.999742 0.0202338 0.003723263 -0.9997884 0.001098692 0.0223096 -0.9997506 0 0 -1 -0.07968479 0.004974544 -0.9968078 -0.1216506 0.02145516 -0.9923412 -0.193432 0.04034662 -0.9802837 -0.4829131 0.0162059 -0.8755184 -0.5254869 0.01477146 -0.8506735 -0.5458407 0.1101447 -0.8306179 -0.5306661 0.2199206 -0.8185527 -0.4552889 0.4298967 -0.77968 -0.4548619 0.4305685 -0.7795584 -0.5186449 0.2680815 -0.8118743 -0.50333 0.3512506 -0.7894822 -0.5044462 0.3846902 -0.7730121 -0.4835824 0.4658811 -0.7410148 -0.5045421 0.4226287 -0.7528761 -0.5400317 0.2478439 -0.8043253 -0.5460755 0.175728 -0.8190979 -0.5469942 0.1681298 -0.8200792 -0.4641655 0.1140805 -0.8783712 -0.3864364 0.265244 -0.883353 -0.300252 0.4277629 -0.8525654 -0.213697 0.5775497 -0.7878896 -0.01776224 0.5779144 -0.8159042 0.002410948 0.9943022 -0.1065716 4.57789e-4 0.9998103 -0.01947122 0.00677514 0.9997617 -0.02075266 0.2993587 0.8218403 -0.4847298 0.2577003 0.8834263 -0.391342 0.2479349 0.8816584 -0.4015057 0.2537679 0.8673889 -0.4280636 0.28252 0.8267151 -0.4865436 0.2487918 0.8665294 -0.4327001 0.2341093 0.8862034 -0.3997955 0.1250978 0.9395916 -0.3186194 0.12995 0.9386738 -0.3193817 0.02307248 0.9066339 -0.421287 -0.08746695 0.9005804 -0.4257988 -0.1934319 0.8828345 -0.428004 -0.3017401 0.8540708 -0.4236935 -0.4056341 0.8157852 -0.4122568 -0.5073777 0.7658732 -0.3949763 -0.6024177 0.7059692 -0.3724253 -0.6877521 0.6384024 -0.3456004 -0.796216 0.5044828 -0.3339719 -0.8911296 0.3498719 -0.2889251 -0.9676146 0.2007865 -0.1529933 -0.9979902 0.02841281 -0.05664259 -0.999464 -0.008484244 -0.03161758 -0.9989264 -0.0343647 0.03106862 -0.9988179 -0.03839254 0.0298168 -0.9985425 -0.04223787 0.0336011 -0.9949243 -0.03903394 0.09274768 -0.9900658 -0.04059016 0.1346191 -0.9849006 -0.04333657 0.1676089 -0.9689446 -0.04452705 0.2432356 -0.9453417 -0.04208636 0.3233541 -0.9357838 0.01352006 0.3523151 -0.8718551 0.1331573 0.4713151 -0.889154 0.1695356 0.4250445 0 1 6.68831e-5 0 1 1.68118e-5 7.00816e-4 -0.6992954 0.7148325 -0.2151587 -0.002441465 0.9765761 3.96804e-5 0 1 0.163336 0.6176372 0.7693151 0.1001637 0.2936854 0.9506399 0.2332909 0.5236226 0.8193868 0.2267575 0.408835 0.8839882 0.2360014 0.3527662 0.9054608 0.09650027 0.12296 0.9877087 0.2001147 0.2531877 0.9464936 0.1908375 0.2056699 0.9598339 0.06961369 0.06619554 0.9953755 0.1160933 0.09842294 0.9883498 0.01467949 -0.008423149 0.9998568 0.01763975 -0.01290935 0.9997611 0.08056908 -0.04767 0.9956085 0.6947408 -0.05633854 0.7170504 0.716676 -0.02221775 0.6970523 0.3466702 -0.1150582 0.9309036 0.4263247 -0.1386494 0.8938812 0.5192878 -0.04992973 0.8531396 0.3767246 -0.03326553 0.9257279 0.3756006 -0.08026564 0.9232994 0.3847575 -0.09821122 0.9177779 0.2269405 0.1232059 0.9660841 0.3704088 0.2010895 0.9068409 0.5024721 0.2728133 0.8204236 0.6195403 0.3363829 0.7092364 0.7178042 0.3897567 0.576929 0.7945169 0.4313946 0.427366 0.9155868 0.3593373 0.1804926 0.8545728 0.442073 0.2725379 0.5895119 0.3859782 -0.7095749 0.3699579 0.2008796 -0.9070714 0.2358826 0.1039482 -0.9662061 0.102329 0.03558468 -0.994114 0.01989811 0.004852414 -0.9997903 0.001770079 0.02014237 -0.9997956 0.002411007 0.107245 -0.9942297 3.05192e-4 0.02111923 -0.999777 3.35713e-4 0.106421 -0.9943211 -0.07709014 0.004333615 -0.9970148 -0.04419207 0.001190245 -0.9990224 -0.08929979 0.002655148 -0.9960013 -0.1033978 0.00100708 -0.9946396 -0.08224952 0.02221804 -0.9963641 -0.1971517 -0.01229906 -0.9802959 -0.2493378 0.007324457 -0.968389 -0.2828224 0.009003162 -0.9591301 -0.3409922 0.01751804 -0.939903 -0.3815479 0.006347894 -0.9243273 -0.4363878 0.02114945 -0.8995101 -0.4457897 0.03882002 -0.8942956 -0.4929181 0.04184198 -0.8690691 -0.492302 0.04040712 -0.8694862 -0.5400705 0.03405958 -0.8409304 -0.5555958 0.08078342 -0.8275189 -0.5211417 0.3007033 -0.7987421 -0.5226762 0.3401698 -0.7817252 -0.5447424 0.1698715 -0.8212184 -0.5521588 0.111915 -0.8261935 -0.499847 0.02917653 -0.8656222 -0.1550366 0.5776031 -0.8014602 -0.09555596 0.5775474 -0.8107455 -0.04168939 0.5777613 -0.8151406 0.006744623 0.9997345 -0.02203452 0.08527165 0.966494 -0.2421118 0.1683731 0.9074812 -0.3848745 0.266678 0.8210926 -0.5046679 0.2950597 0.8442528 -0.4474116 0.2938739 0.8438688 -0.4489138 0.2910907 0.8483076 -0.4423126 0.2567836 0.8678271 -0.4253684 0.2603596 0.8598183 -0.4392328 0.3036006 0.8047187 -0.5101516 0.332203 0.753492 -0.5673545 0.3127932 0.7816931 -0.5395522 0.2146108 0.9036729 -0.3705639 0.1310486 0.9380631 -0.3207244 0.1289424 0.9388234 -0.3193501 0.1326681 0.898127 -0.419246 -0.7513298 0.5499314 -0.3647999 -0.9553349 0.2103977 -0.2075289 -0.9891231 0.1014759 -0.106481 -0.9974398 -0.03039652 -0.06472992 -0.9987963 -0.03567671 -0.03366243 -0.9992409 -0.03872811 0.004242062 -0.9858538 -0.1543343 0.06537157 -0.9825654 -0.1596459 0.09528088 -0.9789785 -0.1599484 0.126561 -0.9858155 -0.03973531 0.1630614 -0.9819644 -0.09656363 0.1625468 -0.9592867 -0.1677958 0.2271866 -0.9489342 -0.1654142 0.2686302 -0.8892119 0.04846471 0.4549215 -0.9597859 0.05597144 0.2750965 0 1 -2.42014e-5 -0.2149776 -0.002441525 0.9766159 0.1567171 0.7540426 0.6378554 0.2842887 0.6449676 0.7093636 0.2727823 0.5024408 0.8204529 0.2590802 0.3324797 0.9068267 0.09650051 0.09653103 0.9906409 0.0759322 0.06683743 0.9948705 0.1518312 0.1207935 0.9809976 0.0185253 0.004822015 0.9998168 0.02493393 -0.01635813 0.9995554 0.02743649 -0.01782304 0.9994648 0.08255439 -0.04083466 0.9957496 0.08856505 -0.03225815 0.995548 0.4369091 -0.07391685 0.8964634 0.705149 -0.0960443 0.7025244 0.3763307 -0.03241121 0.9259183 0.3102848 -0.02459812 0.9503254 0.3833228 -0.09522032 0.918693 0.1078227 0.006683588 0.9941477 0.1080077 0.01828104 0.993982 0.1037341 0.02661257 0.9942489 0.104099 0.03555417 0.9939312 0.1011714 0.04477179 0.9938611 0.1011718 0.05447709 0.9933764 0.8527218 0.4637309 0.2404565 0.8642442 0.492184 0.1041011 0.8360589 0.5481153 -0.02398765 0.783634 0.6106528 -0.1141102 0.7605948 0.5927097 -0.2649355 0.7130586 0.5556998 -0.4274873 0.6441081 0.5019496 -0.57721 0.4780784 0.3130017 -0.8206529 0.02142453 0.006225883 -0.9997511 0.002777218 0.02230948 -0.9997473 0.00927776 0.107549 -0.9941565 -0.06131333 0.005371391 -0.9981041 -0.1151188 0.02105832 -0.9931286 -0.2248039 0.02267569 -0.9741402 -0.2049685 -0.004516839 -0.9787582 -0.2222688 0.02038657 -0.9747723 -0.2621887 0.02990859 -0.964553 -0.294936 0.007202446 -0.9554899 -0.3134059 0.03048908 -0.9491297 -0.3524993 0.03766095 -0.935054 -0.3900411 0.006042838 -0.9207777 -0.4064584 0.03521943 -0.9129903 -0.4655051 0.02533066 -0.8846826 -0.5248976 0.02560549 -0.8507803 -0.549495 0.1650163 -0.819039 -0.3981835 0.1144163 -0.9101423 -0.320298 0.2653026 -0.9094085 -0.2365896 0.4278877 -0.8723173 -0.01968485 0.4281542 -0.9034913 0.005035638 0.9943476 -0.1060544 0.0277419 0.9942848 -0.1030938 0.3683984 0.7102755 -0.5998262 0.2978358 0.8434563 -0.4470742 0.3206304 0.8094806 -0.4918714 0.2850469 0.8400948 -0.4615074 0.2893552 0.8234462 -0.4880676 0.3470046 0.7326162 -0.5855436 0.2941765 0.8097407 -0.5077207 0.275496 0.8360098 -0.4745415 0.1937672 0.9001676 -0.3900675 0.1318418 0.8671348 -0.4803072 0.0613439 0.8664145 -0.495543 -0.05569833 0.8621191 -0.5036353 -0.2785164 0.8257525 -0.4904708 -0.3795089 0.7918872 -0.4784223 -0.4833609 0.7437191 -0.461784 -0.5873832 0.6859925 -0.4294129 -0.6717699 0.6236402 -0.3997475 -0.8076641 0.4679226 -0.3587855 -0.8587175 0.3952535 -0.3261582 -0.9280526 0.2818431 -0.2434806 -0.9967994 0.03488278 -0.07193237 -0.9954813 -0.02710115 -0.09100878 -0.9880825 -0.1499702 0.03466951 -0.9735874 -0.164406 0.1584242 -0.9686558 -0.1591282 0.1907463 -0.9367101 -0.1702027 0.3059498 -0.9435784 -0.03350955 0.3294498 0 1 3.04029e-5 -0.2149129 -0.002441465 0.9766302 0.1431051 0.6808862 0.7182723 0.2303262 0.6662586 0.7092597 0.3362917 0.6194494 0.7093591 0.3132455 0.478444 0.8203467 0.351517 0.4510697 0.8203487 0.2855715 0.3101093 0.9067973 0.198466 0.1829622 0.9628791 0.2049393 0.1592513 0.9657324 0.1095932 0.08462876 0.9903674 0.03051912 0.02069199 0.99932 0.01379436 -0.006958186 0.9998807 0.03268557 -0.01785343 0.9993063 0.6797114 -0.1205487 0.7235056 0.2653353 -0.08725482 0.9602 0.3789801 -0.03244125 0.924836 0.2299304 -0.01638871 0.9730691 0.3781073 -0.1010809 0.9202269 0.2068893 -0.09210681 0.9740191 0.1039467 0.06756836 0.9922851 0.2168396 0.1410297 0.9659665 0.3527106 0.2309389 0.9067869 0.4784749 0.3132763 0.8203169 0.5897256 0.3861004 0.7093309 0.6833965 0.4474489 0.5768523 0.7564454 0.4952633 0.4272058 0.8605247 0.4775063 0.1774397 0.8547481 0.5190382 0.00225836 0.8133261 0.5813222 -0.02377414 0.7884362 0.6146592 -0.02371346 0.5558093 0.4331235 -0.7095633 0.3521884 0.2305704 -0.9070836 0.2265143 0.1229928 -0.9662112 0.09894382 0.04358166 -0.9941383 0.02047812 0.006836175 -0.999767 0.003021299 0.02032536 -0.9997889 0.006042659 0.2567233 -0.9664662 5.4935e-4 0.2557835 -0.9667341 -0.1163079 0.1142632 -0.9866187 -0.1899801 0.0230112 -0.9815183 -0.299054 0.02175992 -0.9539881 -0.4011759 0.02462905 -0.9156699 -0.4340428 0.02453732 -0.900558 -0.5585614 0.008575856 -0.8294188 -0.1716715 0.4278818 -0.8873817 -0.1058092 0.4278755 -0.8976231 -0.04617583 0.4279734 -0.902611 0.005554497 0.9666699 -0.2559658 0.001678526 0.9997443 -0.02255356 0.004822015 0.9998082 -0.01898288 0.06720322 0.9664814 -0.2477852 0.1395656 0.9074666 -0.3962651 0.2287744 0.8210672 -0.5229828 0.3289968 0.7100289 -0.6225914 0.3369651 0.795184 -0.5041201 0.2898718 0.8280788 -0.4798541 0.3187128 0.7811103 -0.5369256 0.3445287 0.737491 -0.5808676 0.3738369 0.6759523 -0.6350863 0.3709661 0.6792754 -0.6332213 0.379935 0.7018224 -0.6025735 0.2553816 0.8601732 -0.4414548 -0.1594943 0.850026 -0.5020134 -0.7007803 0.5772083 -0.4192108 -0.7590146 0.517485 -0.3951027 -0.8340109 0.4467774 -0.3237527 -0.9295327 0.2768119 -0.2436067 -0.961807 0.1891263 -0.1978853 -0.9748645 0.1448121 -0.1693187 -0.9962882 0.0361343 -0.07812827 -0.9814724 -0.128395 -0.1422203 -0.9879523 -0.1531735 -0.02209556 -0.9887021 -0.149819 0.004730463 -0.9492052 -0.3004606 0.09344947 -0.9454359 -0.3057147 0.1126478 -0.9516804 -0.2247739 0.2092396 -0.9395167 -0.2701206 0.2105787 -0.9225095 -0.296038 0.2476648 -0.9716888 -0.1535401 0.1795727 -0.9411128 -0.03982722 0.3357389 0 1 -3.3803e-6 -0.2150067 -0.002441465 0.9766095 0.1772875 0.6835442 0.7080513 0.3293958 0.7473284 0.5770606 0.3897618 0.7178442 0.5768756 0.3861551 0.589777 0.7092584 0.387408 0.4206432 0.8203502 0.3101925 0.2856554 0.9067423 0.05780345 0.0430321 0.9974002 0.02096623 0.006744563 0.9997575 0.01834183 0.001525938 0.9998306 0.0240795 -0.01074266 0.9996524 0.2532168 -0.08392745 0.9637622 0.6868658 -0.1711823 0.7063371 0.1786572 -0.059237 0.9821266 0.2285581 -0.01718229 0.9733787 0.3753222 -0.097386 0.9217642 0.03384518 0.001525878 0.999426 0.032655 0.004150509 0.9994581 0.03238016 0.006927669 0.9994516 0.0373547 0.0112003 0.9992393 0.03521889 0.01385557 0.9992837 0.05606257 0.02749717 0.9980486 0.04727363 0.02819937 0.998484 0.8167859 0.5262429 0.2364934 0.7412272 0.3663866 0.5624439 0.8371657 0.5411317 0.0795629 0.7625586 0.6464933 -0.02346944 0.7307876 0.6729838 -0.1142036 0.7093027 0.653208 -0.26497 0.6649911 0.612406 -0.4274878 0.600677 0.5531892 -0.5772078 0.4507133 0.3512195 -0.8206719 0.01968485 0.007507681 -0.9997782 0.005310237 0.01968455 -0.9997922 0.01800626 0.1066947 -0.9941288 0.02212637 0.2568188 -0.9662064 -0.0505082 0.02356034 -0.9984457 -0.05075293 0.1143848 -0.9921392 -0.1886366 0.1142318 -0.9753806 -0.261459 0.02346932 -0.9649292 -0.329481 0.02017289 -0.9439467 -0.3300347 0.1142334 -0.9370314 -0.2523958 0.265214 -0.9305686 -0.02099734 0.2654576 -0.9638939 0.01309281 0.9665809 -0.2560275 0.01275694 0.9942493 -0.1063283 0.005554497 0.9996939 -0.02411031 0.02020359 0.9943424 -0.1042837 0.4271754 0.5777565 -0.695499 0.3726078 0.7428963 -0.5561193 0.3589715 0.7541087 -0.5499632 0.3207032 0.7922969 -0.5190522 0.3222536 0.7823936 -0.5329286 0.3683722 0.6889507 -0.6242185 0.3674818 0.695075 -0.6179224 0.3344258 0.7504591 -0.5700621 0.2564224 0.8666538 -0.4279707 0.2130265 0.8584238 -0.4666136 0.1865669 0.8255883 -0.5325382 -0.05124151 0.8346664 -0.5483669 -0.1263501 0.8251519 -0.5505998 -0.2161687 0.8138907 -0.5393079 -0.2909688 0.7972496 -0.5288954 -0.4340379 0.7418198 -0.5111895 -0.5043908 0.7092356 -0.4925188 -0.5765992 0.6655017 -0.4739631 -0.6392588 0.6218017 -0.4524497 -0.7012107 0.573396 -0.423699 -0.7791976 0.5004615 -0.3773452 -0.8866389 0.3637868 -0.285536 -0.9899195 0.07144534 -0.1222903 -0.9950678 -0.01855546 -0.09744673 -0.9558233 -0.2882211 0.0577113 -0.9526588 -0.2945719 0.07529097 -0.9412723 -0.310441 0.1327889 -0.952682 -0.2415581 0.184518 -0.9129235 -0.2969222 0.2800145 -0.9372526 -0.1920284 0.2910031 -0.9432874 0.003662288 0.3319573 0.1439597 0.7055764 0.693857 0.2614586 0.7374981 0.6226846 0.4474783 0.6834559 0.5767593 0.4332516 0.5559697 0.7093595 0.4775723 0.5185908 0.7092168 0.4206732 0.387377 0.8203494 0.3325043 0.2591061 0.9068104 0.126776 0.08899343 0.9879313 0.05716186 0.03402853 0.9977849 0.01507645 -0.005615532 0.9998707 0.01864689 -0.008056938 0.9997937 0.2326751 -0.05935901 0.9707415 0.6734301 -0.1822589 0.7164313 0.09308421 -0.02993953 0.995208 0.1638569 -0.01232969 0.9864071 0.3527755 -0.06332802 0.9335625 0.04785317 -0.03057962 0.9983862 0.02203488 0.003784358 0.9997501 0.02615445 0.009949028 0.9996084 0.02066135 0.009308278 0.9997432 0.02395701 0.01248204 0.9996351 0.4511053 0.351521 0.8203275 0.5559485 0.433259 0.7093715 0.6441794 0.5019881 0.5770971 0.7132182 0.5557969 0.4270946 0.8349494 0.5332043 0.136208 0.8252495 0.5647649 -0.001983761 0.792127 0.5976278 0.1239997 0.7720811 0.6288229 0.09204667 0.5183081 0.4773513 -0.7095721 0.3320523 0.2587749 -0.9070705 0.2156494 0.1411823 -0.9662106 0.09528154 0.05166929 -0.9941086 0.02206546 0.00839281 -0.9997213 0.006500542 0.02163803 -0.9997448 4.13291e-5 0 -1 0.004058957 0.02124106 -0.9997662 0.009705066 0.4200349 -0.9074561 5.18827e-4 0.419151 -0.9079165 -0.02166825 0.114384 -0.9932003 -0.04925733 0.2653304 -0.9628986 -0.2600492 0.1143227 -0.9588038 -0.1831472 0.2651531 -0.9466525 -0.1128615 0.2652459 -0.9575526 0.009125173 0.907759 -0.419393 0.03003096 0.9664856 -0.2549583 0.002014219 0.9997625 -0.02169877 0.003753781 0.999706 -0.02395725 0.002746701 0.9998007 -0.01977622 0.003662168 0.9998183 -0.01870787 0.04873925 0.9664839 -0.2520586 0.1099616 0.9074654 -0.4054814 0.189617 0.8210637 -0.5384235 0.282217 0.7100442 -0.6451285 0.381404 0.5776148 -0.7217286 0.4045987 0.6836397 -0.6074017 0.3714463 0.7422212 -0.5577951 0.3528068 0.7318604 -0.5830162 0.3810318 0.6773119 -0.6293358 0.3904003 0.6371472 -0.6645534 0.3941891 0.626259 -0.6726179 0.4734126 0.5691816 -0.6722447 0.3883618 0.6290698 -0.6733843 0.2966216 0.8100863 -0.5057431 0.2118946 0.8596337 -0.4648987 0.2464439 0.8336673 -0.4942308 0.1207329 0.8284672 -0.5468689 0.03012216 0.8384458 -0.5441521 -0.3584765 0.7711855 -0.5260871 -0.5934467 0.6599481 -0.460749 -0.7746999 0.5207495 -0.3586924 -0.8678736 0.3977868 -0.2975924 -0.9041674 0.329701 -0.2716225 -0.9354372 0.2557185 -0.2440602 -0.9838343 0.09640884 -0.1509154 -0.9935057 0.04058986 -0.1062966 -0.9936004 -0.07184123 -0.08716166 -0.9587187 -0.2814447 0.04059004 -0.8945999 -0.4319642 0.1144458 -0.8896645 -0.4404222 0.1205202 -0.8848844 -0.4480273 0.1274802 -0.9372393 -0.3147732 0.150001 -0.8931408 -0.3853033 0.2320365 -0.9071629 -0.300648 0.2943915 -0.925587 -0.2214169 0.3070234 -0.949586 -0.03582996 0.3114523 -0.933363 0 0.3589341 0 1 2.98864e-4 0.1391977 0.6789894 0.7208311 0.1897382 0.733622 0.6525323 0.3387361 0.7705261 0.5399512 0.4214757 0.7641193 0.4883442 0.4868732 0.7426549 0.4598026 0.5020177 0.6442393 0.5770044 0.518494 0.4775065 0.7093318 0.0815463 -0.005676448 0.9966534 0.04452699 -0.002838253 0.9990042 0.7547113 0.5943019 0.2778781 0.7980255 0.5777353 0.1713978 0.8005042 0.5776571 0.1597041 0.7434883 0.6348995 0.2100664 0.7355988 0.6770024 -0.02371323 0.6729862 0.7307901 -0.1141735 0.6532133 0.7093085 -0.2649416 0.612406 0.6649911 -0.4274878 0.5531584 0.6006766 -0.5772379 0.4203363 0.3871012 -0.8206522 0.02035617 0.009888172 -0.9997439 0.01864689 0.008209526 -0.9997925 0.006439447 0.01928782 -0.9997933 0.02688765 0.1046819 -0.9941423 0.004821896 0.02148503 -0.9997575 0.04315406 0.2541331 -0.9662061 0.03616493 0.4193917 -0.9070848 0.02145457 0.9076245 -0.4192346 0.0491656 0.9074741 -0.4172214 0.4739981 0.4274864 -0.769793 0.4348425 0.6196689 -0.6533931 0.3714498 0.7414346 -0.558838 0.3972984 0.6880239 -0.6072702 0.3551205 0.7375558 -0.57437 0.4054812 0.6184764 -0.6731062 0.4483274 0.5153477 -0.7303556 0.3253675 0.7271555 -0.6044675 0.3280252 0.7306709 -0.598765 0.3302789 0.7284325 -0.6002517 0.214397 0.854536 -0.4730772 0.2151928 0.8331512 -0.5094617 -0.05130261 0.8317379 -0.552793 -0.1745988 0.8154657 -0.5518432 -0.39699 0.7632474 -0.5097573 -0.4993889 0.7158019 -0.4880967 -0.6788528 0.5963881 -0.4283459 -0.8240275 0.4656976 -0.3226525 -0.8673788 0.3977228 -0.2991161 -0.9583765 0.1867189 -0.2159872 -0.9934489 0.03024411 -0.1102035 -0.9949312 -0.01541227 -0.09937101 -0.9871283 -0.1527462 -0.04739558 -0.9608039 -0.2762288 0.02353024 -0.9049817 -0.4125567 0.1039479 -0.8997074 -0.4226611 0.1090147 -0.8802641 -0.4547965 0.1352609 -0.93046 -0.3177933 0.1823503 -0.8871505 -0.3745089 0.2696427 -0.8839364 -0.3778315 0.2754995 -0.9439566 -0.1543962 0.2917323 -0.9571712 -0.03073275 0.2878869 0 1 -8.13579e-5 0.1153024 0.6975521 0.7071962 0.2372862 0.6998646 0.6737098 0.2786124 0.8402627 0.465117 0.289474 0.7252569 0.6246658 0.5557588 0.713178 0.4272109 0.5532901 0.6008092 0.5769734 0.6008292 0.5533109 0.5769327 0.6792337 -0.2035015 0.7051445 0.08923727 -0.0300306 0.9955576 0.08154648 -0.005218684 0.9966559 0.1956576 0.002777218 0.9806683 0.6650781 0.6124627 0.4272711 0.7381049 0.6693148 0.08496522 0.7382928 0.669014 0.08569824 0.4773513 0.5183081 -0.7095721 0.3096448 0.2851686 -0.9070827 0.2033185 0.1584554 -0.9662058 0.09048908 0.05932909 -0.9941287 0.01852524 0.00952202 -0.9997832 0.008209645 0.02099716 -0.9997459 0.03524899 0.1021459 -0.9941447 0.01327574 0.5706127 -0.8211121 9.15563e-4 0.569938 -0.8216872 0.01242142 0.8213722 -0.5702574 0.07980757 0.9074564 -0.4124968 0.1494215 0.8210859 -0.5509003 0.2339044 0.7100149 -0.6642045 0.3271673 0.5775785 -0.7479069 0.4222955 0.4278195 -0.7991477 0.4618777 0.5513294 -0.6947697 0.4344707 0.6192947 -0.653995 0.387012 0.6770345 -0.6259761 0.415035 0.6130762 -0.672223 0.4254645 0.5591374 -0.7115795 0.4092624 0.584229 -0.7008429 0.4516001 0.5000655 -0.7389127 0.4475322 0.5119581 -0.7332216 0.2859936 0.7717036 -0.5680503 0.3281144 0.7255384 -0.6049256 0.3247547 0.7503449 -0.5757751 0.270461 0.8387894 -0.4725286 0.2819383 0.8246954 -0.4902942 0.05523961 0.8364682 -0.5452242 -0.2978966 0.7987755 -0.5227001 -0.7010501 0.5961565 -0.3913136 -0.7779098 0.5275894 -0.3413293 -0.8808699 0.3256377 -0.3435524 -0.9174459 0.2484895 -0.3107187 -0.9464254 0.1686176 -0.2754036 -0.9769356 0.1132856 -0.1810067 -0.9927282 0.02230948 -0.1182923 -0.9908224 0.01150554 -0.1346793 -0.9922384 -0.01873874 -0.1229311 -0.9904786 -0.07193434 -0.1173778 -0.9104534 -0.4014821 0.09943205 -0.8219192 -0.5473052 0.157816 -0.8150492 -0.5593583 0.1510401 -0.8086408 -0.5701931 0.1448448 -0.802742 -0.579831 0.1392888 -0.8765226 -0.4601438 0.1413362 -0.9012112 -0.3954721 0.1772574 -0.8583663 -0.4483343 0.2494069 -0.883633 -0.3787173 0.275256 -0.9144963 -0.3059206 0.2647812 -0.9695364 0.008636951 0.2447951 0.09473079 0.7630653 0.6393415 0.1539683 0.6890883 0.7081322 0.139079 0.6459833 0.7505749 0.2086898 0.6752358 0.707464 0.3277717 0.8942002 0.3049131 0.217419 0.569428 0.7927678 0.4343183 0.8494401 0.2996982 0.4892173 0.8208352 0.2947816 0.5831278 0.7395075 0.3362896 0.6124366 0.6650218 0.4273963 0.683355 -0.1893104 0.7051152 0.02047836 -0.00476098 0.999779 0.04031521 -0.008270561 0.9991528 0.7101865 0.6493002 0.272111 0.6993242 0.6829963 0.2108593 0.6770483 0.7355545 -0.0237748 0.6106632 0.7836167 -0.1141731 0.5926851 0.7606024 -0.2649687 0.5556877 0.7130736 -0.4274779 0.5019714 0.6441274 -0.5771695 0.3871012 0.4203363 -0.8206522 0.01916563 0.01077306 -0.9997584 0.009003162 0.01889139 -0.999781 0.06390684 0.2497373 -0.9662026 0.07049804 0.4150232 -0.9070755 0.04907482 0.5693047 -0.8206606 0.02914577 0.8212712 -0.5697932 0.06680643 0.8210569 -0.5669239 0.1084043 0.8210592 -0.5604554 0.5061687 0.2653074 -0.8206128 0.4852822 0.4807654 -0.7303191 0.4345352 0.6191471 -0.6540918 0.4513184 0.5890823 -0.6702939 0.4271443 0.6189259 -0.6591499 0.4405791 0.5452609 -0.7131485 0.450461 0.5147036 -0.7294965 0.4326717 0.5407405 -0.7213841 0.414171 0.5795525 -0.7018414 0.4507145 0.503422 -0.7371722 0.3755949 0.6014951 -0.7050759 0.3206008 0.6533176 -0.6858508 0.2903017 0.7475147 -0.5974502 0.3481702 0.7408993 -0.5743221 0.2565762 0.8300961 -0.4950851 0.2680196 0.8298477 -0.4894059 0.0249955 0.8521072 -0.5227702 -0.08212649 0.8442461 -0.5296261 -0.1935224 0.8274375 -0.5271587 -0.3473093 0.8144677 -0.464778 -0.44397 0.7731859 -0.4528512 -0.5368601 0.7223548 -0.4358727 -0.6241452 0.6618667 -0.4151812 -0.7456543 0.5700141 -0.3450848 -0.8376605 0.3987028 -0.3733109 -0.9856621 0.06637811 -0.1551265 -0.9914804 0.01290965 -0.1296154 -0.9880416 -0.1330003 -0.07800567 -0.9787137 -0.2021273 -0.03555458 -0.9151255 -0.3917781 0.09515959 -0.8369251 -0.519435 0.1724634 -0.8292258 -0.5340176 0.164954 -0.7973755 -0.5883189 0.1344371 -0.8623325 -0.4587103 0.2144005 -0.9640872 -0.03689712 0.2630105 0.06869864 0.7043214 0.7065493 0.1156365 0.6943989 0.7102383 0.1361466 0.6648021 0.7345082 0.1906243 0.7407979 0.6441124 0.1900448 0.7426918 0.6420996 0.3632705 0.9314472 -0.02099722 0.3756614 0.8803277 0.2896581 0.4014474 0.8519695 0.3361367 0.4764622 0.8478475 0.2326766 0.5246816 0.82688 0.202432 0.5397238 0.8121035 0.2217796 0.6378177 0.7002597 0.3206636 0.678846 0.7085109 0.1928223 0.6467954 0.7622804 -0.02417123 0.6143522 0.7886475 -0.02462899 0.4331309 0.5557882 -0.7095753 0.2851765 0.3096534 -0.9070774 0.1896162 0.1746007 -0.9662094 0.08536237 0.06640988 -0.9941344 0.01910501 0.01156675 -0.9997506 4.88162e-4 0 -0.9999999 0.009949266 0.0200206 -0.9997501 8.25475e-4 0 -0.9999998 0.00891149 0.01974564 -0.9997654 0.08423256 0.2436336 -0.9662027 0.01648062 0.7039675 -0.710041 0.001434385 0.7035877 -0.7106071 0.01532047 0.7102969 -0.7037354 0.1843343 0.7099621 -0.6796873 0.2711648 0.5775491 -0.7700044 0.3622633 0.4277271 -0.8281394 0.450488 0.2652084 -0.8524817 0.523985 0.3348267 -0.7831544 0.486232 0.4806775 -0.7297448 0.4824542 0.5062596 -0.7148002 0.4425635 0.573828 -0.6891002 0.4638063 0.5059539 -0.7272514 0.4673175 0.4484259 -0.7619242 0.4481737 0.4937998 -0.745186 0.4485136 0.4721356 -0.7588963 0.4472938 0.497651 -0.7431499 0.4145503 0.5798455 -0.7013753 0.4527173 0.5045078 -0.7352001 0.1906242 0.8449301 -0.4997555 -0.2506197 0.8441475 -0.473925 -0.7772648 0.5296009 -0.3396795 -0.7873989 0.4690822 -0.3999559 -0.8111397 0.3677871 -0.4547363 -0.8552063 0.3006132 -0.4222012 -0.8908998 0.2302098 -0.3915369 -0.9592931 0.1192058 -0.256021 -0.986324 -0.02499532 -0.1629122 -0.9903084 -0.05160748 -0.1289424 -0.9884434 -0.02252286 -0.1499084 -0.9861991 -0.06698971 -0.151406 -0.9602967 -0.2786038 0.01449626 -0.8449296 -0.5035701 0.1803086 -0.7330821 -0.642805 0.2222441 -0.7240926 -0.6591482 0.203012 -0.7156681 -0.6737352 0.1841205 -0.7078658 -0.6866244 0.1657506 -0.7007306 -0.6979534 0.147776 -0.7924638 -0.5961332 0.1289439 -0.9020557 -0.395132 0.1736847 -0.8238632 -0.5176345 0.230877 -0.8612525 -0.4522033 0.2318545 -0.9598003 -0.1538171 0.2347847 -0.9713417 -0.03564667 0.2349995 0.06851547 0.7370679 0.6723368 0.08990848 0.6765415 0.7308955 0.340567 0.940214 -0.003448665 0.3752608 0.8803186 0.2902045 0.4767963 0.8786688 -0.02462869 0.5477887 0.836256 -0.0245679 0.6101077 0.7239745 0.3219156 0.6573843 0.7410985 0.1364514 0.5815066 0.8131754 -0.02441507 0.5441872 0.8311589 -0.1141722 0.5282037 0.8067262 -0.2649412 0.4952113 0.7563371 -0.4274578 0.4472976 0.6831849 -0.5772203 0.3512107 0.4507021 -0.8206818 0.01849448 0.0132147 -0.9997417 0.01699882 0.01144444 -0.9997901 0.0097965 0.01782292 -0.9997932 0.04361134 0.09912502 -0.9941189 0.1043768 0.4078326 -0.9070712 0.0957092 0.5633295 -0.8206702 0.06051939 0.7020622 -0.7095394 0.03595155 0.7101811 -0.7031006 0.08243143 0.7099604 -0.6994009 0.1337656 0.7099986 -0.6913818 0.5213326 0.1145393 -0.8456318 0.5373182 0.2557801 -0.8036578 0.5245407 0.3344339 -0.7829502 0.5076619 0.407863 -0.7588987 0.457783 0.5425644 -0.7043144 0.4852498 0.4303464 -0.7611404 0.4653216 0.4728903 -0.7482318 0.4853802 0.4004448 -0.7772066 0.473262 0.4118878 -0.7786986 0.4507386 0.4607794 -0.7645373 0.3680607 0.647677 -0.6671177 0.3372086 0.5521262 -0.7625268 0.2677443 0.7012684 -0.6607085 0.2322842 0.7905783 -0.5665953 0.2592275 0.8318843 -0.4906829 -0.009705066 0.8662556 -0.4995069 -0.1260755 0.8555496 -0.5021353 -0.3998019 0.81584 -0.4178082 -0.4866917 0.7735123 -0.4059681 -0.574276 0.7186004 -0.3921997 -0.6518352 0.6598008 -0.3738637 -0.724521 0.5900848 -0.3561872 -0.7605482 0.4326457 -0.4841323 -0.9232285 0.1520453 -0.3528905 -0.9838857 -0.02020382 -0.1776536 -0.9861039 -0.1301031 -0.1033073 -0.9795339 -0.1936728 -0.05481189 -0.9469121 -0.3185875 0.0431233 -0.8524531 -0.4893091 0.1841203 -0.7521889 -0.6052365 0.2605773 -0.7424683 -0.6248477 0.2414669 -0.6943979 -0.7077042 0.1302549 -0.8307923 -0.5342072 0.1562275 -0.9019228 -0.3954629 0.1736215 -0.8221462 -0.5208035 0.2298676 -0.9286472 -0.3032723 0.2136365 -0.9713574 -0.03564614 0.2349349 0.05551475 0.7759858 0.6283026 0.0886892 0.6155446 0.7830958 0.3644279 0.9312276 -0.002746701 0.4028857 0.9149391 -0.02386611 0.6156054 0.7730851 0.1528713 0.6576613 0.7410095 0.1355974 0.578885 0.8154074 -0.001770079 0.3859782 0.5895119 -0.7095749 0.2587393 0.3320457 -0.907083 0.1746007 0.1896162 -0.9662094 0.07956212 0.07351946 -0.9941151 0.0162664 0.01239055 -0.9997909 0.01156669 0.01944065 -0.9997442 0.05160695 0.0949434 -0.9941442 0.1039482 0.2358826 -0.9662061 0.1375188 0.3978463 -0.9070871 0.01879972 0.8160794 -0.577634 9.46095e-4 0.8158394 -0.5782779 0.01776224 0.5779144 -0.8159042 0.213697 0.5775497 -0.7878896 0.300252 0.4277629 -0.8525654 0.3864364 0.265244 -0.883353 0.4641655 0.1140805 -0.8783712 0.5469914 0.1681594 -0.820075 0.5460755 0.175728 -0.8190979 0.5400101 0.247848 -0.8043386 0.5045421 0.4226287 -0.7528761 0.4835824 0.4658811 -0.7410148 0.5044462 0.3846902 -0.7730121 0.5022633 0.3163371 -0.8047749 0.4900176 0.3616229 -0.7931656 0.4698054 0.3976286 -0.7881463 0.4992359 0.3582059 -0.7889564 0.4914156 0.3959219 -0.7757298 0.3817318 0.4969106 -0.7793336 0.2903932 0.6049273 -0.7414411 0.2216888 0.8392986 -0.4964194 0.126442 0.8654705 -0.4847404 -0.1501857 0.8650403 -0.4786959 -0.3079393 0.8516399 -0.4241261 -0.7298688 0.536346 -0.4238213 -0.7051177 0.4882171 -0.51425 -0.8174572 0.3073285 -0.4871477 -0.7926788 0.3404738 -0.5057055 -0.7325853 0.4100879 -0.5432741 -0.8609097 0.202768 -0.4666045 -0.948229 0.08053994 -0.3072054 -0.9686471 0.07007193 -0.2383545 -0.9772312 -0.02102786 -0.2111332 -0.9821364 -0.06955307 -0.1748441 -0.9670086 -0.2546848 -0.005493462 -0.9159408 -0.3887224 0.09973657 -0.7604587 -0.5864355 0.2789193 -0.6306183 -0.7140883 0.3039712 -0.6200356 -0.735308 0.2736385 -0.6098033 -0.7544031 0.2429324 -0.6000958 -0.7711856 0.212504 -0.5910022 -0.785775 0.1824126 -0.5826946 -0.7982487 0.1525327 -0.6887023 -0.7163835 0.1117317 -0.7860508 -0.6022646 0.1392893 -0.8675091 -0.4687448 0.1664519 -0.8238911 -0.5191283 0.2273971 -0.8737897 -0.4490567 0.1866542 -0.9717102 -0.1546422 0.1785085 -0.9763225 -0.03729379 0.2130813 0.03640931 0.7108522 0.7023984 0.06222808 0.6688528 0.7407859 0.400659 0.909082 -0.1142036 0.474029 0.8730716 -0.114204 0.5571066 0.830441 -3.66236e-4 0.5600248 0.7579104 0.3345805 0.4601023 0.8474172 -0.2649342 0.4313633 0.7944849 -0.4274568 0.3896409 0.7176632 -0.5771825 0.3130062 0.4780548 -0.8206648 0.01712131 0.01425248 -0.9997519 0.01095616 0.01736503 -0.9997892 0.1416714 0.5535625 -0.8206691 0.1180179 0.694679 -0.7095723 0.07013249 0.8136041 -0.577174 0.04168939 0.5777613 -0.8151406 0.09555596 0.5775474 -0.8107455 0.1550366 0.5776031 -0.8014602 0.499847 0.02917653 -0.8656222 0.5521571 0.1119452 -0.8261907 0.5447287 0.1698672 -0.8212283 0.5226762 0.3401698 -0.7817252 0.5211417 0.3007033 -0.7987421 0.50333 0.3512506 -0.7894822 0.5186449 0.2680815 -0.8118743 0.5045832 0.2909449 -0.8128634 0.4617025 0.379696 -0.8016619 0.4552889 0.4298967 -0.77968 0.4548619 0.4305685 -0.7795584 0.4244295 0.4384682 -0.7922155 0.3564061 0.4442105 -0.8219803 0.3053439 0.5078383 -0.8055219 0.2424741 0.6539936 -0.7165883 0.2146762 0.7470633 -0.6291349 -0.04193323 0.8781269 -0.4765867 -0.2143668 0.8784034 -0.4271466 -0.3858262 0.826038 -0.4108521 -0.5295698 0.7475687 -0.4008702 -0.6642763 0.6472772 -0.3738576 -0.8970208 0.1369091 -0.4202496 -0.9785591 -0.03476107 -0.2030119 -0.9840273 -0.1252503 -0.1265016 -0.9797536 -0.1864715 -0.07287949 -0.9689316 -0.2466276 -0.01861685 -0.9515941 -0.3052548 0.03589075 -0.8976262 -0.4168902 0.1430733 -0.8196302 -0.5167247 0.2473906 -0.6521271 -0.665708 0.3627167 -0.641357 -0.6909198 0.3336033 -0.5762102 -0.807732 0.1247031 -0.7379375 -0.6623705 0.1292817 -0.7397245 -0.6603745 0.1292793 -0.7847093 -0.5934761 0.1789339 -0.8264918 -0.5273421 0.1970322 -0.7866029 -0.5871292 0.191142 -0.9394944 -0.3014964 0.1626353 -0.9804291 -0.0312516 0.1943767 0.4486997 0.6207999 0.6428655 0.336204 0.6192429 -0.709581 0.2305994 0.352186 -0.9070772 0.1584554 0.2033185 -0.9662058 0.07321423 0.07947051 -0.994145 0.01599186 0.01443541 -0.999768 0.01306229 0.01605319 -0.9997859 0.0591765 0.0905807 -0.9941295 0.1229928 0.2265143 -0.9662112 0.1697805 0.3852184 -0.907073 0.1866881 0.5400435 -0.8206709 0.02114987 0.9036165 -0.42782 0.001739561 0.903634 -0.4283022 0.01968485 0.4281542 -0.9034913 0.2365896 0.4278877 -0.8723173 0.320298 0.2653026 -0.9094085 0.3981835 0.1144163 -0.9101423 0.4655051 0.02533066 -0.8846826 0.5248976 0.02560549 -0.8507803 0.5555958 0.08078342 -0.8275189 0.549495 0.1650163 -0.819039 0.5245407 0.2165367 -0.8233888 0.5086899 0.2775699 -0.8149782 0.441431 0.4124987 -0.7968586 0.2618544 0.5585007 -0.7870892 0.1717951 0.831111 -0.5289055 0.193615 0.8456009 -0.4974661 0.08209663 0.8878955 -0.4526609 -0.08978772 0.8892096 -0.4486029 -0.2347553 0.8796306 -0.4136907 -0.3109931 0.8550327 -0.4149729 -0.4642311 0.7852651 -0.409693 -0.6027187 0.6968696 -0.3887198 -0.6652002 0.6001329 -0.44424 -0.6366897 0.54852 -0.5419889 -0.6756331 0.4390791 -0.5922242 -0.7259979 0.3814938 -0.5721796 -0.7761899 0.3212736 -0.5425059 -0.8215783 0.2604818 -0.5071079 -0.6225342 0.4741185 -0.6226258 -0.9116922 0.09915602 -0.3987299 -0.9637603 0.03299105 -0.264722 -0.9727134 -0.01132267 -0.2317336 -0.9774765 -0.06149661 -0.2018861 -0.9283821 -0.3605186 0.09018307 -0.8626914 -0.466092 0.1962701 -0.7604379 -0.5704887 0.310285 -0.6628741 -0.6381842 0.3915596 -0.517298 -0.7581238 0.3970529 -0.506318 -0.7847777 0.357444 -0.4948157 -0.8090769 0.3170995 -0.4835778 -0.8306124 0.2761079 -0.4727086 -0.8492824 0.2350877 -0.4644019 -0.8637074 0.1958074 -0.4554647 -0.8773586 0.1509772 -0.5847825 -0.8054989 0.09592252 -0.7389011 -0.6619316 0.1259834 -0.7847517 -0.5843902 0.2065264 -0.7963923 -0.5846517 0.1547311 -0.8834007 -0.4466139 0.1419129 -0.9805803 -0.1522905 0.123572 -0.991154 0.007904291 0.1324814 0.05975639 0.6634551 0.7458262 0.3292099 0.9440484 -0.01983743 0.1860432 0.275189 0.9432173 0.3889057 0.8823701 -0.2649064 0.3646118 0.827251 -0.4274507 0.3293349 0.747237 -0.5772135 0.2726309 0.5021683 -0.8206701 0.0149849 0.01474076 -0.9997791 0.01467967 0.01721274 -0.9997442 0.01257365 0.01803648 -0.9997584 0.1746934 0.6826288 -0.7095775 0.1367562 0.8050642 -0.5772083 0.07764101 0.9006541 -0.4275444 0.04617583 0.4279734 -0.902611 0.1058092 0.4278755 -0.8976231 0.1716715 0.4278818 -0.8873817 0.4340428 0.02453732 -0.900558 0.4829131 0.0162059 -0.8755184 0.492302 0.04040712 -0.8694862 0.5585614 0.008575856 -0.8294188 0.5306661 0.2199206 -0.8185527 0.5299349 0.2007856 -0.8239261 0.518 0.2358818 -0.822214 0.4236149 0.3476206 -0.8364869 0.3131578 0.4164959 -0.8535007 0.2368573 0.511253 -0.8261472 0.2185503 0.604653 -0.7659181 0.1938288 0.6990777 -0.6882739 0.1606519 0.7882445 -0.5940216 -0.1109074 0.8980637 -0.425654 -0.2352717 0.8809948 -0.4104819 -0.262924 0.8332996 -0.4862949 -0.4327334 0.761335 -0.4828156 -0.591982 0.6607724 -0.4614511 -0.6356163 0.4686782 -0.6134597 -0.7583098 0.3094033 -0.5737909 -0.6215736 0.4745957 -0.6232216 -0.935702 0.006347835 -0.3527346 -0.958321 -0.02096641 -0.2849236 -0.9608897 0.04019343 -0.2739993 -0.9687435 -0.02270632 -0.2470232 -0.9816353 -0.1201217 -0.148199 -0.9797916 -0.1788125 -0.08963513 -0.9711704 -0.2364599 -0.03024417 -0.9557933 -0.2925549 0.0295118 -0.9338415 -0.3464788 0.08883988 -0.9055008 -0.3979076 0.1474376 -0.8707673 -0.4467977 0.2052706 -0.8295472 -0.49301 0.2622835 -0.5389957 -0.6975723 0.4720981 -0.5280197 -0.7296018 0.4345992 -0.4419113 -0.8897128 0.1145673 -0.5038446 -0.8598228 0.08273804 -0.6237272 -0.7757754 0.09558707 -0.6800088 -0.7245981 0.1120072 -0.6710442 -0.729579 0.1319626 -0.7365536 -0.6571422 0.1601654 -0.6900067 -0.7090812 0.1452404 -0.9473861 -0.3002202 0.1110299 -0.9890804 -0.04104763 0.1415457 -0.9819766 -0.03027474 0.1865621 0.03033632 0.7107378 0.7028027 0.2642017 0.9643956 -0.01178026 0.3246023 0.9389235 -0.1142639 0.1829 0.2709777 0.9450496 0.284167 0.6447853 -0.7095782 0.2008774 0.3699843 -0.9070612 0.1412122 0.2156484 -0.9662065 0.06662237 0.08539146 -0.9941176 0.01666313 0.01638841 -0.9997269 0.01373338 0.01501518 -0.9997929 0.01300096 0.01751768 -0.9997621 0.2304503 0.522885 -0.8206606 0.2302365 0.6659586 -0.7095705 0.02255338 0.9639358 -0.2651777 0.001922667 0.9641041 -0.2655177 0.02099734 0.2654576 -0.9638939 0.2523958 0.265214 -0.9305686 0.3300347 0.1142334 -0.9370314 0.4011759 0.02462905 -0.9156699 0.4457897 0.03882002 -0.8942956 0.4929181 0.04184198 -0.8690691 0.5254869 0.01477146 -0.8506735 0.5400705 0.03405958 -0.8409304 0.4877579 0.2406439 -0.839156 0.1107238 0.8649461 -0.4894983 0.1214038 0.8572126 -0.5004476 0.08542186 0.9002717 -0.4268653 -0.1722483 0.9017707 -0.3964092 -0.1728616 0.8608293 -0.4786353 -0.3494174 0.8006477 -0.4866939 -0.5135787 0.7148535 -0.4745751 -0.5673848 0.6061139 -0.5574051 -0.3596379 0.6814625 -0.6373928 -0.5216975 0.5672323 -0.6372436 -0.5363156 0.5541693 -0.6366019 -0.7418978 0.3373927 -0.5794427 -0.588957 0.5000855 -0.6348577 -0.3949496 0.6345257 -0.6643735 -0.6940045 0.3884778 -0.6061705 -0.9179563 0.0523709 -0.3932093 -0.9480915 -0.02658253 -0.3168851 -0.9283089 0.05221867 -0.3681251 -0.9587146 0.02276694 -0.2834577 -0.9660809 -0.01886075 -0.2575504 -0.9719593 -0.06271588 -0.2266318 -0.7712473 -0.5461692 0.3269202 -0.6723332 -0.6125465 0.415638 -0.5461758 -0.6655678 0.5086368 -0.4223302 -0.7795927 0.4624635 -0.4025485 -0.8189832 0.408927 -0.3906726 -0.8431462 0.3694315 -0.3785623 -0.8653159 0.3285105 -0.3715706 -0.8850553 0.2803794 -0.3558543 -0.9008668 0.2486097 -0.3258863 -0.9279427 0.1808885 -0.3357416 -0.9341925 0.1206729 -0.5592371 -0.8257629 0.07327699 -0.6229317 -0.776597 0.09409129 -0.7434473 -0.6425204 0.1856176 -0.6947777 -0.7008205 0.1616621 -0.6991903 -0.7049584 0.1190241 -0.8048613 -0.5817024 0.1175612 -0.89037 -0.4448187 0.09683769 -0.9860283 -0.1525018 0.06701904 -0.9896649 -0.03775179 0.1383419 -0.9869155 -0.04757869 0.1540586 0.03039717 0.7114037 0.7021259 0.2902978 0.9568353 -0.01391667 0.2420783 0.9702362 -0.006317436 0.2870948 0.9576033 -0.02392709 0.3150533 0.9113442 -0.2649402 0.2953954 0.8544158 -0.4274521 0.2668281 0.7717966 -0.5771765 0.2024976 0.7911292 -0.5771562 0.1514061 0.8912543 -0.4274834 0.08279955 0.960695 -0.2649708 0.04925733 0.2653304 -0.9628986 0.1128615 0.2652459 -0.9575526 0.1831472 0.2651531 -0.9466525 0.3815479 0.006347894 -0.9243273 0.4363878 0.02114945 -0.8995101 0.4128355 0.09256523 -0.9060896 0.457179 0.1028195 -0.8834114 0.5044836 0.1110596 -0.8562488 0.5458426 0.1101146 -0.8306208 0.5221886 0.1734117 -0.8350135 0.3833498 0.3168182 -0.8675651 0.2121079 0.4640128 -0.8600595 0.1659968 0.5882373 -0.7914682 0.1735605 0.6490744 -0.7406614 0.1444786 0.7402776 -0.6565935 0.1057789 0.8247766 -0.5554767 0.146279 0.8976032 -0.4158255 0.1286679 0.9010721 -0.4141422 0.04129248 0.9108775 -0.4106059 -0.1586396 0.9012058 -0.4033132 -0.1007428 0.8711615 -0.4805503 -0.25914 0.7698205 -0.5832862 -0.3358944 0.7454011 -0.5758059 -0.4151844 0.705789 -0.5740068 -0.493165 0.6588861 -0.5680295 -0.2936589 0.7280128 -0.6194853 -0.296798 0.7267203 -0.6195067 -0.5103784 0.5767585 -0.6378586 -0.5111082 0.5764197 -0.6375805 -0.5516952 0.5430889 -0.6329984 -0.5868863 0.5090316 -0.6296439 -0.9489924 -0.04040729 -0.312699 -0.9553058 -0.01370298 -0.2953018 -0.9621185 -0.01477128 -0.2722315 -0.9790246 -0.1147215 -0.1683743 -0.9796966 -0.1707243 -0.1051081 -0.9733483 -0.2256893 -0.04071259 -0.9599733 -0.2790652 0.02395737 -0.9397227 -0.3303419 0.08829259 -0.9127979 -0.3791397 0.1518328 -0.8791771 -0.4254122 0.2146441 -0.838782 -0.4690148 0.2765319 -0.4412806 -0.7040529 0.5564 -0.4333754 -0.7362194 0.5197758 -0.4244651 -0.7641775 0.4856566 -0.4165257 -0.7811383 0.4651122 -0.4105198 -0.8083436 0.4219648 -0.4011432 -0.8318288 0.3835947 -0.3980037 -0.8340346 0.3820726 -0.3891772 -0.8546518 0.3436735 -0.3849677 -0.8574946 0.3413254 -0.3774604 -0.8750746 0.3029327 -0.3639423 -0.8939093 0.2616722 -0.3583536 -0.896067 0.2620052 -0.3730333 -0.9002179 0.2246196 -0.317304 -0.9297859 0.1865919 -0.3223128 -0.9315057 0.1685573 -0.3419098 -0.9284027 0.1454864 -0.3401936 -0.9340295 0.1088913 -0.4295224 -0.8999096 0.07532054 -0.4954844 -0.8669374 0.05398899 -0.5679312 -0.8180968 0.09039777 -0.6406292 -0.755229 0.1386489 -0.5766585 -0.8110758 0.09808838 -0.9523013 -0.2993967 0.05902475 -0.9956196 -0.03204488 0.08783352 -0.993511 -0.04171925 0.1058089 0.03028815 0.7115276 0.7020051 0.2463228 0.9624322 -0.1142345 0.0232554 0.9931784 -0.1142629 0.001983702 0.9934344 -0.1143864 0.02166825 0.114384 -0.9932003 0.2600492 0.1143227 -0.9588038 0.329481 0.02017289 -0.9439467 0.3524993 0.03766095 -0.935054 0.3900411 0.006042838 -0.9207777 0.4064584 0.03521943 -0.9129903 0.4473445 0.2138757 -0.8684124 0.2805908 0.3773357 -0.8825457 0.1407549 0.5443724 -0.8269503 0.06772249 0.8877178 -0.45538 0.1412422 0.9011973 -0.4097489 0.1234186 0.9026588 -0.4122804 -0.04028552 0.9170152 -0.3968127 0.02121043 0.8565047 -0.5157034 -0.2736971 0.7387199 -0.6159407 -0.110144 0.7637447 -0.6360521 -0.2667092 0.6727089 -0.6901659 -0.5389951 0.5522404 -0.6360149 -0.4249854 0.5619574 -0.7096418 -0.9110492 0.04687696 -0.4096242 -0.9661435 -0.05563628 -0.2519353 -0.9585717 -0.0135504 -0.2845287 -0.7924336 -0.5087567 0.3364753 -0.7399358 -0.5464446 0.3922926 -0.6224958 -0.6058325 0.4954453 -0.4436988 -0.6865766 0.5759723 -0.43535 -0.7209445 0.5391748 -0.4351458 -0.7209906 0.539278 -0.4275792 -0.7524601 0.5009788 -0.3795664 -0.7842807 0.4907476 -0.3691578 -0.8152539 0.4461877 -0.4143635 -0.7923172 0.4478129 -0.3568611 -0.8442223 0.3999237 -0.3434345 -0.8705651 0.3523766 -0.3274074 -0.8941141 0.3055559 -0.3281423 -0.916064 0.230542 -0.3353469 -0.9142384 0.2273998 -0.4188124 -0.8850818 0.2030429 -0.3396509 -0.9198257 0.1963621 -0.2356391 -0.9551 0.1796058 -0.3585052 -0.921792 0.1475587 -0.3579557 -0.9218832 0.1483216 -0.3090339 -0.9406826 0.140051 -0.3075675 -0.9418988 0.1350147 -0.3403167 -0.9340626 0.1082201 -0.3240252 -0.9424717 0.0821889 -0.4923388 -0.8684598 0.05813938 -0.6385794 -0.7566878 0.1401432 -0.5815786 -0.8053777 0.1146005 -0.5846654 -0.8072759 0.08044981 -0.7065731 -0.7018426 0.09039688 -0.8109923 -0.5795331 0.08020496 -0.8946997 -0.4436876 0.05151629 -0.9885155 -0.1509782 0.006531059 -0.9971824 -0.03717225 0.06515836 0.03049653 0.7115216 0.7020022 0.2402442 0.9707126 -2.44151e-4 0.2479656 0.9684852 -0.02343845 0.2390907 0.9341445 -0.2649713 0.2241657 0.875818 -0.4274256 0.1615078 0.9506437 -0.2649375 0.0853312 0.9897931 -0.1141411 0.05075293 0.1143848 -0.9921392 0.1163079 0.1142632 -0.9866187 0.1886366 0.1142318 -0.9753806 0.299054 0.02175992 -0.9539881 0.3217634 0.07550436 -0.9438048 0.3664439 0.08585047 -0.926471 0.3622918 0.1734398 -0.9157856 0.4043786 0.1932777 -0.8939361 0.3449899 0.286576 -0.8937876 0.1887326 0.4172628 -0.8889724 0.1258894 0.4913502 -0.8618161 0.116216 0.6356784 -0.7631559 0.1298285 0.6893669 -0.7126836 0.09439611 0.7776619 -0.6215558 0.06448602 0.8494579 -0.5237011 0.0827983 0.9069666 -0.4129844 -0.06659388 0.9197406 -0.3868367 0.05505686 0.8649795 -0.4987778 0.04352056 0.855488 -0.5159907 -0.1033378 0.8210259 -0.5614606 -0.2171766 0.766863 -0.60395 -0.2356048 0.7581775 -0.6079947 -0.2541623 0.7489061 -0.6119978 -0.520057 0.567973 -0.6379244 -0.9417571 -0.02606326 -0.3352824 -0.9630007 -0.05710124 -0.2633801 -0.9758266 -0.1106632 -0.1884571 -0.9795177 -0.1628816 -0.1183844 -0.9754432 -0.2141202 -0.05160731 -0.9636915 -0.2663984 0.01818919 -0.9451975 -0.3145571 0.08749735 -0.9196985 -0.3603106 0.155984 -0.8870778 -0.4034363 0.2243483 -0.8477231 -0.4436531 0.2907534 -0.6840041 -0.5768195 0.4465621 -0.5522434 -0.6329664 0.5425688 -0.4456458 -0.6847051 0.5766965 -0.3944852 -0.7102016 0.583091 -0.3879964 -0.7502647 0.5353147 -0.3131866 -0.9122452 0.2640509 -0.329176 -0.9137946 0.2379552 -0.3339744 -0.915126 0.225844 -0.3947935 -0.8950605 0.2073764 -0.3549442 -0.9117764 0.2065879 -0.3389785 -0.9183581 0.2042355 -0.5687232 -0.7981657 0.1987097 -0.07581043 -0.9753121 0.2074106 -0.2787005 -0.9452685 0.1696863 -0.2852972 -0.9459856 0.1540019 -0.3089454 -0.943866 0.1169189 -0.3015639 -0.9467172 0.113075 -0.3183435 -0.945051 0.07440525 -0.4929721 -0.8679886 0.05978655 -0.4384987 -0.8975369 0.046328 -0.51852 -0.8508124 0.08517885 -0.4504058 -0.8914421 0.04965507 -0.9542182 -0.2990286 0.007049918 -0.9987177 -0.03845447 0.03293043 -0.9997311 0.007599115 0.02191239 0.1664186 0.9794375 -0.1140484 0.04248303 0.9989015 -0.01977658 0.02328568 0.9996063 -0.01565599 0.0505082 0.02356034 -0.9984457 0.261459 0.02346932 -0.9649292 0.3409922 0.01751804 -0.939903 0.3211852 0.1534511 -0.9345014 0.2497662 0.3386066 -0.9071727 0.06668561 0.5514001 -0.8315714 0.08002114 0.6089481 -0.7891634 -0.001709043 0.8979982 -0.4399959 0.01797592 0.9154621 -0.4020025 0.06103885 0.9118595 -0.4059389 -0.04867815 0.8682112 -0.4938012 -0.03549355 0.8204726 -0.5705831 -0.1462504 0.7862487 -0.6003531 -0.154399 0.7851796 -0.5997116 -0.1138651 0.6945437 -0.7103829 -0.264541 0.5995511 -0.755352 -0.510497 0.5682091 -0.6453924 -0.9528278 -0.05996942 -0.2975279 -0.9684618 -0.07999044 -0.2359734 -0.8015562 -0.4811046 0.3550298 -0.7498873 -0.5145232 0.4158546 -0.6932496 -0.5437958 0.4729601 -0.6317214 -0.5690345 0.5264294 -0.3472483 -0.8140405 0.4655715 -0.3340041 -0.8413888 0.4248602 -0.3205721 -0.8673821 0.3806337 -0.3062648 -0.890991 0.3351669 -0.2910882 -0.9120845 0.2887383 -0.3223416 -0.9071465 0.2705203 -0.3291459 -0.9132463 0.2400918 -0.3195321 -0.9210278 0.2227264 -0.3205471 -0.9216608 0.2186117 -0.3310536 -0.9161563 0.2259677 -0.3405959 -0.9157024 0.2132691 -0.3608598 -0.9087111 0.2098199 -0.2603872 -0.9480693 0.1826555 -0.2605114 -0.9481992 0.1818025 -0.2717443 -0.9451231 0.1813765 -0.1066932 -0.9832499 0.1477713 -0.305924 -0.9416074 0.1406627 -0.3015252 -0.9441278 0.1330617 -0.3058908 -0.9454447 0.1120958 -0.3047968 -0.9464051 0.1068482 -0.2952085 -0.9492877 0.1081892 -0.3643974 -0.9217057 0.1329409 -0.4244597 -0.9045557 0.04016309 -0.5172109 -0.8514888 0.08636963 -0.4512882 -0.8904603 0.05847489 -0.4578809 -0.8880809 0.04071271 -0.5910681 -0.8043067 0.06106919 -0.7119451 -0.6995239 0.06164819 -0.8148063 -0.578159 0.04269659 -0.8964031 -0.4431964 0.006195306 -0.9876923 -0.1490557 -0.04739624 -0.9993183 -0.03448659 0.01318424 0.2113456 0.9774088 -0.002258419 0.1675794 0.9855785 -0.02349954 0.08536285 0.9960626 -0.02392721 0.002014219 0.9998783 -0.01547288 0.02246171 0.02282798 -0.9994871 0.08224952 0.02221804 -0.9963641 0.1899801 0.0230112 -0.9815183 0.2248039 0.02267569 -0.9741402 0.2621887 0.02990859 -0.964553 0.2780264 0.06347912 -0.9584737 0.2809282 0.1333073 -0.9504255 0.2717701 0.2275788 -0.9350664 0.3077242 0.2570624 -0.9160921 0.1659933 0.3709902 -0.9136808 0.111456 0.4395374 -0.8912825 0.06137424 0.4924897 -0.8681516 0.07464891 0.673397 -0.7355027 0.08444678 0.7268771 -0.681556 0.05377519 0.8025081 -0.594213 0.03170931 0.8732725 -0.4861993 -0.02234011 0.9070339 -0.4204645 -0.03735584 0.9236417 -0.3814325 0.1200007 0.9143493 -0.3867368 0.01232993 0.8966366 -0.4425958 0.001617491 0.862293 -0.5064072 -0.1411505 0.7981947 -0.5856296 -0.0247507 0.735961 -0.6765714 -0.4268682 0.4862581 -0.7624543 -0.494692 0.5668404 -0.6587653 -0.967966 -0.08670401 -0.2356359 -0.9736422 -0.121587 -0.1929705 -0.9767804 -0.1569013 -0.1458837 -0.9682521 -0.2493418 0.01779264 -0.9517437 -0.2933818 0.09006237 -0.9272607 -0.3376019 0.1619036 -0.8950703 -0.3797518 0.2337474 -0.8559089 -0.418112 0.3043062 -0.5652248 -0.5902205 0.576334 -0.4888586 -0.6541514 0.5771511 -0.4001972 -0.6730687 0.6219491 -0.3799993 -0.7304558 0.5674812 -0.3582674 -0.7794048 0.5139774 -0.2732423 -0.9304521 0.2441265 -0.312085 -0.9162348 0.2512305 -0.3215174 -0.9083972 0.2672852 -0.3264609 -0.9116307 0.2497058 -0.3180372 -0.9204492 0.227213 -0.3173669 -0.92207 0.2215067 -0.3230164 -0.9203402 0.2205325 -0.3464262 -0.9071293 0.2389672 -0.297776 -0.9333997 0.2002366 -0.3350666 -0.9163594 0.2191254 -0.3268015 -0.9208003 0.2129032 -0.2939334 -0.9357892 0.1946839 -0.2727535 -0.9443066 0.1840941 -0.2316378 -0.9553308 0.1835402 -0.2653046 -0.9489072 0.1708472 -0.2612464 -0.9502838 0.1694439 -0.3058919 -0.9446852 0.1183221 -0.2711019 -0.953755 0.1298286 -0.2952722 -0.9513107 0.08844429 -0.2986901 -0.952439 0.06036669 -0.3817907 -0.9238054 0.02862668 -0.3500263 -0.9366689 0.0115363 -0.9531385 -0.2992081 -0.04474079 -0.9988157 -0.03167837 -0.03692758 -0.9993193 -0.03445607 0.01318424 0.1894617 0.9818866 -0.001800596 0.1271116 0.9915933 -0.02420157 0.07977664 0.9968117 -0.001525938 -0.06326574 0.9979392 0.01071214 -0.06564581 0.9977188 0.01574766 0.06131333 0.005371391 -0.9981041 0.1151188 0.02105832 -0.9931286 0.2828224 0.009003162 -0.9591301 0.3134335 0.03048878 -0.9491206 0.2414664 0.1134086 -0.9637596 0.2367704 0.1983158 -0.9511103 0.2198578 0.3003665 -0.9281393 0.009064316 0.5723343 -0.8199704 0.01007121 0.6321082 -0.7748147 0.04922789 0.6900762 -0.7220607 0.02057009 0.8237198 -0.566624 0.03247272 0.904446 -0.4253506 -0.03405934 0.8052779 -0.5919187 -0.0265516 0.767495 -0.640505 -0.02566623 0.6975662 -0.7160606 -0.1138969 0.6176741 -0.7781429 -0.2645734 0.518526 -0.8131001 -0.5754148 0.4398776 -0.6894967 -0.4946828 0.565548 -0.6598823 -0.9569894 -0.08258485 -0.2781211 -0.9669345 -0.08923763 -0.2389029 -0.9774612 -0.152137 -0.1463689 -0.9778908 -0.1820765 -0.1028491 -0.9775155 -0.200966 -0.06384521 -0.8096805 -0.4518707 0.3744734 -0.7591994 -0.4814428 0.4379832 -0.7020402 -0.5091264 0.4979258 -0.6395314 -0.5324699 0.5545048 -0.4385377 -0.6752792 0.5930285 -0.334832 -0.7998002 0.4982042 -0.3091034 -0.8431369 0.4399718 -0.2929229 -0.8664999 0.4041957 -0.2785223 -0.8915703 0.3571104 -0.2628663 -0.911288 0.3169472 -0.2482717 -0.929455 0.2729005 -0.2935318 -0.9238407 0.2456779 -0.3068686 -0.9099853 0.2788522 -0.3104708 -0.9234773 0.2253835 -0.3244128 -0.9115299 0.2527246 -0.316638 -0.92147 0.2250189 -0.3021661 -0.9333549 0.1937635 -0.3379388 -0.9122791 0.2313963 -0.3113272 -0.9264127 0.2117427 -0.3275361 -0.92044 0.2133318 -0.3315948 -0.9189432 0.2135146 -0.2599962 -0.9490062 0.1782953 -0.2878226 -0.9446172 0.15766 -0.288101 -0.9380677 0.1924234 -0.256054 -0.9504822 0.1761248 -0.3058344 -0.9414303 0.142037 -0.3353452 -0.9346817 0.1179568 -0.3137324 -0.9425706 0.1145977 -0.2884078 -0.9486022 0.1302871 -0.2806545 -0.951436 0.126502 -0.285961 -0.9509349 0.1181077 -0.2739713 -0.9605932 0.04690808 -0.3022334 -0.9522963 0.04226934 -0.3557862 -0.9342975 0.02246171 -0.3125823 -0.9498632 0.007233142 -0.3815203 -0.9238766 0.02990877 -0.3472406 -0.9376839 0.01315349 -0.3541404 -0.935127 0.01104778 -0.4633082 -0.88566 0.03085464 -0.5957314 -0.8021011 0.04168897 -0.7153082 -0.6980343 0.03289961 -0.8162983 -0.5776073 0.005188226 -0.8954674 -0.4434152 -0.03900367 -0.9827691 -0.1515567 -0.1058089 -0.9967796 -0.03985774 -0.06958317 -0.9989721 -0.04028481 -0.0207833 0.1864696 0.9824602 -0.001098632 0.1087397 0.9940704 -6.10383e-5 0.00665307 0.9999778 -3.05188e-4 -0.06790387 0.9976837 0.004058957 0.04419207 0.001190245 -0.9990224 0.08929979 0.002655148 -0.9960013 0.1661751 0.02694809 -0.985728 0.2493378 0.007324457 -0.968389 0.2353032 0.05346965 -0.9704501 0.294936 0.007202446 -0.9554899 0.2027361 0.09402829 -0.9747085 0.2028326 0.1694138 -0.9644469 0.1908995 0.2624983 -0.9458605 0.1437742 0.3251477 -0.93467 0.094823 0.3867082 -0.9173142 0.0230115 0.5273736 -0.8493218 0.02472084 0.5872277 -0.8090442 0.02264529 0.5906708 -0.806595 0.02850496 0.6551569 -0.7549549 0.05111938 0.7460077 -0.6639725 0.01263469 0.8082266 -0.5887361 0.01541191 0.7855202 -0.6186441 0.02505648 0.7035044 -0.7102492 -0.0252391 0.6621989 -0.748903 -0.4269061 0.4050847 -0.8084909 -0.5762631 0.3661996 -0.730629 -0.514951 0.5229775 -0.6792055 -0.9561051 -0.08514851 -0.2803798 -0.9572876 -0.08975619 -0.2748535 -0.9706298 -0.1504592 -0.187723 -0.9720172 -0.2349089 -7.32469e-4 -0.9641365 -0.2612456 0.04681664 -0.9401409 -0.3118746 0.1373664 -0.9224485 -0.3381243 0.1864429 -0.8804987 -0.3827366 0.279705 -0.8269184 -0.4226303 0.3709307 -0.5718778 -0.5512771 0.6074943 -0.4941979 -0.606814 0.6225314 -0.4286096 -0.6549084 0.6224057 -0.395316 -0.6938859 0.6018703 -0.3701117 -0.7495318 0.5488346 -0.2330731 -0.9452632 0.2283732 -0.2806551 -0.9237265 0.2606955 -0.2932276 -0.9146577 0.2782427 -0.3045825 -0.9178981 0.2543478 -0.305983 -0.925182 0.2245279 -0.3111765 -0.9250756 0.2177258 -0.3082168 -0.9281295 0.2087536 -0.2701852 -0.9460297 0.1789637 -0.2978671 -0.9336121 0.1991071 -0.3276804 -0.9201889 0.2141917 -0.3212479 -0.92416 0.2067083 -0.2826969 -0.9407157 0.1874473 -0.2616689 -0.9481605 0.180336 -0.2179355 -0.9598501 0.1766129 -0.2645127 -0.948394 0.1748768 -0.2661929 -0.9506583 0.1593433 -0.2981098 -0.9462422 0.1255247 -0.3158754 -0.9428651 0.1059632 -0.2700017 -0.9516745 0.1463387 -0.2868534 -0.9524242 0.102973 -0.2916423 -0.9530867 0.08105921 -0.2208094 -0.9706456 -0.09534323 -0.3312258 -0.9434731 0.01217716 -0.3450512 -0.9384686 0.0147103 -0.3621755 -0.9320974 -0.004822075 -0.3547524 -0.9349179 0.00891149 -0.9491062 -0.2998479 -0.09637856 -0.9949572 -0.04068207 -0.09167975 -0.9958577 0.007934868 -0.09057968 0.1612008 0.9869199 -0.001892149 0.07648104 0.004333674 -0.9970617 0.05130213 0.01992875 -0.9984844 0.1033978 0.00100708 -0.9946396 0.1475309 0.01217722 -0.9889824 0.1971518 -0.01226854 -0.9802963 0.2222688 0.02038657 -0.9747723 0.1697496 0.1412444 -0.9753129 0.1631529 0.2255026 -0.9604842 0.05502623 0.4307187 -0.9008072 0.005585014 0.5149545 -0.8571993 -0.02465921 0.4943143 -0.8689335 -0.02533072 0.536798 -0.8433305 -0.0666545 0.7462925 -0.6622724 0.004028499 0.7469569 -0.6648603 0.01507633 0.8054558 -0.5924642 0.02429342 0.7535859 -0.6569004 0.02908527 0.6973142 -0.7161754 -0.02386599 0.6215239 -0.7830316 -0.1138378 0.534183 -0.8376691 -0.264602 0.4319696 -0.8621996 -0.8744402 0.1353228 -0.4658778 -0.6522808 0.4409984 -0.6164821 -0.9592711 -0.09396779 -0.2663998 -0.9658765 -0.1142034 -0.2324659 -0.974444 -0.1897372 -0.1202452 -0.9773195 -0.2058221 -0.049838 -0.9773117 -0.2058815 -0.04974603 -0.9645384 -0.2598125 0.0465117 -0.9634875 -0.2644784 0.04175007 -0.9521881 -0.2902953 0.09521877 -0.9389491 -0.3145598 0.1393805 -0.9389696 -0.314526 0.1393179 -0.9032086 -0.3605815 0.2327986 -0.9031901 -0.3605863 0.2328628 -0.8561302 -0.4021847 0.3244823 -0.8560946 -0.4022128 0.3245413 -0.7977178 -0.4388699 0.4135693 -0.7971438 -0.4398803 0.4136028 -0.7311882 -0.4680178 0.4963095 -0.6912329 -0.4910564 0.5301517 -0.6109395 -0.5131855 0.6028213 -0.4397869 -0.6370348 0.6330673 -0.4265298 -0.6544132 0.6243523 -0.4056058 -0.6314206 0.6609025 -0.3515502 -0.7685334 0.5345736 -0.3243581 -0.8163888 0.4778087 -0.2619429 -0.8824208 0.3907933 -0.2304838 -0.9121689 0.3388587 -0.2124114 -0.9309786 0.2969182 -0.1973347 -0.9456259 0.2585555 -0.2526699 -0.9471383 0.1977045 -0.2893816 -0.9284505 0.2328909 -0.2938389 -0.9301031 0.2203791 -0.3024132 -0.9264361 0.2241929 -0.3039129 -0.9219017 0.2402797 -0.2960047 -0.9409953 0.1640401 -0.2995787 -0.9334979 0.1970639 -0.324846 -0.9222893 0.2094225 -0.2636842 -0.9481948 0.1771933 -0.2355155 -0.955033 0.1801235 -0.2378374 -0.9544628 0.1800948 -0.2355477 -0.9546428 0.182139 -0.3009192 -0.9455457 0.1240605 -0.2731789 -0.9543101 0.1211009 -0.2913053 -0.9531742 0.08124196 -0.2471451 -0.9689261 0.01007133 -0.226053 -0.9712926 -0.07409971 -0.3132125 -0.9495865 0.01355022 -0.3075152 -0.9515392 0.002777278 -0.3198395 -0.9472804 -0.01904386 -0.3345791 -0.9422721 0.01342833 -0.3367817 -0.9414935 0.01297074 -0.3436467 -0.938955 0.01644986 -0.3653445 -0.9308642 -0.003906428 -0.3640069 -0.9313963 9.15587e-5 -0.3585078 -0.9334877 0.008545339 -0.4672763 -0.8838606 0.02105808 -0.598571 -0.80076 0.0222789 -0.716589 -0.6974841 0.004028499 -0.8155037 -0.5778506 -0.03228926 -0.8919244 -0.4442989 -0.08408045 -0.9749102 -0.1530545 -0.1616305 -0.9948369 -0.03640949 -0.0947318 0.1348639 0.9908637 -0.001037597 0.08050835 0.004974544 -0.9967415 0.09107005 0.04184216 -0.9949651 0.1216506 0.02145516 -0.9923412 0.1301321 0.0597558 -0.9896943 0.193432 0.04034662 -0.9802837 0.2049685 -0.004516839 -0.9787582 0.164436 0.07538175 -0.9835032 0.1373952 0.1138347 -0.9839534 0.1276605 0.1998376 -0.9714771 0.1227177 0.2799527 -0.9521381 0.08005279 0.3343114 -0.9390567 -0.4269011 0.3196265 -0.8459282 -0.5763253 0.288834 -0.7644764 -0.7096921 0.3148354 -0.6302508 -0.6384481 0.4424486 -0.6297804 -0.6383078 0.4428937 -0.6296098 -0.9642263 -0.1428302 -0.2233096 -0.914213 0.07730597 -0.3977918 -0.9706888 -0.2343863 -0.05316418 -0.9617494 -0.2731157 0.02111923 -0.930672 -0.3314957 0.1547915 -0.9105962 -0.3574693 0.2074378 -0.8765946 -0.3924426 0.2785155 -0.835864 -0.4254702 0.3468524 -0.7632567 -0.4571178 0.4565989 -0.7316442 -0.4742732 0.489655 -0.7287428 -0.477751 0.4905997 -0.6531119 -0.5026215 0.5664067 -0.5692211 -0.5202676 0.6366389 -0.4996894 -0.5651223 0.656466 -0.4460332 -0.6144058 0.6508148 -0.4031037 -0.6550435 0.6390817 -0.3798074 -0.714691 0.5873357 -0.2900868 -0.8336372 0.4699987 -0.2809897 -0.8604869 0.4249789 -0.1841835 -0.958792 0.2163202 -0.2172676 -0.9587063 0.1835132 -0.2640184 -0.940499 0.2139065 -0.2758945 -0.9304421 0.2411636 -0.2948792 -0.9339572 0.2019169 -0.3036707 -0.9337797 0.1893135 -0.2995738 -0.9335131 0.1969997 -0.3391878 -0.9149587 0.2186378 -0.2830967 -0.9420077 0.1802163 -0.2315476 -0.9555804 0.182351 -0.2170799 -0.9589301 0.1825632 -0.2846797 -0.9534999 0.09897255 -0.2882254 -0.9541592 0.08066278 -0.235848 -0.9706454 0.04715126 -0.4678915 -0.8835949 -0.01837259 -0.36532 -0.9308795 -0.002197384 -0.3654635 -0.9308257 3.05189e-5 -0.3603688 -0.932784 0.006958305 -0.9421056 -0.3009525 -0.1478668 -0.9857769 -0.03555506 -0.1642554 -0.9915929 -0.03647017 -0.1241512 0.0971415 0.006378412 -0.9952502 0.03412073 0.0467863 -0.998322 0.1026676 0.1619364 -0.9814459 0.05096691 0.3666261 -0.9289713 0.0224927 0.4660915 -0.8844507 -0.1137737 0.4450542 -0.8882467 -0.2646271 0.3408626 -0.9021004 -0.708536 0.2494037 -0.6601324 -0.907616 0.09061205 -0.4099058 -0.9168819 0.07934933 -0.3911924 -0.9469382 -0.3071109 0.09482198 -0.7898642 -0.4556803 0.4104511 -0.7418289 -0.478235 0.4700864 -0.6842983 -0.4952938 0.5351822 -0.6236979 -0.5134002 0.5894244 -0.5702238 -0.5228577 0.6336125 -0.5212084 -0.5296012 0.6692269 -0.4424714 -0.593787 0.6720389 -0.4459764 -0.6144728 0.6507905 -0.4200615 -0.607905 0.6737952 -0.4298636 -0.5957968 0.6784124 -0.36184 -0.7357048 0.5725471 -0.3363162 -0.7876574 0.516224 -0.301132 -0.8068947 0.5081737 -0.2414378 -0.8937259 0.378103 -0.1886098 -0.9255309 0.3283581 -0.1532365 -0.946917 0.2826071 -0.145181 -0.9584327 0.2456204 -0.2343267 -0.9607763 0.1483235 -0.2748535 -0.9417532 0.1937952 -0.2672526 -0.9404046 0.2102741 -0.2780886 -0.9340627 0.2240395 -0.3063823 -0.9343149 0.1821691 -0.3236208 -0.94071 0.1016579 -0.306567 -0.9368222 0.1684668 -0.3042149 -0.9333673 0.19047 -0.2826995 -0.9420977 0.1803686 -0.2667368 -0.945756 0.1854645 -0.2530331 -0.960311 0.117376 -0.2809575 -0.9548161 0.09689766 -0.2816273 -0.9562145 0.07962346 -0.2602086 -0.9633761 0.06479269 -0.2281916 -0.9735299 0.01297062 -0.3179751 -0.9478825 -0.02026444 -0.3622634 -0.9320576 -0.005829155 -0.464471 -0.885147 -0.02795553 -0.3636902 -0.9315195 -0.001037597 -0.4698693 -0.8826987 -0.008118033 -0.36382 -0.9314475 0.006378471 -0.4696866 -0.8827607 0.01132249 -0.5997046 -0.8002166 0.002807736 -0.7158958 -0.6977672 -0.02478182 -0.8123862 -0.5789461 -0.06964439 -0.8857444 -0.4458783 -0.129033 -0.9632388 -0.1561044 -0.2186377 -0.9811435 -0.03839242 -0.1894291 0.07513737 0.007812798 -0.9971426 0.05865746 0.08145517 -0.9949495 0.08402031 0.1170425 -0.9895664 0.06525003 0.2178155 -0.9738065 0.07584071 0.2723857 -0.9591946 0.003448665 0.4551041 -0.8904316 0.0253005 0.4609332 -0.8870742 -0.0247206 0.4469549 -0.8942149 -0.4268721 0.2307557 -0.8743752 -0.5763354 0.2085416 -0.7901569 -0.7084998 0.1800929 -0.6823449 -0.8209342 0.1999308 -0.5348784 -0.9215031 0.05481284 -0.3844835 -0.9482702 -7.93506e-4 -0.3174635 -0.9640609 -0.2650564 -0.01821976 -0.9243368 -0.3457832 0.1613553 -0.8948548 -0.3814905 0.2317326 -0.8593044 -0.4100893 0.3056519 -0.4789395 -0.5315548 0.6986175 -0.4458217 -0.5744287 0.6864945 -0.4273904 -0.5709525 0.7009642 -0.4186878 -0.6201426 0.6634182 -0.3964748 -0.6798151 0.616976 -0.2692083 -0.8253564 0.4963003 -0.258774 -0.8500568 0.4587371 -0.2516623 -0.8738292 0.4160394 -0.2001139 -0.9069063 0.3707768 -0.1325755 -0.9701147 0.2032275 -0.1706311 -0.9698905 0.1737746 -0.2009373 -0.9698037 0.1382207 -0.2501949 -0.9539024 0.1657488 -0.2786383 -0.9415104 0.1895228 -0.2700933 -0.9420612 0.1989229 -0.2888042 -0.9381941 0.1907457 -0.2632248 -0.9361647 0.2330417 -0.2953981 -0.9338657 0.2015812 -0.3182272 -0.9349967 0.1565653 -0.3082122 -0.9346468 0.1773158 -0.3066592 -0.9364274 0.1704815 -0.308306 -0.9269322 0.2138792 -0.3093749 -0.9260116 0.2163096 -0.2751322 -0.9461924 0.1703591 -0.2586527 -0.9584952 0.1199416 -0.2534893 -0.9605189 0.1146592 -0.2779986 -0.9559503 0.09421247 -0.2760729 -0.9579237 0.07852482 -0.2661583 -0.9613255 0.07080459 -0.2582203 -0.9640002 0.06344878 -0.2157062 -0.9763543 0.01425218 -0.230998 -0.9728224 -0.01602244 -0.3148063 -0.9488443 -0.02432382 -0.3970257 -0.9146637 -0.0759015 -0.3040614 -0.9526525 2.13633e-4 -0.3602782 -0.9328169 -0.007233023 -0.5927433 -0.8034781 -0.05548381 -0.469848 -0.8827466 0.001190245 -0.3640924 -0.9313502 0.004852473 -0.9321218 -0.3025382 -0.1990472 -0.9759395 -0.03936958 -0.2144576 -0.9811004 -0.03842365 -0.1896462 -0.9791158 0.007477164 -0.2031661 0.07950252 0.005737602 -0.9968183 0.03665369 0.03134334 -0.9988364 0.04730439 0.16172 -0.9857022 0.02850455 0.3332962 -0.9423913 0.02514761 0.3978756 -0.9170947 -0.1137765 0.3511568 -0.9293783 -0.2646042 0.2460789 -0.9324323 -0.8194994 0.1462476 -0.5541051 -0.82419 0.2236415 -0.520284 -0.9458989 0.0032655 -0.3244451 -0.9523279 0.001648008 -0.3050721 -0.9701636 -0.0528891 -0.2366126 -0.9512186 -0.3050382 0.04620587 -0.8203921 -0.4349015 0.371238 -0.7747518 -0.4594614 0.4343444 -0.7240921 -0.4808562 0.4944371 -0.669384 -0.5032054 0.5465431 -0.5529865 -0.52735 0.6450644 -0.4818646 -0.5337164 0.6949484 -0.4585147 -0.5464394 0.7008341 -0.4348719 -0.5717518 0.6956913 -0.4255232 -0.6049125 0.673061 -0.3772471 -0.7046565 0.6009525 -0.3474919 -0.7570294 0.5533136 -0.3115081 -0.7783278 0.5451316 -0.2790932 -0.7989175 0.5327643 -0.2145492 -0.8863965 0.4102071 -0.1596163 -0.9288268 0.3343703 -0.1024512 -0.9646035 0.2429896 -0.2201066 -0.9706724 0.0966857 -0.2559298 -0.9543505 0.1539974 -0.2536458 -0.9528734 0.1664217 -0.265397 -0.9477505 0.1770127 -0.2721975 -0.9405295 0.2032554 -0.3033867 -0.9380542 0.1673647 -0.2839213 -0.9367908 0.2044795 -0.3138876 -0.9358643 0.1601025 -0.2621876 -0.9495642 0.1720044 -0.2556904 -0.9587932 0.1238471 -0.2391188 -0.9645934 0.1112734 -0.2485758 -0.9628996 0.1050458 -0.2779067 -0.9564372 0.08942085 -0.2736327 -0.9588132 0.07617521 -0.2678924 -0.9605432 0.07477062 -0.2677458 -0.9594047 0.08862805 -0.2664277 -0.9601163 0.08481127 -0.2562373 -0.9642473 0.06759953 -0.2035932 -0.9789627 0.01348942 -0.2203769 -0.975353 -0.01098674 -0.2267234 -0.973791 -0.01809757 -0.2411945 -0.9703937 -0.01269602 -0.3090949 -0.9507536 -0.02298069 -0.3202407 -0.9471714 -0.01767075 -0.3366811 -0.9415903 0.007324457 -0.3588783 -0.9333461 -0.008453845 -0.5869688 -0.8061551 -0.07471007 -0.5967758 -0.8015913 -0.03619593 -0.5991003 -0.8004993 -0.0167247 -0.3686097 -0.9295814 0.002349913 -0.3664417 -0.9304331 0.003845393 -0.7131669 -0.6989451 -0.05356073 -0.8069658 -0.5808469 -0.1068792 -0.8769159 -0.4481174 -0.1738083 -0.9482087 -0.1584874 -0.2752854 -0.9699384 -0.03186225 -0.2412561 0.003082394 0.003784358 -0.9999881 -0.03631764 0.1037037 -0.993945 0.0378127 0.1029703 -0.9939655 0.0032655 0.2491567 -0.9684577 0.02444589 0.271316 -0.9621799 -0.0175485 0.3347955 -0.9421274 -0.04297083 0.4290981 -0.9022353 -0.03814905 0.4305657 -0.9017527 -0.02453756 0.4019402 -0.9153372 -0.4268783 0.1394442 -0.8934933 -0.5763593 0.1260147 -0.8074219 -0.7085325 0.1088007 -0.6972404 -0.8194885 0.08835166 -0.5662442 -0.906147 0.1072446 -0.409141 -0.959417 -0.01168864 -0.2817488 -0.9712383 -0.2261157 -0.07461905 -0.9621921 -0.272235 0.008637011 -0.9371464 -0.3329316 0.1044664 -0.9196444 -0.3344633 0.2058846 -0.8753789 -0.4036149 0.2660959 -0.6063873 -0.5200483 0.6015348 -0.4586429 -0.5425403 0.7037733 -0.4282807 -0.5626887 0.7070766 -0.4341339 -0.5851728 0.6849092 -0.4290726 -0.6058105 0.6699929 -0.4064936 -0.6430222 0.6490651 -0.3802098 -0.6659623 0.6418215 -0.2431479 -0.8181942 0.5209965 -0.2340807 -0.8425993 0.4850081 -0.2245581 -0.8653635 0.4480175 -0.1746007 -0.9031564 0.392203 -0.1199402 -0.9389519 0.3224652 -0.08655172 -0.98268 0.1638563 -0.1243048 -0.9784466 0.1648954 -0.1566859 -0.978936 0.1308971 -0.1840635 -0.9785489 0.09253531 -0.239058 -0.9617559 0.1337052 -0.2486665 -0.9569756 0.1495417 -0.2578274 -0.9529359 0.1594941 -0.2666741 -0.950267 0.1608651 -0.2615483 -0.9493565 0.1741113 -0.3060193 -0.9364918 0.1712756 -0.3057685 -0.9357084 0.1759412 -0.2581278 -0.9569165 0.1329703 -0.239695 -0.9638157 0.116643 -0.2416488 -0.9645811 0.1057786 -0.2523355 -0.9618842 0.1053839 -0.2726249 -0.9578036 0.09103769 -0.2716841 -0.9585852 0.0854544 -0.263688 -0.9607828 0.08582067 -0.2519386 -0.9653017 0.06869941 -0.2032886 -0.9778668 0.04950219 -0.2253551 -0.9741786 -0.01382523 -0.2782093 -0.9584428 -0.06314337 -0.2777528 -0.9587827 -0.05990862 -0.2437856 -0.9697101 -0.0151984 -0.3107737 -0.9502356 -0.0217294 -0.4260773 -0.901687 -0.07361209 -0.3228631 -0.9462797 -0.01773166 -0.3476096 -0.9376305 0.004089474 -0.3564649 -0.9342554 -0.009979784 -0.4594644 -0.8874027 -0.0375384 -0.7017381 -0.7037829 -0.1106947 -0.7084432 -0.700966 -0.0821883 -0.3344839 -0.9424015 1.62273e-4 -0.9191521 -0.3046139 -0.24974 -0.9647408 -0.03689759 -0.260603 -0.01373338 0.1322372 -0.991123 -0.002288877 0.1864398 -0.9824638 0.0195626 0.193795 -0.980847 -0.02609407 0.2067078 -0.9780548 -0.02374386 0.3531674 -0.9352588 -0.1138049 0.2535203 -0.9606123 -0.2646057 0.1486918 -0.9528246 -0.9059334 0.06528067 -0.4183579 -0.9035564 0.1493312 -0.4016044 -0.9743034 -0.04919737 -0.2198011 -0.9685457 -0.2462564 -0.03573751 -0.965064 -0.2608743 0.02441495 -0.9608693 -0.2698515 0.06253397 -0.919512 -0.3333914 0.2082017 -0.9179639 -0.3379113 0.2077458 -0.8430083 -0.4320029 0.3204848 -0.8016721 -0.4574792 0.3847526 -0.7558671 -0.4777768 0.4476544 -0.6486005 -0.5112323 0.5638784 -0.5588098 -0.541017 0.628516 -0.4885547 -0.5318617 0.6916919 -0.4666425 -0.5388211 0.7013677 -0.4349645 -0.5588128 0.7060696 -0.4838572 -0.5778575 0.6572389 -0.4599775 -0.6266704 0.6290509 -0.4077075 -0.6125227 0.6771932 -0.3580849 -0.6909914 0.6279381 -0.3562806 -0.7263558 0.5877683 -0.3211572 -0.7480035 0.5808174 -0.2883756 -0.7707921 0.5680838 -0.2517563 -0.7921978 0.5559149 -0.187021 -0.8792554 0.4381018 -0.07391762 -0.9687726 0.2366768 -0.06271708 -0.9852837 0.1590053 -0.2385978 -0.9624176 0.1297059 -0.2482389 -0.9583783 0.1410268 -0.2416781 -0.9587167 0.1498472 -0.2617909 -0.95344 0.1497256 -0.2578517 -0.9565142 0.1363571 -0.2507426 -0.9629906 0.09888094 -0.2630429 -0.961164 0.08349984 -0.2620398 -0.960874 0.08975762 -0.2512028 -0.9650752 0.07434451 -0.2418327 -0.9669951 0.08023446 -0.1887585 -0.9819717 0.01010167 -0.2537036 -0.9650685 -0.06540197 -0.2749767 -0.9592447 -0.06509715 -0.2738507 -0.9596831 -0.0633583 -0.2807152 -0.9578131 -0.06158763 -0.2832199 -0.956966 -0.06326669 -0.25389 -0.9670953 -0.01632779 -0.3041867 -0.9523271 -0.0233168 -0.4726266 -0.8722198 -0.1259239 -0.3365381 -0.9414948 -0.01815903 -0.357315 -0.9339692 -0.005249202 -0.3356216 -0.9418585 0.01614475 -0.5794007 -0.8096045 -0.09399807 -0.6929341 -0.7074306 -0.1392277 -0.7992268 -0.5835198 -0.1440183 -0.8654201 -0.451006 -0.21827 -0.9331068 -0.1516214 -0.3260716 -0.9573542 -0.03811836 -0.2863914 -0.9503297 0.0067752 -0.3111712 -5.49348e-4 0.02081418 -0.9997833 -0.02337735 0.01290941 -0.9996435 0.02667331 0.03592044 -0.9989987 0.02679574 0.03546315 -0.9990117 0.01953208 0.1201224 -0.992567 0.02160745 0.1894926 -0.9816444 -0.02697914 0.2534331 -0.9669767 -0.4265921 0.05829095 -0.9025638 -0.5759583 0.05270665 -0.8157781 -0.7081413 0.0455349 -0.704601 -0.8191451 0.03695917 -0.5723944 -0.9056501 0.02731442 -0.4231453 -0.9652711 0.04028445 -0.2581259 -0.9804047 -0.05362254 -0.1895558 -0.9807137 -0.02511751 -0.1938293 -0.9769469 -0.2128096 0.01693809 -0.9466146 -0.3028117 0.1105711 -0.9361234 -0.3108102 0.1645304 -0.9347911 -0.2624922 0.2392979 -0.9012935 -0.3632397 0.2360661 -0.8667712 -0.4114271 0.2818433 -0.709262 -0.4940419 0.5028619 -0.5945139 -0.531858 0.6030593 -0.5595696 -0.5334147 0.6343111 -0.5316976 -0.5434779 0.6495611 -0.5172381 -0.5488865 0.6566495 -0.4447009 -0.5523436 0.7050941 -0.4113397 -0.6226556 0.6656574 -0.3925717 -0.6568396 0.6437773 -0.3651323 -0.6582088 0.6583614 -0.2109512 -0.8117594 0.5445606 -0.2033528 -0.8357825 0.510015 -0.1953809 -0.8582786 0.4745359 -0.1420685 -0.8920562 0.4290134 -0.137732 -0.9140429 0.3815175 -0.08469116 -0.9459775 0.3129758 -0.05090534 -0.9953713 0.08151572 -0.1106008 -0.9862824 0.1225337 -0.1424313 -0.9859108 0.08771109 -0.1677032 -0.9847034 0.04727429 -0.2388436 -0.9667581 0.09128302 -0.2552325 -0.9541847 0.156167 -0.2599279 -0.9552969 0.1408743 -0.239359 -0.9657983 0.09970492 -0.2417985 -0.9651494 0.1001008 -0.2538307 -0.9622496 0.09821176 -0.2562343 -0.9627404 0.08645921 -0.2563891 -0.9623516 0.09024429 -0.2462565 -0.9665317 0.07193291 -0.2455856 -0.9661369 0.07916599 -0.2389672 -0.9675275 0.08237195 -0.1753304 -0.9843528 0.01757878 -0.2200093 -0.9753779 -0.01528984 -0.3461759 -0.9268591 -0.1452394 -0.2809262 -0.9578958 -0.05929815 -0.4066031 -0.9111413 0.06704998 -0.273204 -0.9615854 -0.02670389 -0.3000957 -0.9536044 -0.02411019 -0.3837134 -0.9197768 -0.0823093 -0.5484944 -0.822528 -0.1503385 -0.3419964 -0.9395288 -0.0180062 -0.3512434 -0.9362626 -0.006378471 -0.454487 -0.889503 -0.04718214 -0.7891337 -0.5869444 -0.1810091 -0.9035984 -0.309043 -0.296652 -0.9389181 -0.04199415 -0.341569 -0.9573925 -0.03805762 -0.2862716 -0.001098692 0.0223096 -0.9997506 -0.02127176 1.22076e-4 -0.9997738 -0.02343887 0.06439596 -0.9976492 -0.02468979 0.1039475 -0.9942764 -0.02493411 0.1532367 -0.987875 -0.113806 0.1532063 -0.9816191 -0.2643842 0.06219726 -0.9624098 -0.9650939 0.01684629 -0.2613624 -0.9649888 0.06793588 -0.2533404 -0.9808264 -0.02786403 -0.1928814 -0.964946 -0.2225131 0.1391661 -0.947489 -0.2945377 0.1245475 -0.8925065 -0.3500869 0.2843788 -0.866793 -0.4122165 0.2806197 -0.8479421 -0.4030655 0.3442857 -0.8175906 -0.427275 0.3859819 -0.7930756 -0.4392954 0.4219604 -0.6819233 -0.47839 0.5532844 -0.6177442 -0.5310385 0.5799916 -0.5669184 -0.5629204 0.6014353 -0.5382115 -0.6152427 0.5760251 -0.4026699 -0.643344 0.6511263 -0.3931537 -0.6570262 0.6432314 -0.3724886 -0.6725244 0.6395024 -0.3305844 -0.7162561 0.614566 -0.297047 -0.7414119 0.6017238 -0.2599298 -0.7652015 0.5889851 -0.2203504 -0.7868829 0.5764208 -0.1515287 -0.8719083 0.4656342 -0.03378498 -0.9724101 0.2308184 -0.02993929 -0.986868 0.1587302 -0.02487319 -0.9966688 0.07767158 -0.07281804 -0.994031 0.0812413 -0.1643468 -0.9863249 0.01239085 -0.2354862 -0.9681914 0.08456867 -0.2514812 -0.9557812 0.1524452 -0.2541612 -0.9625654 0.09418123 -0.2578237 -0.9614371 0.09573781 -0.168617 -0.9854561 0.02108854 -0.2127804 -0.9769222 -0.01864725 -0.2823017 -0.9565604 -0.07278805 -0.2941128 -0.9527764 -0.07559585 -0.3177958 -0.945422 -0.07199466 -0.2778152 -0.9601914 -0.02917623 -0.2917977 -0.9561174 -0.02633839 -0.4568478 -0.8784455 -0.1400849 -0.5439727 -0.8203844 -0.1762478 -0.4378938 -0.8964493 -0.06802797 -0.3449844 -0.9384834 -0.01532042 -0.3502072 -0.9366325 -0.008636891 -0.5700389 -0.8137658 -0.113318 -0.6820437 -0.7118304 -0.1676726 -0.7766211 -0.5911257 -0.2177847 -0.8512268 -0.4545003 -0.2623784 -0.9009633 -0.2337786 -0.3655309 -0.9124237 -0.1516484 -0.380113 -0.9479017 -0.04974657 -0.3146549 -3.35713e-4 0.106421 -0.9943211 -3.05192e-4 0.02111923 -0.999777 -0.002411007 0.107245 -0.9942297 -0.001770079 0.02014237 -0.9997956 -0.0210582 3.35711e-4 -0.9997783 -0.1137445 0.01290953 -0.9934262 -0.3459683 0.01217722 -0.9381673 -0.5021857 0.01120036 -0.8646872 -0.643395 0.009949088 -0.7654697 -0.7653828 0.008362114 -0.643521 -0.8647517 0.006531 -0.5021572 -0.9381679 0.004486322 -0.3461516 -0.9937092 0.007171988 -0.1117618 -0.9938015 0.0167551 -0.1099001 -0.9887372 -0.06314462 -0.1356893 -0.9953068 -0.06198346 -0.07431304 -0.934593 -0.2678986 0.2340221 -0.8202393 -0.4224495 0.3856736 -0.8167249 -0.4298632 0.384939 -0.7491291 -0.4743934 0.4623383 -0.7134505 -0.4758574 0.5143424 -0.6847643 -0.4854725 0.5435204 -0.6177153 -0.5310704 0.5799932 -0.6459982 -0.5408293 0.538693 -0.5062237 -0.6653513 0.548676 -0.4245246 -0.6741732 0.6043753 -0.3714522 -0.6834221 0.6284566 -0.3548194 -0.6949894 0.6253744 -0.1706328 -0.805646 0.567291 -0.1641639 -0.8287853 0.5349443 -0.1579985 -0.8510615 0.5007303 -0.09912717 -0.8866209 0.4517491 -0.092839 -0.918044 0.3854558 -0.04446673 -0.9496111 0.3102602 -0.02966421 -0.9993686 0.01956254 -0.05221748 -0.9984501 0.0192573 -0.09885102 -0.9919287 0.07941043 -0.1284534 -0.9906386 0.04620534 -0.1583027 -0.9873247 0.01141411 -0.1653805 -0.9861188 0.0148015 -0.2555653 -0.9628105 0.08765029 -0.1706312 -0.9853335 0.001739561 -0.2380831 -0.9685387 -0.07245343 -0.2897211 -0.952939 -0.08926934 -0.3142896 -0.9459819 -0.0796253 -0.3301266 -0.9399009 -0.08719342 -0.3556374 -0.9298821 -0.09402889 -0.2871801 -0.9574907 -0.02719205 -0.3683414 -0.9252942 -0.09030759 -0.4394404 -0.8848931 -0.1544557 -0.6393765 -0.7283399 -0.2464117 -0.5588348 -0.8186132 -0.1325749 -0.3451372 -0.9384536 -0.01361137 -0.3463941 -0.9380414 -0.009460985 -0.447343 -0.8924887 -0.05786341 -0.8809761 -0.327108 -0.3418795 -0.9177188 -0.08319592 -0.3884206 -0.00927776 0.107549 -0.9941565 -0.002777218 0.02230948 -0.9997473 -0.02264511 9.7661e-4 -0.9997431 -0.1066021 9.15563e-5 -0.9943018 -0.1138051 0.06402868 -0.9914378 -0.2639926 0.01257395 -0.9644428 -0.4261367 0.01171928 -0.904583 -0.5753765 0.01059007 -0.8178201 -0.7074583 0.009186148 -0.7066954 -0.8184574 0.007416069 -0.5745193 -0.9051014 0.00552392 -0.4251599 -0.9647287 0.00338757 -0.2632244 -0.983725 0.002319455 -0.1796664 -0.9984679 0.00488305 -0.05511772 -0.9960061 -0.0694909 -0.05606269 -0.9362264 -0.2606004 0.2357275 -0.9327264 -0.2409487 0.2682633 -0.9189783 -0.2841078 0.2734259 -0.8385851 -0.3796629 0.3906805 -0.8373137 -0.3838349 0.3893283 -0.7745112 -0.4236037 0.469779 -0.7403646 -0.4503104 0.49908 -0.6992328 -0.4615162 0.5459638 -0.6988388 -0.4642648 0.5441348 -0.6449716 -0.5067481 0.5720297 -0.6291013 -0.5177351 0.5798121 -0.5877058 -0.6450816 0.4883357 -0.3818274 -0.716655 0.5836212 -0.3430653 -0.7021226 0.6239632 -0.3178923 -0.7320129 0.6025792 -0.2930197 -0.7359827 0.6103025 -0.2525447 -0.7706047 0.5851408 -0.2021284 -0.7908735 0.5776361 -0.1053515 -0.8635035 0.4932169 -0.01413053 -0.9587427 0.2839239 -0.0124517 -0.974106 0.2257491 -0.007721304 -0.9952882 0.09665387 -0.009949088 -0.9997057 0.02212613 -0.0405603 -0.9989927 0.01919668 -0.04077386 -0.9989915 0.0187999 -0.07364255 -0.9971505 0.01635819 -0.1265308 -0.99186 0.01428276 -0.1547604 -0.9878907 0.0110172 -0.1175915 -0.9929208 -0.01675516 -0.1686161 -0.9856338 0.009735465 -0.1698997 -0.9854608 -0.001068115 -0.1705996 -0.9851135 -0.02114945 -0.2067695 -0.9782409 -0.01706033 -0.2840452 -0.9479975 -0.1435943 -0.294209 -0.9494648 -0.1093517 -0.4948679 -0.8441595 -0.2061568 -0.51354 -0.837314 -0.1875686 -0.5684513 -0.7892275 -0.2323429 -0.6537764 -0.7227796 -0.2239784 -0.3468501 -0.9378533 -0.011231 -0.6690096 -0.7169551 -0.1959632 -0.7617298 -0.5974447 -0.2506546 -0.8366929 -0.4577929 -0.3006173 -0.8621094 -0.3140132 -0.3976971 -0.8771594 -0.2363731 -0.4179943 -0.8863934 -0.1568065 -0.435567 -0.9354485 -0.08472168 -0.3431595 -0.9095841 0.007446587 -0.4154532 -5.4935e-4 0.2557835 -0.9667341 -0.006042659 0.2567233 -0.9664662 -0.003021299 0.02032536 -0.9997889 -0.02069211 0.001342833 -0.9997851 -0.1075802 0.002319455 -0.9941937 -0.1796979 0.01278758 -0.9836388 -0.2557189 1.83114e-4 -0.9667512 -0.3387886 0 -0.9408625 -0.4190272 2.74672e-4 -0.9079737 -0.4963394 1.83117e-4 -0.8681286 -0.5697923 2.74672e-4 -0.8217888 -0.6391901 5.18823e-4 -0.7690486 -0.7034962 6.40902e-4 -0.7106988 -0.7625427 7.01932e-4 -0.6469376 -0.8158786 5.79871e-4 -0.578223 -0.8630141 6.40897e-4 -0.5051797 -0.9035592 8.24025e-4 -0.4284627 -0.9373892 0.00100708 -0.3482821 -0.9935856 0.001434385 -0.1130739 -0.9997333 0.003082394 -0.02288901 -0.9999019 -0.01400828 3.35712e-4 -0.9982157 0.01437443 -0.05795556 -0.9742425 -0.1718551 0.1460051 -0.9499205 -0.2305445 0.210951 -0.9325254 -0.2416539 0.268328 -0.9328679 -0.2456457 0.2634687 -0.8951203 -0.3034192 0.3266441 -0.809908 -0.404893 0.4243945 -0.6675823 -0.5239273 0.5289936 -0.6206532 -0.5909268 0.5153594 -0.5460845 -0.6969115 0.4648722 -0.463403 -0.7132634 0.5258452 -0.3293625 -0.7097531 0.6227125 -0.318557 -0.7322112 0.6019868 -0.2871896 -0.7457773 0.6011143 -0.2752555 -0.7538625 0.5965954 -0.232131 -0.7654281 0.6001957 -0.2205033 -0.7813296 0.5838685 -0.1853449 -0.7943922 0.5784361 -0.1136527 -0.8216627 0.558528 -0.1095343 -0.8410855 0.5296955 -0.05600214 -0.8894118 0.4536632 -0.0545687 -0.9227851 0.3814316 -0.009766042 -0.9449279 0.3271327 -0.03570747 -0.9778671 0.2061575 0.001831114 -0.9896931 0.143194 -9.15583e-5 -0.9988704 0.04751873 -0.03292953 -0.9992101 -0.02224802 -0.07538121 -0.9969246 -0.02142411 0.03302121 -0.995855 0.08475035 -0.1157584 -0.9932087 0.0116887 -0.1376119 -0.9902624 0.02105832 -0.1495141 -0.9886734 0.01306223 -0.1715784 -0.9851565 0.005249261 -0.1606808 -0.9867908 -0.02063059 -0.1790531 -0.9836173 -0.02090525 -0.2006299 -0.979467 -0.01980662 -0.2598392 -0.9537813 -0.1509472 -0.2951865 -0.9464768 -0.1305632 -0.3007327 -0.9466946 -0.1154528 -0.3475497 -0.9307668 -0.1134999 -0.4248266 -0.8906403 -0.1621177 -0.4783661 -0.8505847 -0.2183381 -0.6165089 -0.736661 -0.2779341 -0.7166827 -0.6220731 -0.3152635 -0.8420056 -0.3896133 -0.3731328 -0.8896787 -0.08368492 -0.4488527 -0.9213186 -0.01596158 -0.388481 -0.02212637 0.2568188 -0.9662064 -0.01800626 0.1066947 -0.9941288 -0.005310237 0.01968455 -0.9997922 -0.02175974 0.00238043 -0.9997604 -0.1079746 0.009216547 -0.994111 -0.1706611 6.10376e-5 -0.9853299 -0.9641233 9.46086e-4 -0.2654536 -0.9835264 9.15561e-4 -0.1807622 -0.9997275 2.74667e-4 -0.02334666 -0.999737 0.001464903 -0.02288913 -0.9983791 -0.03897315 0.04147577 -0.9992058 -0.005951285 -0.03940051 -0.9987367 -0.03845399 -0.03235018 -0.9690374 -0.1606822 0.1874778 -0.9588242 -0.1941026 0.2073174 -0.9704052 -0.1763069 0.1650149 -0.8614658 -0.3569833 0.3611643 -0.8393646 -0.3862792 0.3824338 -0.8157211 -0.3848795 0.4318182 -0.7461065 -0.4426221 0.4974043 -0.6811155 -0.4893057 0.5446666 -0.7003241 -0.5568227 0.4466484 -0.6701464 -0.6129224 0.418605 -0.6292408 -0.6688239 0.3958925 -0.4127981 -0.7569899 0.5065215 -0.330706 -0.7558689 0.5650628 -0.2739405 -0.7881588 0.5511465 -0.2225754 -0.7702398 0.5976546 -0.2127198 -0.8134016 0.5414132 -0.1655987 -0.7950936 0.583441 -0.06137329 -0.8501011 0.5230312 -0.02484256 -0.9187477 0.3940629 -0.01385569 -0.9370022 0.3490487 -0.004089474 -0.9996995 0.02417075 -0.02188241 -0.9995116 -0.02230966 -0.04358118 -0.9987974 -0.02246201 -0.06530988 -0.9976238 -0.02194285 -0.08890062 -0.9960049 0.008423089 -0.09671485 -0.9951654 0.01709061 -0.1159426 -0.9931879 0.01162779 -0.1558325 -0.9875499 -0.02148568 -0.1947751 -0.9776601 -0.07901483 -0.1872628 -0.9820926 -0.02066117 -0.2167484 -0.9732318 -0.07642042 -0.3024415 -0.9252698 -0.2289217 -0.3412073 -0.9218092 -0.1839712 -0.365529 -0.9213759 -0.1321178 -0.5258521 -0.8062964 -0.2708611 -0.5468747 -0.7969495 -0.2565144 -0.5946702 -0.7439406 -0.3048276 -0.662304 -0.678052 -0.3187458 -0.7337273 -0.6180877 -0.2821559 -0.7825479 -0.5346999 -0.3189277 -0.8146535 -0.4633755 -0.3487448 -0.8175599 -0.3941 -0.4198585 -0.8371413 -0.3176437 -0.4453054 -0.8509398 -0.2391799 -0.4676476 -0.8589342 -0.1587002 -0.4868739 -0.8899402 -0.02414065 -0.4554381 -0.9092946 -0.03009212 -0.4150636 -5.18827e-4 0.419151 -0.9079165 -0.009705066 0.4200349 -0.9074561 -0.004058957 0.02124106 -0.9997662 -4.13291e-5 0 -1 -0.006500542 0.02163803 -0.9997448 -0.02200442 0.002990841 -0.9997535 -0.2568188 0.02212637 -0.9662064 -0.2567594 0.00601226 -0.9664567 -0.4200096 0.009735703 -0.9074675 -0.5705928 0.01318442 -0.8211274 -0.7039519 0.01651078 -0.7100558 -0.8160914 0.0189526 -0.5776121 -0.9035879 0.02111941 -0.427882 -0.9639436 0.02255356 -0.2651494 -0.9934393 9.76623e-4 -0.1143564 -0.999736 -0.01742625 0.01498472 -0.999558 -0.01425236 -0.02609372 -0.9677172 -0.2411892 0.07315331 -0.9790143 -0.1348018 0.1528384 -0.9801532 -0.1391368 0.1412121 -0.9490467 -0.2296548 0.2157992 -0.931935 -0.2504102 0.2622822 -0.8997735 -0.2960383 0.320576 -0.5808324 -0.7218595 0.3762348 -0.496488 -0.7454645 0.4447273 -0.1511921 -0.8144355 0.5602105 -0.07742792 -0.785816 0.6135945 -0.08743798 -0.8357424 0.5421156 -0.01715159 -0.8674066 0.4973046 -0.01593089 -0.9003402 0.4348953 -0.05441564 -0.9217698 0.3839004 -0.01086461 -0.9996989 -0.02200388 -0.01110899 -0.9996922 -0.02218753 -0.02310287 -0.9953474 -0.09354078 -0.05142515 -0.994566 -0.0905205 -0.05438524 -0.9982836 -0.02172964 -0.05478191 -0.9982525 -0.02215689 -0.07648193 -0.9930749 -0.08917802 -0.08386743 -0.9962466 -0.02142465 -0.1036723 -0.994424 0.01931834 -0.04416036 -0.9946615 0.09326475 -0.08658212 -0.995405 0.04089534 -0.1097759 -0.9938425 0.0150457 -0.1232659 -0.9922313 -0.0168159 -0.1377929 -0.9904611 -2.13632e-4 -0.1727082 -0.9815891 -0.08157777 -0.2347505 -0.9591447 -0.1579042 -0.2736026 -0.9315916 -0.2393298 -0.328481 -0.9192464 -0.2169934 -0.3507913 -0.9149751 -0.1994145 -0.3364436 -0.9272952 -0.1641017 -0.3140141 -0.9405164 -0.1297074 -0.3816162 -0.9124119 -0.1478976 -0.3987327 -0.9022377 -0.1642541 -0.4567193 -0.8624717 -0.2180594 -0.4961553 -0.8240566 -0.273424 -0.6378716 -0.6856334 -0.3507516 -0.7013949 -0.6150863 -0.3601585 -0.7920904 -0.4684973 -0.3912842 -0.8593684 -0.08298254 -0.5045791 -0.8780234 -0.02340781 -0.4780451 -0.900953 -0.03668385 -0.4323635 -0.03613448 0.4193921 -0.9070858 -0.04315406 0.2541331 -0.9662061 -0.004791378 0.02148503 -0.9997578 -0.02688765 0.1046819 -0.9941423 -0.006439447 0.01928782 -0.9997933 -0.0202338 0.003723263 -0.9997884 -0.1067245 0.01818925 -0.9941223 -0.2541331 0.04315406 -0.9662061 -0.9931818 0.02325552 -0.1142328 -0.9997205 0.001037597 -0.02362191 -0.9995506 -0.02203452 0.02032548 -0.9997629 -0.01507622 0.01571714 -0.9966919 -0.06009203 0.05472069 -0.9908409 -0.09146642 0.09934043 -0.9870336 -0.1192668 0.1074256 -0.982757 -0.1415492 0.1189648 -0.8594287 -0.3443208 0.3779228 -0.8588777 -0.347189 0.3765487 -0.8156189 -0.3982722 0.4196965 -0.6981598 -0.4946265 0.5176076 -0.7517693 -0.5665813 0.3373852 -0.7112941 -0.6274257 0.3168564 -0.6639149 -0.6853395 0.2992103 -0.439934 -0.7895923 0.4277874 -0.3557323 -0.7953926 0.490719 -0.1491464 -0.8331692 0.5325264 -0.1290656 -0.8094602 0.5728145 -0.1109369 -0.8064673 0.5807785 -0.07458889 -0.8382706 0.5401287 -0.01828092 -0.8534966 0.5207777 -0.009491384 -0.8827008 0.4698398 -3.35714e-4 -0.8995613 0.4367946 -0.002960324 -0.9210293 0.389482 -0.1007749 -0.9910246 -0.08783471 -0.09805911 -0.9948744 0.02469027 -0.1004678 -0.9946983 0.02194297 -0.1492387 -0.985372 -0.08227962 -0.1335204 -0.9908288 -0.02075284 -0.1388632 -0.9901098 -0.01999014 -0.1396265 -0.9902039 -8.85064e-4 -0.2085359 -0.9641544 -0.1640698 -0.310135 -0.8956132 -0.318894 -0.3425186 -0.8886014 -0.3050714 -0.4149952 -0.8803465 -0.2297153 -0.3342414 -0.9276787 -0.1664187 -0.325641 -0.9327312 -0.1548244 -0.416247 -0.8897781 -0.1871723 -0.4453004 -0.8721979 -0.2024314 -0.45364 -0.8590899 -0.2370134 -0.4869723 -0.8369417 -0.2497732 -0.4951761 -0.820146 -0.2866376 -0.575963 -0.7505952 -0.3238418 -0.6181007 -0.6911936 -0.3744372 -0.6765213 -0.6219833 -0.3942788 -0.7606555 -0.5404915 -0.3595443 -0.7668333 -0.4740596 -0.4327057 -0.7910638 -0.3987364 -0.463926 -0.8093126 -0.3214605 -0.4916059 -0.821799 -0.2421113 -0.5157798 -0.8285403 -0.1606845 -0.5363783 -0.8689351 -0.0290845 -0.494071 -0.8565609 0.007355153 -0.5159935 -9.15563e-4 0.569938 -0.8216872 -0.01327574 0.5706127 -0.8211121 -0.03524899 0.1021459 -0.9941447 -0.008209645 0.02099716 -0.9997459 -0.02224832 0.004730403 -0.9997413 -0.4150232 0.07049804 -0.9070755 -0.4194284 0.03616547 -0.9070677 -0.5693047 0.04907482 -0.8206606 -0.7020315 0.06051939 -0.7095697 -0.8136041 0.07013249 -0.577174 -0.9006833 0.07764089 -0.4274827 -0.9606925 0.08282989 -0.2649702 -0.9994453 0.02307254 -0.02401864 -0.9984167 -0.04065078 0.0388807 -0.9911313 -0.08850473 0.09912532 -0.9938464 -0.08423203 0.07193291 -0.9685527 -0.1903778 0.1601945 -0.9208968 -0.2819396 0.2691824 -0.8982324 -0.3160232 0.3054637 -0.8608598 -0.3552759 0.3642792 -0.8596081 -0.3584803 0.3640959 -0.7632912 -0.4359397 0.4768052 -0.7267904 -0.4717392 0.4992373 -0.7308807 -0.5006417 0.4638657 -0.7821754 -0.5063738 0.3630253 -0.6098964 -0.7398169 0.2840731 -0.5253251 -0.7712785 0.3593928 -0.2941498 -0.8274832 0.4782757 -0.2273051 -0.8537066 0.4685269 -0.1584861 -0.8728792 0.4614806 -0.09787631 -0.8765835 0.4711918 -0.05905503 -0.8379099 0.5426043 -0.009277701 -0.844515 0.5354516 0.006866753 -0.8631103 0.5049689 -0.01321458 -0.9942695 -0.106083 -0.02798616 -0.9827214 -0.1829632 -0.09293061 -0.9789001 -0.1819854 -0.08615428 -0.9962524 -0.00766015 -0.1175298 -0.992823 -0.02212643 -0.1386153 -0.9899002 -0.02972507 -0.1333664 -0.9910622 -0.003051817 -0.1811593 -0.968726 -0.1695621 -0.2433916 -0.9374929 -0.2487325 -0.2761393 -0.9021834 -0.3313794 -0.3714178 -0.8813619 -0.2919765 -0.3656197 -0.9039475 -0.2218133 -0.4812291 -0.8190172 -0.3124571 -0.5192805 -0.7991701 -0.3027788 -0.6543719 -0.628125 -0.4210186 -0.710488 -0.5529476 -0.4352654 -0.7367916 -0.5465663 -0.3979994 -0.831316 -0.07541322 -0.5506603 -0.8554043 -0.01812863 -0.5176435 -0.04907482 0.5693047 -0.8206606 -0.07049804 0.4150232 -0.9070755 -0.06390684 0.2497373 -0.9662026 -0.009003162 0.01889139 -0.999781 -0.01989811 0.004852414 -0.9997903 -0.2497373 0.06390684 -0.9662026 -0.4078326 0.1043768 -0.9070712 -0.9897931 0.0853312 -0.1141411 -0.9986858 0.04529076 -0.02398818 -0.9845621 0.01940983 0.1739563 -0.9994984 -0.02392691 0.0207529 -0.9755274 -0.1709042 0.1383408 -0.8608329 -0.366295 0.3532631 -0.8065604 -0.4192112 0.4168002 -0.7613831 -0.4419428 0.4743232 -0.8292001 -0.503929 0.2418322 -0.7899062 -0.5703183 0.2253561 -0.7436901 -0.6342486 0.2113144 -0.6913532 -0.6944357 0.199474 -0.4635519 -0.8159844 0.3453826 -0.3775478 -0.8282796 0.4140177 -0.0518825 -0.8879241 0.4570547 0.005188167 -0.8347197 0.5506507 -0.0147407 -0.9857689 -0.1674586 -0.005157709 -0.9864352 -0.1640701 -0.06250363 -0.9808622 -0.1843981 -0.1230225 -0.9761843 -0.1786894 -0.08859598 -0.9959189 -0.01721256 -0.1020542 -0.9947239 0.01046788 -0.1264085 -0.9881658 -0.08688676 -0.211714 -0.9429013 -0.2571271 -0.3064422 -0.8584409 -0.4113057 -0.3440164 -0.8514344 -0.3958691 -0.3796674 -0.8439968 -0.3788433 -0.376179 -0.8944553 -0.2417421 -0.5398533 -0.7453998 -0.3910724 -0.5382026 -0.7771359 -0.3261871 -0.5810918 -0.726731 -0.3663259 -0.6117903 -0.6713335 -0.4183588 -0.6866294 -0.5578368 -0.466217 -0.7389431 -0.4799529 -0.4728723 -0.7617229 -0.4037659 -0.5067064 -0.7786039 -0.3255475 -0.5364652 -0.7897853 -0.2452247 -0.5622314 -0.7952844 -0.1627009 -0.583996 -0.8337767 -0.01083421 -0.5519956 -0.8554121 -0.01815867 -0.5176298 -0.001403868 0.7035877 -0.7106071 -0.01648062 0.7039675 -0.710041 -0.08423256 0.2436336 -0.9662027 -0.009002983 0.01974564 -0.9997646 -0.001016259 0 -0.9999995 -0.009949266 0.0200206 -0.9997501 -0.02142453 0.006225883 -0.9997511 -0.1048332 0.02673476 -0.9941304 -0.5535486 0.1416679 -0.8206791 -0.5633503 0.09570759 -0.8206561 -0.694679 0.1180179 -0.7095723 -0.8050608 0.1367862 -0.577206 -0.8912543 0.1514061 -0.4274834 -0.9506437 0.1615078 -0.2649375 -0.9794294 0.1664224 -0.1141121 -0.9960554 0.08551478 -0.02368289 -0.985293 0.02536094 0.1689814 -0.9805138 0.01248222 0.1960539 -0.9995965 -0.02273678 0.0170297 -0.9849718 -0.1349247 0.1078238 -0.9530261 -0.231031 0.1958728 -0.8848937 -0.3372942 0.3212413 -0.7412285 -0.4720155 0.4772649 -0.7604202 -0.4638026 0.4545857 -0.8596395 -0.4388383 0.2616122 -0.633053 -0.7506117 0.189278 -0.549539 -0.790279 0.2710461 -0.3110202 -0.8607 0.4030659 -0.2436329 -0.8870034 0.3922603 -0.1677014 -0.9082127 0.3834398 -0.1004984 -0.9186165 0.3821567 -0.007507801 -0.8724981 0.4885599 -0.01516807 -0.8209688 0.5707716 -0.003173947 -0.831487 0.5555352 -0.007690787 -0.9677612 -0.2517522 -0.03540253 -0.9581574 -0.2840443 -0.07324641 -0.9573311 -0.2795572 -0.1088909 -0.9549927 -0.27592 -0.09488344 -0.9952846 -0.02014249 -0.1133787 -0.9933069 -0.02206534 -0.1525664 -0.9727751 -0.1744488 -0.1784768 -0.9477152 -0.2645411 -0.2403977 -0.9082132 -0.3425751 -0.2668916 -0.8648571 -0.4251955 -0.4120682 -0.8366492 -0.3608573 -0.3924135 -0.8817554 -0.2617616 -0.4802163 -0.7786311 -0.4038884 -0.5627436 -0.7503147 -0.3469118 -0.596747 -0.6979495 -0.3959289 -0.6097247 -0.6710696 -0.4217838 -0.6320685 -0.6363108 -0.4422648 -0.7121627 -0.4843072 -0.5082037 -0.7967578 -0.08056998 -0.5989036 -0.8151201 -0.02783393 -0.5786229 -0.8406891 -0.03827136 -0.540164 -0.06051939 0.7020622 -0.7095394 -0.0957092 0.5633295 -0.8206702 -0.1043768 0.4078326 -0.9070712 -0.04361134 0.09912502 -0.9941189 -0.0097965 0.01782292 -0.9997932 -0.01968485 0.007507681 -0.9997782 -0.2436336 0.08423256 -0.9662027 -0.3978446 0.1375488 -0.9070833 -0.54003 0.1866834 -0.8206809 -0.9916282 0.1268376 -0.02420169 -0.9956828 0.07745724 -0.05114984 -0.9695088 0.04333746 0.2411946 -0.9450318 -0.004028499 0.3269538 -0.9255442 0.004181027 0.3786165 -0.9987066 -6.10382e-5 0.05084478 -0.9997555 -0.01721292 0.01388633 -0.9961993 -0.06784361 0.0546289 -0.9651312 -0.2067658 0.1605296 -0.9520224 -0.2364948 0.1942255 -0.9298238 -0.2751597 0.244366 -0.9020608 -0.3191715 0.2905443 -0.8421257 -0.3903754 0.3720638 -0.7723212 -0.4570569 0.4411563 -0.8159108 -0.4447009 0.3695006 -0.8974975 -0.4226246 0.1260427 -0.8610561 -0.4950447 0.1162459 -0.8159613 -0.5678402 0.1084652 -0.7677648 -0.6327185 0.1010177 -0.7118076 -0.6959068 0.09509891 -0.4834791 -0.8357884 0.2602034 -0.3965948 -0.8551127 0.3339087 -0.05554509 -0.9498524 0.3077262 -0.01217716 -0.8742537 0.4853166 -0.01883023 -0.8514833 0.5240437 -0.01922726 -0.8202431 0.5716919 -0.1440207 -0.9517757 -0.2708895 -0.09869885 -0.9948319 -0.02383542 -0.1090452 -0.9938278 -0.02038681 -0.2027989 -0.9135872 -0.3524643 -0.2907858 -0.8136082 -0.5034733 -0.3338176 -0.8069853 -0.487176 -0.3746587 -0.7997967 -0.4689947 -0.4133777 -0.792147 -0.4490237 -0.4318153 -0.8403445 -0.3276535 -0.409141 -0.8686999 -0.2792206 -0.4497877 -0.8189445 -0.3563998 -0.495633 -0.7557182 -0.4280633 -0.5895642 -0.6615278 -0.46346 -0.655254 -0.5733702 -0.491822 -0.6649878 -0.5469387 -0.5085757 -0.7318478 -0.407796 -0.5459865 -0.7454854 -0.3288717 -0.5797371 -0.7542873 -0.2486416 -0.6076415 -0.7588101 -0.1654165 -0.6299562 -0.8041545 -0.01889145 -0.5941203 -0.7934789 0.006714284 -0.6085608 -9.46095e-4 0.8158394 -0.5782779 -0.01879972 0.8160794 -0.577634 -0.1375188 0.3978463 -0.9070871 -0.1039482 0.2358826 -0.9662061 -0.05160695 0.0949434 -0.9941442 -0.01156669 0.01944065 -0.9997442 -0.02206546 0.00839281 -0.9997213 -0.102329 0.03558468 -0.994114 -0.6659586 0.2302365 -0.7095705 -0.6826251 0.174723 -0.7095737 -0.7911201 0.2024647 -0.5771802 -0.875788 0.2241658 -0.4274869 -0.9341445 0.2390907 -0.2649713 -0.9624412 0.2463173 -0.1141709 -0.9855467 0.1677318 -0.02374368 -0.9882342 0.1323301 0.07669413 -0.9827162 0.1145077 0.1454542 -0.9997857 -0.01681619 0.01208567 -0.9774783 -0.03314411 0.2084176 -0.9770781 -0.167643 0.1312028 -0.8761206 -0.3564056 0.3246349 -0.8036968 -0.4301704 0.4111263 -0.8300971 -0.4158878 0.3714516 -0.9242567 -0.3569154 0.1355027 -0.6495975 -0.7549797 0.08960384 -0.5689119 -0.8023548 0.1804611 -0.3257332 -0.8878695 0.3249397 -0.2604782 -0.9114449 0.318464 -0.2195824 -0.9335994 0.2831531 -0.1378249 -0.9511934 0.2761076 -0.09717208 -0.9518229 0.290845 -0.02130234 -0.9435899 0.3304304 -0.02526974 -0.9037002 0.4274196 -0.01800602 -0.8831215 0.4687987 -0.009705007 -0.9446535 -0.3279263 -0.04052907 -0.926859 -0.3732156 -0.08331817 -0.9243745 -0.3722768 -0.1238477 -0.9217469 -0.367484 -0.1015068 -0.9945595 -0.02340817 -0.105779 -0.9941582 -0.02145487 -0.1637365 -0.9181457 -0.3608309 -0.2252922 -0.8705887 -0.4374001 -0.2454979 -0.8195065 -0.5178224 -0.4483233 -0.7846115 -0.4282418 -0.4351702 -0.8386007 -0.3276824 -0.4180556 -0.8545144 -0.3082771 -0.51239 -0.7303289 -0.451748 -0.6602152 -0.5474784 -0.5141823 -0.6801486 -0.5079904 -0.5285298 -0.7576618 -0.08380484 -0.6472445 -0.8019024 -0.01611429 -0.597238 -0.07013249 0.8136041 -0.577174 -0.1180179 0.694679 -0.7095723 -0.1416714 0.5535625 -0.8206691 -0.01095616 0.01736503 -0.9997892 -0.01864689 0.008209526 -0.9997925 -0.09894382 0.04358166 -0.9941383 -0.02047812 0.006836175 -0.999767 -0.2358826 0.1039482 -0.9662061 -0.3852184 0.1697805 -0.907073 -0.5228498 0.2304482 -0.8206837 -0.6447797 0.284195 -0.709572 -0.9865272 0.148475 0.06869828 -0.9953038 0.08014184 0.05429261 -0.9272716 -0.03644019 0.3726117 -0.9982646 -0.005554378 0.05862629 -0.9783909 -0.03164857 0.2043274 -0.977612 -0.03247207 0.2078948 -0.9284349 -0.1818659 0.3239344 -0.9559375 -0.2302637 0.1821051 -0.945588 -0.261217 0.1939824 -0.9030907 -0.3236246 0.2823017 -0.8132848 -0.4232755 0.3992567 -0.8132696 -0.4230235 0.3995544 -0.8483722 -0.3962305 0.3510927 -0.8938183 -0.3680931 0.2561178 -0.9386578 -0.3436801 0.02838313 -0.8953327 -0.4449959 0.01892167 -0.8543367 -0.5192919 0.02108907 -0.8255818 -0.5637554 0.02438503 -0.7637982 -0.6452015 0.01809769 -0.6965411 -0.7174162 0.01202458 -0.499391 -0.8489006 0.1731373 -0.4126536 -0.8755117 0.2513887 -0.1764332 -0.9394204 0.2938721 -0.1030005 -0.9823654 0.1560419 -0.0230723 -0.9622318 0.2712523 -0.01022398 -0.9446042 -0.3280524 -0.1819248 -0.8754733 -0.4477164 -0.2633501 -0.7609046 -0.5930185 -0.3119046 -0.7550107 -0.5767794 -0.3580495 -0.748388 -0.5583154 -0.4018193 -0.7412568 -0.5376614 -0.4433805 -0.733586 -0.5150392 -0.4819552 -0.7253134 -0.4915687 -0.5292678 -0.7053038 -0.4716166 -0.533411 -0.685945 -0.4949266 -0.631048 -0.5676594 -0.5287168 -0.6858019 -0.4786056 -0.5482814 -0.7020126 -0.4219034 -0.5737386 -0.7170196 -0.2519976 -0.6499078 -0.7201003 -0.1681302 -0.6731923 -0.7836909 -0.02227866 -0.6207514 -0.001709043 0.903634 -0.4283022 -0.02114987 0.9036165 -0.42782 -0.1866881 0.5400435 -0.8206709 -0.1697805 0.3852184 -0.907073 -0.1229928 0.2265143 -0.9662112 -0.0591765 0.0905807 -0.9941295 -0.01306229 0.01605319 -0.9997859 -0.02035617 0.009888172 -0.9997439 -0.7472502 0.3293406 -0.5771932 -0.7717707 0.2668297 -0.5772105 -0.8544158 0.2953954 -0.4274521 -0.9113354 0.3150808 -0.2649376 -0.9389207 0.3246318 -0.1142025 -0.968486 0.2479658 -0.02340793 -0.9820409 0.1880276 -0.01553416 -0.9806975 0.1743855 0.08844405 -0.9610574 0.07660377 0.2655192 -0.9454298 -0.04770177 0.3223153 -0.9828702 -0.01669394 0.1835423 -0.9634286 -0.02804708 0.2664933 -0.9258473 -0.1814339 0.3314946 -0.9588709 -0.1797863 0.219644 -0.9675058 -0.2077412 0.1441401 -0.9484152 -0.2545303 0.1890054 -0.9494224 -0.261977 0.173105 -0.9416434 -0.2725681 0.197521 -0.9310502 -0.2819367 0.2316409 -0.8818702 -0.3559098 0.3092466 -0.8563725 -0.3923566 0.3356822 -0.9015097 -0.3455395 0.2605433 -0.9450205 -0.3244168 0.04110908 -0.9215308 -0.3867408 0.03482252 -0.8997717 -0.4357554 0.02298104 -0.8811934 -0.4719251 0.02801698 -0.8679194 -0.4958057 0.02987772 -0.8415306 -0.53924 0.03235012 -0.8423671 -0.5381188 0.02908498 -0.8034673 -0.5952684 0.0097965 -0.782264 -0.6221612 0.031282 -0.7362274 -0.6764698 0.0189222 -0.7146678 -0.6988283 0.02981722 -0.6588276 -0.751943 0.02298128 -0.5841346 -0.8069236 0.08752858 -0.3380885 -0.9087617 0.2446396 -0.2726243 -0.931769 0.2397555 -0.2317278 -0.9596881 0.1590629 -0.1861048 -0.9695888 0.1589429 -0.1458797 -0.9767229 0.1572632 -0.05813848 -0.9866151 0.1523503 -0.02969479 -0.9637842 0.2650254 -0.01605296 -0.9495362 0.3132466 -0.01229906 -0.914254 -0.404955 -0.04608362 -0.8835547 -0.4660552 -0.09259551 -0.8821603 -0.461757 -0.1376424 -0.8793243 -0.4558985 -0.1983459 -0.8245136 -0.5299398 -0.2127492 -0.7659399 -0.6066908 -0.5288051 -0.7019097 -0.4771667 -0.5728192 -0.6498503 -0.4995726 -0.6880522 -0.478661 -0.5454062 -0.6947042 -0.4520781 -0.5594744 -0.7041967 -0.4065443 -0.58209 -0.714213 -0.3196288 -0.6226856 -0.7170541 -0.08450829 -0.6918755 -0.7676304 -0.01446628 -0.6407297 -0.07764101 0.9006541 -0.4275444 -0.1367562 0.8050642 -0.5772083 -0.174723 0.6826251 -0.7095737 -0.01257365 0.01803648 -0.9997584 -4.93608e-5 0 -1 -0.01467967 0.01721274 -0.9997442 -0.01852524 0.00952202 -0.9997832 -0.2265143 0.1229928 -0.9662112 -0.3699579 0.2008796 -0.9070714 -0.5021683 0.2726309 -0.8206701 -0.6192429 0.336204 -0.709581 -0.7176632 0.3896409 -0.5771825 -0.945554 0.3247576 -0.02145516 -0.9571473 0.2887739 -0.02188235 -0.950711 0.1615088 0.2646951 -0.9198249 -0.06979787 0.3860707 -0.9410198 -0.0722382 0.3305502 -0.8564788 -0.07397747 0.5108538 -0.8957115 -0.1931872 0.4004745 -0.9589535 -0.1796378 0.2194047 -0.9628229 -0.1776833 0.2034721 -0.9518067 -0.2696994 0.146035 -0.9453899 -0.2713453 0.1805815 -0.9197947 -0.3082768 0.2427821 -0.886355 -0.3552684 0.2969166 -0.9408708 -0.3066856 0.1438971 -0.944988 -0.3245077 0.04113948 -0.9457268 -0.3136756 0.08490419 -0.9130461 -0.3253968 0.245894 -0.9134784 -0.4055427 0.03305256 -0.9078458 -0.4192992 0.002075254 -0.8915504 -0.4514975 0.03589028 -0.8508473 -0.4735373 0.2276433 -0.8488721 -0.5146825 -0.1204913 -0.8429998 -0.5378999 -0.003906428 -0.8226832 -0.5639696 0.07162922 -0.7820773 -0.6223109 0.03292989 -0.7759469 -0.6307983 2.13633e-4 -0.7564451 -0.6524057 0.04644995 -0.714649 -0.6988397 0.0300008 -0.7196125 -0.6933355 0.03799641 -0.6856339 -0.7095606 0.1625733 -0.6383301 -0.7694386 0.0223397 -0.6352255 -0.7722259 0.01248228 -0.5116527 -0.8552671 0.0820353 -0.4255964 -0.8893119 0.1673087 -0.1410272 -0.9891746 0.04055941 -0.08606487 -0.9954536 0.0408045 -0.04590076 -0.9720951 0.2300531 -0.1500328 -0.8285375 -0.5394589 -0.2251994 -0.6996472 -0.6780703 -0.2787934 -0.6947404 -0.6630309 -0.3302484 -0.6890017 -0.6451455 -0.3791114 -0.6826874 -0.6246701 -0.4255611 -0.6757583 -0.601871 -0.4696583 -0.6683377 -0.5768414 -0.5437959 -0.6524147 -0.5278648 -0.5992493 -0.5867057 -0.5446805 -0.663695 -0.4696557 -0.582179 -0.7019427 -0.3866484 -0.5981467 -0.6762474 -0.2557215 -0.6908662 -0.677834 -0.1702978 -0.7152201 -0.7339643 -0.02426302 -0.6787545 -0.7508992 -0.02032589 -0.660104 -0.001922667 0.9641041 -0.2655177 -0.02255338 0.9639358 -0.2651777 -0.2302365 0.6659586 -0.7095705 -0.2304503 0.522885 -0.8206606 -0.2008774 0.3699843 -0.9070612 -0.1412122 0.2156484 -0.9662065 -0.01300096 0.01751768 -0.9997621 -0.06662237 0.08539146 -0.9941176 -0.01373338 0.01501518 -0.9997929 -0.01910501 0.01156675 -0.9997506 -0.09528154 0.05166929 -0.9941086 -0.7944746 0.4313577 -0.4274818 -0.827251 0.3646118 -0.4274507 -0.8823701 0.3889057 -0.2649064 -0.9090788 0.4006575 -0.1142337 -0.9303797 0.3658039 -0.02411019 -0.9685881 0.2411322 -0.06076371 -0.9574799 0.2060048 0.2019762 -0.9342324 0.2391203 0.2646346 -0.8913092 0.1514356 0.4273585 -0.9014188 0.07007235 0.42724 -0.9219636 -0.06082534 0.3824704 -0.9736901 -0.1767682 0.1438072 -0.9639106 -0.2273662 0.138495 -0.924494 -0.2988461 0.2366475 -0.8390312 -0.2616403 0.4770441 -0.9427634 -0.3285374 0.05710107 -0.9245111 -0.369188 -0.09476137 -0.9003646 -0.3877714 0.1974259 -0.908098 -0.4187536 0.001922667 -0.8480014 -0.5153136 -0.1238766 -0.7532112 -0.5553559 0.3524954 -0.7923665 -0.6100455 0 -0.755937 -0.6507974 0.07086622 -0.7307775 -0.6630558 0.162239 -0.7196657 -0.6932669 0.03824013 -0.6601589 -0.7428656 0.1110895 -0.6245126 -0.7810146 -3.3571e-4 -0.5697061 -0.8217965 0.009247362 -0.4353835 -0.8967386 0.07937979 -0.3481572 -0.9232208 0.1626341 -0.2783045 -0.9471633 0.1594628 -0.2202273 -0.9745729 0.04132312 -0.1682816 -0.984908 0.04046809 -0.1668468 -0.9851192 0.04126149 -0.1134078 -0.9926543 0.04214644 -0.06076395 -0.997219 0.04315429 -0.01870834 -0.9863874 0.1633704 -0.02310264 -0.9864563 0.16239 -0.009247362 -0.8772812 -0.4798876 -0.04846417 -0.832193 -0.552364 -0.1009569 -0.8314294 -0.5463818 -0.1609565 -0.7699605 -0.6174577 -0.1703876 -0.7035242 -0.6899433 -0.5112323 -0.6605947 -0.5497784 -0.583405 -0.6140767 -0.5315529 -0.5950697 -0.5750184 -0.5614677 -0.6962693 -0.3846358 -0.6060234 -0.6649485 -0.3352515 -0.6674205 -0.6737054 -0.08572763 -0.7340108 -0.7140552 -0.02206528 -0.6997417 -0.7199429 0.006622612 -0.6940017 -0.08279955 0.960695 -0.2649708 -0.1514061 0.8912543 -0.4274834 -0.2024976 0.7911292 -0.5771562 -0.07321423 0.07947051 -0.994145 -0.01666313 0.01638841 -0.9997269 -0.01699882 0.01144444 -0.9997901 -4.88162e-4 0 -0.9999999 -0.01916563 0.01077306 -0.9997584 -0.2156494 0.1411823 -0.9662106 -0.3521884 0.2305704 -0.9070836 -0.4780784 0.3130017 -0.8206529 -0.5895119 0.3859782 -0.7095749 -0.6831849 0.4472976 -0.5772203 -0.7563501 0.4951998 -0.4274479 -0.9182654 0.3958967 -0.007385671 -0.9286292 0.3708963 -0.009155631 -0.9563354 0.2606606 0.1322072 -0.968589 0.2449474 0.042849 -0.875872 0.2241944 0.4273 -0.9167747 -0.07721424 0.3918702 -0.8530171 -0.07959455 0.5157778 -0.8049696 -0.1777427 0.5660668 -0.927441 -0.1979154 0.3173057 -0.9520696 -0.2088108 0.2235209 -0.9733449 -0.2259632 0.03924751 -0.9006586 -0.2790085 0.3331195 -0.9517576 -0.2895008 0.101719 -0.9382413 -0.2163787 0.2699698 -0.9306209 -0.3658943 -0.00814861 -0.8972463 -0.4334091 0.08429515 -0.8562344 -0.5149737 -0.04080355 -0.8155593 -0.5674092 0.1136222 -0.7622522 -0.6373974 0.1126775 -0.7564422 -0.6231356 0.1987392 -0.7025277 -0.6822932 0.2023136 -0.6328538 -0.7303943 0.2569442 -0.6360875 -0.7655817 0.09631955 -0.6361148 -0.7655168 0.09665477 -0.5921319 -0.8052468 0.03094637 -0.5577448 -0.8300097 0.002197384 -0.4957192 -0.868386 0.0129705 -0.3554874 -0.9315368 0.07660311 -0.2850486 -0.9551874 0.07977694 -0.2500142 -0.9674928 0.03808808 -0.1933696 -0.9803074 0.04007166 -0.1681301 -0.9849149 0.04092621 -0.1348639 -0.9908633 0.001281797 -0.1062366 -0.9943398 0.001464903 -0.07751792 -0.9969906 7.93491e-4 -0.05719292 -0.99755 0.04028528 -0.005829036 -0.9890773 0.1472827 -0.0202949 -0.831879 -0.554586 -0.1083136 -0.7728449 -0.6252832 -0.1782005 -0.6292411 -0.7565053 -0.2356376 -0.6255491 -0.7437495 -0.291699 -0.6209667 -0.7275385 -0.3456025 -0.6156693 -0.7081739 -0.396874 -0.6097468 -0.6860757 -0.4456983 -0.6032371 -0.6614062 -0.4920639 -0.5963181 -0.6342537 -0.5358616 -0.5890266 -0.6048968 -0.5711688 -0.5801416 -0.5806909 -0.6057207 -0.5486493 -0.5762694 -0.6316581 -0.485379 -0.6044959 -0.6951336 -0.3821602 -0.6088866 -0.6902246 -0.3527116 -0.6318107 -0.6324214 -0.2596584 -0.7298086 -0.633516 -0.1725246 -0.7542497 -0.6301038 -0.09018486 -0.7712561 -0.6750829 -0.02133285 -0.7374334 -0.6943915 -0.02087473 -0.7192947 -0.001983702 0.9934344 -0.1143864 -0.0232554 0.9931784 -0.1142629 -0.2668281 0.7717966 -0.5771765 -0.284167 0.6447853 -0.7095782 -0.2726309 0.5021683 -0.8206701 -0.2305994 0.352186 -0.9070772 -0.1584554 0.2033185 -0.9662058 -0.0149849 0.01474076 -0.9997791 -0.01849448 0.0132147 -0.9997417 -0.09048908 0.05932909 -0.9941287 -0.8067368 0.5281907 -0.2649347 -0.8474103 0.4600986 -0.2649626 -0.8730819 0.474018 -0.1141708 -0.914943 0.4028875 -0.02368307 -0.9138324 0.3952219 -0.09332728 -0.9379182 0.3460885 -0.02307254 -0.9633709 0.2681728 -1.22077e-4 -0.9113899 0.3150785 0.2647526 -0.8544769 0.2953954 0.42733 -0.791279 0.2025274 0.5769405 -0.8052495 0.1368176 0.5769352 -0.8146877 0.06369417 0.5763914 -0.9178285 -0.05523937 0.3931152 -0.8870663 -0.2184857 0.4066662 -0.934753 -0.2259973 0.2741572 -0.9674444 -0.2287075 0.108372 -0.9597756 -0.2444913 0.1380394 -0.7003833 -0.1832063 0.6898542 -0.5871043 -0.4459819 0.6755804 -0.723895 -0.6015418 0.3378217 -0.6039732 -0.760872 0.2372555 -0.5953695 -0.8001232 0.07306307 -0.5466672 -0.7857884 0.2892953 -0.5456476 -0.8379882 0.006683588 -0.5202526 -0.8535171 0.02908432 -0.4778385 -0.878372 0.01153624 -0.4027237 -0.9153146 0.003601193 -0.2745465 -0.9610347 0.03219723 -0.2375943 -0.9201934 0.3111158 -0.2183036 -0.9758809 3.35711e-4 -0.18858 -0.982057 -0.001220762 -0.1637355 -0.9865027 -0.001831114 -0.07742685 -0.9969967 -0.001678526 -0.018678 -0.7892079 -0.613842 -0.05172967 -0.7765254 -0.6279589 -0.1146284 -0.7063566 -0.6985133 -0.119849 -0.6319004 -0.7657272 -0.5938192 -0.5063196 -0.6253154 -0.6225673 -0.5170003 -0.5874699 -0.6392263 -0.4528756 -0.6215252 -0.6917926 -0.3785067 -0.6149437 -0.6908167 -0.3728304 -0.6194917 -0.6920837 -0.3482239 -0.6322661 -0.6262449 -0.34416 -0.6995509 -0.6519533 -0.02566671 -0.7578247 -0.6528112 -0.02029544 -0.7572488 -0.0853312 0.9897931 -0.1141411 -0.1615078 0.9506437 -0.2649375 -0.2241657 0.875818 -0.4274256 -0.1746007 0.1896162 -0.9662094 -0.01712131 0.01425248 -0.9997519 -0.0162664 0.01239055 -0.9997909 -0.2033185 0.1584554 -0.9662058 -0.3320523 0.2587749 -0.9070705 -0.4507133 0.3512195 -0.8206719 -0.5558093 0.4331235 -0.7095633 -0.6441081 0.5019496 -0.57721 -0.7130586 0.5556998 -0.4274873 -0.7605948 0.5927097 -0.2649355 -0.9160237 0.4010789 0.006042718 -0.9447595 0.3238112 0.05075377 -0.9471418 0.3093761 0.0849052 -0.7719472 0.266858 0.5769614 -0.8716205 -0.006836235 0.4901339 -0.8087019 -0.07922822 0.5828587 -0.8465447 -0.212567 0.4880343 -0.9634237 -0.2675905 0.0144965 -0.956237 -0.2672898 0.119026 -0.6951636 -0.1577531 0.7013285 -0.9066076 -0.1077638 0.4079826 -0.9080498 -0.3523488 0.226486 -0.8739093 -0.4307441 0.2252601 -0.8020424 -0.567442 0.1863802 -0.7115508 -0.5932592 0.3764826 -0.6624202 -0.6474964 0.3767601 -0.5407937 -0.8076809 0.2349339 -0.4903177 -0.8409501 0.2288922 -0.4543411 -0.8749583 0.1673984 -0.4578806 -0.8888738 0.01577842 -0.4275379 -0.9036313 0.02572733 -0.3775247 -0.9256833 0.02420186 -0.347306 -0.9376346 0.01483219 -0.2750047 -0.9610057 0.02899283 -0.2380214 -0.9199488 0.3115124 -0.1902242 -0.9817315 -0.004242122 -0.02835237 -0.9995978 7.32463e-4 -0.04211586 -0.9983296 0.03955227 0.05768066 -0.9906733 0.1234489 -0.05661326 -0.7067658 -0.7051789 -0.1239089 -0.5509676 -0.8252765 -0.1843063 -0.5485244 -0.8155687 -0.2437287 -0.5451699 -0.8021136 -0.3017743 -0.5410453 -0.7849856 -0.3576545 -0.536253 -0.7645366 -0.4109454 -0.5308871 -0.7411361 -0.4617246 -0.5250825 -0.7149118 -0.510075 -0.5188037 -0.6860513 -0.5557879 -0.5122368 -0.6547621 -0.6136307 -0.4249574 -0.6654838 -0.6478005 -0.4248272 -0.6323578 -0.6857188 -0.373074 -0.6249844 -0.6504838 -0.4095356 -0.6396495 -0.5856125 -0.2635989 -0.7665335 -0.5858145 -0.1753934 -0.7912387 -0.5850526 -0.08783417 -0.806225 -0.6404792 -0.02520895 -0.7675617 -0.6367253 0.005462944 -0.7710715 -0.02328568 0.9996063 -0.01565599 -0.04248303 0.9989015 -0.01977658 -0.2953954 0.8544158 -0.4274521 -0.3293349 0.747237 -0.5772135 -0.336204 0.6192429 -0.709581 -0.3130062 0.4780548 -0.8206648 -0.2587393 0.3320457 -0.907083 -0.07956212 0.07351946 -0.9941151 -0.08536237 0.06640988 -0.9941344 -0.783634 0.6106528 -0.1141102 -0.831156 0.5441853 -0.1142023 -0.8787046 0.4767381 -0.02447623 -0.9061774 0.4228746 -0.004425287 -0.8273027 0.3646076 0.4273543 -0.7474138 0.3294236 0.5769339 -0.6663168 0.2303558 0.7091956 -0.6829871 0.1748134 0.709203 -0.6948923 0.1180483 0.7093583 -0.7031696 0.05597275 0.7088157 -0.9218977 -0.05035686 0.3841469 -0.8403992 -0.2257179 0.4927278 -0.8408689 -0.2246834 0.492399 -0.9286095 -0.2857518 0.2367073 -0.9584152 -0.2758907 0.07297062 -0.9628633 -0.2680147 0.0325939 -0.7283464 -0.1218031 0.6742964 -0.8368144 -0.4992992 0.2245931 -0.7560882 -0.5351886 0.3767012 -0.6093216 -0.6978586 0.3764579 -0.5800477 -0.7794601 0.2366153 -0.4954527 -0.7864862 0.368736 -0.5234333 -0.820781 0.2287712 -0.498013 -0.8399201 0.2156795 -0.474444 -0.8346565 0.2797346 -0.4531153 -0.8752538 0.1691667 -0.4114045 -0.8628813 0.2935683 -0.3968061 -0.8880986 0.2320043 -0.3764259 -0.9261103 0.0249648 -0.3076349 -0.9515013 0.002472043 -0.2589841 -0.9011036 0.3477638 -0.2036234 -0.7783898 0.5938408 0.02523893 -0.9996704 0.004699826 0.02511686 -0.9996702 0.005371272 -0.0117498 -0.9991914 0.03845387 -0.01928812 -0.7326757 -0.6803047 -0.05935978 -0.6349821 -0.770243 -0.06195408 -0.5519714 -0.8315584 -0.5706571 -0.4320367 -0.6983516 -0.6564654 -0.4246119 -0.6235048 -0.6799894 -0.3861238 -0.623316 -0.6687327 -0.3997075 -0.6269216 -0.5805719 -0.3490817 -0.7355803 -0.5828019 -0.02111953 -0.8123397 -0.6211848 -0.0152595 -0.7835156 -0.002014219 0.9998783 -0.01547288 -0.08536285 0.9960626 -0.02392721 -0.1664186 0.9794375 -0.1140484 -0.2390907 0.9341445 -0.2649713 -0.2851765 0.3096534 -0.9070774 -0.1896162 0.1746007 -0.9662094 -0.01599186 0.01443541 -0.999768 -0.3096448 0.2851686 -0.9070827 -0.4203413 0.3870753 -0.8206619 -0.5183081 0.4773513 -0.7095721 -0.600677 0.5531892 -0.5772078 -0.6649911 0.612406 -0.4274878 -0.7093027 0.653208 -0.26497 -0.7307876 0.6729838 -0.1142036 -0.8545656 0.4420693 0.2725661 -0.8823912 0.3889015 0.2648425 -0.6449994 0.2842893 0.7093346 -0.6738025 0.06448704 0.7360922 -0.9118773 0.04074287 0.4084358 -0.7063569 -0.07254308 0.704129 -0.7570111 -0.07852721 0.6486661 -0.4017866 -0.1846112 0.8969317 -0.9161508 -0.2877029 0.2790966 -0.9628766 -0.2678964 0.03317421 -0.7109799 -0.07211732 0.6995046 -0.8701357 -0.02661281 0.4920932 -0.8646535 -0.3315354 0.3774371 -0.8310104 -0.4095997 0.3763642 -0.7960289 -0.4738696 0.3765443 -0.6980174 -0.4940844 0.5183171 -0.6568513 -0.5476508 0.5182905 -0.6114808 -0.5976862 0.5185196 -0.4238515 -0.8118734 0.4015114 -0.3590921 -0.8848205 0.2968934 -0.340691 -0.8883662 0.3077908 -0.3268281 -0.9450824 0.001648008 -0.2921294 -0.917528 0.2698199 -0.1478964 -0.6881489 0.7103365 0.02322512 -0.9996895 0.009033679 -0.01855552 -0.9992528 0.03390657 -0.02008157 -0.676152 -0.7364884 -0.06143569 -0.4652389 -0.8830507 -0.126654 -0.4657512 -0.8758052 -0.1884576 -0.4635905 -0.8657758 -0.2492806 -0.4607175 -0.8518208 -0.3087591 -0.4571417 -0.8340799 -0.3661374 -0.4529642 -0.8128757 -0.4209523 -0.4483586 -0.7885264 -0.4733202 -0.4433199 -0.7612066 -0.5233143 -0.4378297 -0.7310591 -0.6665385 -0.4267494 -0.6112378 -0.6748846 -0.3945601 -0.6235808 -0.5358907 -0.2674723 -0.8007994 -0.5353769 -0.1781131 -0.8256194 -0.5302768 -0.09628909 -0.842339 -0.5552677 -0.04373407 -0.8305211 -0.5915867 -0.06006199 -0.8040012 -0.6152305 -0.01287895 -0.7882422 0.06564581 0.9977188 0.01574766 0.06326574 0.9979392 0.01071214 -0.07977664 0.9968117 -0.001525938 -0.3150533 0.9113442 -0.2649402 -0.3646118 0.827251 -0.4274507 -0.3896409 0.7176632 -0.5771825 -0.3859782 0.5895119 -0.7095749 -0.3512107 0.4507021 -0.8206818 -0.7625586 0.6464933 -0.02346944 -0.7884362 0.6146592 -0.02371346 -0.8360589 0.5481153 -0.02398765 -0.8642442 0.492184 0.1041011 -0.9155868 0.3593373 0.1804926 -0.7945169 0.4313946 0.427366 -0.7178168 0.3897635 0.5769085 -0.6195403 0.3363829 0.7092364 -0.5233138 0.2306645 0.8203272 -0.5405548 0.1868686 0.8202931 -0.5539341 0.1417644 0.8204023 -0.563848 0.09580069 0.8203034 -0.5693684 0.04391729 0.8209086 -0.7576178 -0.07697033 0.6481442 -0.7295382 0.01281815 0.68382 -0.7124636 -0.07776212 0.6973872 -0.7317892 -0.04477161 0.6800591 -0.7347481 -0.4374307 0.518459 -0.5625333 -0.6442337 0.5181886 -0.5523405 -0.7437278 0.3765487 -0.4951416 -0.7814105 0.3797794 -0.3573766 -0.8130241 0.4596455 -0.3052833 -0.9079148 0.2872159 -0.264537 -0.7855234 0.5594401 -0.1503372 -0.7230592 0.6742286 0.02328628 -0.9996641 0.01138371 -0.0213328 -0.6757837 -0.7367913 -0.02179056 -0.6129748 -0.789802 -0.02618575 -0.4665223 -0.8841218 -0.5318586 -0.3540536 -0.7692676 -0.542393 -0.03238117 -0.8395006 -0.5452191 0.001861631 -0.8382916 0.06790387 0.9976837 0.004058957 -0.00665307 0.9999778 -3.05188e-4 -0.1087397 0.9940704 -6.10383e-5 -0.1271116 0.9915933 -0.02420157 -0.2463228 0.9624322 -0.1142345 -0.3871012 0.4203363 -0.8206522 -0.4773513 0.5183081 -0.7095721 -0.5531584 0.6006766 -0.5772379 -0.612406 0.6649911 -0.4274878 -0.6532308 0.7092944 -0.2649363 -0.6729862 0.7307901 -0.1141735 -0.7355988 0.6770024 -0.02371323 -0.8133261 0.5813222 -0.02377414 -0.8547481 0.5190382 0.00225836 -0.8605123 0.47753 0.1774371 -0.8527134 0.463743 0.2404627 -0.5024721 0.2728133 0.8204236 -0.5020096 -0.034334 0.8641803 -0.800178 0.04840314 0.5978064 -0.6451711 -0.06885081 0.7609297 -0.7978991 -0.2302078 0.5571011 -0.728676 0.03998011 0.6836907 -0.9619398 -0.2649386 -0.06692892 -0.8130859 0.02295023 0.5816912 -0.7993833 -0.3030533 0.518792 -0.7670786 -0.3780763 0.5183137 -0.6549742 -0.3899143 0.6472833 -0.6221972 -0.4404241 0.6472229 -0.5854412 -0.4881169 0.6473026 -0.5450969 -0.5328283 0.6472739 -0.4540943 -0.724677 0.5183066 -0.2418062 -0.7230381 0.6471055 -0.1874812 -0.7371677 0.64918 0.02484267 -0.9996287 0.01120054 -0.01724344 -0.5431844 -0.8394364 -0.03128188 -0.3950374 -0.9181323 -0.0616796 -0.3809426 -0.9225391 -0.1281812 -0.3772497 -0.9171981 -0.1907772 -0.37542 -0.9070082 -0.2524255 -0.372977 -0.8928436 -0.3127903 -0.3699831 -0.8747998 -0.3711439 -0.366627 -0.8531336 -0.4270547 -0.3627814 -0.8282597 -0.4806154 -0.3585694 -0.800273 -0.4836801 -0.2710477 -0.832218 -0.4825406 -0.1806437 -0.8570429 -0.4769771 -0.09625601 -0.873629 -0.5396093 -0.01333683 -0.84181 -0.1675794 0.9855785 -0.02349954 -0.2479656 0.9684852 -0.02343845 -0.3246023 0.9389235 -0.1142639 -0.3889057 0.8823701 -0.2649064 -0.4313633 0.7944849 -0.4274568 -0.4472976 0.6831849 -0.5772203 -0.4331309 0.5557882 -0.7095753 -0.7382928 0.669014 0.08569824 -0.7720834 0.6288247 0.09201639 -0.7921126 0.5976475 0.1239974 -0.8371657 0.5411317 0.0795629 -0.7412967 0.3663298 0.5623893 -0.7564454 0.4952633 0.4272058 -0.6833965 0.4474489 0.5768523 -0.5897256 0.3861004 0.7093309 -0.4784749 0.3132763 0.8203169 -0.3704088 0.2010895 0.9068409 -0.3857295 0.1700212 0.9068107 -0.398372 0.1377043 0.9068281 -0.4083502 0.1044986 0.9068242 -0.4156649 0.07062029 0.9067721 -0.4204337 0.02929848 0.9068501 -0.4065784 0.006042778 0.913596 -0.587118 -0.0615561 0.8071576 -0.6499331 -0.1997165 0.7332805 -0.71329 -0.2140297 0.6673895 -0.6836647 -0.3369645 0.6473466 -0.5013701 -0.574189 0.647252 -0.5098925 -0.6866015 0.5182549 -0.3955042 -0.758322 0.5181933 -0.1521089 -0.4388695 0.8855826 -0.3363505 -0.7854688 0.5195258 -0.2980804 -0.7016654 0.6471583 -0.1234191 -0.708836 0.6944921 -0.02374374 -0.3994327 -0.916455 -0.4795223 -0.02746754 -0.8770998 -0.5195277 -0.0220043 -0.8541703 -0.4509182 0.003418087 -0.8925587 -0.1348639 0.9908637 -0.001037597 -0.1864696 0.9824602 -0.001098632 -0.2870948 0.9576033 -0.02392709 -0.5019714 0.6441274 -0.5771695 -0.5556877 0.7130736 -0.4274779 -0.5926851 0.7606024 -0.2649687 -0.6106632 0.7836167 -0.1141731 -0.6770483 0.7355545 -0.0237748 -0.6993197 0.6829919 0.2108885 -0.7381049 0.6693148 0.08496522 -0.7434883 0.6348995 0.2100664 -0.8005082 0.5776599 0.1596744 -0.8252495 0.5647649 -0.001983761 -0.8349494 0.5332043 0.136208 -0.8167859 0.5262429 0.2364934 -0.3527106 0.2309389 0.9067869 -0.4394521 -0.08606535 0.8941335 -0.381757 -0.02020329 0.9240419 -0.3760314 0.150675 0.9142743 -0.5177819 -0.05124104 0.8539769 -0.7315427 0.04226893 0.6804842 -0.7458322 0.06195425 0.6632468 -0.713689 -0.2676525 0.64731 -0.5833482 -0.2875235 0.7596284 -0.5588347 -0.3326884 0.7596197 -0.5307958 -0.375726 0.7596617 -0.4995132 -0.4164696 0.7596312 -0.4651381 -0.4546701 0.7595536 -0.4544916 -0.6120316 0.6471897 -0.4048067 -0.6460306 0.6471292 -0.2542565 -0.5984839 0.7597175 -0.2062509 -0.616708 0.7596919 -0.15693 -0.6311079 0.7596551 -0.1500957 -0.7217293 0.6757057 -0.02349948 -0.3191053 -0.9474279 -0.06354069 -0.2845293 -0.9565594 -0.128454 -0.2854433 -0.9497482 -0.1912925 -0.2839784 -0.9395549 -0.2531882 -0.28209 -0.9253761 -0.3139227 -0.2797104 -0.9073117 -0.3727607 -0.2771443 -0.8855736 -0.4293182 -0.274279 -0.8604981 -0.4277638 -0.1827518 -0.8852232 -0.420888 -0.09424275 -0.9022038 -0.4540379 -0.0254532 -0.8906188 -0.1612008 0.9869199 -0.001892149 -0.1894617 0.9818866 -0.001800596 -0.2402442 0.9707126 -2.44151e-4 -0.3292099 0.9440484 -0.01983743 -0.400659 0.909082 -0.1142036 -0.4601023 0.8474172 -0.2649342 -0.4952113 0.7563371 -0.4274578 -0.6143522 0.7886475 -0.02462899 -0.6467954 0.7622804 -0.02417123 -0.678846 0.7085109 0.1928223 -0.7101865 0.6493002 0.272111 -0.7547113 0.5943019 0.2778781 -0.7980255 0.5777353 0.1713978 -0.7132182 0.5557969 0.4270946 -0.6441794 0.5019881 0.5770971 -0.5559485 0.433259 0.7093715 -0.4511053 0.351521 0.8203275 -0.3325043 0.2591061 0.9068104 -0.2168687 0.1410288 0.9659602 -0.2269405 0.1232059 0.9660841 -0.2362806 0.1041319 0.9660891 -0.2439971 0.08435368 0.9661004 -0.250194 0.06402868 0.9660762 -0.2545331 0.0432462 0.9660966 -0.2584991 0.01611423 0.9658772 -0.3903091 -0.0646395 0.918412 -0.4537286 -0.04257422 0.8901224 -0.5050052 -0.1617225 0.8478299 -0.5798078 -0.1823534 0.7940846 -0.7305073 0.05008196 0.6810662 -0.730429 0.0498082 0.6811702 -0.6099904 -0.226179 0.7594438 -0.4276869 -0.4897922 0.7597287 -0.3525564 -0.675967 0.6471265 -0.3007008 -0.5765288 0.7597326 -0.1175609 -0.6818658 0.7219684 -0.1274169 -0.7232092 0.6787735 -0.4328599 -0.0297566 -0.90097 -0.4539402 -0.02548336 -0.8906677 -0.2113456 0.9774088 -0.002258419 -0.2420783 0.9702362 -0.006317436 -0.5282037 0.8067262 -0.2649412 -0.5441872 0.8311589 -0.1141722 -0.5815066 0.8131754 -0.02441507 -0.6573843 0.7410985 0.1364514 -0.6378114 0.7002528 0.3206911 -0.2049685 0.1592503 0.9657263 -0.3847575 -0.09821122 0.9177779 -0.3756006 -0.08026564 0.9232994 -0.3768247 -0.03323572 0.9256882 -0.5192878 -0.04992973 0.8531396 -0.7270245 0.04379481 0.6852135 -0.7276872 0.04754805 0.6842592 -0.6715139 0.0801739 0.7366418 -0.4908682 -0.1797571 0.8524882 -0.4685308 -0.2309082 0.852737 -0.448725 -0.2671658 0.8528003 -0.4262058 -0.3016859 0.8528389 -0.401118 -0.3344023 0.8528069 -0.3734605 -0.3650678 0.8527913 -0.3876888 -0.5220355 0.7597212 -0.3452694 -0.5510027 0.759727 -0.2414686 -0.4629471 0.8528617 -0.2042317 -0.4806709 0.8527866 -0.178965 -0.4997838 0.8474595 -0.1491479 -0.5736106 0.8054353 -0.0765112 -0.6895471 0.7201882 -0.1091073 -0.7239539 0.6811655 -0.02359133 -0.2424753 -0.9698708 -0.06311327 -0.1928191 -0.9792026 -0.1275696 -0.1902862 -0.973405 -0.1900125 -0.1892495 -0.9633691 -0.2516286 -0.1878746 -0.9494137 -0.3121459 -0.186317 -0.9315852 -0.3709632 -0.1845812 -0.9101187 -0.3634769 -0.09576743 -0.9266678 -0.4064261 -0.01644992 -0.9135356 -0.2642017 0.9643956 -0.01178026 -0.3632705 0.9314472 -0.02099722 -0.474029 0.8730716 -0.114204 -0.578885 0.8154074 -0.001770079 -0.6101403 0.7239465 0.3219168 -0.6576613 0.7410095 0.1355974 -0.6124366 0.6650218 0.4273963 -0.6650781 0.6124627 0.4272711 -0.6008292 0.5533109 0.5769327 -0.518494 0.4775065 0.7093318 -0.4206732 0.387377 0.8203494 -0.3101925 0.2856554 0.9067423 -0.198466 0.1829622 0.9628791 -0.1267459 0.08899378 0.9879351 -0.1039467 0.06756836 0.9922851 -0.1011718 0.05447709 0.9933764 -0.1011413 0.0447719 0.9938642 -0.1040689 0.03555428 0.9939344 -0.1037341 0.02661257 0.9942489 -0.1079775 0.0182811 0.9939853 -0.1078227 0.006683588 0.9941477 -0.3833228 -0.09522032 0.918693 -0.3102848 -0.02459812 0.9503254 -0.37642 -0.03241103 0.9258821 -0.7272704 0.04629749 0.6847878 -0.5809628 0.08313417 0.8096734 -0.3434643 -0.3933328 0.8528316 -0.2772393 -0.4424415 0.852868 -0.1434094 -0.6626012 0.7351146 -0.08121162 -0.7154621 0.6939156 -0.08020466 -0.6484736 0.7570002 -0.0242629 -0.242141 -0.9699377 -0.3881666 -0.02960306 -0.9211137 -0.4028857 0.9149391 -0.02386611 -0.4767959 0.8786681 -0.02465921 -0.5477887 0.836256 -0.0245679 -0.5571066 0.830441 -3.66236e-4 -0.5600248 0.7579104 0.3345805 -0.6156243 0.7730706 0.1528684 -0.5557588 0.713178 0.4272109 -0.07818949 0.06625658 0.9947344 -0.1095932 0.08462876 0.9903674 -0.2069186 -0.09210622 0.974013 -0.3781073 -0.1010809 0.9202269 -0.2299304 -0.01638871 0.9730691 -0.3789801 -0.03244125 0.924836 -0.4263247 -0.1386494 0.8938812 -0.7212721 0.03329694 0.6918511 -0.4944117 0.05746769 0.8673262 -0.3586638 -0.1293411 0.9244627 -0.3411434 -0.1681301 0.9248532 -0.3267986 -0.1945593 0.924851 -0.3104137 -0.2197098 0.9248627 -0.2920668 -0.243511 0.9248781 -0.2719598 -0.2658253 0.9248648 -0.3113257 -0.4192413 0.8528267 -0.2036817 -0.3223689 0.9244416 -0.1872074 -0.3533564 0.9165657 -0.180703 -0.4110909 0.8935047 -0.09293109 -0.3177053 0.9436245 -0.07837283 -0.3517318 0.9328143 -0.1287587 -0.662227 0.7381577 -0.09439545 -0.7547364 0.6492015 -0.07556509 -0.7102694 0.6998624 -0.06512796 -0.6779839 0.732186 -0.02356094 -0.1649571 -0.9860193 -0.06613433 -0.09021371 -0.9937242 -0.1237248 -0.09473156 -0.9877845 -0.1859501 -0.09485197 -0.9779702 -0.2472078 -0.09500712 -0.9642935 -0.3080302 -0.09323608 -0.946797 -0.3670498 -0.0207833 -0.9299692 -0.2902978 0.9568353 -0.01391667 -0.3752608 0.8803186 0.2902045 -0.5831338 0.7395151 0.3362625 -0.5020405 0.6442294 0.5769956 -0.5532805 0.6007987 0.5769938 -0.4775723 0.5185908 0.7092168 -0.387382 0.4206481 0.82036 -0.2855715 0.3101093 0.9067973 -0.1908375 0.2056699 0.9598339 -0.0759018 0.06683754 0.9948727 -0.1519545 0.120825 0.9809747 -0.05768001 0.04303115 0.9974074 -0.03051912 0.02069199 0.99932 -0.04727363 0.02819937 0.998484 -0.05606257 0.02749717 0.9980486 -0.03518843 0.01385563 0.9992848 -0.0373547 0.0112003 0.9992393 -0.03241163 0.006927907 0.9994507 -0.032655 0.004150509 0.9994581 -0.03378421 0.001525878 0.999428 -0.3752971 -0.09735685 0.9217775 -0.2285292 -0.0171824 0.9733855 -0.3466702 -0.1150582 0.9309036 -0.7254724 0.02090561 0.6879338 -0.711252 0.00488305 0.7029203 -0.2501624 -0.2865102 0.9248409 -0.2267898 -0.3053774 0.9248303 -0.1816172 -0.4662352 0.8658176 -0.08658188 -0.2454934 0.965524 -0.0824331 -0.2972598 0.9512315 -0.1046793 -0.6601511 0.743803 -0.07382625 -0.7274588 0.6821682 -0.07181131 -0.7064248 0.7041358 -0.3039429 -0.02270644 -0.9524196 -0.3468214 -0.02438491 -0.9376143 -0.3460863 0.005462884 -0.9381868 -0.3756647 0.8803354 0.2896302 -0.4014474 0.8519695 0.3361367 -0.4892296 0.8208252 0.294789 -0.5397238 0.8121035 0.2217796 -0.4868732 0.7426549 0.4598026 -0.4474783 0.6834559 0.5767593 -0.09653073 0.09653073 0.990638 -0.06961369 0.06619554 0.9953755 -0.1163377 0.09842312 0.9883211 -0.04181051 0.03241074 0.9985998 -0.05716186 0.03402853 0.9977849 -0.02392655 0.01248204 0.9996358 -0.02066135 0.009308278 0.9997432 -0.02615445 0.009949028 0.9996084 -0.02096623 0.006744563 0.9997575 -0.0185253 0.004822015 0.9998168 -0.02200436 0.003784358 0.9997507 -0.01837235 0.001525938 0.9998301 -0.04788362 -0.03057956 0.9983848 -0.3527755 -0.06332802 0.9335625 -0.1638866 -0.01232963 0.9864022 -0.2653353 -0.08725482 0.9602 -0.7179592 -0.02374374 0.6956803 -0.4237317 0.001739561 0.9057861 -0.2176608 -0.07788419 0.9729121 -0.2054268 -0.1012637 0.9734195 -0.1968771 -0.1171924 0.9733989 -0.18699 -0.1323609 0.973404 -0.1759723 -0.1467046 0.9734021 -0.1646211 -0.1600127 0.9732913 -0.1535701 -0.2036513 0.9669243 -0.178873 -0.3029029 0.9360846 -0.09921675 -0.2088099 0.9729104 -0.12058 -0.3199293 0.939737 -0.04623645 -0.7058468 0.7068539 -0.01852476 -0.08233916 -0.9964322 -0.07107961 -0.01779276 -0.997312 -0.1489007 -0.02636814 -0.9885005 -0.2020946 -0.02529996 -0.9790391 -0.2547755 -0.02407974 -0.9667004 -0.277972 -0.02240133 -0.9603279 -0.3298493 -0.02804696 -0.9436169 -0.3644279 0.9312276 -0.002746701 -0.3387361 0.7705261 0.5399512 -0.4343183 0.8494401 0.2996982 -0.4764622 0.8478475 0.2326766 -0.5246816 0.82688 0.202432 -0.4486333 0.6207926 0.642919 -0.3861551 0.589777 0.7092584 -0.4332516 0.5559697 0.7093595 -0.3514902 0.4510746 0.8203575 -0.2590802 0.3324797 0.9068267 -0.2001147 0.2531877 0.9464936 -0.07315498 0.07767182 0.9942914 -0.04452699 -0.002838253 0.9990042 -0.08142501 -0.005676507 0.9966634 -0.7167214 -0.02221822 0.6970058 -0.6947098 -0.05633854 0.7170804 -0.1558319 -0.1783247 0.9715538 -0.1587622 -0.252335 0.954527 -0.08475142 -0.1524732 0.984667 -0.08109033 -0.1506137 0.9852613 -0.09540414 -0.2032908 0.9744593 -0.09320634 -0.2245314 0.9699991 -0.09329557 -0.2756142 0.9567303 -0.02847456 -0.7039301 0.7096983 -0.01892173 -0.04104799 -0.9989781 -0.03729403 -0.03299087 -0.9987597 -0.08423137 -0.04507601 -0.9954262 -0.1199075 -0.01651054 -0.9926478 -0.1740177 -0.01516777 -0.9846257 -0.2270021 -0.02014267 -0.9736859 -0.2381421 0.005340874 -0.9712156 -0.340567 0.940214 -0.003448665 -0.217419 0.569428 0.7927678 -0.4214757 0.7641193 0.4883442 -0.1859238 0.2752234 0.9432308 -0.3897618 0.7178442 0.5768756 -0.3362981 0.6194306 0.7093726 -0.1053228 0.1238481 0.9866959 -0.2326463 -0.05935943 0.9707483 -0.1957808 0.002777218 0.9806438 -0.08142524 -0.005218744 0.9966659 -0.1786572 -0.059237 0.9821266 -0.705149 -0.0960443 0.7025244 -0.4368845 -0.07391786 0.8964754 -0.08856505 -0.03225815 0.995548 -0.08258467 -0.04083454 0.9957472 -0.0805388 -0.04767012 0.995611 -0.08017426 -0.05710166 0.995144 -0.07761049 -0.0644567 0.994898 -0.0589928 -0.06222784 0.996317 -0.07855582 -0.09738606 0.9921416 -0.08020305 -0.1166118 0.989934 -0.07580983 -0.1247933 0.9892823 -0.1262868 -0.2332552 0.9641804 -6.10379e-4 -0.6992507 0.7148764 -0.01937961 -0.04144501 -0.9989529 -0.03769105 0.002075254 -0.9992874 -0.1199111 -0.01651102 -0.9926474 -0.1275407 0.004974663 -0.9918209 -0.3277717 0.8942002 0.3049131 -0.289474 0.7252569 0.6246658 -0.1827805 0.271012 0.9450629 -0.2727823 0.5024408 0.8204529 -0.3132455 0.478444 0.8203467 -0.2360014 0.3527662 0.9054608 -0.2012748 0.2947554 0.9341348 -0.09793448 0.1165204 0.9883481 -0.01467949 -0.008423149 0.9998568 -0.01379436 -0.006958186 0.9998807 -0.01507645 -0.005615532 0.9998707 -0.08923727 -0.0300306 0.9955576 -0.04031521 -0.008270561 0.9991528 -0.09308421 -0.02993953 0.995208 -0.6797265 -0.1205513 0.7234912 -0.1018432 -0.09586137 0.990171 -0.07413029 -0.07657182 0.9943045 -0.05313366 -0.06100761 0.9967222 -0.06122153 -0.07867854 0.9950184 -0.09604406 -0.1403275 0.9854359 0.07544314 -1.52595e-4 0.9971502 1.51976e-5 0 1 1.31683e-4 0 1 -5.49353e-4 -0.6992042 0.7149218 -0.008087575 -6.71426e-4 -0.9999671 -0.2786124 0.8402627 0.465117 -0.2614586 0.7374981 0.6226846 -0.3293958 0.7473284 0.5770606 -0.2842887 0.6449676 0.7093636 -0.2332909 0.5236226 0.8193868 -0.1642227 0.2298386 0.9592732 -0.09650027 0.12296 0.9877087 -0.1052282 0.1576287 0.9818759 -0.01901304 -0.01562547 0.9996972 -0.2532168 -0.08392745 0.9637622 -0.02044785 -0.00476098 0.9997796 -0.6868349 -0.1711822 0.7063672 -0.0240795 -0.01074266 0.9996524 -0.03271603 -0.01785343 0.9993053 -0.02746701 -0.01782304 0.9994639 -0.080967 -0.06228935 0.9947686 -0.08542221 -0.08740597 0.9925036 -0.1047425 0.2329849 0.9668232 -5.02713e-4 -0.6992477 0.7148793 -0.2057316 0.4552587 0.8662644 -0.2267575 0.408835 0.8839882 -0.09881907 0.1479845 0.9840404 -0.04727369 -0.04345881 0.9979362 -0.01760923 -0.01290935 0.9997617 -0.6734134 -0.1822626 0.7164459 -0.01867741 -0.008056938 0.9997932 -0.02502542 -0.01635807 0.999553 -0.08481335 0.3222848 0.9428358 0.1180487 -0.001312315 0.993007 -6.12964e-4 -0.6991955 0.7149302 -0.1897382 0.733622 0.6525323 -0.230331 0.6662416 0.7092742 -0.2042636 0.5742453 0.7927918 -0.1094713 0.2795533 0.9538689 -0.1178022 0.1960827 0.9734857 -0.001068174 -7.01947e-4 0.9999993 -0.1115469 0.1887905 0.9756616 0.1387376 -2.74668e-4 0.9903292 -5.7661e-4 -0.6994654 0.7146663 -0.2086604 0.6752089 0.7074983 -0.1772875 0.6835442 0.7080513 -0.1416075 0.3656162 0.9199305 -0.1309257 0.2678025 0.9545368 -0.6792648 -0.2035017 0.7051146 -0.1068783 0.2773894 0.9547944 7.0502e-5 0 1 0.1388316 -2.74672e-4 0.990316 -5.13438e-4 -0.6994251 0.7147057 -0.1900123 0.7426533 0.6421537 -0.1439597 0.7055764 0.693857 -0.163336 0.6176372 0.7693151 -0.1088615 0.2021583 0.9732838 -0.683386 -0.1893106 0.7050852 -0.1038554 0.3493484 0.9312195 0.1404471 -3.35706e-4 0.9900882 0 -0.7032749 0.7109181 -0.1906243 0.7407979 0.6441124 -0.2372862 0.6998646 0.6737098 -0.1431051 0.6808862 0.7182723 -0.1001335 0.2936863 0.9506428 0.2151587 -0.002441465 0.9765761 -7.12243e-4 -0.6992954 0.7148325 -0.1390762 0.6460011 0.7505601 -0.1539683 0.6890883 0.7081322 -0.1391977 0.6789894 0.7208311 -0.1567171 0.7540426 0.6378554 0.2149776 -0.002441525 0.9766159 -0.1361466 0.6648021 0.7345082 -0.1156365 0.6943989 0.7102383 -0.1153024 0.6975521 0.7071962 0.2149129 -0.002441465 0.9766302 -0.08990848 0.6765415 0.7308955 -0.09473299 0.7630525 0.6393563 0.2150067 -0.002441465 0.9766095 -0.06869864 0.7043214 0.7065493 -0.0886892 0.6155446 0.7830958 -0.06851547 0.7370679 0.6723368 -0.06222808 0.6688528 0.7407859 -0.05551475 0.7759858 0.6283026 -0.03640931 0.7108522 0.7023984 -0.05975639 0.6634551 0.7458262 -0.03030586 0.7107384 0.7028034 -0.03039652 0.7114188 0.7021107 -0.03028815 0.7115276 0.7020051 -0.03051155 0.711524 0.7019991 -0.248371 0.9516451 -0.1807859 -0.24782 0.9517573 -0.1809514 -0.2497373 0.951309 -0.1806727 -0.2233686 0.9574729 -0.1826257 -0.3292765 0.9280416 -0.1741146 -0.02267587 0.9811991 -0.1916618 -0.5309028 0.8330681 -0.1553705 0.4222003 -0.8918274 0.1624528 0.4263839 -0.8898792 0.1622096 0.789662 0.3102309 0.5293305 0.7826433 0.3080033 0.5409284 0.502165 0.2133911 0.8380302 0.7940787 0.3116314 0.5218476 0.06799578 -0.07596117 0.9947897 0.0675081 -0.07745736 0.9947075 0.07940953 -0.04153585 0.9959765 0.05603373 -0.1117318 0.9921575 0.2475675 0.9518473 -0.1808232 -0.4353303 -0.8848522 0.1659041 -0.4391362 -0.8830333 0.1655649 0.5335611 0.831242 -0.1560429 0.02233999 0.9810696 -0.1923624 0.3286641 0.9283104 -0.1738388 0.2496179 0.9513805 -0.1804611 0.2230625 0.9575909 -0.1823808 0.2482653 0.9516839 -0.180727 -0.782668 0.308001 0.5408939 -0.7940914 0.3116364 0.5218254 -0.7896863 0.3102285 0.5292958 -0.502165 0.2133911 0.8380302 -0.06818026 -0.0759322 0.9947792 -0.06766003 -0.07745653 0.9946972 -0.05618602 -0.1117007 0.9921523 -0.07956355 -0.04153662 0.9959641 -0.9553431 0.00262463 0.2954871 -0.9664277 0.003692805 0.2569124 -0.8841971 -0.00689727 0.4670631 -0.9165568 0.002807736 0.3998949 -0.8779143 0.001648008 0.4788151 -0.8774292 0.002044737 0.479702 -0.8511644 0.004700005 0.5248782 -0.8615776 0.002441465 0.50762 -0.796977 -0.002563595 0.6040044 -0.7968869 -0.001190245 0.6041276 -0.7240045 -0.001922667 0.6897926 -0.7785814 -0.001953244 0.6275407 -0.7327418 -0.004425287 0.6804925 -0.7159165 -0.01962375 0.6979101 -0.6978423 -0.009827017 0.7161841 -0.6819517 0.002563595 0.7313928 -0.676501 0 0.7364419 -0.6412006 -0.02923703 0.7668161 -0.6683371 -0.02084451 0.7435666 -0.6524656 -0.03119039 0.7571762 -0.6441954 -0.06680613 0.7619378 -0.6319368 -0.1200026 0.7656732 -0.6295725 -0.1301627 0.7659611 -0.55234 -0.4673129 0.6903181 -0.5445823 -0.4883661 0.681857 -0.5446695 -0.4881486 0.6819431 -0.7720706 0.003296017 0.6355284 -0.967126 0.00238049 0.2542868 -0.9943042 0.003845334 0.1065108 -0.9728016 -0.003692805 0.2316107 -0.9987382 0.002777218 -0.05014288 -0.9920466 0.0032655 -0.1258293 -0.9783908 0.003265559 -0.2067384 -0.9910091 -1.52594e-4 -0.1337947 -0.9592045 0.003204464 -0.2826952 -0.9424964 -6.10386e-5 -0.3342166 -0.9331858 0 -0.3593942 -0.9925308 0.003204464 -0.1219529 -0.9972281 0.002166807 -0.07437396 -0.9683907 0.002075254 0.2494298 0.9165568 0.002807736 0.3998949 0.9664277 0.003692805 0.2569124 0.8841975 -0.006836235 0.4670633 0.8774292 0.002044737 0.479702 0.8511644 0.004700005 0.5248782 0.7969015 -0.001190245 0.6041082 0.7720706 0.003296017 0.6355284 0.7240045 -0.001922667 0.6897926 0.6978423 -0.009827017 0.7161841 0.6819517 0.002563595 0.7313928 0.6765175 0 0.7364265 0.6412006 -0.02923703 0.7668161 0.5446495 -0.4882801 0.6818648 0.5447448 -0.4880393 0.6819611 0.5522449 -0.467432 0.6903137 0.6295872 -0.1301657 0.7659484 0.6319528 -0.1200304 0.7656556 0.6442309 -0.06674557 0.7619131 0.6524656 -0.03119039 0.7571762 0.6683371 -0.02084451 0.7435666 0.7159165 -0.01962375 0.6979101 0.7327418 -0.004425287 0.6804925 0.7785814 -0.001953244 0.6275407 0.796977 -0.002563595 0.6040044 0.8615909 0.002441525 0.5075973 0.8779143 0.001648008 0.4788151 0.9553431 0.00262463 0.2954871 0.9671185 0.00238043 0.2543153 0.9683908 0.002044737 0.2494298 0.9943042 0.003845334 0.1065108 0.9728016 -0.003692805 0.2316107 0.9987382 0.002777218 -0.05014288 0.9972281 0.002166807 -0.07437396 0.9920504 0.0032655 -0.1257992 0.9925271 0.003204405 -0.1219829 0.9783908 0.003265559 -0.2067384 0.9910091 -1.52594e-4 -0.1337947 0.9592045 0.003204464 -0.2826952 0.9424964 -6.10386e-5 -0.3342166 0.9331756 0 -0.3594208 1.31077e-5 0 1 -4.85267e-6 0 1 1.63848e-6 0 1 -4.85233e-6 0 1 6.68247e-6 0 1 -4.85246e-6 0 1 6.55372e-6 0 1 3.40692e-7 0 1 0 0 1 1.20552e-7 0 1 -1.63844e-6 0 -1 4.85235e-6 0 -1 9.70541e-6 0 -1 -3.27686e-6 0 -1 -4.85244e-6 0 -1 9.70464e-6 0 -1 4.85232e-6 0 -1 3.51315e-7 0 -1 0 0 -1 0.9951869 0.09799575 0 0.9807879 0.1950772 0 0.9238803 0.3826816 0 0.8314677 0.5555732 0 0.7071068 0.7071068 0 0.5555732 0.8314677 0 0.3826816 0.9238803 0 0.1950772 0.9807879 0 -0.1950772 0.9807879 0 -0.3826816 0.9238803 0 -0.5555732 0.8314677 0 -0.7071068 0.7071068 0 -0.8314677 0.5555732 0 -0.9238803 0.3826816 0 -0.9807879 0.1950772 0 -0.9807879 -0.1950772 0 -0.9238803 -0.3826816 0 -0.8314677 -0.5555732 0 -0.7071068 -0.7071068 0 -0.5555732 -0.8314677 0 -0.3826816 -0.9238803 0 -0.1950772 -0.9807879 0 0 -1 0 0.1950772 -0.9807879 0 0.3826816 -0.9238803 0 0.5555732 -0.8314677 0 0.7071068 -0.7071068 0 0.8314677 -0.5555732 0 0.9238803 -0.3826816 0 0.9807879 -0.1950772 0 0.9951869 -0.09799575 0 4.9153e-6 0 -1 -9.70471e-6 0 -1 -2.8344e-6 0 -1 -1.94108e-5 0 -1 6.55373e-6 0 -1 -1.50392e-6 0 -1 3.73065e-7 0 -1 9.70464e-6 0 1 -1.67056e-6 0 1 -1.6385e-6 0 1 3.6395e-6 0 1 3.27699e-6 0 1 3.34112e-6 0 1 -9.70464e-6 0 1 1.67056e-6 0 1 1.6385e-6 0 1 -3.6395e-6 0 1 4.85267e-6 0 1 -3.27699e-6 0 1 -3.34112e-6 0 1 9.49365e-7 0 1 -9.49365e-7 0 1 -0.9951869 -0.09799575 0 -0.9951869 0.09799575 0</float_array>
          <technique_common>
            <accessor source="#Mesh-1_007-mesh-normals-array" count="7520" stride="3">
              <param name="X" type="float"/>
              <param name="Y" type="float"/>
              <param name="Z" type="float"/>
            </accessor>
          </technique_common>
        </source>
        <vertices id="Mesh-1_007-mesh-vertices">
          <input semantic="POSITION" source="#Mesh-1_007-mesh-positions"/>
        </vertices>
        <triangles material="Material_012-material" count="14544">
          <input semantic="VERTEX" source="#Mesh-1_007-mesh-vertices" offset="0"/>
          <input semantic="NORMAL" source="#Mesh-1_007-mesh-normals" offset="1"/>
          <p>0 0 62 0 3 0 3 0 63 0 2 0 1 0 2 0 4 0 1 0 30 0 0 0 3 0 62 0 63 0 0 0 30 0 62 0 2 0 63 0 64 0 4 0 16 0 1 0 4 0 2 0 8 0 30 0 1 0 27 0 2 0 64 0 33 0 16 0 17 0 1 0 7 0 8 0 2 0 27 0 1 0 6 0 32 0 2 0 33 0 9 0 1 0 17 0 7 0 2 0 14 0 26 0 27 0 6 0 5 0 6 0 1 0 15 0 2 0 32 0 9 0 10 0 1 0 14 0 2 0 15 0 21 0 26 0 6 0 1 0 10 0 5 0 13 0 14 0 15 0 20 0 21 0 6 0 23 0 13 0 15 0 20 0 6 0 25 0 22 0 13 0 23 0 24 0 25 0 6 0 22 0 23 0 57 0 31 0 24 0 6 0 22 0 57 0 58 0 29 0 31 0 6 0 58 0 57 0 59 0 28 0 29 0 6 0 58 0 59 0 60 0 12 0 28 0 6 0 59 0 70 0 60 0 11 0 12 0 6 0 59 0 67 0 70 0 19 0 11 0 6 0 65 0 67 0 59 0 18 0 11 0 19 0 65 0 66 0 67 0 19 0 61 0 18 0 67 0 66 0 68 0 45 0 61 0 19 0 67 0 68 0 69 0 19 0 44 0 45 0 19 0 43 0 44 0 42 0 43 0 19 0 19 0 56 0 42 0 19 0 55 0 56 0 54 0 55 0 19 0 19 0 53 0 54 0 19 0 52 0 53 0 41 0 52 0 19 0 19 0 40 0 41 0 19 0 51 0 40 0 19 0 50 0 51 0 49 0 50 0 19 0 19 0 48 0 49 0 19 0 47 0 48 0 35 0 47 0 19 0 34 0 35 0 19 0 19 0 46 0 34 0 19 0 38 0 46 0 36 0 38 0 19 0 36 0 37 0 38 0 19 0 39 0 36 0 71 1 73 1 74 1 71 2 72 2 73 2 75 3 76 3 77 3 78 4 79 4 80 4 82 5 83 5 81 5 86 6 85 6 84 6 88 7 89 7 87 7 90 8 118 8 91 8 91 8 101 8 92 8 92 8 153 8 93 8 93 8 152 8 90 8 91 8 118 8 113 8 152 8 118 8 90 8 92 8 101 8 97 8 100 8 101 8 91 8 153 8 152 8 93 8 154 8 153 8 92 8 109 8 91 8 113 8 97 8 98 8 92 8 91 8 104 8 100 8 123 8 154 8 92 8 105 8 91 8 109 8 113 8 114 8 109 8 92 8 98 8 94 8 103 8 104 8 91 8 123 8 92 8 122 8 105 8 106 8 91 8 109 8 114 8 110 8 96 8 92 8 94 8 103 8 91 8 106 8 122 8 92 8 96 8 110 8 111 8 109 8 94 8 95 8 96 8 111 8 115 8 109 8 96 8 95 8 99 8 115 8 116 8 109 8 102 8 99 8 95 8 116 8 121 8 109 8 147 8 99 8 102 8 109 8 121 8 119 8 148 8 147 8 102 8 119 8 120 8 109 8 149 8 147 8 148 8 109 8 120 8 107 8 150 8 149 8 148 8 107 8 108 8 109 8 150 8 160 8 149 8 109 8 108 8 112 8 160 8 155 8 149 8 117 8 112 8 108 8 149 8 155 8 157 8 117 8 151 8 112 8 155 8 156 8 157 8 112 8 151 8 135 8 158 8 156 8 155 8 135 8 134 8 112 8 159 8 158 8 155 8 134 8 132 8 112 8 112 8 132 8 133 8 133 8 146 8 112 8 146 8 145 8 112 8 112 8 145 8 144 8 144 8 143 8 112 8 143 8 142 8 112 8 112 8 142 8 130 8 130 8 131 8 112 8 131 8 141 8 112 8 141 8 140 8 112 8 112 8 140 8 139 8 139 8 138 8 112 8 138 8 137 8 112 8 112 8 137 8 124 8 112 8 124 8 125 8 125 8 136 8 112 8 136 8 126 8 112 8 112 8 126 8 128 8 128 8 129 8 112 8 126 8 127 8 128 8 163 9 162 9 161 9 164 10 163 10 161 10 167 11 166 11 165 11 169 12 170 12 168 12 171 13 172 13 173 13 174 14 175 14 176 14 177 15 179 15 178 15 180 16 181 16 182 16 183 17 184 17 185 17 186 18 187 18 188 18 190 19 189 19 191 19 192 20 193 20 194 20 195 21 196 21 197 21 198 22 199 22 200 22 201 23 202 23 203 23 204 24 205 24 206 24 208 25 207 25 209 25 233 26 380 27 235 28 2495 29 7370 30 380 27 2495 29 368 31 7370 30 367 32 239 33 368 31 239 33 240 34 241 35 7367 36 241 35 240 34 7367 36 240 34 7368 37 7368 37 240 34 243 38 243 38 242 39 244 40 7369 41 244 40 242 39 237 42 7370 30 7369 41 235 28 7370 30 237 42 233 26 388 43 380 27 234 44 233 26 235 28 380 27 388 43 2495 29 2497 45 368 31 2495 29 367 32 240 34 239 33 367 32 368 31 369 46 240 34 242 39 243 38 238 47 7369 41 242 39 237 42 7369 41 238 47 236 48 235 28 237 42 233 26 387 49 388 43 232 50 233 26 234 44 234 44 235 28 236 48 387 49 2495 29 388 43 2497 45 370 51 368 31 2608 52 2497 45 2495 29 369 46 240 34 367 32 369 46 368 31 370 51 3788 53 242 39 240 34 238 47 242 39 3788 53 236 48 237 42 238 47 231 54 387 49 233 26 232 50 231 54 233 26 232 50 234 44 3788 53 3788 53 234 44 236 48 1796 55 2495 29 387 49 372 56 370 51 2497 45 2607 57 2497 45 2608 52 2608 52 2495 29 2479 58 369 46 379 59 240 34 369 46 370 51 371 60 3788 53 240 34 379 59 3788 53 236 48 238 47 231 54 386 61 387 49 230 62 231 54 232 50 3788 53 230 62 232 50 1796 55 2496 63 2495 29 387 49 386 61 1796 55 371 60 370 51 372 56 374 64 372 56 2497 45 2607 57 2498 65 2497 45 2596 66 2607 57 2608 52 2598 67 2608 52 2479 58 2479 58 2495 29 2496 63 371 60 379 59 369 46 379 59 378 68 3788 53 223 69 386 61 231 54 230 62 223 69 231 54 3788 53 224 70 230 62 1795 71 2496 63 1796 55 1796 55 386 61 385 72 371 60 372 56 373 73 373 73 372 56 374 64 2497 45 375 74 374 64 2498 65 1787 75 2497 45 2606 76 2498 65 2607 57 2594 77 2607 57 2596 66 2596 66 2608 52 2598 67 2598 67 2479 58 2480 78 2479 58 2496 63 2477 79 371 60 378 68 379 59 3788 53 378 68 377 80 223 69 385 72 386 61 224 70 223 69 230 62 225 81 224 70 3788 53 1795 71 1794 82 2496 63 1796 55 385 72 1795 71 373 73 378 68 371 60 373 73 374 64 365 83 365 83 374 64 375 74 2497 45 363 84 375 74 2497 45 1787 75 1723 85 2498 65 1786 86 1787 75 2606 76 2499 87 2498 65 2594 77 2606 76 2607 57 2595 88 2594 77 2596 66 2597 89 2596 66 2598 67 2599 90 2598 67 2480 78 2480 78 2479 58 2478 91 2477 79 2478 91 2479 58 2477 79 2496 63 2522 92 3788 53 377 80 3789 93 373 73 377 80 378 68 226 94 385 72 223 69 223 69 224 70 225 81 3788 53 227 95 225 81 2496 63 1794 82 1793 96 381 97 1794 82 1795 71 1795 71 385 72 384 98 365 83 377 80 373 73 365 83 375 74 363 84 1725 99 363 84 2497 45 2497 45 1723 85 1725 99 1787 75 260 100 1723 85 1786 86 258 101 1787 75 1782 102 1786 86 2498 65 1783 103 2498 65 2499 87 2605 104 2499 87 2606 76 2592 105 2606 76 2594 77 2593 106 2594 77 2595 88 2595 88 2596 66 2597 89 2597 89 2598 67 2599 90 2480 78 2434 107 2599 90 2480 78 2478 91 2439 108 2460 109 2478 91 2477 79 2477 79 2522 92 2462 110 2496 63 1793 96 2522 92 3789 93 305 111 3788 53 3789 93 377 80 376 112 226 94 384 98 385 72 223 69 225 81 226 94 225 81 227 95 226 94 3788 53 228 113 227 95 350 114 1793 96 1794 82 350 114 1794 82 381 97 381 97 1795 71 382 115 1795 71 384 98 383 116 365 83 376 112 377 80 363 84 364 117 365 83 363 84 1725 99 364 117 1723 85 1724 118 1725 99 1723 85 260 100 409 119 1787 75 258 101 260 100 1786 86 255 120 258 101 1782 102 255 120 1786 86 1782 102 2498 65 1783 103 1783 103 2499 87 1784 121 2605 104 2500 122 2499 87 2592 105 2605 104 2606 76 2593 106 2592 105 2594 77 2635 123 2593 106 2595 88 2633 124 2595 88 2597 89 2618 125 2597 89 2599 90 2599 90 2434 107 2436 126 2480 78 2432 127 2434 107 2439 108 2438 128 2480 78 2439 108 2478 91 2441 129 2441 129 2478 91 2460 109 2460 109 2477 79 2461 130 2461 130 2477 79 2462 110 2462 110 2522 92 2458 131 2522 92 1793 96 1720 132 3788 53 305 111 303 133 3789 93 306 134 305 111 3789 93 376 112 366 135 221 136 384 98 226 94 226 94 227 95 228 113 229 137 228 113 3788 53 1720 132 1793 96 350 114 350 114 381 97 217 138 217 138 381 97 382 115 382 115 1795 71 383 116 221 139 383 139 384 139 366 135 376 112 365 83 365 83 364 117 253 140 364 117 1725 99 1724 118 1723 85 409 119 1724 118 247 141 409 141 260 141 258 101 259 142 260 100 255 120 257 143 258 101 1782 102 401 144 255 120 1779 145 1782 102 1783 103 1783 103 1784 121 1779 145 2499 87 1785 121 1784 121 2500 122 1780 146 2499 87 2604 147 2500 122 2605 104 2590 148 2605 104 2592 105 2591 149 2592 105 2593 106 2637 150 2593 106 2635 123 2635 123 2595 88 2633 124 2633 124 2597 89 2618 125 2618 125 2599 90 2467 151 2599 90 2436 126 2468 152 2434 107 2435 153 2436 126 2432 127 2433 154 2434 107 2438 128 2432 127 2480 78 2438 128 2439 108 2440 155 2440 155 2439 108 2441 129 2441 129 2460 109 2440 155 2440 155 2460 109 2461 130 2412 156 2461 130 2462 110 2412 156 2462 110 2458 131 2458 131 2522 92 2459 157 2522 92 1720 132 2523 158 303 133 301 159 3788 53 304 160 303 133 305 111 281 161 305 111 306 134 3789 93 280 162 306 134 366 135 254 163 3789 93 226 94 228 113 221 136 221 136 228 113 229 137 3787 164 229 137 3788 53 1720 132 350 114 352 165 350 114 217 138 216 166 217 138 382 115 219 167 219 167 382 115 383 116 219 167 383 116 221 136 365 83 253 140 366 135 364 117 406 168 253 140 364 117 1724 118 406 168 1724 118 409 119 408 169 249 170 409 119 247 171 247 171 260 100 245 172 245 172 260 100 259 142 258 101 257 143 259 142 255 120 256 173 257 143 400 174 255 120 401 144 402 175 401 144 1782 102 1781 176 1782 102 1779 145 1779 145 1784 121 1785 121 2499 87 1780 146 1785 121 2500 122 1778 177 1780 146 2604 147 2501 178 2500 122 2590 148 2604 147 2605 104 2591 149 2590 148 2592 105 2637 150 2591 149 2593 106 2635 123 2636 179 2637 150 2633 124 2634 180 2635 123 2618 125 2475 181 2633 124 2467 151 2465 182 2618 125 2467 151 2599 90 2468 152 2437 183 2468 152 2436 126 2436 126 2435 153 2437 183 2434 107 2433 154 2435 153 2438 128 2433 154 2432 127 2440 155 2433 154 2438 128 2440 155 2461 130 2412 156 2458 131 2459 157 2412 156 2459 157 2522 92 2523 158 2523 158 1720 132 1719 184 3788 53 301 159 299 185 302 186 301 159 303 133 302 186 303 133 304 160 304 160 305 111 281 161 281 161 306 134 280 162 282 187 280 162 3789 93 254 163 252 188 3789 93 366 135 253 140 254 163 221 136 229 137 222 189 222 189 229 137 3787 164 3787 164 3788 53 322 190 1720 132 352 165 1721 191 350 114 351 192 352 165 350 114 216 166 351 192 216 166 217 138 218 193 218 193 217 138 219 167 220 194 219 167 221 136 253 140 406 168 407 195 406 168 1724 118 407 195 1724 118 408 169 407 195 249 170 408 169 409 119 247 171 248 196 249 170 245 172 246 197 247 171 3789 93 245 172 259 142 259 142 257 143 3789 93 3789 93 257 143 256 173 256 173 255 120 400 174 400 174 401 144 267 198 267 198 401 144 402 175 403 199 402 175 1782 102 1781 176 405 200 1782 102 1882 201 1781 176 1779 145 1779 145 1785 121 1780 146 1778 177 1779 145 1780 146 1773 202 1778 177 2500 122 1774 203 2500 122 2501 178 2603 204 2501 178 2604 147 2588 205 2604 147 2590 148 2589 206 2590 148 2591 149 2639 207 2591 149 2637 150 2637 150 2636 179 2638 208 2635 123 2634 180 2636 179 2633 124 2475 181 2634 180 2618 125 2426 209 2475 181 2618 125 2465 182 2464 210 2466 211 2465 182 2467 151 2437 183 2467 151 2468 152 2435 153 2471 212 2437 183 2433 154 2470 213 2435 153 2440 155 2446 214 2433 154 2412 156 2443 215 2440 155 566 216 2412 156 2459 157 2459 157 2523 158 2463 217 2523 158 1719 184 1797 218 1719 184 1720 132 1721 191 3788 53 299 185 297 219 300 220 299 185 301 159 300 220 301 159 302 186 1789 221 302 186 304 160 304 160 281 161 1789 221 280 162 214 222 281 161 280 162 282 187 214 222 3789 93 283 223 282 187 3789 93 252 188 250 224 253 140 252 188 254 163 220 194 221 136 222 189 3787 164 220 194 222 189 322 190 321 225 3787 164 322 190 3788 53 308 226 1721 191 352 165 362 227 352 165 351 192 353 228 3787 164 351 192 216 166 216 166 218 193 3787 164 218 193 219 167 220 194 253 140 407 195 251 229 251 229 407 195 408 169 251 229 408 169 249 170 249 170 248 196 250 224 247 171 246 197 248 196 3789 93 246 197 245 172 3789 93 256 173 400 174 400 174 267 198 3789 93 267 198 402 175 265 230 265 230 402 175 403 199 1782 102 404 231 403 199 1782 102 405 200 404 231 1781 176 399 232 405 200 1788 233 1781 176 1882 201 1882 201 1779 145 1883 234 1778 177 1775 235 1779 145 1773 202 1775 235 1778 177 1773 202 2500 122 1774 203 1774 203 2501 178 1776 236 2603 204 2502 237 2501 178 2588 205 2603 204 2604 147 2589 206 2588 205 2590 148 2639 207 2589 206 2591 149 2637 150 2638 208 2639 207 2636 179 2614 238 2638 208 2634 180 2611 239 2636 179 2475 181 2476 240 2634 180 2426 209 2427 241 2475 181 2424 242 2426 209 2618 125 2618 125 2464 210 2424 242 2425 243 2464 210 2465 182 2425 243 2465 182 2466 211 2466 211 2467 151 2437 183 2437 183 2471 212 2472 244 2435 153 2470 213 2471 212 2433 154 2469 245 2470 213 2446 214 2469 245 2433 154 2445 246 2446 214 2440 155 2440 155 2443 215 2444 247 2412 156 2442 248 2443 215 567 249 2412 156 566 216 566 216 2459 157 2463 217 2463 217 2523 158 1797 218 1797 218 1719 184 565 250 565 250 1719 184 1721 191 297 219 295 251 3788 53 298 252 297 219 299 185 298 252 299 185 300 220 1789 221 300 220 302 186 1789 221 281 161 214 222 214 222 282 187 283 223 3789 93 284 253 283 223 3789 93 250 224 248 196 251 229 250 224 252 188 251 229 252 188 253 140 3787 164 218 193 220 194 3787 164 321 225 319 254 307 255 321 225 322 190 307 255 322 190 308 226 3788 53 310 256 308 226 1721 191 362 227 361 257 353 228 362 227 352 165 3787 164 353 228 351 192 249 170 250 224 251 229 248 196 246 197 3789 93 3789 93 267 198 266 258 265 230 266 258 267 198 265 230 403 199 263 259 263 259 403 199 404 231 261 260 404 231 405 200 261 260 405 200 399 232 396 261 399 232 1781 176 1788 233 394 262 1781 176 1835 263 1788 233 1882 201 1818 264 1882 201 1883 234 1883 234 1779 145 1775 235 1773 202 1774 203 1775 235 1775 235 1774 203 1776 236 2501 178 1777 265 1776 236 2502 237 1772 266 2501 178 2602 267 2502 237 2603 204 2586 268 2603 204 2588 205 2587 269 2588 205 2589 206 2641 270 2589 206 2639 207 2639 207 2638 208 2640 271 2638 208 2614 238 2616 272 2636 179 2611 239 2614 238 2634 180 2476 240 2611 239 2475 181 2431 273 2476 240 2427 241 2431 273 2475 181 2426 209 2422 274 2427 241 2424 242 2425 243 2426 209 2424 242 2464 210 2425 243 2466 211 2473 275 2425 243 2437 183 2472 244 2466 211 3135 276 2472 244 2471 212 2470 213 3135 276 2471 212 2469 245 2704 277 2470 213 2469 245 2446 214 2704 277 2446 214 2445 246 2704 277 2440 155 2444 247 2445 246 2444 247 2443 215 2705 278 2443 215 2442 248 2705 278 2411 279 2442 248 2412 156 568 280 2412 156 567 249 566 216 546 281 567 249 566 216 2463 217 547 282 2463 217 1797 218 548 283 549 284 1797 218 565 250 565 250 1721 191 532 285 3788 53 295 251 293 286 296 287 295 251 297 219 296 287 297 219 298 252 298 252 300 220 1789 221 1789 221 214 222 1788 233 214 222 283 223 215 288 215 288 283 223 284 253 286 289 284 253 3789 93 3787 164 319 254 318 290 320 291 319 254 321 225 320 291 321 225 307 255 307 255 308 226 309 292 309 292 308 226 310 256 3788 53 312 293 310 256 361 257 359 294 1721 191 353 228 361 257 362 227 360 295 353 228 3787 164 3789 93 266 258 264 296 265 230 264 296 266 258 263 259 264 296 265 230 263 259 404 231 261 260 273 297 261 260 399 232 273 297 399 232 396 261 1781 176 397 298 396 261 394 262 395 299 1781 176 393 300 394 262 1788 233 1836 301 1788 233 1835 263 1835 263 1882 201 1818 264 1818 264 1883 234 1816 302 1883 234 1775 235 1884 303 1775 235 1776 236 1771 304 1771 304 1776 236 1777 265 2501 178 1772 266 1777 265 2502 237 1770 305 1772 266 2602 267 2503 306 2502 237 2586 268 2602 267 2603 204 2587 269 2586 268 2588 205 2641 270 2587 269 2589 206 2639 207 2640 271 2641 270 2638 208 2616 272 2640 271 2614 238 2615 307 2616 272 2611 239 2613 308 2614 238 2476 240 2610 309 2611 239 2431 273 2430 310 2476 240 2423 311 2431 273 2427 241 2427 241 2422 274 2423 311 2426 209 2425 243 2422 274 2425 243 2473 275 2474 312 2466 211 2472 244 2473 275 3135 276 2473 275 2472 244 2704 277 3135 276 2470 213 2704 277 2445 246 2705 278 2444 247 2705 278 2445 246 2705 278 2442 248 2860 313 2411 279 2860 313 2442 248 2410 314 2411 279 2412 156 591 315 2412 156 568 280 567 249 546 281 568 280 566 216 532 285 546 281 547 282 532 285 566 216 547 282 2463 217 548 283 548 283 1797 218 549 284 549 284 565 250 547 282 547 282 565 250 532 285 532 285 1721 191 1792 316 3788 53 293 286 291 317 294 318 293 286 295 251 294 318 295 251 296 287 298 252 1789 221 296 287 1836 301 1789 221 1788 233 1788 233 214 222 213 319 213 319 214 222 215 288 215 288 284 253 285 320 285 320 284 253 286 289 3789 93 288 321 286 289 318 290 326 322 3787 164 318 290 319 254 320 291 1790 323 320 291 307 255 1790 323 307 255 309 292 309 292 310 256 311 324 311 324 310 256 312 293 314 325 312 293 3788 53 1721 191 359 294 357 326 360 295 359 294 361 257 360 295 361 257 353 228 3787 164 358 327 360 295 264 296 262 328 3789 93 263 259 262 328 264 296 261 260 262 328 263 259 273 297 396 261 397 298 1781 176 398 329 397 298 1781 176 395 299 398 329 394 262 271 330 395 299 393 300 277 331 394 262 1788 233 392 332 393 300 1835 263 1831 333 1836 301 1828 334 1835 263 1818 264 1816 302 1817 335 1818 264 1816 302 1883 234 1884 303 1884 303 1775 235 1771 304 1771 304 1777 265 1772 266 1770 305 1771 304 1772 266 1765 336 1770 305 2502 237 2503 306 1768 337 2502 237 2601 338 2503 306 2602 267 2584 339 2602 267 2586 268 2585 340 2586 268 2587 269 2643 341 2587 269 2641 270 2641 270 2640 271 2642 342 2640 271 2616 272 2621 343 2616 272 2615 307 2617 344 2614 238 2613 308 2615 307 2611 239 2612 345 2613 308 2610 309 2612 345 2611 239 2476 240 2609 346 2610 309 2430 310 2609 346 2476 240 2423 311 2430 310 2431 273 2422 274 2421 347 2423 311 2455 348 2422 274 2425 243 2425 243 2474 312 2456 349 2706 350 2474 312 2473 275 2706 350 2473 275 3135 276 2704 277 3137 351 3135 276 2704 277 2705 278 3209 352 2705 278 2860 313 3196 353 2410 314 2860 313 2411 279 591 315 2410 314 2412 156 546 281 591 315 568 280 532 285 545 354 546 281 547 282 548 283 549 284 532 285 1792 316 522 355 1721 191 346 356 1792 316 291 317 317 357 3788 53 292 358 291 317 293 286 292 358 293 286 294 318 296 287 1722 359 294 318 296 287 1789 221 1722 359 1837 360 1789 221 1836 301 1788 233 213 319 389 361 213 319 215 288 389 361 389 361 215 288 285 320 285 320 286 289 287 362 287 362 286 289 288 321 3789 93 289 363 288 321 3787 164 326 322 324 364 318 290 328 365 326 322 320 291 327 366 318 290 327 366 320 291 1790 323 309 292 311 324 1790 323 311 324 312 293 313 367 313 367 312 293 314 325 3788 53 316 368 314 325 357 326 355 369 1721 191 358 327 357 326 359 294 358 327 359 294 360 295 3787 164 356 370 358 327 3789 93 262 328 270 371 261 260 270 371 262 328 273 297 397 298 271 330 271 330 397 298 398 329 271 330 398 329 395 299 394 262 277 331 271 330 393 300 275 372 277 331 392 332 275 372 393 300 1788 233 391 373 392 332 1836 301 1831 333 1833 374 1828 334 1831 333 1835 263 1818 264 1817 335 1828 334 1816 302 1716 375 1817 335 1816 302 1884 303 1717 376 1884 303 1771 304 1885 377 1770 305 1767 378 1771 304 1765 336 1767 378 1770 305 2502 237 1766 379 1765 336 2502 237 1768 337 1766 379 2503 306 1769 380 1768 337 2601 338 2504 381 2503 306 2584 339 2601 338 2602 267 2585 340 2584 339 2586 268 2643 341 2585 340 2587 269 2641 270 2642 342 2643 341 2640 271 2621 343 2642 342 2616 272 2620 382 2621 343 2617 344 2619 383 2616 272 2617 344 2615 307 3524 384 3524 384 2615 307 2613 308 3525 385 2613 308 2612 345 3525 385 2612 345 2610 309 2610 309 2609 346 3525 385 2430 310 2429 386 2609 346 2429 386 2430 310 2423 311 2421 347 2419 387 2423 311 2420 388 2421 347 2422 274 2454 389 2422 274 2455 348 2455 348 2425 243 2456 349 2456 349 2474 312 2706 350 2706 350 3135 276 3136 390 3136 390 3135 276 3137 351 3209 352 3137 351 2704 277 3209 352 2705 278 3196 353 3196 353 2860 313 2859 391 2410 314 590 392 2860 313 570 393 2410 314 591 315 546 281 570 393 591 315 2845 394 546 281 545 354 532 285 544 395 545 354 522 355 531 396 532 285 1792 316 525 397 522 355 1792 316 346 356 344 398 1721 191 348 399 346 356 3788 53 317 357 316 368 290 400 317 357 291 317 290 400 291 317 292 358 294 318 1722 359 292 358 1837 360 1722 359 1789 221 1836 301 1833 374 1837 360 389 361 390 401 1788 233 389 361 285 320 390 401 390 401 285 320 287 362 287 362 288 321 275 372 275 372 288 321 289 363 276 402 289 363 3789 93 3787 164 324 364 323 403 325 404 324 364 326 322 326 322 328 365 329 405 318 290 327 366 328 365 1790 323 328 365 327 366 1790 323 311 324 313 367 313 367 314 325 315 406 315 406 314 325 316 368 1721 191 355 369 340 407 356 370 355 369 357 326 356 370 357 326 358 327 354 408 356 370 3787 164 3789 409 270 409 269 409 261 260 269 410 270 371 271 330 272 411 273 297 277 331 278 412 271 330 275 372 276 402 277 331 391 373 275 372 392 332 390 401 391 373 1788 233 1831 333 1832 413 1833 374 1830 414 1831 333 1828 334 1828 334 1817 335 1829 415 1716 375 1825 416 1817 335 1717 376 1716 375 1816 302 1717 376 1884 303 1885 377 1885 377 1771 304 1767 378 1765 336 1766 379 1767 378 1767 378 1766 379 1768 337 1758 417 1768 337 1769 380 1759 418 1769 380 2503 306 1761 419 2503 306 2504 381 2600 420 2504 381 2601 338 2568 421 2601 338 2584 339 2583 422 2584 339 2585 340 2645 423 2585 340 2643 341 2643 341 2642 342 2644 424 2642 342 2621 343 2627 425 2620 382 2625 426 2621 343 2616 272 2619 383 2620 382 3523 427 2619 383 2617 344 3523 427 2617 344 3524 384 3524 384 2613 308 3525 385 3525 385 2609 346 2457 428 2609 346 2429 386 2428 429 2428 429 2429 386 2423 311 2423 311 2419 387 2417 430 2421 347 2449 431 2419 387 2420 388 2449 431 2421 347 2454 389 2420 388 2422 274 2455 348 3128 432 2454 389 2455 348 2456 349 2706 350 3136 390 3174 433 2706 350 3136 390 3137 351 3138 434 3209 352 3139 435 3137 351 3209 352 3196 353 3210 436 3196 353 2859 391 3197 437 2860 313 587 438 2859 391 590 392 588 439 2860 313 570 393 590 392 2410 314 554 440 570 393 546 281 553 441 546 281 2845 394 2845 394 545 354 544 395 543 442 544 395 532 285 532 285 531 396 533 443 522 355 530 444 531 396 522 355 525 397 523 445 1792 316 526 446 525 397 1792 316 344 398 338 447 345 448 344 398 346 356 347 449 346 356 348 399 349 450 348 399 1721 191 290 400 316 368 317 357 290 400 292 358 1722 359 1841 451 1722 359 1837 360 1837 360 1833 374 1842 452 390 401 287 362 391 373 391 373 287 362 275 372 275 372 289 363 276 402 3789 93 278 412 276 402 323 403 332 453 3787 164 323 403 324 364 325 404 326 322 329 405 325 404 1790 323 329 405 328 365 1790 323 313 367 1722 359 1722 359 313 367 315 406 315 406 316 368 290 400 1721 191 340 407 349 450 354 408 340 407 355 369 354 408 355 369 356 370 3787 164 341 454 354 408 269 410 268 455 3789 93 268 455 269 410 261 260 273 297 272 411 274 456 271 330 279 457 272 411 271 330 278 412 279 457 277 331 276 402 278 412 1833 374 1832 413 1834 458 1830 414 1832 413 1831 333 1828 334 1829 415 1830 414 1817 335 1823 459 1829 415 1817 335 1825 416 1823 459 1716 375 1827 460 1825 416 1716 375 1717 376 1718 461 1717 376 1885 377 1718 461 1885 377 1767 378 1886 462 1767 378 1768 337 1758 417 1758 417 1769 380 1759 418 1759 418 2503 306 1761 419 1761 419 2504 381 1762 463 2600 420 2505 464 2504 381 2568 421 2600 420 2601 338 2583 422 2568 421 2584 339 2645 423 2583 422 2585 340 2643 341 2644 424 2645 423 2642 342 2627 425 2644 424 2621 343 2626 465 2627 425 2621 343 2625 426 2626 465 3522 466 2625 426 2620 382 2620 382 2619 383 3523 427 3677 467 3523 427 3524 384 3698 468 3524 384 3525 385 3525 385 2457 428 3526 469 2609 346 2428 429 2457 428 2423 311 2417 430 2428 429 2418 470 2417 430 2419 387 2449 431 2415 471 2419 387 2420 388 2447 472 2449 431 2451 473 2420 388 2454 389 3128 432 2451 473 2454 389 2706 350 3128 432 2455 348 2706 350 3174 433 3128 432 3136 390 3173 474 3174 433 3138 434 3173 474 3136 390 3138 434 3137 351 3139 435 3210 436 3139 435 3209 352 3210 436 3196 353 3197 437 3197 437 2859 391 2858 475 2859 391 587 438 574 476 2860 313 588 439 587 438 590 392 586 477 588 439 570 393 586 477 590 392 554 440 552 478 570 393 546 281 553 441 554 440 2847 479 553 441 2845 394 543 442 2845 394 544 395 532 285 542 480 543 442 532 285 533 443 534 481 531 396 2835 482 533 443 530 444 2834 483 531 396 524 484 530 444 522 355 522 355 523 445 524 484 523 445 525 397 526 446 1791 485 526 446 1792 316 338 447 212 486 1792 316 343 487 338 447 344 398 343 487 344 398 345 448 345 448 346 356 347 449 347 449 348 399 342 488 342 488 348 399 349 450 1722 359 315 406 290 400 1841 451 1790 323 1722 359 1842 452 1841 451 1837 360 1842 452 1833 374 1834 458 3789 93 279 457 278 412 3787 164 332 453 334 489 323 403 331 490 332 453 325 404 330 491 323 403 1791 485 325 404 329 405 1791 485 329 405 1790 323 342 488 349 450 340 407 341 454 340 407 354 408 3787 164 342 488 341 454 3789 93 268 455 274 456 273 297 274 456 268 455 3789 93 274 456 272 411 272 411 279 457 3789 93 1846 492 1834 458 1832 413 1846 492 1832 413 1830 414 1829 415 1822 493 1830 414 1829 415 1823 459 1822 493 1824 494 1823 459 1825 416 1826 495 1825 416 1827 460 1718 461 1827 460 1716 375 1718 461 1885 377 1886 462 1886 462 1767 378 1758 417 1758 417 1759 418 1760 496 1760 496 1759 418 1761 419 1761 419 1762 463 1760 496 2504 381 1763 497 1762 463 2505 464 1764 498 2504 381 2578 499 2505 464 2600 420 2567 500 2600 420 2568 421 2560 501 2568 421 2583 422 2548 502 2583 422 2645 423 2645 423 2644 424 2489 503 2644 424 2627 425 2629 504 2627 425 2626 465 2628 505 3316 506 2626 465 2625 426 3316 506 2625 426 3522 466 3522 466 2620 382 3523 427 3522 466 3523 427 3677 467 3698 468 3677 467 3524 384 3676 507 3698 468 3525 385 3676 507 3525 385 3526 469 3526 469 2457 428 2416 508 2428 429 2416 508 2457 428 2428 429 2417 430 2416 508 2416 508 2417 430 2418 470 2419 387 2453 509 2418 470 2419 387 2415 471 2453 509 2449 431 2413 510 2415 471 2447 472 2448 511 2449 431 2452 512 2447 472 2420 388 2420 388 2451 473 2452 512 3128 432 2452 512 2451 473 3174 433 2866 513 3128 432 3173 474 2870 514 3174 433 3138 434 3172 515 3173 474 3138 434 3139 435 3140 516 3210 436 3141 517 3139 435 3210 436 3197 437 3211 518 3197 437 2858 475 3198 519 2859 391 585 520 2858 475 2859 391 574 476 585 520 586 477 574 476 587 438 586 477 587 438 588 439 570 393 589 521 586 477 552 478 569 522 570 393 550 523 552 478 554 440 554 440 553 441 555 524 555 524 553 441 2847 479 2847 479 2845 394 3193 525 542 480 2845 394 543 442 532 285 541 526 542 480 534 481 535 527 532 285 533 443 2829 528 534 481 533 443 2835 482 2836 529 531 396 2834 483 2835 482 530 444 2843 530 2834 483 524 484 2739 531 530 444 523 445 2740 532 524 484 523 445 526 446 527 533 1791 485 527 533 526 446 331 490 1791 485 1792 316 1792 316 212 486 336 534 337 535 212 486 338 447 339 536 338 447 343 487 3787 164 343 487 345 448 3787 164 345 448 347 449 347 449 342 488 3787 164 1839 537 1790 323 1841 451 1840 538 1841 451 1842 452 1842 452 1834 458 1845 539 3787 164 334 489 211 540 332 453 333 541 334 489 332 453 331 490 333 541 323 403 330 491 331 490 330 491 325 404 1791 485 1839 537 1791 485 1790 323 340 407 341 454 342 488 1847 542 1834 458 1846 492 1830 414 1821 543 1846 492 1830 414 1822 493 1821 543 1819 544 1822 493 1823 459 1819 544 1823 459 1824 494 1824 494 1825 416 1826 495 1827 460 1877 545 1826 495 1718 461 1876 546 1827 460 1718 461 1886 462 1874 547 1886 462 1758 417 1887 548 1887 548 1758 417 1760 496 1760 496 1762 463 1763 497 2504 381 1764 498 1763 497 2505 464 1726 549 1764 498 2578 499 2579 550 2505 464 2567 500 2578 499 2600 420 2566 551 2567 500 2568 421 2560 501 2566 551 2568 421 2548 502 2560 501 2583 422 2645 423 2489 503 2548 502 2644 424 2629 504 2489 503 2627 425 2628 505 2629 504 2628 505 2626 465 3316 506 3316 506 3522 466 3317 552 3317 552 3522 466 3677 467 3697 553 3677 467 3698 468 3690 554 3698 468 3676 507 3676 507 3526 469 3527 555 3526 469 2416 508 3527 555 2418 470 3527 555 2416 508 2453 509 3527 555 2418 470 2415 471 3528 556 2453 509 2413 510 2414 557 2415 471 2450 558 2413 510 2449 431 2449 431 2448 511 2450 558 2447 472 2861 559 2448 511 2447 472 2452 512 3128 432 3128 432 2866 513 2861 559 3174 433 2870 514 2866 513 3173 474 2873 560 2870 514 3172 515 2873 560 3173 474 3140 516 3172 515 3138 434 3140 516 3139 435 3141 517 3211 518 3141 517 3210 436 3211 518 3197 437 3198 519 3198 519 2858 475 2857 561 2858 475 585 520 583 562 574 476 579 563 585 520 576 564 574 476 586 477 2852 565 586 477 589 521 572 566 589 521 570 393 570 393 569 522 571 567 569 522 552 478 2851 568 550 523 551 569 552 478 554 440 564 570 550 523 554 440 555 524 556 571 556 571 555 524 2847 479 3208 572 2847 479 3193 525 3193 525 2845 394 2846 573 542 480 2846 573 2845 394 541 526 2846 573 542 480 540 574 541 526 532 285 532 285 535 527 536 575 534 481 2831 576 535 527 534 481 2829 528 2831 576 533 443 2837 577 2829 528 2836 529 2837 577 533 443 3781 578 2836 529 2835 482 2835 482 2834 483 3781 578 3781 578 2834 483 2843 530 530 444 2739 531 2843 530 524 484 2740 532 2739 531 523 445 528 579 2740 532 529 580 523 445 527 533 529 580 527 533 1791 485 330 491 1791 485 331 490 331 490 1792 316 333 541 1792 316 336 534 335 581 211 540 336 534 212 486 210 582 212 486 337 535 337 535 338 447 339 536 339 536 343 487 3787 164 1840 538 1839 537 1841 451 1845 539 1840 538 1842 452 1845 539 1834 458 1847 542 211 540 210 582 3787 164 334 489 335 581 211 540 334 489 333 541 335 581 1798 583 1791 485 1839 537 1846 492 1851 584 1847 542 1821 543 1850 585 1846 492 1821 543 1822 493 1819 544 1824 494 1879 586 1819 544 1826 495 1878 587 1824 494 1826 495 1877 545 1878 587 1827 460 1876 546 1877 545 1718 461 1875 588 1876 546 1874 547 1875 588 1718 461 1874 547 1886 462 1887 548 1887 548 1760 496 1888 589 1760 496 1763 497 1728 590 1728 590 1763 497 1764 498 1728 590 1764 498 1726 549 2505 464 1727 591 1726 549 2505 464 2579 550 2581 592 2577 593 2579 550 2578 499 2571 594 2578 499 2567 500 2566 551 2565 595 2567 500 2559 596 2566 551 2560 501 2547 597 2560 501 2548 502 2548 502 2489 503 2488 598 2489 503 2629 504 2632 599 2629 504 2628 505 2630 600 3318 601 2628 505 3316 506 3316 506 3317 552 3318 601 3317 552 3677 467 3322 602 3697 553 3663 603 3677 467 3690 554 3697 553 3698 468 3674 604 3690 554 3676 507 3675 605 3676 507 3527 555 2453 509 3528 556 3527 555 2415 471 410 606 3528 556 2414 557 410 606 2415 471 2413 510 2864 607 2414 557 2450 558 2864 607 2413 510 2448 511 2861 559 2450 558 3128 432 2861 559 2447 472 2865 608 2861 559 2866 513 2870 514 2871 609 2866 513 2873 560 2875 610 2870 514 3172 515 2877 611 2873 560 3140 516 3171 612 3172 515 3140 516 3141 517 3142 613 3211 518 3143 614 3141 517 3211 518 3198 519 3212 615 3198 519 2857 561 3199 616 2858 475 582 617 2857 561 2858 475 583 562 582 617 585 520 579 563 583 562 574 476 584 618 579 563 575 619 574 476 576 564 2854 620 576 564 586 477 2854 620 586 477 2852 565 2852 565 589 521 572 566 570 393 571 567 572 566 2851 568 571 567 569 522 2851 568 552 478 551 569 2851 568 551 569 550 523 550 523 564 570 2851 568 554 440 563 621 564 570 556 571 557 622 554 440 2848 623 556 571 2847 479 2848 623 2847 479 3208 572 3208 572 3193 525 3222 624 3193 525 2846 573 3194 625 541 526 540 574 2846 573 532 285 539 626 540 574 532 285 536 575 537 627 535 527 2833 628 536 575 535 527 2831 576 2833 628 2829 528 2830 629 2831 576 2829 528 2837 577 3781 578 3781 578 2837 577 2836 529 2843 530 2739 531 3781 578 2738 630 2739 531 2740 532 2740 532 528 579 521 631 467 632 528 579 523 445 467 632 523 445 529 580 1791 485 467 632 529 580 333 541 1792 316 335 581 211 540 335 581 336 534 210 582 211 540 212 486 3787 164 210 582 337 535 3787 164 337 535 339 536 1838 633 1839 537 1840 538 1844 634 1840 538 1845 539 1845 539 1847 542 1844 634 1798 583 473 635 1791 485 1838 633 1798 583 1839 537 1847 542 1851 584 1848 636 1846 492 1850 585 1851 584 1821 543 1849 637 1850 585 1819 544 1820 638 1821 543 1819 544 1879 586 1880 639 1824 494 1878 587 1879 586 1877 545 1865 640 1878 587 1876 546 1864 641 1877 545 1875 588 1863 642 1876 546 1874 547 1873 643 1875 588 1874 547 1887 548 1872 644 1872 644 1887 548 1888 589 1888 589 1760 496 1728 590 1726 549 1727 591 1728 590 2581 592 1727 591 2505 464 2581 592 2579 550 2580 645 2577 593 2483 646 2579 550 2576 647 2577 593 2578 499 2571 594 2576 647 2578 499 2565 595 2571 594 2567 500 2564 648 2565 595 2566 551 2559 596 2564 648 2566 551 2558 649 2559 596 2560 501 2547 597 2558 649 2560 501 2546 650 2547 597 2548 502 2548 502 2488 598 2546 650 2487 651 2488 598 2489 503 2489 503 2632 599 2487 651 2524 652 2632 599 2629 504 2623 653 2629 504 2630 600 3272 654 2630 600 2628 505 3272 654 2628 505 3318 601 3318 601 3317 552 3272 654 3273 655 3317 552 3322 602 3322 602 3677 467 3663 603 3696 656 3663 603 3697 553 3689 657 3697 553 3690 554 3673 658 3690 554 3674 604 3674 604 3676 507 3675 605 3675 605 3527 555 3528 556 412 659 3528 556 410 606 2864 607 410 606 2414 557 2450 558 2863 660 2864 607 2450 558 2861 559 2863 660 2862 661 2861 559 2865 608 2865 608 2866 513 2867 662 2866 513 2871 609 2872 663 2870 514 2869 664 2871 609 2870 514 2875 610 2876 665 2873 560 2874 666 2875 610 2877 611 2878 667 2873 560 3171 612 2877 611 3172 515 3142 613 3171 612 3140 516 3142 613 3141 517 3143 614 3212 615 3143 614 3211 518 3212 615 3198 519 3199 616 3199 616 2857 561 2855 668 2857 561 582 617 581 669 579 563 582 617 583 562 2853 670 579 563 584 618 573 671 584 618 574 476 573 671 574 476 575 619 575 619 576 564 2854 620 3203 672 2854 620 2852 565 2852 565 572 566 2851 568 2851 568 572 566 571 567 2851 568 564 570 563 621 562 673 563 621 554 440 554 440 557 622 558 674 557 622 556 571 2848 623 3207 675 2848 623 3208 572 2703 676 3208 572 3222 624 3222 624 3193 525 3194 625 3194 625 2846 573 2983 677 2846 573 540 574 2728 678 540 574 539 626 2728 678 532 285 538 679 539 626 537 627 538 679 532 285 2729 680 537 627 536 575 536 575 2833 628 2838 681 2831 576 2832 682 2833 628 2831 576 2830 629 2832 682 3781 578 2830 629 2829 528 3781 578 2739 531 2738 630 2740 532 2842 683 2738 630 2740 532 521 631 2844 684 521 631 528 579 467 632 1791 485 460 685 467 632 1844 634 1838 633 1840 538 1844 634 1847 542 1852 686 473 635 472 687 1791 485 474 688 473 635 1798 583 1800 689 1798 583 1838 633 1847 542 1848 636 1852 686 1851 584 1889 690 1848 636 1850 585 1857 691 1851 584 1849 637 1855 692 1850 585 1820 638 1849 637 1821 543 1819 544 1880 639 1820 638 1879 586 1867 693 1880 639 1878 587 1866 694 1879 586 1878 587 1865 640 1866 694 1877 545 1864 641 1865 640 1876 546 1863 642 1864 641 1875 588 1862 695 1863 642 1873 643 1862 695 1875 588 1872 644 1873 643 1874 547 1872 644 1888 589 1870 696 1888 589 1728 590 1755 697 1755 697 1728 590 1727 591 2581 592 2506 698 1727 591 2581 592 2580 645 2582 699 2579 550 2483 646 2580 645 2575 700 2483 646 2577 593 2576 647 2575 700 2577 593 2573 701 2576 647 2571 594 2565 595 2570 702 2571 594 2564 648 2563 703 2565 595 2557 704 2564 648 2559 596 2558 649 2557 704 2559 596 2551 705 2558 649 2547 597 2546 650 2545 706 2547 597 2546 650 2488 598 2539 707 2488 598 2487 651 2532 708 2487 651 2632 599 2631 709 2527 710 2632 599 2524 652 2524 652 2629 504 2623 653 2623 653 2630 600 2624 711 3271 712 2630 600 3272 654 3272 654 3317 552 3273 655 3273 655 3322 602 3323 713 3322 602 3663 603 3319 714 3696 656 3678 715 3663 603 3689 657 3696 656 3697 553 3673 658 3689 657 3690 554 424 716 3673 658 3674 604 417 717 3674 604 3675 605 412 659 3675 605 3528 556 410 606 411 718 412 659 2864 607 7463 719 410 606 2863 660 7463 719 2864 607 2861 559 2862 661 2863 660 7449 720 2862 661 2865 608 7449 720 2865 608 2867 662 2866 513 2872 663 2867 662 2872 663 2871 609 7449 720 7449 720 2871 609 2869 664 2868 721 2869 664 2870 514 2870 514 2876 665 2868 721 2876 665 2875 610 7450 722 2875 610 2874 666 7450 722 2873 560 2879 723 2874 666 2873 560 2878 667 2879 723 2877 611 2884 724 2878 667 3171 612 2882 725 2877 611 3142 613 3170 726 3171 612 3142 613 3143 614 3144 727 3212 615 3145 728 3143 614 3212 615 3199 616 3213 729 3199 616 2855 668 3200 730 2857 561 580 731 2855 668 2857 561 581 669 580 731 579 563 581 669 582 617 2856 732 579 563 2853 670 2853 670 584 618 573 671 2853 670 573 671 575 619 2853 670 575 619 2854 620 3202 733 2854 620 3203 672 3203 672 2852 565 3204 734 3204 734 2852 565 2851 568 2851 568 563 621 2850 735 2850 735 563 621 562 673 554 440 561 736 562 673 554 440 558 674 559 737 557 622 2848 623 558 674 3207 675 2849 738 2848 623 3221 739 3207 675 3208 572 3221 739 3208 572 2703 676 2703 676 3222 624 2701 740 3222 624 3194 625 3223 741 3194 625 2983 677 3195 742 2846 573 2728 678 2983 677 2728 678 539 626 538 679 2729 680 538 679 537 627 536 575 2838 681 2729 680 3781 578 2838 681 2833 628 2833 628 2832 682 3781 578 3781 578 2832 682 2830 629 3781 578 2738 630 2842 683 2740 532 2841 743 2842 683 2844 684 2759 744 2740 532 521 631 520 745 2844 684 467 632 520 745 521 631 460 685 466 746 467 632 468 747 460 685 1791 485 1843 748 1838 633 1844 634 1844 634 1852 686 1843 748 1791 485 472 687 471 749 470 750 472 687 473 635 470 750 473 635 474 688 1798 583 475 751 474 688 1800 689 478 752 1798 583 1843 748 1800 689 1838 633 1852 686 1848 636 493 753 1848 636 1889 690 515 754 1851 584 1857 691 1889 690 1850 585 1855 692 1857 691 1849 637 1733 755 1855 692 1820 638 1881 756 1849 637 1820 638 1880 639 1881 756 1880 639 1867 693 1868 757 1879 586 1866 694 1867 693 1865 640 1811 758 1866 694 1864 641 1809 759 1865 640 1863 642 1807 760 1864 641 1862 695 1805 761 1863 642 1873 643 1861 762 1862 695 1872 644 1871 763 1873 643 1870 696 1871 763 1872 644 1870 696 1888 589 1755 697 1755 697 1727 591 1757 764 2506 698 1757 764 1727 591 2582 699 2506 698 2581 592 2582 699 2580 645 2510 765 2580 645 2483 646 2482 766 2575 700 2481 767 2483 646 2574 768 2575 700 2576 647 2573 701 2574 768 2576 647 2570 702 2573 701 2571 594 2563 703 2570 702 2565 595 2562 769 2563 703 2564 648 2557 704 2562 769 2564 648 2556 770 2557 704 2558 649 2551 705 2556 770 2558 649 2545 706 2551 705 2547 597 2544 771 2545 706 2546 650 2546 650 2539 707 2544 771 2532 708 2539 707 2488 598 2532 708 2487 651 2533 772 2487 651 2631 709 2533 772 2527 710 2631 709 2632 599 2524 652 2526 773 2527 710 2622 774 2524 652 2623 653 2622 774 2623 653 2624 711 3271 712 2624 711 2630 600 3271 712 3272 654 3273 655 3281 775 3273 655 3323 713 3322 602 3319 714 3323 713 3319 714 3663 603 3320 776 3329 777 3663 603 3678 715 3695 778 3678 715 3696 656 3688 779 3696 656 3689 657 3672 780 3689 657 3673 658 427 781 3673 658 424 716 424 716 3674 604 421 782 421 782 3674 604 417 717 417 717 3675 605 418 783 418 783 3675 605 412 659 412 659 411 718 413 784 7463 719 7464 785 410 606 7463 719 2863 660 2862 661 7463 719 2862 661 7449 720 2867 662 2872 663 7449 720 7449 720 2869 664 7450 722 7450 722 2869 664 2868 721 7450 722 2868 721 2876 665 7450 722 2874 666 2879 723 7462 786 2879 723 2878 667 7462 786 2878 667 2884 724 2877 611 2883 787 2884 724 2882 725 2883 787 2877 611 3170 726 2882 725 3171 612 3144 727 3170 726 3142 613 3144 727 3143 614 3145 728 3213 729 3145 728 3212 615 3213 729 3199 616 3200 730 3200 730 2855 668 2856 732 2855 668 580 731 578 788 580 731 581 669 579 563 2856 732 577 789 579 563 3201 790 2856 732 2853 670 3202 733 2853 670 2854 620 3216 791 3202 733 3203 672 3217 792 3203 672 3204 734 3204 734 2851 568 3205 793 3205 793 2851 568 2850 735 2850 735 562 673 561 736 554 440 560 794 561 736 559 737 560 794 554 440 558 674 2849 738 559 737 558 674 2848 623 2849 738 3206 795 2849 738 3207 675 3220 796 3207 675 3221 739 2703 676 3130 797 3221 739 2701 740 2702 798 2703 676 2701 740 3222 624 3223 741 3223 741 3194 625 3195 742 3195 742 2983 677 2821 799 2983 677 2728 678 2730 800 2728 678 538 679 2729 680 2729 680 2838 681 2839 801 3781 578 2839 801 2838 681 2842 683 2841 743 3781 578 2840 802 2841 743 2740 532 2740 532 2759 744 2755 803 2844 684 3000 804 2759 744 2844 684 520 745 519 805 467 632 519 805 520 745 466 746 516 806 467 632 460 685 465 807 466 746 460 685 468 747 469 808 469 808 468 747 1791 485 1843 748 1852 686 497 809 1791 485 471 749 469 808 471 749 472 687 470 750 474 688 475 751 470 750 1798 583 476 810 475 751 478 752 477 811 1798 583 479 812 478 752 1800 689 1799 813 1800 689 1843 748 1852 686 493 753 497 809 493 753 1848 636 488 814 1848 636 515 754 514 815 507 816 515 754 1889 690 1891 817 1889 690 1857 691 1855 692 1856 818 1857 691 1733 755 1854 819 1855 692 1881 756 1733 755 1849 637 1880 639 1868 757 1881 756 1867 693 1815 820 1868 757 1866 694 1813 821 1867 693 1866 694 1811 758 1813 821 1865 640 1809 759 1811 758 1864 641 1807 760 1809 759 1863 642 1805 761 1807 760 1862 695 1803 822 1805 761 1861 762 1803 822 1862 695 1871 763 1861 762 1873 643 1870 696 1869 823 1871 763 1870 696 1755 697 1859 824 1756 825 1755 697 1757 764 2506 698 1756 825 1757 764 2582 699 2507 826 2506 698 2582 699 2510 765 2509 827 2580 645 2482 766 2510 765 2481 767 2482 766 2483 646 2494 828 2481 767 2575 700 2574 768 2494 828 2575 700 2572 829 2574 768 2573 701 2570 702 2572 829 2573 701 2563 703 2569 830 2570 702 2562 769 2561 831 2563 703 2555 832 2562 769 2557 704 2556 770 2555 832 2557 704 2550 833 2556 770 2551 705 2545 706 2550 833 2551 705 2544 771 2543 834 2545 706 2544 771 2539 707 2538 835 2532 708 2538 835 2539 707 2532 708 2533 772 2534 836 2533 772 2631 709 2529 837 2529 837 2631 709 2527 710 2531 838 2527 710 2526 773 2524 652 2525 839 2526 773 2525 839 2524 652 2622 774 3283 840 2622 774 2624 711 3283 840 2624 711 3271 712 3284 841 3271 712 3273 655 3284 841 3273 655 3281 775 3281 775 3323 713 3282 842 3323 713 3319 714 3321 843 3319 714 3320 776 3321 843 3328 844 3320 776 3663 603 3328 844 3663 603 3329 777 3329 777 3678 715 3330 845 3695 778 3679 846 3678 715 3688 779 3695 778 3696 656 3672 780 3688 779 3689 657 429 847 3672 780 3673 658 429 847 3673 658 427 781 424 716 426 848 427 781 421 782 423 849 424 716 417 717 420 850 421 782 414 851 417 717 418 783 414 851 418 783 412 659 412 659 413 784 414 851 7450 722 2879 723 7462 786 2884 724 2883 787 7462 786 2882 725 2881 852 2883 787 3170 726 2885 853 2882 725 3144 727 3169 854 3170 726 3144 727 3145 728 3146 855 3213 729 3147 856 3145 728 3213 729 3200 730 3214 857 3200 730 2856 732 3201 790 2855 668 577 789 2856 732 2855 668 578 788 577 789 579 563 578 788 580 731 577 858 578 858 579 858 3201 790 2853 670 3202 733 3215 859 3202 733 3216 791 3216 791 3203 672 3217 792 3217 792 3204 734 3218 860 3218 860 3204 734 3205 793 3205 793 2850 735 3206 795 560 794 2850 735 561 736 559 737 2849 738 560 794 3206 795 2850 735 2849 738 3220 796 3206 795 3207 675 3221 739 3159 861 3220 796 3221 739 3130 797 3159 861 2703 676 3004 862 3130 797 2702 798 3004 862 2703 676 2702 798 2701 740 3002 863 2701 740 3223 741 3003 864 3223 741 3195 742 3003 864 3195 742 2821 799 2816 865 2983 677 2730 800 2821 799 2728 678 2729 680 2730 800 2729 680 2839 801 2825 866 2825 866 2839 801 3781 578 3781 578 2841 743 2840 802 2740 532 2755 803 2840 802 2758 867 2755 803 2759 744 3000 804 3001 868 2759 744 2982 869 3000 804 2844 684 2844 684 519 805 2982 869 518 870 519 805 467 632 467 632 516 806 517 806 466 746 2731 871 516 806 466 746 465 807 2731 871 459 872 465 807 460 685 470 750 460 685 469 808 1843 748 497 809 1799 813 470 750 469 808 471 749 470 750 475 751 476 810 1798 583 477 811 476 810 477 811 478 752 470 750 470 750 478 752 479 812 1800 689 480 873 479 812 1799 813 486 874 1800 689 492 875 497 809 493 753 488 814 492 875 493 753 488 814 1848 636 514 815 512 876 514 815 515 754 512 876 515 754 507 816 1890 877 507 816 1889 690 1890 877 1889 690 1891 817 1891 817 1857 691 1892 878 1857 691 1856 818 1858 879 1855 692 1854 819 1856 818 1733 755 1853 880 1854 819 1881 756 1734 881 1733 755 1868 757 1734 881 1881 756 1815 820 1735 882 1868 757 1867 693 1813 821 1815 820 1811 758 1812 883 1813 821 1809 759 1810 884 1811 758 1807 760 1808 885 1809 759 1805 761 1806 886 1807 760 1803 822 1804 887 1805 761 1861 762 1801 888 1803 822 1871 763 1860 889 1861 762 1869 823 1860 889 1871 763 1859 824 1869 823 1870 696 1859 824 1755 697 1754 890 1754 890 1755 697 1756 825 1754 890 1756 825 2506 698 1750 891 2506 698 2507 826 2509 827 2507 826 2582 699 2509 827 2510 765 1701 892 2510 765 2482 766 1697 893 2481 767 1693 894 2482 766 2494 828 1684 895 2481 767 2511 896 2494 828 2574 768 2572 829 2511 896 2574 768 2569 830 2572 829 2570 702 2561 831 2569 830 2563 703 2552 897 2561 831 2562 769 2555 832 2552 897 2562 769 2554 898 2555 832 2556 770 2550 833 2554 898 2556 770 2543 834 2550 833 2545 706 2542 899 2543 834 2544 771 2544 771 2538 835 2542 899 2534 836 2538 835 2532 708 2534 836 2533 772 2535 900 2533 772 2529 837 2535 900 2530 901 2529 837 2527 710 2530 901 2527 710 2531 838 2526 773 2682 902 2531 838 2525 839 2677 903 2526 773 2622 774 2677 903 2525 839 3285 904 2622 774 3283 840 3283 840 3271 712 3284 841 3281 775 2333 905 3284 841 2333 905 3281 775 3282 842 3282 842 3323 713 3387 906 3323 713 3321 843 3387 906 3320 776 3328 844 3321 843 3321 843 3328 844 3329 777 3324 907 3329 777 3330 845 3330 845 3678 715 3274 908 3274 908 3678 715 3679 846 3694 909 3679 846 3695 778 3687 910 3695 778 3688 779 3671 911 3688 779 3672 780 432 912 3672 780 429 847 427 781 428 913 429 847 427 781 426 848 428 913 424 716 425 914 426 848 423 849 425 914 424 716 421 782 422 915 423 849 420 850 422 915 421 782 417 717 419 916 420 850 415 917 417 717 414 851 7462 786 2883 787 2881 852 2880 918 2881 852 2882 725 2885 853 2886 919 2882 725 3169 854 2885 853 3170 726 3146 855 3169 854 3144 727 3146 855 3145 728 3147 856 3214 857 3147 856 3213 729 3214 857 3200 730 3201 790 3215 859 3201 790 3202 733 3216 791 3151 920 3215 859 3217 792 3153 921 3216 791 3218 860 3155 922 3217 792 3218 860 3205 793 3219 923 3219 923 3205 793 3206 795 560 794 2849 738 2850 735 3219 923 3206 795 3220 796 3220 796 3159 861 3158 924 3132 925 3159 861 3130 797 3004 862 3129 926 3130 797 2702 798 2722 927 3004 862 3002 863 2722 927 2702 798 3002 863 2701 740 3003 864 3003 864 3195 742 2816 865 2816 865 2821 799 2822 928 2821 799 2730 800 2824 929 2729 680 2827 930 2730 800 2825 866 2826 931 2729 680 3781 578 2826 931 2825 866 3781 578 2840 802 2757 932 2840 802 2755 803 2757 932 2753 933 2755 803 2758 867 2758 867 2759 744 2760 934 2759 744 3001 868 2763 935 3000 804 2999 936 3001 868 2982 869 2998 937 3000 804 2982 869 519 805 518 870 467 632 517 806 518 870 516 806 2982 869 517 806 516 806 2731 871 2982 869 2731 871 465 807 2981 938 2981 938 465 807 459 872 456 939 459 872 460 685 461 940 460 685 470 750 1799 813 497 809 496 941 470 750 476 810 477 811 470 750 479 812 480 873 1800 689 481 942 480 873 486 874 487 943 1800 689 484 944 486 874 1799 813 492 875 496 941 497 809 488 814 491 945 492 875 513 946 488 814 514 815 513 946 514 815 512 876 507 816 511 947 512 876 508 948 507 816 1890 877 1892 878 1857 691 1858 879 1732 949 1853 880 1733 755 1584 950 1733 755 1734 881 1868 757 1735 882 1734 881 1815 820 1736 951 1735 882 1813 821 1814 952 1815 820 1813 821 1812 883 1814 952 1811 758 1810 884 1812 883 1809 759 1808 885 1810 884 1807 760 1806 886 1808 885 1805 761 1804 887 1806 886 1803 822 1802 953 1804 887 1801 888 1802 953 1803 822 1860 889 1801 888 1861 762 1869 823 1729 954 1860 889 1859 824 1744 955 1869 823 1859 824 1754 890 1750 891 1754 890 2506 698 1750 891 1750 891 2507 826 1751 956 2509 827 2508 957 2507 826 2509 827 1701 892 1704 958 2510 765 1699 959 1701 892 2510 765 1697 893 1699 959 2482 766 1696 960 1697 893 2482 766 1693 894 1694 961 2481 767 1691 962 1693 894 1684 895 1691 962 2481 767 1685 963 1684 895 2494 828 2511 896 1687 964 2494 828 2512 965 2511 896 2572 829 2569 830 2512 965 2572 829 2561 831 2512 965 2569 830 2552 897 2493 966 2561 831 2553 967 2552 897 2555 832 2554 898 2553 967 2555 832 2549 968 2554 898 2550 833 2543 834 2549 968 2550 833 2542 899 2541 969 2543 834 2542 899 2538 835 2537 970 2534 836 2537 970 2538 835 2534 836 2535 900 2484 971 2535 900 2529 837 2528 972 2528 972 2529 837 2530 901 2531 838 2682 902 2530 901 2526 773 2677 903 2682 902 2622 774 2361 973 2677 903 3285 904 2358 974 2622 774 3283 840 3284 841 3285 904 3284 841 2333 905 2334 975 3282 842 2331 976 2333 905 3282 842 3387 906 3388 977 3387 906 3321 843 3324 907 3321 843 3329 777 3324 907 3324 907 3330 845 3325 978 3330 845 3274 908 3325 978 3274 908 3679 846 3275 979 3694 909 3680 980 3679 846 3687 910 3694 909 3695 778 3671 911 3687 910 3688 779 434 981 3671 911 3672 780 434 981 3672 780 432 912 429 847 431 982 432 912 428 913 430 983 429 847 416 984 419 916 417 717 415 917 416 984 417 717 7462 786 2881 852 2880 918 2882 725 2887 985 2880 918 2882 725 2886 919 2887 985 2885 853 2892 986 2886 919 3169 854 2890 987 2885 853 3146 855 3168 988 3169 854 3146 855 3147 856 3148 989 3214 857 3149 990 3147 856 3214 857 3201 790 3215 859 3215 859 3151 920 3149 990 3216 791 3153 921 3151 920 3217 792 3155 922 3153 921 3218 860 3157 991 3155 922 3219 923 3157 991 3218 860 3220 796 3158 924 3219 923 3132 925 3158 924 3159 861 3130 797 3131 992 3132 925 3130 797 3129 926 3131 992 3004 862 3005 993 3129 926 3004 862 2722 927 3005 993 3002 863 2723 994 2722 927 3002 863 3003 864 2810 995 3003 864 2816 865 2810 995 2816 865 2822 928 2817 996 2821 799 2820 997 2822 928 2821 799 2824 929 2819 998 2730 800 2823 999 2824 929 2730 800 2827 930 2828 1000 2729 680 2826 931 2827 930 3781 578 2827 930 2826 931 2757 932 2756 1001 3781 578 2755 803 2756 1001 2757 932 2753 933 2754 1002 2755 803 3782 1003 2753 933 2758 867 2758 867 2760 934 3782 1003 2759 744 2763 935 2760 934 3001 868 3022 1004 2763 935 2999 936 3020 1005 3001 868 2998 937 2999 936 3000 804 2731 871 2998 937 2982 869 2982 869 518 870 517 806 2981 938 2996 1006 2731 871 2981 938 459 872 458 1007 456 939 458 1007 459 872 460 685 463 1008 456 939 461 940 462 1009 460 685 461 940 470 750 2980 1010 1799 813 496 941 485 1011 480 873 481 942 470 750 482 1012 481 942 1800 689 1800 689 487 943 483 1013 486 874 470 750 487 943 484 944 485 1011 486 874 485 1011 484 944 1799 813 495 1014 496 941 492 875 2977 1015 492 875 491 945 490 1016 491 945 488 814 489 1017 488 814 513 946 513 946 512 876 2732 1018 2975 1019 512 876 511 947 507 816 510 1020 511 947 507 816 508 948 509 1021 1583 1022 1732 949 1733 755 1583 1022 1733 755 1584 950 1584 950 1734 881 1586 1023 1586 1023 1734 881 1735 882 1588 1024 1735 882 1736 951 1814 952 1736 951 1815 820 1812 883 1737 1025 1814 952 1810 884 1738 1026 1812 883 1808 885 1731 1027 1810 884 1806 886 1739 1028 1808 885 1804 887 1740 1029 1806 886 1802 953 1741 1030 1804 887 1801 888 1742 1031 1802 953 1860 889 1743 1032 1801 888 1729 954 1730 1033 1860 889 1744 955 1729 954 1869 823 1745 1034 1744 955 1859 824 1752 1035 1859 824 1750 891 1750 891 1751 956 1752 1035 2507 826 1753 1036 1751 956 2508 957 1747 1037 2507 826 1702 1038 2508 957 2509 827 1704 958 1703 1039 2509 827 1700 1040 1704 958 1701 892 1699 959 1700 1040 1701 892 1697 893 1698 1041 1699 959 1696 960 1695 1042 1697 893 2482 766 1694 961 1696 960 1693 894 1692 1043 1694 961 1691 962 1692 1043 1693 894 1684 895 1686 1044 1691 962 1684 895 1685 963 1686 1044 1687 964 1685 963 2494 828 1689 1045 1687 964 2511 896 2512 965 1680 1046 2511 896 2561 831 2493 966 2512 965 2513 1047 2493 966 2552 897 2553 967 2513 1047 2552 897 2514 1048 2553 967 2554 898 2549 968 2514 1048 2554 898 2541 969 2549 968 2543 834 2540 1049 2541 969 2542 899 2542 899 2537 970 2540 1049 2484 971 2537 970 2534 836 2535 900 2528 972 2484 971 2530 901 2681 1050 2528 972 2530 901 2682 902 2681 1050 2357 1051 2682 902 2677 903 2677 903 2361 973 2357 1051 2360 1052 2361 973 2622 774 2622 774 2358 974 2359 1053 3285 904 2336 1054 2358 974 3285 904 3284 841 2336 1054 3284 841 2334 975 2336 1054 2333 905 2332 1055 2334 975 2331 976 2332 1055 2333 905 3282 842 2322 1056 2331 976 3388 977 2322 1056 3282 842 3388 977 3387 906 3389 1057 3387 906 3324 907 3389 1057 3324 907 3325 978 3326 1058 3325 978 3274 908 3276 1059 3274 908 3275 979 3276 1059 3679 846 3355 1060 3275 979 3680 980 3390 1061 3679 846 3693 1062 3680 980 3694 909 3686 1063 3694 909 3687 910 3670 1064 3687 910 3671 911 437 1065 3671 911 434 981 432 912 433 1066 434 981 432 912 431 982 433 1066 429 847 430 983 431 982 2880 918 2887 985 7462 786 7462 786 2887 985 2886 919 7461 1067 2886 919 2892 986 2885 853 2891 1068 2892 986 2890 987 2891 1068 2885 853 3168 988 2890 987 3169 854 3148 989 3168 988 3146 855 3148 989 3147 856 3149 990 3215 859 3149 990 3214 857 3150 1069 3149 990 3151 920 3152 1070 3151 920 3153 921 3154 1071 3153 921 3155 922 3156 1072 3155 922 3157 991 3219 923 3158 924 3157 991 3134 1073 3158 924 3132 925 3132 925 3131 992 3133 1074 3129 926 3160 1075 3131 992 3129 926 3005 993 3046 1076 2722 927 2724 1077 3005 993 2722 927 2723 994 2724 1077 2810 995 2723 994 3002 863 2810 995 2816 865 2818 1078 2816 865 2817 996 2818 1078 3783 1079 2817 996 2822 928 3783 1079 2822 928 2820 997 2819 998 2820 997 2821 799 2819 998 2824 929 3782 1003 3782 1003 2824 929 2823 999 2730 800 2828 1000 2823 999 3782 1003 2828 1000 2827 930 3782 1003 2827 930 3781 578 3781 578 2756 1001 2754 1002 2755 803 2754 1002 2756 1001 3782 1003 2754 1002 2753 933 2760 934 2762 1080 3782 1003 2760 934 2763 935 2762 1080 2763 935 3022 1004 2766 1081 3001 868 3020 1005 3022 1004 2999 936 3018 1082 3020 1005 2998 937 2997 1083 2999 936 2731 871 2996 1006 2998 937 2981 938 2994 1084 2996 1006 457 1085 2981 938 458 1007 456 939 457 1085 458 1007 456 939 463 1008 464 1086 460 685 462 1009 463 1008 2980 1010 462 1009 461 940 2980 1010 470 750 505 1087 495 1014 485 1011 496 941 470 750 481 942 482 1012 1800 689 483 1013 482 1012 487 943 470 750 483 1013 486 874 485 1011 470 750 2979 1088 495 1014 492 875 2979 1088 492 875 2977 1015 2977 1015 491 945 490 1016 488 814 489 1017 490 1016 2732 1018 489 1017 513 946 2732 1018 512 876 2975 1019 2975 1019 511 947 510 1020 509 1021 510 1020 507 816 1582 1089 1732 949 1583 1022 1582 1089 1583 1022 1584 950 1584 950 1586 1023 1585 1090 1586 1023 1735 882 1587 1091 1587 1091 1735 882 1588 1024 1588 1024 1736 951 1578 1092 1814 952 1463 1093 1736 951 1814 952 1737 1025 1457 1094 1812 883 1738 1026 1737 1025 1810 884 1731 1027 1738 1026 1808 885 1739 1028 1731 1027 1806 886 1740 1029 1739 1028 1804 887 1741 1030 1740 1029 1802 953 1742 1031 1741 1030 1801 888 1743 1032 1742 1031 1860 889 1730 1033 1743 1032 1729 954 1435 1095 1730 1033 1744 955 1389 1096 1729 954 1745 1034 1431 1097 1744 955 1752 1035 1745 1034 1859 824 1752 1035 1751 956 1753 1036 2507 826 1747 1037 1753 1036 2508 957 1748 1098 1747 1037 1633 1099 2508 957 1702 1038 2509 827 1703 1039 1702 1038 1700 1040 1703 1039 1704 958 1699 959 1698 1041 1700 1040 1697 893 1695 1042 1698 1041 1694 961 1695 1042 1696 960 1694 961 1692 1043 1695 1042 1691 962 1686 1044 1692 1043 1686 1044 1685 963 1687 964 1688 1100 1687 964 1689 1045 2511 896 1690 1101 1689 1045 1680 1046 1690 1101 2511 896 1681 1102 1680 1046 2512 965 2493 966 1635 1103 2512 965 2513 1047 1672 1104 2493 966 2492 1105 2513 1047 2553 967 2514 1048 2492 1105 2553 967 2491 1106 2514 1048 2549 968 2541 969 2491 1106 2549 968 2540 1049 2516 1107 2541 969 2540 1049 2537 970 2536 1108 2484 971 2536 1108 2537 970 2484 971 2528 972 2646 1109 2528 972 2681 1050 2679 1110 2357 1051 2681 1050 2682 902 2360 1052 2357 1051 2361 973 2622 774 2359 1053 2360 1052 2358 974 2336 1054 2359 1053 2334 975 2335 1111 2336 1054 2334 975 2332 1055 2335 1111 2331 976 2330 1112 2332 1055 2322 1056 2330 1112 2331 976 3371 1113 2322 1056 3388 977 3388 977 3389 1057 3371 1113 3389 1057 3324 907 3326 1058 3326 1058 3325 978 3327 1114 3325 978 3276 1059 3327 1114 3275 979 3355 1060 3276 1059 3679 846 3390 1061 3355 1060 3680 980 3391 1115 3390 1061 3693 1062 3681 1116 3680 980 3686 1063 3693 1062 3694 909 3670 1064 3686 1063 3687 910 439 1117 3670 1064 3671 911 439 1117 3671 911 437 1065 434 981 436 1118 437 1065 433 1066 435 1119 434 981 7462 786 2886 919 7461 1067 7461 1067 2892 986 2891 1068 2890 987 2889 1120 2891 1068 3168 988 2894 1121 2890 987 3148 989 3167 1122 3168 988 3148 989 3149 990 3150 1069 3150 1069 3151 920 3152 1070 3152 1070 3153 921 3154 1071 3154 1071 3155 922 3156 1072 3156 1072 3157 991 3134 1073 3134 1073 3157 991 3158 924 3132 925 3133 1074 3134 1073 3131 992 3161 1123 3133 1074 3131 992 3160 1075 3161 1123 3129 926 3046 1076 3160 1075 3005 993 2805 1124 3046 1076 3005 993 2724 1077 2805 1124 2723 994 2807 1125 2724 1077 2810 995 2813 1126 2723 994 2810 995 2818 1078 2811 1127 3784 1128 2818 1078 2817 996 3784 1128 2817 996 3783 1079 2820 997 2819 998 3783 1079 2819 998 3782 1003 3783 1079 2823 999 2828 1000 3782 1003 3781 578 2754 1002 3782 1003 3782 1003 2762 1080 2761 1129 2761 1129 2762 1080 2763 935 2763 935 2766 1081 2761 1129 3022 1004 3023 1130 2766 1081 3020 1005 3021 1131 3022 1004 3018 1082 3019 1132 3020 1005 2997 1083 3018 1082 2999 936 2996 1006 2997 1083 2998 937 2994 1084 2995 1133 2996 1006 2980 1010 2994 1084 2981 938 457 1085 464 1086 2981 938 456 939 464 1086 457 1085 2981 938 464 1086 463 1008 2980 1010 463 1008 462 1009 2980 1010 505 1087 2978 1134 470 750 506 1135 505 1087 494 1136 485 1011 495 1014 470 750 482 1012 483 1013 485 1011 506 1135 470 750 494 1136 495 1014 2979 1088 2977 1015 2988 1137 2979 1088 2977 1015 490 1016 2732 1018 2732 1018 490 1016 489 1017 2975 1019 2985 1138 2732 1018 2976 1139 2975 1019 510 1020 2976 1139 510 1020 509 1021 1582 1089 1584 950 1585 1090 1585 1090 1586 1023 1587 1091 1580 1140 1587 1091 1588 1024 1580 1140 1588 1024 1578 1092 1736 951 1579 1141 1578 1092 1463 1093 1465 1142 1736 951 1457 1094 1463 1093 1814 952 1737 1025 1458 1143 1457 1094 1738 1026 1462 1144 1737 1025 1731 1027 1454 1145 1738 1026 1452 1146 1731 1027 1739 1028 1740 1029 1449 1147 1739 1028 1741 1030 1442 1148 1740 1029 1436 1149 1741 1030 1742 1031 1743 1032 1440 1150 1742 1031 1730 1033 1386 1151 1743 1032 1435 1095 1434 1152 1730 1033 1388 1153 1435 1095 1729 954 1389 1096 1388 1153 1729 954 1430 1154 1389 1096 1744 955 1744 955 1431 1097 1430 1154 1432 1155 1431 1097 1745 1034 1747 1037 1745 1034 1752 1035 1752 1035 1753 1036 1747 1037 1747 1037 1748 1098 1745 1034 2508 957 1749 1156 1748 1098 1632 1157 2508 957 1633 1099 1633 1099 1702 1038 1634 1158 1634 1158 1702 1038 1703 1039 1634 1158 1703 1039 1700 1040 1698 1041 1628 1159 1700 1040 1695 1042 1708 1160 1698 1041 1692 1043 1707 1161 1695 1042 1686 1044 1706 1162 1692 1043 1686 1044 1687 964 1688 1100 1688 1100 1689 1045 1690 1101 1690 1101 1680 1046 1688 1100 1680 1046 1681 1102 1682 1163 2512 965 1683 1164 1681 1102 2512 965 1635 1103 1683 1164 2493 966 1636 1165 1635 1103 1672 1104 1679 1166 2493 966 1673 1167 1672 1104 2513 1047 2492 1105 1676 1168 2513 1047 2515 1169 2492 1105 2514 1048 2491 1106 1669 1170 2514 1048 2516 1107 2491 1106 2541 969 2517 1171 2516 1107 2540 1049 2540 1049 2536 1108 2517 1171 2486 1172 2536 1108 2484 971 2484 971 2646 1109 2490 1173 2528 972 2679 1110 2646 1109 2680 1174 2679 1110 2681 1050 2356 1175 2681 1050 2357 1051 2360 1052 2335 1111 2357 1051 2359 1053 2335 1111 2360 1052 2359 1053 2336 1054 2335 1111 2332 1055 2364 1176 2335 1111 2330 1112 2363 1177 2332 1055 2322 1056 2329 1178 2330 1112 3371 1113 3280 1179 2322 1056 3389 1057 3326 1058 3371 1113 3371 1113 3326 1058 3327 1114 3327 1114 3276 1059 3347 1180 3276 1059 3355 1060 3356 1181 3355 1060 3390 1061 3356 1181 3356 1181 3390 1061 3391 1115 3680 980 3392 1182 3391 1115 3681 1116 3392 1182 3680 980 3692 1183 3681 1116 3693 1062 3685 1184 3693 1062 3686 1063 3669 1185 3686 1063 3670 1064 441 1186 3670 1064 439 1117 437 1065 438 1187 439 1117 437 1065 436 1118 438 1187 434 981 435 1119 436 1118 2891 1068 2889 1120 7461 1067 2888 1188 2889 1120 2890 987 2893 1189 2890 987 2894 1121 3167 1122 2894 1121 3168 988 3150 1069 3167 1122 3148 989 3152 1070 3166 1190 3150 1069 3154 1071 3165 1191 3152 1070 3156 1072 3164 1192 3154 1071 3134 1073 3163 1193 3156 1072 3133 1074 3162 1194 3134 1073 3133 1074 3161 1123 3162 1194 3160 1075 3181 1195 3161 1123 3160 1075 3046 1076 3047 1196 3046 1076 2805 1124 2743 1197 2724 1077 2808 1198 2805 1124 2724 1077 2807 1125 2808 1198 2723 994 2815 1199 2807 1125 2813 1126 2814 1200 2723 994 2812 1201 2813 1126 2810 995 2810 995 2811 1127 2812 1201 2811 1127 2818 1078 3784 1128 3783 1079 2769 1202 3784 1128 3783 1079 3782 1003 2768 1203 3782 1003 2761 1129 2768 1203 2761 1129 2766 1081 2768 1203 2766 1081 3023 1130 2752 1204 3022 1004 3021 1131 3023 1130 3020 1005 3019 1132 3021 1131 3018 1082 3017 1205 3019 1132 2997 1083 3016 1206 3018 1082 2996 1006 2995 1133 2997 1083 2994 1084 2993 1207 2995 1133 2980 1010 2992 1208 2994 1084 2981 938 463 1008 2980 1010 2978 1134 2992 1208 2980 1010 2978 1134 505 1087 504 1209 485 1011 505 1087 506 1135 494 1136 500 1210 485 1011 2979 1088 500 1210 494 1136 2979 1088 2988 1137 2990 1211 2977 1015 2986 1212 2988 1137 2732 1018 2986 1212 2977 1015 2732 1018 2985 1138 2986 1212 2975 1019 2984 1213 2985 1138 2974 1214 2975 1019 2976 1139 1585 1090 1587 1091 1580 1140 1578 1092 1579 1141 1580 1140 1736 951 1581 1215 1579 1141 1736 951 1465 1142 1384 1216 1463 1093 1464 1217 1465 1142 1457 1094 1459 1218 1463 1093 1457 1094 1458 1143 1459 1218 1460 1219 1458 1143 1737 1025 1737 1025 1462 1144 1461 1220 1738 1026 1453 1221 1462 1144 1738 1026 1454 1145 1453 1221 1731 1027 1456 1222 1454 1145 1451 1223 1731 1027 1452 1146 1452 1146 1739 1028 1446 1224 1739 1028 1449 1147 1447 1225 1740 1029 1441 1226 1449 1147 1740 1029 1442 1148 1441 1226 1741 1030 1444 1227 1442 1148 1445 1228 1741 1030 1436 1149 1436 1149 1742 1031 1437 1229 1742 1031 1440 1150 1439 1230 1743 1032 1385 1231 1440 1150 1743 1032 1386 1151 1385 1231 1730 1033 1433 1232 1386 1151 1434 1152 1433 1232 1730 1033 1390 1233 1434 1152 1435 1095 1390 1233 1435 1095 1388 1153 1388 1153 1389 1096 1390 1233 1389 1096 1430 1154 1390 1233 1390 1233 1430 1154 1431 1097 1427 1234 1431 1097 1432 1155 1432 1155 1745 1034 1425 1235 1745 1034 1748 1098 1749 1156 1746 1236 1749 1156 2508 957 1632 1157 1746 1236 2508 957 1632 1157 1633 1099 1634 1158 1700 1040 1627 1237 1634 1158 1700 1040 1628 1159 1627 1237 1698 1041 1708 1160 1628 1159 1695 1042 1707 1161 1708 1160 1692 1043 1706 1162 1707 1161 1686 1044 1705 1238 1706 1162 1688 1100 1705 1238 1686 1044 1688 1100 1680 1046 1682 1163 1682 1163 1681 1102 1683 1164 1683 1164 1635 1103 1682 1163 1635 1103 1636 1165 1637 1239 1679 1166 1636 1165 2493 966 1672 1104 1637 1239 1679 1166 1672 1104 1673 1167 1674 1240 2513 1047 1675 1241 1673 1167 1676 1168 1675 1241 2513 1047 1671 1242 1676 1168 2492 1105 2515 1169 1670 1243 2492 1105 2514 1048 1668 1244 2515 1169 1669 1170 1668 1244 2514 1048 1651 1245 1669 1170 2491 1106 2516 1107 1652 1246 2491 1106 2517 1171 1640 1247 2516 1107 2517 1171 2536 1108 2486 1172 2484 971 2485 1248 2486 1172 2485 1248 2484 971 2490 1173 2646 1109 2678 1249 2490 1173 2646 1109 2679 1110 2678 1249 2678 1249 2679 1110 2680 1174 2356 1175 2680 1174 2681 1050 2356 1175 2357 1051 2335 1111 2335 1111 2364 1176 2356 1175 2332 1055 2363 1177 2364 1176 2330 1112 2362 1250 2363 1177 2329 1178 2362 1250 2330 1112 2259 1251 2329 1178 2322 1056 2323 1252 2322 1056 3280 1179 3373 1253 3280 1179 3371 1113 3371 1113 3327 1114 3372 1254 3327 1114 3347 1180 3331 1255 3276 1059 3356 1181 3347 1180 3356 1181 3391 1115 3357 1256 3357 1256 3391 1115 3392 1182 3681 1116 3393 1257 3392 1182 3692 1183 3682 1258 3681 1116 3685 1184 3692 1183 3693 1062 3669 1185 3685 1184 3686 1063 443 1259 3669 1185 3670 1064 443 1259 3670 1064 441 1186 439 1117 440 1260 441 1186 439 1117 438 1187 440 1260 7461 1067 2889 1120 2888 1188 2888 1188 2890 987 2893 1189 2893 1189 2894 1121 2895 1261 3167 1122 2896 1262 2894 1121 3150 1069 3166 1190 3167 1122 3152 1070 3165 1191 3166 1190 3154 1071 3164 1192 3165 1191 3156 1072 3163 1193 3164 1192 3134 1073 3162 1194 3163 1193 3161 1123 3182 1263 3162 1194 3161 1123 3181 1195 3182 1263 3160 1075 3047 1196 3181 1195 3046 1076 2743 1197 3047 1196 2804 1264 2743 1197 2805 1124 2805 1124 2808 1198 2809 1265 3785 1266 2808 1198 2807 1125 3784 1128 2807 1125 2815 1199 2723 994 2814 1200 2815 1199 2814 1200 2813 1126 3784 1128 3784 1128 2813 1126 2812 1201 3784 1128 2812 1201 2811 1127 3784 1128 2769 1202 3045 1267 3783 1079 2750 1268 2769 1202 3783 1079 2768 1203 2767 1269 2766 1081 2767 1269 2768 1203 2766 1081 2752 1204 2764 1270 3023 1130 3042 1271 2752 1204 3021 1131 3040 1272 3023 1130 3019 1132 3038 1273 3021 1131 3017 1205 3036 1274 3019 1132 3016 1206 3017 1205 3018 1082 2995 1133 3016 1206 2997 1083 2993 1207 3014 1275 2995 1133 2992 1208 2993 1207 2994 1084 2978 1134 2990 1211 2992 1208 2978 1134 504 1209 503 1276 504 1209 505 1087 485 1011 485 1011 500 1210 501 1277 2979 1088 501 1277 500 1210 2979 1088 2990 1211 2978 1134 2988 1137 2989 1278 2990 1211 2986 1212 2987 1279 2988 1137 2985 1138 2727 1280 2986 1212 2984 1213 2725 1281 2985 1138 2974 1214 2984 1213 2975 1019 1580 1140 1579 1141 1297 1282 1297 1282 1579 1141 1581 1215 1384 1216 1581 1215 1736 951 1465 1142 1466 1283 1384 1216 1465 1142 1464 1217 1466 1283 1463 1093 1459 1218 1464 1217 1458 1143 1460 1219 1459 1218 1737 1025 1461 1220 1460 1219 1459 1218 1461 1220 1462 1144 1455 1284 1462 1144 1453 1221 1453 1221 1454 1145 1455 1284 1455 1284 1454 1145 1456 1222 1450 1285 1456 1222 1731 1027 1451 1223 1450 1285 1731 1027 1448 1286 1451 1223 1452 1146 1448 1286 1452 1146 1446 1224 1739 1028 1447 1225 1446 1224 1443 1287 1447 1225 1449 1147 1443 1287 1449 1147 1441 1226 1441 1226 1442 1148 1443 1287 1443 1287 1442 1148 1444 1227 1445 1228 1444 1227 1741 1030 1438 1288 1445 1228 1436 1149 1436 1149 1437 1229 1438 1288 1742 1031 1439 1230 1437 1229 1387 1289 1439 1230 1440 1150 1387 1289 1440 1150 1385 1231 1385 1231 1386 1151 1387 1289 1386 1151 1433 1232 1387 1289 1387 1289 1433 1232 1434 1152 1387 1289 1434 1152 1390 1233 1390 1233 1431 1097 1427 1234 1427 1234 1432 1155 1425 1235 1425 1235 1745 1034 1746 1236 1745 1034 1749 1156 1746 1236 1428 1290 1746 1236 1632 1157 1429 1291 1632 1157 1634 1158 1634 1158 1627 1237 1421 1292 1626 1293 1627 1237 1628 1159 1708 1160 1711 1294 1628 1159 1707 1161 1712 1295 1708 1160 1706 1162 1713 1296 1707 1161 1705 1238 1714 1297 1706 1162 1688 1100 1715 1298 1705 1238 1688 1100 1682 1163 1715 1298 1682 1163 1635 1103 1637 1239 1679 1166 1637 1239 1636 1165 1672 1104 1678 1299 1637 1239 1674 1240 1678 1299 1672 1104 1674 1240 1673 1167 1675 1241 1643 1300 1675 1241 1676 1168 1643 1300 1676 1168 1671 1242 1670 1243 1671 1242 2492 1105 1666 1301 1670 1243 2515 1169 2515 1169 1668 1244 1667 1302 1648 1303 1668 1244 1669 1170 1648 1303 1669 1170 1651 1245 1652 1246 1651 1245 2491 1106 1656 1304 1652 1246 2516 1107 1640 1247 1658 1305 2516 1107 1662 1306 1640 1247 2517 1171 2517 1171 2486 1172 2518 1307 2485 1248 2686 1308 2486 1172 2490 1173 2687 1309 2485 1248 2490 1173 2678 1249 2687 1309 2680 1174 2685 1310 2678 1249 2356 1175 2676 1311 2680 1174 2364 1176 2676 1311 2356 1175 2363 1177 2676 1311 2364 1176 2362 1250 2675 1312 2363 1177 2329 1178 2328 1313 2362 1250 2259 1251 2328 1313 2329 1178 2322 1056 2323 1252 2259 1251 3280 1179 2324 1314 2323 1252 3373 1253 3286 1315 3280 1179 3371 1113 3372 1254 3373 1253 3372 1254 3327 1114 3332 1316 3327 1114 3331 1255 3332 1316 3331 1255 3347 1180 3348 1317 3347 1180 3356 1181 3357 1256 3357 1256 3392 1182 3358 1318 3358 1318 3392 1182 3393 1257 3681 1116 3394 1319 3393 1257 3682 1258 3394 1319 3681 1116 3691 1320 3682 1258 3692 1183 3684 1321 3692 1183 3685 1184 3668 1322 3685 1184 3669 1185 446 1323 3669 1185 443 1259 441 1186 442 1324 443 1259 441 1186 440 1260 442 1324 7461 1067 2888 1188 7451 1325 7451 1325 2888 1188 2893 1189 7451 1325 2893 1189 2895 1261 2894 1121 2898 1326 2895 1261 2896 1262 2897 1327 2894 1121 3166 1190 2896 1262 3167 1122 3165 1191 2901 1328 3166 1190 3164 1192 3185 1329 3165 1191 3163 1193 3184 1330 3164 1192 3162 1194 3183 1331 3163 1193 3162 1194 3182 1263 3183 1331 3181 1195 3048 1332 3182 1263 3181 1195 3047 1196 3048 1332 3049 1333 3047 1196 2743 1197 2741 1334 2743 1197 2804 1264 2804 1264 2805 1124 2806 1335 2805 1124 2809 1265 2806 1335 2809 1265 2808 1198 3785 1266 3785 1266 2807 1125 3784 1128 3784 1128 2815 1199 2814 1200 3784 1128 3045 1267 2773 1336 2769 1202 3044 1337 3045 1267 2750 1268 2752 1204 2769 1202 2751 1338 2750 1268 3783 1079 2767 1269 2765 1339 3783 1079 2766 1081 2765 1339 2767 1269 2764 1270 2765 1339 2766 1081 2764 1270 2752 1204 2751 1338 2752 1204 3042 1271 3044 1337 3023 1130 3040 1272 3042 1271 3021 1131 3038 1273 3040 1272 3019 1132 3036 1274 3038 1273 3017 1205 3034 1340 3036 1274 3016 1206 3015 1341 3017 1205 2995 1133 3014 1275 3016 1206 2993 1207 3012 1342 3014 1275 2992 1208 2991 1343 2993 1207 2990 1211 2991 1343 2992 1208 2978 1134 503 1276 502 1344 485 1011 503 1276 504 1209 485 1011 501 1277 498 1345 498 1345 501 1277 2979 1088 2978 1134 498 1345 2979 1088 2990 1211 2989 1278 2991 1343 2988 1137 2987 1279 2989 1278 2986 1212 2727 1280 2987 1279 2985 1138 2725 1281 2727 1280 1297 1282 1581 1215 1577 1346 1384 1216 1577 1346 1581 1215 1384 1216 1466 1283 1291 1347 1380 1348 1466 1283 1464 1217 1476 1349 1464 1217 1459 1218 1459 1218 1460 1219 1461 1220 1455 1284 1459 1218 1462 1144 1455 1284 1456 1222 1450 1285 1450 1285 1451 1223 1448 1286 1446 1224 1447 1225 1448 1286 1448 1286 1447 1225 1443 1287 1443 1287 1444 1227 1438 1288 1438 1288 1444 1227 1445 1228 1438 1288 1437 1229 1439 1230 1438 1288 1439 1230 1387 1289 1390 1233 1478 1350 1387 1289 1427 1234 1422 1351 1390 1233 1425 1235 1426 1352 1427 1234 1425 1235 1746 1236 1426 1352 1426 1352 1746 1236 1428 1290 1428 1290 1632 1157 1429 1291 1429 1291 1634 1158 1423 1353 1634 1158 1421 1292 1424 1354 1627 1237 1420 1355 1421 1292 1626 1293 1416 1356 1627 1237 1628 1159 1710 1357 1626 1293 1628 1159 1711 1294 1710 1357 1708 1160 1712 1295 1711 1294 1707 1161 1713 1296 1712 1295 1706 1162 1714 1297 1713 1296 1705 1238 1715 1298 1714 1297 1715 1298 1682 1163 1631 1358 1682 1163 1637 1239 1631 1358 1631 1358 1637 1239 1678 1299 1674 1240 1677 1359 1678 1299 1674 1240 1675 1241 1643 1300 1670 1243 1643 1300 1671 1242 1666 1301 1645 1360 1670 1243 2515 1169 1667 1302 1666 1301 1645 1360 1667 1302 1668 1244 1645 1360 1668 1244 1648 1303 1651 1245 1652 1246 1648 1303 1652 1246 1656 1304 1648 1303 2516 1107 1658 1305 1656 1304 1640 1247 1639 1361 1658 1305 1640 1247 1662 1306 1638 1362 2517 1171 1663 1363 1662 1306 2518 1307 2519 1364 2517 1171 2486 1172 2684 1365 2518 1307 2486 1172 2686 1308 2684 1365 2485 1248 2687 1309 2686 1308 2678 1249 2685 1310 2687 1309 2680 1174 2692 1366 2685 1310 2676 1311 2692 1366 2680 1174 2363 1177 2675 1312 2676 1311 2328 1313 2675 1312 2362 1250 2258 1367 2328 1313 2259 1251 2259 1251 2323 1252 2324 1314 3286 1315 2324 1314 3280 1179 3375 1368 3286 1315 3373 1253 3373 1253 3372 1254 3374 1369 3372 1254 3332 1316 3374 1369 3332 1316 3331 1255 3333 1370 3331 1255 3348 1317 3333 1370 3347 1180 3357 1256 3348 1317 3348 1317 3357 1256 3358 1318 3358 1318 3393 1257 3359 1371 3359 1371 3393 1257 3394 1319 3682 1258 3395 1372 3394 1319 3691 1320 3683 1373 3682 1258 3684 1321 3691 1320 3692 1183 3668 1322 3684 1321 3685 1184 448 1374 3668 1322 3669 1185 448 1374 3669 1185 446 1323 443 1259 445 1375 446 1323 442 1324 444 1376 443 1259 2895 1261 2898 1326 7451 1325 2894 1121 2897 1327 2898 1326 2896 1262 2903 1377 2897 1327 3166 1190 2901 1328 2896 1262 3165 1191 3185 1329 2901 1328 3164 1192 3184 1330 3185 1329 3163 1193 3183 1331 3184 1330 3182 1263 3050 1378 3183 1331 3182 1263 3048 1332 3050 1378 3048 1332 3047 1196 3049 1333 3049 1333 2743 1197 2746 1379 2741 1334 2742 1380 2743 1197 2741 1334 2804 1264 3780 1381 3785 1266 2804 1264 2806 1335 3785 1266 2806 1335 2809 1265 3784 1128 3224 1382 3785 1266 2773 1336 2771 1383 3784 1128 3045 1267 2772 1384 2773 1336 3044 1337 2772 1384 3045 1267 2752 1204 3044 1337 2769 1202 2750 1268 2751 1338 2752 1204 3783 1079 2764 1270 2751 1338 3783 1079 2765 1339 2764 1270 3042 1271 3043 1385 3044 1337 3040 1272 3041 1386 3042 1271 3038 1273 3039 1387 3040 1272 3036 1274 3037 1388 3038 1273 3034 1340 3035 1389 3036 1274 3015 1341 3034 1340 3017 1205 3014 1275 3015 1341 3016 1206 3012 1342 3013 1390 3014 1275 2991 1343 3012 1342 2993 1207 502 1344 499 1391 2978 1134 485 1011 502 1344 503 1276 498 1345 499 1391 485 1011 2978 1134 499 1391 498 1345 2989 1278 3010 1392 2991 1343 2987 1279 3008 1393 2989 1278 2727 1280 3007 1394 2987 1279 2725 1281 2726 1395 2727 1280 1577 1346 1298 1396 1297 1282 1298 1396 1577 1346 1384 1216 1384 1216 1291 1347 1296 1397 1466 1283 1292 1398 1291 1347 1382 1399 1466 1283 1380 1348 1380 1348 1464 1217 1476 1349 1476 1349 1459 1218 1455 1284 1450 1285 1448 1286 1455 1284 1443 1287 1481 1400 1448 1286 1438 1288 1480 1401 1443 1287 1387 1289 1479 1402 1438 1288 1387 1289 1478 1350 1479 1402 1390 1233 1422 1351 1478 1350 1427 1234 1423 1353 1422 1351 1427 1234 1426 1352 1428 1290 1427 1234 1428 1290 1429 1291 1429 1291 1423 1353 1427 1234 1423 1353 1634 1158 1424 1354 1419 1403 1424 1354 1421 1292 1420 1355 1419 1403 1421 1292 1627 1237 1416 1356 1420 1355 1626 1293 1417 1404 1416 1356 1626 1293 1710 1357 1559 1405 1711 1294 1551 1406 1710 1357 1712 1295 1554 1407 1711 1294 1713 1296 1546 1408 1712 1295 1714 1297 1518 1409 1713 1296 1715 1298 1545 1410 1714 1297 1715 1298 1631 1358 1542 1411 1631 1358 1678 1299 1629 1412 1629 1412 1678 1299 1677 1359 1643 1300 1677 1359 1674 1240 1670 1243 1645 1360 1643 1300 1666 1301 1667 1302 1645 1360 1648 1303 1649 1413 1645 1360 1648 1303 1656 1304 1657 1414 1658 1305 1660 1415 1656 1304 1639 1361 1659 1416 1658 1305 1638 1362 1639 1361 1640 1247 1638 1362 1662 1306 1663 1363 2517 1171 2520 1417 1663 1363 2517 1171 2519 1364 2520 1417 2518 1307 2684 1365 2519 1364 2685 1310 2684 1365 2686 1308 2685 1310 2686 1308 2687 1309 2652 1418 2685 1310 2692 1366 2676 1311 2691 1419 2692 1366 2675 1312 2691 1419 2676 1311 2328 1313 2674 1420 2675 1312 2258 1367 2674 1420 2328 1313 2258 1367 2259 1251 2260 1421 2259 1251 2324 1314 2261 1422 3286 1315 2326 1423 2324 1314 3375 1368 3287 1424 3286 1315 3373 1253 3374 1369 3375 1368 3374 1369 3332 1316 3334 1425 3332 1316 3333 1370 3334 1425 3333 1370 3348 1317 3349 1426 3348 1317 3358 1318 3349 1426 3349 1426 3358 1318 3359 1371 3359 1371 3394 1319 3360 1427 3360 1427 3394 1319 3395 1372 3682 1258 3396 1428 3395 1372 3683 1373 3396 1428 3682 1258 3665 1429 3683 1373 3691 1320 3666 1430 3691 1320 3684 1321 3667 1431 3684 1321 3668 1322 452 1432 3668 1322 448 1374 446 1323 447 1433 448 1374 446 1323 445 1375 447 1433 443 1259 444 1376 445 1375 2898 1326 2897 1327 7451 1325 7451 1325 2897 1327 2903 1377 2896 1262 2902 1434 2903 1377 2901 1328 2902 1434 2896 1262 3185 1329 2736 1435 2901 1328 3184 1330 3186 1436 3185 1329 3183 1331 3180 1437 3184 1330 3183 1331 3050 1378 3180 1437 3050 1378 3048 1332 3051 1438 3051 1438 3048 1332 3049 1333 3052 1439 3049 1333 2746 1379 2746 1379 2743 1197 2742 1380 3780 1381 2742 1380 2741 1334 3780 1381 2804 1264 3785 1266 3785 1266 3224 1382 2777 1440 3784 1128 2770 1441 3224 1382 2771 1383 2770 1441 3784 1128 2772 1384 2771 1383 2773 1336 3044 1337 3043 1385 2772 1384 3042 1271 3041 1386 3043 1385 3040 1272 3039 1387 3041 1386 3038 1273 3037 1388 3039 1387 3036 1274 3035 1389 3037 1388 3034 1340 3033 1442 3035 1389 3015 1341 3032 1443 3034 1340 3014 1275 3013 1390 3015 1341 3012 1342 3011 1444 3013 1390 2991 1343 3010 1392 3012 1342 499 1391 502 1344 485 1011 2989 1278 3008 1393 3010 1392 2987 1279 3007 1394 3008 1393 2727 1280 3006 1445 3007 1394 2726 1395 3006 1445 2727 1280 1296 1397 1297 1282 1298 1396 1296 1397 1298 1396 1384 1216 1291 1347 1293 1446 1296 1397 1291 1347 1292 1398 1293 1446 1466 1283 1294 1447 1292 1398 1382 1399 1295 1448 1466 1283 1380 1348 1381 1449 1382 1399 1476 1349 1473 1450 1380 1348 1455 1284 1477 1451 1476 1349 1455 1284 1448 1286 1477 1451 1448 1286 1481 1400 1482 1452 1443 1287 1480 1401 1481 1400 1438 1288 1479 1402 1480 1401 1478 1350 1487 1453 1479 1402 1422 1351 1486 1454 1478 1350 1422 1351 1423 1353 1419 1403 1419 1403 1423 1353 1424 1354 1416 1356 1419 1403 1420 1355 1416 1356 1417 1404 1413 1455 1626 1293 1418 1456 1417 1404 1626 1293 1559 1405 1561 1457 1557 1458 1559 1405 1710 1357 1710 1357 1551 1406 1553 1459 1711 1294 1549 1460 1551 1406 1711 1294 1554 1407 1549 1460 1712 1295 1548 1461 1554 1407 1712 1295 1546 1408 1548 1461 1713 1296 1517 1462 1546 1408 1713 1296 1518 1409 1517 1462 1714 1297 1544 1463 1518 1409 1714 1297 1545 1410 1544 1463 1715 1298 1541 1464 1545 1410 1542 1411 1541 1464 1715 1298 1542 1411 1631 1358 1630 1465 1629 1412 1630 1465 1631 1358 1629 1412 1677 1359 1540 1466 1643 1300 1641 1467 1677 1359 1644 1468 1643 1300 1645 1360 1645 1360 1649 1413 1650 1469 1648 1303 1655 1470 1649 1413 1648 1303 1657 1414 1653 1471 1656 1304 1661 1472 1657 1414 1656 1304 1660 1415 1661 1472 1658 1305 1659 1416 1660 1415 1638 1362 1663 1363 1664 1473 1663 1363 2520 1417 2521 1474 2650 1475 2520 1417 2519 1364 2519 1364 2684 1365 2683 1476 2683 1476 2684 1365 2685 1310 2651 1477 2685 1310 2652 1418 2652 1418 2692 1366 2653 1478 2653 1478 2692 1366 2691 1419 2675 1312 2690 1479 2691 1419 2674 1420 2690 1479 2675 1312 2258 1367 2672 1480 2674 1420 2258 1367 2260 1421 2672 1480 2260 1421 2259 1251 2261 1422 2261 1422 2324 1314 2325 1481 2325 1481 2324 1314 2326 1423 2327 1482 2326 1423 3286 1315 3287 1424 2318 1483 3286 1315 3377 1484 3287 1424 3375 1368 3375 1368 3374 1369 3376 1485 3374 1369 3334 1425 3376 1485 3334 1425 3333 1370 3335 1486 3333 1370 3349 1426 3335 1486 3349 1426 3359 1371 3350 1487 3350 1487 3359 1371 3360 1427 3360 1427 3395 1372 3361 1488 3361 1488 3395 1372 3396 1428 3683 1373 3367 1489 3396 1428 3665 1429 3664 1490 3683 1373 3666 1430 3665 1429 3691 1320 3667 1431 3666 1430 3684 1321 452 1432 3667 1431 3668 1322 448 1374 451 1491 452 1432 447 1433 449 1492 448 1374 7451 1325 2903 1377 7452 1493 7452 1493 2903 1377 2902 1434 2901 1328 2900 1494 2902 1434 2901 1328 2736 1435 3192 1495 3185 1329 3186 1436 2736 1435 3184 1330 3180 1437 3186 1436 3050 1378 3179 1496 3180 1437 3051 1438 3179 1496 3050 1378 3051 1438 3049 1333 3052 1439 3052 1439 2746 1379 2801 1497 2746 1379 2742 1380 2803 1498 3780 1381 2803 1498 2742 1380 3785 1266 2748 1499 3780 1381 3785 1266 2777 1440 2775 1440 3224 1382 2776 1500 2777 1440 2770 1441 2776 1500 3224 1382 2770 1441 2771 1383 2772 1384 3043 1385 3069 1501 2772 1384 3041 1386 3067 1502 3043 1385 3039 1387 3065 1503 3041 1386 3037 1388 3063 1504 3039 1387 3035 1389 3061 1505 3037 1388 3033 1442 3059 1506 3035 1389 3032 1443 3033 1442 3034 1340 3013 1390 3032 1443 3015 1341 3011 1444 3030 1507 3013 1390 3010 1392 3011 1444 3012 1342 3008 1393 3009 1508 3010 1392 3007 1394 2721 1509 3008 1393 3006 1445 2719 1510 3007 1394 1296 1397 1293 1446 1297 1282 1293 1446 1292 1398 1294 1447 1295 1448 1294 1447 1466 1283 1290 1511 1295 1448 1382 1399 1381 1449 1468 1512 1382 1399 1380 1348 1475 1513 1381 1449 1380 1348 1473 1450 1475 1513 1476 1349 1477 1451 1473 1450 1448 1286 1482 1452 1477 1451 1481 1400 1490 1514 1482 1452 1480 1401 1489 1515 1481 1400 1479 1402 1488 1516 1480 1401 1479 1402 1487 1453 1488 1516 1478 1350 1486 1454 1487 1453 1422 1351 1485 1517 1486 1454 1419 1403 1485 1517 1422 1351 1416 1356 1413 1455 1419 1403 1413 1455 1417 1404 1418 1456 1414 1518 1418 1456 1626 1293 1561 1457 1415 1519 1626 1293 1559 1405 1560 1520 1561 1457 1557 1458 1558 1521 1559 1405 1710 1357 1553 1459 1557 1458 1551 1406 1552 1522 1553 1459 1549 1460 1550 1523 1551 1406 1554 1407 1555 1524 1549 1460 1548 1461 1547 1525 1554 1407 1546 1408 1547 1525 1548 1461 1517 1462 1519 1526 1546 1408 1517 1462 1518 1409 1519 1526 1518 1409 1544 1463 1519 1526 1519 1526 1544 1463 1545 1410 1519 1526 1545 1410 1541 1464 1541 1464 1542 1411 1543 1527 1542 1411 1630 1465 1569 1528 1629 1412 1538 1529 1630 1465 1540 1466 1539 1530 1629 1412 1540 1466 1677 1359 1532 1531 1677 1359 1641 1467 1533 1532 1643 1300 1709 1533 1641 1467 1642 1534 1643 1300 1644 1468 1644 1468 1645 1360 1646 1535 1645 1360 1650 1469 1647 1536 1973 1537 1650 1469 1649 1413 1649 1413 1655 1470 1973 1537 1648 1303 1654 1538 1655 1470 1653 1471 1654 1538 1648 1303 1664 1473 1663 1363 1665 1539 1663 1363 2521 1474 1665 1539 2520 1417 2651 1477 2521 1474 2650 1475 2651 1477 2520 1417 2519 1364 2683 1476 2650 1475 2651 1477 2683 1476 2685 1310 2651 1477 2652 1418 2521 1474 2653 1478 1966 1540 2652 1418 2653 1478 2691 1419 2695 1541 2695 1541 2691 1419 2690 1479 2674 1420 2689 1542 2690 1479 2672 1480 2689 1542 2674 1420 2672 1480 2260 1421 2262 1543 2260 1421 2261 1422 2262 1543 2338 1544 2261 1422 2325 1481 2325 1481 2326 1423 2327 1482 3286 1315 2318 1483 2327 1482 3287 1424 2319 1545 2318 1483 3377 1484 3288 1546 3287 1424 3375 1368 3376 1485 3377 1484 3376 1485 3334 1425 3336 1547 3334 1425 3335 1486 3336 1547 3335 1486 3349 1426 3350 1487 3350 1487 3360 1427 3351 1548 3351 1548 3360 1427 3361 1488 3361 1488 3396 1428 3367 1489 3683 1373 3366 1549 3367 1489 3664 1490 3366 1549 3683 1373 609 1550 3664 1490 3665 1429 617 1551 3665 1429 3666 1430 619 1552 3666 1430 3667 1431 452 1432 614 1553 3667 1431 452 1432 451 1491 453 1554 448 1374 450 1555 451 1491 448 1374 449 1492 450 1555 7452 1493 2902 1434 2900 1494 2899 1556 2900 1494 2901 1328 2901 1328 3192 1495 2899 1556 7452 1493 3192 1495 2736 1435 2736 1435 3186 1436 2737 1557 3186 1436 3180 1437 3187 1558 3187 1558 3180 1437 3179 1496 3051 1438 3178 1559 3179 1496 3052 1439 3178 1559 3051 1438 2801 1497 3177 1560 3052 1439 2801 1497 2746 1379 2745 1561 2744 1562 2746 1379 2803 1498 3786 1563 2803 1498 3780 1381 3780 1381 2748 1499 2747 1564 3785 1266 2774 1565 2748 1499 2775 1440 2774 1565 3785 1266 2776 1500 2775 1440 2777 1440 2770 1441 3071 1566 2776 1500 2772 1384 3071 1566 2770 1441 2772 1384 3069 1501 3071 1566 3043 1385 3067 1502 3069 1501 3041 1386 3065 1503 3067 1502 3039 1387 3063 1504 3065 1503 3037 1388 3061 1505 3063 1504 3035 1389 3059 1506 3061 1505 3033 1442 3057 1567 3059 1506 3032 1443 3031 1568 3033 1442 3013 1390 3030 1507 3032 1443 3011 1444 3028 1569 3030 1507 3010 1392 3009 1508 3011 1444 3008 1393 2721 1509 3009 1508 3007 1394 2719 1510 2721 1509 1293 1446 1294 1447 1289 1570 1289 1570 1294 1447 1295 1448 1289 1570 1295 1448 1290 1511 1382 1399 1288 1571 1290 1511 1382 1399 1468 1512 1467 1572 1381 1449 1469 1573 1468 1512 1475 1513 1469 1573 1381 1449 1473 1450 1474 1574 1475 1513 1477 1451 1483 1575 1473 1450 1477 1451 1482 1452 1483 1575 1482 1452 1490 1514 1491 1576 1481 1400 1489 1515 1490 1514 1480 1401 1488 1516 1489 1515 1487 1453 1495 1577 1488 1516 1486 1454 1494 1578 1487 1453 1485 1517 1493 1579 1486 1454 1419 1403 1413 1455 1485 1517 1413 1455 1418 1456 1414 1518 1626 1293 1415 1519 1414 1518 1561 1457 1562 1580 1415 1519 1561 1457 1560 1520 1562 1580 1559 1405 1558 1521 1560 1520 1557 1458 1552 1522 1558 1521 1553 1459 1552 1522 1557 1458 1551 1406 1550 1523 1552 1522 1549 1460 1556 1581 1550 1523 1549 1460 1555 1524 1556 1581 1554 1407 1547 1525 1555 1524 1546 1408 1519 1526 1547 1525 1541 1464 1543 1527 1519 1526 1542 1411 1569 1528 1543 1527 1569 1528 1630 1465 1536 1582 1630 1465 1538 1529 1537 1583 1629 1412 1539 1530 1538 1529 1520 1584 1539 1530 1540 1466 1520 1584 1540 1466 1532 1531 1677 1359 1533 1532 1532 1531 1641 1467 1535 1585 1533 1532 1975 1586 1641 1467 1709 1533 1642 1534 1709 1533 1643 1300 1976 1587 1642 1534 1644 1468 1893 1588 1644 1468 1646 1535 1646 1535 1645 1360 1647 1536 1973 1537 1647 1536 1650 1469 1973 1537 1655 1470 1654 1538 1665 1539 1971 1589 1664 1473 2521 1474 1971 1589 1665 1539 2650 1475 2683 1476 2651 1477 2521 1474 2652 1418 7448 1590 2652 1418 1966 1540 1965 1591 2653 1478 2654 1592 1966 1540 2695 1541 2694 1593 2653 1478 2695 1541 2690 1479 2696 1594 2696 1594 2690 1479 2689 1542 2672 1480 2688 1595 2689 1542 2672 1480 2262 1543 2673 1596 2262 1543 2261 1422 2263 1597 2337 1598 2261 1422 2338 1544 2338 1544 2325 1481 2318 1483 2318 1483 2325 1481 2327 1482 2318 1483 2319 1545 2320 1599 2321 1600 2319 1545 3287 1424 2321 1600 3287 1424 3288 1546 3379 1601 3288 1546 3377 1484 3377 1484 3376 1485 3378 1602 3376 1485 3336 1547 3378 1602 3336 1547 3335 1486 3337 1603 3335 1486 3350 1487 3337 1603 3337 1603 3350 1487 3351 1548 3351 1548 3361 1488 3352 1604 3367 1489 3362 1605 3361 1488 3366 1549 3362 1605 3367 1489 3664 1490 3365 1606 3366 1549 608 1607 3664 1490 609 1550 3665 1429 610 1608 609 1550 617 1551 610 1608 3665 1429 3666 1430 618 1609 617 1551 619 1552 618 1609 3666 1430 3667 1431 611 1610 619 1552 614 1553 612 1611 3667 1431 455 1612 614 1553 452 1432 452 1432 453 1554 454 1613 2900 1494 2899 1556 7452 1493 2899 1556 3192 1495 7452 1493 7452 1493 2736 1435 7460 1614 2735 1615 2736 1435 2737 1557 2737 1557 3186 1436 3187 1558 3187 1558 3179 1496 3188 1616 3188 1616 3179 1496 3178 1559 3052 1439 3177 1560 3178 1559 2801 1497 3176 1617 3177 1560 2801 1497 2745 1561 2802 1618 2744 1562 2745 1561 2746 1379 3786 1563 2744 1562 2803 1498 3780 1381 2778 1619 3786 1563 3780 1381 2747 1564 2781 1620 2747 1564 2748 1499 2749 1621 2774 1565 2749 1621 2748 1499 2774 1565 2775 1440 2776 1500 3071 1566 3072 1622 2776 1500 3069 1501 3070 1623 3071 1566 3067 1502 3068 1624 3069 1501 3065 1503 3066 1625 3067 1502 3063 1504 3064 1626 3065 1503 3061 1505 3062 1627 3063 1504 3059 1506 3060 1628 3061 1505 3057 1567 3058 1629 3059 1506 3031 1568 3057 1567 3033 1442 3030 1507 3031 1568 3032 1443 3028 1569 3029 1630 3030 1507 3009 1508 3028 1569 3011 1444 2721 1509 3026 1631 3009 1508 2719 1510 2720 1632 2721 1509 1288 1571 1289 1570 1290 1511 1283 1633 1288 1571 1382 1399 1382 1399 1467 1572 1283 1633 1246 1634 1467 1572 1468 1512 1243 1635 1468 1512 1469 1573 1475 1513 1470 1636 1469 1573 1474 1574 1470 1636 1475 1513 1473 1450 1484 1637 1474 1574 1473 1450 1483 1575 1484 1637 1482 1452 1491 1576 1483 1575 1490 1514 1498 1638 1491 1576 1489 1515 1497 1639 1490 1514 1488 1516 1496 1640 1489 1515 1488 1516 1495 1577 1496 1640 1487 1453 1494 1578 1495 1577 1486 1454 1493 1579 1494 1578 1485 1517 1411 1641 1493 1579 1413 1455 1411 1641 1485 1517 1413 1455 1414 1518 1415 1519 1412 1642 1415 1519 1562 1580 1562 1580 1560 1520 1412 1642 1575 1643 1560 1520 1558 1521 1558 1521 1552 1522 1575 1643 1552 1522 1550 1523 1576 1644 1576 1644 1550 1523 1556 1581 1576 1644 1556 1581 1555 1524 1547 1525 1576 1644 1555 1524 1519 1526 1567 1645 1547 1525 1519 1526 1543 1527 1565 1646 1543 1527 1569 1528 1536 1582 1630 1465 1537 1583 1536 1582 1537 1583 1538 1529 1522 1647 1522 1647 1538 1529 1539 1530 1522 1647 1539 1530 1520 1584 1532 1531 1533 1532 1520 1584 1534 1648 1533 1532 1535 1585 1975 1586 1535 1585 1641 1467 1975 1586 1709 1533 1976 1587 1976 1587 1709 1533 1642 1534 1893 1588 1976 1587 1644 1468 1647 1536 1893 1588 1646 1535 1893 1588 1647 1536 1973 1537 1973 1537 1654 1538 1974 1649 2652 1418 1965 1591 1971 1589 1965 1591 1966 1540 1967 1650 1966 1540 2654 1592 1968 1651 2653 1478 2694 1593 2654 1592 2695 1541 2656 1652 2694 1593 2696 1594 2656 1652 2695 1541 2696 1594 2689 1542 2697 1653 2697 1653 2689 1542 2688 1595 2673 1596 2688 1595 2672 1480 2673 1596 2262 1543 2264 1654 2262 1543 2263 1597 2264 1654 2337 1598 2263 1597 2261 1422 2337 1598 2338 1544 2320 1599 2320 1599 2338 1544 2318 1483 2320 1599 2319 1545 2321 1600 2321 1600 3288 1546 2314 1655 3379 1601 3289 1656 3288 1546 3377 1484 3378 1602 3379 1601 3378 1602 3336 1547 3338 1657 3336 1547 3337 1603 3338 1657 3337 1603 3351 1548 3339 1658 3339 1658 3351 1548 3352 1604 3352 1604 3361 1488 3362 1605 3366 1549 3363 1659 3362 1605 3365 1606 3310 1660 3366 1549 3364 1661 3365 1606 3664 1490 608 1607 3364 1661 3664 1490 598 1662 608 1607 609 1550 598 1662 609 1550 610 1608 610 1608 617 1551 598 1662 598 1662 617 1551 618 1609 618 1609 619 1552 598 1662 619 1552 611 1610 598 1662 3667 1431 612 1611 611 1610 612 1611 614 1553 598 1662 614 1553 455 1612 598 1662 452 1432 454 1613 455 1612 7460 1614 2736 1435 2735 1615 2737 1557 2908 1663 2735 1615 2737 1557 3187 1558 2904 1664 2904 1664 3187 1558 3188 1616 3188 1616 3178 1559 3189 1665 3189 1665 3178 1559 3177 1560 3190 1666 3177 1560 3176 1617 3114 1667 3176 1617 2801 1497 2800 1668 2801 1497 2802 1618 3786 1563 2802 1618 2745 1561 2745 1561 2744 1562 3786 1563 3786 1563 2778 1619 2788 1669 3780 1381 2779 1670 2778 1619 2781 1620 2779 1670 3780 1381 2747 1564 2780 1671 2781 1620 2749 1621 2780 1671 2747 1564 2776 1500 2749 1621 2774 1565 2776 1500 3072 1622 2749 1621 3071 1566 3070 1623 3072 1622 3069 1501 3068 1624 3070 1623 3067 1502 3066 1625 3068 1624 3065 1503 3064 1626 3066 1625 3063 1504 3062 1627 3064 1626 3061 1505 3060 1628 3062 1627 3059 1506 3058 1629 3060 1628 3057 1567 3056 1672 3058 1629 3031 1568 3055 1673 3057 1567 3030 1507 3029 1630 3031 1568 3028 1569 3027 1674 3029 1630 3009 1508 3026 1631 3028 1569 2721 1509 3024 1675 3026 1631 2720 1632 3024 1675 2721 1509 1288 1571 1285 1676 1289 1570 1283 1633 1285 1676 1288 1571 1283 1633 1467 1572 1284 1677 1245 1678 1467 1572 1246 1634 1246 1634 1468 1512 1247 1679 1247 1679 1468 1512 1243 1635 1243 1635 1469 1573 1242 1680 1241 1681 1469 1573 1470 1636 1474 1574 1471 1682 1470 1636 1484 1637 1471 1682 1474 1574 1483 1575 1492 1683 1484 1637 1483 1575 1491 1576 1492 1683 1491 1576 1498 1638 1499 1684 1490 1514 1497 1639 1498 1638 1489 1515 1496 1640 1497 1639 1495 1577 1509 1685 1496 1640 1494 1578 1507 1686 1495 1577 1493 1579 1505 1687 1494 1578 1411 1641 1503 1688 1493 1579 1413 1455 1412 1642 1411 1641 1415 1519 1412 1642 1413 1455 1412 1642 1560 1520 1575 1643 1575 1643 1552 1522 1576 1644 1567 1645 1576 1644 1547 1525 1519 1526 1566 1689 1567 1645 1519 1526 1565 1646 1563 1690 1369 1691 1565 1646 1543 1527 1543 1527 1536 1582 1570 1692 1522 1647 1536 1582 1537 1583 1520 1584 1521 1693 1522 1647 1534 1648 1520 1584 1533 1532 1534 1648 1535 1585 1975 1586 1976 1587 1978 1694 1975 1586 1973 1537 1976 1587 1893 1588 1974 1649 1988 1695 1973 1537 1972 1696 1974 1649 1654 1538 1967 1650 1971 1589 1965 1591 1967 1650 1966 1540 1968 1651 1968 1651 2654 1592 1969 1697 2654 1592 2694 1593 2655 1698 2655 1698 2694 1593 2656 1652 2696 1594 2649 1699 2656 1652 2697 1653 2649 1699 2696 1594 2697 1653 2688 1595 2693 1700 2693 1700 2688 1595 2673 1596 2671 1701 2673 1596 2264 1654 2264 1654 2263 1597 2265 1702 2342 1703 2263 1597 2337 1598 2320 1599 2342 1703 2337 1598 2320 1599 2321 1600 2316 1704 2316 1704 2321 1600 2314 1655 2314 1655 3288 1546 3289 1656 3381 1705 3289 1656 3379 1601 3379 1601 3378 1602 3380 1706 3378 1602 3338 1657 3380 1706 3338 1657 3337 1603 3339 1658 3339 1658 3352 1604 3341 1707 3352 1604 3362 1605 3353 1708 3353 1708 3362 1605 3363 1659 3310 1660 3363 1659 3366 1549 3364 1661 3310 1660 3365 1606 594 1709 3364 1661 608 1607 594 1709 608 1607 598 1662 598 1662 611 1610 612 1611 598 1662 455 1612 613 1710 455 1612 454 1613 613 1710 7460 1614 2735 1615 2908 1663 2737 1557 2907 1711 2908 1663 2904 1664 2905 1712 2737 1557 2904 1664 3188 1616 2911 1713 2911 1713 3188 1616 3189 1665 3189 1665 3177 1560 3190 1666 3190 1666 3176 1617 3191 1714 3114 1667 3175 1715 3176 1617 2791 1716 3114 1667 2801 1497 2800 1668 2791 1716 2801 1497 3786 1563 2800 1668 2802 1618 3786 1563 2788 1669 2787 1717 2778 1619 2786 1718 2788 1669 2778 1619 2779 1670 2780 1671 2780 1671 2779 1670 2781 1620 2749 1621 3089 1719 2780 1671 3072 1622 3089 1719 2749 1621 3070 1623 3087 1720 3072 1622 3068 1624 3085 1721 3070 1623 3066 1625 3083 1722 3068 1624 3064 1626 3081 1723 3066 1625 3062 1627 3079 1724 3064 1626 3060 1628 3077 1725 3062 1627 3058 1629 3075 1726 3060 1628 3056 1672 3073 1727 3058 1629 3055 1673 3056 1672 3057 1567 3029 1630 3055 1673 3031 1568 3027 1674 2700 1728 3029 1630 3026 1631 3027 1674 3028 1569 3024 1675 3025 1729 3026 1631 1283 1633 1284 1677 1285 1676 1467 1572 1287 1730 1284 1677 1244 1731 1467 1572 1245 1678 7413 1732 1245 1678 1246 1634 7410 1733 1246 1634 1247 1679 7410 1733 1247 1679 1243 1635 1242 1680 7409 1734 1243 1635 1242 1680 1469 1573 1241 1681 1241 1681 1470 1636 1240 1735 1471 1682 1238 1736 1470 1636 1484 1637 1500 1737 1471 1682 1492 1683 1500 1737 1484 1637 1491 1576 1499 1684 1492 1683 1498 1638 1514 1738 1499 1684 1497 1639 1513 1739 1498 1638 1496 1640 1511 1740 1497 1639 1496 1640 1509 1685 1511 1740 1495 1577 1507 1686 1509 1685 1494 1578 1505 1687 1507 1686 1493 1579 1503 1688 1505 1687 1411 1641 1407 1741 1503 1688 1410 1742 1411 1641 1412 1642 1412 1642 1575 1643 1410 1742 1575 1643 1576 1644 1348 1743 1567 1645 1352 1744 1576 1644 1566 1689 1347 1745 1567 1645 1564 1746 1566 1689 1519 1526 1563 1690 1564 1746 1519 1526 1376 1747 1563 1690 1565 1646 1376 1747 1565 1646 1369 1691 1369 1691 1543 1527 1368 1748 1368 1748 1543 1527 1570 1692 1570 1692 1536 1582 1522 1647 1522 1647 1521 1693 1523 1749 1520 1584 1531 1750 1521 1693 1529 1751 1520 1584 1534 1648 1975 1586 1529 1751 1534 1648 1975 1586 1978 1694 1530 1752 1976 1587 1993 1753 1978 1694 1973 1537 1988 1695 1976 1587 1974 1649 1987 1754 1988 1695 1980 1755 1974 1649 1972 1696 1972 1696 1654 1538 7445 1756 1967 1650 1970 1757 1971 1589 1967 1650 1968 1651 1959 1758 1959 1758 1968 1651 1969 1697 1969 1697 2654 1592 2655 1698 2655 1698 2656 1652 1960 1759 2649 1699 1958 1760 2656 1652 2697 1653 2657 1761 2649 1699 2693 1700 2657 1761 2697 1653 2693 1700 2673 1596 2671 1701 2671 1701 2264 1654 2265 1702 2265 1702 2263 1597 2266 1762 2342 1703 2266 1762 2263 1597 2320 1599 2341 1763 2342 1703 2316 1704 2341 1763 2320 1599 2314 1655 2315 1764 2316 1704 2314 1655 3289 1656 2315 1764 3381 1705 3290 1765 3289 1656 3379 1601 3380 1706 3381 1705 3380 1706 3338 1657 3340 1766 3338 1657 3339 1658 3340 1766 3340 1766 3339 1658 3341 1707 3341 1707 3352 1604 3353 1708 3353 1708 3363 1659 3354 1767 3310 1660 3354 1767 3363 1659 3364 1661 3313 1768 3310 1660 594 1709 593 1769 3364 1661 598 1662 606 1770 594 1709 4035 1771 598 1662 613 1710 454 1613 647 1710 613 1710 2908 1663 2907 1711 7460 1614 2906 1772 2907 1711 2737 1557 2737 1557 2905 1712 2906 1772 2904 1664 2913 1773 2905 1712 2911 1713 2912 1774 2904 1664 2911 1713 3189 1665 2914 1775 2914 1775 3189 1665 3190 1666 2915 1776 3190 1666 3191 1714 3191 1714 3176 1617 3175 1715 3127 1777 3175 1715 3114 1667 2791 1716 3113 1778 3114 1667 2789 1779 2791 1716 2800 1668 2789 1779 2800 1668 3786 1563 2787 1717 2785 1780 3786 1563 2786 1718 2787 1717 2788 1669 2780 1671 2786 1718 2778 1619 3089 1719 3090 1781 2780 1671 3072 1622 3087 1720 3089 1719 3070 1623 3085 1721 3087 1720 3068 1624 3083 1722 3085 1721 3066 1625 3081 1723 3083 1722 3064 1626 3079 1724 3081 1723 3062 1627 3077 1725 3079 1724 3060 1628 3075 1726 3077 1725 3058 1629 3073 1727 3075 1726 3056 1672 2715 1782 3073 1727 3055 1673 3054 1783 3056 1672 3029 1630 2700 1728 3055 1673 3027 1674 2698 1784 2700 1728 3026 1631 3025 1729 3027 1674 1287 1730 1285 1676 1284 1677 1244 1731 1287 1730 1467 1572 7412 1785 1244 1731 1245 1678 7412 1785 1245 1678 7413 1732 7413 1732 1246 1634 7410 1733 1243 1635 7409 1734 7410 1733 1242 1680 7408 1786 7409 1734 1241 1681 7408 1786 1242 1680 1240 1735 7406 1787 1241 1681 1470 1636 1239 1788 1240 1735 1470 1636 1238 1736 1239 1788 1471 1682 1237 1789 1238 1736 1500 1737 1516 1790 1471 1682 1492 1683 1499 1684 1500 1737 1499 1684 1514 1738 1515 1791 1498 1638 1513 1739 1514 1738 1497 1639 1511 1740 1513 1739 1509 1685 1510 1792 1511 1740 1507 1686 1508 1793 1509 1685 1505 1687 1506 1794 1507 1686 1503 1688 1504 1795 1505 1687 1407 1741 1502 1796 1503 1688 1408 1797 1407 1741 1411 1641 1410 1742 1408 1797 1411 1641 1410 1742 1575 1643 1409 1798 1357 1799 1575 1643 1348 1743 1576 1644 1349 1800 1348 1743 1352 1744 1351 1801 1576 1644 1347 1745 1352 1744 1567 1645 1566 1689 1299 1802 1347 1745 1564 1746 1299 1802 1566 1689 1564 1746 1563 1690 1376 1747 1367 1803 1376 1747 1369 1691 1368 1748 1367 1803 1369 1691 1368 1748 1570 1692 1366 1804 1570 1692 1522 1647 1571 1805 1528 1806 1522 1647 1523 1749 1977 1807 1523 1749 1521 1693 1521 1693 1531 1750 1977 1807 1520 1584 1530 1752 1531 1750 1529 1751 1530 1752 1520 1584 1975 1586 1530 1752 1529 1751 1977 1807 1530 1752 1978 1694 1996 1808 1978 1694 1993 1753 1988 1695 1993 1753 1976 1587 1987 1754 1992 1809 1988 1695 1984 1810 1987 1754 1974 1649 1980 1755 1984 1810 1974 1649 1972 1696 1970 1757 1980 1755 7445 1756 7446 1811 1972 1696 1970 1757 7444 1812 1971 1589 1959 1758 1970 1757 1967 1650 1959 1758 1969 1697 1961 1813 1969 1697 2655 1698 1961 1813 1961 1813 2655 1698 1960 1759 1960 1759 2656 1652 1958 1760 1962 1814 1958 1760 2649 1699 2657 1761 1962 1814 2649 1699 2693 1700 2648 1815 2657 1761 2693 1700 2671 1701 2658 1816 2267 1817 2671 1701 2265 1702 2265 1702 2266 1762 2267 1817 2341 1763 2266 1762 2342 1703 2316 1704 2340 1818 2341 1763 2316 1704 2315 1764 2309 1819 2315 1764 3289 1656 3290 1765 3383 1820 3290 1765 3381 1705 3381 1705 3380 1706 3382 1821 3380 1706 3340 1766 3382 1821 3340 1766 3341 1707 3342 1822 3341 1707 3353 1708 3343 1823 3343 1823 3353 1708 3354 1767 3308 1824 3354 1767 3310 1660 3313 1768 3314 1825 3310 1660 593 1769 3313 1768 3364 1661 592 1826 593 1769 594 1709 594 1709 606 1770 607 1827 598 1662 605 1828 606 1770 4192 1829 598 1662 4035 1771 4034 1830 4035 1771 613 1710 646 1710 647 1710 454 1613 7460 1614 2907 1711 2906 1772 7460 1614 2906 1772 2905 1712 2913 1773 7459 1831 2905 1712 2904 1664 2912 1774 2913 1773 2911 1713 2910 1832 2912 1774 2914 1775 2918 1833 2911 1713 2914 1775 3190 1666 2915 1776 2915 1776 3191 1714 2920 1834 3191 1714 3175 1715 2920 1834 3127 1777 2925 1835 3175 1715 3113 1778 3127 1777 3114 1667 2794 1836 3113 1778 2791 1716 2789 1779 2790 1837 2791 1716 3786 1563 2790 1837 2789 1779 3786 1563 2785 1780 2783 1838 2786 1718 2785 1780 2787 1717 2780 1671 3090 1781 2786 1718 3089 1719 3088 1839 3090 1781 3087 1720 3088 1839 3089 1719 3085 1721 3086 1840 3087 1720 3083 1722 3084 1841 3085 1721 3081 1723 3082 1842 3083 1722 3079 1724 3080 1843 3081 1723 3077 1725 3078 1844 3079 1724 3075 1726 3076 1845 3077 1725 3073 1727 3074 1846 3075 1726 2715 1782 2718 1847 3073 1727 3054 1783 2715 1782 3056 1672 2700 1728 3054 1783 3055 1673 2698 1784 2699 1848 2700 1728 3025 1729 2698 1784 3027 1674 1286 1849 1285 1676 1287 1730 1248 1850 1287 1730 1244 1731 7411 1851 1244 1731 7412 1785 1241 1681 7407 1852 7408 1786 7406 1787 7407 1852 1241 1681 1240 1735 7405 1853 7406 1787 1239 1788 7405 1853 1240 1735 1238 1736 7405 1853 1239 1788 1237 1789 721 1854 1238 1736 1236 1855 1237 1789 1471 1682 1471 1682 1516 1790 1383 1856 1500 1737 1515 1791 1516 1790 1499 1684 1515 1791 1500 1737 1514 1738 1378 1857 1515 1791 1513 1739 1379 1858 1514 1738 1511 1740 1512 1859 1513 1739 1511 1740 1510 1792 1512 1859 1509 1685 1508 1793 1510 1792 1507 1686 1506 1794 1508 1793 1505 1687 1504 1795 1506 1794 1503 1688 1502 1796 1504 1795 1407 1741 1404 1860 1502 1796 1408 1797 1305 1861 1407 1741 1409 1798 1408 1797 1410 1742 1307 1862 1409 1798 1575 1643 1307 1862 1575 1643 1357 1799 1357 1799 1348 1743 1323 1863 1348 1743 1349 1800 1350 1864 1576 1644 1351 1801 1349 1800 1301 1865 1351 1801 1352 1744 1301 1865 1352 1744 1347 1745 1299 1802 1301 1865 1347 1745 1564 1746 1300 1866 1299 1802 1376 1747 1300 1866 1564 1746 1367 1803 1353 1867 1376 1747 1366 1804 1367 1803 1368 1748 1366 1804 1570 1692 1571 1805 1571 1805 1522 1647 1568 1868 1568 1868 1522 1647 1528 1806 1528 1806 1523 1749 1526 1869 1977 1807 1526 1869 1523 1749 1977 1807 1531 1750 1530 1752 1995 1870 1977 1807 1978 1694 1995 1870 1978 1694 1996 1808 1996 1808 1993 1753 1997 1871 1988 1695 1992 1809 1993 1753 1987 1754 1991 1872 1992 1809 1984 1810 1986 1873 1987 1754 1981 1874 1984 1810 1980 1755 1980 1755 1970 1757 1979 1875 1972 1696 7442 1876 1970 1757 1972 1696 7446 1811 7447 1877 1970 1757 7443 1878 7444 1812 1959 1758 1979 1875 1970 1757 1960 1759 1959 1758 1961 1813 1958 1760 1959 1758 1960 1759 1958 1760 1962 1814 1959 1758 2648 1815 1962 1814 2657 1761 2658 1816 2648 1815 2693 1700 2658 1816 2671 1701 2670 1879 2267 1817 2670 1879 2671 1701 2267 1817 2266 1762 2268 1880 2341 1763 2268 1880 2266 1762 2340 1818 2268 1880 2341 1763 2309 1819 2340 1818 2316 1704 2309 1819 2315 1764 2317 1881 2315 1764 3290 1765 2317 1881 3383 1820 3292 1882 3290 1765 3381 1705 3382 1821 3383 1820 3382 1821 3340 1766 3342 1822 3342 1822 3341 1707 3343 1823 3343 1823 3354 1767 3345 1883 3308 1824 3345 1883 3354 1767 3310 1660 3311 1884 3308 1824 3310 1660 3314 1825 3315 1885 3544 1886 3314 1825 3313 1768 592 1826 3313 1768 593 1769 594 1709 607 1827 592 1826 3623 1887 607 1827 606 1770 605 1828 3623 1887 606 1770 600 1888 605 1828 598 1662 4192 1829 4191 1889 598 1662 4032 1890 4192 1829 4035 1771 4035 1771 4034 1830 4032 1890 613 1710 4225 1710 4034 1830 641 1710 646 1710 454 1613 2905 1712 7459 1831 7460 1614 2913 1773 2912 1774 7459 1831 7459 1831 2912 1774 2910 1832 2909 1891 2910 1832 2911 1713 2911 1713 2918 1833 2919 1892 2914 1775 2917 1893 2918 1833 2914 1775 2915 1776 2916 1894 2920 1834 2921 1895 2915 1776 2920 1834 3175 1715 2925 1835 2931 1896 2925 1835 3127 1777 3113 1778 3126 1897 3127 1777 2794 1836 3112 1898 3113 1778 2795 1899 2794 1836 2791 1716 2791 1716 2790 1837 2792 1900 3786 1563 2792 1900 2790 1837 2783 1838 2782 1901 3786 1563 2784 1902 2783 1838 2785 1780 2784 1902 2785 1780 2786 1718 3090 1781 3109 1903 2786 1718 3088 1839 3107 1904 3090 1781 3087 1720 3086 1840 3088 1839 3085 1721 3084 1841 3086 1840 3083 1722 3082 1842 3084 1841 3081 1723 3080 1843 3082 1842 3079 1724 3078 1844 3080 1843 3077 1725 3076 1845 3078 1844 3075 1726 3074 1846 3076 1845 3073 1727 2718 1847 3074 1846 2715 1782 2716 1905 2718 1847 3054 1783 2713 1906 2715 1782 2700 1728 3053 1907 3054 1783 2699 1848 3053 1907 2700 1728 1286 1849 1167 1908 1285 1676 1248 1850 1286 1849 1287 1730 1244 1731 7415 1909 1248 1850 7411 1851 7414 1910 1244 1731 1238 1736 721 1854 7405 1853 1237 1789 722 1911 721 1854 1236 1855 722 1911 1237 1789 1471 1682 1383 1856 1236 1855 1516 1790 1501 1912 1383 1856 1515 1791 1501 1912 1516 1790 1515 1791 1378 1857 1501 1912 1514 1738 1379 1858 1378 1857 1513 1739 1512 1859 1379 1858 1510 1792 1395 1913 1512 1859 1508 1793 1396 1914 1510 1792 1506 1794 1397 1915 1508 1793 1504 1795 1398 1916 1506 1794 1502 1796 1399 1917 1504 1795 1404 1860 1400 1918 1502 1796 1406 1919 1404 1860 1407 1741 1305 1861 1322 1920 1407 1741 1306 1921 1305 1861 1408 1797 1408 1797 1409 1798 1306 1921 1306 1921 1409 1798 1307 1862 1357 1799 1323 1863 1307 1862 1323 1863 1348 1743 1350 1864 1350 1864 1349 1800 1351 1801 1350 1864 1351 1801 1301 1865 1299 1802 1300 1866 1301 1865 1376 1747 1353 1867 1300 1866 1302 1922 1353 1867 1367 1803 1366 1804 1365 1923 1367 1803 1366 1804 1571 1805 1364 1924 1571 1805 1568 1868 1370 1925 1568 1868 1528 1806 1370 1925 1526 1869 1527 1926 1528 1806 1524 1927 1526 1869 1977 1807 1994 1928 1977 1807 1995 1870 1996 1808 1900 1929 1995 1870 1997 1871 1903 1930 1996 1808 1997 1871 1993 1753 1992 1809 1998 1931 1992 1809 1991 1872 1986 1873 1991 1872 1987 1754 1983 1932 1986 1873 1984 1810 1981 1874 1983 1932 1984 1810 1980 1755 1979 1875 1981 1874 7441 1933 1970 1757 7442 1876 7447 1877 7442 1876 1972 1696 7440 1934 7443 1878 1970 1757 1937 1935 1979 1875 1959 1758 1959 1758 1962 1814 1963 1936 2648 1815 1963 1936 1962 1814 2658 1816 1951 1937 2648 1815 2658 1816 2670 1879 2659 1938 2269 1939 2670 1879 2267 1817 2267 1817 2268 1880 2269 1939 2340 1818 2271 1940 2268 1880 2309 1819 2339 1941 2340 1818 2309 1819 2317 1881 2310 1942 3290 1765 2310 1942 2317 1881 3292 1882 2310 1942 3290 1765 3370 1943 3292 1882 3383 1820 3383 1820 3382 1821 3384 1944 3382 1821 3342 1822 3384 1944 3342 1822 3343 1823 3344 1945 3344 1945 3343 1823 3345 1883 3306 1946 3345 1883 3308 1824 3308 1824 3311 1884 3312 1947 3310 1660 3315 1885 3311 1884 3544 1886 3315 1885 3314 1825 592 1826 3544 1886 3313 1768 592 1826 607 1827 3542 1948 3623 1887 3542 1948 607 1827 605 1828 3622 1949 3623 1887 600 1888 3622 1949 605 1828 598 1662 599 1950 600 1888 4190 1951 598 1662 4191 1889 7244 1952 4191 1889 4192 1829 7244 1952 4192 1829 4032 1890 4034 1830 4033 1953 4032 1890 4225 1710 4224 1710 4034 1830 640 1710 641 1710 454 1613 7459 1831 2910 1832 2909 1891 2911 1713 2919 1892 2909 1891 7459 1831 2919 1892 2918 1833 7458 1954 2918 1833 2917 1893 2916 1894 2917 1893 2914 1775 2915 1776 2922 1955 2916 1894 2915 1776 2921 1895 2922 1955 2920 1834 2929 1956 2921 1895 2920 1834 2925 1835 2927 1957 2931 1896 2923 1958 2925 1835 3127 1777 2933 1959 2931 1896 3126 1897 2933 1959 3127 1777 3112 1898 3126 1897 3113 1778 3111 1960 3112 1898 2794 1836 2793 1961 2794 1836 2795 1899 2795 1899 2791 1716 2796 1962 2796 1962 2791 1716 2792 1900 2796 1962 2792 1900 3786 1563 3786 1563 2782 1901 2799 1963 2782 1901 2783 1838 2784 1902 2786 1718 3111 1960 2784 1902 2786 1718 3109 1903 3111 1960 3090 1781 3107 1904 3109 1903 3088 1839 3105 1964 3107 1904 3086 1840 3105 1964 3088 1839 3084 1841 3103 1965 3086 1840 3082 1842 3101 1966 3084 1841 3080 1843 3099 1967 3082 1842 3078 1844 3097 1968 3080 1843 3076 1845 3095 1969 3078 1844 3074 1846 3093 1970 3076 1845 2718 1847 3092 1971 3074 1846 2716 1905 2717 1972 2718 1847 2714 1973 2716 1905 2715 1782 2713 1906 2714 1973 2715 1782 3053 1907 2713 1906 3054 1783 1168 1974 1167 1908 1286 1849 1168 1974 1286 1849 1248 1850 1248 1850 7415 1909 7416 1975 1244 1731 7414 1910 7415 1909 721 1854 722 1911 723 1976 1236 1855 717 1977 722 1911 1236 1855 1383 1856 1235 1978 1472 1979 1383 1856 1501 1912 1501 1912 1378 1857 1472 1979 1377 1980 1378 1857 1379 1858 1512 1859 1393 1981 1379 1858 1512 1859 1395 1913 1393 1981 1510 1792 1396 1914 1395 1913 1508 1793 1397 1915 1396 1914 1506 1794 1398 1916 1397 1915 1504 1795 1399 1917 1398 1916 1502 1796 1400 1918 1399 1917 1404 1860 1392 1982 1400 1918 1406 1919 1330 1983 1404 1860 1407 1741 1322 1920 1406 1919 1307 1862 1322 1920 1305 1861 1305 1861 1306 1921 1307 1862 1307 1862 1323 1863 1322 1920 1323 1863 1350 1864 1325 1984 1301 1865 1360 1985 1350 1864 1300 1866 1355 1986 1301 1865 1300 1866 1353 1867 1355 1986 1302 1922 1354 1987 1353 1867 1302 1922 1367 1803 1303 1988 1303 1988 1367 1803 1365 1923 1364 1924 1365 1923 1366 1804 1364 1924 1571 1805 1370 1925 1370 1925 1528 1806 1527 1926 1526 1869 1525 1989 1527 1926 1524 1927 1525 1989 1526 1869 1977 1807 1573 1990 1524 1927 1994 1928 1572 1991 1977 1807 1995 1870 1898 1992 1994 1928 1995 1870 1900 1929 1898 1992 1996 1808 1903 1930 1900 1929 1997 1871 1906 1993 1903 1930 1997 1871 1992 1809 1998 1931 1998 1931 1991 1872 1999 1994 1986 1873 1990 1995 1991 1872 1983 1932 1985 1996 1986 1873 1982 1997 1983 1932 1981 1874 1981 1874 1979 1875 1935 1998 7440 1934 1970 1757 7441 1933 1937 1935 1935 1998 1979 1875 1959 1758 1939 1999 1937 1935 1959 1758 1963 1936 1964 2000 1964 2000 1963 1936 2648 1815 1951 1937 1964 2000 2648 1815 1952 2001 1951 1937 2658 1816 1953 2002 2658 1816 2659 1938 2659 1938 2670 1879 2669 2003 2269 1939 2669 2003 2670 1879 2269 1939 2268 1880 2270 2004 2270 2004 2268 1880 2271 1940 2339 1941 2271 1940 2340 1818 2311 2005 2339 1941 2309 1819 2309 1819 2310 1942 2311 2005 3292 1882 2313 2006 2310 1942 3370 1943 3291 2007 3292 1882 3383 1820 3384 1944 3370 1943 3384 1944 3342 1822 3344 1945 3344 1945 3345 1883 3346 2008 3306 1946 3346 2008 3345 1883 3307 2009 3306 1946 3308 1824 3308 1824 3312 1947 3309 2010 3544 1886 3312 1947 3311 1884 3311 1884 3315 1885 3544 1886 3542 1948 3544 1886 592 1826 3626 2011 3542 1948 3623 1887 3622 1949 3627 2012 3623 1887 599 1950 3622 1949 600 1888 598 1662 636 2013 599 1950 4190 1951 4197 2014 598 1662 4190 1951 4191 1889 7244 1952 7245 2015 7244 1952 4032 1890 4033 1953 4031 2016 4032 1890 4224 1710 4219 1710 4034 1830 639 1710 640 1710 454 1613 2909 1891 2919 1892 7459 1831 7459 1831 2918 1833 7458 1954 7458 1954 2917 1893 2916 1894 7458 1954 2916 1894 2922 1955 2922 1955 2921 1895 7458 1954 7458 1954 2921 1895 2929 1956 2920 1834 2928 2017 2929 1956 2927 1957 2928 2017 2920 1834 2927 1957 2925 1835 2926 2018 2923 1958 2924 2019 2925 1835 2930 2020 2923 1958 2931 1896 2932 2021 2931 1896 2933 1959 3126 1897 2935 2022 2933 1959 3112 1898 3125 2023 3126 1897 3111 1960 3110 2024 3112 1898 2784 1902 3111 1960 2794 1836 2793 1961 2797 2025 2794 1836 3786 1563 2793 1961 2795 1899 3786 1563 2795 1899 2796 1962 3786 1563 2799 1963 2798 2026 2782 1901 2794 1836 2799 1963 2784 1902 2794 1836 2782 1901 3109 1903 3110 2024 3111 1960 3107 1904 3108 2027 3109 1903 3105 1964 3106 2028 3107 1904 3086 1840 3103 1965 3105 1964 3084 1841 3101 1966 3103 1965 3082 1842 3099 1967 3101 1966 3080 1843 3097 1968 3099 1967 3078 1844 3095 1969 3097 1968 3076 1845 3093 1970 3095 1969 3074 1846 3092 1971 3093 1970 2718 1847 3091 2029 3092 1971 2717 1972 3091 2029 2718 1847 1167 1908 1168 1974 7378 2030 1248 1850 7416 1975 1168 1974 723 1976 834 2031 721 1854 723 1976 722 1911 717 1977 1235 1978 717 1977 1236 1855 1234 2032 1235 1978 1383 1856 1472 1979 1233 2033 1383 1856 1472 1979 1378 1857 1377 1980 1379 1858 1394 2034 1377 1980 1379 1858 1393 1981 1394 2034 1266 2035 1393 1981 1395 1913 1396 1914 1263 2036 1395 1913 1397 1915 1259 2037 1396 1914 1398 1916 1272 2038 1397 1915 1399 1917 1275 2039 1398 1916 1400 1918 1267 2040 1399 1917 1392 1982 1277 2041 1400 1918 1405 2042 1392 1982 1404 1860 1330 1983 1329 2043 1404 1860 1327 2044 1330 1983 1406 1919 1406 1919 1322 1920 1324 2045 1322 1920 1323 1863 1324 2045 1324 2045 1323 1863 1325 1984 1325 1984 1350 1864 1360 1985 1301 1865 1355 1986 1360 1985 1353 1867 1354 1987 1355 1986 1304 2046 1354 1987 1302 1922 1302 1922 1303 1988 1304 2046 1303 1988 1365 1923 1372 2047 1372 2047 1365 1923 1364 1924 1372 2047 1364 1924 1370 1925 1370 1925 1527 1926 1371 2048 1371 2048 1527 1926 1525 1989 1525 1989 1524 1927 1573 1990 1977 1807 1574 2049 1573 1990 1572 1991 1574 2049 1977 1807 1362 2050 1572 1991 1994 1928 1994 1928 1898 1992 1623 2051 1899 2052 1898 1992 1900 1929 1902 2053 1900 1929 1903 1930 1905 2054 1903 1930 1906 1993 1998 1931 1906 1993 1997 1871 1999 1994 1909 2055 1998 1931 1999 1994 1991 1872 1990 1995 1985 1996 1990 1995 1986 1873 1896 2056 1985 1996 1983 1932 1982 1997 1896 2056 1983 1932 1981 1874 1935 1998 1982 1997 1933 2057 1935 1998 1937 1935 1937 1935 1939 1999 1941 2058 1959 1758 1951 1937 1939 1999 1964 2000 1951 1937 1959 1758 1951 1937 1952 2001 1939 1999 1952 2001 2658 1816 1953 2002 1953 2002 2659 1938 1954 2059 2659 1938 2669 2003 2660 2060 2270 2004 2669 2003 2269 1939 2270 2004 2271 1940 2272 2061 2339 1941 2272 2061 2271 1940 2311 2005 2344 2062 2339 1941 2311 2005 2310 1942 2312 2063 2312 2063 2310 1942 2313 2006 3291 2007 2313 2006 3292 1882 3294 2064 3291 2007 3370 1943 3370 1943 3384 1944 3385 2065 3384 1944 3344 1945 3385 2065 3385 2065 3344 1945 3346 2008 3302 2066 3346 2008 3306 1946 3305 2067 3306 1946 3307 2009 3307 2009 3308 1824 3309 2010 3543 2068 3309 2010 3312 1947 3543 2068 3312 1947 3544 1886 3542 1948 3552 2069 3544 1886 3626 2011 3662 2070 3542 1948 3623 1887 3628 2071 3626 2011 3623 1887 3627 2012 3628 2071 3714 2072 3627 2012 3622 1949 599 1950 3714 2072 3622 1949 636 2013 3714 2072 599 1950 598 1662 635 2073 636 2013 4196 2074 598 1662 4197 2014 4197 2014 4190 1951 7244 1952 7245 2015 7261 2075 7244 1952 4028 2076 7245 2015 4032 1890 4032 1890 4031 2016 4028 2076 4219 1710 4218 1710 4034 1830 454 1613 645 1710 639 1710 7458 1954 2929 1956 7457 2077 7457 2077 2929 1956 2928 2017 7457 2077 2928 2017 2927 1957 7457 2077 2927 1957 2926 2018 2925 1835 2924 2019 2926 2018 7457 2077 2924 2019 2923 1958 7456 2078 2923 1958 2930 2020 2930 2020 2931 1896 2932 2021 2932 2021 2933 1959 2934 2079 2935 2022 2936 2080 2933 1959 3125 2023 2935 2022 3126 1897 3110 2024 3125 2023 3112 1898 2794 1836 2797 2025 2798 2026 2797 2025 2793 1961 3786 1563 3786 1563 2798 2026 2797 2025 2794 1836 2798 2026 2799 1963 3109 1903 3108 2027 3110 2024 3107 1904 3106 2028 3108 2027 3105 1964 3104 2081 3106 2028 3103 1965 3104 2081 3105 1964 3101 1966 3102 2082 3103 1965 3099 1967 3100 2083 3101 1966 3097 1968 3098 2084 3099 1967 3095 1969 3096 2085 3097 1968 3093 1970 3094 2086 3095 1969 3092 1971 2712 2087 3093 1970 3091 2029 2710 2088 3092 1971 1168 1974 7417 2089 7378 2030 1168 1974 7416 1975 7417 2089 723 1976 731 2090 834 2031 717 1977 719 2091 723 1976 1235 1978 718 2092 717 1977 1234 2032 718 2092 1235 1978 1234 2032 1383 1856 1233 2033 1232 2093 1233 2033 1472 1979 1472 1979 1377 1980 1230 2094 1377 1980 1394 2034 1250 2095 1393 1981 1258 2096 1394 2034 1255 2097 1393 1981 1266 2035 1266 2035 1395 1913 1265 2098 1395 1913 1263 2036 1264 2099 1396 1914 1262 2100 1263 2036 1396 1914 1259 2037 1260 2101 1397 1915 1269 2102 1259 2037 1397 1915 1272 2038 1271 2103 1398 1916 1273 2104 1272 2038 1398 1916 1275 2039 1274 2105 1399 1917 1276 2106 1275 2039 1399 1917 1267 2040 1268 2107 1400 1918 1280 2108 1267 2040 1400 1918 1277 2041 1278 2109 1392 1982 1281 2110 1277 2041 1405 2042 1331 2111 1392 1982 1404 1860 1335 2112 1405 2042 1404 1860 1329 2043 1335 2112 1325 1984 1329 2043 1330 1983 1325 1984 1330 1983 1327 2044 1406 1919 1326 2113 1327 2044 1406 1919 1324 2045 1326 2113 1324 2045 1325 1984 1326 2113 1325 1984 1360 1985 1328 2114 1355 1986 1359 2115 1360 1985 1355 1986 1354 1987 1356 2116 1304 2046 1356 2116 1354 1987 1310 2117 1304 2046 1303 1988 1372 2047 1374 2118 1303 1988 1370 1925 1371 2048 1372 2047 1371 2048 1525 1989 1373 2119 1525 1989 1573 1990 1361 2120 1361 2120 1573 1990 1574 2049 1361 2120 1574 2049 1572 1991 1572 1991 1362 2050 1361 2120 1994 1928 1623 2051 1362 2050 1898 1992 1624 2121 1623 2051 1897 2122 1898 1992 1899 2052 1899 2052 1900 1929 1901 2123 1901 2123 1900 1929 1902 2053 1902 2053 1903 1930 1904 2124 1904 2124 1903 1930 1905 2054 1905 2054 1906 1993 1907 2125 1998 1931 1909 2055 1906 1993 1999 1994 1912 2126 1909 2055 1999 1994 1990 1995 2000 2127 1985 1996 1989 2128 1990 1995 1896 2056 1931 2129 1985 1996 1894 2130 1896 2056 1982 1997 1982 1997 1935 1998 1936 2131 1933 2057 1934 2132 1935 1998 1937 1935 1938 2133 1933 2057 1937 1935 1941 2058 1938 2133 1939 1999 1940 2134 1941 2058 1939 1999 1952 2001 1953 2002 1953 2002 1954 2059 1939 1999 1954 2059 2659 1938 2660 2060 2660 2060 2669 2003 2668 2135 2270 2004 2668 2135 2669 2003 2270 2004 2272 2061 2273 2136 2344 2062 2272 2061 2339 1941 2311 2005 2343 2137 2344 2062 2312 2063 2343 2137 2311 2005 2312 2063 2313 2006 2306 2138 3291 2007 2306 2138 2313 2006 3294 2064 2306 2138 3291 2007 3369 2139 3294 2064 3370 1943 3370 1943 3385 2065 3369 2139 3385 2065 3346 2008 3386 2140 3386 2140 3346 2008 3302 2066 3305 2067 3302 2066 3306 1946 3545 2141 3305 2067 3307 2009 3545 2141 3307 2009 3309 2010 3543 2068 3545 2141 3309 2010 3544 1886 3552 2069 3543 2068 3662 2070 3552 2069 3542 1948 3625 2142 3662 2070 3626 2011 3626 2011 3628 2071 3629 2143 3714 2072 3628 2071 3627 2012 635 2073 3714 2072 636 2013 622 2144 635 2073 598 1662 4196 2074 4195 2145 598 1662 7243 2146 4196 2074 4197 2014 7244 1952 7243 2146 4197 2014 7261 2075 7243 2146 7244 1952 7262 2147 7261 2075 7245 2015 7246 2148 7245 2015 4028 2076 4031 2016 4030 2149 4028 2076 4218 1710 4217 1710 4034 1830 644 1710 645 1710 454 1613 2926 2018 2924 2019 7457 2077 7457 2077 2923 1958 7456 2078 7456 2078 2930 2020 2932 2021 2932 2021 2934 2079 7456 2078 2933 1959 2939 2150 2934 2079 2933 1959 2936 2080 2937 2151 2935 2022 2944 2152 2936 2080 3125 2023 2942 2153 2935 2022 3110 2024 3124 2154 3125 2023 3108 2027 3124 2154 3110 2024 3106 2028 3123 2155 3108 2027 3104 2081 3122 2156 3106 2028 3103 1965 3102 2082 3104 2081 3101 1966 3100 2083 3102 2082 3099 1967 3098 2084 3100 2083 3097 1968 3096 2085 3098 2084 3095 1969 3094 2086 3096 2085 3093 1970 2712 2087 3094 2086 3092 1971 2710 2088 2712 2087 833 2157 731 2090 723 1976 723 1976 719 2091 835 2158 717 1977 718 2092 719 2091 1234 2032 720 2159 718 2092 1233 2033 7404 2160 1234 2032 1232 2093 713 2161 1233 2033 1472 1979 1231 2162 1232 2093 1230 2094 1231 2162 1472 1979 1230 2094 1377 1980 1251 2163 1377 1980 1250 2095 1253 2164 1394 2034 1249 2165 1250 2095 1394 2034 1258 2096 1257 2166 1393 1981 1254 2167 1258 2096 1255 2097 1254 2167 1393 1981 1266 2035 698 2168 1255 2097 1265 2098 699 2169 1266 2035 1395 1913 1264 2099 1265 2098 1263 2036 688 2170 1264 2099 1262 2100 689 2171 1263 2036 1261 2172 1262 2100 1396 1914 1396 1914 1260 2101 1261 2172 1259 2037 693 2173 1260 2101 7418 2174 1259 2037 1269 2102 1270 2175 1269 2102 1397 1915 1397 1915 1271 2103 1270 2175 687 2176 1271 2103 1272 2038 677 2177 1272 2038 1273 2104 1398 1916 1274 2105 1273 2104 680 2178 1274 2105 1275 2039 674 2179 1275 2039 1276 2106 1399 1917 1268 2107 1276 2106 1267 2040 675 2180 1268 2107 1280 2108 672 2181 1267 2040 1279 2182 1280 2108 1400 1918 1400 1918 1278 2109 1279 2182 1277 2041 668 2183 1278 2109 1277 2041 1281 2110 667 2184 1282 2185 1281 2110 1392 1982 1401 2186 1392 1982 1331 2111 1332 2187 1331 2111 1405 2042 1405 2042 1335 2112 1334 2188 1328 2114 1335 2112 1329 2043 1328 2114 1329 2043 1325 1984 1326 2113 1325 1984 1327 2044 1328 2114 1360 1985 1359 2115 1355 1986 1358 2189 1359 2115 1356 2116 1358 2189 1355 1986 1346 2190 1356 2116 1304 2046 1309 2191 1304 2046 1310 2117 1310 2117 1303 1988 1316 2192 1303 1988 1374 2118 1375 2193 1372 2047 1363 2194 1374 2118 1372 2047 1371 2048 1373 2119 1373 2119 1525 1989 1361 2120 1361 2120 1362 2050 1363 2194 1362 2050 1623 2051 1363 2194 1363 2194 1623 2051 1624 2121 1898 1992 1625 2195 1624 2121 1897 2122 1625 2195 1898 1992 2003 2196 1897 2122 1899 2052 2004 2197 1899 2052 1901 2123 2006 2198 1901 2123 1902 2053 2007 2199 1902 2053 1904 2124 2009 2200 1904 2124 1905 2054 2010 2201 1905 2054 1907 2125 1907 2125 1906 1993 1908 2202 1908 2202 1906 1993 1909 2055 1911 2203 1909 2055 1912 2126 2000 2127 1912 2126 1999 1994 2000 2127 1990 1995 1989 2128 1931 2129 1989 2128 1985 1996 1895 2204 1931 2129 1896 2056 1894 2130 1895 2204 1896 2056 1982 1997 1936 2131 1894 2130 1935 1998 1934 2132 1936 2131 1933 2057 2390 2205 1934 2132 1938 2133 2394 2206 1933 2057 1941 2058 2366 2207 1938 2133 1940 2134 2400 2208 1941 2058 1942 2209 1940 2134 1939 1999 1939 1999 1954 2059 1955 2210 1954 2059 2660 2060 1955 2210 2660 2060 2668 2135 2661 2211 2270 2004 2667 2212 2668 2135 2273 2136 2667 2212 2270 2004 2272 2061 2277 2213 2273 2136 2344 2062 2276 2214 2272 2061 2343 2137 2354 2215 2344 2062 2312 2063 2305 2216 2343 2137 2306 2138 2305 2216 2312 2063 2307 2217 2306 2138 3294 2064 3369 2139 3293 2218 3294 2064 3369 2139 3385 2065 3386 2140 3386 2140 3302 2066 3298 2219 3300 2220 3302 2066 3305 2067 3300 2220 3305 2067 3545 2141 3555 2221 3545 2141 3543 2068 3543 2068 3552 2069 3553 2222 3662 2070 3550 2223 3552 2069 3625 2142 3661 2224 3662 2070 3624 2225 3625 2142 3626 2011 3626 2011 3629 2143 3624 2225 3705 2226 3629 2143 3628 2071 3705 2226 3628 2071 3714 2072 3706 2227 3714 2072 635 2073 635 2073 622 2144 3706 2227 598 1662 621 2228 622 2144 598 1662 4195 2145 4189 2229 4195 2145 4196 2074 7243 2146 7261 2075 7268 2230 7243 2146 7262 2147 7269 2231 7261 2075 7246 2148 7262 2147 7245 2015 4026 2232 7246 2148 4028 2076 4030 2149 4029 2233 4028 2076 4217 1710 4223 1710 4034 1830 643 1710 644 1710 454 1613 7456 2078 2934 2079 2939 2150 2933 1959 2938 2234 2939 2150 2937 2151 2938 2234 2933 1959 2937 2151 2936 2080 7455 2235 2936 2080 2944 2152 7455 2235 2935 2022 2943 2236 2944 2152 2942 2153 2943 2236 2935 2022 3124 2154 2942 2153 3125 2023 3108 2027 3123 2155 3124 2154 3106 2028 3122 2156 3123 2155 3104 2081 3121 2237 3122 2156 3102 2082 3121 2237 3104 2081 3100 2083 3120 2238 3102 2082 3098 2084 3119 2239 3100 2083 3096 2085 3118 2240 3098 2084 3094 2086 3117 2241 3096 2085 2712 2087 3116 2242 3094 2086 2710 2088 2711 2243 2712 2087 833 2157 726 2244 731 2090 723 1976 835 2158 833 2157 719 2091 838 2245 835 2158 719 2091 718 2092 720 2159 7404 2160 720 2159 1234 2032 1233 2033 713 2161 7404 2160 1232 2093 715 2246 713 2161 1231 2162 715 2246 1232 2093 1230 2094 716 2247 1231 2162 1230 2094 1251 2163 709 2248 1252 2249 1251 2163 1377 1980 1252 2249 1377 1980 1253 2164 711 2250 1253 2164 1250 2095 1249 2165 708 2251 1250 2095 1394 2034 1256 2252 1249 2165 1257 2166 1256 2252 1394 2034 705 2253 1257 2166 1258 2096 705 2253 1258 2096 1254 2167 701 2254 1254 2167 1255 2097 1255 2097 698 2168 697 2255 1266 2035 699 2169 698 2168 1265 2098 696 2256 699 2169 1264 2099 696 2256 1265 2098 1264 2099 688 2170 696 2256 1263 2036 689 2171 688 2170 1262 2100 691 2257 689 2171 1261 2172 691 2257 1262 2100 1260 2101 692 2258 1261 2172 1260 2101 693 2173 692 2258 1259 2037 685 2259 693 2173 685 2259 1259 2037 7418 2174 7418 2174 1269 2102 7419 2260 7419 2260 1269 2102 1270 2175 686 2261 1270 2175 1271 2103 686 2261 1271 2103 687 2176 687 2176 1272 2038 677 2177 677 2177 1273 2104 678 2262 678 2262 1273 2104 1274 2105 678 2262 1274 2105 680 2178 680 2178 1275 2039 674 2179 674 2179 1276 2106 1268 2107 1268 2107 675 2180 674 2179 1267 2040 676 2263 675 2180 1267 2040 672 2181 676 2263 1280 2108 673 2264 672 2181 1279 2182 673 2264 1280 2108 1278 2109 670 2265 1279 2182 1278 2109 668 2183 670 2265 667 2184 668 2183 1277 2041 667 2184 1281 2110 1282 2185 7420 2266 1282 2185 1392 1982 663 2267 1392 1982 1401 2186 1401 2186 1331 2111 1338 2268 1331 2111 1332 2187 1333 2269 1405 2042 1334 2188 1332 2187 1328 2114 1334 2188 1335 2112 1328 2114 1359 2115 1333 2269 1333 2269 1359 2115 1358 2189 1346 2190 1358 2189 1356 2116 1309 2191 1346 2190 1304 2046 1308 2270 1309 2191 1310 2117 1316 2192 1320 2271 1310 2117 1316 2192 1303 1988 1345 2272 1303 1988 1375 2193 1344 2273 1374 2118 1624 2121 1375 2193 1363 2194 1624 2121 1374 2118 1361 2120 1363 2194 1372 2047 1372 2047 1373 2119 1361 2120 1624 2121 1625 2195 1375 2193 2097 2274 1625 2195 1897 2122 2097 2274 1897 2122 2003 2196 2003 2196 1899 2052 2004 2197 2004 2197 1901 2123 2006 2198 2006 2198 1902 2053 2007 2199 2007 2199 1904 2124 2009 2200 2009 2200 1905 2054 2010 2201 2010 2201 1907 2125 2012 2275 2012 2275 1907 2125 1908 2202 1908 2202 1909 2055 1910 2276 1910 2276 1909 2055 1911 2203 1911 2203 1912 2126 1913 2277 2000 2127 1915 2278 1912 2126 2000 2127 1989 2128 2001 2279 1931 2129 1927 2280 1989 2128 1895 2204 1930 2281 1931 2129 1894 2130 2368 2282 1895 2204 1936 2131 2392 2283 1894 2130 1934 2132 2391 2284 1936 2131 1934 2132 2390 2205 2391 2284 1933 2057 2389 2285 2390 2205 1933 2057 2394 2206 2395 2286 1938 2133 2366 2207 2394 2206 2365 2287 2366 2207 1941 2058 1941 2058 2400 2208 2401 2288 1940 2134 2399 2289 2400 2208 1944 2290 1940 2134 1942 2209 1942 2209 1939 1999 1957 2291 1939 1999 1955 2210 1956 2292 1955 2210 2660 2060 2661 2211 2661 2211 2668 2135 2667 2212 2277 2213 2667 2212 2273 2136 2276 2214 2277 2213 2272 2061 2280 2293 2276 2214 2344 2062 2344 2062 2354 2215 2353 2294 2343 2137 2355 2295 2354 2215 2305 2216 2355 2295 2343 2137 2305 2216 2306 2138 2307 2217 3293 2218 2307 2217 3294 2064 3368 2296 3293 2218 3369 2139 3369 2139 3386 2140 3368 2296 3368 2296 3386 2140 3298 2219 3298 2219 3302 2066 3304 2297 3300 2220 3301 2298 3302 2066 3301 2298 3300 2220 3545 2141 3555 2221 3554 2299 3545 2141 3543 2068 3553 2222 3555 2221 3552 2069 3551 2300 3553 2222 3550 2223 3551 2300 3552 2069 3661 2224 3550 2223 3662 2070 3633 2301 3661 2224 3625 2142 3624 2225 3644 2302 3625 2142 3624 2225 3629 2143 3705 2226 3706 2227 3705 2226 3714 2072 621 2228 3706 2227 622 2144 598 1662 620 2303 621 2228 4189 2229 4188 2304 598 1662 7242 2305 4189 2229 4195 2145 7243 2146 7242 2305 4195 2145 7268 2230 7242 2305 7243 2146 7269 2231 7268 2230 7261 2075 7270 2306 7269 2231 7262 2147 7263 2307 7262 2147 7246 2148 4023 2308 7246 2148 4026 2232 4028 2076 4027 2309 4026 2232 4028 2076 4029 2233 4027 2309 4223 1710 4222 1710 4034 1830 642 1710 643 1710 454 1613 7456 2078 2939 2150 7455 2235 7455 2235 2939 2150 2938 2234 7455 2235 2938 2234 2937 2151 7455 2235 2944 2152 2943 2236 2942 2153 2941 2310 2943 2236 3124 2154 2946 2311 2942 2153 3123 2155 2946 2311 3124 2154 3122 2156 2948 2312 3123 2155 3121 2237 2953 2313 3122 2156 3102 2082 3120 2238 3121 2237 3100 2083 3119 2239 3120 2238 3098 2084 3118 2240 3119 2239 3096 2085 3117 2241 3118 2240 3094 2086 3116 2242 3117 2241 2712 2087 3115 2314 3116 2242 2711 2243 3115 2314 2712 2087 726 2244 730 2315 731 2090 832 2316 726 2244 833 2157 833 2157 835 2158 836 2317 835 2158 838 2245 839 2318 719 2091 837 2319 838 2245 720 2159 837 2319 719 2091 713 2161 715 2246 714 2320 1231 2162 716 2247 715 2246 709 2248 716 2247 1230 2094 709 2248 1251 2163 1252 2249 710 2321 1252 2249 1253 2164 710 2321 1253 2164 711 2250 711 2250 1250 2095 707 2322 707 2322 1250 2095 708 2251 850 2323 708 2251 1249 2165 702 2324 1249 2165 1256 2252 703 2325 1256 2252 1257 2166 703 2325 1257 2166 705 2253 705 2253 1254 2167 701 2254 1255 2097 697 2255 701 2254 697 2255 698 2168 695 2326 695 2326 698 2168 699 2169 695 2326 699 2169 696 2256 695 2326 696 2256 688 2170 688 2170 689 2171 690 2327 690 2327 689 2171 691 2257 1261 2172 692 2258 691 2257 693 2173 694 2328 692 2258 685 2259 684 2329 693 2173 7419 2260 1270 2175 686 2261 683 2330 686 2261 687 2176 683 2330 687 2176 677 2177 677 2177 678 2262 679 2331 679 2331 678 2262 680 2178 679 2331 680 2178 674 2179 674 2179 675 2180 671 2332 671 2332 675 2180 676 2263 671 2332 676 2263 672 2181 671 2332 672 2181 673 2264 1279 2182 670 2265 673 2264 669 2333 670 2265 668 2183 667 2184 666 2334 668 2183 667 2184 1282 2185 665 2335 665 2335 1282 2185 7420 2266 1401 2186 1192 2336 663 2267 1401 2186 1338 2268 1337 2337 1333 2269 1338 2268 1331 2111 1333 2269 1332 2187 1334 2188 1333 2269 1334 2188 1328 2114 1333 2269 1358 2189 1346 2190 1340 2338 1346 2190 1309 2191 1308 2270 1342 2339 1309 2191 1310 2117 1178 2340 1308 2270 1310 2117 1320 2271 1321 2341 1316 2192 1319 2342 1320 2271 1316 2192 1345 2272 1317 2343 1303 1988 1344 2273 1345 2272 1375 2193 1591 2344 1344 2273 1375 2193 1625 2195 1591 2344 1591 2344 1625 2195 2097 2274 2003 2196 2096 2345 2097 2274 2003 2196 2004 2197 2005 2346 2006 2198 2005 2346 2004 2197 2006 2198 2007 2199 2008 2347 2009 2200 2008 2347 2007 2199 2009 2200 2010 2201 2011 2348 2012 2275 2011 2348 2010 2201 2012 2275 1908 2202 2013 2349 2013 2349 1908 2202 1910 2276 2015 2350 1910 2276 1911 2203 2016 2351 1911 2203 1913 2277 1913 2277 1912 2126 1914 2352 1914 2352 1912 2126 1915 2278 2001 2279 1915 2278 2000 2127 2001 2279 1989 2128 1927 2280 1928 2353 1927 2280 1931 2129 1931 2129 1930 2281 1932 2354 1895 2204 2386 2355 1930 2281 1895 2204 2368 2282 2386 2355 2367 2356 2368 2282 1894 2130 1894 2130 2392 2283 2393 2357 1936 2131 2391 2284 2392 2283 2391 2284 2390 2205 3413 2358 3413 2358 2390 2205 2389 2285 2388 2359 2389 2285 1933 2057 1933 2057 2395 2286 2388 2359 3412 2360 2395 2286 2394 2206 3412 2360 2394 2206 2366 2207 2365 2287 3412 2360 2366 2207 1941 2058 2401 2288 2365 2287 3411 2361 2401 2288 2400 2208 3410 2362 2400 2208 2399 2289 1944 2290 2399 2289 1940 2134 1942 2209 1943 2363 1944 2290 1957 2291 2647 2364 1942 2209 1957 2291 1939 1999 1956 2292 1955 2210 2661 2211 1956 2292 2661 2211 2667 2212 2662 2365 2277 2213 2666 2366 2667 2212 2276 2214 2275 2367 2277 2213 2280 2293 2274 2368 2276 2214 2344 2062 2353 2294 2280 2293 2346 2369 2353 2294 2354 2215 2347 2370 2354 2215 2355 2295 2305 2216 2348 2371 2355 2295 2305 2216 2307 2217 2308 2372 3293 2218 2308 2372 2307 2217 3368 2296 3279 2373 3293 2218 3368 2296 3298 2219 3295 2374 3298 2219 3304 2297 3299 2375 3302 2066 3303 2376 3304 2297 3302 2066 3301 2298 3303 2376 3546 2377 3301 2298 3545 2141 3546 2377 3545 2141 3554 2299 3556 2378 3554 2299 3555 2221 3555 2221 3553 2222 3556 2378 3551 2300 3564 2379 3553 2222 3661 2224 3551 2300 3550 2223 3633 2301 3660 2380 3661 2224 3625 2142 3645 2381 3633 2301 3625 2142 3644 2302 3645 2381 3644 2302 3624 2225 3705 2226 3742 2382 3705 2226 3706 2227 3707 2383 3706 2227 621 2228 621 2228 620 2303 3707 2383 616 2384 620 2303 598 1662 4188 2304 4187 2385 598 1662 4188 2304 4189 2229 7242 2305 7268 2230 7260 2386 7242 2305 7269 2231 7259 2387 7268 2230 7270 2306 7258 2388 7269 2231 7263 2307 7270 2306 7262 2147 7247 2389 7263 2307 7246 2148 7247 2389 7246 2148 4023 2308 4026 2232 4025 2390 4023 2308 4027 2309 4025 2390 4026 2232 4222 1710 4221 1710 4034 1830 657 1710 642 1710 454 1613 7455 2235 2943 2236 7453 2391 7453 2391 2943 2236 2941 2310 2940 2392 2941 2310 2942 2153 2945 2393 2942 2153 2946 2311 3123 2155 2948 2312 2946 2311 3122 2156 2953 2313 2948 2312 3121 2237 2956 2394 2953 2313 3120 2238 2956 2394 3121 2237 3119 2239 2961 2395 3120 2238 3118 2240 2963 2396 3119 2239 3117 2241 2968 2397 3118 2240 3116 2242 2709 2398 3117 2241 3115 2314 2707 2399 3116 2242 726 2244 729 2400 730 2315 832 2316 743 2401 726 2244 833 2157 836 2317 832 2316 835 2158 839 2318 836 2317 838 2245 843 2402 839 2318 837 2319 842 2403 838 2245 720 2159 714 2320 837 2319 712 2404 713 2161 714 2320 714 2320 715 2246 716 2247 714 2320 716 2247 709 2248 709 2248 1252 2249 710 2321 706 2405 710 2321 711 2250 706 2405 711 2250 707 2322 706 2405 707 2322 708 2251 704 2406 708 2251 850 2323 850 2323 1249 2165 702 2324 702 2324 1256 2252 703 2325 704 2406 703 2325 705 2253 701 2254 700 2407 705 2253 700 2407 701 2254 697 2255 697 2255 695 2326 700 2407 688 2170 690 2327 695 2326 690 2327 691 2257 692 2258 692 2258 694 2328 690 2327 693 2173 684 2329 694 2328 684 2329 685 2259 681 2408 682 2409 686 2261 683 2330 674 2179 671 2332 679 2331 673 2264 669 2333 671 2332 670 2265 669 2333 673 2264 668 2183 666 2334 669 2333 665 2335 666 2334 667 2184 664 2410 663 2267 1192 2336 1402 2411 1192 2336 1401 2186 1391 2412 1401 2186 1337 2337 1336 2413 1337 2337 1338 2268 1333 2269 1336 2413 1338 2268 1346 2190 1336 2413 1333 2269 1340 2338 1341 2414 1346 2190 1309 2191 1339 2415 1340 2338 1309 2191 1342 2339 1343 2416 1308 2270 1311 2417 1342 2339 1308 2270 1178 2340 1177 2418 1310 2117 1180 2419 1178 2340 1310 2117 1321 2341 1312 2420 1320 2271 1062 2421 1321 2341 1319 2342 1062 2421 1320 2271 1313 2422 1319 2342 1316 2192 1316 2192 1317 2343 1313 2422 1591 2344 1317 2343 1345 2272 1344 2273 1591 2344 1345 2272 2097 2274 1590 2423 1591 2344 2096 2345 1590 2423 2097 2274 2005 2346 2096 2345 2003 2196 2008 2347 2005 2346 2006 2198 2011 2348 2008 2347 2009 2200 2014 2424 2011 2348 2012 2275 2012 2275 2013 2349 2014 2424 2013 2349 1910 2276 2015 2350 2015 2350 1911 2203 2016 2351 2016 2351 1913 2277 2018 2425 2018 2425 1913 2277 1914 2352 1914 2352 1915 2278 1916 2426 2001 2279 1918 2427 1915 2278 2001 2279 1927 2280 2002 2428 1927 2280 1928 2353 1929 2429 1931 2129 1932 2354 1928 2353 2383 2430 1932 2354 1930 2281 1930 2281 2386 2355 2387 2431 3416 2432 2386 2355 2368 2282 2367 2356 3416 2432 2368 2282 1894 2130 2393 2357 2367 2356 2392 2283 3415 2433 2393 2357 2391 2284 3413 2358 2392 2283 3413 2358 2389 2285 3414 2434 2389 2285 2388 2359 3414 2434 2388 2359 2395 2286 3412 2360 2365 2287 3411 2361 3412 2360 2401 2288 3411 2361 2365 2287 3410 2362 3411 2361 2400 2208 2399 2289 2398 2435 3410 2362 1944 2290 2398 2435 2399 2289 1944 2290 1943 2363 1945 2436 1942 2209 2647 2364 1943 2363 1957 2291 2662 2365 2647 2364 1956 2292 2662 2365 1957 2291 1956 2292 2661 2211 2662 2365 2662 2365 2667 2212 2666 2366 2665 2437 2666 2366 2277 2213 2665 2437 2277 2213 2275 2367 2274 2368 2275 2367 2276 2214 2279 2438 2274 2368 2280 2293 2280 2293 2353 2294 2352 2439 2345 2440 2353 2294 2346 2369 2346 2369 2354 2215 2347 2370 2347 2370 2355 2295 2348 2371 2308 2372 2348 2371 2305 2216 2298 2441 2308 2372 3293 2218 2299 2442 3293 2218 3279 2373 3295 2374 3279 2373 3368 2296 3295 2374 3298 2219 3296 2443 3298 2219 3299 2375 3296 2443 3304 2297 3547 2444 3299 2375 3304 2297 3303 2376 3546 2377 3303 2376 3301 2298 3546 2377 3554 2299 3579 2445 3546 2377 3556 2378 3575 2446 3554 2299 3553 2222 3565 2447 3556 2378 3553 2222 3564 2379 3565 2447 3660 2380 3564 2379 3551 2300 3660 2380 3551 2300 3661 2224 3631 2448 3660 2380 3633 2301 3633 2301 3645 2381 3646 2449 3644 2302 3705 2226 3645 2381 3742 2382 3715 2450 3705 2226 3707 2383 3742 2382 3706 2227 616 2384 3707 2383 620 2303 598 1662 615 2451 616 2384 598 1662 4187 2385 4174 2452 4188 2304 7241 2453 4187 2385 7242 2305 7241 2453 4188 2304 7260 2386 7241 2453 7242 2305 7259 2387 7260 2386 7268 2230 7258 2388 7259 2387 7269 2231 7257 2454 7258 2388 7270 2306 7271 2455 7270 2306 7263 2307 7264 2456 7263 2307 7247 2389 4021 2457 7247 2389 4023 2308 4025 2390 4024 2458 4023 2308 4221 1710 4220 1710 4034 1830 650 1710 657 1710 454 1613 7453 2391 2941 2310 2940 2392 2940 2392 2942 2153 2945 2393 2945 2393 2946 2311 2947 2459 2948 2312 2949 2460 2946 2311 2953 2313 2954 2461 2948 2312 2956 2394 2958 2462 2953 2313 3120 2238 2961 2395 2956 2394 3119 2239 2963 2396 2961 2395 3118 2240 2968 2397 2963 2396 3117 2241 2709 2398 2968 2397 3116 2242 2707 2399 2709 2398 725 2463 729 2400 726 2244 727 2464 726 2244 743 2401 746 2465 743 2401 832 2316 832 2316 836 2317 750 2466 836 2317 839 2318 840 2467 839 2318 843 2402 844 2468 838 2245 842 2403 843 2402 837 2319 841 2469 842 2403 714 2320 841 2469 837 2319 712 2404 714 2320 720 2159 709 2248 706 2405 714 2320 709 2248 710 2321 706 2405 849 2470 706 2405 708 2251 849 2470 708 2251 704 2406 704 2406 850 2323 702 2324 702 2324 703 2325 704 2406 705 2253 700 2407 704 2406 700 2407 695 2326 857 2471 695 2326 690 2327 863 2472 690 2327 694 2328 869 2473 684 2329 876 2474 694 2328 681 2408 682 2409 683 2330 679 2331 671 2332 892 2475 671 2332 669 2333 900 2476 669 2333 666 2334 827 2477 665 2335 664 2410 666 2334 663 2267 664 2410 665 2335 664 2410 1192 2336 829 2478 1403 2479 1192 2336 1402 2411 1402 2411 1401 2186 1391 2412 1391 2412 1337 2337 1341 2414 1337 2337 1336 2413 1341 2414 1346 2190 1341 2414 1336 2413 1340 2338 1391 2412 1341 2414 1402 2411 1340 2338 1339 2415 1309 2191 1343 2416 1339 2415 1342 2339 1402 2411 1343 2416 1311 2417 1402 2411 1342 2339 1225 2480 1311 2417 1308 2270 1308 2270 1177 2418 1183 2481 1177 2418 1178 2340 1179 2482 1180 2419 1182 2483 1178 2340 1181 2484 1180 2419 1310 2117 1310 2117 1312 2420 1181 2484 1321 2341 1064 2485 1312 2420 1321 2341 1062 2421 1064 2485 1319 2342 1318 2486 1062 2421 1313 2422 1318 2486 1319 2342 1591 2344 1313 2422 1317 2343 1590 2423 1056 2487 1591 2344 2096 2345 1589 2488 1590 2423 2005 2346 2100 2489 2096 2345 2008 2347 2257 2490 2005 2346 2011 2348 2237 2491 2008 2347 2014 2424 2217 2492 2011 2348 2015 2350 2014 2424 2013 2349 2015 2350 2016 2351 2017 2493 2018 2425 2017 2493 2016 2351 2018 2425 1914 2352 2019 2494 2019 2494 1914 2352 1916 2426 1916 2426 1915 2278 1917 2495 1917 2495 1915 2278 1918 2427 2002 2428 1918 2427 2001 2279 2002 2428 1927 2280 1929 2429 1929 2429 1928 2353 2379 2496 2379 2496 1928 2353 1932 2354 2379 2496 1932 2354 2383 2430 2383 2430 1930 2281 2384 2497 1930 2281 2387 2431 2385 2498 3416 2432 2387 2431 2386 2355 2367 2356 3415 2433 3416 2432 2393 2357 3415 2433 2367 2356 2392 2283 3413 2358 3415 2433 3399 2499 3413 2358 3414 2434 3414 2434 2388 2359 3412 2360 3498 2500 3412 2360 3411 2361 3497 2501 3411 2361 3410 2362 3410 2362 2398 2435 2397 2502 2397 2502 2398 2435 1944 2290 1945 2436 2396 2503 1944 2290 1945 2436 1943 2363 1946 2504 1946 2504 1943 2363 2647 2364 2662 2365 2666 2366 2647 2364 2647 2364 2666 2366 2665 2437 2665 2437 2275 2367 2274 2368 2279 2438 2663 2505 2274 2368 2278 2506 2279 2438 2280 2293 2280 2293 2352 2439 2349 2507 2345 2440 2352 2439 2353 2294 2294 2508 2345 2440 2346 2369 2296 2509 2346 2369 2347 2370 2300 2510 2347 2370 2348 2371 2298 2441 2348 2371 2308 2372 2298 2441 3293 2218 2299 2442 2299 2442 3279 2373 2301 2511 3295 2374 3296 2443 3279 2373 3299 2375 3547 2444 3296 2443 3546 2377 3547 2444 3304 2297 3546 2377 3579 2445 3547 2444 3554 2299 3578 2512 3579 2445 3575 2446 3578 2512 3554 2299 3567 2513 3575 2446 3556 2378 3556 2378 3565 2447 3566 2514 3564 2379 3557 2515 3565 2447 3659 2516 3564 2379 3660 2380 3631 2448 3659 2516 3660 2380 3632 2517 3631 2448 3633 2301 3633 2301 3646 2449 3632 2517 3645 2381 3715 2450 3646 2449 3645 2381 3705 2226 3715 2450 3741 2518 3715 2450 3742 2382 3750 2519 3742 2382 3707 2383 3713 2520 3707 2383 616 2384 616 2384 615 2451 3713 2520 598 1662 633 2521 615 2451 4174 2452 4185 2522 598 1662 4187 2385 6941 2523 4174 2452 7241 2453 6941 2523 4187 2385 7260 2386 6943 2524 7241 2453 7259 2387 6973 2525 7260 2386 7258 2388 6971 2526 7259 2387 7257 2454 6969 2527 7258 2388 7271 2455 7257 2454 7270 2306 7264 2456 7271 2455 7263 2307 7248 2528 7264 2456 7247 2389 4019 2529 7247 2389 4021 2457 4023 2308 4022 2530 4021 2457 4023 2308 4024 2458 4022 2530 4220 1710 4235 1710 4034 1830 454 1613 654 1710 650 1710 2940 2392 2945 2393 7453 2391 7453 2391 2945 2393 2947 2459 2946 2311 2950 2531 2947 2459 2946 2311 2949 2460 2950 2531 2948 2312 2955 2532 2949 2460 2948 2312 2954 2461 2955 2532 2953 2313 2952 2533 2954 2461 2953 2313 2958 2462 2959 2534 2956 2394 2957 2535 2958 2462 2960 2536 2956 2394 2961 2395 2963 2396 2964 2537 2961 2395 2968 2397 2969 2538 2963 2396 2709 2398 2734 2539 2968 2397 2707 2399 2708 2540 2709 2398 724 2541 725 2463 726 2244 724 2541 726 2244 727 2464 727 2464 743 2401 659 2542 746 2465 741 2543 743 2401 832 2316 750 2466 746 2465 836 2317 840 2467 750 2466 839 2318 844 2468 840 2467 845 2544 844 2468 843 2402 846 2545 843 2402 842 2403 847 2546 842 2403 841 2469 714 2320 706 2405 841 2469 848 2547 706 2405 849 2470 704 2406 851 2548 849 2470 704 2406 700 2407 851 2548 700 2407 857 2471 851 2548 695 2326 863 2472 857 2471 690 2327 869 2473 863 2472 694 2328 877 2549 869 2473 694 2328 876 2474 877 2549 684 2329 683 2330 876 2474 679 2331 892 2475 884 2550 671 2332 900 2476 892 2475 669 2333 827 2477 900 2476 666 2334 830 2551 827 2477 664 2410 829 2478 666 2334 829 2478 1192 2336 1190 2552 1403 2479 1193 2553 1192 2336 1402 2411 1191 2554 1403 2479 1391 2412 1340 2338 1402 2411 1402 2411 1339 2415 1343 2416 1311 2417 1186 2555 1402 2411 1225 2480 1184 2556 1311 2417 1183 2481 1225 2480 1308 2270 1177 2418 1179 2482 1183 2481 1178 2340 1182 2483 1179 2482 1180 2419 1181 2484 1182 2483 1312 2420 1182 2483 1181 2484 1312 2420 1064 2485 1182 2483 1062 2421 1063 2557 1064 2485 1062 2421 1318 2486 1060 2558 1315 2559 1318 2486 1313 2422 1314 2560 1313 2422 1591 2344 1591 2344 1056 2487 1061 2561 1590 2423 1057 2562 1056 2487 1589 2488 1057 2562 1590 2423 2096 2345 1592 2563 1589 2488 2100 2489 1592 2563 2096 2345 2257 2490 2100 2489 2005 2346 2237 2491 2257 2490 2008 2347 2217 2492 2237 2491 2011 2348 2197 2564 2217 2492 2014 2424 2017 2493 2014 2424 2015 2350 2020 2565 2017 2493 2018 2425 2018 2425 2019 2494 2020 2565 2019 2494 1916 2426 2021 2566 2021 2566 1916 2426 1917 2495 1917 2495 1918 2427 1919 2567 2002 2428 1921 2568 1918 2427 2002 2428 1929 2429 1926 2569 2379 2496 2380 2570 1929 2429 3417 2571 2379 2496 2383 2430 2383 2430 2384 2497 3417 2571 2384 2497 1930 2281 2385 2498 3417 2571 2385 2498 2387 2431 3417 2571 2387 2431 3416 2432 3467 2572 3416 2432 3415 2433 3499 2573 3415 2433 3413 2358 3499 2573 3413 2358 3399 2499 3399 2499 3414 2434 3397 2574 3414 2434 3412 2360 3498 2500 3497 2501 3498 2500 3411 2361 3495 2575 3497 2501 3410 2362 3409 2576 3410 2362 2397 2502 1944 2290 2396 2503 2397 2502 1945 2436 1950 2577 2396 2503 1945 2436 1946 2504 1947 2578 1946 2504 2647 2364 1947 2578 2647 2364 2665 2437 2663 2505 2663 2505 2665 2437 2274 2368 2279 2438 2664 2579 2663 2505 2279 2438 2278 2506 2281 2580 2280 2293 2349 2507 2278 2506 2349 2507 2352 2439 2288 2581 2292 2582 2352 2439 2345 2440 2292 2582 2345 2440 2294 2508 2294 2508 2346 2369 2296 2509 2296 2509 2347 2370 2300 2510 2300 2510 2348 2371 2298 2441 2298 2441 2299 2442 2300 2510 2300 2510 2299 2442 2301 2511 2301 2511 3279 2373 3278 2583 3279 2373 3296 2443 3297 2584 3296 2443 3547 2444 3549 2585 3547 2444 3579 2445 3581 2586 3578 2512 3541 2587 3579 2445 3575 2446 3577 2588 3578 2512 3567 2513 3574 2589 3575 2446 3556 2378 3566 2514 3567 2513 3565 2447 3559 2590 3566 2514 3565 2447 3557 2515 3559 2590 3659 2516 3557 2515 3564 2379 3658 2591 3659 2516 3631 2448 3630 2592 3631 2448 3632 2517 3715 2450 3632 2517 3646 2449 3741 2518 3716 2593 3715 2450 3750 2519 3741 2518 3742 2382 3713 2520 3750 2519 3707 2383 3713 2520 615 2451 634 2594 615 2451 633 2521 630 2595 633 2521 598 1662 3711 2596 4185 2522 4184 2597 598 1662 4186 2598 4185 2522 4174 2452 6941 2523 4173 2599 4174 2452 7241 2453 6942 2600 6941 2523 6943 2524 6942 2600 7241 2453 6944 2601 6943 2524 7260 2386 6973 2525 6944 2601 7260 2386 6972 2602 6973 2525 7259 2387 6971 2526 6972 2602 7259 2387 6970 2603 6971 2526 7258 2388 6969 2527 6970 2603 7258 2388 6968 2604 6969 2527 7257 2454 7256 2605 7257 2454 7271 2455 7272 2606 7271 2455 7264 2456 7265 2607 7264 2456 7248 2528 7248 2528 7247 2389 4019 2529 4021 2457 4020 2608 4019 2529 4022 2530 4020 2608 4021 2457 4235 1710 4228 1710 4034 1830 653 1710 654 1710 454 1613 7453 2391 2947 2459 2950 2531 7453 2391 2950 2531 2949 2460 2949 2460 2955 2532 7453 2391 7453 2391 2955 2532 2954 2461 7454 2609 2954 2461 2952 2533 2951 2610 2952 2533 2953 2313 2953 2313 2959 2534 2951 2610 7454 2609 2959 2534 2958 2462 7468 2611 2958 2462 2957 2535 2957 2535 2956 2394 2960 2536 2960 2536 2961 2395 2962 2612 2961 2395 2964 2537 2965 2612 2963 2396 2970 2613 2964 2537 2963 2396 2969 2538 2970 2613 2968 2397 2967 2614 2969 2538 2968 2397 2734 2539 2971 2615 2733 2616 2734 2539 2709 2398 2972 2617 2709 2398 2708 2540 727 2464 728 2618 724 2541 659 2542 658 2619 727 2464 659 2542 743 2401 745 2620 741 2543 742 2621 743 2401 748 2622 741 2543 746 2465 746 2465 750 2466 749 2623 750 2466 840 2467 756 2624 840 2467 844 2468 760 2625 762 2626 844 2468 845 2544 845 2544 843 2402 846 2545 846 2545 842 2403 847 2546 847 2546 841 2469 848 2547 848 2547 841 2469 706 2405 849 2470 852 2627 848 2547 849 2470 851 2548 852 2627 851 2548 857 2471 858 2628 857 2471 863 2472 864 2629 863 2472 869 2473 870 2630 869 2473 877 2549 878 2631 876 2474 885 2632 877 2549 683 2330 884 2550 876 2474 683 2330 679 2331 884 2550 884 2550 892 2475 893 2633 892 2475 900 2476 901 2634 900 2476 827 2477 825 2635 827 2477 830 2551 831 2636 666 2334 829 2478 830 2551 829 2478 1190 2552 830 2551 1194 2637 1193 2553 1403 2479 1403 2479 1191 2554 1194 2637 1402 2411 1189 2638 1191 2554 1186 2555 1188 2639 1402 2411 1184 2556 1186 2555 1311 2417 1184 2556 1225 2480 1185 2640 1225 2480 1183 2481 1226 2641 1226 2641 1183 2481 1179 2482 1179 2482 1182 2483 1222 2642 1221 2643 1182 2483 1064 2485 1064 2485 1063 2557 1065 2644 1062 2421 1058 2645 1063 2557 1060 2558 1058 2645 1062 2421 1060 2558 1318 2486 1315 2559 1313 2422 1314 2560 1315 2559 1591 2344 1061 2561 1314 2560 1060 2558 1061 2561 1056 2487 1056 2487 1057 2562 1058 2645 1589 2488 1059 2646 1057 2562 1592 2563 1053 2647 1589 2488 2100 2489 1596 2648 1592 2563 2257 2490 2099 2649 2100 2489 2237 2491 2256 2650 2257 2490 2217 2492 2236 2651 2237 2491 2197 2564 2216 2652 2217 2492 2017 2493 2197 2564 2014 2424 2020 2565 2177 2653 2017 2493 2021 2566 2020 2565 2019 2494 2021 2566 1917 2495 2022 2654 2022 2654 1917 2495 1919 2567 1919 2567 1918 2427 1920 2655 1920 2655 1918 2427 1921 2568 1926 2569 1921 2568 2002 2428 1929 2429 2374 2656 1926 2569 2380 2570 2381 2657 1929 2429 2380 2570 2379 2496 3418 2658 3418 2658 2379 2496 3417 2571 3417 2571 2384 2497 2385 2498 3466 2659 3417 2571 3416 2432 3466 2659 3416 2432 3467 2572 3467 2572 3415 2433 3468 2660 3468 2660 3415 2433 3499 2573 3480 2661 3499 2573 3399 2499 3397 2574 3398 2662 3399 2499 3397 2574 3414 2434 3498 2500 3397 2574 3498 2500 3497 2501 3400 2663 3497 2501 3495 2575 3495 2575 3410 2362 3409 2576 3409 2576 2397 2502 2396 2503 2396 2503 1950 2577 2402 2664 1945 2436 1949 2665 1950 2577 1947 2578 1948 2666 1945 2436 1947 2578 2647 2364 2663 2505 1949 2665 2663 2505 2664 2579 2279 2438 2281 2580 2664 2579 2281 2580 2278 2506 2282 2667 2278 2506 2349 2507 2350 2668 2349 2507 2288 2581 2350 2668 2292 2582 2288 2581 2352 2439 2293 2669 2292 2582 2294 2508 2295 2670 2294 2508 2296 2509 2302 2671 2296 2509 2300 2510 2303 2672 2300 2510 2301 2511 2301 2511 3278 2583 2304 2673 3277 2674 3278 2583 3279 2373 3279 2373 3297 2584 3277 2674 3296 2443 3549 2585 3297 2584 3547 2444 3548 2675 3549 2585 3547 2444 3581 2586 3548 2675 3579 2445 3541 2587 3581 2586 3577 2588 3541 2587 3578 2512 3574 2589 3577 2588 3575 2446 3568 2676 3574 2589 3567 2513 3567 2513 3566 2514 3561 2677 3566 2514 3559 2590 3561 2677 3557 2515 3558 2678 3559 2590 3657 2679 3557 2515 3659 2516 3658 2591 3657 2679 3659 2516 3631 2448 3641 2680 3658 2591 3630 2592 3639 2681 3631 2448 3715 2450 3630 2592 3632 2517 3640 2682 3715 2450 3716 2593 3740 2683 3716 2593 3741 2518 3749 2684 3741 2518 3750 2519 3757 2685 3750 2519 3713 2520 632 2686 3713 2520 634 2594 615 2451 630 2595 634 2594 3711 2596 630 2595 633 2521 598 1662 4184 2597 4179 2687 4185 2522 7200 2688 4184 2597 4185 2522 4186 2598 7200 2688 4172 2689 4186 2598 4174 2452 4174 2452 4173 2599 4172 2689 6941 2523 6890 2690 4173 2599 6942 2600 6887 2691 6941 2523 6943 2524 6887 2691 6942 2600 6944 2601 6939 2692 6943 2524 6944 2601 6973 2525 6938 2693 6973 2525 6972 2602 6938 2693 6972 2602 6971 2526 6937 2694 6971 2526 6970 2603 6936 2695 6970 2603 6969 2527 6935 2696 6969 2527 6968 2604 6934 2697 6967 2698 6968 2604 7257 2454 7256 2605 6967 2698 7257 2454 7272 2606 7256 2605 7271 2455 7265 2607 7272 2606 7264 2456 7249 2699 7265 2607 7248 2528 4017 2700 7248 2528 4019 2529 4020 2608 4018 2701 4019 2529 4228 1710 4232 1710 4034 1830 652 1710 653 1710 454 1613 7453 2391 2954 2461 7454 2609 7454 2609 2952 2533 2951 2610 2951 2610 2959 2534 7454 2609 7454 2609 2958 2462 7468 2611 7468 2611 2957 2535 2960 2536 2960 2536 2962 2612 7468 2611 2961 2395 2965 2612 2962 2612 7468 2611 2965 2612 2964 2537 2970 2613 7466 2702 2964 2537 2970 2613 2969 2538 7466 2702 7466 2702 2969 2538 2967 2614 2966 2703 2967 2614 2968 2397 2968 2397 2971 2615 2966 2703 2734 2539 7465 2704 2971 2615 2733 2616 7465 2704 2734 2539 2733 2616 2709 2398 2972 2617 2972 2617 2708 2540 2973 2705 727 2464 662 2706 728 2618 727 2464 658 2619 662 2706 658 2619 659 2542 660 2707 659 2542 745 2620 660 2707 743 2401 744 2708 745 2620 743 2401 742 2621 744 2708 746 2465 747 2709 748 2622 746 2465 749 2623 747 2709 749 2623 750 2466 751 2710 750 2466 756 2624 752 2711 840 2467 760 2625 756 2624 762 2626 760 2625 844 2468 845 2544 856 2712 762 2626 846 2545 855 2713 845 2544 847 2546 854 2714 846 2545 848 2547 853 2715 847 2546 848 2547 852 2627 853 2715 851 2548 858 2628 852 2627 857 2471 864 2629 858 2628 863 2472 870 2630 864 2629 869 2473 878 2631 870 2630 877 2549 886 2716 878 2631 877 2549 885 2632 886 2716 876 2474 884 2550 885 2632 884 2550 893 2633 885 2632 892 2475 901 2634 893 2633 900 2476 825 2635 901 2634 826 2717 825 2635 827 2477 827 2477 831 2636 828 2718 830 2551 1228 2719 831 2636 1190 2552 1228 2719 830 2551 1190 2552 1193 2553 1194 2637 1190 2552 1194 2637 1191 2554 1189 2638 1190 2552 1191 2554 1188 2639 1189 2638 1402 2411 1186 2555 1187 2720 1188 2639 1184 2556 1185 2640 1186 2555 1185 2640 1225 2480 1226 2641 1226 2641 1179 2482 1227 2721 1179 2482 1222 2642 1224 2722 1182 2483 1221 2643 1222 2642 1064 2485 1066 2723 1221 2643 1064 2485 1065 2644 1066 2723 1063 2557 1126 2724 1065 2644 1058 2645 1125 2725 1063 2557 1060 2558 1056 2487 1058 2645 1060 2558 1315 2559 1314 2560 1060 2558 1314 2560 1061 2561 1058 2645 1057 2562 1059 2646 1589 2488 1053 2647 1059 2646 1592 2563 1049 2726 1053 2647 1596 2648 1050 2727 1592 2563 2099 2649 1596 2648 2100 2489 2256 2650 2099 2649 2257 2490 2236 2651 2256 2650 2237 2491 2216 2652 2236 2651 2217 2492 2196 2728 2216 2652 2197 2564 2177 2653 2197 2564 2017 2493 2157 2729 2177 2653 2020 2565 2023 2730 2020 2565 2021 2566 2021 2566 2022 2654 2023 2730 2022 2654 1919 2567 2024 2731 2024 2731 1919 2567 1920 2655 1920 2655 1921 2568 1922 2732 1925 2733 1921 2568 1926 2569 1926 2569 2374 2656 2375 2734 1929 2429 2382 2735 2374 2656 1929 2429 2381 2657 2382 2735 2380 2570 3418 2658 2381 2657 3418 2658 3417 2571 3466 2659 3486 2736 3466 2659 3467 2572 3484 2737 3467 2572 3468 2660 3482 2738 3468 2660 3499 2573 3482 2738 3499 2573 3480 2661 3480 2661 3399 2499 3478 2739 3478 2739 3399 2499 3398 2662 3398 2662 3397 2574 3400 2663 3400 2663 3397 2574 3497 2501 3494 2740 3400 2663 3495 2575 3496 2741 3495 2575 3409 2576 2396 2503 2403 2742 3409 2576 2396 2503 2402 2664 2403 2742 2664 2579 2402 2664 1950 2577 1949 2665 2664 2579 1950 2577 1945 2436 1948 2666 1949 2665 1947 2578 2663 2505 1948 2666 1948 2666 2663 2505 1949 2665 2283 2743 2664 2579 2281 2580 2281 2580 2282 2667 2283 2743 2278 2506 2350 2668 2282 2667 2350 2668 2288 2581 2289 2744 2286 2745 2288 2581 2292 2582 2290 2746 2292 2582 2293 2669 2293 2669 2294 2508 2295 2670 2295 2670 2296 2509 2297 2747 2297 2747 2296 2509 2302 2671 2302 2671 2300 2510 2303 2672 2303 2672 2301 2511 2304 2673 3462 2748 2304 2673 3278 2583 3277 2674 3537 2749 3278 2583 3297 2584 3548 2675 3277 2674 3297 2584 3549 2585 3548 2675 3548 2675 3581 2586 3538 2750 3581 2586 3541 2587 3540 2751 3577 2588 3539 2752 3541 2587 3574 2589 3576 2753 3577 2588 3568 2676 3571 2754 3574 2589 3567 2513 3561 2677 3568 2676 3559 2590 3560 2755 3561 2677 3559 2590 3558 2678 3560 2755 3657 2679 3558 2678 3557 2515 3656 2756 3657 2679 3658 2591 3658 2591 3641 2680 3637 2757 3631 2448 3639 2681 3641 2680 3639 2681 3630 2592 3715 2450 3639 2681 3715 2450 3640 2682 3716 2593 3642 2758 3640 2682 3740 2683 3717 2759 3716 2593 3749 2684 3740 2683 3741 2518 3757 2685 3749 2684 3750 2519 3708 2760 3757 2685 3713 2520 3708 2760 3713 2520 632 2686 634 2594 630 2595 632 2686 3711 2596 3710 2761 630 2595 4179 2687 4178 2762 598 1662 4184 2597 7199 2763 4179 2687 7200 2688 7199 2763 4184 2597 4186 2598 7119 2764 7200 2688 7119 2764 4186 2598 4172 2689 4173 2599 6890 2690 4172 2689 6887 2691 6890 2690 6941 2523 6943 2524 6940 2765 6887 2691 6939 2692 6940 2765 6943 2524 6938 2693 6939 2692 6944 2601 6938 2693 6972 2602 6937 2694 6937 2694 6971 2526 6936 2695 6936 2695 6970 2603 6935 2696 6935 2696 6969 2527 6934 2697 6934 2697 6968 2604 6933 2766 6968 2604 6967 2698 6933 2766 6932 2767 6967 2698 7256 2605 7255 2768 7256 2605 7272 2606 7273 2769 7272 2606 7265 2607 7266 2770 7265 2607 7249 2699 7249 2699 7248 2528 4014 2771 4014 2771 7248 2528 4017 2700 4019 2529 4018 2701 4017 2700 4232 1710 4231 1710 4034 1830 454 1613 651 1710 652 1710 7468 2611 2962 2612 2965 2612 2964 2537 7466 2702 7468 2611 7466 2702 2967 2614 2966 2703 2971 2615 7466 2702 2966 2703 2971 2615 7465 2704 7466 2702 2972 2617 7465 2704 2733 2616 2973 2705 7467 2772 2972 2617 658 2619 661 2773 662 2706 7393 2774 748 2622 747 2709 747 2709 749 2623 751 2710 751 2710 750 2466 752 2711 752 2711 756 2624 757 2775 756 2624 760 2625 761 2776 764 2777 760 2625 762 2626 762 2626 856 2712 768 2778 845 2544 855 2713 856 2712 846 2545 854 2714 855 2713 847 2546 853 2715 854 2714 852 2627 859 2779 853 2715 852 2627 858 2628 859 2779 858 2628 864 2629 865 2780 864 2629 870 2630 871 2781 870 2630 878 2631 879 2782 878 2631 886 2716 887 2783 885 2632 894 2784 886 2716 885 2632 893 2633 894 2784 893 2633 901 2634 902 2785 901 2634 825 2635 822 2786 824 2787 825 2635 826 2717 826 2717 827 2477 828 2718 831 2636 1228 2719 828 2718 1190 2552 1227 2721 1228 2719 7401 2788 1193 2553 1190 2552 1189 2638 1187 2720 1190 2552 1188 2639 1187 2720 1189 2638 1186 2555 1185 2640 1187 2720 1185 2640 1226 2641 1187 2720 1187 2720 1226 2641 1227 2721 1227 2721 1179 2482 1224 2722 1196 2789 1224 2722 1222 2642 1222 2642 1221 2643 1223 2790 1221 2643 1066 2723 1067 2791 1066 2723 1065 2644 1067 2791 1065 2644 1126 2724 1127 2792 1063 2557 1125 2725 1126 2724 1058 2645 1052 2793 1125 2725 1059 2646 1052 2793 1058 2645 1053 2647 1052 2793 1059 2646 1052 2793 1053 2647 1049 2726 1592 2563 1050 2727 1049 2726 1596 2648 1054 2794 1050 2727 2099 2649 1595 2795 1596 2648 2256 2650 2098 2796 2099 2649 2236 2651 2255 2797 2256 2650 2216 2652 2235 2798 2236 2651 2196 2728 2215 2799 2216 2652 2177 2653 2196 2728 2197 2564 2157 2729 2176 2800 2177 2653 2023 2730 2157 2729 2020 2565 2024 2731 2023 2730 2022 2654 2024 2731 1920 2655 2025 2801 2025 2801 1920 2655 1922 2732 1924 2802 1922 2732 1921 2568 1924 2802 1921 2568 1925 2733 1926 2569 2375 2734 1925 2733 3420 2803 2375 2734 2374 2656 2382 2735 3420 2803 2374 2656 2381 2657 3419 2804 2382 2735 2381 2657 3418 2658 3419 2804 3488 2805 3418 2658 3466 2659 3488 2805 3466 2659 3486 2736 3486 2736 3467 2572 3484 2737 3484 2737 3468 2660 3482 2738 3480 2661 3481 2806 3482 2738 3478 2739 3479 2807 3480 2661 3478 2739 3398 2662 3491 2808 3400 2663 3401 2809 3398 2662 3401 2809 3400 2663 3494 2740 3494 2740 3495 2575 3496 2741 3496 2741 3409 2576 3408 2810 3409 2576 2403 2742 2405 2811 2403 2742 2402 2664 2404 2812 2664 2579 2404 2812 2402 2664 2283 2743 2406 2813 2664 2579 2283 2743 2282 2667 2284 2814 2282 2667 2350 2668 2351 2815 2350 2668 2289 2744 2351 2815 2288 2581 2287 2816 2289 2744 2286 2745 2287 2816 2288 2581 2292 2582 2291 2817 2286 2745 2290 2746 2291 2817 2292 2582 2293 2669 3464 2818 2290 2746 2295 2670 3463 2819 2293 2669 2295 2670 2297 2747 3463 2819 2302 2671 3463 2819 2297 2747 2302 2671 2303 2672 3402 2820 3462 2748 2303 2672 2304 2673 3278 2583 3457 2821 3462 2748 3278 2583 3537 2749 3457 2821 3277 2674 3548 2675 3537 2749 3548 2675 3538 2750 3537 2749 3581 2586 3540 2751 3538 2750 3539 2752 3540 2751 3541 2587 3576 2753 3539 2752 3577 2588 3571 2754 3576 2753 3574 2589 3569 2822 3571 2754 3568 2676 3568 2676 3561 2677 3563 2823 3561 2677 3560 2755 3562 2824 3655 2825 3560 2755 3558 2678 3655 2825 3558 2678 3657 2679 3656 2756 3655 2825 3657 2679 3658 2591 3637 2757 3656 2756 3641 2680 3642 2758 3637 2757 3639 2681 3640 2682 3641 2680 3641 2680 3640 2682 3642 2758 3716 2593 3643 2826 3642 2758 3717 2759 3643 2826 3716 2593 3739 2827 3717 2759 3740 2683 3748 2828 3740 2683 3749 2684 3756 2829 3749 2684 3757 2685 3764 2830 3757 2685 3708 2760 632 2686 631 2831 3708 2760 630 2595 631 2831 632 2686 625 2832 630 2595 3710 2761 3735 2833 3710 2761 3711 2596 4178 2762 4214 2834 598 1662 4179 2687 7199 2763 4178 2762 7200 2688 7204 2835 7199 2763 7200 2688 7119 2764 7203 2836 4172 2689 7121 2837 7119 2764 6890 2690 7121 2837 4172 2689 6887 2691 6891 2838 6890 2690 6940 2765 6931 2839 6887 2691 6940 2765 6939 2692 6930 2840 6939 2692 6938 2693 6929 2841 6938 2693 6937 2694 6928 2842 6937 2694 6936 2695 6927 2843 6936 2695 6935 2696 6926 2844 6935 2696 6934 2697 6925 2845 6934 2697 6933 2766 6924 2846 6933 2766 6967 2698 6932 2767 6852 2847 6932 2767 7256 2605 7256 2605 7255 2768 6851 2848 7273 2769 7255 2768 7272 2606 7266 2770 7273 2769 7265 2607 7250 2849 7266 2770 7249 2699 4012 2850 7249 2699 4014 2771 4017 2700 4016 2851 4014 2771 4018 2701 4016 2851 4017 2700 4231 1710 4230 1710 4034 1830 649 1710 651 1710 454 1613 2972 2617 7467 2772 7465 2704 661 2773 740 2852 662 2706 7393 2774 747 2709 7385 2774 747 2709 751 2710 7385 2774 751 2710 752 2711 753 2853 752 2711 757 2775 753 2853 756 2624 755 2854 757 2775 756 2624 761 2776 754 2855 760 2625 759 2856 761 2776 764 2777 758 2857 760 2625 762 2626 763 2858 764 2777 762 2626 768 2778 763 2858 856 2712 773 2859 768 2778 855 2713 862 2860 856 2712 854 2714 861 2861 855 2713 853 2715 860 2862 854 2714 853 2715 859 2779 860 2862 858 2628 865 2780 859 2779 864 2629 871 2781 865 2780 870 2630 879 2782 871 2781 878 2631 887 2783 879 2782 886 2716 895 2863 887 2783 886 2716 894 2784 895 2863 893 2633 902 2785 894 2784 901 2634 822 2786 902 2785 824 2787 822 2786 825 2635 1195 2864 824 2787 826 2717 1195 2864 826 2717 828 2718 828 2718 1228 2719 1229 2865 1227 2721 1224 2722 1228 2719 1187 2720 1227 2721 1190 2552 7403 2866 1224 2722 1196 2789 1196 2789 1222 2642 1197 2867 1197 2867 1222 2642 1223 2790 1221 2643 1067 2791 1223 2790 1067 2791 1065 2644 1068 2868 1065 2644 1127 2792 1068 2868 1126 2724 1134 2869 1127 2792 1125 2725 1133 2870 1126 2724 1052 2793 1132 2871 1125 2725 1049 2726 1051 2872 1052 2793 1049 2726 1050 2727 1051 2872 1050 2727 1054 2794 1051 2872 1595 2795 1054 2794 1596 2648 2098 2796 1595 2795 2099 2649 2255 2797 2098 2796 2256 2650 2235 2798 2255 2797 2236 2651 2215 2799 2235 2798 2216 2652 2195 2873 2215 2799 2196 2728 2176 2800 2196 2728 2177 2653 2156 2874 2176 2800 2157 2729 2137 2875 2157 2729 2023 2730 2026 2876 2023 2730 2024 2731 2024 2731 2025 2801 2026 2876 2025 2801 1922 2732 2095 2877 1923 2878 1922 2732 1924 2802 2377 2879 1924 2802 1925 2733 1925 2733 2375 2734 2376 2880 3420 2803 2376 2880 2375 2734 2382 2735 3419 2804 3420 2803 3490 2881 3419 2804 3418 2658 3490 2881 3418 2658 3488 2805 3486 2736 3487 2882 3488 2805 3484 2737 3485 2883 3486 2736 3482 2738 3483 2884 3484 2737 3482 2738 3481 2806 3483 2884 3480 2661 3479 2807 3481 2806 3472 2885 3479 2807 3478 2739 3473 2886 3478 2739 3491 2808 3491 2808 3398 2662 3401 2809 3492 2887 3401 2809 3494 2740 3493 2888 3494 2740 3496 2741 3465 2889 3496 2741 3408 2810 3408 2810 3409 2576 2405 2811 2403 2742 2404 2812 2405 2811 2406 2813 2404 2812 2664 2579 2409 2890 2406 2813 2283 2743 2283 2743 2284 2814 2285 2891 2282 2667 2351 2815 2284 2814 2289 2744 3465 2889 2351 2815 2289 2744 2287 2816 3465 2889 2286 2745 3465 2889 2287 2816 2291 2817 3464 2818 2286 2745 2291 2817 2290 2746 3464 2818 3463 2819 3464 2818 2293 2669 3402 2820 3463 2819 2302 2671 3462 2748 3402 2820 2303 2672 3457 2821 3402 2820 3462 2748 3458 2892 3457 2821 3537 2749 3537 2749 3538 2750 3459 2893 3538 2750 3540 2751 3461 2894 3539 2752 3452 2895 3540 2751 3576 2753 3582 2896 3539 2752 3571 2754 3621 2897 3576 2753 3569 2822 3570 2898 3571 2754 3568 2676 3563 2823 3569 2822 3561 2677 3562 2824 3563 2823 3653 2899 3562 2824 3560 2755 3653 2899 3560 2755 3655 2825 3654 2900 3655 2825 3656 2756 3656 2756 3637 2757 3635 2901 3637 2757 3642 2758 3643 2826 3717 2759 3638 2902 3643 2826 3739 2827 3704 2903 3717 2759 3748 2828 3739 2827 3740 2683 3756 2829 3748 2828 3749 2684 3764 2830 3756 2829 3757 2685 3709 2904 3764 2830 3708 2760 629 2905 3708 2760 631 2831 630 2595 629 2905 631 2831 625 1710 627 1710 630 1710 3710 2761 3712 2906 625 2832 3735 2833 3734 2907 3710 2761 4214 2834 4213 2908 598 1662 4178 2762 7291 2909 4214 2834 7199 2763 7291 2909 4178 2762 7199 2763 7204 2835 7291 2909 7205 2910 7204 2835 7200 2688 7203 2836 7205 2910 7200 2688 7119 2764 7239 2911 7203 2836 7121 2837 7129 2912 7119 2764 6890 2690 6891 2838 7121 2837 6892 2913 6891 2838 6887 2691 6887 2691 6931 2839 6885 2914 6931 2839 6940 2765 6930 2840 6930 2840 6939 2692 6929 2841 6929 2841 6938 2693 6928 2842 6928 2842 6937 2694 6927 2843 6927 2843 6936 2695 6926 2844 6926 2844 6935 2696 6925 2845 6925 2845 6934 2697 6924 2846 6924 2846 6933 2766 6853 2915 6933 2766 6932 2767 6853 2915 6853 2915 6932 2767 6852 2847 6852 2847 7256 2605 6851 2848 6851 2848 7255 2768 6907 2916 7240 2917 7255 2768 7273 2769 7274 2918 7273 2769 7266 2770 7267 2919 7266 2770 7250 2849 7250 2849 7249 2699 4009 2920 4009 2920 7249 2699 4012 2850 4014 2771 4013 2921 4012 2850 4016 2851 4015 2922 4014 2771 4230 1710 4229 1710 4034 1830 454 1613 648 1710 649 1710 661 2773 739 2923 740 2852 7392 2774 7393 2774 7385 2774 751 2710 7389 2774 7385 2774 751 2710 753 2853 754 2855 753 2853 757 2775 754 2855 757 2775 755 2854 754 2855 754 2855 755 2854 756 2624 754 2855 761 2776 759 2856 758 2857 759 2856 760 2625 765 2924 758 2857 764 2777 766 2925 764 2777 763 2858 763 2858 768 2778 770 2926 768 2778 773 2859 774 2927 856 2712 862 2860 773 2859 855 2713 861 2861 862 2860 854 2714 860 2862 861 2861 859 2779 866 2928 860 2862 859 2779 865 2780 866 2928 865 2780 871 2781 872 2929 871 2781 879 2782 880 2930 879 2782 887 2783 888 2931 887 2783 895 2863 896 2932 894 2784 903 2933 895 2863 894 2784 902 2785 903 2933 902 2785 822 2786 818 2934 823 2935 822 2786 824 2787 1197 2867 824 2787 1195 2864 1228 2719 1224 2722 1229 2865 1195 2864 1196 2789 1197 2867 1197 2867 1223 2790 1220 2936 1223 2790 1067 2791 1220 2936 1067 2791 1068 2868 1069 2937 1068 2868 1127 2792 1128 2938 1127 2792 1134 2869 1135 2939 1126 2724 1133 2870 1134 2869 1125 2725 1132 2871 1133 2870 1052 2793 1051 2872 1132 2871 1051 2872 1054 2794 1055 2940 1595 2795 1055 2940 1054 2794 2098 2796 1593 2941 1595 2795 2255 2797 2101 2942 2098 2796 2235 2798 2254 2943 2255 2797 2215 2799 2234 2944 2235 2798 2195 2873 2214 2945 2215 2799 2176 2800 2195 2873 2196 2728 2156 2874 2175 2946 2176 2800 2137 2875 2156 2874 2157 2729 2026 2876 2137 2875 2023 2730 2094 2947 2026 2876 2025 2801 2094 2947 2025 2801 2095 2877 2095 2877 1922 2732 1923 2878 2369 2948 1923 2878 1924 2802 2369 2948 1924 2802 2377 2879 2377 2879 1925 2733 2378 2949 1925 2733 2376 2880 2372 2950 3421 2951 2376 2880 3420 2803 3503 2952 3420 2803 3419 2804 3503 2952 3419 2804 3490 2881 3488 2805 3489 2953 3490 2881 3488 2805 3487 2882 3489 2953 3486 2736 3485 2883 3487 2882 3484 2737 3483 2884 3485 2883 3506 2954 3483 2884 3481 2806 3504 2955 3481 2806 3479 2807 3471 2956 3479 2807 3472 2885 3472 2885 3478 2739 3473 2886 3473 2886 3491 2808 3475 2957 3491 2808 3401 2809 3492 2887 3492 2887 3494 2740 3493 2888 3493 2888 3496 2741 3465 2889 3465 2889 3408 2810 2351 2815 3408 2810 2405 2811 2407 2958 2405 2811 2404 2812 2406 2813 2408 2959 2406 2813 2409 2890 2283 2743 2285 2891 2409 2890 3408 2810 2285 2891 2284 2814 2351 2815 3408 2810 2284 2814 3464 2818 3465 2889 2286 2745 3463 2819 3477 2960 3464 2818 3402 2820 3476 2961 3463 2819 3457 2821 3458 2892 3402 2820 3537 2749 3459 2893 3458 2892 3460 2962 3459 2893 3538 2750 3538 2750 3461 2894 3460 2962 3540 2751 3469 2963 3461 2894 3540 2751 3452 2895 3469 2963 3539 2752 3582 2896 3452 2895 3576 2753 3580 2964 3582 2896 3621 2897 3580 2964 3576 2753 3570 2898 3621 2897 3571 2754 3614 2965 3570 2898 3569 2822 3649 2966 3569 2822 3563 2823 3651 2967 3563 2823 3562 2824 3651 2967 3562 2824 3653 2899 3654 2900 3653 2899 3655 2825 3656 2756 3635 2901 3654 2900 3636 2968 3635 2901 3637 2757 3637 2757 3643 2826 3638 2902 3636 2968 3638 2902 3717 2759 3704 2903 3611 2969 3717 2759 3738 2970 3704 2903 3739 2827 3747 2971 3739 2827 3748 2828 3755 2972 3748 2828 3756 2829 3763 2973 3756 2829 3764 2830 3772 2974 3764 2830 3709 2904 3709 2904 3708 2760 629 2905 628 2975 629 2905 630 2595 630 2595 627 2976 638 2977 625 2978 626 2978 627 2978 625 2832 3712 2906 626 2979 3710 2761 3779 2980 3712 2906 3734 2907 3779 2980 3710 2761 3733 2981 3734 2907 3735 2833 598 1662 4213 2908 4200 2982 4214 2834 7291 2909 4213 2908 7204 2835 7205 2910 7291 2909 7206 2983 7205 2910 7203 2836 7203 2836 7239 2911 7202 2984 7119 2764 7129 2912 7239 2911 7120 2985 7129 2912 7121 2837 6891 2838 6892 2913 7121 2837 6888 2986 6892 2913 6887 2691 6885 2914 6888 2986 6887 2691 6931 2839 6922 2987 6885 2914 6931 2839 6930 2840 6920 2988 6930 2840 6929 2841 6918 2989 6929 2841 6928 2842 6916 2990 6928 2842 6927 2843 6914 2991 6927 2843 6926 2844 6912 2992 6926 2844 6925 2845 6910 2993 6925 2845 6924 2846 6908 2994 6924 2846 6853 2915 6904 2995 6853 2915 6852 2847 6851 2848 6902 2996 6851 2848 6907 2916 6907 2916 7255 2768 6906 2997 7255 2768 7240 2917 6906 2997 7274 2918 7240 2917 7273 2769 7267 2919 7274 2918 7266 2770 7251 2998 7267 2919 7250 2849 4007 2999 7250 2849 4009 2920 4012 2850 4011 3000 4009 2920 4013 2921 4011 3000 4012 2850 4014 2771 4015 2922 4013 2921 4229 1710 4227 1710 4034 1830 656 1710 648 1710 454 1613 738 3001 739 2923 661 2773 7394 3002 7393 3002 7392 3002 7391 3003 7392 3003 7385 3003 7385 2774 7389 2774 7382 3004 751 2710 759 2856 7389 2774 754 2855 759 2856 751 2710 759 2856 758 2857 769 3005 765 2924 766 2925 758 2857 765 2924 764 2777 766 2925 766 2925 763 2858 767 3006 763 2858 770 2926 767 3006 768 2778 769 3005 770 2926 768 2778 774 2927 769 3005 773 2859 772 3007 774 2927 862 2860 779 3008 773 2859 861 2861 868 3009 862 2860 860 2862 867 3010 861 2861 860 2862 866 2928 867 3010 865 2780 872 2929 866 2928 871 2781 880 2930 872 2929 879 2782 888 2931 880 2930 887 2783 896 2932 888 2931 895 2863 904 3011 896 2932 895 2863 903 2933 904 3011 902 2785 818 2934 903 2933 821 3012 818 2934 822 2786 821 3012 822 2786 823 2935 1197 2867 823 2935 824 2787 1219 3013 1197 2867 1220 2936 1219 3013 1220 2936 1067 2791 1217 3014 1067 2791 1069 2937 1069 2937 1068 2868 1070 3015 1068 2868 1128 2938 1071 3016 1127 2792 1135 2939 1128 2938 1134 2869 1142 3017 1135 2939 1133 2870 1141 3018 1134 2869 1132 2871 1140 3019 1133 2870 1051 2872 1139 3020 1132 2871 1051 2872 1055 2940 1048 3021 1593 2941 1055 2940 1595 2795 1594 3022 1593 2941 2098 2796 1600 3023 2098 2796 2101 2942 2254 2943 2101 2942 2255 2797 2234 2944 2254 2943 2235 2798 2214 2945 2234 2944 2215 2799 2194 3024 2214 2945 2195 2873 2175 2946 2195 2873 2176 2800 2155 3025 2175 2946 2156 2874 2136 3026 2156 2874 2137 2875 2089 3027 2137 2875 2026 2876 2093 3028 2026 2876 2094 2947 2094 2947 2095 2877 2371 3029 1923 2878 2371 3029 2095 2877 2371 3029 1923 2878 2369 2948 2377 2879 3422 3030 2369 2948 2377 2879 2378 2949 3422 3030 2378 2949 1925 2733 2373 3031 2372 2950 2373 3031 1925 2733 3421 2951 2372 2950 2376 2880 3502 3032 3421 2951 3420 2803 3502 3032 3420 2803 3503 2952 3516 3033 3503 2952 3490 2881 3514 3034 3490 2881 3489 2953 3512 3035 3489 2953 3487 2882 3510 3036 3487 2882 3485 2883 3508 3037 3485 2883 3483 2884 3508 3037 3483 2884 3506 2954 3506 2954 3481 2806 3504 2955 3504 2955 3479 2807 3443 3038 3443 3038 3479 2807 3471 2956 3471 2956 3472 2885 3470 3039 3472 2885 3473 2886 3474 3040 3474 3040 3473 2886 3475 2957 3475 2957 3491 2808 3492 2887 3477 2960 3492 2887 3493 2888 3464 2818 3493 2888 3465 2889 2407 2958 2408 2959 3408 2810 2405 2811 2406 2813 2407 2958 2407 2958 2406 2813 2408 2959 2408 2959 2409 2890 2285 2891 3408 2810 2408 2959 2285 2891 3477 2960 3493 2888 3464 2818 3476 2961 3477 2960 3463 2819 3404 3041 3476 2961 3402 2820 3458 2892 3459 2893 3402 2820 3402 2820 3459 2893 3460 2962 3403 3042 3460 2962 3461 2894 3461 2894 3469 2963 3403 3042 3403 3042 3469 2963 3452 2895 3582 2896 3453 3043 3452 2895 3580 2964 3453 3043 3582 2896 3621 2897 3573 3044 3580 2964 3570 2898 3620 3045 3621 2897 3613 3046 3570 2898 3614 2965 3614 2965 3569 2822 3649 2966 3649 2966 3563 2823 3651 2967 3652 3047 3651 2967 3653 2899 3652 3047 3653 2899 3654 2900 3654 2900 3635 2901 3612 3048 3634 3049 3635 2901 3636 2968 3636 2968 3637 2757 3638 2902 3717 2759 3634 3049 3636 2968 3717 2759 3611 2969 3634 3049 3704 2903 3584 3050 3611 2969 3738 2970 3718 3051 3704 2903 3747 2971 3738 2970 3739 2827 3755 2972 3747 2971 3748 2828 3763 2973 3755 2972 3756 2829 3772 2974 3763 2973 3764 2830 3712 2906 3772 2974 3709 2904 629 2905 628 2975 3709 2904 630 2595 638 2977 628 2975 638 2977 627 2976 3712 2906 3712 2906 627 2976 626 2979 3779 2980 3772 2974 3712 2906 3734 2907 3778 3052 3779 2980 3733 2981 3732 3053 3734 2907 4200 2982 4199 3054 598 1662 7283 3055 4200 2982 4213 2908 4213 2908 7291 2909 7283 3055 7291 2909 7205 2910 7282 3056 7205 2910 7206 2983 7282 3056 7201 3057 7206 2983 7203 2836 7203 2836 7202 2984 7201 3057 7239 2911 7238 3058 7202 2984 7129 2912 7127 3059 7239 2911 7130 3060 7129 2912 7120 2985 7121 2837 6889 3061 7120 2985 7121 2837 6892 2913 6888 2986 6889 3061 6888 2986 6885 2914 6885 2914 6922 2987 6883 3062 6922 2987 6931 2839 6920 2988 6920 2988 6930 2840 6918 2989 6918 2989 6929 2841 6916 2990 6916 2990 6928 2842 6914 2991 6914 2991 6927 2843 6912 2992 6912 2992 6926 2844 6910 2993 6910 2993 6925 2845 6908 2994 6908 2994 6924 2846 6904 2995 6904 2995 6853 2915 6902 2996 6853 2915 6851 2848 6902 2996 6902 2996 6907 2916 6901 3063 6907 2916 6906 2997 6901 3063 6906 2997 7240 2917 6905 3064 7254 3065 7240 2917 7274 2918 7275 3066 7274 2918 7267 2919 7253 3067 7267 2919 7251 2998 7251 2998 7250 2849 4004 3068 4004 3068 7250 2849 4007 2999 4009 2920 4008 3069 4007 2999 4011 3000 4010 3070 4009 2920 4227 1710 4226 1710 4034 1830 655 3071 648 3071 656 3071 738 3072 737 3072 739 3072 7384 2774 7385 2774 7382 3004 957 3073 7389 2774 759 2856 759 2856 769 3005 950 3074 758 2857 766 2925 769 3005 766 2925 767 3006 770 2926 770 2926 769 3005 766 2925 774 2927 772 3007 769 3005 771 3075 772 3007 773 2859 773 2859 779 3008 778 3076 862 2860 868 3009 779 3008 861 2861 867 3010 868 3009 866 2928 873 3077 867 3010 866 2928 872 2929 873 3077 872 2929 880 2930 881 3078 880 2930 888 2931 889 3079 888 2931 896 2932 897 3080 896 2932 904 3011 905 3081 903 2933 814 3082 904 3011 903 2933 818 2934 814 3082 816 3083 818 2934 821 3012 1199 3084 821 3012 823 2935 1199 3084 823 2935 1197 2867 1219 3013 1199 3084 1197 2867 1219 3013 1067 2791 1217 3014 1217 3014 1069 2937 1070 3015 1070 3015 1068 2868 1071 3016 1071 3016 1128 2938 1129 3085 1128 2938 1135 2939 1136 3086 1135 2939 1142 3017 1143 3087 1134 2869 1141 3018 1142 3017 1133 2870 1140 3019 1141 3018 1132 2871 1139 3020 1140 3019 1051 2872 1044 3088 1139 3020 1048 3021 1044 3088 1051 2872 1593 2941 1048 3021 1055 2940 1045 3089 1593 2941 1594 3022 1594 3022 2098 2796 1600 3023 1600 3023 2101 2942 1599 3090 2254 2943 2102 3091 2101 2942 2234 2944 2253 3092 2254 2943 2214 2945 2233 3093 2234 2944 2194 3024 2213 3094 2214 2945 2175 2946 2194 3024 2195 2873 2155 3025 2174 3095 2175 2946 2136 3026 2155 3025 2156 2874 2089 3027 2136 3026 2137 2875 2093 3028 2089 3027 2026 2876 2094 2947 2371 3029 2093 3028 2369 2948 2370 3096 2371 3029 2369 2948 3422 3030 3225 3097 3422 3030 2378 2949 2373 3031 3421 2951 2373 3031 2372 2950 3501 3098 3421 2951 3502 3032 3518 3099 3502 3032 3503 2952 3518 3099 3503 2952 3516 3033 3516 3033 3490 2881 3514 3034 3514 3034 3489 2953 3512 3035 3512 3035 3487 2882 3510 3036 3510 3036 3485 2883 3508 3037 3506 2954 3507 3100 3508 3037 3504 2955 3505 3101 3506 2954 3443 3038 3439 3102 3504 2955 3443 3038 3471 2956 3441 3103 3470 3039 3407 3104 3471 2956 3470 3039 3472 2885 3474 3040 3474 3040 3475 2957 3476 2961 3475 2957 3492 2887 3477 2960 3476 2961 3475 2957 3477 2960 3404 3041 3474 3040 3476 2961 3402 2820 3403 3042 3404 3041 3402 2820 3460 2962 3403 3042 3403 3042 3452 2895 3404 3041 3405 3105 3452 2895 3453 3043 3580 2964 3454 3106 3453 3043 3573 3044 3456 3107 3580 2964 3620 3045 3573 3044 3621 2897 3619 3108 3620 3045 3570 2898 3613 3046 3619 3108 3570 2898 3532 3109 3613 3046 3614 2965 3648 3110 3614 2965 3649 2966 3650 3111 3649 2966 3651 2967 3650 3111 3651 2967 3652 3047 3654 2900 3612 3048 3652 3047 3634 3049 3612 3048 3635 2901 3611 2969 3612 3048 3634 3049 3611 2969 3584 3050 3612 3048 3585 3112 3584 3050 3704 2903 3587 3113 3704 2903 3718 3051 3737 3114 3718 3051 3738 2970 3746 3115 3738 2970 3747 2971 3754 3116 3747 2971 3755 2972 3762 3117 3755 2972 3763 2973 3771 3118 3763 2973 3772 2974 3712 2906 3709 2904 638 2977 638 2977 3709 2904 628 2975 3779 2980 3771 3118 3772 2974 3778 3052 3771 3118 3779 2980 3732 3053 3778 3052 3734 2907 3731 3119 3732 3053 3733 2981 4199 3054 4198 3120 598 1662 4200 2982 7283 3055 4199 3054 7291 2909 7282 3056 7283 3055 7282 3056 7206 2983 7201 3057 7202 2984 7221 3121 7201 3057 7202 2984 7238 3058 7210 3122 7239 2911 7127 3059 7238 3058 7129 2912 7128 3123 7127 3059 7130 3060 7128 3123 7129 2912 7132 3124 7130 3060 7120 2985 6889 3061 6886 3125 7120 2985 6888 2986 6889 3061 7121 2837 6886 3125 6889 3061 6885 2914 6885 2914 6883 3062 6884 3126 6922 2987 6923 3127 6883 3062 6922 2987 6920 2988 6921 3128 6920 2988 6918 2989 6919 3129 6918 2989 6916 2990 6917 3130 6916 2990 6914 2991 6915 3131 6914 2991 6912 2992 6913 3132 6912 2992 6910 2993 6911 3133 6910 2993 6908 2994 6909 3134 6909 3134 6908 2994 6904 2995 6904 2995 6902 2996 6903 3135 6903 3135 6902 2996 6901 3063 6901 3063 6906 2997 6898 3136 6906 2997 6905 3064 6898 3136 7240 2917 6897 3137 6905 3064 7240 2917 7254 3065 6899 3138 7275 3066 7254 3065 7274 2918 7253 3067 7275 3066 7267 2919 7252 3139 7253 3067 7251 2998 4001 3140 7251 2998 4004 3068 4007 2999 4006 3141 4004 3068 4008 3069 4006 3141 4007 2999 4009 2920 4010 3070 4008 3069 4226 1710 4234 1710 4034 1830 655 3142 597 3142 648 3142 736 3143 737 3143 738 3143 7381 3144 7384 2774 7382 3004 969 3145 7389 2774 957 3073 950 3074 957 3073 759 2856 769 3005 772 3007 950 3074 772 3007 771 3075 778 3076 773 2859 778 3076 771 3075 777 3146 778 3076 779 3008 868 3009 875 3147 779 3008 867 3010 874 3148 868 3009 867 3010 873 3077 874 3148 872 2929 881 3078 873 3077 880 2930 889 3079 881 3078 888 2931 897 3080 889 3079 896 2932 905 3081 897 3080 904 3011 811 3149 905 3081 904 3011 814 3082 811 3149 818 2934 819 3150 814 3082 816 3083 817 3151 818 2934 1198 3152 816 3083 821 3012 1198 3152 821 3012 1199 3084 1217 3014 1199 3084 1219 3013 1218 3153 1217 3014 1070 3015 1070 3015 1071 3016 1072 3154 1071 3016 1129 3085 1074 3155 1128 2938 1136 3086 1129 3085 1135 2939 1143 3087 1136 3086 1142 3017 1150 3156 1143 3087 1141 3018 1149 3157 1142 3017 1140 3019 1148 3158 1141 3018 1139 3020 1147 3159 1140 3019 1044 3088 1146 3160 1139 3020 1045 3089 1044 3088 1048 3021 1045 3089 1048 3021 1593 2941 1594 3022 1046 3161 1045 3089 1600 3023 7372 3162 1594 3022 1599 3090 7374 3163 1600 3023 1599 3090 2101 2942 2102 3091 2253 3092 2102 3091 2254 2943 2233 3093 2253 3092 2234 2944 2213 3094 2233 3093 2214 2945 2193 3164 2213 3094 2194 3024 2174 3095 2194 3024 2175 2946 2154 3165 2174 3095 2155 3025 2135 3166 2155 3025 2136 3026 2087 3167 2136 3026 2089 3027 2090 3168 2089 3027 2093 3028 2090 3168 2093 3028 2371 3029 3227 3169 2371 3029 2370 3096 2369 2948 3225 3097 2370 3096 3500 3170 3225 3097 3422 3030 3422 3030 2373 3031 3421 2951 3501 3098 3422 3030 3421 2951 3425 3171 3501 3098 3502 3032 3425 3171 3502 3032 3518 3099 3516 3033 3517 3172 3518 3099 3514 3034 3515 3173 3516 3033 3512 3035 3513 3174 3514 3034 3510 3036 3511 3175 3512 3035 3508 3037 3509 3176 3510 3036 3508 3037 3507 3100 3509 3176 3506 2954 3505 3101 3507 3100 3504 2955 3439 3102 3505 3101 3443 3038 3437 3177 3439 3102 3441 3103 3442 3178 3443 3038 3441 3103 3471 2956 3407 3104 3470 3039 3405 3105 3407 3104 3470 3039 3474 3040 3404 3041 3404 3041 3452 2895 3405 3105 3453 3043 3454 3106 3405 3105 3455 3179 3454 3106 3580 2964 3580 2964 3456 3107 3455 3179 3573 3044 3521 3180 3456 3107 3620 3045 3572 3181 3573 3044 3619 3108 3618 3182 3620 3045 3616 3183 3619 3108 3613 3046 3532 3109 3529 3184 3613 3046 3647 3185 3532 3109 3614 2965 3647 3185 3614 2965 3648 3110 3648 3110 3649 2966 3650 3111 3652 3047 3601 3186 3650 3111 3652 3047 3612 3048 3601 3186 3612 3048 3584 3050 3583 3187 3583 3187 3584 3050 3585 3112 3586 3188 3585 3112 3704 2903 3586 3188 3704 2903 3587 3113 3587 3113 3718 3051 3589 3189 3737 3114 3719 3190 3718 3051 3746 3115 3737 3114 3738 2970 3754 3116 3746 3115 3747 2971 3762 3117 3754 3116 3755 2972 3771 3118 3762 3117 3763 2973 3778 3052 3770 3191 3771 3118 3732 3053 3777 3192 3778 3052 3731 3119 3730 3193 3732 3053 598 1662 4198 3120 4194 3194 7284 3195 4198 3120 4199 3054 4199 3054 7283 3055 7284 3195 7283 3055 7282 3056 7319 3196 7282 3056 7201 3057 7221 3121 7222 3197 7221 3121 7202 2984 7210 3122 7222 3197 7202 2984 7238 3058 7237 3198 7210 3122 7127 3059 7128 3123 7238 3058 7130 3060 7141 3199 7128 3123 7133 3200 7130 3060 7132 3124 7120 2985 7122 3201 7132 3124 6886 3125 7122 3201 7120 2985 6886 3125 6885 2914 6884 3126 6884 3126 6883 3062 6882 3202 6883 3062 6923 3127 6879 3203 6923 3127 6922 2987 6921 3128 6921 3128 6920 2988 6919 3129 6919 3129 6918 2989 6917 3130 6917 3130 6916 2990 6915 3131 6915 3131 6914 2991 6913 3132 6913 3132 6912 2992 6911 3133 6911 3133 6910 2993 6909 3134 6909 3134 6904 2995 6949 3204 6904 2995 6903 3135 6948 3205 6903 3135 6901 3063 6966 3206 6901 3063 6898 3136 6964 3207 6898 3136 6905 3064 6897 3137 6897 3137 7240 2917 6896 3208 6896 3208 7240 2917 6899 3138 6899 3138 7254 3065 6894 3209 7101 3210 7254 3065 7275 3066 7102 3211 7275 3066 7253 3067 7104 3212 7253 3067 7252 3139 7252 3139 7251 2998 3997 3213 3997 3213 7251 2998 4001 3140 4004 3068 4003 3214 4001 3140 4006 3141 4005 3215 4004 3068 4234 3071 4226 3071 4233 3071 623 3216 597 3216 655 3216 736 3217 735 3217 737 3217 7382 3004 7379 3218 7381 3144 7387 2774 7389 2774 969 3145 957 3073 962 3219 969 3145 950 3074 953 3220 957 3073 772 3007 941 3221 950 3074 772 3007 778 3076 941 3221 777 3146 776 3222 778 3076 779 3008 780 3223 777 3146 779 3008 875 3147 780 3223 868 3009 874 3148 875 3147 873 3077 882 3224 874 3148 873 3077 881 3078 882 3224 881 3078 889 3079 890 3225 889 3079 897 3080 898 3226 897 3080 905 3081 906 3227 905 3081 811 3149 807 3228 813 3229 811 3149 814 3082 814 3082 819 3150 820 3230 818 2934 817 3151 819 3150 817 3151 816 3083 1198 3152 1217 3014 1198 3152 1199 3084 1176 3231 1217 3014 1218 3153 1218 3153 1070 3015 1215 3232 1215 3232 1070 3015 1072 3154 1073 3233 1071 3016 1074 3155 1074 3155 1129 3085 1130 3234 1129 3085 1136 3086 1137 3235 1136 3086 1143 3087 1144 3236 1143 3087 1150 3156 1151 3237 1142 3017 1149 3157 1150 3156 1141 3018 1148 3158 1149 3157 1140 3019 1147 3159 1148 3158 1139 3020 1146 3160 1147 3159 1044 3088 7373 3238 1146 3160 1044 3088 1045 3089 1046 3161 1594 3022 7375 3239 1046 3161 1594 3022 7372 3162 1043 3240 1600 3023 7374 3163 7372 3162 1599 3090 1039 3241 7374 3163 1599 3090 2102 3091 1598 3242 2253 3092 2103 3243 2102 3091 2233 3093 2252 3244 2253 3092 2213 3094 2232 3245 2233 3093 2193 3164 2212 3246 2213 3094 2174 3095 2193 3164 2194 3024 2154 3165 2173 3247 2174 3095 2135 3166 2154 3165 2155 3025 2087 3167 2135 3166 2136 3026 2089 3027 2091 3248 2087 3167 2089 3027 2090 3168 2091 3248 2091 3248 2090 3168 2371 3029 2028 3249 2371 3029 3227 3169 3227 3169 2370 3096 3225 3097 3226 3250 3225 3097 3500 3170 3500 3170 3422 3030 3501 3098 3424 3251 3501 3098 3425 3171 3518 3099 3519 3252 3425 3171 3518 3099 3517 3172 3519 3252 3516 3033 3515 3173 3517 3172 3514 3034 3513 3174 3515 3173 3512 3035 3511 3175 3513 3174 3510 3036 3509 3176 3511 3175 3432 3253 3509 3176 3507 3100 3434 3254 3507 3100 3505 3101 3436 3255 3505 3101 3439 3102 3437 3177 3438 3256 3439 3102 3445 3257 3437 3177 3443 3038 3443 3038 3442 3178 3444 3258 3441 3103 3450 3259 3442 3178 3441 3103 3407 3104 3449 3260 3405 3105 3406 3261 3407 3104 3404 3041 3405 3105 3470 3039 3405 3105 3454 3106 3455 3179 3406 3261 3455 3179 3456 3107 3521 3180 3406 3261 3456 3107 3449 3260 3521 3180 3573 3044 3572 3181 3449 3260 3573 3044 3618 3182 3572 3181 3620 3045 3617 3262 3618 3182 3619 3108 3616 3183 3617 3262 3619 3108 3529 3184 3616 3183 3613 3046 3530 3263 3529 3184 3532 3109 3533 3264 3532 3109 3647 3185 3648 3110 3605 3265 3647 3185 3650 3111 3603 3266 3648 3110 3650 3111 3601 3186 3603 3266 3612 3048 3583 3187 3601 3186 3585 3112 3586 3188 3583 3187 3583 3187 3586 3188 3587 3113 3587 3113 3589 3189 3588 3267 3718 3051 3590 3268 3589 3189 3536 3269 3718 3051 3719 3190 3736 3270 3719 3190 3737 3114 3745 3271 3737 3114 3746 3115 3753 3272 3746 3115 3754 3116 3761 3273 3754 3116 3762 3117 3770 3191 3762 3117 3771 3118 3777 3192 3770 3191 3778 3052 3730 3193 3777 3192 3732 3053 3729 3274 3730 3193 3731 3119 4194 3194 4193 3275 598 1662 4198 3120 7284 3195 4194 3194 7283 3055 7319 3196 7284 3195 7282 3056 7292 3276 7319 3196 7222 3197 7282 3056 7221 3121 7223 3277 7222 3197 7210 3122 7210 3122 7237 3198 7208 3278 7238 3058 7128 3123 7237 3198 7128 3123 7141 3199 7237 3198 7142 3279 7141 3199 7130 3060 7133 3200 7142 3279 7130 3060 7132 3124 7131 3280 7133 3200 7122 3201 7131 3280 7132 3124 6886 3125 6884 3126 7122 3201 6884 3126 6882 3202 7122 3201 6883 3062 6879 3203 6882 3202 6879 3203 6923 3127 6963 3281 6923 3127 6921 3128 6962 3282 6921 3128 6919 3129 6961 3283 6919 3129 6917 3130 6959 3284 6917 3130 6915 3131 6957 3285 6915 3131 6913 3132 6955 3286 6913 3132 6911 3133 6953 3287 6911 3133 6909 3134 6951 3288 6951 3288 6909 3134 6949 3204 6949 3204 6904 2995 6948 3205 6948 3205 6903 3135 6966 3206 6966 3206 6901 3063 6964 3207 6964 3207 6898 3136 6900 3289 6898 3136 6897 3137 6896 3208 6900 3289 6896 3208 6899 3138 6899 3138 6894 3209 6850 3290 7254 3065 7099 3291 6894 3209 7101 3210 7100 3292 7254 3065 7102 3211 7101 3210 7275 3066 7103 3293 7102 3211 7253 3067 7104 3212 7103 3293 7253 3067 7105 3294 7104 3212 7252 3139 3998 3295 7252 3139 3997 3213 4001 3140 4000 3296 3997 3213 4003 3214 4002 3297 4001 3140 4004 3068 4005 3215 4003 3214 4226 3298 4177 3298 4233 3298 623 1710 624 1710 597 1710 734 3299 735 3299 736 3299 7379 3218 7380 3300 7381 3144 7387 3301 7388 3301 7389 3301 7395 2774 7387 2774 969 3145 962 3219 961 3302 969 3145 957 3073 956 3303 962 3219 953 3220 959 3304 957 3073 950 3074 948 3305 953 3220 944 3306 950 3074 941 3221 778 3076 934 3307 941 3221 778 3076 776 3222 775 3308 775 3308 776 3222 777 3146 875 3147 785 3309 780 3223 874 3148 883 3310 875 3147 874 3148 882 3224 883 3310 881 3078 890 3225 882 3224 889 3079 898 3226 890 3225 897 3080 906 3227 898 3226 905 3081 807 3228 906 3227 810 3311 807 3228 811 3149 812 3312 811 3149 813 3229 813 3229 814 3082 815 3313 814 3082 820 3230 815 3313 820 3230 819 3150 1176 3231 819 3150 817 3151 1176 3231 1176 3231 817 3151 1198 3152 1176 3231 1198 3152 1217 3014 1176 3231 1218 3153 1215 3232 1215 3232 1072 3154 1216 3314 7376 3315 1071 3016 1073 3233 1073 3233 1074 3155 1075 3316 1074 3155 1130 3234 1077 3317 1129 3085 1137 3235 1130 3234 1136 3086 1144 3236 1137 3235 1143 3087 1151 3237 1144 3236 1150 3156 1158 3318 1151 3237 1149 3157 1157 3319 1150 3156 1148 3158 1156 3320 1149 3157 1147 3159 1155 3321 1148 3158 1146 3160 1154 3322 1147 3159 1046 3161 7373 3238 1044 3088 1047 3323 7375 3239 1594 3022 1594 3022 1043 3240 1047 3323 7372 3162 7373 3238 1043 3240 1039 3241 1038 3324 7374 3163 1598 3242 1039 3241 1599 3090 1598 3242 2102 3091 2103 3243 2252 3244 2103 3243 2253 3092 2232 3245 2252 3244 2233 3093 2212 3246 2232 3245 2213 3094 2192 3325 2212 3246 2193 3164 2173 3247 2193 3164 2174 3095 2153 3326 2173 3247 2154 3165 2134 3327 2154 3165 2135 3166 2079 3328 2135 3166 2087 3167 2087 3167 2091 3248 2092 3329 2092 3329 2091 3248 2371 3029 2030 3330 2371 3029 2028 3249 3225 3097 3226 3250 3227 3169 3423 3331 3226 3250 3500 3170 3424 3251 3500 3170 3501 3098 3425 3171 3266 3332 3424 3251 3425 3171 3519 3252 3264 3333 3427 3334 3519 3252 3517 3172 3428 3335 3517 3172 3515 3173 3429 3336 3515 3173 3513 3174 3430 3337 3513 3174 3511 3175 3431 3338 3511 3175 3509 3176 3431 3338 3509 3176 3432 3253 3432 3253 3507 3100 3434 3254 3434 3254 3505 3101 3436 3255 3436 3255 3439 3102 3520 3339 3439 3102 3438 3256 3440 3340 3438 3256 3437 3177 3531 3341 3437 3177 3445 3257 3615 3342 3443 3038 3444 3258 3445 3257 3442 3178 3448 3343 3444 3258 3442 3178 3450 3259 3451 3344 3441 3103 3449 3260 3450 3259 3449 3260 3407 3104 3406 3261 3405 3105 3455 3179 3406 3261 3449 3260 3406 3261 3521 3180 3572 3181 3450 3259 3449 3260 3618 3182 3451 3344 3572 3181 3617 3262 3448 3343 3618 3182 3615 3342 3617 3262 3616 3183 3529 3184 3615 3342 3616 3183 3529 3184 3530 3263 3531 3341 3532 3109 3533 3264 3530 3263 3647 3185 3607 3345 3533 3264 3647 3185 3605 3265 3607 3345 3648 3110 3603 3266 3605 3265 3601 3186 3602 3346 3603 3266 3601 3186 3583 3187 3588 3267 3583 3187 3587 3113 3588 3267 3588 3267 3589 3189 3590 3268 3718 3051 3591 3347 3590 3268 3535 3348 3718 3051 3536 3269 3719 3190 3592 3349 3536 3269 3736 3270 3703 3350 3719 3190 3745 3271 3736 3270 3737 3114 3753 3272 3745 3271 3746 3115 3761 3273 3753 3272 3754 3116 3770 3191 3761 3273 3762 3117 3777 3192 3769 3351 3770 3191 3730 3193 3776 3352 3777 3192 3729 3274 3728 3353 3730 3193 4193 3275 4211 3354 598 1662 7290 3355 4193 3275 4194 3194 4194 3194 7284 3195 7290 3355 7284 3195 7319 3196 7327 3356 7319 3196 7292 3276 7318 3357 7292 3276 7282 3056 7222 3197 7223 3277 7292 3276 7222 3197 7209 3358 7223 3277 7210 3122 7210 3122 7208 3278 7209 3358 7237 3198 7236 3359 7208 3278 7237 3198 7141 3199 7236 3359 7142 3279 7134 3360 7141 3199 7143 3361 7142 3279 7133 3200 7131 3280 7152 3362 7133 3200 7131 3280 7122 3201 7123 3363 7122 3201 6882 3202 6877 3364 6882 3202 6879 3203 6877 3364 6875 3365 6879 3203 6963 3281 6963 3281 6923 3127 6962 3282 6962 3282 6921 3128 6961 3283 6961 3283 6919 3129 6959 3284 6959 3284 6917 3130 6957 3285 6957 3285 6915 3131 6955 3286 6955 3286 6913 3132 6953 3287 6953 3287 6911 3133 6951 3288 6951 3288 6949 3204 6950 3366 6950 3366 6949 3204 6948 3205 6948 3205 6966 3206 6965 3367 6966 3206 6964 3207 6965 3367 6964 3207 6900 3289 6859 3368 6898 3136 6896 3208 6900 3289 6900 3289 6899 3138 6850 3290 6850 3290 6894 3209 6849 3369 6894 3209 7099 3291 6893 3370 7254 3065 7100 3292 7099 3291 7101 3210 6194 3371 7100 3292 7102 3211 6190 3372 7101 3210 7103 3293 6034 3373 7102 3211 7104 3212 5993 3374 7103 3293 7104 3212 7105 3294 6030 3375 7105 3294 7252 3139 3992 3376 3992 3376 7252 3139 3998 3295 3998 3295 3997 3213 3994 3377 4000 3296 3999 3378 3997 3213 4001 3140 4002 3297 4000 3296 4233 1710 4177 1710 4201 1710 624 3379 637 3379 597 3379 734 3380 733 3380 735 3380 7381 3144 7380 3300 7383 3381 7390 2774 7389 2774 7388 2774 961 3302 965 3382 969 3145 960 3383 961 3302 962 3219 956 3303 958 3384 962 3219 956 3303 957 3073 958 3384 958 3384 957 3073 959 3304 952 3385 959 3304 953 3220 955 3386 953 3220 948 3305 949 3387 948 3305 950 3074 944 3306 951 3388 950 3074 946 3389 944 3306 941 3221 934 3307 939 3390 941 3221 781 3391 934 3307 778 3076 778 3076 775 3308 781 3391 777 3146 782 3392 775 3308 780 3223 785 3309 786 3393 875 3147 883 3310 785 3309 882 3224 891 3394 883 3310 882 3224 890 3225 891 3394 890 3225 898 3226 899 3395 898 3226 906 3227 907 3396 906 3227 807 3228 802 3397 805 3398 807 3228 810 3311 810 3311 811 3149 812 3312 1200 3399 812 3312 813 3229 1200 3399 813 3229 815 3313 1201 3400 815 3313 820 3230 820 3230 1176 3231 1201 3400 1201 3400 1176 3231 1215 3232 1200 3399 1215 3232 1216 3314 1216 3314 1072 3154 1073 3233 1212 3401 1073 3233 1075 3316 1075 3316 1074 3155 1076 3402 1076 3402 1074 3155 1077 3317 1077 3317 1130 3234 1131 3403 1130 3234 1137 3235 1138 3404 1137 3235 1144 3236 1145 3405 1144 3236 1151 3237 1152 3406 1151 3237 1158 3318 1159 3407 1150 3156 1157 3319 1158 3318 1149 3157 1156 3320 1157 3319 1148 3158 1155 3321 1156 3320 1147 3159 1154 3322 1155 3321 1146 3160 1153 3408 1154 3322 7373 3238 7375 3239 1047 3323 7373 3238 1047 3323 1043 3240 1038 3324 1039 3241 1040 3409 1598 3242 1040 3409 1039 3241 1598 3242 2103 3243 1597 3410 2252 3244 2104 3411 2103 3243 2232 3245 2251 3412 2252 3244 2212 3246 2231 3413 2232 3245 2192 3325 2211 3414 2212 3246 2173 3247 2192 3325 2193 3164 2153 3326 2172 3415 2173 3247 2134 3327 2153 3326 2154 3165 2079 3328 2134 3327 2135 3166 2086 3416 2079 3328 2087 3167 2087 3167 2092 3329 2088 3417 2088 3417 2092 3329 2371 3029 2030 3330 2032 3418 2371 3029 2028 3419 2027 3419 2030 3419 3227 3169 3226 3250 3228 3420 3228 3420 3226 3250 3423 3331 3423 3331 3500 3170 3424 3251 3424 3251 3266 3332 3262 3421 3425 3171 3264 3333 3266 3332 3426 3422 3264 3333 3519 3252 3426 3422 3519 3252 3427 3334 3427 3334 3517 3172 3428 3335 3428 3335 3515 3173 3429 3336 3429 3336 3513 3174 3430 3337 3430 3337 3511 3175 3431 3338 3432 3253 3242 3423 3431 3338 3233 3424 3432 3253 3434 3254 3435 3425 3434 3254 3436 3255 3520 3339 3600 3426 3436 3255 3520 3339 3439 3102 3440 3340 3531 3341 3440 3340 3438 3256 3531 3341 3437 3177 3615 3342 3615 3342 3445 3257 3617 3262 3445 3257 3444 3258 3617 3262 3617 3262 3444 3258 3448 3343 3442 3178 3447 3427 3448 3343 3442 3178 3451 3344 3446 3428 3451 3344 3450 3259 3572 3181 3446 3428 3451 3344 3618 3182 3618 3182 3448 3343 3447 3427 3531 3341 3615 3342 3529 3184 3530 3263 3610 3429 3531 3341 3533 3264 3609 3430 3530 3263 3533 3264 3607 3345 3609 3430 3605 3265 3606 3431 3607 3345 3603 3266 3604 3432 3605 3265 3603 3266 3602 3346 3604 3432 3601 3186 3588 3267 3602 3346 3588 3267 3590 3268 3534 3433 3534 3433 3590 3268 3591 3347 3535 3348 3591 3347 3718 3051 3534 3433 3535 3348 3536 3269 3592 3349 3593 3434 3536 3269 3719 3190 3595 3435 3592 3349 3598 3436 3719 3190 3703 3350 3702 3437 3703 3350 3736 3270 3744 3438 3736 3270 3745 3271 3752 3439 3745 3271 3753 3272 3760 3440 3753 3272 3761 3273 3769 3351 3761 3273 3770 3191 3776 3352 3769 3351 3777 3192 3728 3353 3776 3352 3730 3193 3727 3441 3728 3353 3729 3274 7288 3442 598 1662 4211 3354 4208 3443 4211 3354 4193 3275 4212 3444 4193 3275 7290 3355 7284 3195 7327 3356 7290 3355 7319 3196 7318 3357 7327 3356 7292 3276 7293 3445 7318 3357 7223 3277 7209 3358 7292 3276 7209 3358 7208 3278 7207 3446 7208 3278 7236 3359 7235 3447 7141 3199 7134 3360 7236 3359 7136 3448 7134 3360 7142 3279 7143 3361 7136 3448 7142 3279 7144 3449 7143 3361 7133 3200 7133 3200 7152 3362 7144 3449 7131 3280 7155 3450 7152 3362 7123 3363 7156 3451 7131 3280 7122 3201 6878 3452 7123 3363 7122 3201 6877 3364 6878 3452 6879 3203 6878 3452 6877 3364 6881 3453 6879 3203 6875 3365 6875 3365 6963 3281 6945 3454 6963 3281 6962 3282 6946 3455 6962 3282 6961 3283 6947 3456 6961 3283 6959 3284 6960 3457 6959 3284 6957 3285 6958 3458 6957 3285 6955 3286 6956 3459 6955 3286 6953 3287 6954 3460 6953 3287 6951 3288 6952 3461 6952 3461 6951 3288 6950 3366 6948 3205 6857 3462 6950 3366 6965 3367 5899 3463 6948 3205 6965 3367 6964 3207 6859 3368 6859 3368 6900 3289 6858 3464 6900 3289 6850 3290 6858 3464 6850 3290 6849 3369 6848 3465 6849 3369 6894 3209 6895 3466 6895 3466 6894 3209 6893 3370 7099 3291 6202 3467 6893 3370 7100 3292 6197 3468 7099 3291 6194 3371 6196 3469 7100 3292 7101 3210 6192 3470 6194 3371 6190 3372 6192 3470 7101 3210 6189 3471 6190 3372 7102 3211 6034 3373 6186 3472 7102 3211 5993 3374 6034 3373 7103 3293 5993 3374 7104 3212 5995 3473 5995 3473 7104 3212 6030 3375 6030 3375 7105 3294 5992 3474 3990 3475 7105 3294 3992 3376 3992 3376 3998 3295 3994 3377 3994 3377 3997 3213 3995 3476 3997 3213 3999 3378 3996 3477 4177 3478 4202 3478 4201 3478 597 3479 637 3479 595 3479 732 3480 733 3480 734 3480 7381 3144 7383 3381 7397 3481 7390 3482 7388 3482 7400 3482 964 3483 969 3145 965 3382 966 3484 965 3382 961 3302 960 3383 966 3484 961 3302 962 3219 963 3485 960 3383 962 3219 958 3384 963 3485 954 3486 958 3384 959 3304 954 3486 959 3304 952 3385 952 3385 953 3220 954 3486 954 3486 953 3220 955 3386 947 3487 955 3386 948 3305 947 3487 948 3305 949 3387 949 3387 950 3074 951 3388 944 3306 943 3488 951 3388 945 3489 944 3306 946 3389 940 3490 946 3389 941 3221 936 3491 941 3221 939 3390 934 3307 1119 3492 939 3390 781 3391 788 3493 934 3307 782 3392 781 3391 775 3308 780 3223 786 3393 781 3391 785 3309 784 3494 786 3393 883 3310 787 3495 785 3309 883 3310 891 3394 787 3495 890 3225 899 3395 891 3394 898 3226 907 3396 899 3395 906 3227 802 3397 907 3396 807 3228 808 3496 802 3397 805 3398 806 3497 807 3228 1174 3498 805 3398 810 3311 1175 3499 810 3311 812 3312 1175 3499 812 3312 1200 3399 1200 3399 815 3313 1201 3400 1201 3400 1215 3232 1200 3399 1200 3399 1216 3314 1211 3500 1216 3314 1073 3233 1211 3500 1211 3500 1073 3233 1212 3401 1212 3401 1075 3316 1213 3501 1213 3501 1075 3316 1076 3402 1076 3402 1077 3317 1078 3502 1077 3317 1131 3403 1080 3503 1130 3234 1138 3404 1131 3403 1137 3235 1145 3405 1138 3404 1144 3236 1152 3406 1145 3405 1151 3237 1159 3407 1152 3406 1158 3318 1166 3504 1159 3407 1157 3319 1165 3505 1158 3318 1156 3320 1164 3506 1157 3319 1155 3321 1163 3507 1156 3320 1154 3322 1162 3508 1155 3321 1153 3408 1161 3509 1154 3322 1042 3510 1153 3408 1146 3160 1041 3511 1040 3409 1598 3242 1597 3410 1041 3511 1598 3242 1597 3410 2103 3243 2104 3411 2251 3412 2104 3411 2252 3244 2231 3413 2251 3412 2232 3245 2211 3414 2231 3413 2212 3246 2191 3512 2211 3414 2192 3325 2172 3415 2192 3325 2173 3247 2152 3513 2172 3415 2153 3326 2133 3514 2153 3326 2134 3327 2082 3515 2134 3327 2079 3328 2080 3516 2079 3328 2086 3416 2086 3416 2087 3167 2088 3417 2088 3417 2371 3029 2086 3416 2034 3517 2371 3029 2032 3418 2030 3330 2031 3518 2032 3418 2027 3519 2029 3520 2030 3330 2027 3519 2028 3249 2029 3520 3227 3169 3228 3420 3229 3521 3269 3522 3228 3420 3423 3331 3423 3331 3424 3251 3259 3523 3424 3251 3262 3421 3260 3524 3262 3421 3266 3332 3261 3525 3261 3525 3266 3332 3264 3333 3265 3526 3264 3333 3426 3422 3427 3334 3256 3527 3426 3422 3428 3335 3245 3528 3427 3334 3248 3529 3428 3335 3429 3336 3250 3530 3429 3336 3430 3337 3431 3338 3239 3531 3430 3337 3431 3338 3242 3423 3240 3532 3432 3253 3243 3533 3242 3423 3232 3534 3432 3253 3233 3424 3233 3424 3434 3254 3234 3535 3433 3536 3434 3254 3435 3425 3436 3255 3600 3426 3435 3425 3610 3429 3600 3426 3520 3339 3610 3429 3520 3339 3440 3340 3531 3341 3610 3429 3440 3340 3446 3428 3447 3427 3442 3178 3618 3182 3447 3427 3446 3428 3530 3263 3609 3430 3610 3429 3607 3345 3608 3537 3609 3430 3607 3345 3606 3431 3608 3537 3605 3265 3604 3432 3606 3431 3602 3346 3534 3433 3604 3432 3602 3346 3588 3267 3534 3433 3534 3433 3591 3347 3535 3348 3536 3269 3594 3538 3534 3433 3536 3269 3593 3434 3594 3538 3592 3349 3595 3435 3593 3434 3596 3539 3595 3435 3719 3190 3596 3539 3719 3190 3598 3436 3598 3436 3703 3350 3599 3540 3702 3437 3231 3541 3703 3350 3744 3438 3702 3437 3736 3270 3752 3439 3744 3438 3745 3271 3760 3440 3752 3439 3753 3272 3769 3351 3760 3440 3761 3273 3776 3352 3768 3542 3769 3351 3728 3353 3775 3543 3776 3352 3727 3441 3726 3544 3728 3353 4211 3354 4208 3443 7288 3442 4212 3444 4208 3443 4193 3275 4212 3444 7290 3355 4210 3545 7290 3355 7327 3356 7334 3546 7327 3356 7318 3357 7326 3547 7318 3357 7293 3445 7317 3548 7293 3445 7292 3276 7217 3549 7209 3358 7207 3446 7292 3276 7208 3278 7216 3550 7207 3446 7235 3447 7218 3551 7208 3278 7236 3359 7234 3552 7235 3447 7236 3359 7134 3360 7234 3552 7136 3448 7135 3553 7134 3360 7138 3554 7136 3448 7143 3361 7138 3554 7143 3361 7144 3449 7152 3362 7151 3555 7144 3449 7155 3450 7154 3556 7152 3362 7156 3451 7155 3450 7131 3280 7124 3557 7156 3451 7123 3363 7123 3363 6878 3452 6880 3558 6880 3558 6878 3452 6879 3203 6881 3453 6880 3558 6879 3203 6876 3559 6881 3453 6875 3365 6872 3560 6875 3365 6945 3454 6945 3454 6963 3281 6946 3455 6946 3455 6962 3282 6947 3456 6947 3456 6961 3283 6960 3457 6960 3457 6959 3284 6958 3458 6958 3458 6957 3285 6956 3459 6956 3459 6955 3286 6954 3460 6954 3460 6953 3287 6952 3461 6950 3366 6863 3561 6952 3461 6857 3462 6863 3561 6950 3366 5899 3463 6857 3462 6948 3205 6859 3368 5899 3463 6965 3367 6859 3368 6858 3464 5910 3562 6858 3464 6850 3290 6861 3563 6850 3290 6848 3465 6861 3563 6849 3369 6207 3564 6848 3465 6895 3466 6205 3565 6849 3369 6893 3370 6205 3565 6895 3466 6202 3467 6203 3566 6893 3370 6197 3468 6202 3467 7099 3291 7100 3292 6196 3469 6197 3468 6193 3567 6196 3469 6194 3371 6194 3371 6192 3470 6193 3567 6192 3470 6190 3372 6191 3568 6190 3372 6189 3471 6188 3569 6187 3570 6189 3471 7102 3211 7102 3211 6186 3472 6187 3570 6034 3373 6005 3571 6186 3472 6034 3373 5993 3374 6005 3571 5995 3473 5994 3572 5993 3374 5995 3473 6030 3375 5996 3573 6030 3375 5992 3474 5996 3573 7105 3294 3990 3475 5992 3474 3992 3376 3991 3574 3990 3475 3994 3377 3993 3575 3992 3376 3997 3213 3996 3477 3995 3476 4177 3576 4215 3576 4202 3576 595 1710 596 1710 597 1710 7396 3577 7397 3481 7383 3381 964 3483 968 3578 969 3145 964 3483 965 3382 960 3383 960 3383 965 3382 966 3484 963 3485 1088 3579 960 3383 1102 3580 963 3485 958 3384 1102 3580 958 3384 954 3486 947 3487 954 3486 955 3386 1099 3581 947 3487 949 3387 945 3489 949 3387 951 3388 945 3489 951 3388 943 3488 943 3488 944 3306 945 3489 940 3490 945 3489 946 3389 940 3490 941 3221 942 3582 936 3491 942 3582 941 3221 937 3583 936 3491 939 3390 935 3584 939 3390 1119 3492 935 3584 1119 3492 934 3307 918 3585 934 3307 788 3493 781 3391 784 3494 788 3493 780 3223 781 3391 782 3392 781 3391 786 3393 784 3494 783 3586 784 3494 785 3309 785 3309 787 3495 789 3587 891 3394 790 3588 787 3495 891 3394 899 3395 790 3588 899 3395 907 3396 795 3589 907 3396 802 3397 798 3590 802 3397 808 3496 809 3591 807 3228 806 3497 808 3496 1174 3498 806 3497 805 3398 1174 3498 810 3311 1175 3499 1200 3399 1213 3501 1175 3499 1211 3500 1212 3401 1200 3399 1200 3399 1212 3401 1213 3501 1213 3501 1076 3402 1214 3592 1078 3502 1208 3593 1076 3402 1078 3502 1077 3317 1079 3594 1079 3594 1077 3317 1080 3503 1080 3503 1131 3403 911 3595 1131 3403 1138 3404 914 3596 1138 3404 1145 3405 917 3597 1145 3405 1152 3406 922 3598 1152 3406 1159 3407 924 3599 1159 3407 1166 3504 927 3600 1158 3318 1165 3505 1166 3504 1157 3319 1164 3506 1165 3505 1156 3320 1163 3507 1164 3506 1155 3321 1162 3508 1163 3507 1154 3322 1161 3509 1162 3508 1153 3408 1160 3601 1161 3509 1042 3510 1038 3324 1153 3408 1597 3410 1037 3602 1041 3511 1597 3410 2104 3411 1602 3603 2251 3412 2107 3604 2104 3411 2231 3413 2250 3605 2251 3412 2211 3414 2230 3606 2231 3413 2191 3512 2210 3607 2211 3414 2172 3415 2191 3512 2192 3325 2152 3513 2171 3608 2172 3415 2133 3514 2152 3513 2153 3326 2082 3515 2133 3514 2134 3327 2079 3328 2081 3609 2082 3515 2079 3328 2080 3516 2081 3609 2080 3516 2086 3416 2371 3029 2034 3517 2035 3610 2371 3029 2032 3418 2033 3611 2034 3517 2032 3418 2031 3518 2033 3611 2030 3330 2029 3520 2031 3518 3269 3522 3227 3169 3229 3521 3229 3521 3228 3420 3269 3522 3269 3522 3423 3331 3268 3612 3268 3612 3423 3331 3259 3523 3259 3523 3424 3251 3260 3524 3261 3525 3260 3524 3262 3421 3261 3525 3264 3333 3267 3613 3255 3614 3264 3333 3265 3526 3253 3615 3265 3526 3426 3422 3426 3422 3256 3527 3254 3616 3427 3334 3257 3617 3256 3527 3427 3334 3245 3528 3257 3617 3428 3335 3246 3618 3245 3528 3247 3619 3428 3335 3248 3529 3248 3529 3429 3336 3249 3620 3249 3620 3429 3336 3250 3530 3250 3530 3430 3337 3237 3621 3430 3337 3239 3531 3238 3622 3431 3338 3240 3532 3239 3531 3241 3623 3240 3532 3242 3423 3231 3541 3242 3423 3243 3533 3232 3534 3243 3533 3432 3253 3232 3534 3233 3424 3230 3624 3230 3624 3233 3424 3234 3535 3234 3535 3434 3254 3433 3536 3600 3426 3433 3536 3435 3425 3609 3430 3600 3426 3610 3429 3609 3430 3608 3537 3600 3426 3606 3431 3593 3434 3608 3537 3604 3432 3594 3538 3606 3431 3604 3432 3534 3433 3594 3538 3606 3431 3594 3538 3593 3434 3593 3434 3595 3435 3596 3539 3597 3625 3596 3539 3598 3436 3433 3536 3598 3436 3599 3540 3599 3540 3703 3350 3230 3624 3231 3541 3230 3624 3703 3350 3241 3623 3231 3541 3702 3437 3743 3626 3702 3437 3744 3438 3751 3627 3744 3438 3752 3439 3759 3628 3752 3439 3760 3440 3768 3542 3760 3440 3769 3351 3775 3543 3768 3542 3776 3352 3726 3544 3775 3543 3728 3353 3725 3629 3726 3544 3727 3441 4208 3443 7287 3630 7288 3442 4210 3545 4208 3443 4212 3444 4210 3545 7290 3355 7285 3631 7290 3355 7334 3546 7285 3631 7327 3356 7326 3547 7334 3546 7318 3357 7317 3548 7326 3547 7293 3445 7294 3632 7317 3548 7217 3549 7219 3633 7293 3445 7217 3549 7292 3276 7216 3550 7292 3276 7207 3446 7216 3550 7218 3551 7216 3550 7208 3278 7214 3634 7218 3551 7235 3447 7235 3447 7234 3552 7233 3635 7134 3360 7135 3553 7234 3552 7137 3636 7135 3553 7136 3448 7138 3554 7137 3636 7136 3448 7145 3637 7138 3554 7144 3449 7144 3449 7151 3555 7145 3637 7152 3362 7154 3556 7151 3555 7155 3450 7118 3638 7154 3556 7156 3451 7118 3638 7155 3450 7158 3639 7156 3451 7124 3557 6881 3453 7124 3557 7123 3363 7123 3363 6880 3558 6881 3453 6876 3559 7124 3557 6881 3453 6873 3640 6876 3559 6875 3365 6873 3640 6875 3365 6872 3560 6945 3454 6856 3641 6872 3560 6946 3455 6870 3642 6945 3454 6947 3456 6871 3643 6946 3455 6960 3457 6869 3644 6947 3456 6958 3458 6867 3645 6960 3457 6956 3459 6866 3646 6958 3458 6954 3460 6865 3647 6956 3459 6952 3461 6864 3648 6954 3460 6863 3561 6864 3648 6952 3461 6857 3462 5901 3649 6863 3561 6857 3462 5899 3463 5900 3650 5908 3651 5899 3463 6859 3368 5910 3562 5908 3651 6859 3368 6861 3563 5910 3562 6858 3464 6861 3563 6848 3465 6860 3652 6207 3564 6201 3653 6848 3465 6205 3565 6207 3564 6849 3369 6893 3370 6203 3566 6205 3565 6203 3566 6202 3467 6198 3654 6198 3654 6202 3467 6197 3468 6197 3468 6196 3469 6193 3567 6193 3567 6192 3470 6191 3568 6191 3568 6190 3372 6188 3569 6188 3569 6189 3471 6187 3570 6187 3570 6186 3472 6053 3655 6005 3571 6006 3656 6186 3472 5993 3374 5994 3572 6005 3571 5996 3573 5994 3572 5995 3473 5996 3573 5992 3474 6026 3657 5992 3474 3990 3475 5991 3658 3993 3575 3991 3574 3992 3376 4175 1710 4215 1710 4177 1710 597 3659 596 3659 602 3659 7398 3660 7396 3577 7383 3381 967 3661 968 3578 964 3483 960 3383 1089 3662 964 3483 960 3383 1088 3579 1089 3662 1101 3663 1088 3579 963 3485 1101 3663 963 3485 1102 3580 1097 3664 1102 3580 954 3486 1097 3664 954 3486 947 3487 1098 3665 947 3487 1099 3581 1099 3581 949 3387 945 3489 1124 3666 945 3489 940 3490 938 3667 940 3490 942 3582 938 3667 942 3582 936 3491 936 3491 937 3583 938 3667 938 3667 937 3583 939 3390 1087 3668 939 3390 935 3584 934 3307 933 3669 935 3584 910 3670 934 3307 918 3585 788 3493 791 3671 918 3585 789 3587 788 3493 784 3494 784 3494 783 3586 789 3587 785 3309 789 3587 783 3586 787 3495 788 3493 789 3587 787 3495 790 3588 792 3672 899 3395 795 3589 790 3588 907 3396 798 3590 795 3589 802 3397 803 3673 798 3590 802 3397 809 3591 803 3673 1202 3674 809 3591 808 3496 1202 3674 808 3496 806 3497 1202 3674 806 3497 1174 3498 1173 3675 1174 3498 1175 3499 1175 3499 1213 3501 1214 3592 1076 3402 1173 3675 1214 3592 1076 3402 1208 3593 1173 3675 1078 3502 1209 3676 1208 3593 1079 3594 1209 3676 1078 3502 1079 3594 1080 3503 1081 3677 1080 3503 911 3595 1083 3678 1131 3403 914 3596 911 3595 1138 3404 917 3597 914 3596 1145 3405 922 3598 917 3597 1152 3406 924 3599 922 3598 1159 3407 927 3600 924 3599 1166 3504 930 3679 927 3600 1165 3505 1113 3680 1166 3504 1164 3506 1112 3681 1165 3505 1163 3507 1110 3682 1164 3506 1162 3508 1108 3683 1163 3507 1161 3509 1106 3684 1162 3508 1160 3601 1104 3685 1161 3509 1038 3324 1160 3601 1153 3408 1036 3686 1041 3511 1037 3602 1597 3410 1033 3687 1037 3602 1602 3603 1033 3687 1597 3410 2104 3411 1601 3688 1602 3603 2107 3604 1603 3689 2104 3411 2250 3605 2107 3604 2251 3412 2230 3606 2250 3605 2231 3413 2210 3607 2230 3606 2211 3414 2190 3690 2210 3607 2191 3512 2171 3608 2191 3512 2172 3415 2151 3691 2171 3608 2152 3513 2132 3692 2152 3513 2133 3514 2077 3693 2133 3514 2082 3515 2081 3609 2083 3694 2082 3515 2080 3516 2371 3029 2081 3609 2035 3610 2037 3695 2371 3029 2034 3517 2033 3611 2035 3610 2031 3518 2119 3696 2033 3611 2029 3520 2118 3697 2031 3518 3268 3612 3227 3169 3269 3522 3259 3523 3261 3525 3268 3612 3259 3523 3260 3524 3261 3525 3261 3525 3267 3613 3699 3698 3267 3613 3264 3333 3263 3699 3263 3699 3264 3333 3255 3614 3255 3614 3265 3526 3253 3615 3426 3422 3254 3616 3253 3615 3255 3614 3254 3616 3256 3527 3255 3614 3256 3527 3257 3617 3245 3528 3244 3700 3257 3617 3244 3700 3245 3528 3246 3618 3247 3619 3246 3618 3428 3335 3244 3700 3247 3619 3248 3529 3244 3700 3248 3529 3249 3620 3250 3530 3251 3701 3249 3620 3237 3621 3236 3702 3250 3530 3430 3337 3238 3622 3237 3621 3238 3622 3239 3531 3236 3702 3236 3702 3239 3531 3240 3532 3236 3702 3240 3532 3241 3623 3241 3623 3242 3423 3231 3541 3231 3541 3243 3533 3232 3534 3230 3624 3231 3541 3232 3534 3230 3624 3234 3535 3235 3703 3234 3535 3433 3536 3235 3703 3600 3426 3597 3625 3433 3536 3608 3537 3597 3625 3600 3426 3608 3537 3593 3434 3597 3625 3593 3434 3596 3539 3597 3625 3597 3625 3598 3436 3433 3536 3433 3536 3599 3540 3235 3703 3599 3540 3230 3624 3235 3703 3236 3702 3241 3623 3702 3437 3743 3626 3236 3702 3702 3437 3751 3627 3743 3626 3744 3438 3759 3628 3751 3627 3752 3439 3768 3542 3759 3628 3760 3440 3775 3543 3767 3704 3768 3542 3726 3544 3774 3705 3775 3543 3725 3629 3724 3706 3726 3544 7288 3442 7287 3630 7312 3707 7287 3630 4208 3443 4203 3708 4210 3545 4209 3709 4208 3443 7285 3631 4209 3709 4210 3545 7285 3631 7334 3546 7341 3710 7334 3546 7326 3547 7333 3711 7326 3547 7317 3548 7325 3712 7317 3548 7294 3632 7316 3713 7293 3445 7220 3714 7294 3632 7219 3633 7220 3714 7293 3445 7219 3633 7217 3549 7218 3551 7218 3551 7217 3549 7216 3550 7214 3634 7219 3633 7218 3551 7233 3635 7214 3634 7235 3447 7234 3552 7232 3715 7233 3635 7234 3552 7135 3553 7232 3715 7135 3553 7137 3636 7232 3715 7139 3716 7137 3636 7138 3554 7140 3717 7138 3554 7145 3637 7151 3555 7148 3718 7145 3637 7154 3556 7153 3719 7151 3555 7118 3638 7116 3720 7154 3556 7158 3639 7118 3638 7156 3451 7125 3721 7158 3639 7124 3557 6873 3640 7124 3557 6876 3559 6856 3641 6873 3640 6872 3560 6870 3642 6856 3641 6945 3454 6871 3643 6870 3642 6946 3455 6947 3456 6868 3722 6871 3643 6869 3644 6868 3722 6947 3456 6867 3645 6869 3644 6960 3457 6866 3646 6867 3645 6958 3458 6865 3647 6866 3646 6956 3459 6864 3648 6865 3647 6954 3460 6863 3561 5895 3723 6864 3648 5901 3649 5903 3724 6863 3561 5900 3650 5901 3649 6857 3462 5836 3725 5900 3650 5899 3463 5908 3651 5907 3726 5899 3463 5910 3562 5909 3727 5908 3651 5911 3728 5910 3562 6861 3563 6862 3729 6861 3563 6860 3652 6848 3465 6201 3653 6860 3652 6201 3653 6207 3564 6200 3730 6207 3564 6205 3565 6206 3731 6205 3565 6203 3566 6204 3732 6204 3732 6203 3566 6198 3654 6198 3654 6197 3468 6193 3567 6193 3567 6191 3568 6215 3733 6191 3568 6188 3569 6213 3734 6188 3569 6187 3570 6053 3655 6053 3655 6186 3472 6007 3735 6186 3472 6006 3656 6007 3735 6000 3736 6006 3656 6005 3571 6005 3571 5994 3572 6000 3736 5994 3572 5996 3573 6000 3736 5996 3573 6026 3657 5998 3737 5992 3474 5990 3738 6026 3657 5992 3474 5991 3658 5990 3738 5991 3658 3990 3475 6441 3739 4177 3740 4176 3740 4175 3740 601 1710 597 1710 602 1710 7399 3741 7398 3660 7383 3381 964 3483 1090 3742 967 3661 964 3483 1089 3662 1090 3742 1088 3579 996 3743 1089 3662 1100 3744 1088 3579 1101 3663 1095 3745 1101 3663 1102 3580 1095 3745 1102 3580 1097 3664 1098 3665 1097 3664 947 3487 1123 3746 1098 3665 1099 3581 1124 3666 1099 3581 945 3489 1118 3747 1124 3666 940 3490 1118 3747 940 3490 938 3667 1087 3668 938 3667 939 3390 933 3669 1087 3668 935 3584 909 3748 933 3669 934 3307 910 3670 909 3748 934 3307 918 3585 921 3749 910 3670 791 3671 912 3750 918 3585 788 3493 792 3672 791 3671 787 3495 792 3672 788 3493 790 3588 791 3671 792 3672 790 3588 795 3589 796 3751 795 3589 798 3590 797 3752 798 3590 803 3673 804 3753 1204 3754 803 3673 809 3591 1204 3754 809 3591 1202 3674 1174 3498 1209 3676 1202 3674 1173 3675 1208 3593 1174 3498 1175 3499 1214 3592 1173 3675 1174 3498 1208 3593 1209 3676 1079 3594 1210 3755 1209 3676 1081 3677 1210 3755 1079 3594 1081 3677 1080 3503 1082 3756 1082 3756 1080 3503 1083 3678 1083 3678 911 3595 913 3757 911 3595 914 3596 916 3758 914 3596 917 3597 919 3759 917 3597 922 3598 923 3760 922 3598 924 3599 926 3761 924 3599 927 3600 929 3762 927 3600 930 3679 932 3763 1166 3504 1113 3680 930 3679 1165 3505 1112 3681 1113 3680 1164 3506 1110 3682 1112 3681 1163 3507 1108 3683 1110 3682 1162 3508 1106 3684 1108 3683 1161 3509 1104 3685 1106 3684 1160 3601 1027 3764 1104 3685 1038 3324 1036 3686 1160 3601 7371 3765 1041 3511 1036 3686 1036 3686 1037 3602 1033 3687 1602 3603 1034 3766 1033 3687 1601 3688 1034 3766 1602 3603 2104 3411 1603 3689 1601 3688 2107 3604 1604 3767 1603 3689 2250 3605 2106 3768 2107 3604 2230 3606 2249 3769 2250 3605 2210 3607 2229 3770 2230 3606 2190 3690 2209 3771 2210 3607 2171 3608 2190 3690 2191 3512 2151 3691 2170 3772 2171 3608 2132 3692 2151 3691 2152 3513 2077 3693 2132 3692 2133 3514 2082 3515 2084 3773 2077 3693 2082 3515 2083 3694 2084 3773 2084 3419 2083 3419 2081 3419 2084 3773 2081 3609 2371 3029 2037 3695 2039 3774 2371 3029 2035 3610 2036 3775 2037 3695 2035 3610 2033 3611 2036 3775 2033 3611 2119 3696 2120 3776 2031 3518 2118 3697 2119 3696 3268 3612 3270 3777 3227 3169 3268 3612 3261 3525 3270 3777 3721 3778 3261 3525 3699 3698 3267 3613 3263 3699 3699 3698 3263 3699 3255 3614 3765 3779 3253 3615 3254 3616 3255 3614 3257 3617 3258 3780 3255 3614 3257 3617 3244 3700 3258 3780 3246 3618 3247 3619 3244 3700 3249 3620 3252 3781 3244 3700 3249 3620 3251 3701 3252 3781 3250 3530 3236 3702 3251 3701 3236 3702 3237 3621 3238 3622 3251 3701 3236 3702 3743 3626 3701 3782 3743 3626 3751 3627 3758 3783 3751 3627 3759 3628 3767 3704 3759 3628 3768 3542 3774 3705 3767 3704 3775 3543 3724 3706 3774 3705 3726 3544 3723 3784 3724 3706 3725 3629 7287 3630 7311 3785 7312 3707 4203 3708 7289 3786 7287 3630 4208 1710 4205 1710 4203 1710 4209 3709 4207 3787 4208 3443 4209 3709 7285 3631 4207 3787 7285 3631 7341 3710 7286 3788 7334 3546 7333 3711 7341 3710 7326 3547 7325 3712 7333 3711 7317 3548 7316 3713 7325 3712 7294 3632 7281 3789 7316 3713 7220 3714 7215 3790 7294 3632 7220 3714 7219 3633 7214 3634 7212 3791 7214 3634 7233 3635 7233 3635 7232 3715 7231 3792 7232 3715 7137 3636 7230 3793 7137 3636 7139 3716 7230 3793 7140 3717 7139 3716 7138 3554 7146 3794 7140 3717 7145 3637 7145 3637 7148 3718 7146 3794 7151 3555 7153 3719 7148 3718 7154 3556 7116 3720 7153 3719 7118 3638 7117 3795 7116 3720 7117 3795 7118 3638 7158 3639 7115 3796 7158 3639 7125 3721 7126 3797 7125 3721 7124 3557 7126 3797 7124 3557 6873 3640 6874 3798 6873 3640 6856 3641 6856 3641 6870 3642 5876 3799 6871 3643 5884 3800 6870 3642 6868 3722 5883 3801 6871 3643 6869 3644 5890 3802 6868 3722 6867 3645 5887 3803 6869 3644 6867 3645 6866 3646 5892 3804 6866 3646 6865 3647 5891 3805 6865 3647 6864 3648 5898 3806 5895 3723 5896 3807 6864 3648 5904 3808 5895 3723 6863 3561 6863 3561 5903 3724 5904 3808 5903 3724 5901 3649 5902 3809 5901 3649 5900 3650 5836 3725 5899 3463 5906 3810 5836 3725 5907 3726 5906 3810 5899 3463 5909 3727 5907 3726 5908 3651 5911 3728 5909 3727 5910 3562 5913 3811 5911 3728 6861 3563 5913 3811 6861 3563 6862 3729 6860 3652 6199 3812 6862 3729 6201 3653 6199 3812 6860 3652 6201 3653 6200 3730 6199 3812 6207 3564 6206 3731 6200 3730 6206 3731 6205 3565 6204 3732 6204 3732 6198 3654 6219 3813 6198 3654 6193 3567 6217 3814 6217 3814 6193 3567 6215 3733 6215 3733 6191 3568 6213 3734 6213 3734 6188 3569 6211 3815 6188 3569 6053 3655 6211 3815 6053 3655 6007 3735 6008 3816 6000 3736 6007 3735 6006 3656 6000 3736 5996 3573 5998 3737 5998 3737 6026 3657 5997 3817 6026 3657 5990 3738 6027 3818 5991 3658 6441 3739 5990 3738 3990 3475 7565 3819 6441 3739 4181 1710 4176 1710 4177 1710 601 1710 603 1710 597 1710 967 3661 1090 3742 971 3820 1089 3662 993 3821 1090 3742 1089 3662 996 3743 993 3821 1100 3744 996 3743 1088 3579 1093 3822 1100 3744 1101 3663 1093 3822 1101 3663 1095 3745 1096 3823 1095 3745 1097 3664 1096 3823 1097 3664 1098 3665 1122 3824 1098 3665 1123 3746 1123 3746 1099 3581 1124 3666 1117 3825 1124 3666 1118 3747 1111 3826 1118 3747 938 3667 1111 3826 938 3667 1087 3668 933 3669 908 3827 1087 3668 909 3748 908 3827 933 3669 908 3827 909 3748 910 3670 921 3749 931 3828 910 3670 918 3585 923 3760 921 3749 912 2774 915 2774 918 2774 793 3829 912 3750 791 3671 790 3588 796 3751 791 3671 795 3589 794 3830 796 3751 795 3589 797 3752 793 3829 797 3752 798 3590 799 3831 798 3590 804 3753 800 3832 1203 3833 804 3753 803 3673 1203 3833 803 3673 1204 3754 1207 3834 1204 3754 1202 3674 1202 3674 1209 3676 1210 3755 1081 3677 1207 3834 1210 3755 1082 3756 1207 3834 1081 3677 1082 3756 1083 3678 1084 3835 1083 3678 913 3757 1085 3836 911 3595 912 3750 913 3757 911 3595 916 3758 912 3750 914 3596 915 3837 916 3758 914 3596 919 3759 915 3837 917 3597 918 3585 919 3759 917 3597 923 3760 918 3585 922 3598 921 3749 923 3760 922 3598 926 3761 920 3838 924 3599 925 3839 926 3761 924 3599 929 3762 925 3839 927 3600 928 3840 929 3762 927 3600 932 3763 928 3840 930 3679 931 3828 932 3763 1113 3680 908 3827 930 3679 1112 3681 1087 3668 1113 3680 1110 3682 1111 3826 1112 3681 1108 3683 1109 3841 1110 3682 1106 3684 1107 3842 1108 3683 1104 3685 1105 3843 1106 3684 1027 3764 1103 3844 1104 3685 1036 3686 1027 3764 1160 3601 7371 3765 1036 3686 1038 3324 1033 3687 1034 3766 1029 3845 1601 3688 1035 3846 1034 3766 1030 3847 1601 3688 1603 3689 1032 3848 1603 3689 1604 3767 2106 3768 1604 3767 2107 3604 2249 3769 2106 3768 2250 3605 2229 3770 2249 3769 2230 3606 2209 3771 2229 3770 2210 3607 2189 3849 2209 3771 2190 3690 2170 3772 2190 3690 2171 3608 2150 3850 2170 3772 2151 3691 2131 3851 2151 3691 2132 3692 2072 3852 2132 3692 2077 3693 2077 3693 2084 3773 2085 3853 2085 3853 2084 3773 2371 3029 2042 3854 2371 3029 2039 3774 2040 3855 2039 3855 2037 3855 2036 3775 2041 3856 2037 3695 2033 3611 2120 3776 2036 3775 2119 3696 2139 3857 2120 3776 2118 3697 2138 3858 2119 3696 3720 3859 3227 3169 3270 3777 3270 3777 3261 3525 3721 3778 3721 3778 3699 3698 3722 3860 3699 3698 3263 3699 3765 3779 3765 3779 3255 3614 3700 3861 3255 3614 3258 3780 3700 3861 3258 3780 3244 3700 3700 3861 3244 3700 3252 3781 3701 3782 3252 3781 3251 3701 3701 3782 3701 3782 3251 3701 3743 3626 3758 3783 3701 3782 3751 3627 3767 3704 3758 3783 3759 3628 3774 3705 3766 3862 3767 3704 3724 3706 3773 3863 3774 3705 3723 3784 3722 3860 3724 3706 7312 3707 7311 3785 7310 3864 7287 3630 7356 3865 7311 3785 7289 3786 7356 3865 7287 3630 4204 3866 7289 3786 4203 3708 4205 1710 4204 1710 4203 1710 4216 3867 4205 3868 4208 3443 4208 3443 4207 3787 4206 3869 4207 3787 7285 3631 7286 3788 7286 3788 7341 3710 7349 3870 7341 3710 7333 3711 7340 3871 7333 3711 7325 3712 7332 3872 7325 3712 7316 3713 7324 3873 7316 3713 7281 3789 7315 3874 7294 3632 7188 3875 7281 3789 7294 3632 7215 3790 7213 3876 7215 3790 7220 3714 7214 3634 7214 3634 7212 3791 7213 3876 7231 3792 7212 3791 7233 3635 7232 3715 7230 3793 7231 3792 7230 3793 7139 3716 7228 3877 7139 3716 7140 3717 7228 3877 7140 3717 7146 3794 7226 3878 7148 3718 7147 3879 7146 3794 7153 3719 7198 3880 7148 3718 7116 3720 7159 3881 7153 3719 7117 3795 7029 3882 7116 3720 7115 3796 7117 3795 7158 3639 7114 3883 7115 3796 7125 3721 7125 3721 7126 3797 6874 3798 6874 3798 7126 3797 6873 3640 6854 3884 6874 3798 6856 3641 5878 3885 6856 3641 5876 3799 5876 3799 6870 3642 5875 3886 5884 3800 5885 3887 6870 3642 6871 3643 5883 3801 5884 3800 5890 3802 5883 3801 6868 3722 5887 3803 5890 3802 6869 3644 5894 3888 5887 3803 6867 3645 5894 3888 6867 3645 5892 3804 5892 3804 6866 3646 5891 3805 5891 3805 6865 3647 5898 3806 6864 3648 5896 3807 5898 3806 5897 3889 5896 3807 5895 3723 5904 3808 5902 3809 5895 3723 5904 3808 5903 3724 5902 3809 5902 3809 5901 3649 5838 3890 5838 3890 5901 3649 5836 3725 5906 3810 5905 3891 5836 3725 5907 3726 5939 3892 5906 3810 5909 3727 5940 3893 5907 3726 5912 3894 5909 3727 5911 3728 5913 3811 5912 3894 5911 3728 5935 3895 5913 3811 6862 3729 6199 3812 5935 3895 6862 3729 6200 3730 6101 3896 6199 3812 6200 3730 6206 3731 6101 3896 6206 3731 6204 3732 6221 3897 6221 3897 6204 3732 6219 3813 6219 3813 6198 3654 6217 3814 6217 3814 6215 3733 6216 3898 6215 3733 6213 3734 6214 3899 6213 3734 6211 3815 6212 3900 6211 3815 6053 3655 6052 3901 6053 3655 6008 3816 6052 3901 6008 3816 6007 3735 6000 3736 6000 3736 5998 3737 5999 3902 5999 3902 5998 3737 5997 3817 6026 3657 6024 3903 5997 3817 6027 3818 6025 3904 6026 3657 5990 3738 6441 3739 6027 3818 6441 3739 7565 3819 6440 3905 3990 3475 7566 3906 7565 3819 4181 1710 4177 1710 4180 1710 597 3907 603 3907 604 3907 967 3661 971 3820 1091 3908 1090 3742 990 3909 971 3820 1090 3742 993 3821 990 3909 993 3821 996 3743 997 3910 1007 3911 996 3743 1100 3744 1010 3912 1100 3744 1093 3822 1094 3913 1093 3822 1095 3745 1094 3913 1095 3745 1096 3823 1122 3824 1096 3823 1098 3665 1116 3914 1122 3824 1123 3746 1117 3825 1123 3746 1124 3666 1109 3841 1117 3825 1118 3747 1109 3841 1118 3747 1111 3826 1112 3681 1111 3826 1087 3668 1113 3680 1087 3668 908 3827 930 3679 908 3827 910 3670 930 3679 910 3670 931 3828 932 3763 931 3828 921 3749 915 3837 919 3759 918 3585 912 3750 916 3758 915 3837 793 3829 799 3831 912 3750 791 3671 796 3751 793 3829 794 3830 793 3829 796 3751 793 3829 794 3830 795 3589 793 3829 797 3752 799 3831 799 3831 798 3590 800 3832 800 3832 804 3753 1203 3833 1206 3915 1203 3833 1204 3754 1206 3915 1204 3754 1207 3834 1202 3674 1210 3755 1207 3834 1082 3756 1206 3915 1207 3834 1172 3916 1082 3756 1084 3835 1084 3835 1083 3678 1085 3836 913 3757 912 3750 1085 3836 920 3838 921 3749 922 3598 920 3838 926 3761 925 3839 925 3839 929 3762 928 3840 921 3749 928 3840 932 3763 1110 3682 1109 3841 1111 3826 1108 3683 1107 3842 1109 3841 1106 3684 1105 3843 1107 3842 1104 3685 1103 3844 1105 3843 1027 3764 1031 3917 1103 3844 1036 3686 1029 3845 1027 3764 1029 3845 1034 3766 1035 3846 1028 3918 1035 3846 1601 3688 1026 3919 1601 3688 1030 3847 1030 3847 1603 3689 1032 3848 1032 3848 1604 3767 1022 3920 2106 3768 1607 3921 1604 3767 2249 3769 2105 3922 2106 3768 2229 3770 2248 3923 2249 3769 2209 3771 2228 3924 2229 3770 2189 3849 2208 3925 2209 3771 2170 3772 2189 3849 2190 3690 2150 3850 2169 3926 2170 3772 2131 3851 2150 3850 2151 3691 2072 3852 2131 3851 2132 3692 2076 3927 2072 3852 2077 3693 2077 3693 2085 3853 2078 3928 2078 3928 2085 3853 2371 3029 2042 3854 2044 3929 2371 3029 2039 3774 2038 3930 2042 3854 2038 3930 2039 3774 2040 3931 2037 3419 2041 3419 2040 3419 2036 3775 2040 3931 2041 3856 2036 3775 2120 3776 2121 3932 2120 3776 2139 3857 2140 3933 2119 3696 2138 3858 2139 3857 3270 3777 3721 3778 3720 3859 3720 3859 3721 3778 3722 3860 3722 3860 3699 3698 3773 3863 3699 3698 3765 3779 3773 3863 3765 3779 3700 3861 3766 3862 3700 3861 3244 3700 3701 3782 3700 3861 3701 3782 3758 3783 3766 3862 3758 3783 3767 3704 3773 3863 3766 3862 3774 3705 3722 3860 3773 3863 3724 3706 3720 3859 3722 3860 3723 3784 7311 3785 7309 3934 7310 3864 7356 3865 7355 3935 7311 3785 7289 3786 7349 3870 7356 3865 4204 3866 4205 3868 7289 3786 7289 3786 4205 3868 4216 3867 4206 3869 4216 3867 4208 3443 7286 3788 4206 3869 4207 3787 7286 3788 7349 3870 7289 3786 7341 3710 7340 3871 7349 3870 7333 3711 7332 3872 7340 3871 7325 3712 7324 3873 7332 3872 7316 3713 7315 3874 7324 3873 7281 3789 7295 3936 7315 3874 7188 3875 7161 3937 7281 3789 7211 3938 7188 3875 7294 3632 7213 3876 7211 3938 7294 3632 7215 3790 7214 3634 7213 3876 7213 3876 7212 3791 7211 3938 7189 3939 7212 3791 7231 3792 7231 3792 7230 3793 7229 3940 7230 3793 7228 3877 7229 3940 7228 3877 7140 3717 7226 3878 7226 3878 7146 3794 7191 3941 7146 3794 7147 3879 7191 3941 7148 3718 7198 3880 7147 3879 7153 3719 7157 3942 7198 3880 7159 3881 7157 3942 7153 3719 7029 3882 7159 3881 7116 3720 7046 3943 7029 3882 7117 3795 7038 3944 7117 3795 7115 3796 7036 3945 7115 3796 7114 3883 7114 3883 7125 3721 6854 3884 6854 3884 7125 3721 6874 3798 6856 3641 6855 3946 6854 3884 6855 3946 6856 3641 5878 3885 5878 3885 5876 3799 5877 3947 5877 3947 5876 3799 5875 3886 6870 3642 5885 3887 5875 3886 5885 3887 5884 3800 5882 3948 5884 3800 5883 3801 5882 3948 5883 3801 5890 3802 5889 3949 5890 3802 5887 3803 5889 3949 5887 3803 5894 3888 5886 3950 5894 3888 5892 3804 5886 3950 5893 3951 5892 3804 5891 3805 5891 3805 5898 3806 5893 3951 5898 3806 5896 3807 5897 3889 5895 3723 5915 3952 5897 3889 5895 3723 5902 3809 5915 3952 5902 3809 5838 3890 5915 3952 5838 3890 5836 3725 5837 3953 5836 3725 5905 3891 5835 3954 5939 3892 5905 3891 5906 3810 5940 3893 5939 3892 5907 3726 5941 3955 5940 3893 5909 3727 5912 3894 5941 3955 5909 3727 5912 3894 5913 3811 5936 3956 5936 3956 5913 3811 5935 3895 5936 3956 5935 3895 6199 3812 6199 3812 6101 3896 6102 3957 6206 3731 6209 3958 6101 3896 6066 3959 6206 3731 6221 3897 6221 3897 6219 3813 6220 3960 6219 3813 6217 3814 6218 3961 6218 3961 6217 3814 6216 3898 6216 3898 6215 3733 6214 3899 6214 3899 6213 3734 6212 3900 6212 3900 6211 3815 6210 3962 6211 3815 6052 3901 6210 3962 6052 3901 6008 3816 6004 3963 6004 3963 6008 3816 6000 3736 6000 3736 5999 3902 6004 3963 5999 3902 5997 3817 6031 3964 5997 3817 6024 3903 6029 3965 6026 3657 6025 3904 6024 3903 6027 3818 6438 3966 6025 3904 6441 3739 6440 3905 6027 3818 6439 3967 6440 3905 7565 3819 4177 3968 4182 3968 4180 3968 1091 3908 971 3820 970 3969 971 3820 990 3909 988 3970 993 3821 994 3971 990 3909 997 3910 1000 3972 993 3821 1007 3911 997 3910 996 3743 1010 3912 1007 3911 1100 3744 1092 3973 1010 3912 1093 3822 1092 3973 1093 3822 1094 3913 1121 3974 1094 3913 1096 3823 1121 3974 1096 3823 1122 3824 1115 3975 1122 3824 1116 3914 1116 3914 1123 3746 1117 3825 1107 3842 1117 3825 1109 3841 1085 3836 912 3750 799 3831 799 3831 800 3832 801 3976 1171 3977 800 3832 1203 3833 1205 3978 1203 3833 1206 3915 1205 3978 1206 3915 1082 3756 1205 3978 1082 3756 1172 3916 1172 3916 1084 3835 1086 3979 1084 3835 1085 3836 1086 3979 920 3838 925 3839 921 3749 921 3749 925 3839 928 3840 1105 3843 1116 3914 1107 3842 1103 3844 1115 3975 1105 3843 1031 3917 1114 3980 1103 3844 1026 3919 1031 3917 1027 3764 1028 3918 1027 3764 1029 3845 1601 3688 1026 3919 1028 3918 1026 3919 1030 3847 1031 3917 1031 3917 1030 3847 1032 3848 1031 3917 1032 3848 1022 3920 1604 3767 1023 3981 1022 3920 1607 3921 1025 3982 1604 3767 2105 3922 1607 3921 2106 3768 2248 3923 2105 3922 2249 3769 2228 3924 2248 3923 2229 3770 2208 3925 2228 3924 2209 3771 2188 3983 2208 3925 2189 3849 2169 3926 2189 3849 2170 3772 2149 3984 2169 3926 2150 3850 2130 3985 2150 3850 2131 3851 2070 3986 2131 3851 2072 3852 2073 3987 2072 3852 2076 3927 2076 3927 2077 3693 2078 3928 2076 3927 2078 3928 2371 3029 2044 3929 2048 3988 2371 3029 2042 3854 2043 3989 2044 3929 2042 3854 2038 3930 2043 3989 2038 3930 2040 3931 2036 3775 2036 3775 2121 3932 2038 3930 2120 3776 2140 3933 2121 3932 2139 3857 2159 3990 2140 3933 2138 3858 2158 3991 2139 3857 3773 3863 3765 3779 3766 3862 3766 3862 3700 3861 3758 3783 7310 3864 7309 3934 7308 3992 7311 3785 7355 3935 7309 3934 7356 3865 7348 3993 7355 3935 7349 3870 7348 3993 7356 3865 4216 3867 7286 3788 7289 3786 4206 3869 7286 3788 4216 3867 7349 3870 7340 3871 7348 3993 7340 3871 7332 3872 7339 3994 7332 3872 7324 3873 7331 3995 7324 3873 7315 3874 7323 3996 7315 3874 7295 3936 7314 3997 7295 3936 7281 3789 7164 3998 7281 3789 7161 3937 7162 3999 7189 3939 7161 3937 7188 3875 7211 3938 7189 3939 7188 3875 7212 3791 7189 3939 7211 3938 7229 3940 7189 3939 7231 3792 7229 3940 7228 3877 7227 4000 7228 3877 7226 3878 7227 4000 7226 3878 7191 3941 7225 4001 7191 3941 7147 3879 7190 4002 7198 3880 7197 4003 7147 3879 7157 3942 7150 4004 7198 3880 7159 3881 7030 4005 7157 3942 7029 3882 7030 4005 7159 3881 7029 3882 7046 3943 6980 4006 7038 3944 7046 3943 7117 3795 7037 4007 7038 3944 7115 3796 7115 3796 7036 3945 7037 4007 7035 4008 7036 3945 7114 3883 6855 3946 7114 3883 6854 3884 5881 4009 6855 3946 5878 3885 5878 3885 5877 3947 5880 4010 5875 3886 5925 4011 5877 3947 5885 3887 5925 4011 5875 3886 5882 3948 5925 4011 5885 3887 5889 3949 5882 3948 5883 3801 5889 3949 5887 3803 5888 4012 5888 4012 5887 3803 5886 3950 5886 3950 5892 3804 5893 3951 5893 3951 5898 3806 5897 3889 5897 3889 5915 3952 5914 4013 5915 3952 5838 3890 5914 4013 5839 4014 5838 3890 5837 3953 5837 3953 5836 3725 5835 3954 5905 3891 6251 4015 5835 3954 5939 3892 6252 4016 5905 3891 5940 3893 6252 4016 5939 3892 5941 3955 6253 4017 5940 3893 5933 4018 5941 3955 5912 3894 5937 4019 5912 3894 5936 3956 5937 4019 5936 3956 6199 3812 6102 3957 6254 4020 6199 3812 6103 4021 6102 3957 6101 3896 6101 3896 6209 3958 6104 4022 6209 3958 6206 3731 6066 3959 6066 3959 6221 3897 6222 4023 6222 4023 6221 3897 6220 3960 6220 3960 6219 3813 6218 3961 6216 3898 6166 4024 6218 3961 6214 3899 6168 4025 6216 3898 6212 3900 6170 4026 6214 3899 6210 3962 6172 4027 6212 3900 6210 3962 6052 3901 6195 4028 6052 3901 6004 3963 6003 4029 6004 3963 5999 3902 6003 4029 6032 4030 5999 3902 6031 3964 6031 3964 5997 3817 6028 4031 6029 3965 6028 4031 5997 3817 6705 4032 6029 3965 6024 3903 6025 3904 6438 3966 6024 3903 6440 3905 6438 3966 6027 3818 6440 3905 6439 3967 6438 3966 7551 4033 6439 3967 7565 3819 4183 1710 4182 1710 4177 1710 970 3969 971 3820 972 4034 971 3820 988 3970 983 4035 989 4036 988 3970 990 3909 990 3909 994 3971 995 4037 993 3821 1001 4038 994 3971 993 3821 1000 3972 1001 4038 997 3910 999 4039 1000 3972 1002 4040 997 3910 1007 3911 1005 4041 1007 3911 1010 3912 1011 4042 1010 3912 1092 3973 1120 4043 1092 3973 1094 3913 1120 4043 1094 3913 1121 3974 1115 3975 1121 3974 1122 3824 1105 3843 1115 3975 1116 3914 1107 3842 1116 3914 1117 3825 799 3831 7386 2774 1085 3836 801 3976 800 3832 7402 4044 1171 3977 1203 3833 1169 4045 1205 3978 1170 4046 1203 3833 1172 3916 1170 4046 1205 3978 1172 3916 1086 3979 1170 4046 1171 3977 1086 3979 1085 3836 1103 3844 1114 3980 1115 3975 1031 3917 1024 4047 1114 3980 1026 3919 1027 3764 1028 3918 1022 3920 1024 4047 1031 3917 1022 3920 1023 3981 1024 4047 1604 3767 1025 3982 1023 3981 1607 3921 1019 4048 1025 3982 2105 3922 1606 4049 1607 3921 2248 3923 2108 4050 2105 3922 2228 3924 2247 4051 2248 3923 2208 3925 2227 4052 2228 3924 2188 3983 2207 4053 2208 3925 2169 3926 2188 3983 2189 3849 2149 3984 2168 4054 2169 3926 2130 3985 2149 3984 2150 3850 2070 3986 2130 3985 2131 3851 2072 3852 2074 4055 2070 3986 2072 3852 2073 3987 2074 4055 2073 3987 2076 3927 2371 3029 2048 3988 2046 4056 2371 3029 2043 3989 2048 3988 2044 3929 2038 3930 2122 4057 2043 3989 2038 3930 2121 3932 2122 4057 2121 3932 2140 3933 2141 4058 2140 3933 2159 3990 2160 4059 2139 3857 2158 3991 2159 3990 7309 3934 7307 4060 7308 3992 7355 3935 7354 4061 7309 3934 7348 3993 7347 4062 7355 3935 7340 3871 7339 3994 7348 3993 7332 3872 7331 3995 7339 3994 7324 3873 7323 3996 7331 3995 7315 3874 7314 3997 7323 3996 7295 3936 7296 4063 7314 3997 7166 4064 7295 3936 7164 3998 7164 3998 7281 3789 7163 4065 7281 3789 7162 3999 7163 4065 7162 3999 7161 3937 7160 4066 7160 4066 7161 3937 7189 3939 7178 4067 7189 3939 7229 3940 7227 4000 7178 4067 7229 3940 7227 4000 7226 3878 7225 4001 7225 4001 7191 3941 7224 4068 7191 3941 7190 4002 7109 4069 7147 3879 7196 4070 7190 4002 7147 3879 7197 4003 7196 4070 7198 3880 7150 4004 7197 4003 7157 3942 7033 4071 7150 4004 7030 4005 7031 4072 7157 3942 7030 4005 7029 3882 6982 4073 6981 4074 7029 3882 6980 4006 6980 4006 7046 3943 7038 3944 7038 3944 7037 4007 6980 4006 7037 4007 7036 3945 6979 4075 6979 4075 7036 3945 7035 4008 7114 3883 7034 4076 7035 4008 7034 4076 7114 3883 6855 3946 6855 3946 5881 4009 7039 4077 5881 4009 5878 3885 5880 4010 5880 4010 5877 3947 5879 4078 5925 4011 5924 4079 5877 3947 5932 4080 5925 4011 5882 3948 5920 4081 5882 3948 5889 3949 5888 4012 5920 4081 5889 3949 5886 3950 5916 4082 5888 4012 5893 3951 5917 4083 5886 3950 5897 3889 5918 4084 5893 3951 5914 4013 5919 4085 5897 3889 5838 3890 5840 4086 5914 4013 5840 4086 5838 3890 5839 4014 5839 4014 5837 3953 6249 4087 6249 4087 5837 3953 5835 3954 6251 4015 6249 4087 5835 3954 6252 4016 6251 4015 5905 3891 6253 4017 6252 4016 5940 3893 5933 4018 6253 4017 5941 3955 5912 3894 5934 4088 5933 4018 5934 4088 5912 3894 5937 4019 6199 3812 5938 4089 5937 4019 6254 4020 5938 4089 6199 3812 6103 4021 6254 4020 6102 3957 6104 4022 6103 4021 6101 3896 6209 3958 6208 4090 6104 4022 6064 4091 6209 3958 6066 3959 6125 4092 6066 3959 6222 4023 6220 3960 6162 4093 6222 4023 6218 3961 6164 4094 6220 3960 6166 4024 6164 4094 6218 3961 6168 4025 6166 4024 6216 3898 6170 4026 6168 4025 6214 3899 6172 4027 6170 4026 6212 3900 6174 4095 6172 4027 6210 3962 6195 4028 6174 4095 6210 3962 6052 3901 6003 4029 6195 4028 5999 3902 6002 4096 6003 4029 6002 4096 5999 3902 6032 4030 6031 3964 6705 4032 6032 4030 6031 3964 6028 4031 6705 4032 6028 4031 6029 3965 6705 4032 6024 3903 6438 3966 6705 4032 6442 4097 6438 3966 6439 3967 6442 4097 6439 3967 7551 4033 972 4034 971 3820 973 4098 983 4035 984 4099 971 3820 983 4035 988 3970 987 4100 987 4100 988 3970 989 4036 989 4036 990 3909 991 4101 990 3909 995 4037 992 4102 1612 4103 994 3971 1001 4038 998 4104 999 4039 997 3910 1002 4040 1003 4105 997 3910 1007 3911 1006 4106 1002 4040 1005 4041 1006 4106 1007 3911 1010 3912 1009 4107 1005 4041 1011 4042 1008 4108 1010 3912 1014 4109 1011 4042 1092 3973 1014 4109 1092 3973 1120 4043 1114 3980 1120 4043 1121 3974 1114 3980 1121 3974 1115 3975 7386 2774 1171 3977 1085 3836 1171 3977 1169 4045 1086 3979 1169 4045 1203 3833 1170 4046 1169 4045 1170 4046 1086 3979 1024 4047 1120 4043 1114 3980 1024 4047 1023 3981 1025 3982 1024 4047 1025 3982 1019 4048 1020 4110 1019 4048 1607 3921 1606 4049 1020 4110 1607 3921 1605 4111 1606 4049 2105 3922 1608 4112 2105 3922 2108 4050 2247 4051 2108 4050 2248 3923 2227 4052 2247 4051 2228 3924 2207 4053 2227 4052 2208 3925 2187 4113 2207 4053 2188 3983 2168 4054 2188 3983 2169 3926 2148 4114 2168 4054 2149 3984 2129 4115 2149 3984 2130 3985 2062 4116 2130 3985 2070 3986 2070 3986 2074 4055 2075 4117 2074 4118 2073 4118 2075 4118 2075 4117 2073 3987 2371 3029 2046 4056 2049 4119 2371 3029 2048 4120 2047 4120 2046 4120 2043 3989 2047 4121 2048 3988 2043 3989 2122 4057 2123 4122 2121 3932 2141 4058 2122 4057 2140 3933 2160 4059 2141 4058 2159 3990 2179 4123 2160 4059 2158 3991 2178 4124 2159 3990 7308 3992 7307 4060 7306 4125 7309 3934 7354 4061 7307 4060 7355 3935 7347 4062 7354 4061 7348 3993 7339 3994 7347 4062 7339 3994 7331 3995 7338 4126 7331 3995 7323 3996 7330 4127 7323 3996 7314 3997 7322 4128 7314 3997 7296 4063 7313 4129 7296 4063 7295 3936 7113 4130 7166 4064 7167 4131 7295 3936 7165 4132 7166 4064 7164 3998 7164 3998 7163 4065 7160 4066 7160 4066 7163 4065 7162 3999 7178 4067 7160 4066 7189 3939 7180 4133 7178 4067 7227 4000 7225 4001 7180 4133 7227 4000 7224 4068 7182 4134 7225 4001 7191 3941 7109 4069 7224 4068 7190 4002 7106 4135 7109 4069 7190 4002 7196 4070 7193 4136 7197 4003 7195 4137 7196 4070 7150 4004 7149 4138 7197 4003 7033 4071 7098 4139 7150 4004 7032 4140 7033 4071 7157 3942 7157 3942 7031 4072 7032 4140 6982 4073 7031 4072 7030 4005 6982 4073 7029 3882 6981 4074 6981 4074 6980 4006 6979 4075 6980 4006 7037 4007 6979 4075 6979 4075 7035 4008 7034 4076 7039 4077 7034 4076 6855 3946 5881 4009 5880 4010 7039 4077 6979 4075 5880 4010 5879 4078 5877 3947 5873 4141 5879 4078 5877 3947 5924 4079 5873 4141 5925 4011 5932 4080 5924 4079 5920 4081 5932 4080 5882 3948 5921 4142 5920 4081 5888 4012 5916 4082 5921 4142 5888 4012 5917 4083 5916 4082 5886 3950 5918 4084 5917 4083 5893 3951 5919 4085 5918 4084 5897 3889 5914 4013 5840 4086 5919 4085 5841 4143 5840 4086 5839 4014 6250 4144 5839 4014 6249 4087 6251 4015 6266 4145 6249 4087 6252 4016 6267 4146 6251 4015 6253 4017 6268 4147 6252 4016 6257 4148 6253 4017 5933 4018 5934 4088 6258 4149 5933 4018 5938 4089 5934 4088 5937 4019 5934 4088 5938 4089 6254 4020 6259 4150 6254 4020 6103 4021 6103 4021 6104 4022 6108 4151 6104 4022 6208 4090 6106 4152 6208 4090 6209 3958 6064 4091 6066 3959 6065 4153 6064 4091 6065 4153 6066 3959 6125 4092 6222 4023 6160 4154 6125 4092 6162 4093 6160 4154 6222 4023 6164 4094 6162 4093 6220 3960 6166 4024 6165 4155 6164 4094 6168 4025 6167 4156 6166 4024 6170 4026 6169 4157 6168 4025 6172 4027 6171 4158 6170 4026 6174 4095 6173 4159 6172 4027 6176 4160 6174 4095 6195 4028 6195 4028 6003 4029 6001 4161 6003 4029 6002 4096 6001 4161 6033 4162 6002 4096 6032 4030 6032 4030 6705 4032 6283 4163 6438 3966 6443 4164 6705 4032 6443 4164 6438 3966 6442 4097 6444 4165 6442 4097 7551 4033 972 4034 973 4098 974 4166 971 3820 985 4167 973 4098 971 3820 984 4099 985 4167 991 4101 990 3909 992 4102 1001 4038 7423 4168 1612 4103 997 3910 1004 4169 998 4104 997 3910 1003 4105 1004 4169 1609 4170 1003 4105 1002 4040 1609 4170 1002 4040 1006 4106 1609 4170 1006 4106 1005 4041 1610 4171 1005 4041 1009 4107 1008 4108 1009 4107 1010 3912 1016 4172 1011 4042 1014 4109 1024 4047 1014 4109 1120 4043 1019 4048 1014 4109 1024 4047 1019 4048 1020 4110 1014 4109 1606 4049 1021 4173 1020 4110 1605 4111 1021 4173 1606 4049 1605 4111 2105 3922 1608 4112 1608 4112 2108 4050 1611 4174 2247 4051 2109 4175 2108 4050 2227 4052 2246 4176 2247 4051 2207 4053 2226 4177 2227 4052 2187 4113 2206 4178 2207 4053 2168 4054 2187 4113 2188 3983 2148 4114 2167 4179 2168 4054 2129 4115 2148 4114 2149 3984 2062 4116 2129 4115 2130 3985 2069 4180 2062 4116 2070 3986 2070 3986 2075 4117 2071 4181 2071 4181 2075 4117 2371 3029 2049 4119 2051 4182 2371 3029 2046 4056 2045 4183 2049 4119 2045 4183 2046 4056 2047 4121 2045 4183 2047 4121 2043 3989 2043 3989 2123 4122 2045 4183 2122 4057 2142 4184 2123 4122 2122 4057 2141 4058 2142 4184 2141 4058 2160 4059 2161 4185 2160 4059 2179 4123 2180 4186 2159 3990 2178 4124 2179 4123 7307 4060 7305 4187 7306 4125 7354 4061 7353 4188 7307 4060 7347 4062 7346 4189 7354 4061 7339 3994 7338 4126 7347 4062 7331 3995 7330 4127 7338 4126 7323 3996 7322 4128 7330 4127 7314 3997 7313 4129 7322 4128 7296 4063 7280 4190 7313 4129 7113 4130 7169 4191 7296 4063 7113 4130 7295 3936 7112 4192 7167 4131 7168 4193 7295 3936 7167 4131 7166 4064 7165 4132 7165 4132 7164 3998 7160 4066 7165 4132 7160 4066 7178 4067 7180 4133 7179 4194 7178 4067 7182 4134 7180 4133 7225 4001 7184 4195 7182 4134 7224 4068 7224 4068 7109 4069 7110 4196 7109 4069 7106 4135 7107 4197 7190 4002 7193 4136 7106 4135 7196 4070 7194 4198 7193 4136 7196 4070 7195 4137 7194 4198 7197 4003 7149 4138 7195 4137 7150 4004 7026 4199 7149 4138 7150 4004 7098 4139 7026 4199 7033 4071 6983 4200 7098 4139 7033 4071 7032 4140 6983 4200 7032 4140 7031 4072 6982 4073 7047 4201 6982 4073 6981 4074 6979 4075 7053 4202 6981 4074 7039 4077 6979 4075 7034 4076 5880 4010 6979 4075 7039 4077 5879 4078 7040 4203 6979 4075 5879 4078 5873 4141 5874 4204 5924 4079 5923 4205 5873 4141 5932 4080 5931 4206 5924 4079 5931 4206 5932 4080 5920 4081 5921 4142 5931 4206 5920 4081 5916 4082 5849 4207 5921 4142 5917 4083 5848 4208 5916 4082 5918 4084 5845 4209 5917 4083 5919 4085 5843 4210 5918 4084 5840 4086 5843 4210 5919 4085 5842 4211 5840 4086 5841 4143 5841 4143 5839 4014 6250 4144 6249 4087 6265 4212 6250 4144 6266 4145 6265 4212 6249 4087 6267 4146 6266 4145 6251 4015 6268 4147 6267 4146 6252 4016 6269 4213 6268 4147 6253 4017 6257 4148 6269 4213 6253 4017 6258 4149 6257 4148 5933 4018 6259 4150 6258 4149 5934 4088 6254 4020 6259 4150 5934 4088 6108 4151 6259 4150 6103 4021 6108 4151 6104 4022 6107 4214 6104 4022 6106 4152 6107 4214 6106 4152 6208 4090 6110 4215 6110 4215 6208 4090 6064 4091 6109 4216 6064 4091 6065 4153 6123 4217 6065 4153 6125 4092 6160 4154 6137 4218 6125 4092 6162 4093 6161 4219 6160 4154 6164 4094 6163 4220 6162 4093 6165 4155 6163 4220 6164 4094 6167 4156 6165 4155 6166 4024 6169 4157 6167 4156 6168 4025 6171 4158 6169 4157 6170 4026 6173 4159 6171 4158 6172 4027 6175 4221 6173 4159 6174 4095 6176 4160 6175 4221 6174 4095 6044 4222 6176 4160 6195 4028 6001 4161 6041 4223 6195 4028 6002 4096 6041 4223 6001 4161 6033 4162 6051 4224 6002 4096 6283 4163 6033 4162 6032 4030 6705 4032 6751 4225 6283 4163 6705 4032 6443 4164 6751 4225 6444 4165 6443 4164 6442 4097 7551 4033 6449 4226 6444 4165 973 4098 977 4227 974 4166 973 4098 985 4167 986 4228 1612 4103 7423 4168 7424 4229 1612 4103 998 4104 1004 4169 1613 4230 1004 4169 1003 4105 1613 4230 1003 4105 1609 4170 1609 4170 1005 4041 1610 4171 1009 4107 1008 4108 1610 4171 1016 4172 1017 4231 1011 4042 1014 4109 1015 4232 1016 4172 1014 4109 1020 4110 1021 4173 1605 4111 1015 4232 1021 4173 1016 4172 1605 4111 1608 4112 1611 4174 7422 4233 1608 4112 1611 4174 2108 4050 2109 4175 2246 4176 2109 4175 2247 4051 2226 4177 2246 4176 2227 4052 2206 4178 2226 4177 2207 4053 2186 4234 2206 4178 2187 4113 2167 4179 2187 4113 2168 4054 2147 4235 2167 4179 2148 4114 2128 4236 2148 4114 2129 4115 2065 4237 2129 4115 2062 4116 2063 4238 2062 4116 2069 4180 2069 4180 2070 3986 2071 4181 2071 4181 2371 3029 2069 4180 2051 4182 2052 4239 2371 3029 2049 4119 2050 4240 2051 4182 2049 4119 2045 4183 2050 4240 2045 4183 2123 4122 2124 4241 2123 4122 2142 4184 2143 4242 2141 4058 2161 4185 2142 4184 2160 4059 2180 4186 2161 4185 2179 4123 2199 4243 2180 4186 2178 4124 2198 4244 2179 4123 7306 4125 7305 4187 7304 4245 7307 4060 7353 4188 7305 4187 7354 4061 7346 4189 7353 4188 7347 4062 7338 4126 7346 4189 7338 4126 7330 4127 7337 4246 7330 4127 7322 4128 7329 4247 7322 4128 7313 4129 7321 4248 7313 4129 7280 4190 7279 4249 7280 4190 7296 4063 7175 4250 7169 4191 7172 4251 7296 4063 7113 4130 7170 4252 7169 4191 7113 4130 7112 4192 7111 4253 7295 3936 7168 4193 7112 4192 7168 4193 7167 4131 7111 4253 7111 4253 7167 4131 7165 4132 7179 4194 7165 4132 7178 4067 7181 4254 7179 4194 7180 4133 7182 4134 7181 4254 7180 4133 7184 4195 7183 4255 7182 4134 7110 4196 7184 4195 7224 4068 7107 4197 7110 4196 7109 4069 7108 4256 7107 4197 7106 4135 7193 4136 7192 4257 7106 4135 7193 4136 7194 4198 7192 4257 7195 4137 7025 4258 7194 4198 7149 4138 7028 4259 7195 4137 7026 4199 7027 4260 7149 4138 7098 4139 6983 4200 7026 4199 6983 4200 7032 4140 6982 4073 6984 4261 6982 4073 7047 4201 6981 4074 7051 4262 7047 4201 7053 4202 7051 4262 6981 4074 7040 4203 7053 4202 6979 4075 5874 4204 7040 4203 5879 4078 5874 4204 5873 4141 5872 4263 5873 4141 5923 4205 5871 4264 5924 4079 5931 4206 5923 4205 5930 4265 5931 4206 5921 4142 5849 4207 5853 4266 5921 4142 5848 4208 5849 4207 5916 4082 5845 4209 5848 4208 5917 4083 5843 4210 5845 4209 5918 4084 5843 4210 5840 4086 5842 4211 5842 4211 5841 4143 6248 4267 5841 4143 6250 4144 6248 4267 6250 4144 6265 4212 6270 4268 6265 4212 6266 4145 6274 4269 6266 4145 6267 4146 6273 4270 6267 4146 6268 4147 6272 4271 6268 4147 6269 4213 6230 4272 6262 4273 6269 4213 6257 4148 6258 4149 6256 4274 6257 4148 6258 4149 6259 4150 6107 4214 6107 4214 6259 4150 6108 4151 6107 4214 6106 4152 6105 4275 6112 4276 6106 4152 6110 4215 6110 4215 6064 4091 6109 4216 6065 4153 6116 4277 6109 4216 6116 4277 6065 4153 6123 4217 6125 4092 6124 4278 6123 4217 6125 4092 6137 4218 6124 4278 6160 4154 6145 4279 6137 4218 6161 4219 6145 4279 6160 4154 6163 4220 6161 4219 6162 4093 6165 4155 6180 4280 6163 4220 6167 4156 6181 4281 6165 4155 6169 4157 6182 4282 6167 4156 6171 4158 6183 4283 6169 4157 6173 4159 6184 4284 6171 4158 6175 4221 6185 4285 6173 4159 6057 4286 6175 4221 6176 4160 6045 4287 6176 4160 6044 4222 6195 4028 6042 4288 6044 4222 6041 4223 6042 4288 6195 4028 6042 4288 6041 4223 6002 4096 6051 4224 6050 4289 6002 4096 6283 4163 6051 4224 6033 4162 6283 4163 6751 4225 6713 4290 6443 4164 6447 4291 6751 4225 6444 4165 6449 4226 6443 4164 7551 4033 6448 4292 6449 4226 973 4098 976 4293 977 4227 973 4098 986 4228 975 4294 1612 4103 7424 4229 998 4104 1612 4103 1004 4169 1613 4230 1609 4170 2111 4295 1613 4230 1610 4171 2110 4296 1609 4170 1610 4171 1008 4108 7421 4297 1011 4042 1017 4231 1018 4298 1016 4172 1608 4112 1017 4231 1015 4232 1605 4111 1016 4172 1014 4109 1021 4173 1015 4232 1608 4112 7422 4233 1018 4298 1611 4174 7421 4297 7422 4233 1611 4174 2109 4175 1610 4171 2246 4176 2110 4296 2109 4175 2226 4177 2245 4299 2246 4176 2206 4178 2225 4300 2226 4177 2186 4234 2205 4301 2206 4178 2167 4179 2186 4234 2187 4113 2147 4235 2166 4302 2167 4179 2128 4236 2147 4235 2148 4114 2065 4237 2128 4236 2129 4115 2062 4116 2064 4303 2065 4237 2062 4116 2063 4238 2064 4303 2063 4238 2069 4180 2371 3029 2052 4239 2054 4304 2371 3029 2051 4182 2050 4240 2052 4239 2045 4183 2124 4241 2050 4240 2123 4122 2143 4242 2124 4241 2142 4184 2162 4305 2143 4242 2142 4184 2161 4185 2162 4305 2161 4185 2180 4186 2181 4306 2180 4186 2199 4243 2200 4307 2179 4123 2198 4244 2199 4243 7305 4187 7303 4308 7304 4245 7353 4188 7352 4309 7305 4187 7346 4189 7345 4310 7353 4188 7338 4126 7337 4246 7346 4189 7330 4127 7329 4247 7337 4246 7322 4128 7321 4248 7329 4247 7313 4129 7279 4249 7321 4248 7280 4190 6808 4311 7279 4249 7176 4312 7280 4190 7175 4250 7175 4250 7296 4063 7173 4313 7296 4063 7172 4251 7173 4313 7170 4252 7172 4251 7169 4191 7171 4314 7170 4252 7113 4130 7111 4253 7171 4314 7113 4130 7112 4192 7168 4193 7111 4253 7111 4253 7165 4132 7179 4194 7181 4254 7111 4253 7179 4194 7183 4255 7181 4254 7182 4134 7185 4315 7183 4255 7184 4195 7186 4316 7184 4195 7110 4196 7107 4197 7186 4316 7110 4196 7108 4256 7187 4317 7107 4197 7106 4135 7192 4257 7108 4256 7194 4198 7022 4318 7192 4257 7025 4258 7021 4319 7194 4198 7024 4320 7025 4258 7195 4137 7195 4137 7028 4259 7023 4321 7149 4138 7027 4260 7028 4259 7027 4260 7026 4199 7018 4322 6983 4200 6984 4261 7026 4199 6984 4261 6983 4200 6982 4073 7048 4323 6984 4261 7047 4201 7051 4262 7049 4324 7047 4201 7053 4202 7052 4325 7051 4262 7040 4203 7054 4326 7053 4202 7040 4203 5874 4204 5872 4263 5873 4141 5871 4264 5872 4263 5923 4205 5922 4327 5871 4264 5931 4206 5930 4265 5923 4205 5857 4328 5930 4265 5921 4142 5921 4142 5853 4266 5857 4328 5849 4207 5854 4329 5853 4266 5849 4207 5848 4208 5847 4330 5848 4208 5845 4209 5847 4330 5845 4209 5843 4210 5844 4331 5844 4331 5843 4210 5842 4211 5842 4211 6248 4267 5844 4331 6248 4267 6250 4144 6270 4268 6270 4268 6265 4212 6274 4269 6274 4269 6266 4145 6273 4270 6273 4270 6267 4146 6272 4271 6272 4271 6268 4147 6230 4272 6230 4272 6269 4213 6229 4332 6269 4213 6262 4273 6229 4332 6255 4333 6262 4273 6257 4148 6257 4148 6256 4274 6255 4333 6256 4274 6258 4149 6105 4275 6105 4275 6258 4149 6107 4214 6105 4275 6106 4152 6112 4276 6112 4276 6110 4215 6111 4334 6111 4334 6110 4215 6109 4216 6116 4277 6115 4335 6109 4216 6121 4336 6116 4277 6123 4217 6124 4278 6122 4337 6123 4217 6137 4218 6135 4338 6124 4278 6145 4279 6143 4339 6137 4218 6161 4219 6178 4340 6145 4279 6163 4220 6179 4341 6161 4219 6180 4280 6179 4341 6163 4220 6181 4281 6180 4280 6165 4155 6182 4282 6181 4281 6167 4156 6183 4283 6182 4282 6169 4157 6184 4284 6183 4283 6171 4158 6185 4285 6184 4284 6173 4159 6056 4342 6185 4285 6175 4221 6057 4286 6056 4342 6175 4221 6176 4160 6011 4343 6057 4286 6045 4287 6013 4344 6176 4160 6045 4287 6044 4222 6014 4345 6044 4222 6042 4288 6043 4346 6043 4346 6042 4288 6002 4096 6002 4096 6050 4289 6043 4346 6050 4289 6051 4224 6283 4163 6713 4290 6712 4347 6283 4163 6751 4225 6750 4348 6713 4290 6751 4225 6447 4291 6750 4348 6443 4164 6448 4292 6447 4291 6449 4226 6448 4292 6443 4164 6446 4349 6448 4292 7551 4033 975 4294 976 4293 973 4098 2111 4295 1612 4103 1613 4230 1609 4170 2110 4296 2111 4295 1610 4171 2109 4175 2110 4296 1610 4171 7421 4297 1611 4174 1011 4042 1018 4298 1012 4350 1608 4112 1018 4298 1017 4231 2245 4299 2110 4296 2246 4176 2225 4300 2245 4299 2226 4177 2205 4301 2225 4300 2206 4178 2185 4351 2205 4301 2186 4234 2166 4302 2186 4234 2167 4179 2146 4352 2166 4302 2147 4235 2127 4353 2147 4235 2128 4236 2060 4354 2128 4236 2065 4237 2064 4303 2066 4355 2065 4237 2063 4238 2371 3029 2064 4303 2054 4304 2056 4356 2371 3029 2052 4239 2053 4357 2054 4304 2052 4239 2050 4240 2053 4357 2050 4240 2124 4241 2125 4358 2124 4241 2143 4242 2144 4359 2143 4242 2162 4305 2163 4360 2161 4185 2181 4306 2162 4305 2180 4186 2200 4307 2181 4306 2199 4243 2219 4361 2200 4307 2198 4244 2218 4362 2199 4243 7304 4245 7303 4308 7302 4363 7305 4187 7352 4309 7303 4308 7353 4188 7345 4310 7352 4309 7346 4189 7337 4246 7345 4310 7337 4246 7329 4247 7336 4364 7329 4247 7321 4248 7328 4365 7321 4248 7279 4249 7320 4366 7279 4249 6808 4311 6818 4367 7280 4190 6807 4368 6808 4311 6807 4368 7280 4190 7176 4312 7176 4312 7175 4250 7010 4369 7175 4250 7173 4313 7174 4370 7173 4313 7172 4251 7170 4252 7170 4252 7171 4314 7183 4255 7171 4314 7111 4253 7181 4254 7183 4255 7171 4314 7181 4254 7185 4315 7170 4252 7183 4255 7186 4316 7185 4315 7184 4195 7187 4317 7186 4316 7107 4197 7017 4371 7187 4317 7108 4256 7192 4257 7014 4372 7108 4256 7192 4257 7022 4318 7014 4372 7194 4198 7021 4319 7022 4318 7021 4319 7025 4258 7019 4373 7025 4258 7024 4320 7019 4373 7023 4321 7024 4320 7195 4137 7023 4321 7028 4259 7019 4373 7028 4259 7027 4260 7019 4373 7019 4373 7027 4260 7018 4322 7026 4199 6984 4261 7018 4322 6984 4261 7048 4323 7018 4322 7047 4201 7049 4324 7048 4323 7051 4262 7050 4374 7049 4324 7052 4325 7050 4374 7051 4262 7054 4326 7052 4325 7053 4202 7041 4375 7054 4326 7040 4203 5870 4376 7040 4203 5872 4263 5872 4263 5871 4264 5870 4376 5871 4264 5922 4327 5869 4377 5923 4205 5930 4265 5922 4327 5929 4378 5930 4265 5857 4328 5853 4266 5851 4379 5857 4328 5854 4329 5852 4380 5853 4266 5850 4381 5854 4329 5849 4207 5850 4381 5849 4207 5847 4330 5847 4330 5845 4209 5846 4382 5846 4382 5845 4209 5844 4331 6248 4267 6247 4383 5844 4331 6235 4384 6248 4267 6270 4268 6274 4269 6234 4385 6270 4268 6273 4270 6226 4386 6274 4269 6272 4271 6233 4387 6273 4270 6230 4272 6271 4388 6272 4271 6229 4332 5544 4389 6230 4272 6229 4332 6262 4273 6228 4390 6264 4391 6262 4273 6255 4333 6255 4333 6256 4274 6223 4392 6223 4392 6256 4274 6105 4275 6061 4393 6105 4275 6112 4276 6061 4393 6112 4276 6111 4334 6109 4216 6115 4335 6111 4334 6115 4335 6116 4277 6121 4336 6123 4217 6122 4337 6121 4336 6124 4278 6128 4394 6122 4337 6124 4278 6135 4338 6128 4394 6137 4218 6136 4395 6135 4338 6137 4218 6143 4339 6136 4395 6145 4279 6144 4396 6143 4339 6178 4340 6177 4397 6145 4279 6179 4341 6178 4340 6161 4219 6180 4280 6079 4398 6179 4341 6181 4281 6078 4399 6180 4280 6182 4282 6077 4400 6181 4281 6183 4283 6076 4401 6182 4282 6184 4284 6075 4402 6183 4283 6185 4285 6074 4403 6184 4284 6056 4342 6072 4404 6185 4285 6055 4405 6056 4342 6057 4286 6011 4343 6009 4406 6057 4286 6013 4344 6011 4343 6176 4160 6013 4344 6045 4287 6014 4345 6014 4345 6044 4222 6043 4346 6050 4289 6049 4407 6043 4346 6712 4347 6050 4289 6283 4163 6714 4408 6712 4347 6713 4290 6713 4290 6750 4348 6715 4409 6447 4291 6450 4410 6750 4348 6448 4292 6446 4349 6447 4291 7552 4411 6446 4349 7551 4033 975 4294 978 4412 976 4293 2111 4295 1618 4413 1612 4103 2245 4299 2111 4295 2110 4296 1011 4042 1012 4350 1013 4414 2225 4300 2244 4415 2245 4299 2205 4301 2224 4416 2225 4300 2185 4351 2204 4417 2205 4301 2166 4302 2185 4351 2186 4234 2146 4352 2165 4418 2166 4302 2127 4353 2146 4352 2147 4235 2060 4354 2127 4353 2128 4236 2065 4237 2067 4419 2060 4354 2065 4237 2066 4355 2067 4419 2066 3419 2064 3419 2067 3419 2067 4419 2064 4303 2371 3029 2059 4420 2371 3029 2056 4356 2058 3419 2056 3419 2054 3419 2053 4357 2058 4421 2054 4304 2050 4240 2125 4358 2053 4357 2124 4241 2144 4359 2125 4358 2143 4242 2163 4360 2144 4359 2162 4305 2182 4422 2163 4360 2162 4305 2181 4306 2182 4422 2181 4306 2200 4307 2201 4423 2200 4307 2219 4361 2220 4424 2199 4243 2218 4362 2219 4361 7303 4308 7301 4425 7302 4363 7352 4309 7351 4426 7303 4308 7345 4310 7344 4427 7352 4309 7337 4246 7336 4364 7345 4310 7329 4247 7328 4365 7336 4364 7321 4248 7320 4366 7328 4365 7279 4249 6813 4428 7320 4366 7279 4249 6818 4367 6813 4428 6808 4311 6819 4429 6818 4367 6809 4430 6808 4311 6807 4368 6812 4431 6807 4368 7176 4312 6812 4431 7176 4312 7010 4369 7010 4369 7175 4250 7174 4370 7174 4370 7173 4313 7170 4252 7174 4370 7170 4252 7185 4315 7177 4432 7185 4315 7186 4316 7187 4317 7177 4432 7186 4316 7017 4371 7097 4433 7187 4317 7015 4434 7017 4371 7108 4256 7108 4256 7014 4372 7015 4434 7020 4435 7014 4372 7022 4318 7022 4318 7021 4319 7020 4435 7021 4319 7019 4373 7020 4435 7019 4373 7024 4320 7023 4321 7020 4435 7019 4373 7018 4322 7018 4322 7048 4323 7020 4435 7049 4324 7056 4436 7048 4323 7050 4374 7055 4437 7049 4324 7052 4325 7068 4438 7050 4374 7054 4326 7069 4439 7052 4325 7041 4375 7070 4440 7054 4326 5870 4376 7041 4375 7040 4203 5871 4264 5869 4377 5870 4376 5922 4327 5929 4378 5869 4377 5930 4265 5929 4378 5922 4327 5926 4441 5929 4378 5857 4328 5857 4328 5851 4379 5856 4442 5853 4266 5852 4380 5851 4379 5852 4380 5854 4329 6242 4443 5850 4381 6244 4444 5854 4329 5847 4330 6244 4444 5850 4381 5846 4382 6246 4445 5847 4330 5844 4331 6247 4383 5846 4382 6247 4383 6248 4267 6235 4384 6270 4268 6225 4446 6235 4384 6234 4385 6225 4446 6270 4268 6226 4386 6234 4385 6274 4269 6233 4387 6226 4386 6273 4270 6271 4388 6233 4387 6272 4271 6231 4447 6271 4388 6230 4272 5544 4389 6231 4447 6230 4272 5543 4448 5544 4389 6229 4332 6098 4449 6229 4332 6228 4390 6262 4273 6260 4450 6228 4390 6264 4391 6263 4451 6262 4273 6264 4391 6255 4333 6067 4452 6067 4452 6255 4333 6223 4392 6223 4392 6105 4275 6061 4393 6111 4334 6114 4453 6061 4393 6115 4335 6114 4453 6111 4334 6119 4454 6115 4335 6121 4336 6122 4337 6120 4455 6121 4336 6128 4394 6127 4456 6122 4337 6135 4338 6133 4457 6128 4394 6136 4395 6134 4458 6135 4338 6143 4339 6141 4459 6136 4395 6144 4396 6142 4460 6143 4339 6145 4279 6177 4397 6144 4396 6178 4340 6081 4461 6177 4397 6179 4341 6080 4462 6178 4340 6079 4398 6080 4462 6179 4341 6078 4399 6079 4398 6180 4280 6077 4400 6078 4399 6181 4281 6076 4401 6077 4400 6182 4282 6075 4402 6076 4401 6183 4283 6074 4403 6075 4402 6184 4284 6072 4404 6074 4403 6185 4285 6073 4463 6072 4404 6056 4342 6056 4342 6055 4405 6054 4464 6016 4465 6055 4405 6057 4286 6057 4286 6009 4406 6015 4466 6011 4343 6010 4467 6009 4406 6013 4344 6012 4468 6011 4343 6014 4345 6012 4468 6013 4344 6043 4346 6049 4407 6014 4345 6049 4407 6050 4289 6712 4347 6712 4347 6714 4408 6281 4469 6715 4409 6714 4408 6713 4290 6750 4348 6749 4470 6715 4409 6750 4348 6450 4410 6749 4470 6447 4291 6452 4471 6450 4410 6447 4291 6446 4349 6445 4472 6445 4472 6446 4349 7552 4411 976 4293 978 4412 979 4473 1618 4413 7432 4474 1612 4103 2114 4475 1618 4413 2111 4295 2244 4415 2111 4295 2245 4299 1013 4414 7377 4476 1011 4042 2224 4416 2244 4415 2225 4300 2204 4417 2224 4416 2205 4301 2184 4477 2204 4417 2185 4351 2165 4418 2185 4351 2166 4302 2145 4478 2165 4418 2146 4352 2126 4479 2146 4352 2127 4353 2055 4480 2127 4353 2060 4354 2060 4354 2067 4419 2068 4481 2068 4481 2067 4419 2371 3029 2059 4420 2061 4482 2371 3029 2056 4356 2055 4480 2059 4420 2057 3419 2056 3419 2058 3419 2053 4357 2057 4483 2058 4421 2053 4357 2125 4358 2126 4479 2125 4358 2144 4359 2145 4478 2144 4359 2163 4360 2164 4484 2163 4360 2182 4422 2183 4485 2181 4306 2201 4423 2182 4422 2200 4307 2220 4424 2201 4423 2219 4361 2239 4486 2220 4424 2218 4362 2238 4487 2219 4361 7302 4363 7301 4425 7300 4488 7303 4308 7351 4426 7301 4425 7352 4309 7344 4427 7351 4426 7345 4310 7336 4364 7344 4427 7336 4364 7328 4365 7335 4489 7328 4365 7320 4366 7278 4490 7320 4366 6813 4428 6828 4491 6818 4367 6817 4492 6813 4428 6819 4429 6817 4492 6818 4367 6820 4493 6819 4429 6808 4311 6809 4430 6820 4493 6808 4311 6807 4368 6810 4494 6809 4430 6812 4431 6811 4495 6807 4368 6812 4431 7010 4369 6811 4495 7010 4369 7174 4370 7177 4432 7177 4432 7174 4370 7185 4315 7097 4433 7177 4432 7187 4317 7017 4371 7016 4496 7097 4433 7017 4371 7015 4434 7016 4496 7016 4496 7015 4434 7014 4372 7016 4496 7014 4372 7020 4435 7048 4323 7056 4436 7020 4435 7055 4437 7056 4436 7049 4324 7068 4438 7055 4437 7050 4374 7069 4439 7068 4438 7052 4325 7070 4440 7069 4439 7054 4326 7042 4497 7070 4440 7041 4375 5867 4498 7041 4375 5870 4376 5870 4376 5869 4377 5867 4498 5929 4378 5865 4499 5869 4377 5865 4499 5929 4378 5926 4441 5855 4500 5926 4441 5857 4328 5857 4328 5856 4442 5855 4500 5851 4379 6240 4501 5856 4442 5851 4379 5852 4380 6242 4443 5854 4329 6243 4502 6242 4443 6244 4444 6243 4502 5854 4329 6245 4503 6244 4444 5847 4330 6246 4445 6245 4503 5847 4330 6247 4383 6246 4445 5846 4382 6236 4504 6247 4383 6235 4384 6225 4446 5529 4505 6235 4384 6234 4385 5540 4506 6225 4446 6226 4386 5540 4506 6234 4385 6233 4387 5536 4507 6226 4386 6233 4387 6271 4388 6232 4508 6232 4508 6271 4388 6231 4447 5546 4509 6231 4447 5544 4389 5545 4510 5544 4389 5543 4448 5549 4511 5543 4448 6229 4332 7550 4512 6229 4332 6098 4449 6098 4449 6228 4390 6097 4513 6228 4390 6260 4450 6227 4514 6262 4273 6261 4515 6260 4450 6263 4451 6261 4515 6262 4273 6263 4451 6264 4391 6062 4516 6062 4516 6264 4391 6067 4452 6067 4452 6223 4392 6061 4393 6114 4453 6113 4517 6061 4393 6114 4453 6115 4335 6119 4454 6121 4336 6120 4455 6119 4454 6122 4337 6127 4456 6120 4455 6128 4394 6133 4457 6127 4456 6135 4338 6134 4458 6133 4457 6136 4395 6141 4459 6134 4458 6143 4339 6142 4460 6141 4459 6144 4396 6148 4518 6142 4460 6177 4397 6155 4519 6144 4396 6081 4461 6082 4520 6177 4397 6080 4462 6081 4461 6178 4340 6079 4398 5346 4521 6080 4462 6078 4399 5350 4522 6079 4398 6078 4399 6077 4400 5352 4523 6076 4401 5358 4524 6077 4400 6076 4401 6075 4402 5361 4525 6074 4403 5365 4526 6075 4402 6072 4404 3948 4527 6074 4403 6072 4404 6073 4463 5374 4528 6054 4464 6073 4463 6056 4342 6054 4464 6055 4405 6037 4529 6018 4530 6055 4405 6016 4465 6057 4286 6015 4466 6016 4465 6009 4406 6010 4467 6015 4466 6012 4468 6010 4467 6011 4343 6014 4345 6048 4531 6012 4468 6049 4407 6048 4531 6014 4345 6048 4531 6049 4407 6712 4347 6047 4532 6712 4347 6281 4469 6281 4469 6714 4408 6786 4533 6716 4534 6714 4408 6715 4409 6715 4409 6749 4470 6717 4535 6450 4410 6454 4536 6749 4470 6452 4471 6451 4537 6450 4410 6453 4538 6452 4471 6447 4291 6445 4472 6453 4538 6447 4291 6453 4538 6445 4472 7552 4411 976 4293 979 4473 980 4539 1612 4103 7432 4474 7433 4540 1618 4413 7431 4541 7432 4474 2114 4475 1617 4542 1618 4413 2244 4415 2114 4475 2111 4295 2224 4416 2243 4543 2244 4415 2204 4417 2223 4544 2224 4416 2184 4477 2203 4545 2204 4417 2165 4418 2184 4477 2185 4351 2145 4478 2164 4484 2165 4418 2126 4479 2145 4478 2146 4352 2055 4480 2126 4479 2127 4353 2059 4420 2055 4480 2060 4354 2060 4354 2068 4481 2061 4482 2068 4481 2371 3029 2061 4482 2059 4420 2060 4354 2061 4482 2055 4480 2056 4356 2057 4483 2055 4480 2057 4483 2053 4357 2053 4357 2126 4479 2055 4480 2125 4358 2145 4478 2126 4479 2144 4359 2164 4484 2145 4478 2163 4360 2183 4485 2164 4484 2182 4422 2202 4546 2183 4485 2182 4422 2201 4423 2202 4546 2201 4423 2220 4424 2221 4547 2220 4424 2239 4486 2240 4548 2219 4361 2238 4487 2239 4486 7301 4425 7299 4549 7300 4488 7351 4426 7350 4550 7301 4425 7344 4427 7343 4551 7351 4426 7336 4364 7335 4489 7344 4427 7328 4365 7278 4490 7335 4489 7320 4366 6828 4491 7278 4490 6828 4491 6813 4428 6827 4552 6817 4492 6816 4553 6813 4428 6817 4492 6819 4429 7008 4554 6819 4429 6820 4493 7009 4555 7009 4555 6820 4493 6809 4430 6810 4494 7009 4555 6809 4430 6811 4495 6810 4494 6807 4368 7010 4369 7011 4556 6811 4495 7012 4557 7010 4369 7177 4432 7013 4558 7177 4432 7097 4433 7097 4433 7016 4496 7013 4558 7081 4559 7016 4496 7020 4435 7020 4435 7056 4436 7081 4559 7057 4560 7056 4436 7055 4437 7068 4438 6975 4561 7055 4437 7069 4439 6978 4562 7068 4438 7070 4440 7071 4563 7069 4439 7042 4497 7073 4564 7070 4440 5863 4565 7042 4497 7041 4375 7041 4375 5867 4498 5868 4566 5869 4377 5868 4566 5867 4498 5869 4377 5865 4499 5863 4565 5927 4567 5865 4499 5926 4441 5927 4567 5926 4441 5855 4500 5858 4568 5855 4500 5856 4442 6240 4501 6241 4569 5856 4442 5851 4379 6242 4443 6240 4501 6242 4443 6243 4502 6224 4570 6243 4502 6244 4444 6239 4571 6244 4444 6245 4503 6238 4572 6245 4503 6246 4445 6237 4573 6246 4445 6247 4383 6236 4504 6236 4504 6235 4384 5531 4574 6235 4384 5529 4505 5530 4575 6225 4446 5542 4576 5529 4505 5540 4506 5541 4577 6225 4446 6226 4386 5536 4507 5540 4506 5536 4507 6233 4387 5538 4578 5538 4578 6233 4387 6232 4508 6232 4508 6231 4447 5547 4579 5547 4579 6231 4447 5546 4509 5546 4509 5544 4389 5545 4510 5543 4448 5549 4511 5545 4510 6098 4449 6097 4513 5241 4580 6097 4513 6228 4390 6227 4514 6227 4514 6260 4450 6096 4581 6260 4450 6261 4515 6096 4581 6261 4515 6263 4451 6063 4582 6063 4582 6263 4451 6062 4516 6067 4452 6061 4393 6062 4516 6061 4393 6113 4517 6063 4582 6113 4517 6114 4453 6117 4583 6117 4583 6114 4453 6119 4454 6120 4455 6118 4584 6119 4454 6127 4456 6126 4585 6120 4455 6133 4457 6131 4586 6127 4456 6134 4458 6132 4587 6133 4457 6141 4459 6139 4588 6134 4458 6142 4460 6140 4589 6141 4459 6148 4518 6147 4590 6142 4460 6144 4396 6155 4519 6148 4518 6177 4397 6082 4520 6155 4519 6081 4461 5342 4591 6082 4520 6081 4461 6080 4462 5339 4592 5346 4521 5347 4593 6080 4462 5344 4594 5346 4521 6079 4398 5350 4522 5348 4595 6079 4398 5355 4596 5350 4522 6078 4399 5354 4597 6078 4399 5352 4523 5352 4523 6077 4400 5351 4598 5358 4524 5356 4599 6077 4400 5363 4600 5358 4524 6076 4401 5362 4600 6076 4401 5361 4525 5361 4525 6075 4402 5360 4601 5365 4526 5364 4602 6075 4402 5301 4603 5365 4526 6074 4403 3948 4527 3950 4604 6074 4403 7472 4605 3948 4527 6072 4404 3967 4606 6072 4404 5374 4528 5374 4528 6073 4463 5373 4607 6099 4608 6073 4463 6054 4464 6038 4609 6054 4464 6037 4529 6037 4529 6055 4405 6018 4530 6018 4530 6016 4465 6017 4610 6017 4610 6016 4465 6015 4466 6015 4466 6010 4467 6017 4610 6012 4468 6047 4532 6010 4467 6048 4531 6047 4532 6012 4468 6048 4531 6712 4347 6047 4532 6047 4532 6281 4469 6046 4611 6786 4533 6282 4612 6281 4469 6714 4408 6716 4534 6786 4533 6717 4535 6716 4534 6715 4409 6749 4470 6748 4613 6717 4535 6749 4470 6454 4536 6748 4613 6450 4410 6455 4614 6454 4536 6451 4537 6456 4615 6450 4410 7552 4411 6451 4537 6452 4471 7552 4411 6452 4471 6453 4538 980 4616 979 4616 981 4616 1617 4542 7431 4541 1618 4413 2113 4617 1617 4542 2114 4475 2243 4543 2114 4475 2244 4415 2223 4544 2243 4543 2224 4416 2203 4545 2223 4544 2204 4417 2183 4485 2203 4545 2184 4477 2164 4484 2184 4477 2165 4418 2164 4484 2183 4485 2184 4477 2183 4485 2202 4546 2203 4545 2201 4423 2221 4547 2202 4546 2220 4424 2240 4548 2221 4547 2239 4486 2116 4618 2240 4548 2238 4487 2117 4619 2239 4486 7300 4488 7299 4549 7297 4620 7301 4425 7350 4550 7299 4549 7351 4426 7343 4551 7350 4550 7344 4427 7335 4489 7343 4551 7335 4489 7278 4490 7277 4621 7278 4490 6828 4491 6829 4622 6826 4623 6828 4491 6827 4552 6827 4552 6813 4428 6814 4624 6813 4428 6816 4553 6815 4625 6816 4553 6817 4492 7008 4554 7008 4554 6819 4429 7009 4555 7011 4556 7009 4555 6810 4494 6811 4495 7011 4556 6810 4494 7012 4557 7011 4556 7010 4369 7012 4557 7177 4432 7013 4558 7016 4496 7082 4626 7013 4558 7082 4626 7016 4496 7081 4559 7056 4436 7058 4627 7081 4559 7058 4627 7056 4436 7057 4560 7055 4437 6976 4628 7057 4560 6975 4561 6976 4628 7055 4437 6978 4562 6975 4561 7068 4438 7071 4563 6978 4562 7069 4439 7073 4564 7071 4563 7070 4440 6985 4629 7073 4564 7042 4497 5864 4630 7042 4497 5863 4565 5863 4565 7041 4375 5868 4566 5863 4565 5868 4566 5869 4377 5865 4499 5864 4630 5863 4565 5866 4631 5865 4499 5927 4567 5859 4632 5927 4567 5855 4500 5859 4632 5855 4500 5858 4568 6241 4569 5858 4568 5856 4442 6241 4569 6240 4501 5527 4633 6240 4501 6242 4443 6224 4570 6224 4570 6243 4502 6239 4571 6239 4571 6244 4444 6238 4572 6238 4572 6245 4503 6237 4573 6237 4573 6246 4445 6236 4504 5532 4634 6236 4504 5531 4574 5531 4574 6235 4384 5530 4575 5517 4635 5530 4575 5529 4505 5537 4636 5529 4505 5542 4576 6225 4446 5541 4577 5542 4576 5541 4577 5540 4506 5537 4636 5537 4636 5540 4506 5536 4507 5538 4578 5537 4636 5536 4507 5538 4578 6232 4508 5539 4637 5539 4637 6232 4508 5547 4579 5547 4579 5546 4509 5537 4636 5537 4636 5546 4509 5545 4510 5549 4511 5548 4638 5545 4510 5243 4639 6098 4449 5241 4580 5241 4580 6097 4513 6094 4640 6096 4581 6097 4513 6227 4514 6096 4581 6261 4515 6095 4641 6095 4641 6261 4515 6063 4582 6063 4582 6062 4516 6061 4393 6063 4582 6113 4517 6094 4640 6094 4640 6113 4517 6117 4583 6119 4454 6118 4584 6117 4583 6120 4455 6126 4585 6118 4584 6127 4456 6131 4586 6126 4585 6133 4457 6132 4587 6131 4586 6134 4458 6139 4588 6132 4587 6141 4459 6140 4589 6139 4588 6142 4460 6147 4590 6140 4589 6148 4518 6150 4642 6147 4590 6155 4519 6153 4643 6148 4518 6082 4520 6156 4644 6155 4519 5342 4591 5304 4645 6082 4520 5341 4646 5342 4591 6081 4461 5340 4647 6081 4461 5339 4592 5339 4592 6080 4462 5337 4648 6080 4462 5347 4593 5337 4648 5347 4593 5346 4521 5336 4649 5346 4521 5344 4594 5345 4650 5343 4651 5344 4594 6079 4398 6079 4398 5348 4595 5343 4651 5350 4522 5349 4652 5348 4595 5350 4522 5355 4596 5349 4652 5354 4597 5355 4596 6078 4399 5354 4597 5352 4523 5353 4653 5353 4653 5352 4523 5351 4598 6077 4400 5356 4599 5351 4598 5358 4524 5357 4654 5356 4599 5358 4524 5363 4600 5357 4654 5362 4600 5363 4600 6076 4401 5357 4654 5362 4600 5361 4525 5361 4525 5360 4601 5357 4654 6075 4402 5364 4602 5360 4601 5365 4526 3838 4655 5364 4602 5301 4603 3840 4656 5365 4526 5303 4657 5301 4603 6074 4403 6074 4403 3950 4604 3952 4658 3950 4604 3948 4527 3949 4659 3960 4660 7472 4605 6072 4404 3968 4661 6072 4404 3967 4606 5374 4528 3966 4662 3967 4606 5373 4607 3965 4663 5374 4528 6073 4463 5372 4664 5373 4607 6099 4608 5371 4665 6073 4463 6039 4666 6099 4608 6054 4464 6039 4666 6054 4464 6038 4609 6038 4609 6037 4529 6017 4610 6017 4610 6037 4529 6018 4530 6010 4467 6023 4667 6017 4610 6047 4532 6046 4611 6010 4467 6281 4469 6023 4667 6046 4611 6282 4612 6022 4668 6281 4469 6773 4669 6282 4612 6786 4533 6786 4533 6716 4534 6787 4670 6718 4671 6716 4534 6717 4535 6717 4535 6748 4613 6719 4672 6454 4536 6459 4673 6748 4613 6455 4614 6461 4674 6454 4536 6456 4615 6455 4614 6450 4410 6456 4615 6451 4537 7552 4411 980 4675 981 4675 982 4675 1617 4542 7430 4676 7431 4541 2113 4617 1616 4677 1617 4542 2243 4543 2113 4617 2114 4475 2223 4544 2242 4678 2243 4543 2203 4545 2222 4679 2223 4544 2202 4546 2222 4679 2203 4545 2202 4546 2221 4547 2222 4679 2221 4547 2240 4548 2241 4680 2240 4548 2116 4618 2115 4681 2239 4486 2117 4619 2116 4618 7299 4549 7298 4682 7297 4620 7350 4550 7276 4683 7299 4549 7343 4551 7342 4684 7350 4550 7335 4489 7277 4621 7343 4551 7278 4490 6821 4685 7277 4621 7278 4490 6829 4622 6821 4685 6829 4622 6828 4491 6826 4623 6827 4552 7006 4686 6826 4623 6814 4624 7007 4687 6827 4552 6815 4625 6814 4624 6813 4428 6815 4625 6816 4553 7007 4687 7007 4687 6816 4553 7008 4554 7009 4555 7086 4688 7008 4554 7011 4556 7084 4689 7009 4555 7013 4558 7011 4556 7012 4557 7013 4558 7082 4626 7011 4556 7083 4690 7082 4626 7081 4559 7081 4559 7058 4627 7083 4690 7059 4691 7058 4627 7057 4560 6976 4628 7076 4692 7057 4560 6976 4628 6975 4561 6974 4693 6975 4561 6978 4562 6977 4694 7071 4563 6977 4694 6978 4562 7073 4564 7072 4695 7071 4563 6985 4629 6986 4696 7073 4564 5928 4697 6985 4629 7042 4497 7042 4497 5864 4630 5866 4631 5866 4631 5864 4630 5865 4499 5928 4697 5866 4631 5927 4567 5928 4697 5927 4567 5859 4632 5860 4698 5859 4632 5858 4568 5858 4568 6241 4569 5860 4698 5528 4699 6241 4569 5527 4633 5527 4633 6240 4501 5526 4700 6240 4501 6224 4570 5525 4701 6224 4570 6239 4571 5535 4702 6239 4571 6238 4572 5534 4703 6238 4572 6237 4573 5533 4704 6237 4573 6236 4504 5532 4634 5517 4635 5532 4634 5531 4574 5531 4574 5530 4575 5517 4635 5517 4635 5529 4505 5537 4636 5542 4576 5541 4577 5537 4636 5539 4637 5537 4636 5538 4578 5539 4637 5547 4579 5537 4636 5545 4510 5548 4638 5537 4636 5549 4511 7546 4705 5548 4638 5243 4639 5549 4511 6098 4449 5243 4639 5241 4580 5242 4706 5240 4707 5241 4580 6094 4640 6097 4513 6096 4581 6094 4640 6094 4640 6096 4581 6095 4641 6095 4641 6063 4582 6094 4640 6117 4583 6093 4708 6094 4640 6118 4584 6093 4708 6117 4583 6126 4585 6068 4709 6118 4584 6131 4586 6091 4710 6126 4585 6132 4587 6130 4711 6131 4586 6139 4588 6129 4712 6132 4587 6140 4589 6138 4713 6139 4588 6147 4590 6146 4714 6140 4589 6150 4642 6149 4715 6147 4590 6148 4518 6153 4643 6150 4642 6155 4519 6154 4716 6153 4643 6155 4519 6156 4644 6154 4716 6158 4717 6156 4644 6082 4520 5304 4645 5305 4718 6082 4520 5304 4645 5342 4591 5306 4719 5342 4591 5341 4646 5306 4719 5340 4647 5341 4646 6081 4461 5338 4720 5340 4647 5339 4592 5339 4592 5337 4648 5338 4720 5337 4648 5347 4593 5336 4649 5336 4649 5346 4521 5345 4650 5345 4650 5344 4594 5343 4651 5348 4595 5345 4650 5343 4651 5349 4652 5345 4650 5348 4595 5355 4596 5354 4597 5349 4652 5349 4652 5354 4597 5353 4653 5356 4599 5353 4653 5351 4598 5357 4654 5353 4653 5356 4599 5363 4600 5362 4600 5357 4654 5357 4654 5360 4601 5359 4721 5364 4602 3835 4722 5360 4601 3838 4655 3835 4722 5364 4602 3840 4656 3838 4655 5365 4526 3989 4723 3840 4656 5301 4603 5303 4657 5302 4724 5301 4603 6074 4403 3943 4725 5303 4657 6074 4403 3952 4658 3954 4726 3952 4658 3950 4604 3951 4727 3951 4727 3950 4604 3949 4659 3949 4659 3948 4527 3947 4728 6072 4404 3968 4661 3960 4660 3968 4661 3967 4606 3813 4729 3967 4606 3966 4662 3811 4730 3965 4663 3966 4662 5374 4528 3964 4731 3965 4663 5373 4607 5373 4607 5372 4664 3961 4732 5371 4665 5372 4664 6073 4463 5298 4733 5371 4665 6099 4608 6035 4734 6099 4608 6039 4666 6039 4666 6038 4609 5989 4735 5989 4735 6038 4609 6017 4610 6017 4610 6023 4667 6022 4668 6010 4467 6046 4611 6023 4667 6281 4469 6022 4668 6023 4667 6022 4668 6282 4612 6021 4736 6773 4669 6437 4737 6282 4612 6787 4670 6773 4669 6786 4533 6716 4534 6718 4671 6787 4670 6719 4672 6718 4671 6717 4535 6748 4613 6747 4738 6719 4672 6748 4613 6459 4673 6747 4738 6454 4536 6460 4739 6459 4673 6461 4674 6460 4739 6454 4536 6461 4674 6455 4614 7564 4740 6455 4614 6456 4615 7564 4740 7564 4740 6456 4615 7552 4411 1616 4677 7430 4676 1617 4542 2112 4741 1616 4677 2113 4617 2242 4678 2113 4617 2243 4543 2222 4679 2242 4678 2223 4544 2221 4547 2241 4680 2222 4679 2240 4548 2115 4681 2241 4680 1620 4742 2115 4681 2116 4618 1622 4743 2116 4618 2117 4619 7297 4620 7298 4682 6847 4744 7299 4549 7276 4683 7298 4682 7350 4550 7342 4684 7276 4683 7343 4551 7277 4621 7342 4684 7277 4621 6821 4685 6835 4745 6821 4685 6829 4622 6826 4623 6826 4623 7006 4686 6825 4746 7007 4687 7006 4686 6827 4552 6814 4624 6815 4625 7007 4687 7008 4554 7088 4747 7007 4687 7086 4688 7088 4747 7008 4554 7084 4689 7086 4688 7009 4555 7082 4626 7084 4689 7011 4556 7084 4689 7082 4626 7083 4690 7058 4627 7060 4748 7083 4690 7060 4748 7058 4627 7059 4691 7057 4560 7076 4692 7059 4691 6976 4628 6990 4749 7076 4692 6974 4693 6991 4750 6976 4628 6977 4694 6974 4693 6975 4561 7072 4695 6977 4694 7071 4563 6986 4696 7072 4695 7073 4564 5982 4751 6986 4696 6985 4629 5861 4752 6985 4629 5928 4697 5928 4697 7042 4497 5866 4631 5861 4752 5928 4697 5859 4632 5861 4752 5859 4632 5860 4698 6241 4569 5983 4753 5860 4698 5528 4699 5979 4754 6241 4569 5528 4699 5527 4633 5523 4755 5527 4633 5526 4700 5523 4755 5526 4700 6240 4501 5525 4701 5525 4701 6224 4570 5524 4756 5520 4757 6224 4570 5535 4702 5535 4702 6239 4571 5534 4703 5534 4703 6238 4572 5533 4704 5533 4704 6237 4573 5532 4634 5533 4704 5532 4634 5517 4635 5515 4758 5517 4635 5537 4636 5548 4638 5557 4759 5537 4636 7546 4705 7545 4760 5548 4638 5242 4706 5549 4511 5243 4639 5242 4706 5241 4580 5216 4761 5241 4580 5240 4707 5216 4761 6094 4640 5218 4762 5240 4707 6093 4708 5218 4762 6094 4640 6118 4584 6068 4709 6093 4708 6126 4585 6091 4710 6068 4709 6131 4586 6130 4711 6091 4710 6132 4587 6129 4712 6130 4711 6139 4588 6138 4713 6129 4712 6140 4589 6146 4714 6138 4713 6147 4590 6149 4715 6146 4714 6150 4642 6151 4763 6149 4715 6153 4643 6151 4763 6150 4642 6154 4716 6152 4764 6153 4643 6156 4644 6060 4765 6154 4716 6157 4766 6156 4644 6158 4717 6082 4520 5305 4718 6158 4717 5306 4719 5305 4718 5304 4645 5306 4719 5341 4646 5338 4720 5341 4646 5340 4647 5338 4720 5338 4720 5337 4648 5336 4649 5336 4649 5345 4650 5464 4767 5345 4650 5349 4652 5463 4768 5349 4652 5353 4653 5462 4769 5353 4653 5357 4654 5461 4770 5357 4654 5359 4721 5460 4771 5360 4601 3985 4772 5359 4721 3835 4722 3981 4773 5360 4601 3838 4655 3837 4774 3835 4722 3840 4656 3839 4775 3838 4655 3840 4776 3989 4776 3827 4776 5302 4724 3989 4723 5301 4603 5302 4724 5303 4657 3944 4777 3944 4777 5303 4657 3943 4725 3955 4778 3943 4725 6074 4403 3954 4726 3955 4778 6074 4403 3954 4726 3952 4658 3953 4779 3953 4779 3952 4658 3951 4727 3949 4659 3959 4780 3951 4727 3947 4728 3820 4781 3949 4659 3948 4527 3819 4782 3947 4728 3960 4660 3968 4661 3813 4729 3813 4729 3967 4606 3811 4730 3811 4730 3966 4662 3803 4783 3966 4662 3965 4663 3803 4783 3965 4663 3964 4731 3806 4784 3963 4785 3964 4731 5373 4607 3962 4786 5373 4607 3961 4732 3961 4732 5372 4664 3930 4787 5372 4664 5371 4665 3930 4787 3930 4787 5371 4665 5298 4733 6100 4788 5298 4733 6099 4608 6036 4789 6099 4608 6035 4734 6035 4734 6039 4666 5989 4735 6017 4610 6020 4790 5989 4735 6022 4668 6021 4736 6017 4610 6282 4612 6020 4790 6021 4736 6437 4737 6019 4791 6282 4612 6436 4792 6437 4737 6773 4669 6774 4793 6773 4669 6787 4670 6787 4670 6718 4671 6788 4794 6720 4795 6718 4671 6719 4672 6719 4672 6747 4738 6721 4796 6459 4673 6462 4797 6747 4738 6460 4739 6458 4798 6459 4673 7564 4740 6460 4739 6461 4674 1616 4677 7429 4799 7430 4676 2112 4741 1615 4800 1616 4677 2242 4678 2112 4741 2113 4617 2222 4679 2241 4680 2242 4678 2241 4680 2115 4681 2112 4741 1619 4801 2115 4681 1620 4742 1620 4742 2116 4618 1622 4743 1622 4743 2117 4619 1621 4802 6847 4744 6804 4803 7297 4620 7298 4682 6838 4804 6847 4744 7276 4683 6838 4804 7298 4682 7342 4684 6840 4805 7276 4683 7277 4621 6832 4806 7342 4684 7277 4621 6835 4745 6832 4806 6835 4745 6821 4685 6834 4807 6826 4623 6825 4746 6821 4685 7006 4686 7005 4808 6825 4746 7007 4687 7090 4809 7006 4686 7088 4747 7090 4809 7007 4687 7088 4747 7086 4688 7087 4810 7086 4688 7084 4689 7085 4811 7085 4811 7084 4689 7083 4690 7083 4690 7060 4748 7085 4811 7061 4812 7060 4748 7059 4691 7076 4692 7045 4813 7059 4691 6990 4749 6992 4814 7076 4692 6991 4750 6990 4749 6976 4628 7075 4815 6991 4750 6974 4693 7074 4816 6974 4693 6977 4694 7072 4695 7074 4816 6977 4694 6986 4696 6987 4817 7072 4695 5982 4751 5980 4818 6986 4696 5984 4819 5982 4751 6985 4629 5861 4752 5862 4820 6985 4629 5862 4820 5861 4752 5860 4698 5860 4698 5983 4753 5986 4821 6241 4569 5981 4822 5983 4753 5979 4754 5981 4822 6241 4569 5979 4754 5528 4699 5973 4823 5973 4823 5528 4699 5523 4755 5523 4755 5526 4700 5525 4701 5525 4701 5524 4756 5523 4755 6224 4570 5521 4824 5524 4756 5521 4824 6224 4570 5520 4757 5535 4702 5517 4635 5520 4757 5534 4703 5517 4635 5535 4702 5534 4703 5533 4704 5517 4635 5519 4825 5517 4635 5515 4758 5537 4636 5557 4759 5515 4758 5557 4759 5548 4638 5558 4826 5548 4638 7545 4760 7543 4827 5216 4761 5240 4707 5218 4762 6093 4708 5236 4828 5218 4762 6068 4709 5230 4829 6093 4708 6091 4710 5247 4830 6068 4709 6130 4711 6069 4831 6091 4710 6129 4712 6090 4832 6130 4711 6138 4713 6070 4833 6129 4712 6146 4714 6089 4834 6138 4713 6149 4715 6089 4834 6146 4714 6151 4763 6088 4835 6149 4715 6153 4643 6152 4764 6151 4763 6154 4716 6060 4765 6152 4764 6157 4766 6060 4765 6156 4644 6159 4836 6157 4766 6158 4717 5305 4718 6083 4837 6158 4717 5305 4718 5306 4719 5333 4838 5306 4719 5338 4720 5466 4839 5338 4720 5336 4649 5465 4840 5465 4840 5336 4649 5464 4767 5464 4767 5345 4650 5463 4768 5463 4768 5349 4652 5462 4769 5462 4769 5353 4653 5461 4770 5461 4770 5357 4654 5460 4771 5460 4771 5359 4721 5366 4841 3985 4772 3979 4842 5359 4721 3984 4843 3985 4772 5360 4601 5360 4601 3981 4773 3982 4844 3981 4773 3835 4722 3980 4845 3837 4774 3836 4846 3835 4722 3839 4775 3837 4774 3838 4655 3839 4775 3840 4656 3825 4847 3825 4847 3840 4656 3827 4848 3827 4848 3989 4723 3829 4849 3988 4850 3989 4723 5302 4724 3986 4851 5302 4724 3944 4777 3945 4852 3944 4777 3943 4725 3943 4725 3955 4778 3945 4852 3955 4778 3954 4726 3945 4852 3945 4852 3954 4726 3953 4779 3951 4727 3958 4853 3953 4779 3959 4780 3958 4853 3951 4727 3820 4781 3959 4780 3949 4659 3819 4782 3820 4781 3947 4728 3815 4854 3960 4660 3813 4729 3813 4729 3811 4730 3812 4855 3811 4730 3803 4783 3810 4856 3803 4783 3965 4663 3806 4784 3806 4784 3964 4731 3801 4857 3964 4731 3963 4785 3801 4857 3963 4785 5373 4607 3962 4786 3962 4786 3961 4732 3797 4858 3797 4858 3961 4732 3930 4787 3932 4859 3930 4787 5298 4733 5297 4860 5298 4733 6100 4788 6100 4788 6099 4608 6036 4789 5989 4735 6036 4789 6035 4734 6020 4790 6019 4791 5989 4735 6021 4736 6020 4790 6017 4610 6282 4612 6019 4791 6020 4790 6019 4791 6437 4737 5988 4861 6436 4792 4167 4862 6437 4737 6774 4793 6436 4792 6773 4669 6788 4794 6774 4793 6787 4670 6718 4671 6720 4795 6788 4794 6721 4796 6720 4795 6719 4672 6747 4738 6746 4863 6721 4796 6747 4738 6462 4797 6746 4863 6459 4673 6463 4864 6462 4797 6459 4673 6458 4798 6457 4865 6458 4798 6460 4739 7564 4740 7428 4866 7429 4799 1616 4677 1615 4800 7428 4866 1616 4677 1614 4867 1615 4800 2112 4741 2241 4680 2112 4741 2242 4678 1619 4801 2112 4741 2115 4681 7435 4868 1619 4801 1620 4742 1622 4743 7438 4869 1620 4742 1621 4802 7437 4870 1622 4743 6804 4803 6847 4744 6845 4871 6847 4744 6838 4804 6845 4871 7276 4683 6844 4872 6838 4804 7276 4683 6840 4805 6844 4872 7342 4684 6832 4806 6840 4805 6832 4806 6835 4745 6834 4807 6834 4807 6821 4685 6822 4873 6825 4746 6824 4874 6821 4685 6825 4746 7005 4808 6824 4874 7006 4686 7092 4875 7005 4808 7090 4809 7092 4875 7006 4686 7090 4809 7088 4747 7089 4876 7089 4876 7088 4747 7087 4810 7087 4810 7086 4688 7085 4811 7060 4748 7062 4877 7085 4811 7062 4877 7060 4748 7061 4812 7059 4691 7045 4813 7061 4812 7076 4692 6992 4814 7045 4813 6992 4814 6990 4749 5969 4878 6991 4750 5966 4879 6990 4749 7075 4815 6989 4880 6991 4750 7074 4816 7075 4815 6974 4693 6987 4817 7074 4816 7072 4695 5974 4881 6987 4817 6986 4696 6986 4696 5980 4818 5973 4823 5982 4751 5981 4822 5980 4818 5984 4819 5983 4753 5982 4751 6985 4629 5985 4882 5984 4819 5862 4820 5985 4882 6985 4629 5986 4821 5862 4820 5860 4698 5986 4821 5983 4753 5985 4882 5983 4753 5981 4822 5982 4751 5981 4822 5979 4754 5980 4818 5980 4818 5979 4754 5973 4823 5522 4883 5973 4823 5523 4755 5524 4756 5521 4824 5523 4755 5522 4883 5521 4824 5520 4757 5517 4635 5518 4884 5520 4757 5519 4825 5518 4884 5517 4635 5516 4885 5519 4825 5515 4758 5557 4759 5513 4886 5515 4758 5559 4887 5557 4759 5558 4826 5558 4826 5548 4638 5550 4888 7542 4889 5548 4638 7543 4827 5218 4762 5217 4890 5216 4761 5236 4828 5217 4890 5218 4762 5234 4891 5236 4828 6093 4708 6093 4708 5230 4829 5234 4891 6068 4709 5229 4892 5230 4829 6068 4709 5247 4830 5229 4892 6091 4710 5246 4893 5247 4830 6091 4710 6069 4831 6092 4894 6130 4711 6090 4832 6069 4831 6129 4712 6070 4833 6090 4832 6089 4834 6070 4833 6138 4713 6149 4715 6088 4835 6089 4834 6151 4763 6071 4895 6088 4835 6152 4764 6071 4895 6151 4763 6060 4765 6058 4896 6152 4764 6059 4897 6060 4765 6157 4766 6087 4898 6157 4766 6159 4836 6158 4717 6083 4837 6159 4836 5305 4718 5335 4899 6083 4837 5335 4899 5305 4718 5333 4838 5333 4838 5306 4719 5466 4839 5466 4839 5338 4720 5465 4840 5465 4840 5464 4767 5452 4900 5464 4767 5463 4768 5296 4901 5463 4768 5462 4769 5295 4902 5462 4769 5461 4770 5394 4903 5461 4770 5460 4771 5396 4904 5460 4771 5366 4841 5413 4905 5359 4721 3974 4906 5366 4841 5359 4721 3979 4842 3976 4907 3979 4842 3985 4772 3841 4908 3985 4772 3984 4843 3841 4908 3983 4909 3984 4843 5360 4601 5360 4601 3982 4844 3983 4909 3982 4844 3981 4773 3847 4910 3847 4910 3981 4773 3980 4845 3980 4845 3835 4722 3836 4846 3836 4846 3837 4774 7366 4911 7366 4911 3837 4774 3839 4775 3839 4775 3825 4847 7366 4911 3827 4848 3826 4912 3825 4847 3829 4849 3828 4913 3827 4848 3989 4723 3988 4850 3829 4849 3987 4914 3988 4850 5302 4724 3987 4914 5302 4724 3986 4851 3833 4915 3986 4851 3944 4777 3833 4915 3944 4777 3945 4852 3953 4779 3957 4916 3945 4852 3958 4853 3957 4916 3953 4779 7365 4917 3958 4853 3959 4780 3959 4780 3820 4781 7365 4917 3821 4918 3820 4781 3819 4782 3815 4854 3813 4729 3814 4919 3814 4919 3813 4729 3812 4855 3812 4855 3811 4730 3810 4856 3810 4856 3803 4783 3804 4920 3806 4784 3805 4921 3803 4783 3801 4857 3808 4922 3806 4784 3801 4857 3963 4785 3799 4923 3963 4785 3962 4786 3799 4923 3799 4923 3962 4786 3797 4858 3796 4924 3797 4858 3930 4787 3932 4859 3931 4925 3930 4787 5299 4926 3932 4859 5298 4733 5299 4926 5298 4733 5297 4860 5375 4927 5297 4860 6100 4788 6040 4928 6100 4788 6036 4789 6036 4789 5989 4735 4146 4929 5989 4735 6019 4791 5988 4861 5988 4861 6437 4737 5987 4930 4167 4862 4168 4931 6437 4737 4154 4932 4167 4862 6436 4792 6435 4933 6436 4792 6774 4793 6775 4934 6774 4793 6788 4794 6788 4794 6720 4795 6789 4935 6722 4936 6720 4795 6721 4796 6721 4796 6746 4863 6723 4937 6462 4797 6467 4938 6746 4863 6463 4864 6469 4939 6462 4797 6464 4940 6463 4864 6459 4673 6457 4865 6464 4940 6459 4673 6457 4865 6458 4798 7564 4740 1615 4800 7427 4941 7428 4866 1614 4867 7427 4941 1615 4800 1614 4867 2112 4741 1619 4801 7434 4942 1619 4801 7435 4868 7435 4868 1620 4742 7436 4943 1620 4742 7438 4869 7439 4944 1622 4743 7437 4870 7438 4869 6846 4945 6804 4803 6845 4871 6845 4871 6838 4804 6836 4946 6844 4872 6841 4947 6838 4804 6840 4805 6841 4947 6844 4872 6832 4806 6841 4947 6840 4805 6834 4807 6833 4948 6832 4806 6834 4807 6822 4873 7004 4949 6823 4950 6822 4873 6821 4685 6821 4685 6824 4874 6823 4950 7005 4808 6823 4950 6824 4874 7092 4875 7094 4951 7005 4808 7092 4875 7090 4809 7091 4952 7091 4952 7090 4809 7089 4876 7087 4810 7064 4953 7089 4876 7085 4811 7062 4877 7087 4810 7063 4954 7062 4877 7061 4812 7045 4813 7044 4955 7061 4812 7045 4813 6992 4814 7044 4955 5970 4956 6992 4814 5969 4878 5969 4878 6990 4749 5968 4957 5966 4879 5967 4958 6990 4749 6991 4750 5965 4959 5966 4879 6989 4880 5965 4959 6991 4750 6988 4960 6989 4880 7075 4815 6988 4960 7075 4815 7074 4816 6987 4817 6988 4960 7074 4816 5974 4881 5975 4961 6987 4817 5973 4823 5974 4881 6986 4696 5985 4882 5983 4753 5984 4819 5862 4820 5986 4821 5985 4882 5974 4881 5973 4823 5522 4883 5523 4755 5521 4824 5522 4883 5520 4757 5518 4884 5522 4883 5519 4825 5977 4962 5518 4884 5516 4885 5943 4963 5519 4825 5511 4964 5516 4885 5515 4758 5515 4758 5513 4886 5511 4964 5513 4886 5557 4759 5559 4887 5558 4826 5562 4965 5559 4887 5550 4888 5552 4966 5558 4826 5548 4638 7544 4967 5550 4888 7544 4967 5548 4638 7542 4889 5236 4828 5237 4968 5217 4890 5234 4891 5238 4969 5236 4828 5226 4970 5234 4891 5230 4829 5226 4970 5230 4829 5229 4892 5229 4892 5247 4830 5226 4970 5247 4830 5246 4893 5226 4970 6092 4894 5246 4893 6091 4710 6069 4831 5248 4971 6092 4894 6090 4832 5254 4972 6069 4831 6070 4833 5250 4973 6090 4832 6089 4834 5213 4974 6070 4833 6088 4835 5258 4975 6089 4834 6071 4895 5265 4976 6088 4835 6152 4764 6058 4896 6071 4895 6060 4765 6059 4897 6058 4896 6087 4898 6059 4897 6157 4766 6086 4977 6087 4898 6159 4836 6083 4837 6084 4978 6159 4836 5335 4899 5334 4979 6083 4837 5335 4899 5333 4838 5334 4979 5333 4838 5466 4839 5448 4980 5466 4839 5465 4840 5450 4981 5450 4981 5465 4840 5452 4900 5452 4900 5464 4767 5296 4901 5296 4901 5463 4768 5295 4902 5295 4902 5462 4769 5394 4903 5394 4903 5461 4770 5396 4904 5396 4904 5460 4771 5413 4905 5413 4905 5366 4841 5414 4982 5366 4841 3974 4906 3973 4983 5359 4721 3975 4984 3974 4906 3976 4907 3977 4985 5359 4721 3976 4907 3979 4842 3853 4986 3979 4842 3841 4908 3853 4986 3841 4908 3984 4843 3843 4987 3984 4843 3983 4909 3843 4987 3983 4909 3982 4844 3845 4988 3845 4988 3982 4844 3847 4910 7366 4911 3847 4910 3980 4845 3980 4845 3836 4846 7366 4911 3825 4847 3826 4912 7366 4911 3828 4913 3826 4912 3827 4848 3830 4989 3828 4913 3829 4849 3829 4849 3988 4850 3831 4990 3988 4850 3987 4914 3831 4990 3987 4991 3986 4991 3833 4991 3946 4992 3833 4915 3945 4852 3957 4916 3956 4993 3945 4852 3957 4916 3958 4853 7365 4917 3820 4781 3822 4994 7365 4917 3820 4781 3821 4918 7469 4995 3816 4996 3815 4854 3814 4919 7365 4917 3814 4919 3812 4855 3812 4855 3810 4856 7365 4917 3810 4856 3804 4920 7365 4917 3805 4921 3804 4920 3803 4783 3806 4784 3807 4997 3805 4921 3808 4922 3807 4997 3806 4784 3809 4998 3808 4922 3801 4857 3801 4857 3799 4923 3800 4999 3799 4923 3797 4858 3798 5000 3798 5000 3797 4858 3796 4924 3931 4925 3796 4924 3930 4787 3933 5001 3931 4925 3932 4859 3942 5002 3932 4859 5299 4926 5299 4926 5297 4860 4145 5003 4145 5003 5297 4860 5375 4927 5375 4927 6100 4788 6040 4928 6040 4928 6036 4789 4146 4929 4146 4929 5989 4735 4147 5004 5989 4735 5988 4861 5987 4930 6437 4737 4170 5005 5987 4930 6437 4737 4168 4931 4170 5005 4168 4931 4167 4862 4166 5006 4167 4862 4154 4932 4166 5006 4165 5007 4154 4932 6436 4792 6435 4933 4165 5007 6436 4792 6775 4934 6435 4933 6774 4793 6789 4935 6775 4934 6788 4794 6720 4795 6722 4936 6789 4935 6723 4937 6722 4936 6721 4796 6746 4863 6745 5008 6723 4937 6746 4863 6467 4938 6745 5008 6462 4797 6468 5009 6467 4938 6469 4939 6468 5009 6462 4797 6469 4939 6463 4864 7563 5010 6463 4864 6464 4940 7564 4740 7564 4740 6464 4940 6457 4865 1614 4867 7426 5011 7427 4941 7434 4942 1614 4867 1619 4801 1620 4742 7439 4944 7436 4943 6806 5012 6804 4803 6846 4945 6845 4871 7000 5013 6846 4945 6836 4946 7000 5013 6845 4871 6838 4804 6837 5014 6836 4946 6841 4947 6843 5015 6838 4804 6842 5016 6841 4947 6832 4806 6833 4948 6831 5017 6832 4806 6833 4948 6834 4807 7004 4949 7004 4949 6822 4873 7005 4808 6822 4873 6823 4950 7005 4808 7005 4808 7094 4951 7004 4949 7094 4951 7092 4875 7093 5018 7093 5018 7092 4875 7091 4952 7089 4876 7066 5019 7091 4952 7064 4953 7066 5019 7089 4876 7062 4877 7064 4953 7087 4810 7064 4953 7062 4877 7063 4954 7061 4812 7044 4955 7063 4954 6992 4814 6993 5020 7044 4955 5944 5021 6992 4814 5970 4956 5970 4956 5969 4878 5472 5022 5969 4878 5968 4957 5514 5023 6990 4749 5967 4958 5968 4957 5967 4958 5966 4879 5511 4964 5511 4964 5966 4879 5965 4959 6989 4880 5972 5024 5965 4959 6989 4880 6988 4960 5942 5025 5977 4962 6988 4960 6987 4817 6987 4817 5975 4961 5976 5026 5522 4883 5975 4961 5974 4881 5518 4884 5976 5026 5522 4883 5977 4962 5976 5026 5518 4884 5978 5027 5977 4962 5519 4825 5519 4825 5943 4963 5942 5025 5971 5028 5943 4963 5516 4885 5511 4964 5971 5028 5516 4885 5513 4886 5512 5029 5511 4964 5560 5030 5513 4886 5559 4887 5562 4965 5561 5031 5559 4887 5552 4966 5562 4965 5558 4826 5232 5032 5552 4966 5550 4888 5550 4888 7544 4967 7549 5033 5238 4969 5237 4968 5236 4828 5239 5034 5238 4969 5234 4891 5235 5035 5234 4891 5226 4970 5226 4970 5246 4893 5223 5036 5245 5037 5246 4893 6092 4894 6092 4894 5248 4971 5244 5038 6069 4831 5249 5039 5248 4971 6069 4831 5254 4972 5249 5039 6090 4832 5253 5040 5254 4972 6090 4832 5250 4973 5251 5041 6070 4833 5257 5042 5250 4973 5213 4974 5214 5043 6070 4833 5261 5044 5213 4974 6089 4834 6089 4834 5258 4975 5259 5045 6088 4835 5268 5046 5258 4975 6088 4835 5265 4976 5267 5047 6071 4895 5263 5048 5265 4976 6058 4896 5262 5049 6071 4895 6059 4897 5271 5050 6058 4896 5275 5051 6059 4897 6087 4898 5279 5052 6087 4898 6086 4977 6159 4836 6084 4978 6086 4977 6084 4978 6083 4837 5328 5053 6083 4837 5334 4979 5332 5054 5334 4979 5333 4838 5332 5054 5437 5055 5333 4838 5448 4980 5448 4980 5466 4839 5450 4981 5452 4900 5451 5056 5450 4981 5296 4901 5453 5057 5452 4900 5296 4901 5295 4902 5294 5058 5394 4903 5294 5058 5295 4902 5396 4904 5395 5059 5394 4903 5396 4904 5413 4905 5406 5060 5414 4982 5409 5061 5413 4905 5366 4841 5367 5062 5414 4982 3973 4983 3972 5063 5366 4841 3974 4906 3857 5064 3973 4983 3975 4984 3851 5065 3974 4906 3978 5066 3975 4984 5359 4721 3977 4985 3978 5066 5359 4721 3977 4985 3976 4907 3853 4986 3843 4987 3842 5067 3841 4908 3843 4987 3983 4909 3845 4988 3847 4910 3846 5068 3845 4988 3846 5068 3847 4910 7366 4911 7366 4911 3826 4912 3828 4913 3828 4913 3830 4989 7366 4911 3831 4990 3830 4989 3829 4849 3831 4990 3987 4914 3833 4915 3834 5069 3833 4915 3946 4992 3945 4852 3956 4993 3946 4992 3956 4993 3957 4916 7366 4911 7366 4911 3957 4916 7365 4917 7365 4917 3822 4994 3818 5070 3823 5071 3822 4994 3820 4781 7470 5072 3820 4781 7469 4995 3817 5073 3815 4854 3816 4996 3816 4996 3814 4919 7365 4917 7365 4917 3804 4920 3805 4921 3805 4921 3807 4997 7365 4917 3807 4997 3808 4922 7365 4917 7365 4917 3808 4922 3809 4998 3802 5074 3809 4998 3801 4857 3802 5074 3801 4857 3800 4999 3800 4999 3799 4923 3798 5000 7364 5075 3798 5000 3796 4924 3796 4924 3931 4925 7364 5075 3931 4925 3933 5001 7364 5075 3932 4859 3942 5002 3933 5001 3941 5076 3942 5002 5299 4926 4112 5077 5299 4926 4145 5003 4145 5003 5375 4927 4129 5078 4128 5079 5375 4927 6040 4928 4127 5080 6040 4928 4146 4929 4147 5004 4126 5081 4146 4929 4147 5004 5989 4735 4148 5082 5989 4735 5987 4930 4171 5083 5987 4930 4170 5005 4150 5084 4168 4931 4166 5006 4170 5005 4166 5006 4154 4932 4156 5085 4165 5007 4159 5086 4154 4932 4163 5087 4165 5007 6435 4933 6434 5088 6435 4933 6775 4934 6776 5089 6775 4934 6789 4935 6789 4935 6722 4936 6790 5090 6724 5091 6722 4936 6723 4937 6723 4937 6745 5008 6725 5092 6467 4938 6471 5093 6745 5008 6468 5009 6466 5094 6467 4938 6468 5009 6469 4939 7563 5010 7563 5010 6463 4864 7564 4740 7425 5095 7426 5011 1614 4867 7425 5095 1614 4867 7434 4942 6806 5012 6805 5096 6804 4803 6846 4945 6805 5096 6806 5012 7000 5013 6805 5096 6846 4945 6836 4946 7001 5097 7000 5013 6837 5014 7001 5097 6836 4946 6839 5098 6837 5014 6838 4804 6838 4804 6843 5015 6839 5098 6843 5015 6841 4947 7002 5099 7003 5100 6841 4947 6842 5016 6830 5101 6842 5016 6832 4806 6832 4806 6831 5017 6830 5101 6831 5017 6833 4948 7003 5100 7003 5100 6833 4948 7004 4949 7094 4951 7096 5102 7004 4949 7095 5103 7094 4951 7093 5018 7091 4952 7067 5104 7093 5018 7066 5019 7067 5104 7091 4952 7066 5019 7064 4953 7065 5105 7065 5105 7064 4953 7063 4954 7044 4955 7043 5106 7063 4954 7044 4955 6993 5020 7043 5106 6993 5020 6992 4814 5944 5021 5944 5021 5970 4956 5472 5022 5472 5022 5969 4878 5514 5023 5514 5023 5968 4957 5512 5029 5968 4957 5967 4958 5512 5029 5512 5029 5967 4958 5511 4964 5965 4959 5972 5024 5511 4964 5971 5028 5972 5024 6989 4880 5943 4963 6989 4880 5942 5025 5942 5025 6988 4960 5978 5027 5977 4962 5978 5027 6988 4960 5976 5026 5977 4962 6987 4817 5976 5026 5975 4961 5522 4883 5942 5025 5978 5027 5519 4825 5943 4963 5971 5028 6989 4880 5972 5024 5971 5028 5511 4964 5514 5023 5512 5029 5513 4886 5514 5023 5513 4886 5560 5030 5559 4887 5561 5031 5560 5030 5562 4965 5564 5107 5561 5031 5552 4966 5565 5108 5562 4965 5552 4966 5232 5032 5551 5109 7548 5110 5232 5032 5550 4888 7549 5033 7547 5111 5550 4888 5235 5035 5239 5034 5234 4891 5231 5112 5235 5035 5226 4970 5223 5036 5227 5113 5226 4970 5246 4893 5245 5037 5223 5036 5244 5038 5245 5037 6092 4894 5248 4971 5223 5036 5244 5038 5249 5039 5221 5114 5248 4971 5249 5039 5254 4972 5221 5114 5254 4972 5253 5040 5221 5114 5251 5041 5253 5040 6090 4832 5252 5115 5251 5041 5250 4973 5257 5042 5215 5116 5250 4973 6070 4833 5214 5043 5257 5042 5215 5116 5214 5043 5213 4974 5260 5117 5213 4974 5261 5044 5259 5045 5261 5044 6089 4834 5260 5117 5259 5045 5258 4975 5266 5118 5258 4975 5268 5046 5267 5047 5268 5046 6088 4835 5267 5047 5265 4976 5266 5118 5265 4976 5263 5048 5264 5119 6071 4895 5262 5049 5263 5048 6058 4896 5269 5120 5262 5049 5271 5050 5269 5120 6058 4896 5272 5121 5271 5050 6059 4897 5275 5051 5274 5122 6059 4897 5277 5123 5275 5051 6087 4898 5279 5052 5277 5123 6087 4898 5282 5124 5279 5052 6086 4977 6084 4978 6085 5125 6086 4977 5329 5126 6084 4978 5328 5053 5328 5053 6083 4837 5332 5054 5332 5054 5333 4838 5437 5055 5448 4980 5447 5127 5437 5055 5450 4981 5449 5128 5448 4980 5451 5056 5449 5128 5450 4981 5453 5057 5451 5056 5452 4900 5454 5129 5453 5057 5296 4901 5294 5058 5405 5130 5296 4901 5395 5059 5294 5058 5394 4903 5406 5060 5395 5059 5396 4904 5413 4905 5409 5061 5406 5060 5411 5131 5409 5061 5414 4982 5414 4982 5367 5062 5415 5132 5366 4841 3794 5133 5367 5062 3972 5063 3971 5134 5366 4841 3973 4983 3855 5135 3972 5063 3857 5064 3855 5135 3973 4983 3851 5065 3857 5064 3974 4906 3975 4984 3978 5066 3851 5065 3978 5066 3977 4985 3851 5065 3851 5065 3977 4985 3853 4986 3842 5067 3850 5136 3841 4908 3844 5137 3842 5067 3843 4987 3845 4988 3844 5137 3843 4987 3846 5068 3844 5137 3845 4988 3844 5137 3846 5068 7366 4911 3830 4989 3832 5138 7366 4911 3832 5138 3830 4989 3831 4990 3833 4915 3832 5138 3831 4990 3834 5069 3832 5138 3833 4915 7366 4911 3834 5069 3946 4992 3946 4992 3956 4993 7366 4911 7365 4917 3885 5139 7366 4911 3818 5070 3816 4996 7365 4917 3822 4994 7471 5140 3818 5070 3824 5141 3822 4994 3823 5071 3823 5071 3820 4781 7470 5072 3817 5073 7472 4605 3815 4854 3818 5070 3817 5073 3816 4996 7365 4917 3809 4998 7364 5075 7364 5075 3809 4998 3802 5074 3802 5074 3800 4999 7364 5075 3800 4999 3798 5000 7364 5075 7364 5075 3933 5001 3940 5142 3942 5002 3941 5076 3933 5001 5299 4926 3939 5143 3941 5076 5370 5144 5299 4926 4112 5077 4112 5077 4145 5003 4127 5080 4127 5080 4145 5003 4129 5078 4129 5078 5375 4927 4128 5079 4128 5079 6040 4928 4127 5080 4146 4929 4112 5077 4127 5080 4126 5081 4112 5077 4146 4929 4148 5082 4126 5081 4147 5004 4148 5082 5989 4735 4171 5083 4171 5083 5987 4930 4150 5084 4170 5005 4166 5006 4150 5084 4166 5006 4156 5085 6431 5145 4156 5085 4154 4932 4155 5146 4159 5086 4164 5147 4154 4932 4163 5087 4159 5086 4165 5007 4162 5148 4163 5087 6435 4933 6434 5088 4162 5148 6435 4933 6776 5089 6434 5088 6775 4934 6790 5090 6776 5089 6789 4935 6722 4936 6724 5091 6790 5090 6725 5092 6724 5091 6723 4937 6745 5008 6744 5149 6725 5092 6745 5008 6471 5093 6744 5149 6471 5093 6467 4938 6470 5150 6467 4938 6466 5094 6465 5151 7563 5010 6466 5094 6468 5009 6805 5096 6803 5152 6804 4803 7000 5013 6803 5152 6805 5096 7001 5097 7077 5153 7000 5013 6837 5014 6839 5098 7001 5097 6839 5098 6843 5015 7001 5097 7001 5097 6843 5015 7002 5099 6841 4947 7096 5102 7002 5099 7096 5102 6841 4947 7003 5100 7003 5100 6842 5016 6830 5101 6830 5101 6831 5017 7003 5100 7004 4949 7096 5102 7003 5100 7096 5102 7094 4951 7095 5103 7093 5018 7080 5154 7095 5103 7067 5104 7080 5154 7093 5018 7067 5104 7066 5019 7065 5105 7063 4954 7043 5106 7065 5105 6993 5020 6994 5155 7043 5106 5945 5156 6993 5020 5944 5021 5472 5022 5945 5156 5944 5021 5472 5022 5514 5023 5560 5030 5561 5031 5474 5157 5560 5030 5564 5107 5563 5158 5561 5031 5565 5108 5564 5107 5562 4965 5566 5159 5565 5108 5552 4966 5551 5109 5566 5159 5552 4966 5232 5032 5233 5160 5551 5109 5550 4888 7547 5111 7548 5110 5226 4970 5232 5032 5231 5112 5227 5113 5233 5160 5226 4970 5228 5161 5227 5113 5223 5036 5223 5036 5245 5037 5244 5038 5221 5114 5223 5036 5248 4971 5221 5114 5253 5040 5252 5115 5253 5040 5251 5041 5252 5115 5250 4973 5256 5162 5252 5115 5215 5116 5256 5162 5250 4973 5214 5043 5215 5116 5257 5042 5215 5116 5213 4974 5260 5117 5261 5044 5259 5045 5260 5117 5260 5117 5258 4975 5266 5118 5268 5046 5267 5047 5266 5118 5266 5118 5265 4976 5264 5119 5264 5119 5263 5048 5262 5049 5269 5120 5264 5119 5262 5049 5271 5050 5270 5163 5269 5120 5272 5121 5270 5163 5271 5050 5274 5122 5272 5121 6059 4897 5275 5051 5273 5164 5274 5122 5277 5123 5276 5165 5275 5051 5279 5052 5278 5166 5277 5123 5279 5052 5282 5124 5278 5166 6086 4977 5281 5167 5282 5124 6086 4977 6085 5125 5280 5168 6084 4978 5325 5169 6085 5125 5329 5126 5331 5170 6084 4978 5330 5171 5329 5126 5328 5053 5328 5053 5332 5054 5437 5055 5447 5127 5322 5172 5437 5055 5449 5128 5447 5127 5448 4980 5451 5056 5439 5173 5449 5128 5453 5057 5440 5174 5451 5056 5454 5129 5441 5175 5453 5057 5405 5130 5454 5129 5296 4901 5403 5176 5405 5130 5294 5058 5395 5059 5403 5176 5294 5058 5407 5177 5395 5059 5406 5060 5406 5060 5409 5061 5408 5178 5411 5131 5410 5179 5409 5061 5415 5132 5411 5131 5414 4982 5367 5062 5300 5180 5415 5132 3794 5133 3861 5181 5367 5062 3793 5182 3794 5133 5366 4841 5366 4841 3971 5134 3970 5183 3972 5063 3855 5135 3971 5134 3857 5064 3856 5184 3855 5135 3851 5065 3858 5185 3857 5064 3853 4986 3852 5186 3851 5065 3850 5136 3849 5187 3841 4908 3850 5136 3842 5067 7366 4911 7366 4911 3842 5067 3844 5137 7366 4911 3832 5138 3834 5069 3885 5139 3886 5188 7366 4911 3883 5189 3885 5139 7365 4917 3818 5070 7471 5140 3817 5073 3822 4994 3824 5141 7471 5140 7471 5140 7472 4605 3817 5073 3902 5190 7365 4917 7364 5075 3940 5142 3938 5191 7364 5075 3933 5001 3941 5076 3940 5142 3941 5076 3939 5143 3940 5142 3937 5192 3939 5143 5299 4926 5370 5144 3926 5193 5299 4926 4102 5194 5370 5144 4112 5077 4129 5078 4128 5079 4127 5080 4126 5081 4125 5195 4112 5077 4148 5082 4171 5083 4126 5081 4171 5083 4150 5084 4126 5081 4166 5006 4169 5196 4150 5084 6429 5197 4166 5006 6431 5145 6431 5145 4156 5085 4155 5146 4155 5146 4154 4932 4153 5198 4154 4932 4164 5147 4153 5198 4164 5147 4159 5086 6430 5199 4163 5087 4162 5148 4159 5086 4161 5200 4162 5148 6434 5088 6432 5201 6434 5088 6776 5089 6777 5202 6776 5089 6790 5090 6790 5090 6724 5091 6791 5203 6726 5204 6724 5091 6725 5092 6725 5092 6744 5149 6727 5205 6471 5093 6473 5206 6744 5149 6472 5207 6471 5093 6470 5150 6470 5150 6467 4938 6465 5151 6465 5151 6466 5094 7563 5010 6804 4803 6803 5152 6802 5208 7077 5153 6803 5152 7000 5013 7078 5209 7077 5153 7001 5097 7002 5099 7078 5209 7001 5097 7002 5099 7096 5102 7095 5103 7080 5154 7079 5210 7095 5103 7067 5104 6996 5211 7080 5154 7065 5105 6995 5212 7067 5104 7043 5106 6995 5212 7065 5105 7043 5106 6994 5155 6995 5212 6993 5020 5964 5213 6994 5155 5945 5156 5963 5214 6993 5020 5473 5215 5945 5156 5472 5022 5560 5030 5474 5157 5472 5022 5561 5031 5563 5158 5474 5157 5564 5107 5568 5216 5563 5158 5565 5108 5569 5217 5564 5107 5566 5159 5570 5218 5565 5108 5554 5219 5566 5159 5551 5109 5551 5109 5233 5160 5227 5113 5233 5160 5232 5032 5226 4970 5227 5113 5228 5161 5551 5109 5225 5220 5228 5161 5223 5036 5223 5036 5221 5114 5222 5221 5252 5115 5255 5222 5221 5114 5256 5162 5255 5222 5252 5115 5256 5162 5215 5116 5209 5223 5209 5223 5215 5116 5260 5117 5293 5224 5260 5117 5266 5118 5264 5119 5283 5225 5266 5118 5270 5163 5264 5119 5269 5120 5273 5164 5270 5163 5272 5121 5274 5122 5273 5164 5272 5121 5276 5165 5273 5164 5275 5051 5278 5166 5276 5165 5277 5123 5282 5124 5281 5167 5278 5166 5280 5168 5281 5167 6086 4977 5280 5168 6085 5125 5211 5226 5325 5169 5326 5227 6085 5125 5331 5170 5325 5169 6084 4978 5331 5170 5329 5126 5330 5171 5328 5053 5437 5055 5330 5171 5437 5055 5322 5172 5323 5228 5447 5127 5307 5229 5322 5172 5449 5128 5438 5230 5447 5127 5439 5173 5438 5230 5449 5128 5440 5174 5439 5173 5451 5056 5441 5175 5440 5174 5453 5057 5442 5231 5441 5175 5454 5129 5455 5232 5454 5129 5405 5130 5405 5130 5403 5176 5404 5233 5401 5234 5403 5176 5395 5059 5407 5177 5401 5234 5395 5059 5408 5178 5407 5177 5406 5060 5409 5061 5410 5179 5408 5178 5412 5235 5410 5179 5411 5131 5420 5236 5411 5131 5415 5132 5415 5132 5300 5180 5419 5237 5300 5180 5367 5062 3876 5238 5367 5062 3861 5181 3884 5239 3861 5181 3794 5133 3860 5240 3795 5241 3794 5133 3793 5182 3969 5242 3793 5182 5366 4841 5366 4841 3970 5183 3969 5242 3971 5134 3867 5243 3970 5183 3855 5135 3867 5243 3971 5134 3856 5184 3869 5244 3855 5135 3858 5185 3856 5184 3857 5064 3859 5245 3858 5185 3851 5065 3852 5186 3859 5245 3851 5065 3854 5246 3852 5186 3853 4986 3841 4908 3849 5187 3848 5247 3849 5248 3850 5248 7366 5248 3886 5188 3860 5240 7366 4911 3886 5188 3885 5139 3861 5181 3885 5139 3883 5189 3884 5239 7365 4917 3881 5249 3883 5189 3888 5250 7365 4917 3902 5190 7364 5075 3901 5251 3902 5190 3938 5191 3936 5252 7364 5075 3940 5142 3939 5143 3938 5191 3939 5143 3937 5192 3938 5191 5299 4926 3935 5253 3937 5192 3926 5193 3928 5254 5299 4926 3924 5255 3926 5193 5370 5144 4102 5194 4105 5256 5370 5144 4112 5077 4111 5257 4102 5194 4125 5195 4124 5258 4112 5077 4125 5195 4126 5081 6422 5259 4126 5081 4150 5084 4134 5260 4150 5084 4169 5196 4152 5261 4169 5196 4166 5006 6429 5197 6429 5197 6431 5145 6780 5262 6431 5145 4155 5146 6430 5199 4155 5146 4153 5198 6430 5199 4153 5198 4164 5147 6430 5199 6430 5199 4159 5086 6433 5263 4162 5148 4161 5200 4159 5086 4160 5264 4161 5200 6434 5088 6432 5201 4160 5264 6434 5088 6777 5202 6432 5201 6776 5089 6791 5203 6777 5202 6790 5090 6724 5091 6726 5204 6791 5203 6727 5205 6726 5204 6725 5092 6744 5149 6743 5265 6727 5205 6744 5149 6473 5206 6743 5265 6471 5093 6474 5266 6473 5206 6472 5207 6475 5267 6471 5093 6472 5207 6470 5150 7553 5268 6470 5150 6465 5151 7553 5268 7553 5268 6465 5151 7563 5010 6802 5208 5947 5269 6804 4803 7077 5153 6802 5208 6803 5152 7078 5209 6999 5270 7077 5153 7079 5210 7078 5209 7002 5099 7095 5103 7079 5210 7002 5099 7080 5154 6997 5271 7079 5210 6996 5211 6997 5271 7080 5154 6995 5212 6996 5211 7067 5104 6994 5155 5956 5272 6995 5212 5964 5213 5962 5273 6994 5155 5963 5214 5964 5213 6993 5020 5963 5214 5945 5156 5473 5215 5474 5157 5473 5215 5472 5022 5563 5158 5509 5274 5474 5157 5568 5216 5567 5275 5563 5158 5569 5217 5568 5216 5564 5107 5570 5218 5569 5217 5565 5108 5571 5276 5570 5218 5566 5159 5554 5219 5571 5276 5566 5159 5471 5277 5554 5219 5551 5109 5228 5161 5225 5220 5551 5109 5225 5220 5223 5036 5224 5278 5224 5278 5223 5036 5222 5221 5222 5221 5221 5114 5220 5279 5255 5222 5219 5280 5221 5114 5255 5222 5256 5162 5207 5281 5207 5281 5256 5162 5209 5223 5209 5223 5260 5117 5293 5224 5283 5225 5293 5224 5266 5118 5284 5282 5283 5225 5264 5119 5270 5163 5284 5282 5264 5119 5273 5164 5285 5283 5270 5163 5276 5165 5286 5284 5273 5164 5278 5166 5206 5285 5276 5165 5278 5166 5281 5167 5212 5286 5281 5167 5280 5168 5212 5286 5212 5286 5280 5168 5211 5226 5211 5226 6085 5125 5210 5287 5326 5227 5327 5288 6085 5125 5323 5228 5326 5227 5325 5169 5325 5169 5331 5170 5330 5171 5437 5055 5323 5228 5330 5171 5322 5172 5009 5289 5323 5228 5307 5229 4967 5290 5322 5172 5438 5230 5307 5229 5447 5127 5439 5173 5379 5291 5438 5230 5440 5174 5381 5292 5439 5173 5441 5175 5383 5293 5440 5174 5442 5231 5385 5294 5441 5175 5455 5232 5442 5231 5454 5129 5404 5233 5455 5232 5405 5130 5404 5233 5403 5176 5402 5295 5403 5176 5401 5234 5402 5295 5400 5296 5401 5234 5407 5177 5408 5178 5400 5296 5407 5177 5408 5178 5410 5179 5424 5297 5410 5179 5412 5235 5424 5297 5412 5235 5411 5131 5420 5236 5415 5132 5419 5237 5420 5236 5300 5180 5368 5298 5419 5237 3874 5299 5300 5180 3876 5238 3876 5238 5367 5062 3878 5300 3884 5239 3882 5301 5367 5062 3861 5181 3885 5139 3884 5239 3860 5240 3886 5188 3861 5181 3794 5133 3862 5302 3860 5240 3795 5241 3863 5303 3794 5133 3969 5242 3795 5241 3793 5182 3970 5183 3865 5304 3969 5242 3867 5243 3865 5304 3970 5183 3855 5135 3868 5305 3867 5243 3869 5244 3868 5305 3855 5135 7366 4911 3869 5244 3856 5184 3856 5184 3858 5185 7366 4911 3858 5185 3859 5245 7366 4911 7366 4911 3859 5245 3852 5186 3852 5186 3854 5246 7366 4911 3848 5247 3854 5246 3853 4986 7366 4911 3848 5247 3849 5187 7366 4911 3860 5240 3862 5302 3884 5239 3883 5189 3882 5301 3883 5189 3881 5249 3882 5301 3879 5306 3881 5249 7365 4917 3888 5250 3890 5307 7365 4917 3888 5250 3902 5190 3887 5308 3902 5190 3901 5251 3887 5308 3899 5309 3901 5251 7364 5075 7364 5075 3936 5252 3934 5310 3938 5191 3937 5192 3936 5252 3937 5192 3935 5253 3936 5252 3920 5311 3935 5253 5299 4926 5299 4926 3928 5254 3929 5312 3928 5254 3926 5193 3927 5313 3926 5193 3924 5255 3925 5314 3918 5315 3924 5255 5370 5144 4105 5256 4106 5316 5370 5144 4103 5317 4105 5256 4102 5194 4111 5257 4110 5318 4102 5194 4113 5319 4111 5257 4112 5077 4112 5077 4124 5258 4123 5320 4124 5258 4125 5195 6422 5259 6422 5259 4126 5081 4133 5321 4134 5260 4133 5321 4126 5081 4150 5084 4132 5322 4134 5260 4152 5261 4151 5323 4150 5084 4152 5261 4169 5196 6429 5197 6781 5324 6429 5197 6780 5262 6780 5262 6431 5145 6779 5325 6431 5145 6430 5199 6779 5325 6430 5199 6433 5263 6778 5326 4159 5086 4157 5327 6433 5263 4159 5086 4161 5200 4160 5264 4158 5328 4160 5264 6432 5201 6433 5263 6432 5201 6777 5202 6778 5326 6777 5202 6791 5203 6791 5203 6726 5204 6792 5329 6728 5330 6726 5204 6727 5205 6727 5205 6743 5265 6729 5331 6473 5206 6478 5332 6743 5265 6474 5266 6480 5333 6473 5206 6475 5267 6474 5266 6471 5093 7553 5268 6475 5267 6472 5207 5947 5269 5948 5334 6804 4803 5947 5269 6802 5208 5946 5335 6999 5270 6802 5208 7077 5153 6998 5336 6999 5270 7078 5209 7079 5210 6998 5336 7078 5209 6997 5271 6998 5336 7079 5210 6997 5271 6996 5211 5959 5337 6996 5211 6995 5212 5958 5338 6995 5212 5956 5272 5957 5339 5960 5340 5956 5272 6994 5155 5962 5273 5961 5341 6994 5155 5962 5273 5964 5213 5508 5342 5964 5213 5963 5214 5508 5342 5508 5342 5963 5214 5473 5215 5474 5157 5509 5274 5473 5215 5563 5158 5567 5275 5509 5274 5567 5275 5568 5216 5578 5343 5568 5216 5569 5217 5577 5344 5569 5217 5570 5218 5576 5345 5570 5218 5571 5276 5575 5346 5556 5347 5571 5276 5554 5219 5222 5221 5554 5219 5471 5277 5551 5109 5225 5220 5471 5277 5224 5278 5471 5277 5225 5220 5224 5278 5222 5221 5471 5277 5222 5221 5220 5279 5554 5219 5221 5114 5287 5348 5220 5279 5219 5280 5287 5348 5221 5114 5111 5349 5219 5280 5255 5222 5118 5350 5255 5222 5207 5281 5209 5223 5208 5351 5207 5281 5120 5352 5209 5223 5293 5224 5292 5353 5293 5224 5283 5225 5284 5282 5292 5353 5283 5225 5285 5283 5284 5282 5270 5163 5286 5284 5285 5283 5273 5164 5206 5285 5286 5284 5276 5165 5205 5354 5206 5285 5278 5166 5212 5286 5205 5354 5278 5166 5212 5286 5211 5226 5210 5287 6085 5125 5324 5355 5210 5287 6085 5125 5327 5288 5324 5355 5327 5288 5326 5227 5323 5228 5330 5171 5323 5228 5325 5169 5323 5228 5009 5289 5010 5356 5008 5357 5009 5289 5322 5172 5322 5172 4967 5290 5008 5357 5307 5229 4966 5358 4967 5290 5438 5230 5308 5359 5307 5229 5379 5291 5321 5360 5438 5230 5381 5292 5379 5291 5439 5173 5383 5293 5381 5292 5440 5174 5385 5294 5383 5293 5441 5175 5387 5361 5385 5294 5442 5231 5443 5362 5442 5231 5455 5232 5456 5363 5455 5232 5404 5233 5402 5295 5456 5363 5404 5233 5402 5295 5401 5234 5397 5364 5401 5234 5400 5296 5397 5364 5399 5365 5400 5296 5408 5178 5424 5297 5399 5365 5408 5178 5424 5297 5412 5235 5425 5366 5423 5367 5412 5235 5420 5236 5420 5236 5419 5237 5418 5368 5419 5237 5368 5298 5417 5369 5300 5180 3893 5370 5368 5298 3872 5371 5300 5180 3874 5299 3876 5238 3875 5372 3874 5299 3878 5300 3877 5373 3876 5238 5367 5062 3880 5374 3878 5300 3882 5301 3880 5374 5367 5062 3863 5303 3862 5302 3794 5133 3864 5375 3863 5303 3795 5241 3865 5304 3795 5241 3969 5242 3867 5243 3866 5376 3865 5304 3868 5305 3866 5376 3867 5243 3868 5305 3869 5244 7366 4911 3854 5246 3848 5247 7366 4911 3862 5302 3863 5303 7366 4911 3882 5301 3881 5249 3880 5374 3881 5249 3879 5306 3880 5374 3877 5373 3879 5306 7365 4917 3890 5307 3892 5377 7365 4917 3890 5307 3888 5250 3889 5378 3889 5378 3888 5250 3887 5308 3887 5308 3901 5251 3900 5379 3901 5251 3899 5309 3900 5379 3898 5380 3899 5309 7364 5075 3934 5310 3921 5381 7364 5075 3936 5252 3935 5253 3934 5310 3935 5253 3920 5311 3934 5310 3929 5312 3920 5311 5299 4926 3929 5312 3928 5254 3922 5382 3922 5382 3928 5254 3927 5313 3927 5313 3926 5193 3925 5314 3925 5314 3924 5255 3923 5383 3924 5255 3918 5315 3923 5383 5370 5144 3792 5384 3918 5315 5370 5144 4106 5316 5369 5385 4106 5316 4105 5256 4103 5317 4104 5386 4103 5317 4102 5194 4102 5194 4110 5318 4104 5386 4111 5257 6411 5387 4110 5318 4113 5319 6412 5388 4111 5257 4114 5389 4113 5319 4112 5077 4123 5320 4122 5390 4112 5077 4124 5258 6422 5259 4123 5320 6422 5259 4133 5321 6424 5391 4135 5392 4133 5321 4134 5260 4134 5260 4132 5322 4130 5393 4150 5084 4149 5394 4132 5322 4151 5323 4149 5394 4150 5084 4151 5323 4152 5261 6428 5395 6428 5395 4152 5261 6429 5197 6428 5395 6429 5197 6781 5324 6781 5324 6780 5262 6794 5396 6780 5262 6779 5325 6793 5397 6779 5325 6430 5199 6778 5326 6778 5326 6433 5263 6777 5202 6433 5263 4157 5327 6432 5201 4159 5398 4158 5398 4157 5398 4160 5264 4158 5328 4159 5086 4157 5327 4158 5328 6432 5201 6792 5329 6778 5326 6791 5203 6726 5204 6728 5330 6792 5329 6729 5331 6728 5330 6727 5205 6743 5265 6742 5399 6729 5331 6743 5265 6478 5332 6742 5399 6473 5206 6479 5400 6478 5332 6480 5333 6479 5400 6473 5206 6480 5333 6474 5266 7553 5268 7553 5268 6474 5266 6475 5267 6804 4803 5948 5334 2028 3249 5948 5334 5947 5269 5946 5335 6802 5208 6999 5270 5946 5335 6998 5336 5950 5401 6999 5270 6997 5271 5953 5402 6998 5336 5951 5403 6997 5271 5959 5337 5959 5337 6996 5211 5958 5338 5958 5338 6995 5212 5957 5339 5507 5404 5957 5339 5956 5272 5960 5340 5510 5405 5956 5272 6994 5155 5961 5341 5960 5340 5962 5273 5508 5342 5961 5341 5509 5274 5508 5342 5473 5215 5567 5275 5505 5406 5509 5274 5579 5407 5567 5275 5578 5343 5578 5343 5568 5216 5577 5344 5577 5344 5569 5217 5576 5345 5576 5345 5570 5218 5575 5346 5575 5346 5571 5276 5574 5408 5571 5276 5556 5347 5574 5408 5553 5409 5556 5347 5554 5219 5220 5279 5287 5348 5554 5219 5287 5348 5219 5280 5553 5409 5111 5349 5113 5410 5219 5280 5110 5411 5111 5349 5255 5222 5110 5411 5255 5222 5118 5350 5207 5281 5117 5412 5118 5350 5208 5351 5116 5413 5207 5281 5208 5351 5209 5223 5120 5352 5293 5224 5119 5414 5120 5352 5292 5353 5123 5415 5293 5224 5291 5416 5292 5353 5284 5282 5285 5283 5291 5416 5284 5282 5286 5284 5290 5417 5285 5283 5206 5285 5289 5418 5286 5284 5206 5285 5205 5354 5204 5419 4999 5420 5205 5354 5212 5286 5212 5286 5210 5287 5007 5421 5210 5287 5324 5355 5006 5422 5324 5355 5327 5288 5323 5228 5003 5423 5323 5228 5010 5356 5010 5356 5009 5289 5005 5424 5009 5289 5008 5357 4968 5425 4968 5425 5008 5357 4967 5290 4968 5425 4967 5290 4966 5358 5307 5229 5013 5426 4966 5358 5308 5359 5013 5426 5307 5229 5321 5360 5308 5359 5438 5230 5320 5427 5321 5360 5379 5291 5381 5292 5380 5428 5379 5291 5383 5293 5382 5429 5381 5292 5385 5294 5384 5430 5383 5293 5387 5361 5386 5431 5385 5294 5443 5362 5387 5361 5442 5231 5456 5363 5443 5362 5455 5232 5457 5432 5456 5363 5402 5295 5397 5364 5457 5432 5402 5295 5397 5364 5400 5296 5399 5365 5424 5297 5428 5433 5399 5365 5425 5366 5429 5434 5424 5297 5425 5366 5412 5235 5423 5367 5420 5236 5418 5368 5423 5367 5419 5237 5417 5369 5418 5368 5368 5298 5369 5385 5417 5369 3893 5370 3891 5435 5368 5298 3895 5436 3893 5370 5300 5180 5300 5180 3872 5371 3870 5437 3874 5299 3873 5438 3872 5371 3875 5372 3873 5438 3874 5299 3877 5373 3875 5372 3876 5238 3879 5306 3877 5373 3878 5300 3880 5374 3879 5306 3878 5300 3863 5303 3864 5375 7366 4911 3865 5304 3864 5375 3795 5241 3866 5376 3864 5375 3865 5304 3866 5376 3868 5305 7366 4911 7365 4917 3875 5372 3877 5373 7365 4917 3892 5377 3894 5439 3892 5377 3890 5307 3891 5435 3891 5435 3890 5307 3889 5378 3889 5378 3887 5308 5368 5298 3887 5308 3900 5379 5368 5298 3900 5379 3899 5309 3898 5380 7364 5075 3906 5440 3898 5380 3921 5381 3922 5382 7364 5075 3934 5310 3920 5311 3921 5381 3920 5311 3929 5312 3922 5382 7364 5075 3922 5382 3927 5313 3927 5313 3925 5314 7364 5075 3925 5314 3923 5383 7364 5075 3923 5383 3918 5315 3919 5441 3918 5315 3792 5384 3917 5442 3916 5443 3792 5384 5370 5144 5370 5144 5369 5385 3911 5444 4106 5316 4107 5445 5369 5385 4107 5445 4106 5316 4103 5317 4104 5386 6317 5446 4103 5317 4110 5318 6316 5447 4104 5386 6411 5387 6420 5448 4110 5318 6412 5388 6411 5387 4111 5257 6413 5449 6412 5388 4113 5319 4114 5389 6406 5450 4113 5319 4112 5077 4115 5451 4114 5389 4122 5390 4121 5452 4112 5077 4123 5320 6422 5259 4122 5390 6770 5453 6422 5259 6424 5391 6424 5391 4133 5321 4135 5392 4136 5454 4135 5392 4134 5260 4130 5393 4144 5455 4134 5260 4132 5322 4131 5456 4130 5393 6428 5395 4132 5322 4149 5394 4149 5394 4151 5323 6428 5395 6782 5457 6428 5395 6781 5324 6795 5458 6781 5324 6794 5396 6794 5396 6780 5262 6793 5397 6793 5397 6779 5325 6792 5329 6779 5325 6778 5326 6792 5329 6792 5329 6728 5330 6793 5397 6730 5459 6728 5330 6729 5331 6729 5331 6742 5399 6731 5460 6478 5332 6762 5461 6742 5399 6479 5400 6477 5462 6478 5332 6479 5400 6480 5333 7554 5463 7554 5463 6480 5333 7553 5268 5948 5334 5607 5464 2028 3249 5946 5335 5501 5465 5948 5334 5946 5335 6999 5270 5954 5466 5950 5401 5955 5467 6999 5270 5949 5468 5950 5401 6998 5336 5953 5402 5949 5468 6998 5336 5952 5469 5953 5402 6997 5271 5951 5403 5952 5469 6997 5271 5951 5403 5959 5337 5507 5404 5959 5337 5958 5338 5507 5404 5507 5404 5958 5338 5957 5339 5956 5272 5506 5470 5507 5404 5510 5405 5506 5470 5956 5272 5508 5342 5510 5405 5960 5340 5961 5341 5508 5342 5960 5340 5510 5405 5508 5342 5509 5274 5509 5274 5505 5406 5506 5470 5505 5406 5567 5275 5579 5407 5578 5343 5493 5471 5579 5407 5577 5344 5490 5472 5578 5343 5576 5345 5487 5473 5577 5344 5575 5346 5484 5474 5576 5345 5574 5408 5481 5475 5575 5346 5574 5408 5556 5347 5573 5476 5108 5477 5556 5347 5553 5409 5554 5219 5287 5348 5553 5409 5219 5280 5113 5410 5553 5409 5113 5410 5111 5349 5112 5478 5098 5479 5111 5349 5110 5411 5110 5411 5118 5350 5098 5479 5118 5350 5117 5412 5098 5479 5116 5413 5117 5412 5207 5281 5115 5480 5116 5413 5208 5351 5147 5481 5208 5351 5120 5352 5121 5482 5120 5352 5119 5414 5123 5415 5119 5414 5293 5224 5122 5483 5123 5415 5292 5353 5291 5416 5096 5484 5292 5353 5290 5417 5291 5416 5285 5283 5289 5418 5290 5417 5286 5284 5288 5485 5289 5418 5206 5285 5204 5419 5288 5485 5206 5285 5205 5354 4994 5486 5204 5419 4999 5420 4998 5487 5205 5354 5002 5488 4999 5420 5212 5286 5001 5489 5212 5286 5007 5421 5007 5421 5210 5287 5006 5422 5006 5422 5324 5355 5004 5490 5324 5355 5323 5228 5003 5423 5003 5423 5010 5356 5005 5424 5005 5424 5009 5289 4968 5425 4966 5358 5013 5426 4968 5425 5308 5359 5012 5491 5013 5426 5321 5360 4964 5492 5308 5359 5320 5427 5018 5493 5321 5360 5380 5428 5320 5427 5379 5291 5382 5429 5380 5428 5381 5292 5384 5430 5382 5429 5383 5293 5386 5431 5384 5430 5385 5294 5388 5494 5386 5431 5387 5361 5389 5495 5387 5361 5443 5362 5444 5496 5443 5362 5456 5363 5457 5432 5444 5496 5456 5363 5458 5497 5457 5432 5397 5364 5399 5365 5398 5498 5397 5364 5428 5433 5427 5499 5399 5365 5429 5434 5428 5433 5424 5297 5426 5500 5429 5434 5425 5366 5422 5501 5425 5366 5423 5367 5423 5367 5418 5368 5422 5501 5418 5368 5417 5369 5416 5502 5417 5369 5369 5385 5376 5503 5368 5298 3909 5504 5369 5385 5368 5298 3891 5435 3889 5378 3893 5370 3892 5377 3891 5435 3895 5436 3894 5439 3893 5370 3870 5437 3895 5436 5300 5180 3872 5371 3871 5505 3870 5437 3873 5438 3871 5505 3872 5371 3873 5438 3875 5372 7365 4917 7366 4911 3864 5375 3866 5376 3894 5439 3896 5506 7365 4917 3894 5439 3892 5377 3893 5370 5368 5298 3900 5379 3907 5507 3898 5380 3907 5507 3900 5379 3906 5440 3908 5508 3898 5380 3904 5509 3906 5440 7364 5075 3922 5382 3921 5381 3920 5311 7364 5075 3923 5383 3919 5441 3919 5441 3918 5315 3917 5442 3917 5442 3792 5384 3790 5510 3792 5384 3916 5443 3791 5511 3915 5512 3916 5443 5370 5144 3913 5513 5370 5144 3911 5444 3911 5444 5369 5385 3910 5514 5369 5385 4107 5445 4109 5515 4107 5445 4103 5317 4109 5515 6317 5446 4108 5516 4103 5317 6316 5447 6317 5446 4104 5386 6420 5448 6316 5447 4110 5318 6420 5448 6411 5387 7358 5517 7358 5517 6411 5387 6412 5388 6412 5388 6413 5449 7358 5517 4113 5319 6414 5518 6413 5449 6406 5450 6414 5518 4113 5319 6408 5519 6406 5450 4114 5389 4115 5451 6408 5519 4114 5389 4116 5520 4115 5451 4112 5077 4112 5077 4121 5452 4120 5521 4122 5390 6423 5522 4121 5452 6422 5259 6423 5522 4122 5390 6423 5522 6422 5259 6770 5453 6770 5453 6424 5391 6785 5523 6424 5391 4135 5392 4136 5454 4134 5260 4137 5524 4136 5454 4144 5455 4143 5525 4134 5260 6428 5395 4144 5455 4130 5393 4130 5393 4131 5456 6428 5395 4131 5456 4132 5322 6428 5395 6427 5526 6428 5395 6782 5457 6782 5457 6781 5324 6795 5458 6794 5396 6732 5527 6795 5458 6793 5397 6730 5459 6794 5396 6728 5330 6730 5459 6793 5397 6731 5460 6730 5459 6729 5331 6742 5399 6741 5528 6731 5460 6742 5399 6762 5461 6741 5528 6478 5332 6313 5529 6762 5461 6478 5332 6477 5462 6476 5530 6477 5462 6479 5400 7554 5463 5607 3419 5605 3419 2028 3419 5609 5531 5607 5464 5948 5334 5501 5465 5672 5532 5948 5334 5502 5533 5501 5465 5946 5335 5954 5466 5502 5533 5946 5335 6999 5270 5955 5467 5954 5466 5950 5401 5503 5534 5955 5467 5503 5534 5950 5401 5949 5468 5949 5468 5953 5402 5503 5534 5953 5402 5952 5469 5503 5534 5952 5469 5951 5403 5504 5535 5504 5535 5951 5403 5507 5404 5507 5404 5506 5470 5505 5406 5506 5470 5510 5405 5509 5274 5580 5536 5505 5406 5579 5407 5493 5471 5496 5537 5579 5407 5490 5472 5493 5471 5578 5343 5487 5473 5490 5472 5577 5344 5484 5474 5487 5473 5576 5345 5481 5475 5484 5474 5575 5346 5478 5538 5481 5475 5574 5408 5573 5476 5478 5538 5574 5408 5556 5347 5555 5539 5573 5476 5556 5347 5108 5477 5555 5539 5107 5540 5108 5477 5553 5409 5553 5409 5113 5410 5112 5478 5111 5349 5098 5479 5112 5478 5098 5479 5117 5412 5100 5541 5117 5412 5116 5413 5100 5541 5100 5541 5116 5413 5115 5480 5114 5542 5115 5480 5208 5351 5114 5542 5208 5351 5147 5481 5121 5482 5147 5481 5120 5352 5097 5543 5121 5482 5119 5414 5119 5414 5123 5415 5097 5543 5123 5415 5122 5483 5097 5543 5096 5484 5122 5483 5292 5353 5095 5544 5096 5484 5291 5416 5290 5417 5124 5545 5291 5416 5289 5418 5132 5546 5290 5417 5288 5485 5129 5547 5289 5418 5137 5548 5288 5485 5204 5419 4994 5486 4995 5549 5204 5419 4998 5487 4994 5486 5205 5354 4999 5420 4997 5550 4998 5487 4999 5420 5002 5488 4997 5550 5002 5488 5212 5286 5001 5489 5005 5424 5001 5489 5007 5421 5007 5421 5006 5422 5005 5424 5006 5422 5004 5490 5005 5424 5004 5490 5324 5355 5003 5423 5005 5424 5004 5490 5003 5423 4968 5425 5000 5551 5005 5424 5013 5426 5012 5491 4968 5425 5308 5359 5011 5552 5012 5491 4964 5492 5011 5552 5308 5359 4963 5553 4964 5492 5321 5360 5018 5493 4963 5553 5321 5360 5017 5554 5018 5493 5320 5427 5319 5555 5320 5427 5380 5428 5382 5429 5319 5555 5380 5428 5384 5430 5318 5556 5382 5429 5386 5431 5317 5557 5384 5430 5388 5494 5309 5558 5386 5431 5389 5495 5388 5494 5387 5361 5444 5496 5389 5495 5443 5362 5445 5559 5444 5496 5457 5432 5458 5497 5445 5559 5457 5432 5398 5498 5458 5497 5397 5364 5399 5365 5427 5499 5398 5498 5428 5433 5433 5560 5427 5499 5429 5434 5435 5561 5428 5433 5426 5500 5467 5562 5429 5434 5430 5563 5426 5500 5425 5366 5430 5563 5425 5366 5422 5501 5418 5368 5416 5502 5422 5501 5417 5369 5376 5503 5416 5502 5369 5385 4053 5564 5376 5503 3909 5504 3905 5565 5369 5385 3908 5508 3909 5504 5368 5298 3896 5506 3894 5439 3895 5436 3870 5437 3896 5506 3895 5436 3871 5505 3897 5566 3870 5437 3871 5505 3873 5438 7365 4917 3896 5506 3897 5566 7365 4917 3907 5507 3908 5508 5368 5298 3908 5508 3907 5507 3898 5380 3909 5504 3908 5508 3906 5440 3906 5440 3904 5509 3905 5565 3903 5567 3904 5509 7364 5075 3919 5441 3917 5442 7364 5075 3917 5442 3790 5510 7364 5075 3792 5384 3791 5511 3790 5510 3916 5443 3915 5512 3791 5511 3915 5512 5370 5144 3913 5513 3913 5513 3911 5444 3912 5568 3911 5444 3910 5514 3903 5567 5369 5385 3905 5565 3910 5514 4109 5515 4047 5569 5369 5385 4109 5515 4103 5317 4047 5569 4103 5317 4108 5516 4047 5569 4101 5570 4108 5516 6317 5446 6317 5446 6316 5447 6315 5571 7358 5517 6316 5447 6420 5448 6413 5449 6414 5518 7358 5517 7358 5517 6414 5518 6406 5450 6408 5519 6407 5572 6406 5450 6410 5573 6408 5519 4115 5451 4116 5520 6410 5573 4115 5451 4117 5574 4116 5520 4112 5077 4120 5521 4119 5575 4112 5077 6423 5522 4120 5521 4121 5452 6771 5576 6423 5522 6770 5453 6799 5577 6770 5453 6785 5523 6785 5523 6424 5391 6425 5578 6424 5391 4136 5454 6425 5578 6425 5578 4136 5454 4137 5524 4138 5579 4137 5524 4134 5260 4134 5260 4143 5525 4142 5580 4143 5525 4144 5455 6428 5395 6427 5526 4143 5525 6428 5395 6783 5581 6427 5526 6782 5457 6796 5582 6782 5457 6795 5458 6732 5527 6734 5583 6795 5458 6730 5459 6732 5527 6794 5396 6732 5527 6730 5459 6731 5460 6731 5460 6741 5528 6733 5584 6762 5461 6761 5585 6741 5528 6313 5529 6763 5586 6762 5461 6769 5587 6313 5529 6478 5332 6476 5530 6769 5587 6478 5332 7554 5463 6476 5530 6477 5462 5606 5588 2028 3249 5605 5589 5607 5464 5606 5588 5605 5589 5609 5531 5608 5590 5607 5464 5611 5591 5609 5531 5948 5334 5672 5532 5671 5592 5948 5334 5501 5465 5500 5593 5672 5532 5502 5533 5500 5593 5501 5465 5503 5534 5502 5533 5954 5466 5955 5467 5503 5534 5954 5466 5503 5534 5952 5469 5504 5535 5504 5535 5507 5404 5580 5536 5507 5404 5505 5406 5580 5536 5579 5407 5496 5537 5580 5536 5496 5537 5493 5471 5495 5594 5493 5471 5490 5472 5492 5595 5490 5472 5487 5473 5489 5596 5487 5473 5484 5474 5486 5597 5484 5474 5481 5475 5483 5598 5481 5475 5478 5538 5480 5599 5476 5600 5478 5538 5573 5476 5573 5476 5555 5539 5572 5601 5108 5477 5109 5602 5555 5539 5098 5479 5108 5477 5107 5540 5112 5478 5107 5540 5553 5409 5112 5478 5098 5479 5107 5540 5100 5541 5099 5603 5098 5479 5115 5480 5114 5542 5100 5541 5114 5542 5147 5481 5121 5482 5143 5604 5121 5482 5097 5543 5097 5543 5122 5483 5096 5484 5097 5543 5096 5484 5095 5544 5124 5545 5095 5544 5291 5416 5126 5605 5124 5545 5290 5417 5132 5546 5126 5605 5290 5417 5127 5606 5132 5546 5289 5418 5129 5547 5127 5606 5289 5418 5131 5607 5129 5547 5288 5485 5288 5485 5137 5548 5135 5608 5139 5609 5137 5548 5204 5419 4995 5549 4996 5610 5204 5419 4991 5611 4995 5549 4994 5486 4998 5487 4997 5550 4994 5486 5002 5488 5001 5489 4997 5550 5000 5551 5001 5489 5005 5424 5056 5612 5000 5551 4968 5425 4968 5425 5012 5491 4965 5613 5012 5491 5011 5552 4965 5613 4965 5613 5011 5552 4964 5492 4965 5613 4964 5492 4963 5553 4963 5553 5018 5493 4965 5613 5018 5493 5017 5554 4965 5613 5015 5614 5017 5554 5320 5427 5320 5427 5319 5555 5014 5615 5318 5556 5319 5555 5382 5429 5317 5557 5318 5556 5384 5430 5309 5558 5317 5557 5386 5431 5316 5616 5309 5558 5388 5494 5390 5617 5388 5494 5389 5495 5391 5618 5389 5495 5444 5496 5445 5559 5391 5618 5444 5496 5446 5619 5445 5559 5458 5497 5459 5620 5458 5497 5398 5498 5427 5499 5459 5620 5398 5498 5433 5560 5311 5621 5427 5499 5435 5561 5433 5560 5428 5433 5467 5562 5435 5561 5429 5434 4095 5622 5467 5562 5426 5500 4073 5623 5426 5500 5430 5563 5421 5624 5430 5563 5422 5501 5422 5501 5416 5502 5421 5624 5416 5502 5376 5503 5378 5625 5376 5503 4053 5564 4054 5626 5369 5385 4052 5627 4053 5564 3905 5565 3909 5504 3906 5440 3897 5566 3896 5506 3870 5437 7365 4917 3897 5566 3871 5505 3905 5565 3904 5509 3903 5567 7364 5075 3912 5568 3903 5567 7364 5075 3790 5510 3791 5511 3791 5511 3915 5512 3914 5628 3915 5512 3913 5513 3914 5628 3914 5628 3913 5513 3912 5568 3912 5568 3911 5444 3903 5567 3903 5567 3910 5514 3905 5565 4047 5569 4040 5629 5369 5385 4047 5569 4108 5516 4101 5570 6421 5630 4101 5570 6317 5446 6315 5571 6419 5631 6317 5446 6315 5571 6316 5447 7358 5517 6406 5450 6407 5572 7358 5517 6409 5632 6407 5572 6408 5519 6410 5573 6409 5632 6408 5519 6415 5633 6410 5573 4116 5520 4116 5520 4117 5574 6306 5634 4112 5077 4118 5635 4117 5574 4119 5575 4118 5635 4112 5077 6305 5636 4119 5575 4120 5521 6305 5636 4120 5521 6423 5522 6560 5637 6423 5522 6771 5576 6771 5576 6770 5453 6799 5577 6799 5577 6785 5523 6280 5638 6785 5523 6425 5578 6784 5639 4138 5579 6425 5578 4137 5524 4139 5640 4138 5579 4134 5260 4142 5580 4141 5641 4134 5260 4142 5580 4143 5525 6427 5526 6426 5642 6427 5526 6783 5581 6783 5581 6782 5457 6796 5582 6795 5458 6734 5583 6796 5582 6734 5583 6732 5527 6733 5584 6733 5584 6732 5527 6731 5460 6741 5528 6740 5643 6733 5584 6741 5528 6761 5585 6740 5643 6762 5461 6763 5586 6761 5585 6314 5644 6763 5586 6313 5529 6313 5529 6769 5587 7554 5463 7554 5463 6769 5587 6476 5530 5608 5590 5606 5588 5607 5464 5610 5645 5608 5590 5609 5531 5611 5591 5610 5645 5609 5531 5612 5646 5611 5591 5948 5334 5671 5592 5670 5647 5948 5334 5672 5532 5603 5648 5671 5592 5672 5532 5500 5593 5603 5648 5499 5649 5500 5593 5502 5533 5503 5534 5499 5649 5502 5533 5504 5535 5499 5649 5503 5534 5580 5536 5499 5649 5504 5535 5496 5537 5499 5649 5580 5536 5497 5650 5496 5537 5495 5594 5495 5594 5493 5471 5494 5651 5494 5651 5493 5471 5492 5595 5492 5595 5490 5472 5491 5652 5491 5652 5490 5472 5489 5596 5489 5596 5487 5473 5488 5653 5488 5653 5487 5473 5486 5597 5486 5597 5484 5474 5485 5654 5485 5654 5484 5474 5483 5598 5483 5598 5481 5475 5482 5655 5482 5655 5481 5475 5480 5599 5480 5599 5478 5538 5479 5656 5478 5538 5476 5600 5477 5657 5572 5601 5476 5600 5573 5476 5555 5539 5150 5658 5572 5601 5555 5539 5109 5602 5099 5603 5109 5602 5108 5477 5098 5479 5099 5603 5109 5602 5098 5479 5101 5659 5099 5603 5100 5541 5100 5541 5114 5542 5148 5660 5148 5660 5114 5542 5121 5482 5121 5482 5143 5604 4947 5661 5141 5662 5143 5604 5097 5543 5124 5545 5097 5543 5095 5544 5126 5605 5125 5663 5124 5545 5132 5546 5125 5663 5126 5605 5127 5606 5133 5664 5132 5546 5129 5547 5128 5665 5127 5606 5131 5607 5130 5666 5129 5547 5135 5608 5131 5607 5288 5485 5137 5548 5136 5667 5135 5608 5139 5609 5138 5668 5137 5548 5204 5419 4993 5669 5139 5609 5204 5419 4996 5610 4992 5670 4996 5610 4995 5549 4991 5611 4997 5550 4991 5611 4994 5486 4997 5550 5001 5489 5000 5551 5056 5612 5064 5671 5000 5551 4965 5613 5056 5612 4968 5425 4965 5613 5017 5554 5016 5672 5017 5554 5015 5614 5016 5672 5015 5614 5320 5427 5014 5615 5014 5615 5319 5555 5023 5673 5318 5556 5020 5674 5319 5555 5317 5557 5027 5675 5318 5556 5317 5557 5309 5558 5030 5676 5316 5616 5032 5677 5309 5558 5390 5617 5316 5616 5388 5494 5391 5618 5390 5617 5389 5495 5393 5678 5391 5618 5445 5559 5446 5619 5393 5678 5445 5559 5459 5620 5446 5619 5458 5497 5427 5499 5311 5621 5459 5620 5433 5560 5432 5679 5311 5621 5435 5561 5434 5680 5433 5560 5435 5561 5467 5562 5469 5681 5467 5562 4095 5622 4087 5682 4094 5683 4095 5622 5426 5500 4068 5684 5426 5500 4073 5623 4077 5685 4073 5623 5430 5563 4077 5685 5430 5563 5421 5624 5416 5502 5378 5625 5421 5624 5376 5503 4058 5686 5378 5625 4054 5626 4055 5687 5376 5503 4054 5626 4053 5564 4050 5688 4053 5564 4052 5627 4050 5688 4051 5689 4052 5627 5369 5385 3914 5628 3912 5568 7364 5075 3791 5511 3914 5628 7364 5075 5369 5385 4040 5629 4048 5690 4047 5569 4046 5691 4040 5629 4101 5570 4100 5692 4047 5569 6421 5630 4100 5692 4101 5570 6317 5446 6336 5693 6421 5630 6419 5631 6418 5694 6317 5446 6419 5631 6315 5571 7358 5517 6407 5572 6409 5632 7358 5517 7358 5517 6409 5632 6410 5573 6410 5573 6415 5633 7358 5517 6306 5634 6415 5633 4116 5520 4117 5574 4118 5635 6306 5634 4118 5635 4119 5575 6305 5636 6560 5637 6305 5636 6423 5522 6772 5695 6560 5637 6771 5576 6800 5696 6771 5576 6799 5577 6278 5697 6799 5577 6280 5638 6280 5638 6785 5523 6798 5698 6785 5523 6784 5639 6798 5698 6425 5578 6426 5642 6784 5639 6426 5642 6425 5578 4138 5579 4139 5640 6426 5642 4138 5579 4134 5260 4140 5699 4139 5640 4141 5641 4140 5699 4134 5260 4141 5641 4142 5580 6427 5526 6427 5526 6426 5642 4140 5699 6784 5639 6426 5642 6783 5581 6797 5700 6783 5581 6796 5582 6734 5583 6735 5701 6796 5582 6711 5702 6734 5583 6733 5584 6733 5584 6740 5643 6711 5702 6761 5585 6760 5703 6740 5643 6763 5586 6757 5704 6761 5585 6764 5705 6763 5586 6314 5644 6314 5644 6313 5529 6312 5706 7562 5707 6313 5529 7554 5463 5608 5590 5695 5708 5606 5588 5610 5645 5696 5709 5608 5590 5612 5646 5610 5645 5611 5591 5948 5334 5614 5710 5612 5646 5670 5647 5667 5711 5948 5334 5671 5592 5604 5712 5670 5647 5603 5648 5604 5712 5671 5592 5500 5593 5498 5713 5603 5648 5500 5593 5499 5649 5498 5713 5499 5649 5496 5537 5498 5713 5498 5713 5496 5537 5497 5650 5497 5650 5495 5594 5600 5714 5495 5594 5494 5651 5599 5715 5494 5651 5492 5595 5597 5716 5492 5595 5491 5652 5596 5717 5491 5652 5489 5596 5594 5718 5489 5596 5488 5653 5593 5719 5488 5653 5486 5597 5591 5720 5486 5597 5485 5654 5590 5721 5485 5654 5483 5598 5588 5722 5483 5598 5482 5655 5587 5723 5482 5655 5480 5599 5585 5724 5480 5599 5479 5656 5584 5725 5479 5656 5478 5538 5477 5657 5477 5657 5476 5600 5475 5726 5201 5727 5476 5600 5572 5601 5572 5601 5150 5658 4940 5728 5555 5539 5152 5729 5150 5658 5099 5603 5101 5659 5555 5539 5101 5659 5100 5541 5106 5730 5149 5731 5100 5541 5148 5660 5148 5660 5121 5482 4946 5732 4946 5732 5121 5482 4947 5661 4947 5661 5143 5604 4954 5733 5143 5604 5141 5662 4954 5733 5097 5543 5142 5734 5141 5662 5125 5663 5097 5543 5124 5545 5133 5664 5125 5663 5132 5546 5134 5735 5133 5664 5127 5606 5128 5665 5134 5735 5127 5606 5130 5666 5128 5665 5129 5547 5135 5608 5130 5666 5131 5607 5136 5667 5130 5666 5135 5608 5138 5668 5136 5667 5137 5548 5140 5736 5138 5668 5139 5609 4993 5669 5140 5736 5139 5609 4992 5670 4993 5669 5204 5419 4992 5670 4996 5610 4991 5611 5063 5737 4991 5611 4997 5550 5000 5551 5063 5737 4997 5550 5064 5671 5063 5737 5000 5551 5065 5738 5064 5671 5056 5612 5057 5739 5056 5612 4965 5613 5016 5672 5057 5739 4965 5613 5016 5672 5015 5614 5014 5615 5014 5615 5023 5673 5016 5672 5319 5555 5022 5740 5023 5673 5020 5674 5022 5740 5319 5555 5019 5741 5020 5674 5318 5556 5027 5675 5019 5741 5318 5556 5025 5742 5027 5675 5317 5557 5024 5743 5317 5557 5030 5676 5030 5676 5309 5558 5029 5744 5032 5677 5034 5745 5309 5558 5031 5746 5032 5677 5316 5616 5315 5747 5316 5616 5390 5617 5392 5748 5390 5617 5391 5618 5393 5678 5392 5748 5391 5618 5446 5619 5313 5749 5393 5678 5459 5620 5312 5750 5446 5619 5311 5621 5312 5750 5459 5620 5432 5679 5431 5751 5311 5621 5434 5680 5432 5679 5433 5560 5436 5752 5434 5680 5435 5561 5470 5753 5435 5561 5469 5681 5469 5681 5467 5562 5468 5754 5467 5562 4087 5682 5468 5754 4087 5682 4095 5622 4092 5755 4095 5622 4094 5683 4092 5755 4094 5683 5426 5500 4068 5684 4073 5623 4072 5756 4068 5684 4073 5623 4077 5685 4072 5756 5377 5757 4077 5685 5421 5624 5421 5624 5378 5625 5377 5757 5378 5625 4058 5686 4059 5758 5376 5503 4057 5759 4058 5686 4055 5687 4056 5760 5376 5503 4050 5688 4055 5687 4054 5626 4050 5688 4052 5627 4051 5689 4049 5761 4051 5689 5369 5385 5369 5385 4048 5690 4049 5761 4049 5761 4048 5690 4040 5629 4046 5691 4045 5762 4040 5629 4047 5569 4096 5763 4046 5691 4100 5692 4099 5764 4047 5569 4099 5764 4100 5692 6421 5630 6336 5693 6577 5765 6421 5630 6332 5766 6336 5693 6317 5446 6317 5446 6418 5694 6417 5767 7358 5517 6418 5694 6419 5631 6415 5633 6416 5768 7358 5517 6416 5768 6415 5633 6306 5634 6306 5634 4118 5635 6305 5636 6307 5769 6305 5636 6560 5637 6398 5770 6560 5637 6772 5695 6772 5695 6771 5576 6800 5696 6800 5696 6799 5577 6278 5697 6280 5638 6279 5771 6278 5697 6798 5698 6707 5772 6280 5638 6798 5698 6784 5639 6797 5700 4140 5699 6426 5642 4139 5640 4141 5641 6427 5526 4140 5699 6784 5639 6783 5581 6797 5700 6796 5582 6735 5701 6797 5700 6735 5701 6734 5583 6711 5702 6740 5643 6739 5773 6711 5702 6740 5643 6760 5703 6739 5773 6761 5585 6757 5704 6760 5703 6764 5705 6757 5704 6763 5586 6481 5774 6764 5705 6314 5644 6312 5706 6485 5775 6314 5644 6312 5706 6313 5529 7562 5707 5696 5709 5695 5708 5608 5590 5697 5776 5696 5709 5610 5645 5613 5777 5610 5645 5612 5646 5614 5710 5613 5777 5612 5646 5616 5778 5614 5710 5948 5334 5667 5711 5668 5779 5948 5334 5670 5647 5666 5780 5667 5711 5604 5712 5666 5780 5670 5647 5604 5712 5603 5648 5602 5781 5603 5648 5498 5713 5602 5781 5498 5713 5497 5650 5602 5781 5602 5781 5497 5650 5600 5714 5600 5714 5495 5594 5599 5715 5599 5715 5494 5651 5597 5716 5597 5716 5492 5595 5596 5717 5596 5717 5491 5652 5594 5718 5594 5718 5489 5596 5593 5719 5593 5719 5488 5653 5591 5720 5591 5720 5486 5597 5590 5721 5590 5721 5485 5654 5588 5722 5588 5722 5483 5598 5587 5723 5587 5723 5482 5655 5585 5724 5585 5724 5480 5599 5584 5725 5584 5725 5479 5656 5582 5782 5479 5656 5477 5657 5582 5782 5477 5657 5475 5726 5581 5783 5476 5600 5203 5784 5475 5726 5201 5727 5202 5785 5476 5600 4940 5728 5201 5727 5572 5601 4939 5786 4940 5728 5150 5658 5150 5658 5152 5729 4939 5786 5151 5787 5152 5729 5555 5539 5101 5659 5104 5788 5555 5539 5104 5788 5101 5659 5106 5730 5106 5730 5100 5541 5146 5789 5146 5789 5100 5541 5149 5731 5149 5731 5148 5660 4944 5790 4944 5790 5148 5660 4946 5732 4947 5661 4945 5791 4946 5732 4947 5661 4954 5733 4945 5791 4954 5733 5141 5662 5142 5734 5097 5543 5144 5792 5142 5734 5125 5663 5145 5793 5097 5543 5133 5664 5154 5794 5125 5663 5133 5664 5134 5735 5154 5794 5134 5735 5128 5665 5154 5794 5154 5794 5128 5665 5130 5666 5153 5795 5130 5666 5136 5667 5136 5667 5138 5668 5153 5795 4990 5796 5138 5668 5140 5736 5140 5736 4993 5669 4990 5796 4993 5669 4992 5670 4991 5611 5063 5737 4989 5797 4991 5611 5064 5671 5071 5798 5063 5737 5065 5738 5072 5799 5064 5671 5057 5739 5065 5738 5056 5612 5058 5800 5057 5739 5016 5672 5023 5673 5022 5740 5016 5672 5022 5740 5020 5674 5021 5801 5021 5801 5020 5674 5019 5741 5019 5741 5027 5675 5021 5801 5027 5675 5025 5742 5021 5801 5024 5743 5025 5742 5317 5557 5024 5743 5030 5676 5026 5802 5030 5676 5029 5744 5026 5802 5309 5558 5028 5803 5029 5744 5309 5558 5034 5745 5028 5803 5034 5745 5032 5677 5033 5804 5033 5804 5032 5677 5031 5746 5040 5805 5031 5746 5316 5616 5315 5747 5040 5805 5316 5616 5392 5748 5315 5747 5390 5617 5393 5678 5314 5806 5392 5748 5313 5749 5314 5806 5393 5678 5312 5750 5313 5749 5446 5619 5312 5750 5311 5621 5162 5807 5311 5621 5431 5751 5310 5808 5436 5752 5435 5561 5470 5753 5468 5754 4087 5682 4088 5809 4092 5755 4091 5810 4087 5682 4092 5755 4094 5683 4093 5811 4094 5683 4068 5684 4093 5811 4072 5756 4071 5812 4068 5684 4077 5685 4076 5813 4072 5756 4076 5813 4077 5685 5377 5757 5378 5625 4066 5814 5377 5757 4059 5758 4060 5815 5378 5625 4059 5758 4058 5686 4050 5688 4050 5688 4058 5686 4057 5759 4056 5760 4057 5759 5376 5503 4056 5760 4055 5687 4050 5688 4051 5689 4049 5761 4050 5688 4049 5761 4040 5629 4050 5688 4040 5629 4045 5762 4039 5816 6308 5817 4045 5762 4046 5691 4096 5763 6308 5817 4046 5691 4097 5763 4096 5763 4047 5569 4047 5569 4099 5764 4098 5818 6559 5819 4099 5764 6421 5630 6421 5630 6577 5765 6559 5819 6336 5693 6578 5820 6577 5765 6336 5693 6332 5766 6335 5821 6417 5767 6332 5766 6317 5446 6417 5767 6418 5694 7358 5517 7358 5517 6416 5768 6402 5822 6402 5822 6416 5768 6306 5634 6307 5769 6306 5634 6305 5636 6398 5770 6307 5769 6560 5637 6393 5823 6398 5770 6772 5695 6580 5824 6772 5695 6800 5696 6580 5824 6800 5696 6278 5697 6579 5825 6278 5697 6279 5771 6280 5638 6581 5826 6279 5771 6707 5772 6581 5826 6280 5638 6736 5827 6707 5772 6798 5698 6797 5700 6736 5827 6798 5698 6735 5701 6736 5827 6797 5700 6709 5828 6735 5701 6711 5702 6711 5702 6739 5773 6710 5829 6760 5703 6759 5830 6739 5773 6757 5704 6627 5831 6760 5703 6756 5832 6757 5704 6764 5705 6765 5833 6764 5705 6481 5774 6314 5644 6482 5834 6481 5774 6485 5775 6484 5835 6314 5644 6485 5775 6312 5706 7562 5707 5696 5709 5715 5836 5695 5708 5697 5776 5716 5837 5696 5709 5613 5777 5697 5776 5610 5645 5614 5710 5618 5838 5613 5777 5617 5839 5614 5839 5616 5839 5619 5840 5616 5778 5948 5334 5948 5334 5668 5779 5669 5841 5668 5779 5667 5711 5666 5780 5604 5712 5714 5842 5666 5780 5602 5781 5601 5843 5604 5712 5600 5714 5601 5843 5602 5781 5601 5843 5600 5714 5599 5715 5597 5716 5598 5844 5599 5715 5598 5844 5597 5716 5596 5717 5594 5718 5595 5845 5596 5717 5595 5845 5594 5718 5593 5719 5591 5720 5592 5846 5593 5719 5592 5846 5591 5720 5590 5721 5588 5722 5589 5847 5590 5721 5589 5847 5588 5722 5587 5723 5585 5724 5586 5848 5587 5723 5586 5848 5585 5724 5584 5725 5582 5782 5583 5849 5584 5725 5582 5782 5477 5657 5581 5783 5581 5783 5475 5726 5674 5850 5475 5726 5203 5784 5674 5850 5202 5785 5203 5784 5476 5600 5202 5785 5201 5727 4941 5851 4941 5851 5201 5727 4940 5728 4941 5851 4940 5728 4939 5786 5152 5729 5151 5787 4939 5786 5102 5852 5151 5787 5555 5539 5555 5539 5104 5788 5102 5852 5106 5730 5105 5853 5104 5788 4948 5854 5106 5730 5146 5789 4948 5854 5146 5789 5149 5731 4942 5855 5149 5731 4944 5790 4946 5732 4945 5791 4944 5790 4954 5733 4931 5856 4945 5791 5142 5734 4878 5857 4954 5733 5144 5792 4877 5858 5142 5734 5145 5793 5144 5792 5097 5543 5125 5663 5154 5794 5145 5793 5154 5794 5130 5666 5153 5795 5153 5795 5138 5668 4990 5796 4991 5611 4990 5796 4993 5669 4989 5797 4990 5796 4991 5611 5071 5798 4989 5797 5063 5737 5072 5799 5071 5798 5064 5671 5073 5859 5072 5799 5065 5738 5066 5860 5065 5738 5057 5739 5058 5800 5066 5860 5057 5739 5021 5801 5058 5800 5016 5672 5016 5672 5022 5740 5021 5801 5021 5801 5025 5742 5026 5802 5026 5802 5025 5742 5024 5743 5026 5802 5029 5744 5028 5803 5028 5803 5034 5745 5033 5804 5031 5746 5040 5805 5033 5804 5039 5861 5040 5805 5315 5747 5035 5862 5315 5747 5392 5748 5314 5806 5041 5863 5392 5748 5314 5806 5313 5749 5166 5864 5313 5749 5312 5750 5164 5865 5164 5865 5312 5750 5162 5807 5162 5807 5311 5621 5161 5866 5311 5621 5310 5808 5161 5866 4089 5867 4088 5809 4087 5682 4091 5810 4090 5868 4087 5682 4091 5810 4092 5755 6552 5869 6309 5870 4092 5755 4093 5811 4093 5811 4068 5684 4069 5871 4068 5684 4071 5812 4070 5872 4071 5812 4072 5756 6554 5873 4072 5756 4076 5813 4075 5874 4065 5875 4076 5813 5377 5757 5377 5757 4066 5814 4064 5876 5378 5625 4067 5877 4066 5814 4060 5815 4061 5878 5378 5625 4060 5815 4059 5758 4050 5688 4057 5759 4056 5760 4050 5688 4050 5688 4040 5629 4041 5879 4040 5629 4039 5816 4036 5880 4039 5816 4045 5762 6558 5881 6558 5881 4045 5762 6308 5817 6559 5819 6308 5817 4096 5763 4097 5763 6559 5819 4096 5763 4098 5818 4097 5763 4047 5569 4098 5818 4099 5764 6559 5819 6577 5765 6575 5882 6559 5819 6578 5820 6576 5883 6577 5765 6340 5884 6578 5820 6336 5693 6337 5885 6336 5693 6335 5821 6335 5821 6332 5766 6330 5886 6334 5887 6332 5766 6417 5767 6334 5887 6417 5767 7358 5517 6402 5822 6403 5888 7358 5517 6306 5634 6403 5888 6402 5822 6307 5769 6404 5889 6306 5634 6401 5890 6307 5769 6398 5770 6399 5891 6398 5770 6393 5823 6393 5823 6772 5695 6580 5824 6580 5824 6278 5697 6579 5825 6279 5771 6299 5892 6579 5825 6581 5826 6299 5892 6279 5771 6707 5772 6706 5893 6581 5826 6707 5772 6736 5827 6709 5828 6736 5827 6735 5701 6709 5828 6711 5702 6710 5829 6709 5828 6739 5773 6738 5894 6710 5829 6739 5773 6759 5830 6738 5894 6760 5703 6627 5831 6759 5830 6757 5704 6756 5832 6627 5831 6765 5833 6756 5832 6764 5705 6488 5895 6765 5833 6481 5774 6482 5834 6490 5896 6481 5774 6483 5897 6482 5834 6314 5644 6314 5644 6484 5835 6483 5897 7562 5707 6484 5835 6485 5775 5716 5837 5715 5836 5696 5709 5717 5898 5716 5837 5697 5776 5698 5899 5697 5776 5613 5777 5618 5838 5617 5900 5613 5777 5618 3419 5614 3419 5617 3419 5617 5900 5616 5778 5615 5901 5619 5840 5615 5901 5616 5778 5948 5334 5621 5902 5619 5840 5669 5841 5665 5903 5948 5334 5669 5841 5668 5779 5664 5904 5664 5904 5668 5779 5666 5780 5714 5842 5713 5905 5666 5780 5601 5843 5714 5842 5604 5712 5599 5715 5598 5844 5601 5843 5596 5717 5595 5845 5598 5844 5593 5719 5592 5846 5595 5845 5590 5721 5589 5847 5592 5846 5587 5723 5586 5848 5589 5847 5584 5725 5583 5849 5586 5848 5583 5849 5582 5782 5581 5783 5674 5850 5673 5906 5581 5783 5674 5850 5203 5784 5169 5907 4953 5908 5203 5784 5202 5785 4952 5909 5202 5785 4941 5851 4950 5910 4941 5851 4939 5786 4939 5786 5151 5787 5103 5911 5151 5787 5102 5852 5103 5911 5104 5788 5103 5911 5102 5852 5105 5853 5103 5911 5104 5788 5105 5853 5106 5730 4948 5854 4948 5854 5149 5731 4942 5855 4944 5790 4943 5912 4942 5855 4945 5791 4943 5912 4944 5790 4945 5791 4931 5856 4880 5913 4878 5857 4931 5856 4954 5733 4877 5858 4878 5857 5142 5734 4925 5914 4877 5858 5144 5792 5145 5793 4925 5914 5144 5792 5154 5794 4930 5915 5145 5793 4926 5916 5154 5794 5153 5795 4988 5917 5153 5795 4990 5796 4990 5796 4989 5797 4988 5917 5071 5798 5081 5918 4989 5797 5072 5799 5083 5919 5071 5798 5073 5859 5085 5920 5072 5799 5066 5860 5073 5859 5065 5738 5067 5921 5066 5860 5058 5800 5059 5922 5058 5800 5021 5801 5026 5802 5059 5922 5021 5801 5033 5804 5026 5802 5028 5803 5040 5805 5037 5923 5033 5804 5040 5805 5039 5861 5037 5923 5038 5924 5039 5861 5315 5747 5035 5862 5036 5925 5315 5747 5392 5748 5041 5863 5035 5862 5314 5806 5043 5926 5041 5863 5156 5927 5314 5806 5166 5864 5166 5864 5313 5749 5165 5928 5165 5928 5313 5749 5164 5865 5163 5929 5164 5865 5162 5807 5162 5807 5161 5866 5160 5930 5161 5866 5310 5808 5160 5930 4087 5682 4090 5868 4089 5867 4090 5868 4091 5810 6552 5869 6552 5869 4092 5755 6309 5870 4093 5811 4069 5871 6309 5870 4070 5872 4069 5871 4068 5684 4070 5872 4071 5812 6554 5873 6554 5873 4072 5756 6556 5931 4072 5756 4075 5874 6556 5931 4076 5813 4065 5875 4075 5874 5377 5757 4064 5876 4065 5875 4066 5814 4065 5875 4064 5876 4067 5877 4050 5688 4066 5814 4063 5932 4067 5877 5378 5625 5378 5625 4061 5878 4062 5933 4050 5688 4061 5878 4060 5815 6557 5934 4050 5688 4041 5879 4040 5629 4042 5935 4041 5879 4036 5880 4043 5936 4040 5629 4039 5816 4038 5937 4036 5880 4038 5937 4039 5816 6558 5881 6308 5817 6573 5938 6558 5881 6559 5819 6575 5882 6308 5817 4097 5763 4098 5818 6559 5819 6577 5765 6576 5883 6575 5882 6578 5820 6597 5939 6576 5883 6340 5884 6599 5940 6578 5820 6337 5885 6340 5884 6336 5693 7359 5941 6337 5885 6335 5821 6335 5821 6330 5886 7359 5941 6332 5766 6331 5942 6330 5886 6334 5887 6333 5943 6332 5766 7358 5517 6333 5943 6334 5887 6403 5888 6404 5889 7358 5517 6404 5889 6403 5888 6306 5634 6405 5944 6404 5889 6307 5769 6401 5890 6400 5945 6307 5769 6396 5946 6401 5890 6398 5770 6399 5891 6397 5947 6398 5770 6394 5948 6399 5891 6393 5823 6387 5949 6393 5823 6580 5824 6387 5949 6580 5824 6579 5825 6299 5892 6300 5950 6579 5825 6582 5951 6299 5892 6581 5826 6706 5893 6582 5951 6581 5826 6708 5952 6706 5893 6707 5772 6709 5828 6708 5952 6707 5772 6710 5829 6708 5952 6709 5828 6710 5829 6738 5894 6708 5952 6759 5830 6758 5953 6738 5894 6627 5831 6625 5954 6759 5830 6627 5831 6756 5832 6628 5955 6755 5956 6756 5832 6765 5833 6766 5957 6765 5833 6488 5895 6481 5774 6489 5958 6488 5895 6490 5896 6489 5958 6481 5774 6482 5834 7561 5959 6490 5896 6482 5834 6483 5897 7562 5707 6483 5897 6484 5835 7562 5707 5716 5837 5735 5960 5715 5836 5717 5898 5736 5961 5716 5837 5698 5899 5717 5898 5697 5776 5615 5901 5698 5899 5613 5777 5613 5777 5617 5900 5615 5901 5620 5962 5615 5901 5619 5840 5621 5902 5620 5962 5619 5840 5625 5963 5621 5902 5948 5334 5665 5903 5663 5964 5948 5334 5665 5903 5669 5841 5664 5904 5666 5780 5713 5905 5664 5904 5714 5842 5733 5965 5713 5905 5601 5843 5734 5966 5714 5842 5598 5844 5734 5966 5601 5843 5595 5845 5754 5967 5598 5844 5592 5846 5774 5968 5595 5845 5589 5847 5794 5969 5592 5846 5586 5848 5814 5970 5589 5847 5583 5849 5834 5971 5586 5848 5581 5783 5673 5906 5583 5849 5674 5850 5168 5972 5673 5906 5169 5907 5168 5972 5674 5850 5169 5907 5203 5784 4953 5908 4953 5908 5202 5785 4952 5909 4952 5909 4941 5851 4950 5910 4939 5786 4951 5973 4950 5910 4939 5786 5103 5911 4951 5973 5103 5911 5105 5853 4949 5974 4949 5974 5105 5853 4948 5854 4948 5854 4942 5855 4950 5910 4942 5855 4943 5912 4950 5910 4943 5912 4945 5791 4881 5975 4881 5975 4945 5791 4880 5913 4931 5856 4932 5976 4880 5913 4933 5977 4931 5856 4878 5857 4879 5978 4878 5857 4877 5858 4925 5914 4879 5978 4877 5858 5145 5793 4930 5915 4925 5914 5154 5794 4929 5979 4930 5915 4926 5916 4927 5980 5154 5794 4926 5916 5153 5795 4935 5981 4987 5982 5153 5795 4988 5917 4989 5797 4986 5983 4988 5917 5081 5918 4985 5984 4989 5797 5083 5919 5081 5918 5071 5798 5085 5920 5083 5919 5072 5799 5087 5985 5085 5920 5073 5859 5074 5986 5073 5859 5066 5860 5067 5921 5074 5986 5066 5860 5059 5922 5067 5921 5058 5800 5060 5987 5059 5922 5026 5802 5055 5988 5026 5802 5033 5804 5033 5804 5037 5923 5054 5989 5039 5861 5038 5924 5037 5923 5315 5747 5036 5925 5038 5924 5037 5923 5036 5925 5035 5862 5041 5863 5037 5923 5035 5862 5043 5926 5042 5990 5041 5863 4962 5991 5043 5926 5314 5806 5156 5927 5157 5992 5314 5806 5156 5927 5166 5864 5158 5993 5166 5864 5165 5928 5158 5993 5165 5928 5164 5865 5163 5929 5163 5929 5162 5807 5160 5930 4089 5867 4090 5868 6553 5994 4090 5868 6552 5869 6553 5994 6309 5870 6562 5995 6552 5869 4069 5871 4070 5872 6309 5870 6309 5870 4070 5872 6554 5873 6556 5931 6565 5996 6554 5873 6556 5931 4075 5874 4074 5997 4075 5874 4065 5875 4074 5997 4050 5688 4065 5875 4066 5814 4063 5932 4050 5688 4067 5877 4062 5933 4063 5932 5378 5625 4062 5933 4061 5878 4050 5688 4085 5998 4050 5688 6557 5934 4041 5879 4042 5935 6557 5934 4043 5936 4042 5935 4040 5629 4044 5999 4043 5936 4036 5880 4038 5937 4037 6000 4036 5880 4038 5937 6558 5881 4037 6000 6573 5938 6571 6001 6558 5881 6575 5882 6573 5938 6308 5817 6576 5883 6574 6002 6575 5882 6597 5939 6595 6003 6576 5883 6599 5940 6597 5939 6578 5820 6343 6004 6599 5940 6340 5884 6339 6005 6340 5884 6337 5885 7359 5941 6339 6005 6337 5885 6330 5886 6331 5942 7359 5941 6333 5943 6331 5942 6332 5766 6331 5942 6333 5943 7358 5517 7358 5517 6404 5889 7359 5941 6404 5889 6405 5944 7359 5941 6400 5945 6405 5944 6307 5769 6400 5945 6401 5890 7359 5941 7359 5941 6401 5890 6396 5946 6398 5770 6397 5947 6396 5946 6397 5947 6399 5891 7360 6006 6399 5891 6394 5948 7360 6006 6395 6007 6394 5948 6393 5823 6395 6007 6393 5823 6387 5949 6579 5825 6300 5950 6387 5949 6301 6008 6300 5950 6299 5892 6582 5951 6301 6008 6299 5892 6623 6009 6582 5951 6706 5893 6708 5952 6737 6010 6706 5893 6738 5894 6737 6010 6708 5952 6738 5894 6758 5953 6737 6010 6759 5830 6625 5954 6758 5953 6628 5955 6625 5954 6627 5831 6756 5832 6755 5956 6628 5955 6766 5957 6755 5956 6765 5833 6491 6011 6766 5957 6488 5895 6489 5958 6487 6012 6488 5895 7561 5959 6489 5958 6490 5896 7562 5707 7561 5959 6482 5834 5736 5961 5735 5960 5716 5837 5737 6013 5736 5961 5717 5898 5718 6014 5717 5898 5698 5899 5699 6015 5698 5899 5615 5901 5620 5962 5699 6015 5615 5901 5621 5902 5625 5963 5620 5962 5948 5334 5623 6016 5625 5963 5663 5964 5657 6017 5948 5334 5665 5903 5664 5904 5663 5964 5713 5905 5712 6018 5664 5904 5733 5965 5732 6019 5713 5905 5734 5966 5733 5965 5714 5842 5598 5844 5754 5967 5734 5966 5595 5845 5774 5968 5754 5967 5592 5846 5794 5969 5774 5968 5589 5847 5814 5970 5794 5969 5586 5848 5834 5971 5814 5970 5583 5849 5677 6020 5834 5971 5673 5906 5677 6020 5583 5849 5168 5972 5167 6021 5673 5906 5169 5907 4634 6022 5168 5972 4922 6023 5169 5907 4953 5908 4953 5908 4952 5909 4881 5975 4881 5975 4952 5909 4950 5910 4951 5973 4949 5974 4950 5910 4951 5973 5103 5911 4949 5974 4950 5910 4949 5974 4948 5854 4950 5910 4943 5912 4881 5975 4882 6024 4881 5975 4880 5913 4880 5913 4932 5976 4882 6024 4933 5977 4932 5976 4931 5856 4879 5978 4933 5977 4878 5857 4925 5914 4930 5915 4879 5978 4930 5915 4929 5979 4879 5978 4927 5980 4929 5979 5154 5794 4928 6025 4927 5980 4926 5916 4901 6026 4926 5916 4935 5981 4935 5981 5153 5795 4885 6027 5153 5795 4987 5982 4885 6027 4988 5917 4986 5983 4987 5982 4989 5797 4985 5984 4986 5983 5081 5918 5080 6028 4985 5984 5083 5919 5082 6029 5081 5918 5085 5920 5084 6030 5083 5919 5087 5985 5086 6031 5085 5920 5074 5986 5087 5985 5073 5859 5075 6032 5074 5986 5067 5921 5068 6033 5067 5921 5059 5922 5060 5987 5068 6033 5059 5922 5055 5988 5060 5987 5026 5802 5054 5989 5055 5988 5033 5804 5037 5923 5042 5990 5054 5989 5037 5923 5038 5924 5036 5925 5042 5990 5037 5923 5041 5863 5044 6034 5042 5990 5043 5926 4962 5991 5044 6034 5043 5926 5314 5806 5159 6035 4962 5991 5157 5992 5159 6035 5314 5806 5158 5993 5157 5992 5156 5927 5158 5993 5165 5928 5163 5929 6553 5994 6552 5869 6551 6036 6562 5995 6561 6037 6552 5869 6563 6038 6562 5995 6309 5870 6554 5873 6563 6038 6309 5870 6565 5996 6563 6038 6554 5873 6567 6039 6565 5996 6556 5931 4074 5997 4080 6040 6556 5931 4065 5875 4080 6040 4074 5997 4050 5688 4086 6041 4065 5875 4063 5932 4062 5933 4050 5688 4085 5998 4086 6041 4050 5688 6555 6042 4085 5998 6557 5934 4042 5935 4043 5936 6557 5934 4043 5936 4044 5999 6558 5881 4037 6000 4044 5999 4036 5880 6558 5881 4044 5999 4037 6000 6558 5881 6571 6001 6557 5934 6573 5938 6572 6043 6571 6001 6575 5882 6574 6002 6573 5938 6576 5883 6595 6003 6574 6002 6597 5939 6596 6044 6595 6003 6599 5940 6598 6045 6597 5939 6343 6004 6600 6046 6599 5940 6338 6047 6343 6004 6340 5884 6340 5884 6339 6005 6338 6047 6338 6047 6339 6005 7359 5941 7359 5941 6331 5942 7358 5517 7359 5941 6405 5944 6400 5945 7360 6006 7359 5941 6396 5946 7360 6006 6396 5946 6397 5947 7360 6006 6394 5948 7361 6048 6394 5948 6395 6007 7361 6048 6388 6049 6395 6007 6387 5949 6300 5950 6390 6050 6387 5949 6301 6008 6384 6051 6300 5950 6382 6052 6301 6008 6582 5951 6623 6009 6382 6052 6582 5951 6737 6010 6623 6009 6706 5893 6758 5953 6624 6053 6737 6010 6625 5954 6624 6053 6758 5953 6626 6054 6625 5954 6628 5955 6628 5955 6755 5956 6629 6055 6754 6056 6755 5956 6766 5957 6767 6057 6766 5957 6491 6011 6488 5895 6495 6058 6491 6011 6488 5895 6487 6012 6486 6059 6487 6012 6489 5958 7561 5959 5736 5961 5755 6060 5735 5960 5737 6013 5756 6061 5736 5961 5718 6014 5737 6013 5717 5898 5699 6015 5718 6014 5698 5899 5700 6062 5699 6015 5620 5962 5625 5963 5624 6063 5620 5962 5623 6064 5624 6064 5625 6064 5626 6065 5623 6016 5948 5334 5657 6017 5658 6066 5948 5334 5663 5964 5656 6067 5657 6017 5664 5904 5656 6067 5663 5964 5664 5904 5712 6018 5656 6067 5713 5905 5732 6019 5712 6018 5733 5965 5752 6068 5732 6019 5734 5966 5753 6069 5733 5965 5754 5967 5753 6069 5734 5966 5774 5968 5773 6070 5754 5967 5794 5969 5793 6071 5774 5968 5814 5970 5813 6072 5794 5969 5834 5971 5833 6073 5814 5970 5677 6020 5676 6074 5834 5971 5673 5906 5170 6075 5677 6020 5167 6021 5170 6075 5673 5906 5168 5972 4635 6076 5167 6021 4634 6022 4635 6076 5168 5972 4639 6077 4634 6022 5169 5907 4923 6078 5169 5907 4922 6023 4922 6023 4953 5908 4881 5975 4881 5975 4882 6024 4888 6079 4932 5976 4934 6080 4882 6024 4934 6080 4932 5976 4933 5977 4938 6081 4933 5977 4879 5978 4879 5978 4929 5979 4928 6025 4929 5979 4927 5980 4928 6025 4928 6025 4926 5916 4901 6026 4885 6027 4901 6026 4935 5981 4885 6027 4987 5982 4884 6082 4884 6082 4987 5982 4986 5983 4985 5984 4883 6083 4986 5983 5080 6028 4982 6084 4985 5984 5082 6029 5080 6028 5081 5918 5084 6030 5082 6029 5083 5919 5086 6031 5084 6030 5085 5920 5088 6085 5086 6031 5087 5985 5089 6086 5087 5985 5074 5986 5075 6032 5089 6086 5074 5986 5068 6033 5075 6032 5067 5921 5069 6087 5068 6033 5060 5987 5061 6088 5060 5987 5055 5988 5051 6089 5055 5988 5054 5989 5054 5989 5042 5990 4958 6090 5042 5990 5044 6034 4958 6090 4869 6091 5044 6034 4962 5991 5159 6035 5155 6092 4962 5991 5159 6035 5157 5992 4875 6093 4875 6093 5157 5992 5158 5993 6552 5869 6561 6037 6551 6036 6562 5995 6302 6094 6561 6037 6563 6038 6304 6095 6562 5995 6565 5996 6564 6096 6563 6038 6567 6039 6566 6097 6565 5996 6555 6042 6567 6039 6556 5931 4080 6040 4081 6098 6556 5931 4081 6098 4080 6040 4065 5875 4086 6041 4085 5998 4065 5875 4084 6099 4085 5998 6555 6042 6557 5934 6569 6100 6555 6042 6557 5934 4043 5936 6558 5881 6571 6001 6569 6100 6557 5934 6572 6043 6570 6101 6571 6001 6574 6002 6572 6043 6573 5938 6595 6003 6593 6102 6574 6002 6596 6044 6594 6103 6595 6003 6598 6045 6596 6044 6597 5939 6600 6046 6598 6045 6599 5940 6329 6104 6600 6046 6343 6004 6345 6105 6343 6004 6338 6047 6345 6105 6338 6047 7359 5941 6345 6105 7359 5941 7360 6006 7361 6048 6346 6106 7360 6006 7361 6048 6395 6007 6388 6049 6389 6107 6388 6049 6387 5949 6387 5949 6390 6050 6389 6107 6300 5950 6391 6108 6390 6050 6384 6051 6392 6109 6300 5950 6385 6110 6384 6051 6301 6008 6382 6052 6385 6110 6301 6008 6320 6111 6382 6052 6623 6009 6624 6053 6623 6009 6737 6010 6626 6054 6624 6053 6625 5954 6629 6055 6626 6054 6628 5955 6755 5956 6754 6056 6629 6055 6767 6057 6754 6056 6766 5957 6492 6112 6767 6057 6491 6011 6495 6058 6494 6113 6491 6011 6496 6114 6495 6058 6488 5895 6486 6059 6496 6114 6488 5895 6486 6059 6487 6012 7561 5959 5756 6061 5755 6060 5736 5961 5757 6115 5756 6061 5737 6013 5738 6116 5737 6013 5718 6014 5719 6117 5718 6014 5699 6015 5700 6062 5719 6117 5699 6015 5622 6118 5700 6062 5620 5962 5620 5962 5624 6063 5622 6118 5624 6063 5623 6016 5622 6118 5626 6065 5622 6118 5623 6016 5628 6119 5626 6065 5948 5334 5658 6066 5661 6120 5948 5334 5658 6066 5657 6017 5656 6067 5712 6018 5711 6121 5656 6067 5732 6019 5731 6122 5712 6018 5752 6068 5751 6123 5732 6019 5753 6069 5752 6068 5733 5965 5754 5967 5773 6070 5753 6069 5774 5968 5793 6071 5773 6070 5794 5969 5813 6072 5793 6071 5814 5970 5833 6073 5813 6072 5834 5971 5676 6074 5833 6073 5677 6020 5174 6124 5676 6074 5170 6075 5174 6124 5677 6020 5167 6021 4631 6125 5170 6075 4635 6076 4637 6126 5167 6021 4636 6127 4635 6076 4634 6022 4634 6022 4639 6077 4638 6128 4892 6129 4639 6077 5169 5907 4923 6078 4895 6130 5169 5907 4923 6078 4922 6023 4881 5975 4894 6131 4881 5975 4888 6079 4888 6079 4882 6024 4887 6132 4882 6024 4934 6080 4924 6133 4933 5977 4936 6134 4934 6080 4938 6081 4937 6135 4933 5977 4928 6025 4938 6081 4879 5978 4903 6136 4928 6025 4901 6026 4900 6137 4901 6026 4885 6027 4885 6027 4884 6082 4883 6083 4986 5983 4883 6083 4884 6082 4985 5984 4900 6137 4883 6083 4985 5984 4982 6084 4984 6138 5080 6028 4978 6139 4982 6084 5082 6029 4977 6140 5080 6028 5084 6030 4976 6141 5082 6029 5086 6031 4975 6142 5084 6030 5088 6085 4974 6143 5086 6031 5089 6086 5088 6085 5087 5985 5091 6144 5089 6086 5075 6032 5076 6145 5075 6032 5068 6033 5069 6087 5076 6145 5068 6033 5061 6088 5069 6087 5060 5987 5051 6089 5061 6088 5055 5988 4958 6090 5051 6089 5054 5989 4958 6090 5044 6034 4960 6146 4869 6091 4870 6147 5044 6034 4874 6148 4869 6091 4962 5991 4962 5991 5155 6092 4876 6149 5155 6092 5159 6035 4875 6093 6304 6095 6302 6094 6562 5995 6564 6096 6304 6095 6563 6038 6566 6097 6564 6096 6565 5996 6568 6150 6566 6097 6567 6039 6569 6100 6567 6039 6555 6042 6556 5931 4078 6151 6555 6042 6556 5931 4081 6098 4078 6151 4078 6151 4081 6098 4065 5875 4065 5875 4085 5998 4084 6099 4083 6152 4084 6099 6555 6042 6571 6001 6570 6101 6569 6100 6572 6043 6591 6153 6570 6101 6574 6002 6593 6102 6572 6043 6595 6003 6594 6103 6593 6102 6596 6044 6613 6154 6594 6103 6598 6045 6615 6155 6596 6044 6600 6046 6617 6156 6598 6045 6329 6104 6619 6157 6600 6046 6341 6158 6329 6104 6343 6004 6345 6105 6344 6159 6343 6004 6344 6159 6345 6105 7360 6006 6346 6106 6327 6160 7360 6006 6622 6161 6346 6106 7361 6048 6388 6049 6389 6107 7361 6048 6389 6107 6390 6050 7361 6048 7361 6048 6390 6050 6391 6108 6392 6109 6391 6108 6300 5950 6392 6109 6384 6051 7361 6048 6384 6051 6385 6110 7362 6162 6386 6163 6385 6110 6382 6052 6382 6052 6320 6111 6381 6164 6624 6053 6320 6111 6623 6009 6320 6111 6624 6053 6626 6054 6323 6165 6626 6054 6629 6055 6629 6055 6754 6056 6378 6166 6753 6167 6754 6056 6767 6057 6768 6168 6767 6057 6492 6112 6493 6169 6492 6112 6491 6011 6491 6011 6494 6113 6493 6169 6494 6113 6495 6058 7560 6170 6495 6058 6496 6114 7561 5959 7561 5959 6496 6114 6486 6059 5756 6061 5775 6171 5755 6060 5757 6115 5776 6172 5756 6061 5738 6116 5757 6115 5737 6013 5719 6117 5738 6116 5718 6014 5720 6173 5719 6117 5700 6062 5701 6174 5700 6062 5622 6118 5627 6175 5622 6118 5626 6065 5628 6119 5627 6175 5626 6065 5629 6176 5628 6119 5948 5334 5948 5334 5661 6120 5662 6177 5660 3419 5661 3419 5658 3419 5659 6178 5658 6066 5656 6067 5656 6067 5711 6121 5659 6178 5712 6018 5731 6122 5711 6121 5732 6019 5751 6123 5731 6122 5752 6068 5771 6179 5751 6123 5753 6069 5772 6180 5752 6068 5773 6070 5772 6180 5753 6069 5793 6071 5792 6181 5773 6070 5813 6072 5812 6182 5793 6071 5833 6073 5832 6183 5813 6072 5676 6074 5675 6184 5833 6073 5174 6124 5173 6185 5676 6074 5170 6075 4628 6186 5174 6124 4631 6125 4627 6187 5170 6075 4637 6126 4631 6125 5167 6021 4637 6126 4635 6076 4636 6127 4636 6127 4634 6022 4638 6128 4639 6077 4892 6129 4638 6128 5169 5907 4891 6188 4892 6129 4895 6130 4891 6188 5169 5907 4895 6130 4923 6078 4894 6131 4923 6078 4881 5975 4894 6131 4888 6079 4898 6189 4894 6131 4888 6079 4887 6132 4886 6190 4882 6024 4924 6133 4887 6132 4934 6080 4936 6134 4924 6133 4937 6135 4936 6134 4933 5977 4937 6135 4938 6081 4906 6191 4938 6081 4928 6025 4903 6136 4903 6136 4901 6026 4902 6192 4902 6192 4901 6026 4900 6137 4883 6083 4900 6137 4885 6027 4984 6138 4900 6137 4985 5984 4982 6084 4908 6193 4984 6138 4978 6139 4970 6194 4982 6084 4977 6140 4978 6139 5080 6028 4976 6141 4977 6140 5082 6029 4975 6142 4976 6141 5084 6030 4974 6143 4975 6142 5086 6031 4973 6195 4974 6143 5088 6085 5090 6196 5088 6085 5089 6086 5091 6144 5090 6196 5089 6086 5076 6145 5091 6144 5075 6032 5077 6197 5076 6145 5069 6087 5070 6198 5069 6087 5061 6088 5062 6199 5061 6088 5051 6089 5053 6200 5051 6089 4958 6090 4960 6146 4959 6201 4958 6090 5044 6034 4873 6202 4960 6146 4870 6147 4872 6203 5044 6034 4871 6204 4870 6147 4869 6091 4874 6148 4871 6204 4869 6091 4962 5991 4876 6149 4874 6148 4875 6093 4876 6149 5155 6092 6304 6095 6303 6205 6302 6094 6564 6096 6584 6206 6304 6095 6566 6097 6585 6207 6564 6096 6568 6150 6587 6208 6566 6097 6569 6100 6568 6150 6567 6039 4078 6151 4079 6209 6555 6042 4065 5875 4079 6209 4078 6151 4084 6099 4083 6152 4065 5875 4082 6210 4083 6152 6555 6042 6570 6101 6568 6150 6569 6100 6591 6153 6589 6211 6570 6101 6593 6102 6591 6153 6572 6043 6594 6103 6592 6212 6593 6102 6613 6154 6611 6213 6594 6103 6615 6155 6613 6154 6596 6044 6617 6156 6615 6155 6598 6045 6619 6157 6617 6156 6600 6046 6621 6214 6619 6157 6329 6104 6328 6215 6329 6104 6341 6158 6343 6004 6342 6216 6341 6158 6344 6159 6342 6216 6343 6004 7360 6006 6342 6216 6344 6159 7360 6006 6327 6160 6328 6215 6346 6106 6329 6104 6327 6160 6622 6161 6621 6214 6346 6106 6350 6217 6622 6161 7361 6048 6391 6108 6392 6109 7361 6048 7361 6048 6384 6051 7362 6162 7362 6162 6385 6110 6386 6163 6383 6218 6386 6163 6382 6052 6383 6218 6382 6052 6381 6164 6381 6164 6320 6111 6318 6219 6323 6165 6320 6111 6626 6054 6378 6166 6323 6165 6629 6055 6754 6056 6753 6167 6378 6166 6768 6168 6753 6167 6767 6057 6497 6220 6768 6168 6492 6112 6493 6169 6499 6221 6492 6112 6493 6169 6494 6113 7560 6170 7560 6170 6495 6058 7561 5959 5776 6172 5775 6171 5756 6061 5777 6222 5776 6172 5757 6115 5758 6223 5757 6115 5738 6116 5739 6224 5738 6116 5719 6117 5720 6173 5739 6224 5719 6117 5701 6174 5720 6173 5700 6062 5627 6175 5701 6174 5622 6118 5629 6176 5627 6175 5628 6119 5631 6225 5629 6176 5948 5334 5662 6177 5655 6226 5948 5334 5662 6177 5661 6120 5654 6227 5661 6120 5660 6228 5659 6178 5659 6178 5660 6228 5658 6066 5711 6121 5710 6229 5659 6178 5731 6122 5730 6230 5711 6121 5751 6123 5750 6231 5731 6122 5771 6179 5770 6232 5751 6123 5772 6180 5771 6179 5752 6068 5773 6070 5792 6181 5772 6180 5793 6071 5812 6182 5792 6181 5813 6072 5832 6183 5812 6182 5833 6073 5675 6184 5832 6183 5676 6074 5173 6185 5675 6184 5174 6124 4632 6233 5173 6185 4628 6186 4632 6233 5174 6124 4627 6187 4628 6186 5170 6075 4627 6187 4631 6125 4630 6234 4637 6126 4630 6234 4631 6125 4636 6127 4630 6234 4637 6126 4640 6235 4636 6127 4638 6128 4892 6129 4893 6236 4638 6128 4893 6236 4892 6129 4891 6188 4891 6188 4895 6130 4894 6131 4898 6189 4897 6237 4894 6131 4899 6238 4898 6189 4888 6079 4886 6190 4756 6239 4888 6079 4887 6132 4920 6240 4886 6190 4887 6132 4924 6133 4918 6241 4924 6133 4936 6134 4911 6242 4936 6134 4937 6135 4911 6242 4911 6242 4937 6135 4906 6191 4906 6191 4938 6081 4903 6136 4904 6243 4903 6136 4902 6192 4902 6192 4900 6137 4984 6138 4984 6138 4908 6193 4905 6244 4982 6084 4907 6245 4908 6193 4982 6084 4970 6194 4983 6246 4978 6139 4855 6247 4970 6194 4977 6140 4845 6248 4978 6139 4976 6141 4853 6249 4977 6140 4975 6142 4850 6250 4976 6141 4974 6143 4837 6251 4975 6142 4973 6195 4841 6252 4974 6143 5090 6196 4973 6195 5088 6085 4957 6253 5090 6196 5091 6144 5092 6254 5091 6144 5076 6145 5077 6197 5092 6254 5076 6145 5070 6198 5077 6197 5069 6087 5062 6199 5070 6198 5061 6088 5052 6255 5062 6199 5051 6089 5053 6200 5052 6255 5051 6089 4959 6201 5053 6200 4958 6090 4960 6146 5046 6256 4959 6201 4960 6146 4873 6202 4868 6257 5044 6034 4872 6203 4873 6202 4872 6203 4870 6147 4871 6204 4875 6093 4871 6204 4874 6148 4876 6149 4875 6093 4874 6148 6304 6095 6583 6258 6303 6205 6584 6206 6583 6258 6304 6095 6585 6207 6584 6206 6564 6096 6587 6208 6585 6207 6566 6097 6589 6211 6587 6208 6568 6150 6555 6042 4079 6209 4082 6210 4065 5875 4082 6210 4079 6209 4083 6152 4082 6210 4065 5875 6570 6101 6589 6211 6568 6150 6591 6153 6590 6259 6589 6211 6593 6102 6592 6212 6591 6153 6594 6103 6611 6213 6592 6212 6613 6154 6612 6260 6611 6213 6615 6155 6614 6261 6613 6154 6617 6156 6616 6262 6615 6155 6619 6157 6618 6263 6617 6156 6621 6214 6620 6264 6619 6157 6346 6106 6621 6214 6329 6104 6329 6104 6328 6215 6327 6160 6328 6215 6341 6158 7360 6006 6341 6158 6342 6216 7360 6006 6622 6161 6349 6265 6621 6214 6350 6217 6349 6265 6622 6161 7361 6048 6348 6266 6350 6217 7362 6162 6801 6267 7361 6048 6386 6163 6383 6218 7362 6162 6383 6218 6381 6164 7362 6162 7357 6268 6381 6164 6318 6219 6320 6111 6319 6269 6318 6219 6319 6269 6320 6111 6323 6165 6322 6270 6323 6165 6378 6166 6378 6166 6753 6167 6691 6271 6752 6272 6753 6167 6768 6168 6497 6220 6752 6272 6768 6168 6492 6112 6498 6273 6497 6220 6499 6221 6498 6273 6492 6112 6499 6221 6493 6169 7560 6170 5776 6172 5795 6274 5775 6171 5777 6222 5796 6275 5776 6172 5758 6223 5777 6222 5757 6115 5739 6224 5758 6223 5738 6116 5740 6276 5739 6224 5720 6173 5721 6277 5720 6173 5701 6174 5702 6278 5701 6174 5627 6175 5630 6279 5627 6175 5629 6176 5631 6225 5630 6279 5629 6176 5633 6280 5631 6225 5948 5334 5655 6226 5653 6281 5948 5334 5655 6226 5662 6177 5654 6227 5654 6227 5661 6120 5659 6178 5659 6178 5710 6229 5654 6227 5711 6121 5730 6230 5710 6229 5731 6122 5750 6231 5730 6230 5751 6123 5770 6232 5750 6231 5771 6179 5790 6282 5770 6232 5772 6180 5791 6283 5771 6179 5792 6181 5791 6283 5772 6180 5812 6182 5811 6284 5792 6181 5832 6183 5831 6285 5812 6182 5675 6184 5678 6286 5832 6183 5173 6185 5171 6287 5675 6184 4632 6233 4633 6288 5173 6185 4629 6289 4632 6233 4628 6186 4629 6289 4628 6186 4627 6187 4630 6234 4629 6289 4627 6187 4703 6290 4630 6234 4636 6127 4641 6291 4636 6127 4640 6235 4638 6128 4896 6292 4640 6235 4893 6236 4896 6292 4638 6128 4891 6188 4896 6292 4893 6236 4894 6131 4897 6237 4891 6188 4898 6189 4640 6235 4897 6237 4899 6238 4640 6235 4898 6189 4890 6293 4899 6238 4888 6079 4756 6239 4758 6294 4888 6079 4755 6295 4756 6239 4886 6190 4920 6240 4889 6296 4886 6190 4921 6297 4920 6240 4887 6132 4918 6241 4917 6298 4887 6132 4924 6133 4919 6299 4918 6241 4911 6242 4914 6300 4924 6133 4906 6191 4912 6301 4911 6242 4903 6136 4907 6245 4906 6191 4905 6244 4903 6136 4904 6243 4904 6243 4902 6192 4984 6138 4905 6244 4904 6243 4984 6138 4905 6244 4908 6193 4903 6136 4908 6193 4907 6245 4903 6136 4913 6302 4907 6245 4982 6084 4983 6246 4913 6302 4982 6084 4970 6194 4909 6303 4983 6246 4855 6247 4859 6304 4970 6194 4856 6305 4855 6247 4978 6139 4845 6248 4858 6306 4978 6139 4846 6307 4845 6248 4977 6140 4853 6249 4854 6308 4977 6140 4852 6309 4853 6249 4976 6141 4850 6250 4851 6310 4976 6141 4849 6311 4850 6250 4975 6142 4837 6251 4847 6312 4975 6142 4838 6313 4837 6251 4974 6143 4841 6252 4840 6314 4974 6143 4842 6315 4841 6252 4973 6195 4971 6316 4973 6195 5090 6196 4957 6253 4971 6316 5090 6196 5092 6254 4957 6253 5091 6144 5093 6317 5092 6254 5077 6197 5078 6318 5077 6197 5070 6198 5062 6199 5078 6318 5070 6198 5052 6255 5049 6319 5062 6199 5053 6200 5048 6320 5052 6255 4959 6201 5047 6321 5053 6200 5046 6256 5047 6321 4959 6201 5045 6322 5046 6256 4960 6146 4868 6257 4866 6323 4960 6146 4868 6257 4873 6202 4867 6324 4873 6202 4872 6203 4867 6324 4867 6324 4872 6203 4871 6204 6584 6206 6296 6325 6583 6258 6585 6207 6298 6326 6584 6206 6587 6208 6586 6327 6585 6207 6589 6211 6588 6328 6587 6208 6590 6259 6588 6328 6589 6211 6592 6212 6590 6259 6591 6153 6611 6213 6609 6329 6592 6212 6612 6260 6610 6330 6611 6213 6614 6261 6612 6260 6613 6154 6616 6262 6614 6261 6615 6155 6618 6263 6616 6262 6617 6156 6620 6264 6618 6263 6619 6157 6349 6265 6620 6264 6621 6214 6350 6217 6348 6266 6349 6265 7361 6048 6347 6331 6348 6266 6801 6267 6347 6331 7361 6048 6354 6332 6801 6267 7362 6162 7362 6162 6381 6164 7357 6268 6318 6219 6319 6269 7357 6268 6380 6333 6319 6269 6323 6165 6323 6165 6322 6270 6321 6334 6379 6335 6322 6270 6378 6166 6378 6166 6691 6271 6368 6336 6753 6167 6752 6272 6691 6271 6502 6337 6752 6272 6497 6220 6498 6273 6506 6338 6497 6220 7560 6170 6498 6273 6499 6221 5796 6275 5795 6274 5776 6172 5797 6339 5796 6275 5777 6222 5778 6340 5777 6222 5758 6223 5759 6341 5758 6223 5739 6224 5740 6276 5759 6341 5739 6224 5721 6277 5740 6276 5720 6173 5702 6278 5721 6277 5701 6174 5630 6279 5702 6278 5627 6175 5631 6225 5635 6342 5630 6279 5633 6343 5635 6343 5631 6343 5636 6344 5633 6280 5948 5334 5653 6281 5650 6345 5948 5334 5655 6226 5654 6227 5653 6281 5710 6229 5709 6346 5654 6227 5730 6230 5729 6347 5710 6229 5750 6231 5749 6348 5730 6230 5770 6232 5769 6349 5750 6231 5790 6282 5789 6350 5770 6232 5791 6283 5790 6282 5771 6179 5792 6181 5811 6284 5791 6283 5812 6182 5831 6285 5811 6284 5832 6183 5678 6286 5831 6285 5678 6286 5675 6184 5178 6351 5675 6184 5171 6287 5172 6352 5173 6185 4633 6288 5171 6287 4633 6288 4632 6233 4629 6289 4710 6353 4629 6289 4630 6234 4703 6290 4710 6353 4630 6234 4641 6291 4703 6290 4636 6127 4642 6354 4641 6291 4640 6235 4640 6235 4896 6292 4897 6237 4897 6237 4896 6292 4891 6188 4642 6354 4640 6235 4899 6238 4890 6293 4642 6354 4899 6238 4759 6355 4890 6293 4888 6079 4888 6079 4758 6294 4759 6355 4756 6239 4760 6356 4758 6294 4757 6357 4756 6239 4755 6295 4761 6358 4755 6295 4886 6190 4886 6190 4889 6296 4803 6359 4920 6240 4980 6360 4889 6296 4921 6297 4980 6360 4920 6240 4917 6298 4921 6297 4887 6132 4917 6298 4918 6241 4980 6360 4919 6299 4969 6361 4918 6241 4914 6300 4919 6299 4924 6133 4916 6362 4914 6300 4911 6242 4912 6301 4910 6363 4911 6242 4913 6302 4912 6301 4906 6191 4907 6245 4913 6302 4906 6191 4912 6301 4913 6302 4983 6246 4983 6246 4909 6303 4910 6363 4909 6303 4970 6194 4979 6364 4970 6194 4859 6304 4860 6365 4245 6366 4859 6304 4855 6247 4856 6305 4246 6367 4855 6247 4857 6368 4856 6305 4978 6139 4978 6139 4858 6306 4857 6368 4845 6248 4250 6369 4858 6306 4846 6307 4253 6370 4845 6248 4854 6308 4846 6307 4977 6140 4854 6308 4853 6249 4252 6371 4853 6249 4852 6309 4258 6372 4851 6310 4852 6309 4976 6141 4851 6310 4850 6250 4255 6373 4850 6250 4849 6311 4265 6374 4848 6375 4849 6311 4975 6142 4975 6142 4847 6312 4848 6375 4847 6312 4837 6251 7520 6376 4838 6313 4271 6377 4837 6251 4839 6378 4838 6313 4974 6143 4974 6143 4840 6314 4839 6378 4841 6252 4267 6379 4840 6314 4842 6315 4266 6380 4841 6252 4843 6381 4842 6315 4973 6195 4973 6195 4971 6316 4844 6382 4972 6383 4971 6316 4957 6253 4956 6384 4957 6253 5092 6254 5093 6317 4956 6384 5092 6254 5078 6318 5093 6317 5077 6197 5049 6319 5078 6318 5062 6199 5048 6320 5049 6319 5052 6255 5047 6321 5048 6320 5053 6200 5047 6321 5046 6256 4821 6385 5046 6256 5045 6322 4824 6386 4861 6387 5045 6322 4960 6146 4960 6146 4866 6323 4861 6387 4868 6257 4867 6324 4866 6323 6298 6326 6296 6325 6584 6206 6586 6327 6298 6326 6585 6207 6588 6328 6586 6327 6587 6208 6590 6259 6607 6388 6588 6328 6592 6212 6609 6329 6590 6259 6611 6213 6610 6330 6609 6329 6612 6260 6636 6389 6610 6330 6614 6261 6638 6390 6612 6260 6616 6262 6640 6391 6614 6261 6618 6263 6642 6392 6616 6262 6620 6264 6644 6393 6618 6263 6349 6265 6646 6394 6620 6264 6349 6265 6348 6266 6347 6331 6801 6267 6353 6395 6347 6331 6354 6332 6353 6395 6801 6267 6352 6332 6354 6332 7362 6162 7357 6268 6325 6396 7362 6162 6319 6269 6380 6333 7357 6268 6380 6333 6323 6165 6321 6334 7363 6397 6321 6334 6322 6270 6322 6270 6379 6335 7363 6397 6379 6335 6378 6166 6377 6398 6378 6166 6368 6336 6377 6398 6691 6271 6690 6399 6368 6336 6691 6271 6752 6272 6704 6400 6752 6272 6502 6337 6704 6400 6504 6401 6502 6337 6497 6220 6506 6338 6505 6402 6497 6220 6506 6338 6498 6273 7560 6170 5796 6275 5815 6403 5795 6274 5797 6339 5816 6404 5796 6275 5778 6340 5797 6339 5777 6222 5759 6341 5778 6340 5758 6223 5760 6405 5759 6341 5740 6276 5741 6406 5740 6276 5721 6277 5722 6407 5721 6277 5702 6278 5703 6408 5702 6278 5630 6279 5635 6342 5634 6409 5630 6279 5634 3419 5635 3419 5633 3419 5636 6344 5632 6410 5633 6280 5638 6411 5636 6344 5948 5334 5948 5334 5650 6345 5652 6412 5653 6281 5649 6413 5650 6345 5654 6227 5649 6413 5653 6281 5654 6227 5709 6346 5649 6413 5710 6229 5729 6347 5709 6346 5730 6230 5749 6348 5729 6347 5750 6231 5769 6349 5749 6348 5770 6232 5789 6350 5769 6349 5790 6282 5809 6414 5789 6350 5791 6283 5810 6415 5790 6282 5811 6284 5810 6415 5791 6283 5831 6285 5830 6416 5811 6284 5678 6286 5679 6417 5831 6285 5177 6418 5678 6286 5178 6351 5178 6351 5675 6184 5172 6352 5172 6352 5171 6287 4623 6419 4633 6288 4626 6420 5171 6287 4626 6420 4633 6288 4629 6289 4710 6353 4717 6421 4629 6289 4711 6422 4710 6353 4703 6290 4704 6423 4703 6290 4641 6291 4643 6424 4641 6291 4642 6354 4760 6356 4642 6354 4890 6293 4759 6355 4760 6356 4890 6293 4760 6356 4759 6355 4758 6294 4757 6357 4760 6356 4756 6239 4761 6358 4757 6357 4755 6295 4886 6190 4803 6359 4761 6358 4889 6296 4762 6425 4803 6359 4980 6360 4764 6426 4889 6296 4921 6297 4917 6298 4980 6360 4980 6360 4918 6241 4969 6361 4919 6299 4915 6427 4969 6361 4919 6299 4914 6300 4915 6427 4916 6362 4915 6427 4914 6300 4909 6303 4916 6362 4911 6242 4911 6242 4910 6363 4909 6303 4910 6363 4912 6301 4983 6246 4916 6362 4909 6303 4979 6364 4979 6364 4970 6194 4241 6428 4970 6194 4860 6365 7522 6429 4860 6365 4859 6304 4245 6366 4855 6247 4246 6367 4245 6366 4248 6430 4246 6367 4856 6305 4857 6368 4248 6430 4856 6305 4858 6306 4251 6431 4857 6368 4250 6369 4251 6431 4858 6306 4254 6432 4250 6369 4845 6248 4253 6370 4254 6432 4845 6248 4252 6371 4253 6370 4846 6307 4846 6307 4854 6308 4252 6371 4252 6371 4853 6249 4258 6372 4258 6372 4852 6309 4256 6433 4852 6309 4851 6310 4256 6433 4256 6433 4851 6310 4255 6373 4255 6373 4850 6250 4265 6374 4265 6374 4849 6311 4264 6434 4849 6311 4848 6375 4264 6434 4848 6375 4847 6312 7521 6435 7521 6435 4847 6312 7520 6376 7520 6376 4837 6251 4263 6436 4271 6377 4263 6436 4837 6251 4270 6437 4271 6377 4838 6313 4839 6378 4270 6437 4838 6313 4840 6314 4269 6438 4839 6378 4267 6379 4269 6438 4840 6314 4266 6380 4267 6379 4841 6252 4274 6439 4266 6380 4842 6315 4843 6381 4274 6439 4842 6315 4843 6381 4973 6195 4844 6382 4844 6382 4971 6316 4833 6440 4972 6383 4836 6441 4971 6316 4955 6442 4972 6383 4957 6253 4957 6253 4956 6384 4955 6442 5079 6443 4956 6384 5093 6317 5094 6444 5093 6317 5078 6318 5049 6319 5094 6444 5078 6318 5048 6320 4816 6445 5049 6319 5048 6320 5047 6321 4819 6446 4820 6447 5047 6321 4821 6385 4821 6385 5046 6256 4825 6448 4825 6448 5046 6256 4824 6386 4824 6386 5045 6322 4823 6449 4862 6450 5045 6322 4861 6387 4866 6323 4863 6451 4861 6387 4867 6324 4863 6451 4866 6323 6298 6326 6297 6452 6296 6325 6586 6327 6603 6453 6298 6326 6588 6328 6605 6454 6586 6327 6607 6388 6605 6454 6588 6328 6609 6329 6607 6388 6590 6259 6610 6330 6608 6455 6609 6329 6636 6389 6634 6456 6610 6330 6638 6390 6636 6389 6612 6260 6640 6391 6638 6390 6614 6261 6642 6392 6640 6391 6616 6262 6644 6393 6642 6392 6618 6263 6646 6394 6644 6393 6620 6264 6648 6457 6646 6394 6349 6265 6347 6331 6648 6457 6349 6265 6353 6395 6648 6457 6347 6331 6354 6332 6352 6332 6353 6395 7362 6162 6351 6458 6352 6332 6325 6396 6351 6458 7362 6162 6324 6459 6325 6396 7357 6268 7357 6268 6380 6333 7363 6397 6380 6333 6321 6334 7363 6397 6379 6335 6377 6398 7363 6397 6377 6398 6368 6336 6366 6460 6368 6336 6690 6399 6371 6461 6691 6271 6704 6400 6690 6399 6704 6400 6502 6337 6508 6462 6503 6463 6502 6337 6504 6401 6497 6220 6505 6402 6504 6401 6505 6402 6506 6338 7559 6464 7559 6464 6506 6338 7560 6170 5816 6404 5815 6403 5796 6275 5817 6465 5816 6404 5797 6339 5798 6466 5797 6339 5778 6340 5779 6467 5778 6340 5759 6341 5760 6405 5779 6467 5759 6341 5741 6406 5760 6405 5740 6276 5722 6407 5741 6406 5721 6277 5703 6408 5722 6407 5702 6278 5632 6410 5703 6408 5630 6279 5630 6279 5634 6409 5632 6410 5634 6409 5633 6280 5632 6410 5637 6468 5632 6410 5636 6344 5638 6411 5637 6468 5636 6344 5645 6469 5638 6411 5948 5334 5652 6412 5648 6470 5948 5334 5650 6471 5651 6471 5652 6471 5651 6472 5650 6345 5649 6413 5709 6346 5708 6473 5649 6413 5729 6347 5728 6474 5709 6346 5749 6348 5748 6475 5729 6347 5769 6349 5768 6476 5749 6348 5789 6350 5788 6477 5769 6349 5809 6414 5808 6478 5789 6350 5810 6415 5809 6414 5790 6282 5811 6284 5830 6416 5810 6415 5831 6285 5679 6417 5830 6416 5679 6417 5678 6286 5177 6418 5178 6351 7476 6479 5177 6418 5172 6352 7475 6480 5178 6351 4623 6419 4624 6481 5172 6352 5171 6287 4626 6420 4623 6419 4629 6289 4622 6482 4626 6420 4717 6421 4622 6482 4629 6289 4718 6483 4717 6421 4710 6353 4711 6422 4718 6483 4710 6353 4704 6423 4711 6422 4703 6290 4643 6424 4704 6423 4641 6291 4644 6484 4643 6424 4642 6354 4642 6354 4760 6356 4799 6485 4800 6486 4760 6356 4757 6357 4757 6357 4761 6358 4804 6487 4804 6487 4761 6358 4803 6359 4763 6488 4803 6359 4762 6425 4889 6296 4764 6426 4762 6425 4980 6360 4766 6489 4764 6426 4969 6361 4979 6364 4980 6360 4915 6427 4979 6364 4969 6361 4915 6427 4916 6362 4979 6364 4241 6428 4770 6490 4979 6364 7522 6429 4860 6365 4243 6491 4243 6491 4860 6365 4245 6366 4246 6367 4244 6492 4245 6366 4246 6367 4248 6430 4247 6493 4251 6431 4248 6430 4857 6368 4251 6431 4250 6369 4249 6494 4250 6369 4254 6432 4249 6494 4254 6432 4253 6370 4249 6494 4249 6494 4253 6370 4252 6371 4252 6371 4258 6372 4257 6495 4258 6372 4256 6433 4257 6495 4257 6495 4256 6433 4255 6373 4255 6373 4265 6374 4261 6496 4265 6374 4264 6434 4261 6496 4264 6434 4848 6375 7521 6435 4271 6377 4262 6497 4263 6436 4270 6437 4272 6498 4271 6377 4269 6438 4270 6437 4839 6378 4269 6438 4267 6379 4268 6499 4268 6499 4267 6379 4266 6380 4266 6380 4274 6439 4273 6500 4277 6501 4274 6439 4843 6381 4844 6382 4277 6501 4843 6381 4833 6440 4276 6502 4844 6382 4971 6316 4832 6503 4833 6440 4836 6441 4832 6503 4971 6316 4835 6504 4836 6441 4972 6383 4828 6505 4972 6383 4955 6442 4955 6442 4956 6384 5050 6506 5050 6506 4956 6384 5079 6443 5094 6444 5079 6443 5093 6317 4961 6507 5094 6444 5049 6319 4816 6445 4815 6508 5049 6319 4817 6509 4816 6445 5048 6320 4818 6510 5048 6320 4819 6446 4819 6446 5047 6321 4820 6447 4821 6385 7511 6511 4820 6447 4821 6385 4825 6448 7512 6512 4825 6448 4824 6386 7512 6512 4824 6386 4823 6449 7515 6513 4823 6449 5045 6322 4822 6514 4862 6450 4865 6515 5045 6322 4863 6451 4862 6450 4861 6387 6298 6326 6601 6516 6297 6452 6603 6453 6601 6516 6298 6326 6605 6454 6603 6453 6586 6327 6607 6388 6606 6517 6605 6454 6609 6329 6608 6455 6607 6388 6610 6330 6634 6456 6608 6455 6636 6389 6635 6518 6634 6456 6638 6390 6637 6519 6636 6389 6640 6391 6639 6520 6638 6390 6642 6392 6641 6521 6640 6391 6644 6393 6643 6522 6642 6392 6646 6394 6645 6523 6644 6393 6648 6457 6647 6524 6646 6394 6353 6395 6649 6525 6648 6457 6353 6395 6352 6332 6351 6458 6325 6396 6326 6526 6351 6458 6326 6526 6325 6396 6324 6459 6358 6527 6324 6459 7357 6268 7363 6397 6355 6528 7357 6268 7363 6397 6377 6398 6366 6460 6368 6336 6367 6529 6366 6460 6368 6336 6371 6461 6372 6530 6690 6399 6689 6531 6371 6461 6704 6400 6703 6532 6690 6399 6508 6462 6510 6533 6704 6400 6502 6337 6500 6534 6508 6462 6503 6463 6501 6535 6502 6337 6503 6463 6504 6401 7559 6464 6504 6401 6505 6402 7559 6464 5816 6404 5694 6536 5815 6403 5817 6465 5693 6537 5816 6404 5798 6466 5817 6465 5797 6339 5779 6467 5798 6466 5778 6340 5780 6538 5779 6467 5760 6405 5761 6539 5760 6405 5741 6406 5742 6540 5741 6406 5722 6407 5723 6541 5722 6407 5703 6408 5704 6542 5703 6408 5632 6410 5637 6468 5704 6542 5632 6410 5638 6411 5645 6469 5637 6468 5948 5334 5644 6543 5645 6469 5648 6470 5646 6544 5948 5334 5648 6470 5652 6412 5647 6545 5652 6412 5651 6472 5647 6545 5647 6545 5651 6472 5649 6413 5649 6413 5708 6473 5647 6545 5709 6346 5728 6474 5708 6473 5729 6347 5748 6475 5728 6474 5749 6348 5768 6476 5748 6475 5769 6349 5788 6477 5768 6476 5789 6350 5808 6478 5788 6477 5809 6414 5828 6546 5808 6478 5810 6415 5829 6547 5809 6414 5830 6416 5829 6547 5810 6415 5679 6417 5680 6548 5830 6416 5176 6549 5679 6417 5177 6418 7476 6479 4617 6550 5177 6418 7475 6480 7476 6479 5178 6351 4621 6551 7475 6480 5172 6352 4624 6481 7477 6552 5172 6352 4624 6481 4623 6419 4622 6482 4626 6420 4622 6482 4623 6419 4717 6421 4724 6553 4622 6482 4718 6483 4725 6554 4717 6421 4719 6555 4718 6483 4711 6422 4712 6556 4711 6422 4704 6423 4705 6557 4704 6423 4643 6424 4645 6558 4643 6424 4644 6484 4799 6485 4644 6484 4642 6354 4800 6486 4799 6485 4760 6356 4802 6559 4800 6486 4757 6357 4805 6560 4757 6357 4804 6487 4804 6487 4803 6359 4763 6488 4764 6426 4763 6488 4762 6425 4766 6489 4765 6561 4764 6426 4980 6360 4767 6562 4766 6489 4979 6364 4770 6490 4980 6360 4770 6490 4241 6428 4242 6563 4245 6366 4244 6492 4243 6491 4247 6493 4244 6492 4246 6367 4251 6431 4247 6493 4248 6430 4249 6494 4247 6493 4251 6431 4257 6495 4249 6494 4252 6371 4261 6496 4264 6434 4260 6564 4259 6565 4263 6436 4262 6497 4272 6498 4262 6497 4271 6377 4268 6499 4272 6498 4270 6437 4270 6437 4269 6438 4268 6499 4273 6500 4268 6499 4266 6380 4274 6439 4277 6501 4273 6500 4276 6502 4277 6501 4844 6382 4275 6566 4276 6502 4833 6440 4833 6440 4832 6503 4279 6567 4832 6503 4836 6441 4283 6568 4836 6441 4835 6504 4283 6568 4972 6383 4834 6569 4835 6504 4828 6505 4827 6570 4972 6383 4831 6571 4828 6505 4955 6442 4808 6572 4955 6442 5050 6506 5079 6443 4961 6507 5050 6506 4961 6507 5079 6443 5094 6444 4814 6573 4961 6507 5049 6319 5049 6319 4815 6508 4814 6573 4816 6445 4299 6574 4815 6508 4817 6509 7507 6575 4816 6445 4818 6510 4817 6509 5048 6320 4819 6446 7508 6576 4818 6510 4820 6447 7510 6577 4819 6446 7511 6511 7510 6577 4820 6447 7512 6512 7511 6511 4821 6385 7512 6512 4824 6386 7515 6513 7515 6513 4823 6449 7513 6578 4823 6449 4822 6514 7513 6578 5045 6322 4865 6515 4822 6514 4862 6450 4863 6451 4865 6515 6603 6453 6602 6579 6601 6516 6605 6454 6604 6580 6603 6453 6606 6517 6604 6580 6605 6454 6608 6455 6606 6517 6607 6388 6634 6456 6632 6581 6608 6455 6635 6518 6633 6582 6634 6456 6637 6519 6635 6518 6636 6389 6639 6520 6637 6519 6638 6390 6641 6521 6639 6520 6640 6391 6643 6522 6641 6521 6642 6392 6645 6523 6643 6522 6644 6393 6647 6524 6645 6523 6646 6394 6649 6525 6647 6524 6648 6457 6326 6526 6649 6525 6353 6395 6351 6458 6326 6526 6353 6395 6324 6459 6357 6583 6326 6526 6358 6527 6357 6583 6324 6459 7357 6268 6356 6584 6358 6527 6355 6528 6356 6584 7357 6268 6365 6585 6355 6528 7363 6397 6366 6460 6367 6529 7363 6397 6369 6586 6367 6529 6368 6336 6373 6587 6368 6336 6372 6530 6372 6530 6371 6461 6370 6588 6371 6461 6689 6531 6688 6589 6690 6399 6703 6532 6689 6531 6704 6400 6510 6533 6703 6532 6510 6533 6508 6462 6509 6590 6508 6462 6500 6534 6507 6591 6502 6337 6501 6535 6500 6534 7559 6464 6501 6535 6503 6463 5693 6537 5694 6536 5816 6404 5692 6592 5693 6537 5817 6465 5818 6593 5817 6465 5798 6466 5799 6594 5798 6466 5779 6467 5780 6538 5799 6594 5779 6467 5761 6539 5780 6538 5760 6405 5742 6540 5761 6539 5741 6406 5723 6541 5742 6540 5722 6407 5704 6542 5723 6541 5703 6408 5705 6595 5704 6542 5637 6468 5645 6469 5644 6543 5637 6468 5641 6596 5644 6543 5948 5334 5646 6544 5640 6597 5948 5334 5648 6470 5647 6545 5646 6544 5708 6473 5707 6598 5647 6545 5728 6474 5727 6599 5708 6473 5748 6475 5747 6600 5728 6474 5768 6476 5767 6601 5748 6475 5788 6477 5787 6602 5768 6476 5808 6478 5807 6603 5788 6477 5828 6546 5827 6604 5808 6478 5829 6547 5828 6546 5809 6414 5830 6416 5680 6548 5829 6547 5680 6548 5679 6417 5176 6549 5177 6418 4617 6550 5176 6549 7476 6479 4616 6605 4617 6550 4621 6551 7474 6606 7475 6480 4625 6607 4621 6551 5172 6352 5172 6352 7477 6552 4625 6607 4622 6482 7474 6606 4624 6481 4724 6553 7474 6606 4622 6482 4725 6554 4724 6553 4717 6421 4726 6608 4725 6554 4718 6483 4719 6555 4726 6608 4718 6483 4712 6556 4719 6555 4711 6422 4705 6557 4712 6556 4704 6423 4646 6609 4705 6557 4643 6424 4646 6609 4643 6424 4645 6558 4645 6558 4644 6484 4799 6485 4801 6610 4799 6485 4800 6486 4800 6486 4802 6559 4774 6611 4802 6559 4757 6357 4805 6560 4805 6560 4804 6487 4765 6561 4765 6561 4804 6487 4763 6488 4765 6561 4763 6488 4764 6426 4767 6562 4765 6561 4766 6489 4769 6612 4767 6562 4980 6360 4980 6360 4770 6490 4981 6613 4407 6614 4770 6490 4242 6563 4243 6491 4242 6563 4241 6428 4244 6492 4242 6563 4243 6491 4405 6615 4244 6492 4247 6493 4478 6616 4247 6493 4249 6494 4470 6617 4249 6494 4257 6495 4261 6496 4260 6564 4259 6565 4272 6498 4454 6618 4262 6497 4447 6619 4272 6498 4268 6499 4441 6620 4268 6499 4273 6500 4277 6501 4276 6502 4273 6500 4273 6500 4276 6502 4275 6566 4279 6567 4275 6566 4833 6440 4279 6567 4832 6503 4283 6568 4283 6568 4835 6504 4281 6621 4835 6504 4834 6569 4281 6621 4827 6570 4834 6569 4972 6383 4828 6505 4286 6622 4827 6570 4828 6505 4831 6571 4289 6623 4831 6571 4955 6442 4830 6624 4829 6625 4955 6442 4808 6572 5050 6506 4809 6626 4808 6572 4961 6507 4811 6627 5050 6506 4813 6628 4961 6507 4814 6573 4815 6508 4300 6629 4814 6573 4299 6574 4300 6629 4815 6508 7507 6575 4299 6574 4816 6445 4818 6510 7507 6575 4817 6509 7508 6576 7507 6575 4818 6510 4819 6446 7509 6630 7508 6576 7510 6577 7509 6630 4819 6446 7513 6578 4822 6514 7514 6631 4822 6514 4865 6515 4826 6632 4865 6515 4863 6451 4864 6633 6604 6580 6602 6579 6603 6453 6606 6517 6277 6634 6604 6580 6608 6455 6632 6581 6606 6517 6634 6456 6633 6582 6632 6581 6635 6518 6650 6635 6633 6582 6637 6519 6652 6636 6635 6518 6639 6520 6654 6637 6637 6519 6641 6521 6656 6638 6639 6520 6643 6522 6658 6639 6641 6521 6645 6523 6660 6640 6643 6522 6647 6524 6662 6641 6645 6523 6649 6525 6664 6642 6647 6524 6326 6526 6666 6643 6649 6525 6357 6583 6666 6643 6326 6526 6358 6527 6356 6584 6357 6583 6357 6583 6356 6584 6355 6528 6365 6585 6363 6644 6355 6528 6364 6645 6365 6585 7363 6397 6367 6529 6369 6586 7363 6397 6369 6586 6368 6336 6373 6587 6373 6587 6372 6530 7363 6397 6372 6530 6370 6588 7363 6397 6371 6461 6374 6646 6370 6588 6371 6461 6688 6589 6361 6647 6689 6531 6687 6648 6688 6589 6703 6532 6702 6649 6689 6531 6510 6533 6512 6650 6703 6532 6511 6651 6510 6533 6509 6590 6509 6590 6508 6462 6507 6591 6507 6591 6500 6534 7558 6652 6500 6534 6501 6535 7559 6464 5694 6536 5693 6537 5200 6653 5693 6537 5692 6592 5198 6654 5818 6593 5692 6592 5817 6465 5799 6594 5818 6593 5798 6466 5800 6655 5799 6594 5780 6538 5781 6656 5780 6538 5761 6539 5762 6657 5761 6539 5742 6540 5743 6658 5742 6540 5723 6541 5724 6659 5723 6541 5704 6542 5705 6595 5724 6659 5704 6542 5642 6660 5705 6595 5637 6468 5637 6468 5644 6543 5642 6660 5643 3419 5644 3419 5641 3419 5640 6597 5641 6596 5948 5334 5646 6544 5639 6661 5640 6597 5647 6545 5639 6661 5646 6544 5647 6545 5707 6598 5639 6661 5708 6473 5727 6599 5707 6598 5728 6474 5747 6600 5727 6599 5748 6475 5767 6601 5747 6600 5768 6476 5787 6602 5767 6601 5788 6477 5807 6603 5787 6602 5808 6478 5827 6604 5807 6603 5828 6546 5684 6662 5827 6604 5829 6547 5681 6663 5828 6546 5680 6548 5681 6663 5829 6547 5175 6664 5680 6548 5176 6549 4617 6550 4618 6665 5176 6549 4618 6665 4617 6550 4616 6605 4621 6551 4625 6607 7474 6606 4625 6607 7477 6552 7474 6606 4725 6554 4732 6666 4724 6553 4726 6608 4733 6667 4725 6554 4727 6668 4726 6608 4719 6555 4720 6669 4719 6555 4712 6556 4713 6670 4712 6556 4705 6557 4706 6671 4705 6557 4646 6609 4647 6672 4646 6609 4645 6558 4801 6610 4645 6558 4799 6485 4801 6610 4800 6486 4775 6673 4775 6673 4800 6486 4774 6611 4774 6611 4802 6559 7505 6674 4806 6675 4802 6559 4805 6560 4768 6676 4805 6560 4765 6561 4768 6676 4765 6561 4767 6562 4769 6612 4768 6676 4767 6562 4981 6613 4769 6612 4980 6360 4770 6490 4771 6677 4981 6613 4768 6676 4770 6490 4407 6614 4244 6492 4407 6614 4242 6563 4405 6615 4408 6678 4244 6492 4478 6616 4405 6615 4247 6493 4470 6617 4478 6616 4249 6494 4462 6679 4470 6617 4257 6495 4454 6618 4261 6496 4262 6497 4455 6680 4454 6618 4272 6498 4447 6619 4455 6680 4272 6498 4441 6620 4447 6619 4268 6499 4435 6681 4441 6620 4273 6500 4278 6682 4273 6500 4275 6566 4275 6566 4279 6567 4278 6682 4283 6568 4278 6682 4279 6567 4283 6568 4281 6621 4282 6683 4281 6621 4834 6569 4280 6684 4834 6569 4827 6570 4280 6684 4827 6570 4286 6622 4428 6685 4286 6622 4828 6505 4285 6686 4285 6686 4828 6505 4289 6623 4289 6623 4831 6571 4288 6687 4831 6571 4830 6624 4288 6687 4955 6442 4829 6625 4830 6624 4287 6688 4829 6625 4808 6572 4809 6626 4294 6689 4808 6572 4810 6690 4809 6626 5050 6506 5050 6506 4811 6627 4810 6690 4811 6627 4961 6507 4812 6691 4961 6507 4813 6628 4812 6691 4814 6573 4295 6692 4813 6628 4300 6629 4295 6692 4814 6573 4301 6693 4300 6629 4299 6574 4822 6514 7516 6694 7514 6631 4826 6632 7517 6695 4822 6514 4865 6515 4864 6633 4826 6632 4863 6451 4745 6696 4864 6633 6604 6580 6275 6697 6602 6579 6277 6634 6275 6697 6604 6580 6632 6581 6277 6634 6606 6517 6633 6582 6631 6698 6632 6581 6650 6635 6292 6699 6633 6582 6652 6636 6650 6635 6635 6518 6654 6637 6652 6636 6637 6519 6656 6638 6654 6637 6639 6520 6658 6639 6656 6638 6641 6521 6660 6640 6658 6639 6643 6522 6662 6641 6660 6640 6645 6523 6664 6642 6662 6641 6647 6524 6666 6643 6664 6642 6649 6525 6357 6583 6667 6700 6666 6643 6355 6528 6363 6644 6357 6583 6365 6585 6364 6645 6363 6644 7363 6397 6362 6701 6364 6645 7363 6397 6369 6586 6373 6587 7363 6397 6370 6588 6374 6646 6375 6702 6374 6646 6371 6461 6359 6703 6371 6461 6361 6647 6361 6647 6688 6589 6363 6644 6688 6589 6687 6648 6686 6704 6689 6531 6702 6649 6687 6648 6703 6532 6512 6650 6702 6649 6510 6533 6513 6705 6512 6650 6511 6651 6516 6706 6510 6533 7558 6652 6511 6651 6509 6590 6509 6590 6507 6591 7558 6652 7558 6652 6500 6534 7559 6464 5199 6707 5694 6536 5200 6653 5200 6653 5693 6537 5198 6654 5198 6654 5692 6592 5197 6708 5689 6709 5692 6592 5818 6593 5819 6710 5818 6593 5799 6594 5800 6655 5819 6710 5799 6594 5781 6656 5800 6655 5780 6538 5762 6657 5781 6656 5761 6539 5743 6658 5762 6657 5742 6540 5724 6659 5743 6658 5723 6541 5725 6711 5724 6659 5705 6595 5706 6712 5705 6595 5642 6660 5644 6543 5643 6713 5642 6660 5642 6660 5643 6713 5641 6596 5641 6596 5640 6597 5639 6661 5707 6598 5706 6712 5639 6661 5727 6599 5726 6714 5707 6598 5747 6600 5746 6715 5727 6599 5767 6601 5766 6716 5747 6600 5787 6602 5786 6717 5767 6601 5807 6603 5806 6718 5787 6602 5827 6604 5826 6719 5807 6603 5684 6662 5683 6720 5827 6604 5681 6663 5684 6662 5828 6546 5681 6663 5680 6548 5175 6664 5176 6549 4619 6721 5175 6664 5176 6549 4618 6665 4619 6721 4732 6666 4731 6722 4724 6553 4733 6667 4732 6666 4725 6554 4734 6723 4733 6667 4726 6608 4727 6668 4734 6723 4726 6608 4720 6669 4727 6668 4719 6555 4713 6670 4720 6669 4712 6556 4706 6671 4713 6670 4705 6557 4649 6724 4706 6671 4646 6609 4648 6725 4646 6609 4647 6672 4647 6672 4645 6558 4795 6726 4798 6727 4645 6558 4801 6610 4798 6727 4801 6610 4775 6673 4775 6673 4774 6611 4773 6728 4807 6729 4802 6559 4806 6675 4806 6675 4805 6560 4768 6676 4769 6612 4772 6730 4768 6676 4772 6730 4769 6612 4981 6613 4981 6613 4771 6677 4772 6730 4408 6678 4768 6676 4407 6614 4408 6678 4407 6614 4244 6492 4409 6731 4408 6678 4405 6615 4403 6732 4405 6615 4478 6616 4479 6733 4478 6616 4470 6617 4471 6734 4470 6617 4462 6679 4462 6679 4257 6495 4261 6496 4454 6618 4462 6679 4261 6496 4455 6680 4463 6735 4454 6618 4456 6736 4455 6680 4447 6619 4448 6737 4447 6619 4441 6620 4442 6738 4441 6620 4435 6681 4435 6681 4273 6500 4278 6682 4282 6683 4278 6682 4283 6568 4282 6683 4281 6621 4280 6684 4280 6684 4827 6570 4428 6685 4428 6685 4286 6622 4282 6683 4286 6622 4285 6686 4284 6739 4285 6686 4289 6623 4284 6739 4289 6623 4288 6687 4284 6739 4288 6687 4830 6624 4287 6688 4830 6624 4829 6625 4287 6688 4808 6572 4294 6689 4287 6688 4293 6740 4294 6689 4809 6626 4810 6690 4293 6740 4809 6626 4811 6627 4291 6741 4810 6690 4812 6691 7506 6742 4811 6627 4813 6628 4296 6743 4812 6691 4295 6692 4296 6743 4813 6628 4295 6692 4300 6629 4301 6693 4299 6574 4412 6744 4301 6693 7517 6695 7516 6694 4822 6514 7518 6745 7517 6695 4826 6632 4826 6632 4864 6633 4746 6746 4864 6633 4745 6696 4746 6746 6277 6634 6276 6747 6275 6697 6632 6581 6631 6698 6277 6634 6633 6582 6292 6699 6631 6698 6650 6635 6295 6748 6292 6699 6652 6636 6651 6749 6650 6635 6654 6637 6653 6750 6652 6636 6656 6638 6655 6751 6654 6637 6658 6639 6657 6752 6656 6638 6660 6640 6659 6753 6658 6639 6662 6641 6661 6754 6660 6640 6664 6642 6663 6755 6662 6641 6666 6643 6665 6756 6664 6642 6667 6700 6665 6756 6666 6643 6363 6644 6667 6700 6357 6583 6364 6645 6362 6701 6363 6644 6360 6757 6362 6701 7363 6397 6374 6646 6375 6702 7363 6397 6376 6758 6375 6702 6371 6461 6376 6758 6371 6461 6359 6703 6361 6647 6360 6757 6359 6703 6363 6644 6362 6701 6361 6647 6688 6589 6686 6704 6363 6644 6687 6648 6685 6759 6686 6704 6702 6649 6701 6760 6687 6648 6512 6650 6519 6761 6702 6649 6513 6705 6521 6762 6512 6650 6514 6763 6513 6705 6510 6533 6516 6706 6515 6764 6510 6533 6516 6706 6511 6651 7558 6652 5200 6653 7539 6765 5199 6707 5198 6654 7540 6766 5200 6653 5198 6654 5197 6708 7537 6767 5692 6592 5689 6709 5197 6708 5819 6710 5689 6709 5818 6593 5820 6768 5819 6710 5800 6655 5801 6769 5800 6655 5781 6656 5782 6770 5781 6656 5762 6657 5763 6771 5762 6657 5743 6658 5744 6772 5743 6658 5724 6659 5725 6711 5744 6772 5724 6659 5706 6712 5725 6711 5705 6595 5639 6661 5706 6712 5642 6660 5642 6660 5641 6596 5639 6661 5707 6598 5726 6714 5706 6712 5727 6599 5746 6715 5726 6714 5747 6600 5766 6716 5746 6715 5767 6601 5786 6717 5766 6716 5787 6602 5806 6718 5786 6717 5807 6603 5826 6719 5806 6718 5827 6604 5683 6720 5826 6719 5684 6662 5182 6773 5683 6720 5681 6663 5181 6774 5684 6662 5180 6775 5681 6663 5175 6664 4619 6721 4615 6776 5175 6664 4724 6553 4731 6722 4620 6777 4732 6666 4739 6778 4731 6722 4733 6667 4740 6779 4732 6666 4734 6723 4741 6780 4733 6667 4735 6781 4734 6723 4727 6668 4728 6782 4727 6668 4720 6669 4721 6783 4720 6669 4713 6670 4714 6784 4713 6670 4706 6671 4707 6785 4706 6671 4649 6724 4649 6724 4646 6609 4648 6725 4648 6725 4647 6672 4795 6726 4795 6726 4645 6558 4797 6786 4645 6558 4798 6727 4797 6786 4798 6727 4775 6673 4797 6786 4773 6728 4402 6787 4775 6673 4807 6729 4806 6675 4406 6788 4408 6678 4806 6675 4768 6676 4772 6730 4771 6677 4768 6676 4409 6731 4806 6675 4408 6678 4406 6788 4409 6731 4405 6615 4405 6615 4403 6732 4404 6789 4479 6733 4403 6732 4478 6616 4471 6734 4479 6733 4470 6617 4463 6735 4471 6734 4462 6679 4463 6735 4462 6679 4454 6618 4464 6790 4463 6735 4455 6680 4456 6736 4464 6790 4455 6680 4448 6737 4456 6736 4447 6619 4442 6738 4448 6737 4441 6620 4436 6791 4442 6738 4435 6681 4429 6792 4435 6681 4278 6682 4429 6792 4278 6682 4282 6683 4280 6684 4428 6685 4282 6683 4282 6683 4286 6622 4427 6793 4286 6622 4284 6739 4427 6793 4284 6739 4288 6687 4287 6688 4287 6688 4294 6689 4292 6794 4294 6689 4293 6740 4292 6794 4291 6741 4293 6740 4810 6690 7506 6742 4291 6741 4811 6627 4812 6691 4298 6795 7506 6742 4296 6743 4298 6795 4812 6691 4297 6796 4296 6743 4295 6692 4301 6693 4297 6796 4295 6692 4412 6744 4309 6797 4301 6693 4746 6746 7518 6745 4826 6632 7480 6798 4746 6746 4745 6696 6277 6634 6630 6799 6276 6747 6631 6698 6630 6799 6277 6634 6292 6699 6290 6800 6631 6698 6295 6748 6293 6801 6292 6699 6651 6749 6295 6748 6650 6635 6653 6750 6651 6749 6652 6636 6655 6751 6653 6750 6654 6637 6657 6752 6655 6751 6656 6638 6659 6753 6657 6752 6658 6639 6661 6754 6659 6753 6660 6640 6663 6755 6661 6754 6662 6641 6665 6756 6663 6755 6664 6642 6667 6700 6684 6802 6665 6756 6363 6644 6686 6704 6667 6700 6362 6701 6360 6757 6361 6647 7363 6397 6359 6703 6360 6757 6375 6702 6376 6758 7363 6397 6376 6758 6359 6703 7363 6397 6686 6704 6685 6759 6684 6802 6687 6648 6701 6760 6685 6759 6702 6649 6519 6761 6701 6760 6512 6650 6520 6803 6519 6761 6521 6762 6520 6803 6512 6650 7557 6804 6521 6762 6513 6705 7557 6804 6513 6705 6514 6763 6510 6533 6515 6764 6514 6763 6515 6764 6516 6706 7557 6804 7557 6804 6516 6706 7558 6652 7540 6766 7539 6765 5200 6653 7541 6805 7540 6766 5198 6654 7538 6806 5198 6654 7537 6767 7537 6767 5197 6708 7536 6807 5197 6708 5689 6709 5192 6808 5690 6809 5689 6709 5819 6710 5820 6768 5690 6809 5819 6710 5801 6769 5820 6768 5800 6655 5782 6770 5801 6769 5781 6656 5763 6771 5782 6770 5762 6657 5744 6772 5763 6771 5743 6658 5745 6810 5744 6772 5725 6711 5726 6714 5725 6711 5706 6712 5746 6715 5745 6810 5726 6714 5766 6716 5765 6811 5746 6715 5786 6717 5785 6812 5766 6716 5806 6718 5805 6813 5786 6717 5826 6719 5825 6814 5806 6718 5683 6720 5682 6815 5826 6719 5182 6773 5185 6816 5683 6720 5181 6774 5182 6773 5684 6662 5179 6817 5181 6774 5681 6663 5180 6775 5179 6817 5681 6663 5175 6664 4611 6818 5180 6775 4615 6776 4611 6818 5175 6664 4615 6776 4619 6721 4614 6819 4731 6722 4616 6605 4620 6777 4739 6778 4738 6820 4731 6722 4740 6779 4739 6778 4732 6666 4741 6780 4740 6779 4733 6667 4742 6821 4741 6780 4734 6723 4735 6781 4742 6821 4734 6723 4728 6782 4735 6781 4727 6668 4721 6783 4728 6782 4720 6669 4714 6784 4721 6783 4713 6670 4707 6785 4714 6784 4706 6671 4652 6822 4707 6785 4649 6724 4650 6823 4649 6724 4648 6725 4648 6725 4795 6726 4796 6824 4797 6786 4777 6825 4795 6726 4775 6673 4777 6825 4797 6786 4402 6787 4401 6826 4775 6673 4404 6789 4402 6787 4773 6728 4406 6788 4806 6675 4409 6731 4768 6676 4771 6677 7503 6827 4406 6788 4405 6615 4404 6789 4404 6789 4403 6732 4402 6787 4400 6828 4403 6732 4479 6733 4480 6829 4479 6733 4471 6734 4472 6830 4471 6734 4463 6735 4464 6790 4472 6830 4463 6735 4465 6831 4464 6790 4456 6736 4457 6832 4456 6736 4448 6737 4449 6833 4448 6737 4442 6738 4443 6834 4442 6738 4436 6791 4436 6791 4435 6681 4429 6792 4427 6793 4429 6792 4282 6683 4427 6793 4284 6739 4426 6835 4292 6794 4284 6739 4287 6688 4292 6794 4293 6740 4291 6741 4298 6795 4296 6743 4297 6796 4413 6836 4297 6796 4301 6693 4301 6693 4309 6797 4411 6837 7519 6838 7518 6745 4746 6746 7480 6798 7519 6838 4746 6746 6631 6698 6290 6800 6630 6799 6292 6699 6291 6839 6290 6800 6292 6699 6293 6801 6291 6839 6295 6748 6294 6840 6293 6801 6651 6749 6669 6841 6295 6748 6653 6750 6670 6842 6651 6749 6655 6751 6672 6843 6653 6750 6657 6752 6674 6844 6655 6751 6659 6753 6676 6845 6657 6752 6661 6754 6678 6846 6659 6753 6663 6755 6680 6847 6661 6754 6665 6756 6682 6848 6663 6755 6684 6802 6682 6848 6665 6756 6686 6704 6684 6802 6667 6700 6685 6759 6683 6849 6684 6802 6701 6760 6700 6850 6685 6759 6519 6761 6523 6851 6701 6760 6520 6803 6518 6852 6519 6761 6520 6803 6521 6762 7557 6804 6514 6763 6515 6764 7557 6804 7538 6806 7541 6805 5198 6654 5197 6708 5192 6808 7536 6807 5689 6709 5193 6853 5192 6808 5690 6809 5194 6854 5689 6709 5691 6855 5690 6809 5820 6768 5821 6856 5820 6768 5801 6769 5802 6857 5801 6769 5782 6770 5783 6858 5782 6770 5763 6771 5764 6859 5763 6771 5744 6772 5745 6810 5764 6859 5744 6772 5726 6714 5745 6810 5725 6711 5746 6715 5765 6811 5745 6810 5766 6716 5785 6812 5765 6811 5786 6717 5805 6813 5785 6812 5806 6718 5825 6814 5805 6813 5826 6719 5682 6815 5825 6814 5683 6720 5185 6816 5682 6815 5182 6773 4603 6860 5185 6816 5182 6773 5181 6774 4610 6861 5181 6774 5179 6817 4608 6862 5180 6775 4612 6863 5179 6817 4611 6818 4612 6863 5180 6775 4611 6818 4615 6776 4614 6819 4614 6819 4619 6721 7473 6864 4731 6722 4738 6820 4616 6605 4739 6778 4682 6865 4738 6820 4740 6779 4684 6866 4739 6778 4741 6780 4686 6867 4740 6779 4742 6821 4688 6868 4741 6780 4743 6869 4742 6821 4735 6781 4736 6870 4735 6781 4728 6782 4729 6871 4728 6782 4721 6783 4722 6872 4721 6783 4714 6784 4715 6873 4714 6784 4707 6785 4708 6874 4707 6785 4652 6822 4652 6822 4649 6724 4651 6875 4650 6823 4648 6725 4793 6876 4793 6876 4648 6725 4796 6824 4796 6824 4795 6726 4754 6877 4777 6825 4776 6878 4795 6726 4775 6673 4401 6826 4777 6825 4402 6787 4400 6828 4401 6826 4406 6788 4404 6789 4773 6728 4403 6732 4400 6828 4402 6787 4480 6829 4400 6828 4479 6733 4472 6830 4480 6829 4471 6734 4473 6879 4472 6830 4464 6790 4465 6831 4473 6879 4464 6790 4457 6832 4465 6831 4456 6736 4449 6833 4457 6832 4448 6737 4443 6834 4449 6833 4442 6738 4437 6880 4443 6834 4436 6791 4430 6881 4436 6791 4429 6792 4430 6881 4429 6792 4427 6793 4426 6835 4430 6881 4427 6793 4284 6739 4419 6882 4426 6835 4419 6882 4284 6739 4292 6794 4292 6794 4291 6741 4290 6883 4297 6796 4415 6884 4298 6795 4413 6836 4416 6885 4297 6796 4411 6837 4413 6836 4301 6693 4309 6797 4304 6886 4411 6837 6295 6748 6668 6887 6294 6840 6669 6841 6668 6887 6295 6748 6670 6842 6669 6841 6651 6749 6672 6843 6670 6842 6653 6750 6674 6844 6672 6843 6655 6751 6676 6845 6674 6844 6657 6752 6678 6846 6676 6845 6659 6753 6680 6847 6678 6846 6661 6754 6682 6848 6680 6847 6663 6755 6684 6802 6683 6849 6682 6848 6685 6759 6700 6850 6683 6849 6701 6760 6523 6851 6700 6850 6523 6851 6519 6761 6522 6888 6519 6761 6518 6852 6517 6889 6518 6852 6520 6803 7555 6890 7555 6890 6520 6803 7557 6804 7536 6807 5192 6808 7528 6891 5193 6853 7529 6892 5192 6808 5194 6854 5193 6853 5689 6709 5195 6893 5194 6854 5690 6809 5691 6855 5195 6893 5690 6809 5821 6856 5691 6855 5820 6768 5802 6857 5821 6856 5801 6769 5783 6858 5802 6857 5782 6770 5764 6859 5783 6858 5763 6771 5765 6811 5764 6859 5745 6810 5785 6812 5784 6894 5765 6811 5805 6813 5804 6895 5785 6812 5825 6814 5824 6896 5805 6813 5682 6815 5685 6897 5825 6814 5185 6816 5184 6898 5682 6815 4603 6860 4597 6899 5185 6816 4601 6900 4603 6860 5182 6773 4600 6901 5182 6773 4610 6861 4610 6861 5181 6774 4608 6862 4608 6862 5179 6817 4604 6902 4612 6863 4613 6903 5179 6817 4607 6904 4612 6863 4611 6818 4616 6605 4614 6819 7473 6864 4738 6820 4614 6819 4616 6605 4682 6865 4605 6905 4738 6820 4684 6866 4682 6865 4739 6778 4686 6867 4684 6866 4740 6779 4688 6868 4686 6867 4741 6780 4690 6906 4688 6868 4742 6821 4743 6869 4690 6906 4742 6821 4736 6870 4743 6869 4735 6781 4729 6871 4736 6870 4728 6782 4722 6872 4729 6871 4721 6783 4715 6873 4722 6872 4714 6784 4708 6874 4715 6873 4707 6785 4655 6907 4708 6874 4652 6822 4653 6908 4652 6822 4651 6875 4651 6875 4649 6724 7478 6909 4794 6910 4650 6823 4793 6876 4793 6876 4796 6824 4754 6877 4795 6726 4776 6878 4754 6877 4777 6825 4399 6911 4776 6878 4401 6826 4399 6911 4777 6825 4401 6826 4400 6828 4399 6911 4396 6912 4400 6828 4480 6829 4481 6913 4480 6829 4472 6830 4473 6879 4481 6913 4472 6830 4474 6914 4473 6879 4465 6831 4466 6915 4465 6831 4457 6832 4458 6916 4457 6832 4449 6833 4450 6917 4449 6833 4443 6834 4444 6918 4443 6834 4437 6880 4437 6880 4436 6791 4430 6881 4431 6919 4430 6881 4426 6835 4426 6835 4419 6882 4425 6920 4415 6884 4419 6882 4292 6794 4298 6795 4292 6794 4290 6883 4415 6884 4292 6794 4298 6795 4416 6885 4415 6884 4297 6796 4417 6921 4416 6885 4413 6836 4414 6922 4413 6836 4411 6837 4411 6837 4304 6886 4410 6923 4309 6797 4308 6924 4304 6886 6669 6841 6287 6925 6668 6887 6670 6842 6289 6926 6669 6841 6672 6843 6671 6927 6670 6842 6674 6844 6673 6928 6672 6843 6676 6845 6675 6929 6674 6844 6678 6846 6677 6930 6676 6845 6680 6847 6679 6931 6678 6846 6682 6848 6681 6932 6680 6847 6683 6849 6681 6932 6682 6848 6700 6850 6699 6933 6683 6849 6523 6851 6525 6934 6700 6850 6524 6935 6523 6851 6522 6888 6522 6888 6519 6761 6517 6889 6517 6889 6518 6852 7555 6890 5192 6808 7527 6936 7528 6891 7529 6892 7527 6936 5192 6808 7530 6937 7529 6892 5193 6853 5194 6854 7530 6937 5193 6853 5195 6893 7532 6938 5194 6854 5196 6939 5195 6893 5691 6855 5688 6940 5691 6855 5821 6856 5822 6941 5821 6856 5802 6857 5803 6942 5802 6857 5783 6858 5784 6894 5783 6858 5764 6859 5765 6811 5784 6894 5764 6859 5785 6812 5804 6895 5784 6894 5805 6813 5824 6896 5804 6895 5825 6814 5685 6897 5824 6896 5685 6897 5682 6815 5186 6943 5682 6815 5184 6898 5183 6944 5185 6816 4598 6945 5184 6898 5185 6816 4597 6899 4598 6945 4597 6899 4603 6860 4602 6946 4603 6860 4601 6900 4602 6946 4600 6901 4601 6900 5182 6773 4600 6901 4610 6861 4609 6947 4610 6861 4608 6862 4609 6947 4609 6947 4608 6862 4604 6902 4606 6948 4604 6902 5179 6817 5179 6817 4613 6903 4606 6948 4613 6903 4612 6863 4607 6904 4738 6820 4605 6905 4614 6819 4682 6865 4681 6949 4605 6905 4684 6866 4683 6950 4682 6865 4686 6867 4685 6951 4684 6866 4688 6868 4687 6952 4686 6867 4690 6906 4689 6953 4688 6868 4691 6954 4690 6906 4743 6869 4744 6955 4743 6869 4736 6870 4737 6956 4736 6870 4729 6871 4730 6957 4729 6871 4722 6872 4723 6958 4722 6872 4715 6873 4716 6959 4715 6873 4708 6874 4709 6960 4708 6874 4655 6907 4655 6907 4652 6822 4654 6961 4654 6961 4652 6822 4653 6908 4653 6908 4651 6875 4790 6962 4651 6875 4650 6823 4794 6910 4794 6910 4793 6876 4778 6963 4793 6876 4754 6877 4779 6964 4776 6878 4395 6965 4754 6877 4399 6911 4394 6966 4776 6878 4400 6828 4396 6912 4399 6911 4481 6913 4396 6912 4480 6829 4482 6967 4481 6913 4473 6879 4474 6914 4482 6967 4473 6879 4466 6915 4474 6914 4465 6831 4458 6916 4466 6915 4457 6832 4450 6917 4458 6916 4449 6833 4444 6918 4450 6917 4443 6834 4438 6968 4444 6918 4437 6880 4431 6919 4437 6880 4430 6881 4425 6920 4431 6919 4426 6835 4419 6882 4420 6969 4425 6920 4420 6969 4419 6882 4415 6884 4416 6885 4420 6969 4415 6884 4417 6921 4421 6970 4416 6885 4414 6922 4417 6921 4413 6836 4410 6923 4414 6922 4411 6837 4304 6886 4321 6971 4410 6923 4308 6924 4307 6972 4304 6886 6289 6926 6287 6925 6669 6841 6671 6927 6289 6926 6670 6842 6673 6928 6671 6927 6672 6843 6675 6929 6673 6928 6674 6844 6677 6930 6675 6929 6676 6845 6679 6931 6677 6930 6678 6846 6681 6932 6679 6931 6680 6847 6683 6849 6699 6933 6681 6932 6700 6850 6525 6934 6699 6933 6523 6851 6526 6973 6525 6934 6524 6935 6527 6974 6523 6851 6524 6935 6522 6888 7555 6890 7555 6890 6522 6888 6517 6889 5194 6854 7531 6975 7530 6937 7532 6938 7531 6975 5194 6854 7533 6976 7532 6938 5195 6893 5196 6939 7533 6976 5195 6893 5688 6940 5196 6939 5691 6855 5822 6941 5688 6940 5821 6856 5803 6942 5822 6941 5802 6857 5784 6894 5803 6942 5783 6858 5804 6895 5803 6942 5784 6894 5824 6896 5823 6977 5804 6895 5685 6897 5686 6978 5824 6896 5189 6979 5685 6897 5186 6943 5186 6943 5682 6815 5183 6944 5184 6898 4599 6980 5183 6944 4598 6945 4599 6980 5184 6898 4592 6981 4598 6945 4597 6899 4602 6946 4592 6981 4597 6899 4602 6946 4601 6900 4600 6901 4609 6947 4602 6946 4600 6901 4605 6905 4609 6947 4604 6902 4606 6948 4605 6905 4604 6902 4605 6905 4607 6904 4614 6819 4681 6949 4609 6947 4605 6905 4683 6950 4681 6949 4682 6865 4685 6951 4683 6950 4684 6866 4687 6952 4685 6951 4686 6867 4689 6953 4687 6952 4688 6868 4665 6982 4689 6953 4690 6906 4691 6954 4665 6982 4690 6906 4744 6955 4691 6954 4743 6869 4737 6956 4744 6955 4736 6870 4730 6957 4737 6956 4729 6871 4723 6958 4730 6957 4722 6872 4716 6959 4723 6958 4715 6873 4709 6960 4716 6959 4708 6874 4658 6983 4709 6960 4655 6907 4656 6984 4655 6907 4654 6961 4654 6961 4653 6908 4791 6985 4791 6985 4653 6908 4790 6962 4790 6962 4651 6875 4789 6986 4789 6986 4651 6875 4794 6910 4789 6986 4794 6910 4778 6963 4778 6963 4793 6876 4779 6964 4779 6964 4754 6877 4398 6987 4754 6877 4395 6965 4397 6988 4776 6878 4394 6966 4395 6965 4399 6911 4396 6912 4394 6966 4392 6989 4396 6912 4481 6913 4482 6967 4392 6989 4481 6913 4483 6990 4482 6967 4474 6914 4475 6991 4474 6914 4466 6915 4467 6992 4466 6915 4458 6916 4459 6993 4458 6916 4450 6917 4451 6994 4450 6917 4444 6918 4445 6995 4444 6918 4438 6968 4438 6968 4437 6880 4431 6919 4432 6996 4431 6919 4425 6920 4425 6920 4420 6969 4424 6997 4421 6970 4420 6969 4416 6885 4422 6998 4421 6970 4417 6921 4418 6999 4417 6921 4414 6922 4328 7000 4414 6922 4410 6923 4410 6923 4321 6971 4324 7001 4321 6971 4304 6886 4305 7002 4304 6886 4307 6972 4303 7003 6289 6926 6288 7004 6287 6925 6671 6927 6693 7005 6289 6926 6673 6928 6694 7006 6671 6927 6675 6929 6695 7007 6673 6928 6677 6930 6696 7008 6675 6929 6679 6931 6697 7009 6677 6930 6681 6932 6698 7010 6679 6931 6699 6933 6698 7010 6681 6932 6525 6934 6530 7011 6699 6933 6526 6973 6532 7012 6525 6934 6527 6974 6526 6973 6523 6851 6527 6974 6524 6935 7555 6890 7534 7013 7533 6976 5196 6939 5190 7014 5196 6939 5688 6940 5687 7015 5688 6940 5822 6941 5823 6977 5822 6941 5803 6942 5804 6895 5823 6977 5803 6942 5824 6896 5686 6978 5823 6977 5686 6978 5685 6897 5189 6979 5186 6943 7524 7016 5189 6979 5186 6943 5183 6944 4594 7017 4599 6980 4593 7018 5183 6944 4599 6980 4598 6945 4592 6981 4698 7019 4592 6981 4602 6946 4692 7020 4602 6946 4609 6947 4607 6904 4605 6905 4606 6948 4681 6949 4692 7020 4609 6947 4683 6950 4693 7021 4681 6949 4685 6951 4694 7022 4683 6950 4687 6952 4695 7023 4685 6951 4689 6953 4696 7024 4687 6952 4665 6982 4516 7025 4689 6953 4486 7026 4665 6982 4691 6954 4508 7027 4691 6954 4744 6955 4505 7028 4744 6955 4737 6956 4502 7029 4737 6956 4730 6957 4500 7030 4730 6957 4723 6958 4495 7031 4723 6958 4716 6959 4492 7032 4716 6959 4709 6960 4489 7033 4709 6960 4658 6983 4658 6983 4655 6907 4657 7034 4657 7034 4655 6907 4656 6984 4654 6961 4786 7035 4656 6984 4792 7036 4654 6961 4791 6985 4791 6985 4790 6962 4778 6963 4778 6963 4790 6962 4789 6986 4779 6964 4393 7037 4778 6963 4398 6987 4393 7037 4779 6964 4754 6877 4397 6988 4398 6987 4397 6988 4395 6965 4396 6912 4396 6912 4395 6965 4394 6966 4392 6989 4397 6988 4396 6912 4389 7038 4392 6989 4482 6967 4483 6990 4389 7038 4482 6967 4475 6991 4483 6990 4474 6914 4467 6992 4475 6991 4466 6915 4459 6993 4467 6992 4458 6916 4451 6994 4459 6993 4450 6917 4445 6995 4451 6994 4444 6918 4439 7039 4445 6995 4438 6968 4432 6996 4438 6968 4431 6919 4424 6997 4432 6996 4425 6920 4420 6969 4421 6970 4424 6997 4421 6970 4422 6998 4423 7040 4418 6999 4422 6998 4417 6921 4328 7000 4418 6999 4414 6922 4324 7001 4328 7000 4410 6923 4321 6971 4319 7041 4324 7001 4237 7042 4321 6971 4305 7002 4305 7002 4304 6886 4302 7043 4304 6886 4303 7003 4302 7043 6289 6926 6692 7044 6288 7004 6693 7005 6692 7044 6289 6926 6694 7006 6693 7005 6671 6927 6695 7007 6694 7006 6673 6928 6696 7008 6695 7007 6675 6929 6697 7009 6696 7008 6677 6930 6698 7010 6697 7009 6679 6931 6699 6933 6530 7011 6698 7010 6525 6934 6531 7045 6530 7011 6532 7012 6531 7045 6525 6934 7555 6890 6532 7012 6526 6973 6526 6973 6527 6974 7555 6890 5190 7014 7534 7013 5196 6939 5191 7046 5190 7014 5688 6940 5688 6940 5687 7015 5187 7047 5823 6977 5687 7015 5822 6941 5686 6978 5687 7015 5823 6977 5188 7048 5686 6978 5189 6979 7524 7016 7523 7049 5189 6979 4596 7050 7524 7016 5186 6943 4595 7051 5186 6943 4594 7017 4594 7017 5183 6944 4593 7018 4593 7018 4599 6980 4592 6981 4698 7019 4670 7052 4592 6981 4692 7020 4698 7019 4602 6946 4693 7021 4692 7020 4681 6949 4694 7022 4693 7021 4683 6950 4695 7023 4694 7022 4685 6951 4696 7024 4695 7023 4687 6952 4516 7025 4696 7024 4689 6953 4517 7053 4516 7025 4665 6982 4665 6982 4486 7026 4511 7054 4508 7027 4486 7026 4691 6954 4505 7028 4508 7027 4744 6955 4502 7029 4505 7028 4737 6956 4500 7030 4502 7029 4730 6957 4495 7031 4500 7030 4723 6958 4492 7032 4495 7031 4716 6959 4489 7033 4492 7032 4709 6960 4661 7055 4489 7033 4658 6983 4659 7056 4658 6983 4657 7034 4656 6984 4787 7057 4657 7034 4786 7035 4787 7057 4656 6984 4751 7058 4786 7035 4654 6961 4792 7036 4751 7058 4654 6961 4792 7036 4791 6985 4753 7059 4753 7059 4791 6985 4778 6963 4393 7037 4391 7060 4778 6963 4393 7037 4398 6987 4392 6989 4398 6987 4397 6988 4392 6989 4392 6989 4389 7038 4391 7060 4385 7061 4389 7038 4483 6990 4484 7062 4483 6990 4475 6991 4476 7063 4475 6991 4467 6992 4468 7064 4467 6992 4459 6993 4460 7065 4459 6993 4451 6994 4452 7066 4451 6994 4445 6995 4446 7067 4445 6995 4439 7039 4439 7039 4438 6968 4432 6996 4433 7068 4432 6996 4424 6997 4424 6997 4421 6970 4423 7040 4423 7040 4422 6998 4340 7069 4338 7070 4422 6998 4418 6999 4334 7071 4418 6999 4328 7000 4327 7072 4328 7000 4324 7001 4324 7001 4319 7041 4326 7073 4321 6971 4320 7074 4319 7041 4323 7075 4321 6971 4237 7042 4305 7002 4236 7076 4237 7042 4302 7043 4306 7077 4305 7002 6693 7005 6284 7078 6692 7044 6694 7006 6286 7079 6693 7005 6695 7007 6545 7080 6694 7006 6696 7008 6540 7081 6695 7007 6697 7009 6538 7082 6696 7008 6698 7010 6533 7083 6697 7009 6530 7011 6533 7083 6698 7010 6531 7045 6529 7084 6530 7011 6531 7045 6532 7012 7555 6890 7535 7085 7534 7013 5190 7014 5191 7046 4582 7086 5190 7014 5191 7046 5688 6940 5187 7047 5187 7047 5687 7015 5188 7048 5687 7015 5686 6978 5188 7048 5189 6979 7523 7049 5188 7048 4595 7051 4596 7050 5186 6943 4589 7087 4595 7051 4594 7017 4594 7017 4593 7018 4592 6981 4670 7052 4589 7087 4592 6981 4672 7088 4670 7052 4698 7019 4699 7089 4698 7019 4692 7020 4693 7021 4699 7089 4692 7020 4694 7022 4700 7090 4693 7021 4695 7023 4701 7091 4694 7022 4696 7024 4702 7092 4695 7023 4516 7025 4518 7093 4696 7024 4517 7053 4515 7094 4516 7025 4513 7095 4517 7053 4665 6982 4513 7095 4665 6982 4511 7054 4511 7054 4486 7026 4487 7096 4488 7097 4486 7026 4508 7027 4510 7098 4508 7027 4505 7028 4507 7099 4505 7028 4502 7029 4504 7100 4502 7029 4500 7030 4501 7101 4500 7030 4495 7031 4497 7102 4495 7031 4492 7032 4494 7103 4492 7032 4489 7033 4491 7104 4489 7033 4661 7055 4661 7055 4658 6983 4660 7105 4660 7105 4658 6983 4659 7056 4657 7034 4788 7106 4659 7056 4787 7057 4788 7106 4657 7034 4787 7057 4786 7035 4752 7107 4752 7107 4786 7035 4751 7058 4751 7058 4792 7036 4753 7059 4778 6963 4390 7108 4753 7059 4391 7060 4390 7108 4778 6963 4393 7037 4392 6989 4391 7060 4391 7060 4389 7038 4390 7108 4389 7038 4385 7061 4388 7109 4484 7062 4385 7061 4483 6990 4476 7063 4484 7062 4475 6991 4468 7064 4476 7063 4467 6992 4460 7065 4468 7064 4459 6993 4452 7066 4460 7065 4451 6994 4446 7067 4452 7066 4445 6995 4440 7110 4446 7067 4439 7039 4433 7068 4439 7039 4432 6996 4423 7040 4433 7068 4424 6997 4340 7069 4434 7111 4423 7040 4422 6998 4338 7070 4340 7069 4334 7071 4338 7070 4418 6999 4330 7112 4334 7071 4328 7000 4329 7113 4328 7000 4327 7072 4325 7114 4327 7072 4324 7001 4326 7073 4325 7114 4324 7001 4322 7115 4320 7074 4321 6971 4323 7075 4322 7115 4321 6971 4238 7116 4323 7075 4237 7042 4238 7116 4237 7042 4236 7076 4240 7117 4236 7076 4305 7002 4306 7077 4240 7117 4305 7002 6286 7079 6284 7078 6693 7005 6545 7080 6286 7079 6694 7006 6540 7081 6545 7080 6695 7007 6538 7082 6540 7081 6696 7008 6533 7083 6538 7082 6697 7009 6530 7011 6535 7118 6533 7083 6530 7011 6529 7084 6528 7119 6529 7084 6531 7045 7556 7120 7556 7120 6531 7045 7555 6890 4582 7086 4576 7121 5190 7014 4581 7122 4582 7086 5191 7046 5187 7047 4581 7122 5191 7046 5188 7048 4583 7123 5187 7047 7523 7049 4586 7124 5188 7048 4596 7050 4595 7051 4589 7087 4592 6981 4589 7087 4594 7017 4670 7052 4588 7125 4589 7087 4672 7088 4671 7126 4670 7052 4699 7089 4672 7088 4698 7019 4700 7090 4699 7089 4693 7021 4701 7091 4700 7090 4694 7022 4702 7092 4701 7091 4695 7023 4518 7093 4702 7092 4696 7024 4520 7127 4518 7093 4516 7025 4516 7025 4515 7094 4514 7128 4515 7094 4517 7053 4514 7128 4697 7129 4517 7053 4513 7095 4513 7095 4511 7054 4512 7130 4512 7130 4511 7054 4487 7096 4488 7097 4487 7096 4486 7026 4509 7131 4488 7097 4508 7027 4510 7098 4509 7131 4508 7027 4506 7132 4510 7098 4505 7028 4507 7099 4506 7132 4505 7028 4503 7133 4507 7099 4502 7029 4504 7100 4503 7133 4502 7029 4498 7134 4504 7100 4500 7030 4501 7101 4499 7135 4500 7030 4496 7136 4501 7101 4495 7031 4497 7102 4496 7136 4495 7031 4493 7137 4497 7102 4492 7032 4494 7103 4493 7137 4492 7032 4490 7138 4494 7103 4489 7033 4491 7104 4490 7138 4489 7033 4663 7139 4491 7104 4661 7055 4662 7140 4661 7055 4660 7105 4659 7056 4785 7141 4660 7105 4788 7106 4785 7141 4659 7056 4788 7106 4787 7057 4780 7142 4780 7142 4787 7057 4752 7107 4753 7059 4752 7107 4751 7058 4390 7108 4388 7109 4753 7059 4390 7108 4389 7038 4388 7109 4388 7109 4385 7061 4383 7143 4380 7144 4385 7061 4484 7062 4485 7145 4484 7062 4476 7063 4477 7146 4476 7063 4468 7064 4469 7147 4468 7064 4460 7065 4461 7148 4460 7065 4452 7066 4453 7149 4452 7066 4446 7067 4357 7150 4446 7067 4440 7110 4440 7110 4439 7039 4433 7068 4434 7111 4433 7068 4423 7040 4346 7151 4434 7111 4340 7069 4340 7069 4338 7070 4342 7152 4339 7153 4338 7070 4334 7071 4335 7154 4334 7071 4330 7112 4330 7112 4328 7000 4329 7113 4327 7072 4325 7114 4329 7113 4326 7073 7495 2774 4325 7114 4240 7117 4239 7155 4236 7076 6286 7079 6285 7156 6284 7078 6545 7080 6311 7157 6286 7079 6540 7081 6546 7158 6545 7080 6538 7082 6541 7159 6540 7081 6538 7082 6533 7083 6537 7160 6535 7118 6534 7161 6533 7083 6536 7162 6535 7118 6530 7011 6528 7119 6536 7162 6530 7011 6528 7119 6529 7084 7556 7120 4576 7121 7526 7163 5190 7014 4576 7121 4582 7086 4575 7164 4582 7086 4581 7122 4575 7164 4580 7165 4581 7122 5187 7047 4583 7123 4584 7166 5187 7047 4587 7167 4583 7123 5188 7048 5188 7048 4586 7124 4587 7167 4590 7168 4596 7050 4589 7087 4588 7125 4586 7124 4589 7087 4671 7126 4588 7125 4670 7052 4673 7169 4671 7126 4672 7088 4674 7170 4672 7088 4699 7089 4700 7090 4674 7170 4699 7089 4701 7091 4676 7171 4700 7090 4702 7092 4677 7172 4701 7091 4518 7093 4523 7173 4702 7092 4520 7127 4519 7174 4518 7093 4514 7128 4520 7127 4516 7025 4519 7174 4514 7128 4517 7053 4697 7129 4512 7130 4517 7053 4512 7130 4697 7129 4513 7095 4487 7096 4488 7097 4512 7130 4509 7131 4499 7135 4488 7097 4499 7135 4509 7131 4510 7098 4510 7098 4506 7132 4499 7135 4506 7132 4507 7099 4503 7133 4503 7133 4504 7100 4498 7134 4500 7030 4499 7135 4498 7134 4501 7101 4496 7136 4499 7135 4497 7102 4493 7137 4496 7136 4494 7103 4490 7138 4493 7137 4490 7138 4491 7104 4663 7139 4663 7139 4661 7055 4662 7140 4662 7140 4660 7105 4750 7175 4785 7141 4784 7176 4660 7105 4785 7141 4788 7106 4780 7142 4752 7107 4384 7177 4780 7142 4753 7059 4388 7109 4752 7107 4388 7109 4383 7143 4752 7107 4385 7061 4384 7177 4383 7143 4380 7144 4386 7178 4385 7061 4485 7145 4380 7144 4484 7062 4477 7146 4485 7145 4476 7063 4469 7147 4477 7146 4468 7064 4461 7148 4469 7147 4460 7065 4453 7149 4461 7148 4452 7066 4357 7150 4453 7149 4446 7067 4351 7179 4357 7150 4440 7110 4434 7111 4440 7110 4433 7068 4346 7151 4351 7179 4434 7111 4341 7180 4346 7151 4340 7069 4342 7152 4341 7180 4340 7069 4338 7070 4336 7181 4342 7152 4339 7153 4337 7182 4338 7070 4332 7183 4339 7153 4334 7071 4335 7154 4333 7184 4334 7071 4331 7185 4335 7154 4330 7112 4331 7185 4330 7112 4329 7113 4329 7113 4325 7114 7486 2774 7495 2774 7486 2774 4325 7114 4240 7117 4318 7186 4239 7155 6285 7156 6286 7079 6549 7187 6286 7079 6311 7157 6310 7188 6548 7189 6311 7157 6545 7080 6546 7158 6544 7190 6545 7080 6547 7191 6546 7158 6540 7081 6541 7159 6547 7191 6540 7081 6542 7192 6541 7159 6538 7082 6539 7192 6538 7082 6537 7160 6537 7160 6533 7083 6534 7161 6534 7161 6535 7118 7570 7193 6535 7118 6536 7162 7556 7120 7556 7120 6536 7162 6528 7119 7526 7163 7525 7194 5190 7014 4575 7164 4577 7195 4576 7121 4575 7164 4581 7122 4580 7165 4584 7166 4580 7165 5187 7047 4585 7196 4584 7166 4583 7123 4583 7123 4587 7167 4588 7125 4588 7125 4587 7167 4586 7124 4591 7197 4590 7168 4589 7087 4671 7126 4678 7198 4588 7125 4673 7169 4679 7199 4671 7126 4674 7170 4673 7169 4672 7088 4676 7171 4674 7170 4700 7090 4677 7172 4676 7171 4701 7091 4523 7173 4677 7172 4702 7092 4524 7200 4523 7173 4518 7093 4519 7174 4524 7200 4518 7093 4520 7127 4514 7128 4519 7174 4517 7053 4512 7130 4519 7174 4512 7130 4488 7097 4496 7136 4488 7097 4499 7135 4496 7136 4506 7132 4503 7133 4499 7135 4499 7135 4503 7133 4498 7134 4493 2774 4490 2774 4496 2774 4663 7139 4377 7201 4490 7138 4664 7202 4663 7139 4662 7140 4664 7202 4662 7140 4750 7175 4750 7175 4660 7105 4783 7203 4660 7105 4784 7176 4783 7203 4785 7141 4782 7204 4784 7176 4780 7142 4782 7204 4785 7141 4384 7177 4386 7178 4780 7142 4383 7143 4384 7177 4752 7107 4386 7178 4384 7177 4385 7061 4387 7205 4386 7178 4380 7144 4376 7206 4380 7144 4485 7145 4373 7207 4485 7145 4477 7146 4368 7208 4477 7146 4469 7147 4365 7209 4469 7147 4461 7148 4363 7210 4461 7148 4453 7149 4358 7211 4453 7149 4357 7150 4356 7212 4357 7150 4351 7179 4351 7179 4440 7110 4434 7111 4352 7213 4351 7179 4346 7151 4348 7214 4346 7151 4341 7180 4341 7180 4342 7152 4344 7215 4342 7152 4336 7181 4343 7216 4338 7070 4337 7182 4336 7181 4339 7153 4332 7183 4337 7182 4334 7071 4333 7184 4332 7183 4333 7184 4335 7154 4332 7183 4332 7183 4335 7154 4331 7185 4331 7185 4329 7113 4332 7183 4329 7113 7486 2774 7491 2774 7495 2774 7493 2774 7486 2774 4318 7186 4317 7217 4239 7155 6550 7218 6285 7156 6549 7187 6549 7187 6286 7079 6310 7188 6311 7157 7567 7219 6310 7188 6548 7189 7567 7219 6311 7157 6543 7220 6548 7189 6545 7080 6545 7080 6544 7190 6543 7220 6544 7190 6546 7158 7568 7221 7568 7221 6546 7158 6547 7191 6541 7159 7568 7221 6547 7191 6541 7159 6542 7192 7570 7193 6539 7192 6542 7192 6538 7082 7570 7193 6539 7192 6537 7160 6537 7160 6534 7161 7570 7193 7570 7193 6535 7118 7556 7120 5190 7014 7525 7194 4579 7222 4578 7223 4577 7195 4575 7164 4585 7196 4575 7164 4580 7165 4580 7165 4584 7166 4585 7196 4588 7125 4585 7196 4583 7123 4589 7087 7479 7224 4591 7197 4678 7198 4585 7196 4588 7125 4679 7199 4678 7198 4671 7126 4680 7225 4679 7199 4673 7169 4675 7226 4673 7169 4674 7170 4676 7171 4675 7226 4674 7170 4677 7172 4525 7227 4676 7171 4523 7173 4527 7228 4677 7172 4524 7200 4522 7229 4523 7173 4522 7229 4524 7200 4519 7174 4519 7174 4512 7130 4356 7212 4496 7136 4366 7230 4512 7130 4496 7136 4490 7138 4369 7231 4377 7201 4371 7232 4490 7138 7488 2774 4377 7201 4663 7139 4664 7202 4749 7233 4663 7139 4750 7175 4748 7234 4664 7202 4783 7203 4748 7234 4750 7175 4784 7176 4781 7235 4783 7203 4782 7204 4781 7235 4784 7176 4780 7142 4387 7205 4782 7204 4386 7178 4387 7205 4780 7142 4381 7236 4387 7205 4380 7144 4376 7206 4381 7236 4380 7144 4373 7207 4376 7206 4485 7145 4368 7208 4373 7207 4477 7146 4365 7209 4368 7208 4469 7147 4363 7210 4365 7209 4461 7148 4358 7211 4363 7210 4453 7149 4355 7237 4358 7211 4357 7150 4357 7150 4356 7212 4355 7237 4349 7238 4356 7212 4351 7179 4352 7213 4350 7239 4351 7179 4347 7240 4352 7213 4346 7151 4348 7214 4347 7240 4346 7151 4345 7241 4348 7214 4341 7180 4345 7241 4341 7180 4344 7215 4344 7215 4342 7152 4343 7216 4343 7216 4336 7181 4344 7215 4336 7181 4337 7182 4347 7240 4337 7182 4332 7183 4329 7113 4337 7182 4329 7113 7491 2774 7485 7242 7491 2774 7486 2774 7493 7243 7494 7243 7486 7243 7495 7244 7496 7244 7493 7244 4239 7155 4317 7217 4316 7245 6549 7187 7569 7246 6550 7218 6310 7188 7567 7219 6549 7187 7568 7221 7567 7219 6548 7189 6543 7220 7568 7221 6548 7189 6543 7220 6544 7190 7568 7221 7570 7193 7568 7221 6541 7159 6542 7192 6539 7192 7570 7193 4579 7222 4572 7247 5190 7014 4571 7248 4578 7223 4575 7164 4574 7249 4575 7164 4585 7196 4678 7198 4574 7249 4585 7196 4679 7199 4666 7250 4678 7198 4680 7225 4541 7251 4679 7199 4675 7226 4680 7225 4673 7169 4525 7227 4675 7226 4676 7171 4527 7228 4525 7227 4677 7172 4529 7252 4527 7228 4523 7173 4523 7173 4522 7229 4521 7253 4528 7254 4522 7229 4519 7174 4356 7212 4350 7239 4519 7174 4512 7130 4359 7255 4356 7212 4366 7230 4359 7255 4512 7130 4369 7231 4366 7230 4496 7136 4490 7138 4371 7232 4369 7231 4375 7256 4371 7232 4377 7201 4663 7139 4749 7233 7488 2774 4747 7257 4749 7233 4664 7202 4748 7234 4747 7257 4664 7202 4781 7235 4748 7234 4783 7203 4782 7204 4381 7236 4781 7235 4387 7205 4381 7236 4782 7204 4382 7258 4381 7236 4376 7206 4375 7256 4376 7206 4373 7207 4374 7259 4373 7207 4368 7208 4370 7260 4368 7208 4365 7209 4367 7261 4365 7209 4363 7210 4364 7262 4363 7210 4358 7211 4356 7212 4354 7263 4355 7237 4349 7238 4350 7239 4356 7212 4351 7179 4350 7239 4349 7238 4350 7239 4352 7213 4347 7240 4348 7214 4344 7215 4347 7240 4345 7241 4344 7215 4348 7214 4344 7215 4336 7181 4347 7240 4347 7240 4337 7182 4528 7254 7491 2774 4535 7264 4337 7182 7486 2774 7487 2774 7485 7242 4317 7265 4315 7265 4316 7265 7567 7219 7569 7246 6549 7187 4572 7247 4579 7222 4571 7248 4579 7222 4578 7223 4571 7248 4575 7164 4574 7249 4571 7248 4666 7250 4574 7249 4678 7198 4541 7251 4666 7250 4679 7199 4536 7266 4541 7251 4680 7225 4532 7267 4680 7225 4675 7226 4525 7227 4532 7267 4675 7226 4527 7228 4526 7268 4525 7227 4529 7252 4528 7254 4527 7228 4521 7253 4529 7252 4523 7173 4521 7253 4522 7229 4529 7252 4529 7252 4522 7229 4528 7254 4519 7174 4350 7239 4528 7254 4353 7269 4356 7212 4359 7255 4362 7270 4359 7255 4366 7230 4370 7260 4366 7230 4369 7231 4374 7259 4369 7231 4371 7232 4371 7232 4375 7256 4373 7207 4377 7201 4376 7206 4375 7256 4747 7257 4781 7235 4749 7233 4748 7234 4781 7235 4747 7257 4381 7236 4382 7258 4781 7235 4378 7271 4382 7258 4376 7206 4374 7259 4372 7272 4373 7207 4369 7231 4374 7259 4368 7208 4370 7260 4369 7231 4368 7208 4366 7230 4370 7260 4365 7209 4367 7261 4366 7230 4365 7209 4361 7273 4367 7261 4363 7210 4364 7262 4362 7270 4363 7210 4359 7255 4364 7262 4358 7211 4355 7237 4354 7263 4353 7269 4354 7263 4356 7212 4353 7269 4528 7254 4350 7239 4347 7240 4528 7254 4337 7182 4535 7264 7491 2774 4547 7274 4535 7264 7485 7242 7487 2774 7483 7275 4316 7276 4315 7276 4314 7276 4568 7277 4572 7247 4571 7248 4571 7248 4574 7249 4667 7278 4667 7278 4574 7249 4666 7250 4538 7279 4666 7250 4541 7251 4541 7251 4536 7266 4540 7280 4532 7267 4536 7266 4680 7225 4533 7281 4532 7267 4525 7227 4526 7268 4533 7281 4525 7227 4528 7254 4526 7268 4527 7228 4360 7282 4353 7269 4359 7255 4364 7262 4359 7255 4362 7270 4366 7230 4367 7261 4362 7270 4372 7272 4374 7259 4371 7232 4373 7207 4372 7272 4371 7232 4378 7271 4376 7206 4377 7201 4781 7235 4378 7271 4749 7233 4781 7235 4382 7258 4378 7271 4361 7273 4362 7270 4367 7261 4363 7210 4362 7270 4361 7273 4360 7282 4359 7255 4358 7211 4353 7269 4360 7282 4355 7237 4531 7283 4528 7254 4535 7264 4540 7280 4535 7264 4547 7274 7491 2774 7490 2774 4547 7274 7485 7242 7483 7275 7482 7284 4315 7285 4313 7285 4314 7285 4573 7286 4572 7247 4568 7277 4568 7277 4571 7248 4668 7287 4668 7287 4571 7248 4667 7278 4667 7278 4666 7250 4538 7279 4538 7279 4541 7251 4540 7280 4540 7280 4536 7266 4534 7288 4537 7289 4536 7266 4532 7267 4533 7281 4531 7283 4532 7267 4533 7281 4526 7268 4531 7283 4526 7268 4528 7254 4531 7283 4379 7290 4378 7271 4377 7201 4535 7264 4537 7289 4531 7283 4534 7288 4535 7264 4540 7280 4539 7291 4540 7280 4547 7274 7497 2774 4547 7274 7490 2774 7489 7292 7490 7292 7491 7292 7481 7293 7482 7284 7483 7275 4314 7294 4313 7294 4312 7294 4570 7295 4573 7286 4568 7277 4549 7296 4568 7277 4668 7287 4668 7287 4667 7278 4542 7297 4542 7297 4667 7278 4538 7279 4540 7280 4539 7291 4538 7279 4536 7266 4535 7264 4534 7288 4537 7289 4535 7264 4536 7266 4530 7298 4537 7289 4532 7267 4532 7267 4531 7283 4530 7298 7504 7299 4378 7271 4379 7290 4537 7289 4530 7298 4531 7283 4547 7274 4543 7300 4539 7291 7492 2774 7489 2774 7491 2774 7484 7301 7481 7293 7483 7275 4313 7302 4311 7302 4312 7302 4570 7295 4568 7277 4569 7303 4566 7304 4568 7277 4549 7296 4549 7296 4668 7287 4545 7305 4545 7305 4668 7287 4542 7297 4538 7279 4543 7300 4542 7297 4539 7291 4544 7306 4538 7279 4543 7300 4544 7306 4539 7291 4543 7300 4547 7274 4542 7297 7502 2774 7489 2774 7492 2774 7483 7275 7498 7307 7484 7301 4312 7308 4311 7308 4310 7308 4569 7303 4568 7277 4567 7309 4568 7277 4566 7304 4567 7309 4561 7310 4566 7304 4549 7296 4669 7311 4549 7296 4545 7305 4542 7297 4546 7312 4545 7305 4544 7306 4543 7300 4538 7279 4547 7274 4546 7312 4542 7297 7498 7307 7499 7313 7484 7301 4567 7309 4566 7304 4565 7314 4565 7314 4566 7304 4561 7310 4549 7296 4562 7315 4561 7310 4548 7316 4549 7296 4669 7311 7499 7313 7500 7317 7484 7301 4563 7318 4562 7315 4549 7296 4550 7319 4549 7296 4548 7316 7500 7317 7501 7320 7484 7301 4551 7321 4563 7318 4549 7296 4551 7321 4549 7296 4550 7319 4564 7322 4563 7318 4551 7321 4552 7323 4551 7321 4550 7319 4553 7324 4564 7322 4551 7321 4552 7323 4555 7325 4551 7321 4551 7321 4554 7326 4553 7324 4555 7325 4554 7326 4551 7321 4554 7326 4556 7327 4553 7324 4557 7328 4556 7327 4554 7326 4558 7329 4557 7328 4554 7326 4559 7330 4557 7330 4558 7330 4560 7331 4559 7331 4558 7331 7571 7332 7579 7332 7574 7332 7571 7333 7578 7334 7579 7335 7573 7336 7578 7334 7571 7333 7571 7333 7572 7337 7573 7336 7571 7333 7577 7338 7572 7337 7571 7333 7576 7339 7577 7338 7575 7340 7576 7339 7571 7333 7580 7341 7581 7342 7582 7343 7580 7341 7583 7344 7581 7342 7584 7345 7586 7346 7587 7347 7585 7348 7586 7346 7584 7345 7588 7349 7592 7350 7593 7351 7594 7352 7592 7350 7588 7349 7589 7353 7594 7352 7588 7349 7590 7354 7589 7353 7588 7349 7588 7349 7595 7355 7590 7354 7596 7356 7595 7355 7588 7349 7591 7357 7596 7357 7588 7357 7598 7358 7600 7359 7597 7360 7599 7361 7598 7358 7597 7360 7601 7362 7602 7363 7603 7364 7604 7365 7602 7363 7601 7362 7605 7366 7607 7367 7620 7368 7621 7369 7624 7370 7620 7368 7621 7369 7623 7371 7624 7370 7622 7372 7627 7373 7623 7371 7622 7372 7626 7374 7627 7373 7625 7375 7626 7374 7622 7372 7625 7375 7629 7376 7630 7377 7630 7377 7629 7376 7631 7378 7629 7376 7636 7379 7631 7378 7629 7376 7635 7380 7636 7379 7634 7381 7633 7382 7635 7380 7632 7383 7644 7384 7633 7382 7632 7383 7643 7385 7644 7384 7642 7386 7643 7385 7632 7383 7632 7383 7641 7387 7642 7386 7632 7383 7640 7388 7641 7387 7639 7389 7640 7388 7632 7383 7632 7383 7638 7390 7639 7389 7637 7391 7638 7390 7632 7383 7632 7383 7633 7382 7634 7381 7634 7381 7635 7380 7629 7376 7625 7375 7628 7392 7629 7376 7622 7372 7628 7392 7625 7375 7622 7372 7623 7371 7621 7369 7620 7368 7607 7367 7621 7369 7607 7367 7606 7393 7618 7394 7617 7395 7610 7396 7618 7394 7610 7396 7609 7397 7615 7398 7614 7399 7613 7400 7615 7398 7611 7401 7612 7402 7613 7400 7611 7401 7613 7400 7614 7399 7615 7398 7616 7403 7614 7399 7615 7398 7609 7397 7616 7403 7608 7404 7609 7397 7610 7396 7608 7404 7610 7396 7617 7395 7618 7394 7619 7405 7617 7395 7618 7394 7606 7393 7619 7405 7605 7366 7606 7393 7607 7367 7661 7406 7645 7407 7660 7408 7661 7406 7662 7409 7663 7410 7666 7411 7668 7412 7663 7410 7669 7413 7668 7412 7666 7411 7669 7413 7675 7414 7672 7415 7672 7415 7673 7416 7674 7417 7674 7417 7677 7418 7678 7419 7679 7420 7677 7418 7674 7417 7674 7417 7680 7421 7679 7420 7681 7422 7680 7421 7674 7417 7682 7423 7681 7422 7674 7417 7674 7417 7683 7424 7682 7423 7684 7425 7683 7424 7674 7417 7673 7416 7684 7425 7674 7417 7675 7414 7673 7416 7672 7415 7676 7426 7675 7414 7669 7413 7671 7427 7676 7426 7669 7413 7671 7427 7669 7413 7670 7428 7670 7428 7669 7413 7666 7411 7663 7410 7665 7429 7666 7411 7667 7430 7665 7429 7663 7410 7662 7409 7667 7430 7663 7410 7664 7431 7662 7409 7661 7406 7660 7408 7664 7431 7661 7406 7660 7408 7645 7407 7647 7432 7645 7407 7646 7433 7647 7432 7659 7434 7646 7433 7658 7435 7657 7436 7659 7434 7658 7435 7657 7436 7648 7437 7650 7438 7648 7437 7649 7439 7650 7438 7656 7440 7649 7439 7655 7441 7654 7442 7656 7440 7655 7441 7654 7442 7651 7443 7653 7444 7651 7443 7652 7445 7653 7444 7655 7441 7651 7443 7654 7442 7655 7441 7649 7439 7648 7437 7658 7435 7648 7437 7657 7436 7658 7435 7646 7433 7645 7407 7714 2774 7685 2774 7704 2774 7713 2774 7714 2774 7704 2774 7703 7446 7704 7446 7690 7446 7706 2774 7703 2774 7690 2774 7705 2774 7690 2774 7696 2774 7695 7447 7696 7447 7697 7447 7697 7448 7696 7448 7689 7448 7688 2774 7689 2774 7690 2774 7712 7449 7715 7449 7688 7449 7711 2774 7712 2774 7700 2774 7699 2774 7700 2774 7701 2774 7702 2774 7699 2774 7701 2774 7701 7450 7700 7450 7708 7450 7707 2774 7708 2774 7693 2774 7693 2774 7710 2774 7707 2774 7709 2774 7710 2774 7693 2774 7692 2774 7693 2774 7694 2774 7698 2774 7692 2774 7694 2774 7687 7451 7716 7451 7694 7451 7691 2774 7687 2774 7686 2774 7685 7452 7686 7452 7687 7452 7704 2774 7685 2774 7690 2774 7696 2774 7690 2774 7689 2774 7690 2774 7685 2774 7688 2774 7700 2774 7712 2774 7688 2774 7708 2774 7700 2774 7693 2774 7687 7453 7694 7453 7693 7453 7685 7454 7687 7454 7693 7454 7688 7455 7685 7455 7693 7455 7700 2774 7688 2774 7693 2774 7720 7456 7722 7456 7717 7456 7720 7457 7721 7457 7722 7457 7719 3419 7720 3419 7717 3419 7724 3419 7719 3419 7718 3419 7723 3419 7724 3419 7725 3419 7726 7458 7723 7458 7725 7458 7741 7459 7743 7459 7725 7459 7741 7457 7742 7457 7743 7457 7737 3419 7741 3419 7725 3419 7736 3419 7737 3419 7725 3419 7739 3419 7748 3419 7736 3419 7738 7460 7739 7460 7740 7460 7745 3419 7740 3419 7731 3419 7744 7461 7745 7461 7731 7461 7730 3419 7731 3419 7732 3419 7735 3419 7730 3419 7732 3419 7729 3419 7732 3419 7731 3419 7733 7462 7734 7462 7729 7462 7728 3419 7733 3419 7729 3419 7727 3419 7728 3419 7729 3419 7747 3419 7727 3419 7718 3419 7746 3419 7747 3419 7718 3419 7717 3419 7718 3419 7719 3419 7718 3419 7727 3419 7724 3419 7725 3419 7724 3419 7736 3419 7739 3419 7736 3419 7724 3419 7740 3419 7739 3419 7731 3419 7727 7463 7729 7463 7731 7463 7727 7464 7731 7464 7724 7464 7731 3419 7739 3419 7724 3419 7749 7465 7750 7466 7783 7466 7749 7465 7783 7466 7782 7465 7750 7466 7751 7467 7784 7467 7750 7466 7784 7467 7783 7466 7751 7467 7752 7468 7785 7468 7751 7467 7785 7468 7784 7467 7752 7468 7753 7469 7786 7469 7752 7468 7786 7469 7785 7468 7753 7469 7754 7470 7787 7470 7753 7469 7787 7470 7786 7469 7754 7470 7755 7471 7788 7471 7754 7470 7788 7471 7787 7470 7755 7471 7756 7472 7789 7472 7755 7471 7789 7472 7788 7471 7756 7472 7757 1710 7790 1710 7756 7472 7790 1710 7789 7472 7757 1710 7758 7473 7791 7473 7757 1710 7791 7473 7790 1710 7758 7473 7759 7474 7792 7474 7758 7473 7792 7474 7791 7473 7759 7474 7760 7475 7793 7475 7759 7474 7793 7475 7792 7474 7760 7475 7761 7476 7794 7476 7760 7475 7794 7476 7793 7475 7761 7476 7762 7477 7795 7477 7761 7476 7795 7477 7794 7476 7762 7477 7763 7478 7796 7478 7762 7477 7796 7478 7795 7477 7763 7478 7764 7479 7797 7479 7763 7478 7797 7479 7796 7478 7764 7479 7765 0 7798 0 7764 7479 7798 0 7797 7479 7765 0 7766 7480 7799 7480 7765 0 7799 7480 7798 0 7766 7480 7767 7481 7800 7481 7766 7480 7800 7481 7799 7480 7767 7481 7768 7482 7801 7482 7767 7481 7801 7482 7800 7481 7768 7482 7769 7483 7802 7483 7768 7482 7802 7483 7801 7482 7769 7483 7770 7484 7803 7484 7769 7483 7803 7484 7802 7483 7770 7484 7771 7485 7804 7485 7770 7484 7804 7485 7803 7484 7771 7485 7772 7486 7805 7486 7771 7485 7805 7486 7804 7485 7772 7486 7773 7487 7806 7487 7772 7486 7806 7487 7805 7486 7773 7487 7774 7488 7807 7488 7773 7487 7807 7488 7806 7487 7774 7488 7775 7489 7808 7489 7774 7488 7808 7489 7807 7488 7775 7489 7776 7490 7809 7490 7775 7489 7809 7490 7808 7489 7776 7490 7777 7491 7810 7491 7776 7490 7810 7491 7809 7490 7777 7491 7778 7492 7811 7492 7777 7491 7811 7492 7810 7491 7778 7492 7779 7493 7812 7493 7778 7492 7812 7493 7811 7492 7779 7493 7780 7494 7813 7494 7779 7493 7813 7494 7812 7493 7780 7494 7781 7495 7814 7495 7780 7494 7814 7495 7813 7494 7850 7496 7852 7496 7847 7496 7850 7497 7851 7497 7852 7497 7849 3419 7850 3419 7847 3419 7854 7498 7849 7498 7848 7498 7853 3419 7854 3419 7855 3419 7856 7499 7853 7499 7855 7499 7871 7500 7873 7500 7855 7500 7871 7497 7872 7497 7873 7497 7867 3419 7871 3419 7855 3419 7866 3419 7867 3419 7855 3419 7869 3419 7878 3419 7866 3419 7868 3419 7869 3419 7870 3419 7875 3419 7870 3419 7861 3419 7874 3419 7875 3419 7861 3419 7860 3419 7861 3419 7862 3419 7865 3419 7860 3419 7862 3419 7859 3419 7862 3419 7861 3419 7863 3419 7864 3419 7859 3419 7858 3419 7863 3419 7859 3419 7857 3419 7858 3419 7859 3419 7877 3419 7857 3419 7848 3419 7876 3419 7877 3419 7848 3419 7847 3419 7848 3419 7849 3419 7848 3419 7857 3419 7854 3419 7855 7501 7854 7501 7866 7501 7869 3419 7866 3419 7854 3419 7870 3419 7869 3419 7861 3419 7857 3419 7859 3419 7861 3419 7857 3419 7861 3419 7854 3419 7861 7502 7869 7502 7854 7502 7832 2774 7827 2774 7843 2774 7843 2774 7844 2774 7815 2774 7815 7503 7816 7503 7821 7503 7821 7504 7817 7504 7828 7504 7817 7505 7846 7505 7828 7505 7846 7506 7824 7506 7828 7506 7828 7447 7822 7447 7823 7447 7823 7507 7839 7507 7828 7507 7839 7508 7840 7508 7828 7508 7840 7509 7837 7509 7838 7509 7838 2774 7831 2774 7832 2774 7832 2774 7829 2774 7830 2774 7830 7509 7841 7509 7842 7509 7842 7510 7845 7510 7827 7510 7845 7511 7818 7511 7827 7511 7818 7512 7819 7512 7827 7512 7827 7513 7825 7513 7826 7513 7826 7514 7835 7514 7827 7514 7835 7515 7820 7515 7827 7515 7820 7503 7836 7503 7833 7503 7833 2774 7834 2774 7843 2774 7843 7516 7815 7516 7828 7516 7815 2774 7821 2774 7828 2774 7840 2774 7838 2774 7828 2774 7838 2774 7832 2774 7828 2774 7832 7517 7830 7517 7827 7517 7830 2774 7842 2774 7827 2774 7820 2774 7833 2774 7827 2774 7833 2774 7843 2774 7827 2774 7843 2774 7828 2774 7832 2774</p>
        </triangles>
        <triangles material="Material_013-material" count="64">
          <input semantic="VERTEX" source="#Mesh-1_007-mesh-vertices" offset="0"/>
          <input semantic="NORMAL" source="#Mesh-1_007-mesh-normals" offset="1"/>
          <p>7879 7518 7880 7480 7913 7480 7879 7518 7913 7480 7912 7518 7880 7480 7881 7481 7914 7481 7880 7480 7914 7481 7913 7480 7881 7481 7882 7482 7915 7482 7881 7481 7915 7482 7914 7481 7882 7482 7883 7483 7916 7483 7882 7482 7916 7483 7915 7482 7883 7483 7884 7484 7917 7484 7883 7483 7917 7484 7916 7483 7884 7484 7885 7485 7918 7485 7884 7484 7918 7485 7917 7484 7885 7485 7886 7486 7919 7486 7885 7485 7919 7486 7918 7485 7886 7486 7887 7487 7920 7487 7886 7486 7920 7487 7919 7486 7887 7487 7888 7488 7921 7488 7887 7487 7921 7488 7920 7487 7888 7488 7889 7489 7922 7489 7888 7488 7922 7489 7921 7488 7889 7489 7890 7490 7923 7490 7889 7489 7923 7490 7922 7489 7890 7490 7891 7491 7924 7491 7890 7490 7924 7491 7923 7490 7891 7491 7892 7492 7925 7492 7891 7491 7925 7492 7924 7491 7892 7492 7893 7493 7926 7493 7892 7492 7926 7493 7925 7492 7893 7493 7894 7494 7927 7494 7893 7493 7927 7494 7926 7493 7894 7494 7895 8 7928 8 7894 7494 7928 8 7927 7494 7895 8 7896 7466 7929 7466 7895 8 7929 7466 7928 8 7896 7466 7897 7467 7930 7467 7896 7466 7930 7467 7929 7466 7897 7467 7898 7468 7931 7468 7897 7467 7931 7468 7930 7467 7898 7468 7899 7469 7932 7469 7898 7468 7932 7469 7931 7468 7899 7469 7900 7470 7933 7470 7899 7469 7933 7470 7932 7469 7900 7470 7901 7471 7934 7471 7900 7470 7934 7471 7933 7470 7901 7471 7902 7472 7935 7472 7901 7471 7935 7472 7934 7471 7902 7472 7903 1710 7936 1710 7902 7472 7936 1710 7935 7472 7903 1710 7904 7473 7937 7473 7903 1710 7937 7473 7936 1710 7904 7473 7905 7474 7938 7474 7904 7473 7938 7474 7937 7473 7905 7474 7906 7475 7939 7475 7905 7474 7939 7475 7938 7474 7906 7475 7907 7476 7940 7476 7906 7475 7940 7476 7939 7475 7907 7476 7908 7477 7941 7477 7907 7476 7941 7477 7940 7476 7908 7477 7909 7478 7942 7478 7908 7477 7942 7478 7941 7477 7909 7478 7910 7479 7943 7479 7909 7478 7943 7479 7942 7478 7910 7479 7911 7519 7944 7519 7910 7479 7944 7519 7943 7479</p>
        </triangles>
      </mesh>
    </geometry>
  </library_geometries>
  <library_visual_scenes>
    <visual_scene id="Scene" name="Scene">
      <node id="Object-1" name="Object-1" type="NODE">
        <matrix sid="transform">1 0 0 0 0 1 0 0 0 0 1 0 0 0 0 1</matrix>
        <instance_geometry url="#Mesh-1_007-mesh" name="Object-1">
          <bind_material>
            <technique_common>
              <instance_material symbol="Material_012-material" target="#Material_012-material"/>
              <instance_material symbol="Material_013-material" target="#Material_013-material"/>
            </technique_common>
          </bind_material>
        </instance_geometry>
      </node>
    </visual_scene>
  </library_visual_scenes>
  <scene>
    <instance_visual_scene url="#Scene"/>
  </scene>
</COLLADA>