<?xml version="1.0" encoding="utf-8"?>
<COLLADA xmlns="http://www.collada.org/2005/11/COLLADASchema" version="1.4.1" xmlns:xsi="http://www.w3.org/2001/XMLSchema-instance">
  <asset>
    <contributor>
      <author>Blender User</author>
      <authoring_tool>Blender 3.0.1</authoring_tool>
    </contributor>
    <created>2025-05-21T09:19:03</created>
    <modified>2025-05-21T09:19:03</modified>
    <unit name="meter" meter="1"/>
    <up_axis>Z_UP</up_axis>
  </asset>
  <library_effects>
    <effect id="Material_010-effect">
      <profile_COMMON>
        <technique sid="common">
          <lambert>
            <emission>
              <color sid="emission">0 0 0 1</color>
            </emission>
            <diffuse>
              <color sid="diffuse">0 0 0 1</color>
            </diffuse>
            <index_of_refraction>
              <float sid="ior">1.45</float>
            </index_of_refraction>
          </lambert>
        </technique>
      </profile_COMMON>
    </effect>
    <effect id="Material_011-effect">
      <profile_COMMON>
        <technique sid="common">
          <lambert>
            <emission>
              <color sid="emission">0 0 0 1</color>
            </emission>
            <diffuse>
              <color sid="diffuse">0.7991031 0.1046163 0 1</color>
            </diffuse>
            <index_of_refraction>
              <float sid="ior">1.45</float>
            </index_of_refraction>
          </lambert>
        </technique>
      </profile_COMMON>
    </effect>
  </library_effects>
  <library_images/>
  <library_materials>
    <material id="Material_010-material" name="Material.010">
      <instance_effect url="#Material_010-effect"/>
    </material>
    <material id="Material_011-material" name="Material.011">
      <instance_effect url="#Material_011-effect"/>
    </material>
  </library_materials>
  <library_geometries>
    <geometry id="Mesh-1_006-mesh" name="Mesh-1.006">
      <mesh>
        <source id="Mesh-1_006-mesh-positions">
          <float_array id="Mesh-1_006-mesh-positions-array" count="24702">-0.03695511 -0.01530718 0.11 -0.03325873 -0.02222269 0.11 -0.02222269 -0.03325873 0.11 0.01530718 0.03695511 0.11 0.007803559 0.0392313 0.11 -0.02828425 0.02828425 0.11 -0.02828425 -0.02828425 0.11 0.007803559 -0.0392313 0.11 0.01530718 -0.03695511 0.11 -0.007803559 -0.0392313 0.11 -0.007803559 0.0392313 0.11 -0.01530718 0.03695511 0.11 0 0.03999996 0.11 0 -0.03999996 0.11 0.0392313 0.007803559 0.11 0.03695511 0.01530718 0.11 0.0392313 -0.007803559 0.11 0.03999996 0 0.11 -0.03695511 0.01530718 0.11 -0.0392313 0.007803559 0.11 -0.02222269 0.03325873 0.11 -0.03325873 0.02222269 0.11 0.03325873 -0.02222269 0.11 0.03695511 -0.01530718 0.11 0.02222269 -0.03325873 0.11 0.02828425 -0.02828425 0.11 0.03325873 0.02222269 0.11 0.02828425 0.02828425 0.11 -0.03999996 0 0.11 -0.0392313 -0.007803559 0.11 0.02222269 0.03325873 0.11 -0.01530718 -0.03695511 0.11 -0.04850363 -0.02009081 0.02999997 -0.0514912 -0.01024216 0.02999997 -0.03712308 -0.03712308 0.02999997 -0.04365211 -0.02916735 0.02999997 0 0.05249989 0.02999997 0.01024216 0.0514912 0.02999997 -0.0514912 0.01024216 0.02999997 -0.04850363 0.02009081 0.02999997 -0.03712308 0.03712308 0.02999997 0.04365211 -0.02916735 0.02999997 0.03712308 -0.03712308 0.02999997 0.04850363 -0.02009081 0.02999997 -0.02916735 0.04365211 0.02999997 -0.02009081 0.04850363 0.02999997 -0.04365211 0.02916735 0.02999997 0.02009081 -0.04850363 0.02999997 0.01024216 -0.0514912 0.02999997 -0.05249989 0 0.02999997 0.02916735 -0.04365211 0.02999997 0.04850363 0.02009081 0.02999997 0.0514912 0.01024216 0.02999997 0.03712308 0.03712308 0.02999997 -0.01024216 0.0514912 0.02999997 0.04365211 0.02916735 0.02999997 -0.01024216 -0.0514912 0.02999997 -0.02009081 -0.04850363 0.02999997 0.05249989 0 0.02999997 0.0514912 -0.01024216 0.02999997 -0.02916735 -0.04365211 0.02999997 0.02009081 0.04850363 0.02999997 0.02916735 0.04365211 0.02999997 0 -0.05249989 0.02999997 0.03999996 0 0.11 0.04039335 0 0.0998525 0.04157119 0 0.08976596 0.04352647 0 0.0798009 0.0462473 0 0.07001698 0.04897046 0 0.06022489 0.0509274 0 0.0502513 0.05210626 0 0.040156 0.05249989 0 0.02999997 0.0392313 -0.007803559 0.11 0.0396173 -0.00788033 0.0998525 0.04077243 -0.008110105 0.08976596 0.04269003 -0.008491575 0.0798009 0.04535859 -0.009022355 0.07001698 0.0480296 -0.00955367 0.06022489 0.04994887 -0.009935438 0.0502513 0.05110508 -0.01016539 0.040156 0.0514912 -0.01024216 0.02999997 0.03695511 -0.01530718 0.11 0.03731852 -0.0154578 0.0998525 0.03840672 -0.01590853 0.08976596 0.0402131 -0.01665687 0.0798009 0.04272699 -0.01769798 0.07001698 0.0452429 -0.01874011 0.06022489 0.04705077 -0.01948899 0.0502513 0.04813987 -0.01994013 0.040156 0.04850363 -0.02009081 0.02999997 0.03325873 -0.02222269 0.11 0.03358578 -0.02244132 0.0998525 0.03456515 -0.02309572 0.08976596 0.0361908 -0.02418196 0.0798009 0.03845328 -0.02569359 0.07001698 0.04071748 -0.02720654 0.06022489 0.04234457 -0.02829372 0.0502513 0.0433247 -0.02894866 0.040156 0.04365211 -0.02916735 0.02999997 0.02828425 -0.02828425 0.11 0.02856248 -0.02856248 0.0998525 0.02939528 -0.02939528 0.08976596 0.03077787 -0.03077787 0.0798009 0.03270179 -0.03270179 0.07001698 0.03462731 -0.03462731 0.06022489 0.03601104 -0.03601104 0.0502513 0.03684467 -0.03684467 0.040156 0.03712308 -0.03712308 0.02999997 0.02222269 -0.03325873 0.11 0.02244132 -0.03358578 0.0998525 0.02309572 -0.03456515 0.08976596 0.02418196 -0.0361908 0.0798009 0.02569359 -0.03845328 0.07001698 0.02720654 -0.04071748 0.06022489 0.02829372 -0.04234457 0.0502513 0.02894866 -0.0433247 0.040156 0.02916735 -0.04365211 0.02999997 0.01530718 -0.03695511 0.11 0.0154578 -0.03731852 0.0998525 0.01590853 -0.03840672 0.08976596 0.01665687 -0.0402131 0.0798009 0.01769798 -0.04272699 0.07001698 0.01874011 -0.0452429 0.06022489 0.01948899 -0.04705077 0.0502513 0.01994013 -0.04813987 0.040156 0.02009081 -0.04850363 0.02999997 0.007803559 -0.0392313 0.11 0.00788033 -0.0396173 0.0998525 0.008110105 -0.04077243 0.08976596 0.008491575 -0.04269003 0.0798009 0.009022355 -0.04535859 0.07001698 0.00955367 -0.0480296 0.06022489 0.009935438 -0.04994887 0.0502513 0.01016539 -0.05110508 0.040156 0.01024216 -0.0514912 0.02999997 0 -0.03999996 0.11 0 -0.04039335 0.0998525 0 -0.04157119 0.08976596 0 -0.04352647 0.0798009 0 -0.0462473 0.07001698 0 -0.04897046 0.06022489 0 -0.0509274 0.0502513 0 -0.05210626 0.040156 0 -0.05249989 0.02999997 -0.007803559 -0.0392313 0.11 -0.00788033 -0.0396173 0.0998525 -0.008110105 -0.04077243 0.08976596 -0.008491575 -0.04269003 0.0798009 -0.009022355 -0.04535859 0.07001698 -0.00955367 -0.0480296 0.06022489 -0.009935438 -0.04994887 0.0502513 -0.01016539 -0.05110508 0.040156 -0.01024216 -0.0514912 0.02999997 -0.01530718 -0.03695511 0.11 -0.0154578 -0.03731852 0.0998525 -0.01590853 -0.03840672 0.08976596 -0.01665687 -0.0402131 0.0798009 -0.01769798 -0.04272699 0.07001698 -0.01874011 -0.0452429 0.06022489 -0.01948899 -0.04705077 0.0502513 -0.01994013 -0.04813987 0.040156 -0.02009081 -0.04850363 0.02999997 -0.02222269 -0.03325873 0.11 -0.02244132 -0.03358578 0.0998525 -0.02309572 -0.03456515 0.08976596 -0.02418196 -0.0361908 0.0798009 -0.02569359 -0.03845328 0.07001698 -0.02720654 -0.04071748 0.06022489 -0.02829372 -0.04234457 0.0502513 -0.02894866 -0.0433247 0.040156 -0.02916735 -0.04365211 0.02999997 -0.02828425 -0.02828425 0.11 -0.02856248 -0.02856248 0.0998525 -0.02939528 -0.02939528 0.08976596 -0.03077787 -0.03077787 0.0798009 -0.03270179 -0.03270179 0.07001698 -0.03462731 -0.03462731 0.06022489 -0.03601104 -0.03601104 0.0502513 -0.03684467 -0.03684467 0.040156 -0.03712308 -0.03712308 0.02999997 -0.03325873 -0.02222269 0.11 -0.03358578 -0.02244132 0.0998525 -0.03456515 -0.02309572 0.08976596 -0.0361908 -0.02418196 0.0798009 -0.03845328 -0.02569359 0.07001698 -0.04071748 -0.02720654 0.06022489 -0.04234457 -0.02829372 0.0502513 -0.0433247 -0.02894866 0.040156 -0.04365211 -0.02916735 0.02999997 -0.03695511 -0.01530718 0.11 -0.03731852 -0.0154578 0.0998525 -0.03840672 -0.01590853 0.08976596 -0.0402131 -0.01665687 0.0798009 -0.04272699 -0.01769798 0.07001698 -0.0452429 -0.01874011 0.06022489 -0.04705077 -0.01948899 0.0502513 -0.04813987 -0.01994013 0.040156 -0.04850363 -0.02009081 0.02999997 -0.0392313 -0.007803559 0.11 -0.0396173 -0.00788033 0.0998525 -0.04077243 -0.008110105 0.08976596 -0.04269003 -0.008491575 0.0798009 -0.04535859 -0.009022355 0.07001698 -0.0480296 -0.00955367 0.06022489 -0.04994887 -0.009935438 0.0502513 -0.05110508 -0.01016539 0.040156 -0.0514912 -0.01024216 0.02999997 -0.03999996 0 0.11 -0.04039335 0 0.0998525 -0.04157119 0 0.08976596 -0.04352647 0 0.0798009 -0.0462473 0 0.07001698 -0.04897046 0 0.06022489 -0.0509274 0 0.0502513 -0.05210626 0 0.040156 -0.05249989 0 0.02999997 -0.0392313 0.007803559 0.11 -0.0396173 0.00788033 0.0998525 -0.04077243 0.008110105 0.08976596 -0.04269003 0.008491575 0.0798009 -0.04535859 0.009022355 0.07001698 -0.0480296 0.00955367 0.06022489 -0.04994887 0.009935438 0.0502513 -0.05110508 0.01016539 0.040156 -0.0514912 0.01024216 0.02999997 -0.03695511 0.01530718 0.11 -0.03731852 0.0154578 0.0998525 -0.03840672 0.01590853 0.08976596 -0.0402131 0.01665687 0.0798009 -0.04272699 0.01769798 0.07001698 -0.0452429 0.01874011 0.06022489 -0.04705077 0.01948899 0.0502513 -0.04813987 0.01994013 0.040156 -0.04850363 0.02009081 0.02999997 -0.03325873 0.02222269 0.11 -0.03358578 0.02244132 0.0998525 -0.03456515 0.02309572 0.08976596 -0.0361908 0.02418196 0.0798009 -0.03845328 0.02569359 0.07001698 -0.04071748 0.02720654 0.06022489 -0.04234457 0.02829372 0.0502513 -0.0433247 0.02894866 0.040156 -0.04365211 0.02916735 0.02999997 -0.02828425 0.02828425 0.11 -0.02856248 0.02856248 0.0998525 -0.02939528 0.02939528 0.08976596 -0.03077787 0.03077787 0.0798009 -0.03270179 0.03270179 0.07001698 -0.03462731 0.03462731 0.06022489 -0.03601104 0.03601104 0.0502513 -0.03684467 0.03684467 0.040156 -0.03712308 0.03712308 0.02999997 -0.02222269 0.03325873 0.11 -0.02244132 0.03358578 0.0998525 -0.02309572 0.03456515 0.08976596 -0.02418196 0.0361908 0.0798009 -0.02569359 0.03845328 0.07001698 -0.02720654 0.04071748 0.06022489 -0.02829372 0.04234457 0.0502513 -0.02894866 0.0433247 0.040156 -0.02916735 0.04365211 0.02999997 -0.01530718 0.03695511 0.11 -0.0154578 0.03731852 0.0998525 -0.01590853 0.03840672 0.08976596 -0.01665687 0.0402131 0.0798009 -0.01769798 0.04272699 0.07001698 -0.01874011 0.0452429 0.06022489 -0.01948899 0.04705077 0.0502513 -0.01994013 0.04813987 0.040156 -0.02009081 0.04850363 0.02999997 -0.007803559 0.0392313 0.11 -0.00788033 0.0396173 0.0998525 -0.008110105 0.04077243 0.08976596 -0.008491575 0.04269003 0.0798009 -0.009022355 0.04535859 0.07001698 -0.00955367 0.0480296 0.06022489 -0.009935438 0.04994887 0.0502513 -0.01016539 0.05110508 0.040156 -0.01024216 0.0514912 0.02999997 0 0.03999996 0.11 0 0.04039335 0.0998525 0 0.04157119 0.08976596 0 0.04352647 0.0798009 0 0.0462473 0.07001698 0 0.04897046 0.06022489 0 0.0509274 0.0502513 0 0.05210626 0.040156 0 0.05249989 0.02999997 0.007803559 0.0392313 0.11 0.00788033 0.0396173 0.0998525 0.008110105 0.04077243 0.08976596 0.008491575 0.04269003 0.0798009 0.009022355 0.04535859 0.07001698 0.00955367 0.0480296 0.06022489 0.009935438 0.04994887 0.0502513 0.01016539 0.05110508 0.040156 0.01024216 0.0514912 0.02999997 0.01530718 0.03695511 0.11 0.0154578 0.03731852 0.0998525 0.01590853 0.03840672 0.08976596 0.01665687 0.0402131 0.0798009 0.01769798 0.04272699 0.07001698 0.01874011 0.0452429 0.06022489 0.01948899 0.04705077 0.0502513 0.01994013 0.04813987 0.040156 0.02009081 0.04850363 0.02999997 0.02222269 0.03325873 0.11 0.02244132 0.03358578 0.0998525 0.02309572 0.03456515 0.08976596 0.02418196 0.0361908 0.0798009 0.02569359 0.03845328 0.07001698 0.02720654 0.04071748 0.06022489 0.02829372 0.04234457 0.0502513 0.02894866 0.0433247 0.040156 0.02916735 0.04365211 0.02999997 0.02828425 0.02828425 0.11 0.02856248 0.02856248 0.0998525 0.02939528 0.02939528 0.08976596 0.03077787 0.03077787 0.0798009 0.03270179 0.03270179 0.07001698 0.03462731 0.03462731 0.06022489 0.03601104 0.03601104 0.0502513 0.03684467 0.03684467 0.040156 0.03712308 0.03712308 0.02999997 0.03325873 0.02222269 0.11 0.03358578 0.02244132 0.0998525 0.03456515 0.02309572 0.08976596 0.0361908 0.02418196 0.0798009 0.03845328 0.02569359 0.07001698 0.04071748 0.02720654 0.06022489 0.04234457 0.02829372 0.0502513 0.0433247 0.02894866 0.040156 0.04365211 0.02916735 0.02999997 0.03695511 0.01530718 0.11 0.03731852 0.0154578 0.0998525 0.03840672 0.01590853 0.08976596 0.0402131 0.01665687 0.0798009 0.04272699 0.01769798 0.07001698 0.0452429 0.01874011 0.06022489 0.04705077 0.01948899 0.0502513 0.04813987 0.01994013 0.040156 0.04850363 0.02009081 0.02999997 0.0392313 0.007803559 0.11 0.0396173 0.00788033 0.0998525 0.04077243 0.008110105 0.08976596 0.04269003 0.008491575 0.0798009 0.04535859 0.009022355 0.07001698 0.0480296 0.00955367 0.06022489 0.04994887 0.009935438 0.0502513 0.05110508 0.01016539 0.040156 0.0514912 0.01024216 0.02999997 0 0.04051882 0.12436 0 0.03962177 0.12436 0 0.03962177 0.122776 0 0.04003888 0.1235859 0 0.02870219 0.128728 0 0.02953815 0.130192 0 0.02954512 0.130363 0 0.02807652 0.128432 0 0.02840232 0.128553 0 0.02936166 0.129523 0 0.02947902 0.12985 0 0.0495451 0.147239 0 0.04939472 0.144111 0 0.02754515 0.12836 0 0.02773469 0.128369 0 0.03994351 0.110845 0 0.02896726 0.128953 0 0.02918922 0.129221 0 0.0495451 0.20036 0 0.02954512 0.2103599 0 0.04756629 0.134921 0 0.04671061 0.13245 0 -0.03495079 0.12836 0 -0.0397439 0.110643 0 0.04840111 0.137937 0 0.04790008 0.135886 0 0.04653239 0.13201 0 0.04571646 0.130162 0 0.04936122 0.143413 0 0.04901266 0.141005 0 0.04391258 0.1267729 0 0.04881227 0.13962 0 0.0400452 0.117918 0 0.04016798 0.119481 0 0.04272997 0.209832 0 0.04332238 0.209576 0 0.04044222 0.210285 0 0.04115229 0.2102259 0 0.04142552 0.210158 0 0.03954511 0.2103599 0 0.04661357 0.2073979 0 0.04687958 0.207154 0 0.04911798 0.203166 0 0.04922902 0.202845 0 0.04933929 0.2021999 0 0.04950666 0.20122 0 0.0423913 0.209917 0 0.044236 0.209182 0 0.0442692 0.209168 0 0.04507362 0.208647 0 0.0456826 0.208253 0 0.04588019 0.208072 0 0.04727053 0.206656 0 0.0478875 0.205869 0 0.04836308 0.204999 0 0.04868721 0.204406 0 0.0487917 0.204105 0 -0.03995478 0.12336 0 -0.0353775 0.128342 0 -0.03993225 0.123833 0 -0.03623312 0.128193 0 0.04950845 0.201209 0 0.04194509 0.123782 0 0.041233 0.122645 0 0.04057395 0.121127 0 -0.03977525 0.124687 0 -0.03947269 0.125501 0 -0.03780412 0.127468 0 -0.03903388 0.126251 0 -0.03847211 0.126913 0 -0.03705018 0.127899 0.03147995 0.02813822 0.123847 0.03196418 0.0276938 0.123815 0.0319541 0.02845889 0.1243579 0.03093606 0.02863752 0.123883 0.03500187 0.02526587 0.12395 0.03460961 0.02511078 0.123622 0.03516215 0.02452331 0.123573 0.0310176 0.02530199 0.111307 0.03263592 0.0231468 0.111291 0.03071296 0.02565222 0.111289 0.03263592 0.0231468 0.111291 0.03363597 0.02169287 0.111333 0.03436839 0.0205053 0.111291 0.03780019 -0.01302313 0.111265 0.03854149 -0.01065725 0.1113409 0.03857845 -0.01050871 0.1113409 0.0286526 0.0437861 0.185702 0.02865093 0.0437867 0.1857039 0.02864885 0.04378718 0.1857039 0 0.04051882 0.12436 0 0.03962177 0.12436 0 0.03962177 0.122776 0 0.04003888 0.1235859 0 0.02773469 0.128369 0 0.02754515 0.12836 0 0.03994351 0.110845 0 0.02840232 0.128553 0 0.02807652 0.128432 0 -0.0397439 0.110643 0 0.02896726 0.128953 0 0.02870219 0.128728 0 -0.03495079 0.12836 0 0.02936166 0.129523 0 0.02918922 0.129221 0 0.02953815 0.130192 0 0.02947902 0.12985 0 0.04939472 0.144111 0 0.0495451 0.147239 0 0.02954512 0.130363 0 0.04671061 0.13245 0 0.04756629 0.134921 0 0.02954512 0.2103599 0 0.04571646 0.130162 0 0.04653239 0.13201 0 0.04790008 0.135886 0 0.04840111 0.137937 0 0.0495451 0.20036 0 0.04391258 0.1267729 0 0.04901266 0.141005 0 0.04936122 0.143413 0 0.04881227 0.13962 0 0.0400452 0.117918 0 0.04016798 0.119481 0 0.04332238 0.209576 0 0.04272997 0.209832 0 0.04142552 0.210158 0 0.04115229 0.2102259 0 0.04044222 0.210285 0 0.03954511 0.2103599 0 0.04687958 0.207154 0 0.04661357 0.2073979 0 0.04922902 0.202845 0 0.04911798 0.203166 0 0.04933929 0.2021999 0 0.04950666 0.20122 0 0.0423913 0.209917 0 0.044236 0.209182 0 0.0442692 0.209168 0 0.04507362 0.208647 0 0.0456826 0.208253 0 0.04588019 0.208072 0 0.04727053 0.206656 0 0.0478875 0.205869 0 0.04836308 0.204999 0 0.04868721 0.204406 0 0.0487917 0.204105 0 -0.03995478 0.12336 0 -0.0353775 0.128342 0 -0.03993225 0.123833 0 -0.03623312 0.128193 0 0.04950845 0.201209 0 0.04194509 0.123782 0 0.041233 0.122645 0 0.04057395 0.121127 0 -0.03780412 0.127468 0 -0.03947269 0.125501 0 -0.03977525 0.124687 0 -0.03903388 0.126251 0 -0.03847211 0.126913 0 -0.03705018 0.127899 -0.03147995 0.02813822 0.123847 -0.03196418 0.0276938 0.123815 -0.0319541 0.02845889 0.1243579 -0.03093606 0.02863752 0.123883 -0.03500187 0.02526587 0.12395 -0.03460961 0.02511078 0.123622 -0.03516215 0.02452331 0.123573 -0.0310176 0.02530199 0.111307 -0.03071296 0.02565222 0.111289 -0.03263592 0.0231468 0.111291 -0.03263592 0.0231468 0.111291 -0.03436839 0.0205053 0.111291 -0.03363597 0.02169287 0.111333 -0.03780019 -0.01302313 0.111265 -0.03854149 -0.01065725 0.1113409 -0.03857845 -0.01050871 0.1113409 -0.0286526 0.0437861 0.185702 -0.02865093 0.0437867 0.1857039 -0.02864885 0.04378718 0.1857039 0.02849185 0.04481732 0.145893 0.02842789 0.0448932 0.146221 0.02855527 0.04473912 0.1455669 0.02599275 0.0448209 0.1419309 0.02621179 0.04475849 0.141973 0.02557843 0.04494088 0.141849 0.02793973 0.02735519 0.110362 0.03000813 0.0250647 0.110362 0.02929633 0.0258522 0.11036 0.03345096 -0.02185642 0.111262 0.0341866 -0.02072185 0.1112869 0.03514099 -0.01903468 0.111265 0.03345096 -0.02185642 0.111262 0.03299278 -0.02257055 0.111272 0.0327773 -0.02286708 0.1112689 -0.02855527 0.04473912 0.1455669 -0.02842789 0.0448932 0.146221 -0.02849185 0.04481732 0.145893 -0.02557843 0.04494088 0.141849 -0.02621179 0.04475849 0.141973 -0.02599275 0.0448209 0.1419309 -0.02929633 0.0258522 0.11036 -0.03000813 0.0250647 0.110362 -0.02793973 0.02735519 0.110362 -0.0327773 -0.02286708 0.1112689 -0.03299278 -0.02257055 0.111272 -0.03345096 -0.02185642 0.111262 -0.03345096 -0.02185642 0.111262 -0.03514099 -0.01903468 0.111265 -0.0341866 -0.02072185 0.1112869 0.02366155 0.0465613 0.1481429 0.02365022 0.0465635 0.148135 0.02363681 0.0465691 0.1481609 0.02310431 0.04588782 0.142578 0.0229603 0.04595965 0.1427209 0.02319508 0.0458554 0.142549 0.02731055 0.04547309 0.1477929 0.02731597 0.04547172 0.147794 0.02748543 0.04540038 0.147642 0.0275551 0.04537165 0.147583 0.02764928 0.04532819 0.147478 0.02777427 0.04527103 0.1473439 0.0277692 0.04527217 0.1473399 0.02814161 0.04507756 0.146809 0.02812939 0.04508048 0.1468009 0.02806752 0.04511868 0.146921 0.02797216 0.04517376 0.147087 0.0279408 0.04518729 0.147117 0.02780127 0.04525715 0.147303 0.02778369 0.04526531 0.147323 0.0282815 0.04498642 0.1465049 0.02828878 0.04498696 0.146517 0.0283885 0.04490226 0.1462039 0.02840507 0.04489958 0.14621 0.0284388 0.04486268 0.146062 0.02849185 0.04481732 0.145893 0.02852731 0.04475778 0.145628 0.02854788 0.04474139 0.145568 0.02853333 0.04475069 0.145599 0.02856868 0.04462659 0.1449919 0.02854359 0.04461669 0.1449069 0.02856886 0.04462695 0.144994 0.02856159 0.04465299 0.145123 0.02857047 0.04463338 0.145031 0.02857178 0.04464101 0.145072 0.02777105 0.0444687 0.142988 0.0278306 0.04446518 0.143061 0.02783215 0.04446417 0.143059 0.0278632 0.04446309 0.1431 0.02793502 0.04446011 0.143193 0.02800291 0.04446065 0.143299 0.02803087 0.04445928 0.143332 0.02812856 0.04446452 0.143506 0.02819919 0.04446643 0.143625 0.02819132 0.04447025 0.143629 0.02738207 0.04449909 0.1425549 0.02735978 0.04451459 0.1425859 0.02754235 0.04448825 0.142737 0.0276851 0.04446041 0.142829 0.02770948 0.04447221 0.142913 0.02785569 0.0444507 0.143039 0.02621179 0.04475849 0.141973 0.02641201 0.04470849 0.14205 0.02651858 0.04468053 0.14208 0.02681297 0.04461383 0.142221 0.02681452 0.04461276 0.142217 0.0268169 0.044613 0.142222 0.0270189 0.04457312 0.1423439 0.02599275 0.0448209 0.1419309 0.0262075 0.0447632 0.141992 0.0263468 0.04472595 0.142032 0.02493768 0.04515081 0.141847 0.0249685 0.04514247 0.14186 0.02557843 0.04494088 0.141849 0.02556598 0.04494708 0.141865 0.02401459 0.04549789 0.142071 0.02431929 0.04538029 0.141983 0.0243135 0.0453794 0.141966 0.02442878 0.0453372 0.141946 0.02494019 0.04515266 0.141864 0.02291256 0.04599565 0.142821 0.02271068 0.04608428 0.142969 0.02296668 0.04596835 0.1427659 0.02320778 0.04585355 0.142565 0.0233795 0.04577171 0.142422 0.02345335 0.0457369 0.142364 0.02373427 0.04561716 0.142217 0.02372711 0.04561746 0.142204 0.02384549 0.0455687 0.142153 0.02392709 0.04553478 0.142116 0.02191728 0.0466206 0.144751 0.02195882 0.04661148 0.144758 0.02193236 0.04660046 0.144646 0.02198207 0.04658836 0.144652 0.0219596 0.0465641 0.144457 0.02206563 0.04650497 0.14427 0.02206927 0.04647451 0.144101 0.02212256 0.04646372 0.144122 0.02211868 0.04643428 0.143941 0.02225786 0.04636579 0.1437709 0.0223369 0.04629349 0.143499 0.0223934 0.0462839 0.143535 0.02236545 0.04627519 0.143442 0.02254962 0.04618918 0.1432639 0.0226925 0.0460934 0.142987 0.0226671 0.0461266 0.1431199 0.02275687 0.04607868 0.143011 0.0220015 0.0467844 0.146095 0.02203989 0.04677349 0.146085 0.02198249 0.04678267 0.146039 0.0220071 0.04676628 0.145958 0.02189165 0.0467385 0.145514 0.02193385 0.04672217 0.145474 0.02189028 0.0467261 0.145425 0.02193385 0.04671478 0.1454229 0.0218836 0.04666572 0.144985 0.02193385 0.0466513 0.144976 0.02195638 0.04661417 0.144769 0.02228659 0.04678159 0.146709 0.02222687 0.04678589 0.146603 0.02215069 0.04679787 0.1465359 0.02212858 0.04678028 0.146338 0.02205127 0.04677593 0.14613 0.0228182 0.04672396 0.1474879 0.02264708 0.04674702 0.147272 0.02261716 0.04675716 0.147298 0.02249938 0.04676699 0.147086 0.02225166 0.04679238 0.146727 0.0223059 0.0467897 0.14683 0.02240157 0.04678452 0.1470119 0.02272891 0.04674309 0.147446 0.02308362 0.046682 0.147785 0.0231083 0.04667258 0.147753 0.02312666 0.04667448 0.147826 0.0232234 0.04665219 0.147859 0.02318882 0.04666185 0.147868 0.02358531 0.04658097 0.148138 0.02413177 0.04645258 0.148349 0.02408969 0.04646569 0.14837 0.0241636 0.04644519 0.1483629 0.02554523 0.04607558 0.1485379 0.02554148 0.04607385 0.148506 0.02523338 0.04616427 0.1485339 0.0242576 0.0464214 0.148387 0.02425038 0.04642546 0.148413 0.02466809 0.04631817 0.148491 0.02462846 0.04633092 0.148515 0.02489608 0.04625618 0.148509 0.02489393 0.04625946 0.148541 0.02515012 0.04619038 0.148566 0.0273354 0.04547011 0.147826 0.02726101 0.04549312 0.147833 0.02685719 0.04565143 0.148144 0.02680677 0.04566526 0.148128 0.0257914 0.04600048 0.148482 0.02574688 0.04601699 0.148524 0.02617388 0.04587936 0.148383 0.02618318 0.04587948 0.148414 0.0262981 0.04584008 0.148351 0.02632308 0.04583531 0.148379 0.02677118 0.04567748 0.148144 0.02678698 0.04567569 0.148175 0.02679729 0.04567211 0.148171 0.02842181 0.04448103 0.1440359 0.02828258 0.04445421 0.1437 0.02834016 0.04448658 0.143931 0.02823925 0.0444746 0.1437219 0.02856856 0.04462599 0.144989 0.02857017 0.04461437 0.14493 0.02856326 0.04461169 0.144906 0.02856689 0.04461073 0.144906 0.02852153 0.04455983 0.1445749 0.02847909 0.04451119 0.144263 0.02844709 0.04451787 0.144249 0.02847397 0.04450851 0.144242 0.02842491 0.04448258 0.144048 0.02827787 0.04448288 0.143822 0.02841377 0.04451245 0.1441749 0.02843165 0.04452246 0.144252 0.02852189 0.04457277 0.144645 0.02842789 0.0448932 0.146221 0.02741932 0.04543489 0.147756 0.02743619 0.04542779 0.147742 0.02780139 0.04526567 0.147369 0.02781838 0.04525816 0.147352 0.02815681 0.04508113 0.1468639 0.02817308 0.04507052 0.146829 0.0284084 0.04491692 0.146322 0.0284211 0.0449016 0.146257 0.02317738 0.0458545 0.142527 0.02359187 0.0456658 0.142237 0.02371329 0.04561489 0.14218 0.02409428 0.04545557 0.142001 0.02430468 0.04537492 0.141943 0.02466565 0.0452367 0.141845 0.02493286 0.04514396 0.141822 0.02557849 0.04493165 0.1418229 0.02535259 0.0450021 0.141804 0.02524238 0.04503649 0.141795 0.02582401 0.04485511 0.141843 0.02719789 0.04453796 0.142451 0.02730011 0.04450953 0.142481 0.02685147 0.04459303 0.142192 0.02683013 0.0445981 0.1421819 0.02639317 0.0446996 0.14199 0.02621799 0.04474759 0.141945 0.02827787 0.04445338 0.143689 0.02823138 0.04445129 0.143609 0.02806717 0.04444438 0.143328 0.02801078 0.04444193 0.143231 0.03722256 0.03054517 0.155714 0.03722351 0.0305373 0.155717 0.03721868 0.03045988 0.155716 0.03722631 0.03048175 0.1557379 0.03722745 0.03046011 0.155746 0.03722941 0.0304206 0.155761 0.03723186 0.03037345 0.155779 0.03719085 0.03028899 0.155727 0.03721839 0.03045099 0.155716 0.03722959 0.03035366 0.155788 0.03722232 0.03028988 0.155817 0.0371896 0.0302813 0.155727 0.03722095 0.0302779 0.155822 0.03721153 0.03019535 0.15586 0.03713613 0.03012573 0.155748 0.03720849 0.03018516 0.155865 0.03719139 0.03012698 0.155897 0.03713399 0.03011929 0.155749 0.03717619 0.03007572 0.155925 0.0370559 0.02997499 0.15578 0.03716641 0.03004258 0.155943 0.03713333 0.0299772 0.155986 0.03705322 0.0299701 0.155781 0.0370993 0.02990949 0.156031 0.03695279 0.02984166 0.155821 0.03709203 0.02989536 0.15604 0.03705257 0.0298438 0.156083 0.03694999 0.02983808 0.155822 0.03700137 0.02977722 0.156137 0.03682965 0.02972936 0.155869 0.03695017 0.0297324 0.156185 0.03682702 0.0297271 0.15587 0.03693467 0.02971869 0.156199 0.03669029 0.02964162 0.155924 0.03688526 0.02967548 0.1562449 0.03683096 0.02964448 0.156291 0.03668808 0.02964031 0.155925 0.03676277 0.02960562 0.156348 0.0365374 0.02958059 0.155984 0.0367453 0.02959811 0.1563619 0.03669846 0.02958399 0.1563979 0.03661519 0.02955859 0.156462 0.03637951 0.02954953 0.156046 0.03655678 0.02955299 0.156504 0.03647768 0.02954512 0.156562 0.03629189 0.02954512 0.156081 0.0137664 0.0485931 0.19769 0.01373189 0.04859787 0.197701 0.01381129 0.0485869 0.197678 0.01443433 0.04849797 0.19745 0.01550436 0.04833585 0.1495839 0.01193434 0.0488258 0.198356 0.01273202 0.0487312 0.198086 0.01372003 0.04859948 0.197702 0.01372599 0.04859858 0.197702 0.01565605 0.04830956 0.196928 0.01604753 0.04824918 0.196761 0.01699489 0.04808908 0.149955 0.01550322 0.04833602 0.1495749 0.01550143 0.04833632 0.149572 0.01079493 0.0489608 0.198743 0.01549702 0.0483371 0.1495659 0.01548951 0.04833829 0.149558 0.01547288 0.04834079 0.149545 0.01542115 0.04834896 0.149515 0.01492077 0.04842519 0.1493279 0.01472735 0.04845476 0.149256 0.01353788 0.04862457 0.148918 0.012102 0.04881018 0.148596 0.01135879 0.04889541 0.148478 0.01079481 0.04896008 0.148388 0.01069897 0.04897111 0.148373 0.01018995 0.0490247 0.148335 0.0101158 0.04903215 0.148341 0.01007938 0.04903578 0.148355 0.01007676 0.04903638 0.148358 0.01008677 0.04903519 0.148349 0.01009553 0.04903423 0.148346 0.004552364 0.04943799 0.147495 0.004552364 0.04943794 0.2000679 0.006079912 0.04935938 0.199853 0.00616163 0.04935508 0.199841 0.008067905 0.04921799 0.199464 0.004943907 0.04942286 0.147531 0.009446859 0.04909795 0.199129 0.00817883 0.04921019 0.199442 0.007648468 0.04924917 0.1479189 0.007395327 0.0492714 0.147873 0.009472429 0.04909557 0.199131 0.009593486 0.04908388 0.199106 0.009450197 0.04909759 0.199133 0.009455144 0.04909718 0.199133 0.00994724 0.04904913 0.199015 0.01002985 0.04904067 0.19899 0.01068109 0.04897308 0.198789 0.01077663 0.04896277 0.1987529 0.01078569 0.04896169 0.198746 7.59905e-4 0.04954218 0.147247 0 0.0495451 0.147239 0 0.0495451 0.20036 0.002038002 0.04952412 0.200303 0.002061188 0.04952389 0.200302 0.004067361 0.04946196 0.200133 0.004115045 0.04946047 0.200129 0.003862082 0.04946488 0.147432 0.002819359 0.04950535 0.147336 0.01699447 0.04808706 0.196278 0.01743078 0.04801231 0.196056 0.01770228 0.04796588 0.195917 0.01901245 0.04772108 0.1951259 0.01911735 0.04770022 0.195053 0.02013891 0.04749619 0.194341 0.02234846 0.0470159 0.1512989 0.02064067 0.04739177 0.193901 0.0206694 0.04738545 0.19388 0.02190208 0.04711288 0.151187 0.02010911 0.04750239 0.150736 0.01839959 0.04782658 0.1503069 0.02057492 0.04740566 0.193994 0.01715558 0.04806256 0.149994 0.02221482 0.04704618 0.192723 0.02224278 0.0470401 0.1927019 0.02312618 0.04682403 0.151491 0.02312785 0.04683089 0.191941 0.02367049 0.04670268 0.191475 0.02375245 0.04668325 0.191404 0.02504032 0.04635828 0.190151 0.02516895 0.04632598 0.190026 0.02632004 0.04601818 0.188755 0.02648687 0.04597359 0.188571 0.02750533 0.04568696 0.187292 0.02770119 0.0456317 0.187046 0.02859795 0.04536849 0.185771 0.02864342 0.0453552 0.185706 0.02872043 0.04533207 0.185624 0.0289644 0.04525858 0.185289 0.0291711 0.04519516 0.184966 0.0290082 0.04524528 0.153477 0.02886193 0.04528951 0.152867 0.02554118 0.04622828 0.152085 0.0321387 0.04423993 0.1783429 0.03213775 0.04424023 0.178338 0.0321356 0.04424095 0.178335 0.02964657 0.04504919 0.1842229 0.03065729 0.04472982 0.18165 0.02972769 0.04502421 0.184097 0.03044372 0.04479837 0.182811 0.03054815 0.04476451 0.182592 0.03111535 0.04458117 0.181402 0.03131276 0.04451578 0.180898 0.03169095 0.04439073 0.179933 0.03193128 0.04430997 0.179152 0.03206282 0.04426562 0.178724 0.03213459 0.0442413 0.1784009 0.03213918 0.04423969 0.178353 0.0253883 0.04626613 0.152047 0.02917122 0.0451954 0.154062 0.02956557 0.04507458 0.155474 0.02980011 0.04500102 0.156163 0.0323981 0.04415112 0.177365 0.03101879 0.0446127 0.159376 0.03260809 0.04407936 0.176589 0.03281241 0.04400837 0.175573 0.03327929 0.04384547 0.171934 0.0322597 0.04419845 0.162851 0.03327459 0.04384708 0.17214 0.03319746 0.0438739 0.173067 0.03327435 0.04384696 0.168579 0.03324341 0.04385787 0.168267 0.03328937 0.04384183 0.1701 0.03310108 0.04390788 0.166823 0.03303813 0.04392969 0.166443 0.03281188 0.04400885 0.165075 0.03270936 0.04404413 0.164636 0.03329902 0.04383856 0.171075 0.03240662 0.04414856 0.163338 0.03310483 0.04390645 0.1737599 0.03188782 0.04432463 0.161622 0.03169137 0.04439008 0.161098 0.03296208 0.04395639 0.17483 0.03125125 0.04453659 0.159923 0.0302363 0.04486441 0.157442 0.02842032 0.02954512 0.141026 0.0341416 0.02954512 0.144362 0.03417968 0.02954512 0.146316 0.03720968 0.02954512 0.155865 0.03722518 0.02954512 0.155821 0.0374431 0.02954512 0.156288 0 0.02954512 0.130363 0.0212416 0.02954512 0.136472 0.02270072 0.02954512 0.137425 0.03723222 0.02954512 0.1557599 0.0372315 0.02954512 0.155788 0.03722923 0.02954512 0.155737 0.03722256 0.02954512 0.155714 0.02518105 0.02954512 0.1390579 0.02550137 0.02954512 0.139252 0.02836012 0.02954512 0.140989 0.03418666 0.02954512 0.146399 0.03434056 0.02954512 0.148259 0.03445249 0.02954512 0.149022 0.03555089 0.02954512 0.153979 0.03561311 0.02954512 0.154159 0 0.02954512 0.2103599 0.03615528 0.02954512 0.155727 0.01328551 0.02954512 0.132637 0.01515638 0.02954512 0.133343 0.03462386 0.02954512 0.150189 0.0349254 0.02954512 0.151615 0.0350281 0.02954512 0.152101 0.01602566 0.02954512 0.133727 0.0171824 0.02954512 0.134238 0.01868391 0.02954512 0.135004 0.03709936 0.02954512 0.1560299 0.0371145 0.02954512 0.156014 0.002220094 0.02954512 0.130424 0.004427254 0.02954512 0.130608 0.004681885 0.02954512 0.130643 0.007594466 0.02954512 0.1311039 0.008822858 0.02954512 0.131346 0.001742362 0.02954512 0.130411 0.01046818 0.02954512 0.131766 0.01096838 0.02954512 0.1318939 3.414e-6 0.02954512 0.130363 0.01308351 0.02954512 0.132561 0.01913958 0.02954512 0.135236 0.02105075 0.02954512 0.1363469 0.03717851 0.02954512 0.155925 0.006630659 0.02954512 0.130915 0.0179702 0.02954512 0.2060959 0.01383936 0.02954512 0.207889 0.009533166 0.02954512 0.2092069 0.03173899 0.02954512 0.1947039 0.0288015 0.02954512 0.198117 0.02549898 0.02954512 0.201179 0.02187317 0.02954512 0.203849 0.005106091 0.02954512 0.210032 6.14389e-4 0.02954512 0.210355 0.03878748 0.02954512 0.1605859 0.03964018 0.02954512 0.165008 0.0363751 0.02954512 0.186999 0.03999066 0.02954512 0.169497 0.0398342 0.02954512 0.1739979 0.0391727 0.02954512 0.178452 0.03801482 0.02954512 0.182804 0.03696388 0.02954512 0.156174 0.03693419 0.02954512 0.156197 0.03427428 0.02954512 0.190982 0.002372682 0.03942793 0.11036 0.003394067 0.03954887 0.110599 0.003371894 0.03932648 0.11036 0.002195477 0.03944593 0.11036 0.002316892 0.03997033 0.110902 0.03829091 0.01160687 0.111361 0.03825706 0.01159662 0.111326 0.03820651 0.0118612 0.111361 0.0381962 0.01185876 0.111297 0.03782397 0.01301485 0.11136 0.03759217 0.01371359 0.11136 0.03715991 0.01484209 0.111291 0.03714776 0.01483726 0.111358 0.03587615 0.01772886 0.111291 0.0361815 0.01706671 0.111353 0.03677153 0.01578849 0.111356 0.03479033 0.01978415 0.111343 0.03583663 0.01781404 0.111351 0.03587591 0.01772886 0.111351 0.03363597 0.02169287 0.111333 0.03410637 0.02091509 0.111337 0.03436839 0.0205053 0.111291 0.03435808 0.02049899 0.111339 0.0310176 0.02530199 0.111307 0.03162366 0.02451378 0.1113139 0.03263592 0.0231468 0.111291 0.03071296 0.02565222 0.111289 0.03071457 0.0256536 0.111304 0.03237706 0.02353394 0.111321 0.03263986 0.0231496 0.111324 0.0280143 0.02859681 0.111274 0.02859437 0.02799499 0.11128 0.02858632 0.02798718 0.111134 0.02876305 0.02782005 0.111282 0.02956169 0.0269913 0.111291 0.02977442 0.0267446 0.111294 0.03070259 0.0256437 0.111134 0.02629172 0.03015619 0.111134 0.02637976 0.03011351 0.111254 0.02466332 0.03153663 0.111232 0.02555865 0.03079438 0.111243 0.02630692 0.03017383 0.111253 0.02383315 0.03213745 0.111134 0.02384078 0.03214788 0.111221 0.02127891 0.03391551 0.111187 0.02204966 0.03340256 0.111198 0.02122581 0.03391844 0.111134 0.02303212 0.03274863 0.111211 0.01846385 0.03544545 0.110982 0.019315 0.03507268 0.11116 0.0198729 0.03474408 0.111168 0.01728928 0.0361157 0.111131 0.01827478 0.03560829 0.111145 0.01849025 0.0354973 0.1111479 0.01308518 0.0378443 0.11107 0.01428288 0.0373913 0.111087 0.01561218 0.03679221 0.110982 0.01521039 0.03704035 0.111101 0.01563686 0.03685069 0.111107 0.01092046 0.03852558 0.111037 0.01268112 0.03797143 0.111064 0.01264041 0.03784209 0.11084 0.01287233 0.03791123 0.111066 0.009647846 0.0388481 0.111018 0.01012039 0.03872829 0.111025 0.009617805 0.03872179 0.11084 0.0042575 0.03981792 0.110933 0.005836725 0.03960359 0.110958 0.006519854 0.03926855 0.110712 0.003403723 0.03966075 0.110712 0.003418505 0.03988385 0.1109189 0.006499648 0.03951352 0.110969 0.006560564 0.03950172 0.11097 0.007281959 0.03936189 0.110981 0 0.03994351 0.110845 2.60551e-4 0.03995025 0.110851 1.62282e-4 0.03990674 0.110809 2.65402e-4 0.03995037 0.110851 2.56913e-4 0.0398854 0.110788 0.001484096 0.03998166 0.1108829 0.001163244 0.03967988 0.110588 0.001889467 0.03999209 0.110894 0.00200361 0.03999495 0.110896 0.007060885 0.03877109 0.11036 0.006581783 0.03887516 0.11036 0.006501436 0.03915768 0.110599 0.006458938 0.03889465 0.11036 0.004381418 0.03922402 0.11036 0.00953722 0.03839761 0.1105059 0.009485065 0.03820288 0.11036 0.008795201 0.03839415 0.11036 0.01091998 0.0378049 0.11036 0.01253443 0.03752523 0.1105059 0.0121771 0.03737926 0.11036 0.01248949 0.0373907 0.110434 0.01245397 0.0372855 0.11036 0.01533591 0.03614872 0.11036 0.0151202 0.03624999 0.11036 0.0153982 0.03628844 0.110434 0.0130434 0.03708595 0.11036 0.01829653 0.0346778 0.11036 0.01811385 0.03477615 0.11036 0.01821058 0.03496009 0.110434 0.01712203 0.0353108 0.11036 0.0209096 0.0334137 0.110434 0.02082926 0.03328543 0.110386 0.01959013 0.03403043 0.110386 0.01909035 0.03424996 0.11036 0.02078336 0.03321158 0.11036 0.02098643 0.03308707 0.11036 0.02338778 0.03153777 0.110386 0.0233103 0.03143429 0.11036 0.0228067 0.03182613 0.11036 0.02622681 0.02900981 0.11036 0.02569526 0.02947288 0.11036 0.0258004 0.02959352 0.110386 0.02455705 0.03046447 0.11036 0.02792602 0.0273422 0.11036 0.02781289 0.0274651 0.11036 0.02793973 0.02735519 0.110362 0.02716708 0.02809417 0.11036 0.02805215 0.0274651 0.110386 0.03000813 0.0250647 0.110362 0.02996999 0.02503317 0.11036 0.02929633 0.0258522 0.11036 0.03200531 0.02236545 0.11036 0.03184378 0.0225858 0.11036 0.0318892 0.02261817 0.110362 0.030698 0.02414828 0.11036 0.03357148 0.02003085 0.110362 0.03350937 0.01999413 0.11036 0.03318387 0.02055877 0.11036 0.03504419 0.01731878 0.110362 0.03497356 0.01728379 0.11036 0.03428333 0.01865166 0.11036 0.03622758 0.01447099 0.11036 0.03612649 0.0147413 0.11036 0.03629809 0.01449888 0.110362 0.03527337 0.01668983 0.11036 0.03689575 0.01268309 0.11036 0.03730988 0.0115903 0.110389 0.03725498 0.01156699 0.11036 0.0373696 0.01132917 0.110396 0.03733503 0.0113188 0.11036 0.0374273 0.01163965 0.1104429 0.03743839 0.01134979 0.110468 0.03738451 0.0113337 0.110412 0.03755629 0.0113855 0.110591 0.0375514 0.01138395 0.110586 0.03755229 0.01168769 0.110498 0.03749579 0.0113672 0.110528 0.03745591 0.01135516 0.110486 0.03761917 0.01140433 0.110657 0.03767579 0.01173156 0.11057 0.03765332 0.0114147 0.110693 0.0376839 0.01142382 0.110725 0.03779363 0.01176965 0.110659 0.0377497 0.01144379 0.110794 0.03788286 0.01148378 0.110934 0.03786695 0.01147902 0.110917 0.03790259 0.011801 0.110765 0.0378164 0.01146388 0.110864 0.03775948 0.01144665 0.110804 0.0379486 0.01150369 0.111003 0.03799957 0.01182478 0.110886 0.0379731 0.01151102 0.111028 0.03801333 0.01152318 0.11107 0.03808254 0.01184129 0.111018 0.03807502 0.0115419 0.111135 0.03814929 0.0118516 0.111158 0.03813636 0.01156038 0.111199 0.03824698 0.01159363 0.111315 0.03819358 0.01157748 0.111259 0.03817051 0.01157069 0.111235 0.009568274 0.0385226 0.110599 0.009595394 0.03863149 0.110712 0.00872302 0.0390824 0.111003 0.01261097 0.03775388 0.110712 0.01257532 0.0376473 0.110599 0.01558429 0.03672647 0.11084 0.01554787 0.03664088 0.110712 0.015504 0.0365374 0.110599 0.01545363 0.03641897 0.1105059 0.0184307 0.03538209 0.11084 0.01838779 0.03529953 0.110712 0.01833581 0.03519994 0.110599 0.01827627 0.03508579 0.1105059 0.02098488 0.03353399 0.1105059 0.02105337 0.033643 0.110599 0.02111291 0.03373819 0.110712 0.02116239 0.03381705 0.11084 0.02120029 0.03387767 0.110982 0.02123808 0.03393959 0.111187 0.02380448 0.03209882 0.110982 0.0237618 0.03204149 0.11084 0.02370631 0.0319668 0.110712 0.0236395 0.03187656 0.110599 0.02356261 0.0317732 0.1105059 0.02347815 0.03165936 0.110434 0.02626013 0.03011995 0.110982 0.0262131 0.03006619 0.11084 0.02615195 0.02999603 0.110712 0.0260781 0.02991139 0.110599 0.0259934 0.02981448 0.1105059 0.02590006 0.02970767 0.110434 0.02855199 0.02795356 0.110982 0.02850085 0.02790349 0.11084 0.02843421 0.0278384 0.110712 0.02835392 0.0277599 0.110599 0.02826189 0.02767008 0.1105059 0.02816045 0.0275709 0.110434 0.03066569 0.02561289 0.110982 0.03061074 0.02556717 0.11084 0.03053927 0.0255075 0.110712 0.0304529 0.02543568 0.110599 0.0303542 0.02535319 0.1105059 0.03024518 0.02526235 0.110434 0.03012889 0.02516531 0.110386 0.03262728 0.02314049 0.111134 0.032588 0.02311277 0.110982 0.03252965 0.0230714 0.11084 0.03245359 0.02301776 0.110712 0.03236198 0.02295285 0.110599 0.03225696 0.0228784 0.1105059 0.03214108 0.02279645 0.110434 0.03201752 0.02270895 0.110386 0.03434818 0.02049332 0.111134 0.034307 0.02046877 0.110982 0.03424555 0.02043217 0.11084 0.03416556 0.02038455 0.110712 0.03406906 0.02032709 0.110599 0.03395849 0.02026122 0.1105059 0.0338366 0.02018862 0.110434 0.03370642 0.02011126 0.110386 0.03585505 0.01771849 0.111134 0.03581196 0.01769727 0.110982 0.03574782 0.01766568 0.11084 0.03566431 0.01762443 0.110712 0.03556352 0.0175749 0.110599 0.03544819 0.01751798 0.1105059 0.03532093 0.01745522 0.110434 0.03518503 0.01738828 0.110386 0.03713816 0.01483339 0.111134 0.03709346 0.01481562 0.110982 0.03702706 0.01478916 0.11084 0.03694057 0.01475477 0.110712 0.0368362 0.0147131 0.110599 0.03671663 0.0146656 0.1105059 0.03658485 0.01461309 0.110434 0.03644412 0.01455706 0.110386 0.0317915 -0.0226913 0.110363 0.03162646 -0.02287 0.11036 0.03265798 -0.02133697 0.11036 0.03894072 -0.003312647 0.110363 0.03884088 -0.003304183 0.11036 0.03893858 -0.002146661 0.11036 0.03853309 -0.006501734 0.110363 0.03844815 -0.006499469 0.11036 0.03875458 -0.004328608 0.11036 0.0378645 -0.009646594 0.110363 0.03777128 -0.009622633 0.11036 0.03799796 -0.008752346 0.11036 0.03676307 -0.01300203 0.11036 0.03686076 -0.01269859 0.11036 0.03693991 -0.01272577 0.110363 0.03743582 -0.01091039 0.11036 0.03576529 -0.01571851 0.110363 0.03569096 -0.01568549 0.11036 0.0359596 -0.01509058 0.11036 0.03434872 -0.01860469 0.110363 0.0342887 -0.01857227 0.11036 0.03502786 -0.01715445 0.11036 0.03269976 -0.02136451 0.110363 0.03288245 -0.0210033 0.11036 0.03400987 -0.01910686 0.11036 0.03082948 -0.02397966 0.110363 0.03080177 -0.02395838 0.11036 0.03037142 -0.02455621 0.110363 0.02875071 -0.02643179 0.11036 0.02885919 -0.02631765 0.11036 0.0288766 -0.02654802 0.110393 0.02988559 -0.0251097 0.11036 0.0265932 -0.02883136 0.110393 0.02648878 -0.02871859 0.11036 0.0273351 -0.02792131 0.11036 0.02403622 -0.0308597 0.11036 0.02406388 -0.03083658 0.11036 0.02412992 -0.03091925 0.110393 0.02572435 -0.02943867 0.11036 0.02159297 -0.0329343 0.1104519 0.02054172 -0.03333979 0.11036 0.02150338 -0.03279769 0.110393 0.02145737 -0.03272837 0.11036 0.02227187 -0.03218448 0.11036 0.01856958 -0.03451251 0.11036 0.01871407 -0.03442728 0.11036 0.01880931 -0.03459733 0.1104519 0.02045059 -0.03340077 0.11036 0.01460349 -0.03643023 0.11036 0.01583236 -0.03587776 0.11036 0.01589858 -0.03602606 0.1104519 0.01661443 -0.03552609 0.11036 0.01292943 -0.03735309 0.110538 0.01284068 -0.03710979 0.11036 0.01335799 -0.03691035 0.11036 0.01595938 -0.03616392 0.110538 0.009812057 -0.03828918 0.110538 0.0105338 -0.0378707 0.11036 0.01261657 -0.03719609 0.11036 0.006840527 -0.03875118 0.11036 0.008409738 -0.03842961 0.11036 0.009756207 -0.03807532 0.11036 0.006301522 -0.03886169 0.11036 0.006650567 -0.03909748 0.110649 0.004205763 -0.03917378 0.11036 0.003410995 -0.03951174 0.110649 0.003387153 -0.03924983 0.11036 0.003432095 -0.03979325 0.110906 0.001066327 -0.03955048 0.110494 0.002025187 -0.03937643 0.11036 0.002197623 -0.0398944 0.110891 0.001471281 -0.03984457 0.110809 1.45281e-4 -0.03971755 0.110623 1.47781e-4 -0.03975397 0.11066 0 -0.0397439 0.110643 0.006569564 -0.0394085 0.110944 0.006448805 -0.03943145 0.110943 0.006049156 -0.03948587 0.110938 0.004331648 -0.03971958 0.110917 0.006700754 -0.03938335 0.1109459 0.006669402 -0.03920829 0.110782 0.008541822 -0.0390321 0.110968 0.009872972 -0.03852725 0.110782 0.009912848 -0.03869408 0.110985 0.01055455 -0.03853577 0.110993 0.01300972 -0.03758531 0.110782 0.01262819 -0.03790909 0.111019 0.0106039 -0.03852367 0.110994 0.0160585 -0.03638887 0.110782 0.01609379 -0.0364691 0.110931 0.01491659 -0.03706145 0.111047 0.01460838 -0.03719168 0.111043 0.01375389 -0.03750121 0.111033 0.01306682 -0.03775018 0.111024 0.01855939 -0.03538841 0.111092 0.01652765 -0.03638041 0.1110669 0.01612722 -0.03654968 0.111062 0.0204423 -0.0343365 0.111116 0.01908063 -0.0350973 0.111099 0.0190404 -0.03502285 0.110931 0.02210849 -0.03328418 0.111136 0.02190506 -0.03341269 0.111134 0.02185809 -0.03333926 0.110931 0.0245651 -0.03147757 0.1110939 0.02299207 -0.0326693 0.111147 0.0222643 -0.03318578 0.111138 0.02707272 -0.02935189 0.1110939 0.02659976 -0.02980965 0.111192 0.02570068 -0.03060555 0.111181 0.02457898 -0.0314958 0.111167 0.02401876 -0.03194063 0.11116 0.02889645 -0.02761328 0.111221 0.02730548 -0.02918499 0.111201 0.02709221 -0.02937376 0.111198 0.03030878 -0.02605789 0.111239 0.02985656 -0.02655589 0.111233 0.02939713 -0.02702748 0.1110939 0.02941399 -0.02704328 0.111227 0.03271776 -0.02294898 0.111268 0.03343498 -0.02184599 0.1110939 0.0327773 -0.02286708 0.1112689 0.03345096 -0.02185642 0.111262 0.031699 -0.024351 0.111256 0.03152275 -0.02451986 0.1110939 0.03154635 -0.02453833 0.111254 0.0341866 -0.02072185 0.1112869 0.03345298 -0.02185779 0.1112779 0.03299278 -0.02257055 0.111272 0.03514099 -0.01903468 0.111265 0.03514719 -0.01903796 0.111299 0.03659826 -0.01608568 0.111265 0.03658938 -0.01608175 0.111316 0.03626018 -0.01684236 0.111312 0.03527683 -0.01881057 0.1113 0.03780019 -0.01302313 0.111265 0.0377981 -0.0130223 0.1113319 0.03874629 -0.009872257 0.111265 0.03873699 -0.009869992 0.111343 0.03857845 -0.01050871 0.1113409 0.03789508 -0.0127595 0.111333 0.0390715 -0.008522987 0.111348 0.03977572 -0.004183948 0.111357 0.0395314 -0.006004095 0.111354 0.03943032 -0.006654202 0.111265 0.03984755 -0.003390908 0.111265 0.03983819 -0.003390192 0.111358 0.03948318 -0.006362915 0.111353 0.03942781 -0.006653726 0.111352 0.03999608 -1.04309e-4 0.11136 0.03996258 -0.001420259 0.111359 0.03996551 -1.07075e-4 0.111273 0.0399481 -0.001992404 0.111359 0.0399658 4.52e-5 0.1112779 0.03999996 4.52e-5 0.11136 0.03990089 4.52e-5 0.111122 0.03991633 -1.11591e-4 0.111113 0.03983461 4.52e-5 0.110963 0.03985869 -1.11198e-4 0.110953 0.0398336 4.52e-5 0.110961 0.03976869 4.52e-5 0.110805 0.03978312 -1.0725e-4 0.1108 0.03976738 4.52e-5 0.110802 0.03970533 4.52e-5 0.110653 0.03968739 -1.049e-4 0.110667 0.03970372 4.52e-5 0.110649 0.0395556 4.52e-5 0.110588 0.0395497 -1.08166e-4 0.110577 0.0395506 4.52e-5 0.110586 0.03939753 4.52e-5 0.110523 0.03940039 -1.0973e-4 0.110495 0.03939133 4.52e-5 0.110521 0.03923809 4.52e-5 0.110458 0.0392425 -1.06495e-4 0.110424 0.039231 4.52e-5 0.110455 0.03908199 4.52e-5 0.110393 0.03908497 -1.00975e-4 0.110363 0.03907418 4.52e-5 0.11039 0.03899586 -1.00552e-4 0.11036 0.03899997 4.52e-5 0.11036 0.03096449 -0.0240848 0.110393 0.0160132 -0.03628599 0.110649 0.01297307 -0.03747928 0.110649 0.009845137 -0.03841859 0.110649 0.0065943 -0.03880167 0.11036 0.0245279 -0.03142988 0.110931 0.02181005 -0.03326588 0.110782 0.02447408 -0.0313608 0.110782 0.0217486 -0.03317207 0.110649 0.02440506 -0.03127217 0.110649 0.0216754 -0.03306037 0.110538 0.02432292 -0.03116697 0.110538 0.02423036 -0.03104799 0.1104519 0.01899856 -0.03494572 0.110782 0.01894491 -0.03484714 0.110649 0.01888126 -0.03472971 0.110538 0.03147512 -0.02448272 0.110931 0.0333845 -0.02181285 0.110931 0.03140598 -0.0244289 0.110782 0.03331112 -0.02176487 0.110782 0.03131735 -0.02435988 0.110649 0.03321725 -0.02170336 0.110649 0.03121215 -0.0242778 0.110538 0.03310555 -0.02163022 0.110538 0.03109323 -0.02418518 0.1104519 0.03297948 -0.02154779 0.1104519 0.03284287 -0.0214582 0.110393 0.02935278 -0.02698653 0.110931 0.02928829 -0.02692717 0.110782 0.02920562 -0.02685111 0.110649 0.02910745 -0.02676069 0.110538 0.0289967 -0.02665865 0.1104519 0.03028738 -0.02463716 0.11036 0.02703171 -0.0293076 0.110931 0.02697235 -0.02924305 0.110782 0.02689629 -0.02916043 0.110649 0.02680593 -0.02906227 0.110538 0.02670389 -0.02895146 0.1104519 0.03981631 -0.003388226 0.1110939 0.03975611 -0.00338304 0.110931 0.03966873 -0.00337553 0.110782 0.03955698 -0.003365874 0.110649 0.039424 -0.00335443 0.110538 0.03927379 -0.003341436 0.1104519 0.03911113 -0.003327429 0.110393 0.0393995 -0.006649017 0.1110939 0.0393399 -0.006638824 0.110931 0.03925347 -0.006624162 0.110782 0.03914272 -0.006605327 0.110649 0.03901118 -0.006582975 0.110538 0.0388627 -0.006557822 0.1104519 0.03870165 -0.006530404 0.110393 0.03871589 -0.009864509 0.1110939 0.03865742 -0.009849488 0.110931 0.03857249 -0.009827733 0.110782 0.03846377 -0.009799957 0.110649 0.03833442 -0.009766817 0.110538 0.03818839 -0.009729444 0.1104519 0.0380302 -0.009688973 0.110393 0.0377705 -0.01301282 0.1110939 0.0377134 -0.01299309 0.110931 0.03763049 -0.01296448 0.110782 0.03752446 -0.01292783 0.110649 0.03739833 -0.01288419 0.110538 0.037256 -0.0128349 0.1104519 0.0371015 -0.01278162 0.110393 0.03656959 -0.01607292 0.1110939 0.03651428 -0.01604855 0.110931 0.03643405 -0.01601326 0.110782 0.03633123 -0.01596796 0.110649 0.0362091 -0.0159142 0.110538 0.0360713 -0.0158534 0.1104519 0.03592187 -0.01578748 0.110393 0.0351212 -0.01902395 0.1110939 0.03506809 -0.01899516 0.110931 0.0349909 -0.01895338 0.110782 0.03489238 -0.01889973 0.110649 0.03477501 -0.01883608 0.110538 0.03464251 -0.01876413 0.1104519 0.03449898 -0.01868629 0.110393 0 0.0400452 0.117918 7.49887e-4 0.04004168 0.117917 0.03825116 0.00788331 0.11036 0.03868246 0.006037414 0.11036 0.03805947 0.00870347 0.11036 0.03899997 0.004494965 0.11036 0.0393368 0.004527688 0.11042 0.03861427 0.00797075 0.110428 0.03869658 0.007990598 0.110465 0.03891801 0.008043885 0.110623 0.03984296 0.004934847 0.110972 0.03988099 0.004672825 0.110924 0.03955388 0.006345689 0.110963 0.0398826 0.004662156 0.110922 0.03989148 0.004581749 0.110908 0.0398553 0.004578113 0.1108469 0.03980469 0.005197644 0.111021 0.03966057 0.00619173 0.111205 0.03960937 0.006357729 0.111132 0.03962159 0.006360352 0.11121 0.03921788 0.008116126 0.11118 0.03921616 0.008115828 0.111261 0.0390014 0.009045779 0.111289 0.03877949 0.009866833 0.111227 0.03899246 0.009077787 0.11129 0.0383892 0.01125276 0.111351 0.03877407 0.009865283 0.111312 0.0388807 0.009481012 0.111301 0.0387237 0.009851038 0.1110399 0.03912419 0.008093476 0.110922 0.03908079 0.008082926 0.110841 0.03898113 0.008059084 0.110688 0.03903806 0.008072793 0.11076 0.03877526 0.008009552 0.110511 0.03884929 0.008027374 0.110563 0.0385288 0.007950127 0.110398 0.03835177 0.007907509 0.110364 0.038441 0.007929027 0.110377 0.03908562 0.004503369 0.110367 0.03909379 0.004504144 0.110367 0.03916335 0.004510879 0.110373 0.03930449 0.004524528 0.110407 0.0392633 0.004520595 0.110397 0.0392549 0.00451976 0.110395 0.03949218 0.004542887 0.110492 0.03945481 0.004539251 0.110469 0.03942489 0.00453639 0.110457 0.03941619 0.004535496 0.110453 0.03958857 0.004552364 0.1105509 0.03957438 0.004550874 0.1105419 0.039707 0.004563689 0.110653 0.03963279 0.004556596 0.110589 0.03975492 0.004568338 0.110709 0.03981024 0.004573643 0.110774 0.03981757 0.004574418 0.110785 0.03951531 0.006337404 0.110882 0.03981328 0.004573941 0.110778 0.03916859 0.008104205 0.111002 0.03972846 0.005723476 0.111118 0.03958535 0.006352484 0.111046 0.03919738 0.008111119 0.11109 0.03876239 0.009862244 0.111133 0.03873658 0.00985527 0.111041 0.01619005 0.03662258 0.117303 0.01446259 0.03732979 0.117433 0.01428669 0.03740173 0.117446 0.0141614 0.03745299 0.117456 0.01208758 0.038172 0.117586 0.01112455 0.03844791 0.117636 0.01012188 0.03873527 0.117687 0.00996977 0.0387789 0.117695 0.009423375 0.03890359 0.117717 0.007817387 0.0392701 0.1177819 0.007704198 0.03928947 0.117786 0.005966961 0.03958696 0.117838 0.005837202 0.03960919 0.117842 0.005640268 0.03964287 0.117848 0.001483023 0.04001498 0.117913 0.002462804 0.03995513 0.117903 0.003448486 0.03989511 0.117892 0.004218459 0.03980648 0.117877 0.001377344 0.0400213 0.117914 0.02076399 0.03422039 0.11685 0.0201106 0.03462207 0.116925 0.01768302 0.03591239 0.117172 0.01816946 0.035681 0.117129 0.01828086 0.03562027 0.117117 0.02367937 0.03226321 0.116473 0.02470815 0.03150099 0.116323 0.02178812 0.03359109 0.116733 0.0220555 0.03341126 0.116698 0.02286118 0.03286939 0.116593 0.0308029 0.02556169 0.115065 0.02944159 0.02711933 0.11541 0.02893638 0.0276407 0.115521 0.02876281 0.02781975 0.1155599 0.0279982 0.02860891 0.115729 0.026479 0.03002369 0.116024 0.0264191 0.0300737 0.116034 0.02555721 0.03079265 0.116179 0.03619092 0.01707112 0.112967 0.03533428 0.0187931 0.113426 0.03123599 0.02501136 0.114939 0.03162616 0.0245155 0.114825 0.03207659 0.0239433 0.1146939 0.03325808 0.0222721 0.114298 0.03330093 0.02220416 0.1142809 0.03411322 0.02091926 0.113965 0.03434258 0.02055639 0.113876 0.0350902 0.0192269 0.113537 0.03768706 0.0134384 0.111928 0.03702527 0.01517289 0.112437 0.03661185 0.01611918 0.112702 0.03623121 0.01699018 0.112945 0.03782629 0.01301568 0.111797 0.03786128 0.01290977 0.111764 7.49689e-4 0.04027289 0.12007 7.49744e-4 0.04017478 0.11948 0 0.04016798 0.119481 7.49786e-4 0.04010117 0.119036 7.49747e-4 0.04017037 0.119453 7.49679e-4 0.04053401 0.120995 0 0.04057395 0.121127 7.49678e-4 0.04057139 0.121127 7.49823e-4 0.041242 0.12264 7.49802e-4 0.04114097 0.122458 0 0.041233 0.122645 7.49778e-4 0.04102993 0.122258 7.49677e-4 0.04058808 0.121187 7.49898e-4 0.04158979 0.123266 0 0.04194509 0.123782 7.49936e-4 0.04194211 0.123782 0.03898805 0.01683408 0.120536 0.0392012 0.01645809 0.120936 0.03900909 0.01542061 0.119229 0.03982496 0.009583711 0.116583 0.03992176 0.009116947 0.116985 0.03977519 0.008480072 0.11489 0.03734815 0.01769 0.118044 0.03707635 0.01867139 0.11858 0.03768163 0.01818078 0.119102 0.0397883 0.005948007 0.111777 0.03965735 0.00760436 0.113028 0.03984725 0.006933808 0.113556 0.03965651 0.006223142 0.111225 0.03990048 0.004488468 0.110936 0.03999996 0.005189359 0.114152 0.03999996 0.003097236 0.11136 0.03999269 0.003396511 0.111266 0.03996163 0.006252825 0.114093 0.03999996 0.00557363 0.114628 0.03998821 0.003583312 0.111207 0.03998512 0.003614962 0.111198 0.03995335 0.003943026 0.111099 0.03993111 0.004172444 0.11103 0.03754508 0.01697891 0.117656 0.03808879 0.01650649 0.118138 0.03786647 0.01581841 0.117022 0.0384441 0.01480567 0.117145 0.0378881 0.01572829 0.11697 0.03799957 0.01526373 0.116705 0.03876912 0.01309543 0.116111 0.03841572 0.01352941 0.115716 0.03815597 0.01461201 0.116333 0.0389527 0.01091992 0.114172 0.03877902 0.01178026 0.114683 0.03906112 0.0113781 0.115036 0.03865551 0.01239246 0.115047 0.03848081 0.01325809 0.115561 0.03931695 0.009656429 0.1139219 0.0391128 0.01001679 0.113622 0.03902179 0.01057738 0.113969 0.03940069 0.00824368 0.112524 0.0393244 0.008714437 0.112815 0.03925997 0.009111166 0.113061 0.03962576 0.006468832 0.111383 0.03941017 0.008186101 0.112488 0.03999996 0.008184194 0.117789 0.03999996 0.007339417 0.116816 0.03949666 0.009270787 0.114239 0.03880095 0.01704925 0.120306 0.03814131 0.01780843 0.119499 0.03828108 0.01764756 0.11967 0.03858351 0.01597809 0.118669 0.03829956 0.01762628 0.119692 0.03878551 0.01706707 0.120288 0.03948247 0.01322513 0.11865 0.03968989 0.01004505 0.116185 0.03919559 0.01377177 0.118129 0.03951728 0.01049906 0.115794 0.03770893 0.01815879 0.119126 0.03930729 0.01094388 0.11541 0.03909069 0.0126211 0.11654 0.03884863 0.01429975 0.117627 0.03993916 0.01450222 0.123017 0.03999996 0.01383227 0.12373 0.03999996 0.01161789 0.121556 0.03977179 0.01517021 0.122306 0.03986895 0.01209056 0.1197299 0.03958588 0.01577955 0.121658 0.03970718 0.0126636 0.119184 0.0395646 0.0158171 0.121618 0.03955817 0.01582849 0.121606 0.03977411 0.01516211 0.122315 0.03992378 0.01467132 0.122837 0.03996688 0.01150995 0.120282 0.0399388 0.01450639 0.123013 0.03999996 0.01093626 0.120828 0.03999996 0.009377956 0.119165 0.03920996 0.01644259 0.120952 0.01775103 0.03592908 0.117989 0.01784902 0.03600072 0.118843 0.02096682 0.03428941 0.118584 0.004357576 0.04057765 0.12172 0.004317462 0.04030358 0.120972 0.002520263 0.04045408 0.12099 0.01116675 0.0384826 0.118412 0.003184378 0.0418325 0.123775 0.02532982 0.0342521 0.1231909 0.02573072 0.03399258 0.123171 0.02534788 0.03358048 0.122493 0.02862048 0.03190743 0.123008 0.0288679 0.03171527 0.122992 0.0284084 0.03130728 0.122302 0.03923559 0.009128212 0.112946 0.03806638 0.01264613 0.113136 0.02377885 0.03225922 0.117356 0.0208469 0.03422707 0.117699 0.02652436 0.03004175 0.116957 0.02906411 0.0275945 0.116498 0.03137999 0.02493762 0.115976 0.0334534 0.0220918 0.115385 0.03526616 0.01907759 0.114723 0.03680646 0.01591998 0.113978 0.038589 0.01097428 0.112675 0.03903853 0.00928384 0.112183 0.03890258 0.009457111 0.111411 0.03716415 0.01578277 0.115296 0.03847193 0.0124408 0.114549 0.0376845 0.01572746 0.116567 0.03602445 0.01899021 0.117144 0.03659772 0.01906836 0.118277 0.03693091 0.01914298 0.118827 0.03672087 0.01982456 0.119183 0.03458982 0.02220141 0.118726 0.03655278 0.02036947 0.119468 0.03517419 0.02239495 0.119735 0.03572559 0.0223121 0.12026 0.03636926 0.02096486 0.119779 0.035034 0.02366709 0.120764 0.03533738 0.0230726 0.120543 0.03559875 0.02256053 0.120353 0.03340762 0.02564918 0.120991 0.03433746 0.0250315 0.121272 0.03430181 0.02509677 0.121297 0.03077489 0.02840787 0.121271 0.03355157 0.02646857 0.1218309 0.03385639 0.02591139 0.121614 0.0313766 0.02963209 0.12282 0.0318644 0.02918928 0.122781 0.03131008 0.02878046 0.12208 0.03226 0.02883017 0.122749 0.03324949 0.02702075 0.122046 0.02951908 0.0312094 0.122952 0.03004992 0.03075861 0.122914 0.03136718 0.02964013 0.122821 0.02606469 0.03377646 0.123154 0.02705293 0.0330733 0.1231 0.02784472 0.03250998 0.123056 0.02227401 0.03611063 0.123335 0.02245277 0.03600609 0.123327 0.0221377 0.03559035 0.122661 0.02343028 0.03543388 0.123283 0.02420258 0.03498208 0.123248 0.01901477 0.03774565 0.123462 0.01904249 0.03773272 0.123461 0.01879268 0.03732448 0.122807 0.02029299 0.0371505 0.123416 0.02133309 0.03660458 0.123374 0.01617532 0.03895068 0.123556 0.01645326 0.03883719 0.123547 0.01533097 0.03877013 0.122928 0.0182178 0.03811675 0.123491 0.0136187 0.03982979 0.123623 0.01405829 0.0396983 0.1236129 0.01552647 0.0391798 0.123573 0.01051473 0.04068565 0.123688 0.01191192 0.0403406 0.123662 0.01177245 0.03991806 0.123023 0.01192039 0.04033803 0.123662 0.005369365 0.04162251 0.123759 0.007164955 0.04136115 0.123739 0.008139729 0.04076266 0.123093 0.007559657 0.04130375 0.123735 0.008237242 0.04117107 0.1237249 0.009743332 0.04087615 0.123702 0.004507601 0.04170531 0.123765 0.004403591 0.04091018 0.122443 0.003625214 0.04179012 0.123772 0.002570331 0.0410608 0.122456 0.002484202 0.04008716 0.119445 0.004255533 0.03993743 0.119424 0.006018579 0.03970968 0.119391 0.007770001 0.0394048 0.119347 0.009506583 0.03902351 0.119291 0.01451581 0.03735107 0.118226 0.007958948 0.04004168 0.121665 0.007884562 0.03976821 0.120911 0.006106615 0.0400747 0.120946 0.008044183 0.04037386 0.122394 0.01163089 0.03952908 0.122316 0.02796107 0.03092771 0.121515 0.02497673 0.03319728 0.121727 0.02183336 0.03520452 0.121914 0.01854795 0.03693693 0.122075 0.01513981 0.03838139 0.12221 0.01150435 0.03919738 0.121577 0.009648144 0.03938478 0.120866 0.03283929 0.02535778 0.120089 0.03029775 0.0281015 0.120401 0.02756226 0.03061205 0.120675 0.0246458 0.03287571 0.120916 0.02156198 0.03487902 0.1211259 0.01832956 0.03660833 0.121308 0.01496928 0.03805083 0.121458 0.0113942 0.03892529 0.120813 0.03234708 0.02513879 0.119125 0.02988409 0.02786475 0.119479 0.02721619 0.0303635 0.119791 0.02435815 0.03261929 0.120065 0.02132588 0.03461658 0.120304 0.01813936 0.03634148 0.120509 0.01482087 0.037781 0.120679 0.0113008 0.03871458 0.120027 0.0145933 0.0374298 0.1190569 0.03557819 0.01899331 0.115953 0.0341041 0.0220856 0.117654 0.03372359 0.02204889 0.116535 0.0319367 0.02499485 0.118109 0.03161305 0.02492749 0.1170549 0.02953839 0.02770048 0.118514 0.02926415 0.02761 0.117516 0.0269261 0.0301848 0.11887 0.02669477 0.03007704 0.117923 0.02411657 0.03243017 0.119183 0.02392286 0.03230983 0.118277 0.02112698 0.03441959 0.119454 0.0179789 0.03613859 0.119686 0.0146951 0.03757339 0.119876 0.01122468 0.0385667 0.119225 0.03865635 0.02001518 0.1227779 0.03867983 0.01999711 0.122824 0.03886926 0.01955807 0.1227599 0.03977555 0.01803582 0.125692 0.0398913 0.01735836 0.125693 0.03966283 0.01803582 0.124137 0.03992211 0.01716655 0.125474 0.039963 0.01648867 0.124972 0.03992933 0.01664668 0.1247889 0.0399515 0.01680058 0.125162 0.03981608 0.01717668 0.1241739 0.03979712 0.01722538 0.124117 0.0397731 0.01786112 0.1263419 0.03981781 0.01771885 0.126136 0.0398494 0.01761889 0.12599 0.03964817 0.01851838 0.126084 0.03965353 0.01845812 0.1261979 0.03971832 0.01803559 0.126596 0.03968048 0.01815629 0.126771 0.03926116 0.0194242 0.124199 0.03942298 0.01914113 0.124811 0.03950417 0.01899939 0.125117 0.03956168 0.01880699 0.125504 0.03959 0.01871269 0.125693 0.03914278 0.01955795 0.123888 0.03923207 0.01945799 0.124121 0.03945076 0.018045 0.123167 0.03890722 0.01982223 0.123271 0.03897249 0.0197491 0.123442 0.0384311 0.02018839 0.122336 0.03829663 0.01955747 0.121412 0.03829669 0.02026057 0.122129 0.03788709 0.02048087 0.121499 0.03788959 0.0199303 0.12098 0.03783458 0.02050906 0.1214179 0.03737825 0.02033746 0.120507 0.03741651 0.0206657 0.120901 0.03793632 0.0204544 0.121574 0.03828549 0.01956868 0.121399 0.03806549 0.01979017 0.121142 0.03713965 0.02076941 0.120559 0.03719097 0.0204572 0.120368 0.03704982 0.02079218 0.120468 0.03716856 0.02047157 0.120352 0.03691095 0.02082735 0.120328 0.03659468 0.02083843 0.119926 0.03916102 0.01854807 0.122583 0.03903692 0.01870948 0.122396 0.03919702 0.01848566 0.122655 0.03868722 0.01916426 0.121868 0.03851306 0.01933968 0.121665 0.03974694 0.01735395 0.123968 0.03925937 0.01942723 0.124193 0.03945618 0.01803547 0.123178 0.03953343 0.01790153 0.123333 0.039976 0.0158025 0.124642 0.03997248 0.0160849 0.124773 0.03997522 0.0158587 0.124668 0.03746008 0.01932847 0.1197389 0.0381118 0.01878529 0.120342 7.49968e-4 0.04235363 0.124361 7.4997e-4 0.04367733 0.126388 7.49968e-4 0.04366111 0.126361 0 0.04391258 0.1267729 7.49968e-4 0.04264718 0.124788 0 0.04653239 0.13201 7.49972e-4 0.04653018 0.1320109 7.49972e-4 0.04651248 0.13197 0 0.04571646 0.130162 7.5e-4 0.04571646 0.130162 7.5e-4 0.04517257 0.12914 7.5e-4 0.04391258 0.1267729 0.03994065 -0.001419067 0.12336 0.03999966 -1.04401e-4 0.12336 0.03999996 4.52e-5 0.12336 0.03985208 -0.003391325 0.12336 0.0387507 -0.00987339 0.12336 0.03856158 -0.01050347 0.12336 0.03943479 -0.006655037 0.12336 0.03951823 -0.006002426 0.12336 0.03515267 -0.01904106 0.12336 0.03660231 -0.01608747 0.12336 0.03708308 -0.01486229 0.12336 0.03780448 -0.01302462 0.12336 0.03269958 -0.0229361 0.12336 0.03346502 -0.02186566 0.12336 0.03155106 -0.02454185 0.12336 0.02984899 -0.02654999 0.12336 0.02659517 -0.02980375 0.12336 0.0270971 -0.02937835 0.12336 0.02942359 -0.02705186 0.12336 0.02458709 -0.03150588 0.12336 0.0190863 -0.03510749 0.12336 0.0219109 -0.03341978 0.12336 0.02298128 -0.0326544 0.12336 0.01490753 -0.0370379 0.12336 0.01613265 -0.03655713 0.12336 0.006047666 -0.03947299 0.12336 0.006700158 -0.03938955 0.12336 0.00991857 -0.03870552 0.12336 0.01054865 -0.0385164 0.12336 0.0130698 -0.0377593 0.12336 0.003436446 -0.0398069 0.12336 0.001464188 -0.03989547 0.12336 0 -0.03995478 0.12336 1.49599e-4 -0.03995448 0.12336 0.03999996 0.01340043 0.123659 0.03999996 0.01083487 0.1233929 0.03999996 0.009545147 0.12336 0.03594201 0.02295178 0.121062 0.03495001 0.02498227 0.1217949 0.03555613 0.02483177 0.122333 0.03895562 0.02088159 0.1262069 0.03877568 0.02122998 0.125506 0.03812706 0.02326029 0.126195 0.03295588 0.02874809 0.1231639 0.03300577 0.02874219 0.123193 0.0339598 0.0269277 0.122511 0.03717952 0.02681565 0.128116 0.03721237 0.02676308 0.128219 0.0377627 0.0248776 0.127584 0.03760588 0.02315562 0.1327199 0.03785586 0.02258217 0.13204 0.03753918 0.02419817 0.13271 0.0396251 0.0182898 0.1269609 0.03941982 0.01878494 0.1276659 0.03859955 0.02212578 0.128336 0.03927278 0.01914608 0.128099 0.03862619 0.02171206 0.129049 0.03913438 0.01948559 0.128506 0.0390799 0.01961928 0.128666 0.03858649 0.02128499 0.129754 0.03883928 0.02021116 0.129347 0.03897929 0.01986587 0.128962 0.03770959 0.02496248 0.1314769 0.0376839 0.0246874 0.131935 0.0384975 0.02105367 0.130286 0.03850823 0.02102738 0.130257 0.03852355 0.02098953 0.130214 0.03767538 0.02465873 0.13198 0.03835272 0.02141076 0.130684 0.03762656 0.02449375 0.132242 0.03786695 0.02255678 0.13201 0.037876 0.02253586 0.131985 0.03816759 0.02186703 0.131192 0.03751057 0.02410131 0.132863 0.03747218 0.02401715 0.132991 0.0373618 0.0236696 0.133374 0.0373429 0.02373343 0.133422 0.0377019 0.02554726 0.1304799 0.0377174 0.02542018 0.130702 0.03773707 0.02525722 0.130987 0.0377233 0.02510899 0.131233 0.03767049 0.02580612 0.1300269 0.03764969 0.0258643 0.12992 0.03745198 0.02637887 0.128967 0.03748309 0.02632886 0.129064 0.0385068 0.02252346 0.12762 0.03749746 0.0262888 0.1291379 0.0376113 0.02597135 0.129723 0.03907454 0.02051377 0.12691 0.03834897 0.02290248 0.126904 0.0372591 0.02668821 0.128365 0.03676635 0.02725905 0.1271989 0.03689599 0.02711999 0.127487 0.03749686 0.02523928 0.126863 0.03694933 0.02706277 0.127605 0.0360741 0.02775263 0.126087 0.03612208 0.02772605 0.126151 0.03676939 0.02588206 0.125473 0.03624117 0.02765989 0.126311 0.03716516 0.0255751 0.1261579 0.03651577 0.02745038 0.126775 0.03656929 0.02740949 0.126866 0.03560817 0.02801162 0.1254619 0.03631281 0.02615845 0.124813 0.03557378 0.02802562 0.125425 0.0350213 0.02825069 0.124824 0.03579968 0.02640277 0.124182 0.03500348 0.02825796 0.124805 0.0348795 0.02830845 0.12467 0.03523361 0.02661347 0.1235859 0.03438109 0.02845436 0.124225 0.03461909 0.02678889 0.123027 0.03406983 0.02854543 0.123948 0.03319543 0.02871978 0.123306 0.03369045 0.02862101 0.123669 0.03371429 0.0286163 0.123687 0.03749567 0.02390116 0.124815 0.03709048 0.02418005 0.124153 0.03662973 0.02442908 0.123517 0.03611719 0.02464681 0.1229079 0.03951483 0.01855576 0.12734 0.03649711 0.02279365 0.1216199 0.03700697 0.02260375 0.122209 0.03746867 0.02238368 0.122828 0.03787922 0.0221349 0.12347 0.03823578 0.02185857 0.124134 0.03784215 0.02359396 0.125497 0.01851189 0.04428005 0.133392 0.02060651 0.04360389 0.1333799 0.02111828 0.04261559 0.1317369 0.02863097 0.04529756 0.15068 0.02860611 0.04528319 0.1503559 0.02619785 0.04598402 0.149859 0.02068012 0.04689598 0.1444579 0.0284568 0.0442487 0.143137 0.0283879 0.04433923 0.143365 0.02844762 0.04430997 0.143374 0.03067123 0.03587329 0.128347 0.03075909 0.03553128 0.1280069 0.02917879 0.03656685 0.128129 0.02850246 0.03286707 0.1237699 0.02689588 0.03407251 0.123932 0.01336896 0.04081839 0.124813 0 0.04671061 0.13245 0.002864122 0.04753398 0.134914 0.003073871 0.04643362 0.1319659 0.003271639 0.04510402 0.129113 0.003456234 0.04355347 0.1263729 0.007009506 0.04229259 0.125 0.01030373 0.04165011 0.124918 0.01618498 0.03985238 0.124689 0.01874977 0.03879272 0.124553 0.02108269 0.03766298 0.124406 0.0232045 0.03648519 0.124252 0.02513539 0.03528153 0.1240929 0.0299707 0.03166919 0.123607 0.03131616 0.0304839 0.123443 0.03207898 0.02976888 0.123345 0.03168588 0.031654 0.124657 0.03188449 0.030707 0.123994 0.0320537 0.02989923 0.123428 0.03131341 0.03329116 0.125948 0.03148972 0.03251636 0.125337 0.03115946 0.03227072 0.124878 0.03163748 0.03186678 0.124825 0.03119415 0.0337817 0.1263819 0.02949428 0.03501689 0.126543 0.03108239 0.03424143 0.126789 0.03094065 0.03482407 0.127304 0.02839827 0.03939431 0.1315129 0.02994483 0.03857225 0.131453 0.02881318 0.03802758 0.129787 0.03020447 0.0376324 0.130267 0.03026562 0.03740423 0.130011 0.03034049 0.03712505 0.129698 0.03056639 0.03628188 0.128754 0.0295521 0.03996956 0.133406 0.0295785 0.0398755 0.133271 0.02793556 0.0406633 0.1333 0.0298745 0.03882688 0.131775 0.0298767 0.03881871 0.1317639 0.02951049 0.04011565 0.133643 0.02742648 0.04183006 0.135143 0.02925938 0.0410009 0.135085 0.02896618 0.0420562 0.137106 0.02900379 0.04191577 0.1367999 0.02687269 0.04289078 0.137037 0.02918308 0.04127377 0.135597 0.02924895 0.04103809 0.135155 0.02890259 0.04229372 0.137625 0.02627539 0.0438416 0.138975 0.02878868 0.04271936 0.138554 0.02563685 0.04467988 0.140952 0.0285592 0.04369151 0.1412129 0.02861768 0.04341346 0.140346 0.02867758 0.04317045 0.139719 0.02873408 0.04294031 0.139125 0.02851521 0.0439006 0.141864 0.02849441 0.04399967 0.1421729 0.02206808 0.04573112 0.140632 0.02138859 0.04636627 0.142534 0.0199449 0.04731863 0.146398 0.0191847 0.04763287 0.148349 0.02271431 0.04686999 0.149115 0.02850782 0.04522645 0.149072 0.0284816 0.04516655 0.148473 0.02845811 0.04511338 0.14794 0.02842545 0.0450387 0.147193 0.02865248 0.04531008 0.150961 0.0155974 0.04827386 0.147589 0.008098959 0.04918032 0.146263 0.01191908 0.04879128 0.146874 0.02480429 0.03674679 0.125492 0.02285379 0.03785991 0.125639 0.0224688 0.03916347 0.127085 0.02072489 0.03894585 0.125782 0.02033746 0.04016029 0.127211 0.0183984 0.0399847 0.125917 0.01802223 0.04111105 0.12733 0.01585519 0.04095619 0.126042 0.01550525 0.04199779 0.12744 0.01307713 0.04183983 0.126156 0.01276981 0.04280179 0.127539 0.01006627 0.04259896 0.1262519 0.00981754 0.043491 0.127623 0.006841301 0.04318428 0.126327 0.006665945 0.04402148 0.127688 0.0200662 0.0445069 0.135062 0.01580077 0.04568076 0.13501 0.01949822 0.04532206 0.13678 0.01176035 0.04531407 0.131901 0.00900799 0.04581272 0.1319299 0.00842005 0.0470519 0.13494 0.0110206 0.04666209 0.1349599 0.01391983 0.04549926 0.133411 0.0143426 0.04472708 0.131866 0.0162875 0.04491519 0.133402 0.01675385 0.04407358 0.1318269 0.01900768 0.04336571 0.131784 0.01529479 0.04636842 0.136646 0.0134809 0.04619979 0.134984 0.01063275 0.04723399 0.136527 0.01477068 0.0469765 0.138308 0.0102337 0.04773628 0.138115 0.01422953 0.04750388 0.1399919 0.009824335 0.04816818 0.13972 0.01890408 0.04604697 0.138529 0.01828557 0.04668015 0.140305 0.0176438 0.04722052 0.142103 0.0125162 0.04859429 0.145139 0.01629817 0.04801857 0.14575 0.0131011 0.04831361 0.143411 0.01698082 0.04766702 0.14392 0.01367259 0.04794991 0.141694 0.008541941 0.0490356 0.1446149 0.008977711 0.04881829 0.142974 0.009405434 0.04852902 0.141341 0.007798135 0.04803359 0.138037 0.007146596 0.04875093 0.1411989 0.004342496 0.04932212 0.144245 0.005689561 0.04734849 0.1349239 0.00525856 0.048258 0.137977 0.004808545 0.04891693 0.14109 0.006469964 0.04920029 0.144405 0 0.04756629 0.134921 0 0.04790008 0.135886 0.002643883 0.04839771 0.137939 0 0.04840111 0.137937 0.002414286 0.04901969 0.141022 0 0.04881227 0.13962 0.02975845 0.03338265 0.125034 0.02659505 0.03562486 0.1253409 0.02443408 0.03813832 0.126954 0.02205049 0.04039263 0.128585 0.0199216 0.04130357 0.12869 0.01762229 0.04216945 0.1287879 0.01513618 0.04297465 0.1288779 0.01244753 0.04370278 0.128959 0.009557962 0.04432505 0.129028 0.006483495 0.0448032 0.1290799 0.02824175 0.03450202 0.1251879 0.02793318 0.03605943 0.126682 0.02625083 0.03710108 0.126819 0.02586406 0.03849762 0.128363 0.02402609 0.03945255 0.128476 0.0235809 0.04068589 0.130055 0.0216 0.04154431 0.130137 0.01947796 0.04237288 0.130215 0.01719909 0.04315769 0.130288 0.01474839 0.04388505 0.130355 0.01211082 0.0445407 0.130414 0.009287953 0.04509931 0.130464 0.006098747 0.04619419 0.131952 0.02271682 0.04499202 0.138757 0.02333289 0.04415047 0.136914 0.02391409 0.04320836 0.135109 0.02445936 0.04216873 0.133347 0.02496707 0.04103481 0.131632 0.0254358 0.03981018 0.129969 0.02757763 0.03753459 0.128248 0.002177 0.04939687 0.1441439 0 0.04939472 0.144111 0 0.04936122 0.143413 0 0.04901266 0.141005 0.03909075 0.01945632 0.128579 0.0349999 0.01968729 0.13115 0.03547042 0.01851439 0.130459 0.03997772 0.009545147 0.12383 0.03997772 0.01081055 0.123863 0.03990572 0.009545147 0.124225 0.03982269 0.0107668 0.124711 0.03982269 0.009545147 0.124679 0.03968089 0.009545147 0.125063 0.03952401 0.01072496 0.125519 0.03952401 0.009545147 0.1254889 0.03931397 0.009545147 0.12585 0.03909075 0.01068651 0.126264 0.03909075 0.009545147 0.126235 0.03881579 0.009545147 0.1265619 0.03853541 0.01065248 0.126924 0.03853541 0.009545147 0.126895 0.0382018 0.009545147 0.127176 0.03787493 0.01062375 0.127478 0.03787493 0.009545147 0.12745 0.03749048 0.009545147 0.127674 0.0371288 0.01060146 0.127911 0.0371288 0.009545147 0.127884 0.0367037 0.009545147 0.128041 0.03631937 0.01058608 0.1282089 0.03631937 0.009545147 0.1281819 0.03586483 0.009545147 0.128265 0.03547042 0.01057803 0.128364 0.03547042 0.009545147 0.128337 0.0349999 0.009545147 0.12836 0.0349999 0.0105769 0.128386 0.0349999 0.01129299 0.1284599 0.0349999 0.01262933 0.128599 0.03547042 0.01465463 0.129 0.0349999 0.0142163 0.128931 0.0349999 0.01703435 0.129835 0.03547042 0.01662218 0.12963 0.0349999 0.02212733 0.132825 0.0349999 0.02197939 0.132695 0.03547042 0.02199316 0.132677 0.03547042 0.02354276 0.134043 0.03547042 0.02494335 0.135562 0.03546732 0.02606678 0.137054 0.03541731 0.02612721 0.137149 0.0349999 0.0261234 0.137178 0.0349999 0.02616155 0.137229 0.03537935 0.02617305 0.137221 0.03537833 0.0261743 0.137223 0.03536367 0.026192 0.137251 0.03518092 0.0264222 0.137625 0.0349999 0.02664995 0.137995 0.03630888 0.02505064 0.1354629 0.03630578 0.02505445 0.135469 0.03624707 0.02512538 0.13558 0.0360732 0.02533525 0.135909 0.03589951 0.025545 0.136237 0.03572595 0.02575457 0.136565 0.03555226 0.02596431 0.136894 0.03676968 0.02449417 0.134591 0.03631937 0.02365118 0.133933 0.0367949 0.02446389 0.134544 0.03689897 0.02431803 0.134329 0.03659528 0.02470499 0.134921 0.036421 0.02491533 0.135251 0.03640949 0.0249291 0.135273 0.03720819 0.02388465 0.133691 0.03718239 0.02392095 0.133744 0.0371288 0.02385979 0.133719 0.03712409 0.02400255 0.133864 0.03704637 0.0241115 0.134025 0.0371288 0.02227509 0.132322 0.0373187 0.02372992 0.133463 0.03787493 0.02078807 0.13073 0.03853541 0.01916038 0.129169 0.03787493 0.01891171 0.129666 0.03952401 0.0176292 0.126965 0.03909075 0.01736545 0.127663 0.03982269 0.01558828 0.125463 0.03952401 0.01538175 0.126246 0.03631937 0.0220896 0.132556 0.0371288 0.0205549 0.131096 0.03631937 0.0203945 0.131347 0.03547042 0.02031099 0.131478 0.03631937 0.01858377 0.13032 0.0371288 0.01871752 0.130053 0.03631937 0.01667696 0.129485 0.0371288 0.01678258 0.129205 0.03787493 0.01693576 0.1288 0.03631937 0.01469427 0.1288509 0.0371288 0.01477038 0.128562 0.03787493 0.01488107 0.128143 0.03853541 0.01502275 0.127606 0.03909075 0.01519119 0.126967 0.03997772 0.01332783 0.124124 0.03982269 0.013197 0.124962 0.03952401 0.01307219 0.125762 0.03909075 0.01295703 0.1264989 0.03853541 0.01285517 0.127152 0.03787493 0.01276952 0.127701 0.0371288 0.01270276 0.128129 0.03631937 0.01265662 0.128424 0.03547042 0.01263272 0.1285769 0.03990548 4.52e-5 0.124225 0.03982049 4.52e-5 0.124687 0.03982019 -1.03729e-4 0.124687 0.03968083 4.52e-5 0.125063 0.03951793 4.52e-5 0.125501 0.0395177 -1.02596e-4 0.125501 0.03931385 4.52e-5 0.12585 0.03907912 4.52e-5 0.126251 0.03907895 -1.00952e-4 0.126251 0.03881579 4.52e-5 0.126561 0.03851729 4.52e-5 0.126913 0.03851699 -9.8854e-5 0.126913 0.0382018 4.52e-5 0.127175 0.0378493 4.52e-5 0.127468 0.03784912 -9.6355e-5 0.127468 0.03749048 4.52e-5 0.127673 0.03709542 4.52e-5 0.127899 0.03709518 -9.3536e-5 0.127899 0.0367037 4.52e-5 0.12804 0.0362783 4.52e-5 0.128193 0.036278 -9.0477e-5 0.128193 0.03586488 4.52e-5 0.128265 0.03542268 4.52e-5 0.128342 0.03542238 -8.7276e-5 0.128342 2.971e-6 -0.03495079 0.12836 0 -0.03495079 0.12836 0 -0.0353775 0.128342 1.30779e-4 -0.03494691 0.12836 1.3248e-4 -0.0353772 0.128342 0.002078056 -0.0348894 0.12836 0.003043234 -0.03524649 0.128342 0.003005266 -0.03480678 0.12836 0.004141509 -0.03470551 0.12836 0.005933403 -0.034877 0.128342 0.005860865 -0.03444886 0.12836 0.008783578 -0.03427118 0.128342 0.00867486 -0.03384715 0.12836 0.008116781 -0.03399777 0.12836 0.00619179 -0.03439939 0.12836 0.0101282 -0.03345489 0.12836 0.01157408 -0.03343313 0.128342 0.01143091 -0.03301841 0.12836 0.01428651 -0.0323686 0.128342 0.01411449 -0.03197848 0.12836 0.01406586 -0.03200179 0.12836 0.01209205 -0.03279703 0.12836 0.01596969 -0.03109747 0.12836 0.01690208 -0.03108477 0.128342 0.01669269 -0.03069919 0.12836 0.01778262 -0.03009897 0.12836 0.01940339 -0.0295903 0.128342 0.01916557 -0.02922666 0.12836 0.02177339 -0.02789539 0.128342 0.02150809 -0.0275551 0.12836 0.02126061 -0.02775627 0.12836 0.01954668 -0.02898615 0.12836 0.0228672 -0.02645099 0.12836 0.02399617 -0.02601128 0.128342 0.0236991 -0.02568858 0.12836 0.02794057 -0.02172821 0.128342 0.02759647 -0.02146035 0.12836 0.02719318 -0.02198928 0.12836 0.02605652 -0.02395099 0.128342 0.02584111 -0.0235598 0.12836 0.02574247 -0.02366167 0.12836 0.02439492 -0.02505111 0.12836 0.0284481 -0.0203433 0.12836 0.02963548 -0.01935821 0.128342 0.02927136 -0.01911962 0.12836 0.03112995 -0.0168569 0.128342 0.03075289 -0.01665246 0.12836 0.03064048 -0.01687139 0.12836 0.0296005 -0.01863068 0.12836 0.031587 -0.01503038 0.12836 0.03241384 -0.01424133 0.128342 0.03201299 -0.01406461 0.12836 0.03431636 -0.008738338 0.128342 0.03389406 -0.008630394 0.12836 0.03373312 -0.009287178 0.12836 0.03347831 -0.0115289 0.128342 0.03312581 -0.01125448 0.12836 0.03307545 -0.01138955 0.12836 0.03242367 -0.01313406 0.12836 0.03422576 -0.00727576 0.12836 0.03492218 -0.005888283 0.128342 0.0344944 -0.005815446 0.12836 0.03529167 -0.002998054 0.128342 0.03486251 -0.002961218 0.12836 0.0348407 -0.003293693 0.12836 0.0345903 -0.005295157 0.12836 0.03497689 -0.001227498 0.12836 0.03499758 -8.5663e-5 0.12836 0.0349999 4.52e-5 0.12836 0.03997719 -1.04313e-4 0.123833 0.03997749 4.52e-5 0.123833 0.03872895 -0.009867787 0.123833 0.03941261 -0.006651163 0.123833 0.03982967 -0.003389418 0.123833 0.0377832 -0.01301723 0.123833 0.03658175 -0.01607835 0.123833 0.03513288 -0.01903039 0.123833 0.03344625 -0.02185332 0.123833 0.02708172 -0.0293619 0.123833 0.02940708 -0.02703648 0.123833 0.03153336 -0.02452808 0.123833 0.0245732 -0.03148818 0.123833 0.0218985 -0.03340107 0.123833 0.01907557 -0.0350877 0.123833 0.01612359 -0.03653657 0.123833 0.006696403 -0.03936743 0.123833 0.009913027 -0.03868377 0.123833 0.01306241 -0.0377379 0.123833 0.003434598 -0.03978449 0.123833 1.49515e-4 -0.03993195 0.123833 0 -0.03993225 0.123833 0 -0.03623312 0.128193 1.3568e-4 -0.03623282 0.128193 0.003116786 -0.03609889 0.128193 0.006076753 -0.03572052 0.128193 0.008995771 -0.03510016 0.128193 0.01185375 -0.03424185 0.128193 0.01463162 -0.03315162 0.128193 0.0173105 -0.0318368 0.128193 0.01987218 -0.03030622 0.128193 0.0222994 -0.02857035 0.128193 0.02457582 -0.02664077 0.128193 0.03188198 -0.01726526 0.128193 0.0351454 -0.008950531 0.128193 0.0357657 -0.006031632 0.128193 0.03614413 -0.003071606 0.128193 0 -0.03705018 0.127899 1.38736e-4 -0.03705 0.127899 0.003186941 -0.03691309 0.127899 0.006213665 -0.0365262 0.127899 0.009198367 -0.03589177 0.127899 0.01212078 -0.03501415 0.127899 0.0149613 -0.0338993 0.127899 0.01770049 -0.03255498 0.127899 0.02031981 -0.03098988 0.127899 0.02280169 -0.02921479 0.127899 0.02512943 -0.02724188 0.127899 0.02728706 -0.02508419 0.127899 0.02926003 -0.02275651 0.127899 0.03260016 -0.01765525 0.127899 0.03593695 -0.009153187 0.127899 0.03657138 -0.006168425 0.127899 0.03695833 -0.00314182 0.127899 0 -0.03780412 0.127468 1.41556e-4 -0.03780388 0.127468 0.003251731 -0.03766429 0.127468 0.006339967 -0.03726947 0.127468 0.009385347 -0.0366221 0.127468 0.01236712 -0.03572672 0.127468 0.01526522 -0.03458929 0.127468 0.01806008 -0.03321743 0.127468 0.02073282 -0.03162068 0.127468 0.02326518 -0.02980959 0.127468 0.02564013 -0.02779638 0.127468 0.02784162 -0.02559489 0.127468 0.02985477 -0.02322 0.127468 0.03166586 -0.02068763 0.127468 0.03326267 -0.0180149 0.127468 0.03463447 -0.01521998 0.127468 0.0357719 -0.01232188 0.127468 0.03666728 -0.009340107 0.127468 0.03731465 -0.006294727 0.127468 0.03770947 -0.003206551 0.127468 0 -0.03847211 0.126913 1.44054e-4 -0.03847181 0.126913 0.003309071 -0.03832978 0.126913 0.006451845 -0.03792798 0.126913 0.009550929 -0.03726929 0.126913 0.0125854 -0.03635799 0.126913 0.01553463 -0.03520041 0.126913 0.01837885 -0.03380453 0.126913 0.02109867 -0.03217947 0.126913 0.02367573 -0.03033643 0.126913 0.02609258 -0.0282877 0.126913 0.02833288 -0.0260474 0.126913 0.03038161 -0.02363049 0.126913 0.03222465 -0.02105349 0.126913 0.03384971 -0.01833367 0.126913 0.03524571 -0.01548939 0.126913 0.03640323 -0.01254016 0.126913 0.03731447 -0.009505748 0.126913 0.0379731 -0.006406605 0.126913 0.03837496 -0.00326395 0.126913 0 -0.03903388 0.126251 1.46155e-4 -0.03903377 0.126251 0.00335741 -0.0388894 0.126251 0.00654602 -0.03848189 0.126251 0.009690284 -0.0378136 0.126251 0.01276898 -0.03688901 0.126251 0.01576125 -0.03571462 0.126251 0.01864695 -0.0342983 0.126251 0.02140647 -0.03264951 0.126251 0.02402108 -0.0307796 0.126251 0.02647328 -0.028701 0.126251 0.02874618 -0.0264281 0.126251 0.03082478 -0.0239759 0.126251 0.03269469 -0.02136129 0.126251 0.03434348 -0.01860177 0.126251 0.0357598 -0.01571607 0.126251 0.03693419 -0.0127238 0.126251 0.03785878 -0.009645044 0.126251 0.03852707 -0.00650078 0.126251 0.0389347 -0.00331223 0.126251 0 -0.03947269 0.125501 1.47797e-4 -0.03947246 0.125501 0.00339514 -0.0393266 0.125501 0.006619453 -0.0389145 0.125501 0.009799063 -0.03823858 0.125501 0.01291239 -0.03730362 0.125501 0.01593828 -0.03611618 0.125501 0.0188564 -0.03468388 0.125501 0.02164679 -0.03301668 0.125501 0.0242908 -0.03112566 0.125501 0.02677059 -0.02902388 0.125501 0.02906906 -0.02672529 0.125501 0.0311709 -0.02424561 0.125501 0.03306186 -0.02160161 0.125501 0.03472906 -0.01881116 0.125501 0.03616136 -0.0158931 0.125501 0.03734892 -0.01286715 0.125501 0.03828376 -0.009753882 0.125501 0.03895968 -0.006574273 0.125501 0.03937178 -0.0033499 0.125501 0 -0.03977525 0.124687 1.48928e-4 -0.03977495 0.124687 0.003421068 -0.03962802 0.124687 0.006670117 -0.0392127 0.124687 0.009874045 -0.0385316 0.124687 0.01301109 -0.03758955 0.124687 0.01606029 -0.0363928 0.124687 0.01900058 -0.03494966 0.124687 0.02181243 -0.0332697 0.124687 0.0244767 -0.03136426 0.124687 0.02697539 -0.02924633 0.124687 0.02929157 -0.02693015 0.124687 0.0314095 -0.02443158 0.124687 0.03331488 -0.02176719 0.124687 0.0349949 -0.0189554 0.124687 0.03643798 -0.01601505 0.124687 0.03763473 -0.01296591 0.124687 0.0385769 -0.009828865 0.124687 0.03925788 -0.006624937 0.124687 0.0396732 -0.003375828 0.124687 0.03523761 0.02873337 0.1411409 0.03513222 0.02905398 0.141927 0.03521019 0.02868479 0.141156 0.03507018 0.0289759 0.141963 0.0351867 0.0286557 0.141164 0.03506189 0.02872931 0.1415939 0.03512823 0.02858299 0.141185 0.03510963 0.02855986 0.141191 0.03498989 0.02866256 0.141617 0.03506159 0.02851647 0.141202 0.03491103 0.0286026 0.141635 0.03498929 0.02845108 0.141218 0.03491199 0.02840083 0.141227 0.03482633 0.0285499 0.14165 0.03473669 0.02850526 0.14166 0.03484898 0.02836 0.1412349 0.03465318 0.02827996 0.141241 0.03469616 0.02829176 0.141242 0.03464287 0.0284686 0.1416659 0.03474295 0.02831268 0.14124 0.0345034 0.02833336 0.141454 0.03456079 0.02825438 0.141239 0.03454601 0.02844065 0.141668 0.03453928 0.02824842 0.141238 0.03440618 0.02832007 0.141448 0.0344665 0.02823996 0.141233 0.03432762 0.02830177 0.1414059 0.03438085 0.02822989 0.1412259 0.03419238 0.0285356 0.141873 0.03419899 0.0285241 0.1418499 0.03428941 0.02851027 0.141866 0.0342586 0.0284211 0.141644 0.03411716 0.0286656 0.1421329 0.03413957 0.02862673 0.142055 0.03423339 0.02861678 0.1420699 0.03409528 0.02871835 0.142211 0.03417879 0.02873075 0.142269 0.0340839 0.02874588 0.142251 0.0341258 0.0288521 0.1424649 0.03403031 0.02887529 0.142442 0.034114 0.02910059 0.142849 0.03402733 0.0291115 0.142834 0.0340743 0.02898049 0.142657 0.03396379 0.02911949 0.1428239 0.03400427 0.02893847 0.142536 0.03397685 0.02900469 0.142633 0.03392595 0.02912771 0.1428149 0.03429955 0.02897799 0.142678 0.03437089 0.0291149 0.142859 0.03428202 0.02910202 0.142861 0.034141 0.02910089 0.14285 0.03466618 0.02893817 0.142461 0.03448402 0.0291363 0.142853 0.0345627 0.0289011 0.1424739 0.0344119 0.02899265 0.142677 0.03444719 0.0291258 0.142857 0.03473639 0.02922779 0.142809 0.03469878 0.02921158 0.142817 0.03476452 0.02898466 0.142441 0.03460115 0.02916938 0.142839 0.03488886 0.02932471 0.142753 0.034873 0.02931129 0.142761 0.03485679 0.02904021 0.142415 0.03479665 0.02926462 0.1427879 0.03510528 0.02955269 0.142611 0.03508919 0.02952533 0.142629 0.03504276 0.02947109 0.142663 0.0350185 0.02917516 0.142347 0.03499191 0.02941185 0.142701 0.03497129 0.02939432 0.142711 0.0352832 0.02881389 0.141116 0.03518491 0.02913695 0.141888 0.03522759 0.02922403 0.141846 0.03516268 0.02964979 0.142548 0.03526008 0.02931416 0.1418009 0.03519248 0.02973079 0.142494 0.03521072 0.02978008 0.142461 0.03528171 0.0294063 0.141754 0.0352177 0.02982383 0.142431 0.03499943 0.02890366 0.1419939 0.03494179 0.02910405 0.1423839 0.03464722 0.02868902 0.142073 0.0347439 0.02873015 0.1420609 0.03483539 0.0287801 0.1420429 0.03492099 0.02883803 0.142021 0.03445559 0.0288738 0.142482 0.03454679 0.02865684 0.14208 0.03433865 0.02862048 0.142078 0.03428649 0.02873098 0.14228 0.03423589 0.028849 0.142477 0.0341866 0.02897381 0.142671 0.03444707 0.02842146 0.1416659 0.03434699 0.0284112 0.141659 0.0342909 0.02836519 0.141533 0.03439211 0.02851712 0.141874 0.03444349 0.02863395 0.142082 0.03439426 0.02874153 0.142284 0.03434628 0.02885621 0.142482 0.0353617 0.02907449 0.141026 0.03536969 0.02911776 0.1410109 0.03523278 0.02991849 0.142366 0.03529363 0.02950489 0.1417019 0.03530168 0.02945011 0.141615 0.03537309 0.02916383 0.140994 0.03528928 0.02882462 0.141113 0.03531628 0.02889925 0.141088 0.03534287 0.0289725 0.141063 0.02612537 0.024558 0.135146 0.02559477 0.02428436 0.134856 0.0178079 0.02006155 0.131348 0.01716279 0.01969403 0.131138 0.001462996 0.01042568 0.128379 7.49962e-4 0.009996533 0.1283619 7.5e-4 0.009545147 0.12836 0.005368471 0.01277196 0.128634 0.003856182 0.01186501 0.128495 0.007786214 0.01421689 0.1289269 0.007677674 0.0141521 0.128912 0.006255686 0.01330393 0.128716 0.002907395 0.01129448 0.128449 0.003057122 0.01138442 0.1284559 0.01226472 0.01686489 0.1297619 0.008709549 0.01476758 0.129054 0.01255881 0.01703715 0.12983 0.01344513 0.0175563 0.130034 0.01677936 0.01947551 0.131013 0.02337247 0.02312195 0.133693 0.0221557 0.02247291 0.133099 0.02152347 0.02212589 0.1328279 0.02120149 0.02194929 0.1326889 0.01994884 0.02126199 0.132151 0.02550876 0.02423989 0.134809 0.02426886 0.02360028 0.134131 0.03131061 0.02700912 0.138612 0.02970659 0.02629357 0.1374289 0.02963906 0.02626162 0.137383 0.03474062 0.0272842 0.139135 0.03470498 0.02737158 0.139292 0.03271293 0.0275914 0.139751 0.03462225 0.0275858 0.139753 0.0329011 0.02766948 0.139904 0.03447198 0.02797442 0.140591 0.03230166 0.04406285 0.1588 0.03237539 0.04403126 0.158767 0.03120315 0.04442852 0.155691 0.03718817 0.03650259 0.155907 0.03722256 0.035106 0.155714 0.036807 0.03528285 0.15451 0.0360791 0.03558737 0.15207 0.03595441 0.03719019 0.152226 0.0362975 0.03549808 0.152935 0.03630626 0.0370469 0.153481 0.03640139 0.03842097 0.154996 0.035977 0.03859347 0.153724 0.03572535 0.03933948 0.153868 0.03560888 0.03874033 0.152433 0.03469759 0.04033339 0.151345 0.03541797 0.04006111 0.154027 0.03499853 0.03959822 0.1512359 0.03529191 0.03888183 0.15113 0.0356568 0.0373094 0.150956 0.03565669 0.03731262 0.150956 0.03565526 0.0373187 0.150957 0.03529649 0.0388621 0.1511279 0.03286623 0.04289019 0.151885 0.0336644 0.04260993 0.154788 0.03337818 0.04229116 0.151741 0.03417778 0.04203271 0.154581 0.03386527 0.04172128 0.151605 0.03464233 0.04141259 0.154384 0.03282827 0.04293459 0.1518959 0.03166502 0.0439037 0.152198 0.0325067 0.04362267 0.155227 0.03161972 0.04394149 0.1522099 0.0324105 0.0440163 0.158752 0.0335673 0.0432567 0.158199 0.03361809 0.04322326 0.158175 0.03369039 0.04317581 0.15814 0.03468489 0.0422368 0.1576279 0.0369023 0.03814041 0.15623 0.03715699 0.03668129 0.155942 0.03671169 0.03687852 0.15472 0.03716599 0.03662949 0.155932 0.036875 0.03821969 0.156251 0.03688478 0.03819161 0.156243 0.03639185 0.03545951 0.153308 0.0366221 0.03895139 0.156444 0.03637468 0.03966748 0.156634 0.03637105 0.03967458 0.1566359 0.03576666 0.0357151 0.150833 0.03025788 0.0447402 0.152543 0.03021395 0.04476583 0.152554 0.03161126 0.04394865 0.152212 0.0309394 0.04434168 0.152377 0.03031605 0.0447061 0.152529 0.02952617 0.04503226 0.152713 0.0346871 0.04035896 0.1513479 0.034662 0.04041993 0.1513569 0.03505635 0.04075378 0.154199 0.03430002 0.04101639 0.15147 0.03388983 0.04169243 0.151598 0.0347135 0.04220986 0.1576139 0.03482931 0.04210048 0.157554 0.03518801 0.04162806 0.157352 0.03564435 0.041027 0.157096 0.03600579 0.04035449 0.156867 0.03636723 0.03968155 0.156638 0.03503358 0.03889608 0.149641 0.03540486 0.0373522 0.149582 0.03070235 0.04436117 0.150342 0.0313605 0.04392749 0.1502349 0.03118485 0.0437861 0.1482419 0.03256595 0.04291009 0.150039 0.03518587 0.02978128 0.126581 0.03460931 0.0300517 0.125968 0.03417629 0.03177237 0.127211 0.03632295 0.02947247 0.136241 0.03620588 0.02886039 0.13682 0.03645849 0.02761971 0.135966 0.03547656 0.0340476 0.138503 0.03532862 0.03469389 0.138067 0.0350852 0.0356394 0.139389 0.03615057 0.0291326 0.1370069 0.03703457 0.02795678 0.133134 0.03727096 0.02745896 0.130796 0.03685832 0.02834737 0.129325 0.03570336 0.02947348 0.127228 0.02977019 0.04432696 0.1462309 0.02984875 0.04460483 0.148346 0.02977418 0.04390448 0.144122 0.02985572 0.04333746 0.1420339 0.03000921 0.0426262 0.139981 0.03022933 0.04177063 0.137978 0.03050959 0.04077315 0.136037 0.0308398 0.03964096 0.134168 0.03120958 0.03838199 0.1323789 0.03160881 0.03700435 0.1306779 0.0320267 0.03551638 0.129073 0.03174978 0.03411835 0.127133 0.03216779 0.03241205 0.125702 0.03257477 0.03062087 0.1243759 0.0332989 0.03047347 0.124861 0.03397881 0.03028309 0.125393 0.03615719 0.02913028 0.127905 0.03654289 0.02875369 0.128606 0.03710162 0.0279147 0.130057 0.03699463 0.02847778 0.132443 0.03736448 0.02698409 0.131536 0.03700125 0.02742356 0.133815 0.03689503 0.02688217 0.134483 0.03661835 0.02683395 0.135425 0.03671538 0.02632772 0.135147 0.03699678 0.02486103 0.134339 0.03721356 0.0241549 0.133765 0.03001248 0.04474097 0.150454 0.02929538 0.04506427 0.150571 0.03540158 0.03360688 0.140523 0.03539115 0.03289991 0.1409029 0.03542536 0.0326963 0.140595 0.03558748 0.03272128 0.139366 0.03597158 0.02999377 0.137769 0.0358076 0.03173243 0.138263 0.03574031 0.03110533 0.138757 0.03555923 0.03202015 0.139814 0.03574109 0.03301542 0.137295 0.03580611 0.03237813 0.137782 0.03607857 0.0312696 0.136689 0.03605502 0.03064709 0.13722 0.036605 0.02821505 0.1353279 0.03637301 0.0300697 0.135662 0.03603649 0.03188359 0.13615 0.0356127 0.03364038 0.136804 0.03668266 0.0287854 0.1347039 0.03669029 0.02934741 0.134068 0.03635519 0.03065878 0.135074 0.0362699 0.03123539 0.134478 0.03592908 0.0324853 0.135606 0.03575658 0.03307068 0.13506 0.03542149 0.03424882 0.136312 0.0351687 0.03483682 0.135823 0.03485155 0.03593313 0.137198 0.03662747 0.02989739 0.133424 0.03611683 0.03179574 0.133881 0.03552037 0.03363561 0.134517 0.03669589 0.02946865 0.1310549 0.0368815 0.02898317 0.131749 0.03649437 0.03043097 0.132777 0.03629189 0.03094476 0.132131 0.03589749 0.03233593 0.133285 0.03561341 0.03285235 0.132696 0.03522217 0.03417652 0.13398 0.03486388 0.03468978 0.1334519 0.03448665 0.03593665 0.1348659 0.03643971 0.02993083 0.1303679 0.036022 0.03143477 0.131492 0.03568655 0.0318976 0.130863 0.03526681 0.03334105 0.132116 0.03485959 0.03379839 0.131551 0.03444778 0.03517132 0.132937 0.03397601 0.0356177 0.132439 0.0335825 0.03690958 0.133958 0.03611475 0.03036606 0.129693 0.03528743 0.03232926 0.13025 0.0343939 0.03422105 0.131005 0.03572285 0.03077071 0.1290349 0.03482699 0.03272652 0.129658 0.03526633 0.03114151 0.128399 0.03474932 0.03147608 0.12779 0.03430891 0.03308689 0.12909 0.03373771 0.0334084 0.1285499 0.0333029 0.03495198 0.1299819 0.03311789 0.03368878 0.128041 0.03355199 0.03202843 0.126668 0.03245389 0.03392612 0.127568 0.03288096 0.03224229 0.126163 0.03414416 0.03707516 0.136353 0.03322315 0.03808945 0.135553 0.0338459 0.03809869 0.137906 0.0329076 0.03915065 0.137219 0.0336008 0.03900039 0.139518 0.03264558 0.04008615 0.138947 0.03341799 0.03977453 0.141181 0.03244638 0.04088979 0.14073 0.0333029 0.04041951 0.142886 0.03231567 0.04156005 0.142556 0.03325915 0.04093533 0.144619 0.03225815 0.04209685 0.1444129 0.03329128 0.04132229 0.146369 0.03227818 0.04250019 0.146287 0.03340303 0.04158008 0.148124 0.03238016 0.0427705 0.148167 0.03359621 0.0417115 0.149872 0.0328803 0.03639537 0.131507 0.03247988 0.03773087 0.133122 0.03211158 0.03895109 0.134819 0.03178542 0.04004859 0.136591 0.0315119 0.04101628 0.1384299 0.03130012 0.0418471 0.140327 0.03115671 0.04253959 0.14227 0.0310865 0.04309356 0.144246 0.03109419 0.043509 0.146241 0.03555095 0.0357275 0.149559 0.03545576 0.03573298 0.148997 0.03521382 0.0372731 0.148195 0.03539019 0.03573668 0.148609 0.03536021 0.03568977 0.148286 0.03508788 0.03707617 0.146806 0.03524196 0.0355044 0.147006 0.03502595 0.03675889 0.1454229 0.03518617 0.03541696 0.146403 0.03442531 0.04036158 0.149738 0.0351724 0.03521478 0.14574 0.0351566 0.03498339 0.144982 0.035025 0.03632164 0.144055 0.03538477 0.03293848 0.140961 0.03525668 0.03438258 0.1417289 0.03526359 0.03366059 0.142054 0.03514623 0.03482943 0.144477 0.03514301 0.03478187 0.144321 0.0350821 0.03576475 0.142714 0.0351929 0.0342763 0.143262 0.03519392 0.03508836 0.141408 0.03523969 0.03380328 0.14227 0.03556305 0.03338867 0.1389369 0.03535658 0.03429418 0.140147 0.03422856 0.04024368 0.148115 0.03483736 0.03879612 0.1481389 0.03410917 0.04000288 0.146485 0.03471302 0.03857588 0.146632 0.03406578 0.03963655 0.14486 0.03465956 0.03823328 0.14513 0.03409475 0.03914487 0.143252 0.03467357 0.03776788 0.143645 0.03419238 0.03852748 0.141671 0.03475159 0.03718018 0.142185 0.0343548 0.03778463 0.140128 0.03489035 0.03646999 0.1407639 0.03457731 0.03691798 0.138635 0.03614747 0.0291481 0.137018 0.03548532 0.026151 0.137152 0.0364322 0.02495396 0.135267 0.03655123 0.02506327 0.135214 0.0367769 0.02543169 0.134974 0.03675282 0.02537649 0.135013 0.0367248 0.02531105 0.13506 0.03669047 0.02524656 0.135104 0.03695589 0.0243864 0.1342869 0.03690898 0.02432906 0.134325 0.03660327 0.02512228 0.135181 0.03649413 0.025007 0.1352429 0.03586798 0.02636981 0.137108 0.03579956 0.02631562 0.137126 0.03572642 0.02626621 0.13714 0.03564924 0.02622222 0.137148 0.03556865 0.02618366 0.137153 0.03491157 0.02731662 0.139152 0.03482061 0.02729839 0.139143 0.03500092 0.02734231 0.139156 0.03508818 0.02737528 0.1391569 0.03517228 0.02741491 0.139153 0.03525257 0.02746117 0.139145 0.0353282 0.02751356 0.139133 0.0353986 0.02757197 0.139116 0.03546309 0.02763569 0.139096 0.03557306 0.0277763 0.139045 0.03552132 0.027704 0.139072 0.0356177 0.02785193 0.139015 0.03565508 0.02793031 0.138981 0.03568452 0.0280109 0.138945 0.0353775 0.02915048 0.140961 0.03589069 0.02771836 0.13806 0.03572469 0.02816385 0.1388739 0.03570598 0.0280928 0.138907 0.03561633 0.02845478 0.139405 0.03541439 0.02903598 0.140678 0.03659152 0.02591276 0.13551 0.03621822 0.02687031 0.136758 0.03618258 0.0268439 0.1368719 0.0362007 0.0269159 0.136828 0.03615516 0.0270335 0.137009 0.03598916 0.02649128 0.137059 0.03604108 0.02655708 0.137028 0.03608673 0.02662599 0.136994 0.03612583 0.02669703 0.136956 0.0361579 0.02676981 0.136916 0.03593128 0.02642858 0.137085 0.03664976 0.02518343 0.1351439 0.03635865 0.0259307 0.136047 0.03631258 0.02586555 0.1360819 0.0362606 0.02580302 0.136114 0 0.04687958 0.207154 0 0.04661357 0.2073979 0.002409577 0.04660421 0.207341 0.03042787 0.04397225 0.189629 0.03092277 0.04344058 0.190072 0.03209728 0.04308509 0.188274 0.03542351 0.04199755 0.1596249 0.03428727 0.04301977 0.160105 0.0371409 0.03943812 0.1587899 0 0.04115229 0.2102259 0 0.04044222 0.210285 0.002461433 0.04042506 0.210241 0 0.04272997 0.209832 0 0.0423913 0.209917 0.002477884 0.04237473 0.20986 0 0.0456826 0.208253 0 0.04507362 0.208647 0.002455413 0.04506856 0.2086 0 0.0442692 0.209168 0 0.044236 0.209182 0.002469122 0.04421365 0.209107 0 0.04868721 0.204406 0 0.04836308 0.204999 0.002298831 0.04836761 0.204946 0.0300709 0.04322701 0.192263 0.02865862 0.04360991 0.193957 0.02902889 0.04297053 0.194428 0 0.04922902 0.202845 0 0.04911798 0.203166 0.002201557 0.04911506 0.203109 0.02749419 0.04556339 0.189765 0.0261752 0.04592669 0.191247 0.02674388 0.0455935 0.191823 0.01599293 0.04822432 0.197589 0.004170358 0.04941993 0.200986 0.001539707 0.03953748 0.21033 0.002444565 0.03952252 0.210271 0.03721868 0.03530412 0.185014 0.03746289 0.0352301 0.184337 0.03656536 0.03600138 0.186513 0.02239817 0.04696327 0.193717 0.0226686 0.04691118 0.193343 0.02114385 0.04725307 0.194515 0.02877289 0.04187256 0.196095 0.02874815 0.04175871 0.196226 0.02961593 0.0415517 0.195266 0.02866059 0.04135459 0.19669 0.02853137 0.04108279 0.197049 0.02982842 0.04078292 0.195627 0.02511376 0.04320269 0.199068 0.02504998 0.04327625 0.19906 0.02437347 0.04342365 0.199622 0.02270352 0.04588985 0.197728 0.02262568 0.04597538 0.197612 0.0212875 0.04626029 0.198565 0.02192729 0.04687201 0.195608 0.02192628 0.04693239 0.195269 0.02166301 0.04702633 0.195232 0.02192616 0.04693889 0.195233 0.02194499 0.04696226 0.195034 0.02192777 0.04684382 0.195767 0.01998758 0.04737925 0.19639 0.02197355 0.04675877 0.196072 0.02209997 0.0465762 0.196593 0.0220052 0.04670011 0.196282 0.02045029 0.04708379 0.197135 0.02261012 0.04599249 0.197589 0.02237415 0.04625177 0.197237 0.02088475 0.04670995 0.197862 0.02222478 0.04642397 0.19692 0.02215331 0.04650622 0.1967689 0.02312046 0.0454353 0.198176 0.02388828 0.04458963 0.198695 0.02370893 0.04478853 0.198599 0.02198356 0.0451498 0.199873 0.0235663 0.04494673 0.198522 0.02474021 0.04363346 0.199018 0.02435505 0.04406791 0.198895 0.02410936 0.04412627 0.1991 0.0241611 0.04428672 0.198833 0.02594643 0.04224509 0.1990759 0.02579295 0.0424214 0.199083 0.02458846 0.04267191 0.2000949 0.02538228 0.04289317 0.199104 0.02691978 0.04123359 0.1987749 0.02665448 0.04149258 0.1988829 0.02654856 0.0415154 0.198982 0.02652859 0.0416153 0.198935 0.02475327 0.04187738 0.200515 0.02651309 0.04163038 0.1989409 0.02617269 0.04199951 0.1990219 0.02830862 0.04080742 0.1974999 0.02819949 0.04073125 0.197674 0.02838408 0.04033899 0.197687 0.02807378 0.0406844 0.197845 0.02765011 0.0407291 0.198291 0.02667665 0.04069548 0.199334 0.0278052 0.04068267 0.1981469 0.02794259 0.0406686 0.198002 0.0274623 0.04082 0.1984429 0.02723366 0.04097133 0.198601 0.02714169 0.0410481 0.198652 0.02834439 0.0408324 0.197443 0.02998542 0.03998273 0.195946 0.0285024 0.04102176 0.19713 0.02868008 0.04144436 0.196587 0.02877461 0.04236567 0.195568 0.0293489 0.04228293 0.194865 0.02877479 0.04242449 0.195505 0.02859681 0.04323732 0.194658 0.02866578 0.04306071 0.19484 0.02877509 0.04247623 0.19545 0.02824169 0.0441963 0.193458 0.0280779 0.04423838 0.193638 0.02810305 0.04420876 0.1936669 0.02820158 0.04404699 0.193831 0.02842259 0.04368418 0.194199 0.02842813 0.04366976 0.194214 0.02778118 0.04472523 0.192933 0.02760595 0.04476869 0.193122 0.0276876 0.04469668 0.193188 0.02700126 0.04526138 0.192683 0.02719599 0.04512929 0.19279 0.02728062 0.04519206 0.192387 0.02758568 0.04478645 0.193105 0.02660799 0.04552781 0.192466 0.02671647 0.0454545 0.192526 0.02546197 0.04608929 0.19218 0.02550458 0.04607021 0.192187 0.02606189 0.04582279 0.192279 0.02624773 0.04572248 0.192342 0.0235188 0.04670941 0.192625 0.02383619 0.04662585 0.192454 0.02418708 0.04654598 0.192026 0.02436077 0.04647439 0.1922709 0.02440559 0.04645985 0.192264 0.02270168 0.0469042 0.193304 0.0230509 0.04682618 0.19295 0.02313506 0.04680556 0.192887 0.02339798 0.04674118 0.19269 0.02487421 0.04630833 0.192183 0.0252546 0.04616653 0.192181 0.02194792 0.04696315 0.19502 0.02204209 0.04699367 0.194542 0.02216875 0.04699301 0.1941699 0.02268242 0.04690849 0.193324 0.01950067 0.04759365 0.195632 0.02982968 0.0448727 0.186597 0.0287137 0.04521048 0.188213 0.03083807 0.04455518 0.184921 0.03173476 0.0442633 0.1831899 0.03251671 0.04400098 0.181411 0.0331813 0.04377198 0.179589 0.03372591 0.04358017 0.177732 0.03414803 0.04342919 0.175845 0.0346176 0.04325991 0.172015 0.03444558 0.04332226 0.173937 0.03458285 0.04327219 0.1681579 0.03466349 0.04324311 0.170086 0.03437507 0.04334789 0.16624 0.03404098 0.04346859 0.164337 0.03358328 0.04363137 0.162458 0.03300392 0.04383355 0.16061 0.0379796 0.03641569 0.1581889 0.03803825 0.03490406 0.158006 0.0379666 0.03492218 0.157769 0.03743171 0.0350542 0.156292 0.03858876 0.03476548 0.159829 0.03864508 0.03623229 0.160497 0.0387153 0.03473293 0.160346 0.03932315 0.03457599 0.1630319 0.03926128 0.03459227 0.162725 0.03917104 0.03608447 0.162842 0.03909838 0.03463459 0.161915 0.03877449 0.03471773 0.160589 0.03955477 0.03597491 0.165217 0.03964638 0.03459209 0.165141 0.03962808 0.03459465 0.165011 0.03945708 0.03461885 0.163793 0.03979349 0.03590637 0.167612 0.0398941 0.03452378 0.167571 0.03974086 0.0345788 0.165814 0.03998398 0.0344026 0.170013 0.03997719 0.03440439 0.169498 0.03988611 0.03587985 0.170018 0.039967 0.03440696 0.168735 0.0399273 0.03451186 0.167952 0.0398333 0.0358951 0.172426 0.03993242 0.03441631 0.1724579 0.03999602 0.03439962 0.170916 0.03969752 0.03447777 0.175269 0.0397334 0.03446835 0.174896 0.03963571 0.03595167 0.174825 0.03981983 0.03444588 0.173997 0.03990596 0.03442335 0.1730999 0.03941828 0.03455042 0.177156 0.039294 0.03604871 0.1772069 0.03938722 0.03456449 0.177314 0.03880906 0.0361858 0.179562 0.0390532 0.03471499 0.179012 0.03916448 0.0346648 0.178447 0.03801798 0.03506129 0.1827909 0.03824508 0.0349884 0.182041 0.03818339 0.03635978 0.181881 0.03853988 0.03489357 0.181068 0.03888255 0.03477436 0.179696 0.03552347 0.0362575 0.18869 0.03554475 0.0357427 0.188704 0.03638339 0.03553617 0.186976 0.03641843 0.0355274 0.1869029 0.03655457 0.03548949 0.186582 0.03426665 0.03591418 0.19098 0.03432196 0.03591597 0.190888 0.0343526 0.0365355 0.190795 0.0346052 0.03592538 0.19042 0.03551137 0.03574913 0.188765 0.03305763 0.03683108 0.192825 0.0316435 0.03713977 0.194772 0.03172981 0.03634077 0.194697 0.0326628 0.03614693 0.193449 0.03300523 0.0360729 0.192937 0.03381001 0.03589898 0.191734 0.03011548 0.03745692 0.196632 0.03137946 0.03641355 0.195165 0.03158569 0.03637075 0.19489 0.02686077 0.03726118 0.199999 0.0284059 0.03698635 0.198516 0.02847838 0.03777831 0.198397 0.02852421 0.03696525 0.198402 0.02879518 0.03691422 0.1981109 0.02997756 0.0366913 0.196843 0.0300526 0.0366764 0.196753 0.02665549 0.03729546 0.200175 0.02673727 0.03809928 0.200062 0.0254932 0.03748929 0.2011719 0.02489709 0.03841549 0.201622 0.0251972 0.03753852 0.201426 0.0229631 0.03872209 0.20307 0.02289521 0.03810071 0.203146 0.02374738 0.03794699 0.202547 0.02457398 0.03763777 0.201921 0.02481168 0.03759998 0.201732 0.0207749 0.03841912 0.204541 0.02087771 0.038405 0.2044759 0.02094 0.03901517 0.2044 0.02189093 0.03826528 0.203828 0.02228045 0.0382117 0.203579 0.01897335 0.03862208 0.205573 0.01883387 0.03929007 0.205608 0.01876807 0.03864139 0.205677 0.01665246 0.03954327 0.206687 0.01719868 0.03878897 0.2064729 0.01797848 0.03871566 0.2060779 0.0141381 0.03891801 0.207778 0.01432806 0.03891938 0.2077029 0.01440411 0.03977119 0.207634 0.01523238 0.03892606 0.207346 0.01658082 0.038832 0.2067469 0.01209712 0.03997039 0.2084439 0.01202839 0.03909122 0.208507 0.01207953 0.03908765 0.208492 0.01383686 0.03894287 0.207882 0.0100407 0.03922939 0.209079 0.009739875 0.04013741 0.209113 0.009680569 0.03924971 0.2091619 0.007341384 0.04026985 0.209637 0.00802356 0.03934311 0.209547 0.009530842 0.03925818 0.209197 0.004879236 0.0394665 0.2100459 0.005104482 0.03945976 0.2100189 0.004911839 0.04036617 0.210014 0.005848646 0.03943747 0.20993 0.007294178 0.03937482 0.209675 0.003698647 0.0395019 0.210188 6.14253e-4 0.03954213 0.210348 0 0.03954511 0.2103599 0 0.04950666 0.20122 0.002089798 0.04948532 0.201161 0 0.04950845 0.201209 0.006233215 0.04931288 0.200695 0.0102716 0.04898023 0.1997759 0.008269906 0.0491659 0.200291 0.01223075 0.04875898 0.1991519 0.01414018 0.04850566 0.198422 0.01778197 0.04791891 0.196658 0.02808248 0.04522138 0.190295 0 0.04933929 0.2021999 0.002147257 0.04934859 0.202144 0.00428462 0.0492801 0.201961 0.004392683 0.04904437 0.2029179 0.006402969 0.0491684 0.201658 0.006563663 0.04892873 0.202602 0.008493363 0.0490148 0.201236 0.008705019 0.04877007 0.2021639 0.01054656 0.04882127 0.200699 0.01080703 0.04857003 0.201605 0.0125544 0.04859048 0.200048 0.01286119 0.04833173 0.200929 0.01450961 0.04832667 0.199288 0.01485997 0.04805946 0.200139 0.01640498 0.04803395 0.198422 0.01679599 0.04775768 0.199241 0.01823323 0.04771661 0.197455 0.01866161 0.04743099 0.198238 0.02963626 0.04381275 0.191801 0.02915763 0.04434317 0.191317 0.03137326 0.04285562 0.190495 0.03045815 0.04259049 0.192699 0 0.0487917 0.204105 0.002252221 0.04878723 0.204046 0.004493594 0.04871481 0.203848 0.004586279 0.048294 0.204742 0.006713688 0.0485965 0.2035199 0.006851673 0.04817378 0.204403 0.008902728 0.04843384 0.203066 0.009084701 0.04800868 0.203933 0.01105058 0.04822903 0.202487 0.01127475 0.04780066 0.203335 0.01314812 0.04798501 0.201786 0.01341277 0.047553 0.202611 0.01518791 0.04770648 0.200968 0.01549077 0.04727023 0.201767 0.01716238 0.04739797 0.200038 0.01750093 0.04695737 0.200807 0.01906365 0.0470643 0.199001 0.0194357 0.04661911 0.199738 0 0.0478875 0.205869 0 0.04727053 0.206656 0.002340853 0.0478599 0.205801 0.002377927 0.04727011 0.206602 0.004669845 0.04778581 0.20559 0.004743576 0.04719597 0.206386 0.006976187 0.04766458 0.205242 0.007086098 0.04707479 0.206028 0.009249031 0.04749822 0.204758 0.009394347 0.04690831 0.205532 0.01147753 0.04728859 0.204142 0.01165711 0.0466988 0.2049 0.01365238 0.04703915 0.203396 0.01386499 0.04644936 0.204135 0.0157653 0.04675453 0.2025279 0.01600939 0.04616487 0.203245 0.01780849 0.04643958 0.201541 0.01808261 0.04585009 0.202234 0.01977413 0.04609936 0.200443 0.02007657 0.04551017 0.201108 0.02165466 0.04573863 0.199237 0.02331757 0.0452193 0.198329 0.03079473 0.04190772 0.193105 0.03107756 0.04118317 0.193478 0.03266751 0.04007261 0.191925 0.03130507 0.04042249 0.193816 0.03411018 0.0389654 0.190216 0.03285259 0.03929108 0.1922039 0.03147631 0.0396319 0.1941159 0 0.04588019 0.208072 0.002435505 0.04586821 0.20801 0.004806756 0.0465306 0.20712 0.004858613 0.0457955 0.207785 0.007180333 0.0464102 0.206754 0.007257819 0.04567682 0.207413 0.0095191 0.04624491 0.206247 0.009621918 0.04551392 0.206897 0.01181179 0.04603689 0.205601 0.0119394 0.0453087 0.206239 0.01404833 0.0457893 0.20482 0.0142005 0.0450645 0.205444 0.01622068 0.04550671 0.203911 0.01639688 0.04478591 0.204518 0.01832062 0.04519432 0.2028779 0.01851999 0.0444777 0.203467 0.02034008 0.04485672 0.201728 0.02056187 0.04414469 0.202296 0.02227127 0.04449903 0.200467 0.0225147 0.04379165 0.201013 0.004898369 0.04499745 0.2083719 0.004925847 0.04414445 0.208877 0.007317483 0.04488116 0.2079949 0.007358968 0.04403126 0.208497 0.009701371 0.0447216 0.207472 0.009757101 0.04387587 0.20797 0.0120387 0.04452049 0.206806 0.0121091 0.04368019 0.207297 0.01431959 0.0442813 0.206 0.01440495 0.04344701 0.206484 0.01653563 0.04400813 0.205062 0.01663637 0.04318106 0.205536 0.0186783 0.04370594 0.203996 0.01879477 0.04288643 0.204459 0.02073949 0.0433793 0.202808 0.02087169 0.0425679 0.20326 0.02271109 0.043033 0.201506 0.02285969 0.04223001 0.201943 0 0.04332238 0.209576 0.002476572 0.0433126 0.209529 0.004941046 0.04324567 0.209298 0.004943788 0.04231029 0.2096289 0.007382154 0.04313611 0.208916 0.007387042 0.04220479 0.209248 0.00978893 0.04298573 0.208386 0.009796738 0.04206001 0.208717 0.01215022 0.04279625 0.20771 0.01216202 0.0418775 0.208041 0.01445639 0.04257059 0.206893 0.01447343 0.04166013 0.2072229 0.01669859 0.0423128 0.2059389 0.01672226 0.04141151 0.2062669 0.01886886 0.04202729 0.204856 0.01890027 0.04113602 0.205181 0.02095848 0.04171818 0.203647 0.02099907 0.0408377 0.203969 0.02295958 0.04139006 0.20232 0.02301055 0.04052042 0.202636 0.02486699 0.04104757 0.200881 0.02492946 0.04018902 0.201189 0.02675122 0.03984832 0.199633 0.02847158 0.03950279 0.197975 0 0.04142552 0.210158 0.002472758 0.04140919 0.210099 0.004934132 0.0413475 0.209869 0.007373452 0.04124647 0.209489 0.009780406 0.04110777 0.208961 0.01214438 0.04093277 0.208287 0.01445615 0.04072409 0.207471 0.016707 0.04048568 0.2065179 0.01888877 0.04022109 0.205433 0.02099305 0.03993409 0.204221 0.02301186 0.0396288 0.2028869 0.02493965 0.03930938 0.2014369 0.02677166 0.03898066 0.199877 0.03767639 0.03796595 0.158456 0.03177613 0.04222196 0.190894 0.03297919 0.04186999 0.189019 0.0333451 0.04119622 0.189359 0.03444188 0.0408703 0.187384 0.03476601 0.04016363 0.1876659 0.03575068 0.03986948 0.185599 0.0363835 0.04079341 0.159183 0.0377745 0.03923529 0.160987 0.03700238 0.0405848 0.161305 0.03827452 0.03907191 0.163218 0.0374906 0.04041671 0.163461 0.03863888 0.03895103 0.165475 0.0378465 0.0402925 0.165641 0.0388655 0.03887546 0.16775 0.03806769 0.04021459 0.167839 0.0389536 0.03884637 0.170035 0.03815358 0.04018473 0.170046 0.03890329 0.0388633 0.172322 0.03810465 0.0402022 0.172255 0.03871566 0.03892558 0.174601 0.0379213 0.04026621 0.174457 0.03839105 0.03903281 0.176865 0.03760439 0.0403766 0.176643 0.03793025 0.03918397 0.179104 0.03715443 0.04053199 0.178806 0.03733503 0.03937613 0.181311 0.03657329 0.0407297 0.180939 0.03660786 0.03960579 0.1834779 0.03586298 0.04096609 0.183033 0.03502559 0.04123747 0.185082 0.03406351 0.0415402 0.18708 0.03212803 0.04154378 0.191268 0.03365641 0.04048395 0.189673 0.03503406 0.03942489 0.187924 0.03625249 0.03837859 0.186035 0.03713011 0.03812652 0.183856 0.03787529 0.03790658 0.181627 0.03848522 0.03772258 0.179358 0.03895777 0.0375778 0.177054 0.0392906 0.0374751 0.1747249 0.03948318 0.0374155 0.172379 0.03953462 0.03739929 0.170026 0.03944438 0.03742718 0.167674 0.03921192 0.0374996 0.165332 0.03883808 0.03761541 0.16301 0.03832548 0.03777176 0.160715 0.02850329 0.03864717 0.198213 0.0300861 0.0391575 0.1962209 0.03159046 0.0388171 0.194377 0.03298008 0.03848636 0.192448 0.03425049 0.03817009 0.190442 0.03539741 0.03787302 0.188363 0.0324257 0.0408256 0.191612 0.03391188 0.03973841 0.189959 0.03524488 0.03865969 0.188157 0.03641659 0.03759986 0.186219 0.03741979 0.03656762 0.184156 0.03652119 0.03680562 0.186379 0.03549069 0.03707057 0.1885409 0.03433161 0.0373584 0.190636 0.03304862 0.03766447 0.192656 0.03164649 0.03798449 0.1945959 0.03012979 0.0383135 0.196451 0.03800255 0.0350663 0.182842 0.03045016 0.04451459 0.1870329 0.02931922 0.04486018 0.188696 0.02863848 0.04481375 0.190814 0.03487902 0.04281079 0.162051 0.03534638 0.04264265 0.164028 0.03568708 0.04251813 0.166028 0.03589916 0.04244029 0.1680459 0.03598141 0.04241025 0.170072 0.0359345 0.04242759 0.1721 0.03575897 0.04249185 0.174121 0.03545546 0.0426023 0.176127 0.03502476 0.04275792 0.178111 0.03446859 0.04295599 0.180066 0.03378939 0.0431925 0.181985 0.03298968 0.043464 0.183861 0.03207135 0.04376631 0.185688 0.03602838 0.04178655 0.1616629 0.03650581 0.04161679 0.163733 0.03685379 0.04149115 0.165827 0.03707027 0.04141259 0.1679379 0.03715419 0.04138237 0.170059 0.03710639 0.04139983 0.1721799 0.0369271 0.0414648 0.174295 0.0366171 0.04157608 0.1763949 0.03617703 0.04173326 0.1784729 0.03560882 0.041933 0.1805199 0.03491455 0.04217195 0.1825309 0.03409636 0.04244613 0.184498 0.03315639 0.0427519 0.186414 0.03103762 0.04409569 0.187459 0.02989202 0.04444652 0.189169 0.02412259 0.04433012 0.1988199 7.49947e-4 0.01002979 0.1283619 7.4993e-4 0.01006484 0.128363 0 0.02754515 0.12836 7.49913e-4 0.01010102 0.128363 7.49896e-4 0.01013839 0.128363 0.0223065 0.02754515 0.134773 0.02107906 0.02754515 0.134065 0.02134352 0.02583366 0.1342 0.02250319 0.02664226 0.1348969 0.02329409 0.0271781 0.13542 0.02383559 0.02754515 0.135779 0.016927 0.02754515 0.131926 0.01697337 0.02268832 0.131942 0.01735329 0.0229659 0.132122 0.01896119 0.02414077 0.132883 0.01936155 0.02442705 0.133098 0.01962321 0.02754515 0.133226 0.02074438 0.02541589 0.13384 0.02108919 0.0256564 0.134047 0.012546 0.02754515 0.130307 0.01255148 0.01936268 0.13029 0.01304835 0.01974356 0.130438 0.01327145 0.0199123 0.130517 0.01501631 0.02123147 0.131136 0.01532286 0.02145951 0.131262 0.01692819 0.02265465 0.131924 0.01683348 0.02754515 0.1318809 0.01395189 0.02754515 0.1307449 0.00894314 0.01658082 0.129323 0.00911349 0.01671278 0.129364 0.008024513 0.02754515 0.129135 0.01098179 0.01815986 0.129821 0.01120108 0.01832789 0.129886 0.01099479 0.02754515 0.129824 0.003395259 0.01222819 0.128507 0.004751861 0.01329839 0.128629 0.003393769 0.02754515 0.128526 0.00490278 0.01341688 0.12865 0.007977664 0.02754515 0.129124 0.00701195 0.01507318 0.128953 0.008022367 0.01586192 0.1291469 0.006841063 0.01493978 0.128921 0.004917204 0.02754515 0.128648 0.002813637 0.01176947 0.128454 0.002791941 0.01175218 0.128453 0.001829922 0.02754515 0.1284 0.03517431 0.03038066 0.143295 0.03517323 0.03038698 0.143322 0.0351656 0.03028559 0.143352 0.03501933 0.0300728 0.1443729 0.03496968 0.02998745 0.144372 0.03496307 0.02992969 0.143919 0.03394639 0.02922368 0.143001 0.0339452 0.02921801 0.1429899 0.03404378 0.02920883 0.143003 0.03503865 0.02959877 0.142848 0.035169 0.02999246 0.142919 0.03513497 0.02989512 0.1429629 0.03520029 0.03019201 0.142826 0.03519088 0.03009223 0.142873 0.03520125 0.0301854 0.142809 0.03496855 0.0295189 0.14289 0.0348888 0.02944606 0.142926 0.03480029 0.02938115 0.142958 0.03470432 0.02932536 0.142983 0.03460192 0.02927953 0.143002 0.03438365 0.02921885 0.143022 0.03449451 0.029244 0.143015 0.03415673 0.02920109 0.143016 0.03427058 0.02920442 0.143022 0.03406333 0.02929598 0.14318 0.03396648 0.02931809 0.143184 0.0339505 0.02924317 0.143039 0.03408539 0.0293703 0.143365 0.03398889 0.02937406 0.143357 0.034024 0.0294615 0.143628 0.03401756 0.02944535 0.1435779 0.03410965 0.02943193 0.1435559 0.0340138 0.02943629 0.14355 0.03399217 0.02938228 0.143383 0.03404241 0.02947998 0.143748 0.03413635 0.02948069 0.143752 0.03404682 0.02948439 0.143777 0.0341655 0.02951639 0.143953 0.03407359 0.02951109 0.1439509 0.03419685 0.0295394 0.1441569 0.03409808 0.02953577 0.144112 0.03407722 0.02951472 0.143975 0.03413921 0.02954512 0.144349 0.03410816 0.02953809 0.14417 0.03410571 0.02953743 0.144156 0.03514152 0.03054517 0.144374 0.03513699 0.03045099 0.144374 0.03515309 0.03050523 0.143836 0.03511852 0.03034955 0.144374 0.03510606 0.0302813 0.144374 0.03510344 0.03020358 0.143884 0.03513628 0.03044658 0.144374 0.03514665 0.03018349 0.143382 0.0350663 0.03010761 0.1438969 0.03501933 0.03001618 0.143908 0.03502339 0.02989596 0.143462 0.03496158 0.02981019 0.1434839 0.03509598 0.030254 0.144374 0.03506183 0.03016138 0.1443729 0.03504633 0.03011929 0.1443729 0.03489375 0.02979767 0.1437129 0.03489065 0.02973109 0.143504 0.03481763 0.02972519 0.143726 0.03481143 0.02965962 0.143522 0.03473418 0.02966088 0.143737 0.03472489 0.02959686 0.143536 0.03464448 0.02960586 0.143745 0.0346316 0.02954351 0.143548 0.03454911 0.02956032 0.143751 0.0345332 0.02950012 0.1435559 0.03444951 0.0295248 0.143755 0.0344305 0.02946692 0.143561 0.03434669 0.02949947 0.143757 0.03432488 0.02944433 0.143562 0.03424209 0.02948457 0.143756 0.03421753 0.02943259 0.143561 0.03489816 0.02984952 0.143928 0.0348252 0.02977645 0.143936 0.03474521 0.02971112 0.143943 0.03465867 0.02965468 0.143949 0.03456676 0.02960735 0.143953 0.03447031 0.02956956 0.1439549 0.03437066 0.02954155 0.143956 0.03426861 0.02952373 0.143956 0.03495979 0.0299701 0.144372 0.03490418 0.02988636 0.144148 0.0348345 0.02981305 0.144152 0.03475767 0.02974718 0.144155 0.03467458 0.02968972 0.1441569 0.03458595 0.02964097 0.144159 0.0344929 0.02960109 0.144159 0.0343964 0.02957069 0.14416 0.0342974 0.02955007 0.144159 0.03423058 0.02954936 0.144363 0.03423571 0.02954953 0.144363 0.0343278 0.02956628 0.144365 0.03440541 0.02958059 0.144365 0.03417479 0.02929067 0.14319 0.03428673 0.02929675 0.143194 0.0343976 0.0293138 0.143193 0.03503257 0.02971309 0.143043 0.03496289 0.02972763 0.143277 0.03496509 0.02963048 0.143079 0.03488898 0.02964997 0.143303 0.03488832 0.0295549 0.14311 0.03480648 0.02958029 0.143325 0.03480285 0.02948725 0.143136 0.03471678 0.0295192 0.143343 0.03470999 0.02942866 0.143158 0.0346204 0.02946811 0.143357 0.0346105 0.02938008 0.143175 0.03451871 0.02942717 0.1433669 0.03450596 0.02934163 0.143187 0.03441309 0.02939659 0.143373 0.03430479 0.0293768 0.143374 0.03419518 0.02936798 0.1433719 0.03511637 0.03008377 0.14341 0.03508937 0.0298016 0.143005 0.03507512 0.02998745 0.143437 0.034909 0.0299099 0.144371 0.03484869 0.02983808 0.144371 0.03476941 0.0297715 0.14437 0.03471648 0.0297271 0.144369 0.03460586 0.0296626 0.1443679 0.03456729 0.02964031 0.144367 0.03451657 0.0296216 0.144367 0.025038 0.02464598 0.135138 0.02487719 0.0248028 0.135235 0.02281016 0.02366918 0.134053 0.02707457 0.02569633 0.13642 0.02689576 0.02585816 0.136532 0.03233742 0.02860218 0.141245 0.03211408 0.02880567 0.141367 0.03033328 0.02806079 0.139704 0.03013557 0.02827507 0.139797 0.02994686 0.02850377 0.139873 0.02811795 0.02761399 0.1383 0.03329396 0.0279963 0.1406069 0.0314123 0.02724057 0.139006 0.02945739 0.0263741 0.137524 0.0274384 0.02540981 0.13616 0.02536439 0.02436149 0.134912 0.02095985 0.02219468 0.132843 0.01879101 0.02096349 0.13192 0.01659566 0.01968938 0.131108 0.01437616 0.01837706 0.1304039 0.009762048 0.01580375 0.129346 0.00751245 0.01437479 0.128942 0.005253732 0.0129292 0.128644 0.002991974 0.0114746 0.128452 0.002858161 0.01165992 0.1284559 0.005018413 0.01325458 0.128657 0.007175624 0.01483982 0.128969 0.009216904 0.01656162 0.129381 0.01132619 0.01814085 0.129909 0.01341652 0.0196883 0.130549 0.01548558 0.0211988 0.131303 0.01753091 0.02266705 0.132174 0.01955038 0.02408772 0.133164 0.0215407 0.02545428 0.134276 0.02450489 0.02766221 0.136234 0.02349466 0.02675336 0.135511 0.02517706 0.02777993 0.136691 0.02533817 0.02780807 0.136801 0.02686196 0.0280748 0.1378369 0.02652919 0.0280165 0.137611 0.0256437 0.02749782 0.136918 0.0258519 0.02789795 0.1371499 0.027951 0.02784109 0.1383489 0.02779257 0.02807718 0.138382 0.02591747 0.0270428 0.136909 0.02767401 0.02821683 0.13839 0.02720886 0.02813541 0.138073 0.02857428 0.02837449 0.139002 0.0283851 0.02834135 0.1388739 0.02789068 0.02825468 0.138537 0.02927309 0.02848315 0.1394889 0.0292561 0.0284807 0.139477 0.02886223 0.02842479 0.139198 0.0314753 0.02879625 0.141049 0.03130245 0.02877163 0.140927 0.0306189 0.02867448 0.140443 0.03037452 0.02863979 0.1402699 0.02993667 0.02857756 0.139959 0.03335762 0.02906048 0.1423889 0.0332176 0.02904385 0.142284 0.03267323 0.0289666 0.141898 0.03257548 0.02895259 0.141829 0.03200721 0.02887189 0.141426 0.03374338 0.02910608 0.142678 0.03256869 0.02841848 0.141107 0.03280621 0.02825546 0.140954 0.03304857 0.02811431 0.140787 0.0142098 0.01858341 0.130473 0.01640087 0.01992213 0.131199 0.01856637 0.02121973 0.132036 0.03198719 0.02886909 0.141412 0.02829289 0.02739757 0.138234 0.02622073 0.02661252 0.1368409 0.02638185 0.0264092 0.136785 0.02654868 0.02621525 0.1367149 0.02847492 0.02719265 0.138152 0.02866321 0.0270003 0.138055 0.03053873 0.02786189 0.139594 0.03075075 0.02767956 0.139468 0.02456337 0.02514261 0.135392 0.02426409 0.02551347 0.135499 0.0225284 0.0239886 0.134185 0.0222575 0.02433115 0.134274 0.02045315 0.02276688 0.133095 0.02021002 0.02307999 0.133168 0.01834529 0.02149003 0.1321229 0.0181294 0.02177226 0.132181 0.01620835 0.02016448 0.131267 0.0160194 0.02041488 0.1313109 0.01388263 0.01901376 0.130557 0.02672016 0.02603137 0.1366299 0.02885669 0.02682155 0.137943 0.03096789 0.02751451 0.139328 0.02905428 0.02665698 0.137817 0.02925479 0.02650749 0.137677 0.0311889 0.02736788 0.139174 0.02725565 0.02554661 0.136296 0.02520066 0.0244987 0.13503 0.02070397 0.02247095 0.132987 0.002925038 0.01156711 0.1284559 0.005135715 0.01309132 0.128656 0.007343113 0.01460582 0.128966 0.009540677 0.01610285 0.129386 0.02398389 0.02590978 0.135554 0.02372616 0.02632516 0.135558 0.02200073 0.02469289 0.134319 0.02176076 0.0250687 0.134319 0.01997715 0.02340668 0.133203 0.01975649 0.02374368 0.133202 0.01792079 0.02206403 0.132208 0.01772069 0.02236318 0.132206 0.01583528 0.0206719 0.131332 0.01565688 0.02093368 0.1313289 0.01372337 0.01923573 0.130573 0.01356768 0.01946109 0.1305699 0.01158773 0.01776152 0.129927 0.01145559 0.01795059 0.1299239 0.009431421 0.01625478 0.129393 0.009323477 0.01640778 0.129391 0.02544069 0.02782607 0.136871 0.02986478 0.02856737 0.139908 0.03515428 0.03054517 0.144981 0.03518295 0.03054517 0.146346 0.03542858 0.03054517 0.148886 0.03544908 0.03054517 0.148998 0.03588902 0.03054517 0.151395 0.03630852 0.03054517 0.152931 0.03656125 0.03054517 0.1538569 0.02714329 0.02844387 0.138173 0.02646839 0.02834695 0.137701 0.0265007 0.02819246 0.137651 0.0271027 0.02858227 0.1382369 0.02642947 0.0284959 0.137763 0.02439808 0.0283966 0.136391 0.0237466 0.02831 0.135908 0.02378398 0.02812469 0.135854 0.03328722 0.02917075 0.142508 0.03260618 0.029105 0.142012 0.03123897 0.0289613 0.141032 0.03192329 0.02903515 0.14152 0.03184086 0.02916628 0.14166 0.02849555 0.02952587 0.140758 0.03145927 0.02950131 0.142315 0.03135591 0.02953398 0.142494 0.03296452 0.02947443 0.14306 0.03305 0.02942019 0.142913 0.03313267 0.02935129 0.142772 0.03321188 0.02926778 0.142637 0.03389471 0.02931356 0.143132 0.0286293 0.02947121 0.140529 0.02869457 0.0294311 0.1404179 0.03004157 0.02948725 0.141424 0.03015667 0.02941703 0.1412259 0.03165853 0.0293737 0.141972 0.03156048 0.02944779 0.142141 0.0309624 0.02934795 0.141504 0.02882075 0.02932578 0.1402029 0.02888095 0.02926099 0.140101 0.02957296 0.02929157 0.140569 0.02893882 0.02918815 0.140004 0.02968168 0.02915418 0.140384 0.0289942 0.02910768 0.13991 0.02904665 0.02901995 0.139822 0.02875846 0.02938252 0.140309 0.03021258 0.02937209 0.14113 0.030267 0.02932053 0.141036 0.03037095 0.02919828 0.140859 0.02978098 0.02899003 0.140217 0.02909618 0.02892524 0.1397399 0.02914243 0.02882421 0.139663 0.0298267 0.02889889 0.1401399 0.02922439 0.0286051 0.139528 0.02990895 0.02870035 0.140004 0.03046715 0.02905184 0.140696 0.03106147 0.02924019 0.1413339 0.03055417 0.02888351 0.140549 0.03115409 0.02911067 0.141176 0.03175228 0.02927953 0.141811 0.03244292 0.02931666 0.1422899 0.03059387 0.02879196 0.140483 0.03252702 0.02921867 0.142146 0.03127825 0.02887976 0.1409659 0.02429199 0.02872097 0.13655 0.02357512 0.02881038 0.136157 0.02362471 0.02869969 0.136085 0.02364397 0.02865678 0.136057 0.02364808 0.02864766 0.1360509 0.02434927 0.02856338 0.1364639 0.02369832 0.02848595 0.135978 0.02372479 0.02840089 0.13594 0.0237348 0.02836865 0.1359249 0.02379745 0.02805757 0.135834 0.02446919 0.02804166 0.136285 0.02443826 0.02822208 0.136332 0.0238099 0.02793437 0.135816 0.02382951 0.02774107 0.135788 0.02449065 0.02785682 0.1362529 0.02383017 0.02773451 0.135787 0.023831 0.02772563 0.135785 0.02515631 0.02797067 0.136719 0.02494698 0.0287826 0.137039 0.02500432 0.02863568 0.136951 0.02566593 0.02870559 0.137435 0.02505439 0.02847957 0.136875 0.0257166 0.02856016 0.137355 0.02509659 0.02831578 0.13681 0.02576047 0.02840703 0.137287 0.02513062 0.02814567 0.136758 0.02579718 0.02824759 0.13723 0.02582657 0.0280826 0.137185 0.02353239 0.02890598 0.136219 0.02488255 0.0289191 0.137138 0.02777981 0.02866578 0.138712 0.0277335 0.02878725 0.138787 0.0271781 0.0282998 0.138117 0.0278216 0.02853798 0.138644 0.02785831 0.02840459 0.138585 0.02854067 0.02850633 0.139055 0.02850246 0.0286293 0.139117 0.02918529 0.02871733 0.139592 0.02986931 0.02880209 0.140069 0.02279531 0.0295313 0.137288 0.02558535 0.02953743 0.139117 0.02298897 0.02947098 0.1370069 0.02575707 0.02948147 0.13884 0.02567178 0.0295161 0.138978 0.02281165 0.02952897 0.137264 0.0228796 0.02951896 0.137166 0.02292126 0.02950066 0.137105 0.02322918 0.02931088 0.136659 0.02592211 0.02937376 0.138574 0.02317363 0.02935266 0.136739 0.02584069 0.0294339 0.138705 0.02350139 0.02895516 0.136264 0.0248115 0.02904379 0.137247 0.0234965 0.02896279 0.1362709 0.02473431 0.02915602 0.137365 0.02341878 0.02908617 0.136384 0.02323478 0.02930468 0.136651 0.0233286 0.02919936 0.136515 0.02465206 0.02925527 0.137492 0.02334433 0.02918159 0.136492 0.02339297 0.02912718 0.136421 0.0230292 0.02945321 0.136949 0.02305489 0.02944195 0.136911 0.02313286 0.02938336 0.136798 0.02638435 0.02863848 0.137834 0.02633327 0.02877318 0.137915 0.0276826 0.02890151 0.138871 0.02627652 0.02889955 0.138006 0.02762752 0.02900809 0.138961 0.02621454 0.02901625 0.138105 0.02756851 0.02910608 0.1390579 0.0261476 0.02912247 0.138212 0.02750599 0.02919489 0.139162 0.02607613 0.02921766 0.138327 0.02744007 0.02927428 0.139271 0.02600079 0.0293017 0.1384479 0.02737146 0.02934408 0.139385 0.02730029 0.02940386 0.139503 0.02722728 0.02945339 0.139625 0.02856278 0.0295028 0.140643 0.03514748 0.0302813 0.1463479 0.03427839 0.02954953 0.146395 0.03453135 0.02954953 0.149011 0.0350058 0.02954953 0.151596 0.03569829 0.02954953 0.154132 0.03586 0.02958059 0.154081 0.03601419 0.02964031 0.154031 0.03615629 0.0297271 0.153986 0.0362823 0.02983808 0.153946 0.03638792 0.0299701 0.153912 0.03647059 0.03011929 0.153886 0.03652745 0.0302813 0.153867 0.03655689 0.03045099 0.153858 0.03588473 0.03045099 0.151396 0.0351786 0.03045099 0.146346 0.03508788 0.03011929 0.146351 0.03500133 0.0299701 0.146356 0.03489047 0.02983808 0.146362 0.0347585 0.0297271 0.146369 0.03460949 0.02964031 0.146377 0.03444778 0.02958059 0.146385 0.03517132 0.02958059 0.1515589 0.03532928 0.02964031 0.1515229 0.03547471 0.0297271 0.15149 0.03560358 0.02983808 0.1514599 0.03571176 0.0299701 0.151436 0.03579628 0.03011929 0.151416 0.03585451 0.0302813 0.151403 0.03469949 0.02958059 0.1489869 0.03485983 0.02964031 0.148965 0.03500759 0.0297271 0.148944 0.03513842 0.02983808 0.148926 0.03524839 0.0299701 0.1489109 0.03533422 0.03011929 0.148899 0.03539341 0.0302813 0.14889 0.03542417 0.03045099 0.148886 0.004916131 0.02773469 0.128657 0.01099228 0.02773469 0.129833 0.01394903 0.02773469 0.130753 0.01961898 0.02773469 0.133234 0.02230167 0.02773469 0.1347799 0.0221107 0.02870219 0.135085 0.02151495 0.02947902 0.136035 0.01876693 0.02953815 0.134846 0.01609879 0.02953815 0.13356 0.01051497 0.02953815 0.131593 0.007629454 0.02953815 0.130924 0.001750051 0.02953815 0.130231 0 0.02953815 0.130192 0.004702568 0.02953815 0.130469 0.01334309 0.02953815 0.132473 0.02133303 0.02953815 0.136326 0.02168869 0.02936166 0.135758 0.02184909 0.02918922 0.1355029 0.02199119 0.02896726 0.135276 0.02220398 0.02840232 0.134936 0.02226829 0.02807652 0.134834 0 0.02773469 0.128369 0.001829504 0.02773469 0.128409 0.001826763 0.02807652 0.128471 0 0.02807652 0.128432 0.001821517 0.02840232 0.128592 0 0.02840232 0.128553 0.001813948 0.02870219 0.128768 0 0.02870219 0.128728 0.001804113 0.02896726 0.128993 0 0.02896726 0.128953 0.00179249 0.02918922 0.12926 0 0.02918922 0.129221 0.001779258 0.02936166 0.129561 0 0.02936166 0.129523 0.001765072 0.02947902 0.1298879 0 0.02947902 0.12985 0.01958966 0.02807652 0.133289 0.01953303 0.02840232 0.133396 0.01945108 0.02870219 0.133552 0.01934581 0.02896726 0.133751 0.01922088 0.02918922 0.133987 0.01907986 0.02936166 0.134254 0.01892703 0.02947902 0.134543 0.01682978 0.02773469 0.131889 0.01680457 0.02807652 0.131946 0.01675599 0.02840232 0.132057 0.01668566 0.02870219 0.132218 0.01659548 0.02896726 0.132425 0.01648825 0.02918922 0.13267 0.01636719 0.02936166 0.132946 0.01623618 0.02947902 0.133246 0.01392817 0.02807652 0.130813 0.01388788 0.02840232 0.130927 0.01382952 0.02870219 0.131093 0.01375472 0.02896726 0.131305 0.01366597 0.02918922 0.131557 0.01356559 0.02936166 0.131842 0.013457 0.02947902 0.1321499 0.01097583 0.02807652 0.129894 0.01094412 0.02840232 0.130011 0.01089817 0.02870219 0.13018 0.01083928 0.02896726 0.130397 0.01076918 0.02918922 0.130655 0.01069027 0.02936166 0.1309469 0.01060461 0.02947902 0.131262 0.007975935 0.02773469 0.129133 0.007964015 0.02807652 0.129195 0.007941007 0.02840232 0.129314 0.007907629 0.02870219 0.129486 0.007864892 0.02896726 0.129707 0.007814049 0.02918922 0.12997 0.00775671 0.02936166 0.130266 0.007694602 0.02947902 0.130587 0.0049088 0.02807652 0.12872 0.004894614 0.02840232 0.12884 0.00487405 0.02870219 0.129015 0.004847586 0.02896726 0.129238 0.004816353 0.02918922 0.129504 0.004780948 0.02936166 0.129804 0.004742681 0.02947902 0.130128 0.02667647 0.04286521 0.197695 0.0238415 0.046489 0.193728 0.024553 0.04601198 0.194616 0.02520143 0.04540091 0.195468 0.02577716 0.04466468 0.196274 0.0262717 0.04381525 0.197021 0.02698439 0.04182809 0.198287 0.02470368 0.04613518 0.146791 0.02528816 0.04572522 0.14515 0.02584964 0.04523998 0.143521 -0.02366155 0.0465613 0.1481429 -0.02365022 0.0465635 0.148135 -0.02363681 0.0465691 0.1481609 -0.02310431 0.04588782 0.142578 -0.0229603 0.04595965 0.1427209 -0.02319508 0.0458554 0.142549 -0.02731055 0.04547309 0.1477929 -0.02731597 0.04547172 0.147794 -0.02748543 0.04540038 0.147642 -0.0275551 0.04537165 0.147583 -0.02764928 0.04532819 0.147478 -0.02777427 0.04527103 0.1473439 -0.0277692 0.04527217 0.1473399 -0.02814161 0.04507756 0.146809 -0.02812939 0.04508048 0.1468009 -0.02806752 0.04511868 0.146921 -0.02797216 0.04517376 0.147087 -0.0279408 0.04518729 0.147117 -0.02780127 0.04525715 0.147303 -0.02778369 0.04526531 0.147323 -0.0282815 0.04498642 0.1465049 -0.02828878 0.04498696 0.146517 -0.0283885 0.04490226 0.1462039 -0.02840507 0.04489958 0.14621 -0.0284388 0.04486268 0.146062 -0.02849185 0.04481732 0.145893 -0.02852731 0.04475778 0.145628 -0.02854788 0.04474139 0.145568 -0.02853333 0.04475069 0.145599 -0.02856868 0.04462659 0.1449919 -0.02854359 0.04461669 0.1449069 -0.02856886 0.04462695 0.144994 -0.02856159 0.04465299 0.145123 -0.02857047 0.04463338 0.145031 -0.02857178 0.04464101 0.145072 -0.02777105 0.0444687 0.142988 -0.0278306 0.04446518 0.143061 -0.02783215 0.04446417 0.143059 -0.0278632 0.04446309 0.1431 -0.02793502 0.04446011 0.143193 -0.02800291 0.04446065 0.143299 -0.02803087 0.04445928 0.143332 -0.02812856 0.04446452 0.143506 -0.02819919 0.04446643 0.143625 -0.02819132 0.04447025 0.143629 -0.02738207 0.04449909 0.1425549 -0.02735978 0.04451459 0.1425859 -0.02754235 0.04448825 0.142737 -0.0276851 0.04446041 0.142829 -0.02770948 0.04447221 0.142913 -0.02785569 0.0444507 0.143039 -0.02621179 0.04475849 0.141973 -0.02641201 0.04470849 0.14205 -0.02651858 0.04468053 0.14208 -0.02681297 0.04461383 0.142221 -0.02681452 0.04461276 0.142217 -0.0268169 0.044613 0.142222 -0.0270189 0.04457312 0.1423439 -0.02599275 0.0448209 0.1419309 -0.0262075 0.0447632 0.141992 -0.0263468 0.04472595 0.142032 -0.02493768 0.04515081 0.141847 -0.0249685 0.04514247 0.14186 -0.02557843 0.04494088 0.141849 -0.02556598 0.04494708 0.141865 -0.02401459 0.04549789 0.142071 -0.02431929 0.04538029 0.141983 -0.0243135 0.0453794 0.141966 -0.02442878 0.0453372 0.141946 -0.02494019 0.04515266 0.141864 -0.02291256 0.04599565 0.142821 -0.02271068 0.04608428 0.142969 -0.02296668 0.04596835 0.1427659 -0.02320778 0.04585355 0.142565 -0.0233795 0.04577171 0.142422 -0.02345335 0.0457369 0.142364 -0.02373427 0.04561716 0.142217 -0.02372711 0.04561746 0.142204 -0.02384549 0.0455687 0.142153 -0.02392709 0.04553478 0.142116 -0.02191728 0.0466206 0.144751 -0.02195882 0.04661148 0.144758 -0.02193236 0.04660046 0.144646 -0.02198207 0.04658836 0.144652 -0.0219596 0.0465641 0.144457 -0.02206563 0.04650497 0.14427 -0.02206927 0.04647451 0.144101 -0.02212256 0.04646372 0.144122 -0.02211868 0.04643428 0.143941 -0.02225786 0.04636579 0.1437709 -0.0223369 0.04629349 0.143499 -0.0223934 0.0462839 0.143535 -0.02236545 0.04627519 0.143442 -0.02254962 0.04618918 0.1432639 -0.0226925 0.0460934 0.142987 -0.0226671 0.0461266 0.1431199 -0.02275687 0.04607868 0.143011 -0.0220015 0.0467844 0.146095 -0.02203989 0.04677349 0.146085 -0.02198249 0.04678267 0.146039 -0.0220071 0.04676628 0.145958 -0.02189165 0.0467385 0.145514 -0.02193385 0.04672217 0.145474 -0.02189028 0.0467261 0.145425 -0.02193385 0.04671478 0.1454229 -0.0218836 0.04666572 0.144985 -0.02193385 0.0466513 0.144976 -0.02195638 0.04661417 0.144769 -0.02228659 0.04678159 0.146709 -0.02222687 0.04678589 0.146603 -0.02215069 0.04679787 0.1465359 -0.02212858 0.04678028 0.146338 -0.02205127 0.04677593 0.14613 -0.0228182 0.04672396 0.1474879 -0.02264708 0.04674702 0.147272 -0.02261716 0.04675716 0.147298 -0.02249938 0.04676699 0.147086 -0.02225166 0.04679238 0.146727 -0.0223059 0.0467897 0.14683 -0.02240157 0.04678452 0.1470119 -0.02272891 0.04674309 0.147446 -0.02308362 0.046682 0.147785 -0.0231083 0.04667258 0.147753 -0.02312666 0.04667448 0.147826 -0.0232234 0.04665219 0.147859 -0.02318882 0.04666185 0.147868 -0.02358531 0.04658097 0.148138 -0.02413177 0.04645258 0.148349 -0.02408969 0.04646569 0.14837 -0.0241636 0.04644519 0.1483629 -0.02554523 0.04607558 0.1485379 -0.02554148 0.04607385 0.148506 -0.02523338 0.04616427 0.1485339 -0.0242576 0.0464214 0.148387 -0.02425038 0.04642546 0.148413 -0.02466809 0.04631817 0.148491 -0.02462846 0.04633092 0.148515 -0.02489608 0.04625618 0.148509 -0.02489393 0.04625946 0.148541 -0.02515012 0.04619038 0.148566 -0.0273354 0.04547011 0.147826 -0.02726101 0.04549312 0.147833 -0.02685719 0.04565143 0.148144 -0.02680677 0.04566526 0.148128 -0.0257914 0.04600048 0.148482 -0.02574688 0.04601699 0.148524 -0.02617388 0.04587936 0.148383 -0.02618318 0.04587948 0.148414 -0.0262981 0.04584008 0.148351 -0.02632308 0.04583531 0.148379 -0.02677118 0.04567748 0.148144 -0.02678698 0.04567569 0.148175 -0.02679729 0.04567211 0.148171 -0.02842181 0.04448103 0.1440359 -0.02828258 0.04445421 0.1437 -0.02834016 0.04448658 0.143931 -0.02823925 0.0444746 0.1437219 -0.02856856 0.04462599 0.144989 -0.02857017 0.04461437 0.14493 -0.02856326 0.04461169 0.144906 -0.02856689 0.04461073 0.144906 -0.02852153 0.04455983 0.1445749 -0.02847909 0.04451119 0.144263 -0.02844709 0.04451787 0.144249 -0.02847397 0.04450851 0.144242 -0.02842491 0.04448258 0.144048 -0.02827787 0.04448288 0.143822 -0.02841377 0.04451245 0.1441749 -0.02843165 0.04452246 0.144252 -0.02852189 0.04457277 0.144645 -0.02842789 0.0448932 0.146221 -0.02741932 0.04543489 0.147756 -0.02743619 0.04542779 0.147742 -0.02780139 0.04526567 0.147369 -0.02781838 0.04525816 0.147352 -0.02815681 0.04508113 0.1468639 -0.02817308 0.04507052 0.146829 -0.0284084 0.04491692 0.146322 -0.0284211 0.0449016 0.146257 -0.02317738 0.0458545 0.142527 -0.02359187 0.0456658 0.142237 -0.02371329 0.04561489 0.14218 -0.02409428 0.04545557 0.142001 -0.02430468 0.04537492 0.141943 -0.02466565 0.0452367 0.141845 -0.02493286 0.04514396 0.141822 -0.02557849 0.04493165 0.1418229 -0.02535259 0.0450021 0.141804 -0.02524238 0.04503649 0.141795 -0.02582401 0.04485511 0.141843 -0.02719789 0.04453796 0.142451 -0.02730011 0.04450953 0.142481 -0.02685147 0.04459303 0.142192 -0.02683013 0.0445981 0.1421819 -0.02639317 0.0446996 0.14199 -0.02621799 0.04474759 0.141945 -0.02827787 0.04445338 0.143689 -0.02823138 0.04445129 0.143609 -0.02806717 0.04444438 0.143328 -0.02801078 0.04444193 0.143231 -0.03722256 0.03054517 0.155714 -0.03722351 0.0305373 0.155717 -0.03721868 0.03045988 0.155716 -0.03722631 0.03048175 0.1557379 -0.03722745 0.03046011 0.155746 -0.03722941 0.0304206 0.155761 -0.03723186 0.03037345 0.155779 -0.03719085 0.03028899 0.155727 -0.03721839 0.03045099 0.155716 -0.03722959 0.03035366 0.155788 -0.03722232 0.03028988 0.155817 -0.0371896 0.0302813 0.155727 -0.03722095 0.0302779 0.155822 -0.03721153 0.03019535 0.15586 -0.03713613 0.03012573 0.155748 -0.03720849 0.03018516 0.155865 -0.03719139 0.03012698 0.155897 -0.03713399 0.03011929 0.155749 -0.03717619 0.03007572 0.155925 -0.0370559 0.02997499 0.15578 -0.03716641 0.03004258 0.155943 -0.03713333 0.0299772 0.155986 -0.03705322 0.0299701 0.155781 -0.0370993 0.02990949 0.156031 -0.03695279 0.02984166 0.155821 -0.03709203 0.02989536 0.15604 -0.03705257 0.0298438 0.156083 -0.03694999 0.02983808 0.155822 -0.03700137 0.02977722 0.156137 -0.03682965 0.02972936 0.155869 -0.03695017 0.0297324 0.156185 -0.03682702 0.0297271 0.15587 -0.03693467 0.02971869 0.156199 -0.03669029 0.02964162 0.155924 -0.03688526 0.02967548 0.1562449 -0.03683096 0.02964448 0.156291 -0.03668808 0.02964031 0.155925 -0.03676277 0.02960562 0.156348 -0.0365374 0.02958059 0.155984 -0.0367453 0.02959811 0.1563619 -0.03669846 0.02958399 0.1563979 -0.03661519 0.02955859 0.156462 -0.03637951 0.02954953 0.156046 -0.03655678 0.02955299 0.156504 -0.03647768 0.02954512 0.156562 -0.03629189 0.02954512 0.156081 -0.0137664 0.0485931 0.19769 -0.01373189 0.04859787 0.197701 -0.01381129 0.0485869 0.197678 -0.01443433 0.04849797 0.19745 -0.01550436 0.04833585 0.1495839 -0.01193434 0.0488258 0.198356 -0.01273202 0.0487312 0.198086 -0.01372003 0.04859948 0.197702 -0.01372599 0.04859858 0.197702 -0.01565605 0.04830956 0.196928 -0.01604753 0.04824918 0.196761 -0.01699489 0.04808908 0.149955 -0.01550322 0.04833602 0.1495749 -0.01550143 0.04833632 0.149572 -0.01079493 0.0489608 0.198743 -0.01549702 0.0483371 0.1495659 -0.01548951 0.04833829 0.149558 -0.01547288 0.04834079 0.149545 -0.01542115 0.04834896 0.149515 -0.01492077 0.04842519 0.1493279 -0.01472735 0.04845476 0.149256 -0.01353788 0.04862457 0.148918 -0.012102 0.04881018 0.148596 -0.01135879 0.04889541 0.148478 -0.01079481 0.04896008 0.148388 -0.01069897 0.04897111 0.148373 -0.01018995 0.0490247 0.148335 -0.0101158 0.04903215 0.148341 -0.01007938 0.04903578 0.148355 -0.01007676 0.04903638 0.148358 -0.01008677 0.04903519 0.148349 -0.01009553 0.04903423 0.148346 -0.004552364 0.04943799 0.147495 -0.004552364 0.04943794 0.2000679 -0.006079912 0.04935938 0.199853 -0.00616163 0.04935508 0.199841 -0.008067905 0.04921799 0.199464 -0.004943907 0.04942286 0.147531 -0.009446859 0.04909795 0.199129 -0.00817883 0.04921019 0.199442 -0.007648468 0.04924917 0.1479189 -0.007395327 0.0492714 0.147873 -0.009472429 0.04909557 0.199131 -0.009593486 0.04908388 0.199106 -0.009450197 0.04909759 0.199133 -0.009455144 0.04909718 0.199133 -0.00994724 0.04904913 0.199015 -0.01002985 0.04904067 0.19899 -0.01068109 0.04897308 0.198789 -0.01077663 0.04896277 0.1987529 -0.01078569 0.04896169 0.198746 -7.59905e-4 0.04954218 0.147247 0 0.0495451 0.147239 0 0.0495451 0.20036 -0.002038002 0.04952412 0.200303 -0.002061188 0.04952389 0.200302 -0.004067361 0.04946196 0.200133 -0.004115045 0.04946047 0.200129 -0.003862082 0.04946488 0.147432 -0.002819359 0.04950535 0.147336 -0.01699447 0.04808706 0.196278 -0.01743078 0.04801231 0.196056 -0.01770228 0.04796588 0.195917 -0.01901245 0.04772108 0.1951259 -0.01911735 0.04770022 0.195053 -0.02013891 0.04749619 0.194341 -0.02234846 0.0470159 0.1512989 -0.02064067 0.04739177 0.193901 -0.0206694 0.04738545 0.19388 -0.02190208 0.04711288 0.151187 -0.02010911 0.04750239 0.150736 -0.01839959 0.04782658 0.1503069 -0.02057492 0.04740566 0.193994 -0.01715558 0.04806256 0.149994 -0.02221482 0.04704618 0.192723 -0.02224278 0.0470401 0.1927019 -0.02312618 0.04682403 0.151491 -0.02312785 0.04683089 0.191941 -0.02367049 0.04670268 0.191475 -0.02375245 0.04668325 0.191404 -0.02504032 0.04635828 0.190151 -0.02516895 0.04632598 0.190026 -0.02632004 0.04601818 0.188755 -0.02648687 0.04597359 0.188571 -0.02750533 0.04568696 0.187292 -0.02770119 0.0456317 0.187046 -0.02859795 0.04536849 0.185771 -0.02864342 0.0453552 0.185706 -0.02872043 0.04533207 0.185624 -0.0289644 0.04525858 0.185289 -0.0291711 0.04519516 0.184966 -0.0290082 0.04524528 0.153477 -0.02886193 0.04528951 0.152867 -0.02554118 0.04622828 0.152085 -0.0321387 0.04423993 0.1783429 -0.03213775 0.04424023 0.178338 -0.0321356 0.04424095 0.178335 -0.02964657 0.04504919 0.1842229 -0.03065729 0.04472982 0.18165 -0.02972769 0.04502421 0.184097 -0.03044372 0.04479837 0.182811 -0.03054815 0.04476451 0.182592 -0.03111535 0.04458117 0.181402 -0.03131276 0.04451578 0.180898 -0.03169095 0.04439073 0.179933 -0.03193128 0.04430997 0.179152 -0.03206282 0.04426562 0.178724 -0.03213459 0.0442413 0.1784009 -0.03213918 0.04423969 0.178353 -0.0253883 0.04626613 0.152047 -0.02917122 0.0451954 0.154062 -0.02956557 0.04507458 0.155474 -0.02980011 0.04500102 0.156163 -0.0323981 0.04415112 0.177365 -0.03101879 0.0446127 0.159376 -0.03260809 0.04407936 0.176589 -0.03281241 0.04400837 0.175573 -0.03327929 0.04384547 0.171934 -0.0322597 0.04419845 0.162851 -0.03327459 0.04384708 0.17214 -0.03319746 0.0438739 0.173067 -0.03327435 0.04384696 0.168579 -0.03324341 0.04385787 0.168267 -0.03328937 0.04384183 0.1701 -0.03310108 0.04390788 0.166823 -0.03303813 0.04392969 0.166443 -0.03281188 0.04400885 0.165075 -0.03270936 0.04404413 0.164636 -0.03329902 0.04383856 0.171075 -0.03240662 0.04414856 0.163338 -0.03310483 0.04390645 0.1737599 -0.03188782 0.04432463 0.161622 -0.03169137 0.04439008 0.161098 -0.03296208 0.04395639 0.17483 -0.03125125 0.04453659 0.159923 -0.0302363 0.04486441 0.157442 -0.02842032 0.02954512 0.141026 -0.0341416 0.02954512 0.144362 -0.03417968 0.02954512 0.146316 -0.03720968 0.02954512 0.155865 -0.03722518 0.02954512 0.155821 -0.0374431 0.02954512 0.156288 -0.0212416 0.02954512 0.136472 -0.02270072 0.02954512 0.137425 -0.03723222 0.02954512 0.1557599 -0.0372315 0.02954512 0.155788 -0.03722923 0.02954512 0.155737 -0.03722256 0.02954512 0.155714 -0.02518105 0.02954512 0.1390579 -0.02550137 0.02954512 0.139252 -0.02836012 0.02954512 0.140989 -0.03418666 0.02954512 0.146399 -0.03434056 0.02954512 0.148259 -0.03445249 0.02954512 0.149022 -0.03555089 0.02954512 0.153979 -0.03561311 0.02954512 0.154159 -0.03615528 0.02954512 0.155727 -0.01328551 0.02954512 0.132637 -0.01515638 0.02954512 0.133343 -0.03462386 0.02954512 0.150189 -0.0349254 0.02954512 0.151615 -0.0350281 0.02954512 0.152101 -0.01602566 0.02954512 0.133727 -0.0171824 0.02954512 0.134238 -0.01868391 0.02954512 0.135004 -0.03709936 0.02954512 0.1560299 -0.0371145 0.02954512 0.156014 -0.002220094 0.02954512 0.130424 -0.004427254 0.02954512 0.130608 -0.004681885 0.02954512 0.130643 -0.007594466 0.02954512 0.1311039 -0.008822858 0.02954512 0.131346 -0.001742362 0.02954512 0.130411 -0.01046818 0.02954512 0.131766 -0.01096838 0.02954512 0.1318939 -3.414e-6 0.02954512 0.130363 -0.01308351 0.02954512 0.132561 -0.01913958 0.02954512 0.135236 -0.02105075 0.02954512 0.1363469 -0.03717851 0.02954512 0.155925 -0.006630659 0.02954512 0.130915 -0.0179702 0.02954512 0.2060959 -0.01383936 0.02954512 0.207889 -0.009533166 0.02954512 0.2092069 -0.03173899 0.02954512 0.1947039 -0.0288015 0.02954512 0.198117 -0.02549898 0.02954512 0.201179 -0.02187317 0.02954512 0.203849 -0.005106091 0.02954512 0.210032 -6.14389e-4 0.02954512 0.210355 -0.03878748 0.02954512 0.1605859 -0.03964018 0.02954512 0.165008 -0.0363751 0.02954512 0.186999 -0.03999066 0.02954512 0.169497 -0.0398342 0.02954512 0.1739979 -0.0391727 0.02954512 0.178452 -0.03801482 0.02954512 0.182804 -0.03696388 0.02954512 0.156174 -0.03693419 0.02954512 0.156197 -0.03427428 0.02954512 0.190982 -0.002372682 0.03942793 0.11036 -0.003394067 0.03954887 0.110599 -0.003371894 0.03932648 0.11036 -0.002195477 0.03944593 0.11036 -0.002316892 0.03997033 0.110902 -0.03829091 0.01160687 0.111361 -0.03825706 0.01159662 0.111326 -0.03820651 0.0118612 0.111361 -0.0381962 0.01185876 0.111297 -0.03782397 0.01301485 0.11136 -0.03759217 0.01371359 0.11136 -0.03715991 0.01484209 0.111291 -0.03714776 0.01483726 0.111358 -0.03587615 0.01772886 0.111291 -0.0361815 0.01706671 0.111353 -0.03677153 0.01578849 0.111356 -0.03479033 0.01978415 0.111343 -0.03583663 0.01781404 0.111351 -0.03587591 0.01772886 0.111351 -0.03363597 0.02169287 0.111333 -0.03410637 0.02091509 0.111337 -0.03436839 0.0205053 0.111291 -0.03435808 0.02049899 0.111339 -0.0310176 0.02530199 0.111307 -0.03162366 0.02451378 0.1113139 -0.03263592 0.0231468 0.111291 -0.03071296 0.02565222 0.111289 -0.03071457 0.0256536 0.111304 -0.03237706 0.02353394 0.111321 -0.03263986 0.0231496 0.111324 -0.0280143 0.02859681 0.111274 -0.02859437 0.02799499 0.11128 -0.02858632 0.02798718 0.111134 -0.02876305 0.02782005 0.111282 -0.02956169 0.0269913 0.111291 -0.02977442 0.0267446 0.111294 -0.03070259 0.0256437 0.111134 -0.02629172 0.03015619 0.111134 -0.02637976 0.03011351 0.111254 -0.02466332 0.03153663 0.111232 -0.02555865 0.03079438 0.111243 -0.02630692 0.03017383 0.111253 -0.02383315 0.03213745 0.111134 -0.02384078 0.03214788 0.111221 -0.02127891 0.03391551 0.111187 -0.02204966 0.03340256 0.111198 -0.02122581 0.03391844 0.111134 -0.02303212 0.03274863 0.111211 -0.01846385 0.03544545 0.110982 -0.019315 0.03507268 0.11116 -0.0198729 0.03474408 0.111168 -0.01728928 0.0361157 0.111131 -0.01827478 0.03560829 0.111145 -0.01849025 0.0354973 0.1111479 -0.01308518 0.0378443 0.11107 -0.01428288 0.0373913 0.111087 -0.01561218 0.03679221 0.110982 -0.01521039 0.03704035 0.111101 -0.01563686 0.03685069 0.111107 -0.01092046 0.03852558 0.111037 -0.01268112 0.03797143 0.111064 -0.01264041 0.03784209 0.11084 -0.01287233 0.03791123 0.111066 -0.009647846 0.0388481 0.111018 -0.01012039 0.03872829 0.111025 -0.009617805 0.03872179 0.11084 -0.0042575 0.03981792 0.110933 -0.005836725 0.03960359 0.110958 -0.006519854 0.03926855 0.110712 -0.003403723 0.03966075 0.110712 -0.003418505 0.03988385 0.1109189 -0.006499648 0.03951352 0.110969 -0.006560564 0.03950172 0.11097 -0.007281959 0.03936189 0.110981 0 0.03994351 0.110845 -2.60551e-4 0.03995025 0.110851 -1.62282e-4 0.03990674 0.110809 -2.65402e-4 0.03995037 0.110851 -2.56913e-4 0.0398854 0.110788 -0.001484096 0.03998166 0.1108829 -0.001163244 0.03967988 0.110588 -0.001889467 0.03999209 0.110894 -0.00200361 0.03999495 0.110896 -0.007060885 0.03877109 0.11036 -0.006581783 0.03887516 0.11036 -0.006501436 0.03915768 0.110599 -0.006458938 0.03889465 0.11036 -0.004381418 0.03922402 0.11036 -0.00953722 0.03839761 0.1105059 -0.009485065 0.03820288 0.11036 -0.008795201 0.03839415 0.11036 -0.01091998 0.0378049 0.11036 -0.01253443 0.03752523 0.1105059 -0.0121771 0.03737926 0.11036 -0.01248949 0.0373907 0.110434 -0.01245397 0.0372855 0.11036 -0.01533591 0.03614872 0.11036 -0.0151202 0.03624999 0.11036 -0.0153982 0.03628844 0.110434 -0.0130434 0.03708595 0.11036 -0.01829653 0.0346778 0.11036 -0.01811385 0.03477615 0.11036 -0.01821058 0.03496009 0.110434 -0.01712203 0.0353108 0.11036 -0.0209096 0.0334137 0.110434 -0.02082926 0.03328543 0.110386 -0.01959013 0.03403043 0.110386 -0.01909035 0.03424996 0.11036 -0.02078336 0.03321158 0.11036 -0.02098643 0.03308707 0.11036 -0.02338778 0.03153777 0.110386 -0.0233103 0.03143429 0.11036 -0.0228067 0.03182613 0.11036 -0.02622681 0.02900981 0.11036 -0.02569526 0.02947288 0.11036 -0.0258004 0.02959352 0.110386 -0.02455705 0.03046447 0.11036 -0.02792602 0.0273422 0.11036 -0.02781289 0.0274651 0.11036 -0.02793973 0.02735519 0.110362 -0.02716708 0.02809417 0.11036 -0.02805215 0.0274651 0.110386 -0.03000813 0.0250647 0.110362 -0.02996999 0.02503317 0.11036 -0.02929633 0.0258522 0.11036 -0.03200531 0.02236545 0.11036 -0.03184378 0.0225858 0.11036 -0.0318892 0.02261817 0.110362 -0.030698 0.02414828 0.11036 -0.03357148 0.02003085 0.110362 -0.03350937 0.01999413 0.11036 -0.03318387 0.02055877 0.11036 -0.03504419 0.01731878 0.110362 -0.03497356 0.01728379 0.11036 -0.03428333 0.01865166 0.11036 -0.03622758 0.01447099 0.11036 -0.03612649 0.0147413 0.11036 -0.03629809 0.01449888 0.110362 -0.03527337 0.01668983 0.11036 -0.03689575 0.01268309 0.11036 -0.03730988 0.0115903 0.110389 -0.03725498 0.01156699 0.11036 -0.0373696 0.01132917 0.110396 -0.03733503 0.0113188 0.11036 -0.0374273 0.01163965 0.1104429 -0.03743839 0.01134979 0.110468 -0.03738451 0.0113337 0.110412 -0.03755629 0.0113855 0.110591 -0.0375514 0.01138395 0.110586 -0.03755229 0.01168769 0.110498 -0.03749579 0.0113672 0.110528 -0.03745591 0.01135516 0.110486 -0.03761917 0.01140433 0.110657 -0.03767579 0.01173156 0.11057 -0.03765332 0.0114147 0.110693 -0.0376839 0.01142382 0.110725 -0.03779363 0.01176965 0.110659 -0.0377497 0.01144379 0.110794 -0.03788286 0.01148378 0.110934 -0.03786695 0.01147902 0.110917 -0.03790259 0.011801 0.110765 -0.0378164 0.01146388 0.110864 -0.03775948 0.01144665 0.110804 -0.0379486 0.01150369 0.111003 -0.03799957 0.01182478 0.110886 -0.0379731 0.01151102 0.111028 -0.03801333 0.01152318 0.11107 -0.03808254 0.01184129 0.111018 -0.03807502 0.0115419 0.111135 -0.03814929 0.0118516 0.111158 -0.03813636 0.01156038 0.111199 -0.03824698 0.01159363 0.111315 -0.03819358 0.01157748 0.111259 -0.03817051 0.01157069 0.111235 -0.009568274 0.0385226 0.110599 -0.009595394 0.03863149 0.110712 -0.00872302 0.0390824 0.111003 -0.01261097 0.03775388 0.110712 -0.01257532 0.0376473 0.110599 -0.01558429 0.03672647 0.11084 -0.01554787 0.03664088 0.110712 -0.015504 0.0365374 0.110599 -0.01545363 0.03641897 0.1105059 -0.0184307 0.03538209 0.11084 -0.01838779 0.03529953 0.110712 -0.01833581 0.03519994 0.110599 -0.01827627 0.03508579 0.1105059 -0.02098488 0.03353399 0.1105059 -0.02105337 0.033643 0.110599 -0.02111291 0.03373819 0.110712 -0.02116239 0.03381705 0.11084 -0.02120029 0.03387767 0.110982 -0.02123808 0.03393959 0.111187 -0.02380448 0.03209882 0.110982 -0.0237618 0.03204149 0.11084 -0.02370631 0.0319668 0.110712 -0.0236395 0.03187656 0.110599 -0.02356261 0.0317732 0.1105059 -0.02347815 0.03165936 0.110434 -0.02626013 0.03011995 0.110982 -0.0262131 0.03006619 0.11084 -0.02615195 0.02999603 0.110712 -0.0260781 0.02991139 0.110599 -0.0259934 0.02981448 0.1105059 -0.02590006 0.02970767 0.110434 -0.02855199 0.02795356 0.110982 -0.02850085 0.02790349 0.11084 -0.02843421 0.0278384 0.110712 -0.02835392 0.0277599 0.110599 -0.02826189 0.02767008 0.1105059 -0.02816045 0.0275709 0.110434 -0.03066569 0.02561289 0.110982 -0.03061074 0.02556717 0.11084 -0.03053927 0.0255075 0.110712 -0.0304529 0.02543568 0.110599 -0.0303542 0.02535319 0.1105059 -0.03024518 0.02526235 0.110434 -0.03012889 0.02516531 0.110386 -0.03262728 0.02314049 0.111134 -0.032588 0.02311277 0.110982 -0.03252965 0.0230714 0.11084 -0.03245359 0.02301776 0.110712 -0.03236198 0.02295285 0.110599 -0.03225696 0.0228784 0.1105059 -0.03214108 0.02279645 0.110434 -0.03201752 0.02270895 0.110386 -0.03434818 0.02049332 0.111134 -0.034307 0.02046877 0.110982 -0.03424555 0.02043217 0.11084 -0.03416556 0.02038455 0.110712 -0.03406906 0.02032709 0.110599 -0.03395849 0.02026122 0.1105059 -0.0338366 0.02018862 0.110434 -0.03370642 0.02011126 0.110386 -0.03585505 0.01771849 0.111134 -0.03581196 0.01769727 0.110982 -0.03574782 0.01766568 0.11084 -0.03566431 0.01762443 0.110712 -0.03556352 0.0175749 0.110599 -0.03544819 0.01751798 0.1105059 -0.03532093 0.01745522 0.110434 -0.03518503 0.01738828 0.110386 -0.03713816 0.01483339 0.111134 -0.03709346 0.01481562 0.110982 -0.03702706 0.01478916 0.11084 -0.03694057 0.01475477 0.110712 -0.0368362 0.0147131 0.110599 -0.03671663 0.0146656 0.1105059 -0.03658485 0.01461309 0.110434 -0.03644412 0.01455706 0.110386 -0.0317915 -0.0226913 0.110363 -0.03162646 -0.02287 0.11036 -0.03265798 -0.02133697 0.11036 -0.03894072 -0.003312647 0.110363 -0.03884088 -0.003304183 0.11036 -0.03893858 -0.002146661 0.11036 -0.03853309 -0.006501734 0.110363 -0.03844815 -0.006499469 0.11036 -0.03875458 -0.004328608 0.11036 -0.0378645 -0.009646594 0.110363 -0.03777128 -0.009622633 0.11036 -0.03799796 -0.008752346 0.11036 -0.03676307 -0.01300203 0.11036 -0.03686076 -0.01269859 0.11036 -0.03693991 -0.01272577 0.110363 -0.03743582 -0.01091039 0.11036 -0.03576529 -0.01571851 0.110363 -0.03569096 -0.01568549 0.11036 -0.0359596 -0.01509058 0.11036 -0.03434872 -0.01860469 0.110363 -0.0342887 -0.01857227 0.11036 -0.03502786 -0.01715445 0.11036 -0.03269976 -0.02136451 0.110363 -0.03288245 -0.0210033 0.11036 -0.03400987 -0.01910686 0.11036 -0.03082948 -0.02397966 0.110363 -0.03080177 -0.02395838 0.11036 -0.03037142 -0.02455621 0.110363 -0.02875071 -0.02643179 0.11036 -0.02885919 -0.02631765 0.11036 -0.0288766 -0.02654802 0.110393 -0.02988559 -0.0251097 0.11036 -0.0265932 -0.02883136 0.110393 -0.02648878 -0.02871859 0.11036 -0.0273351 -0.02792131 0.11036 -0.02403622 -0.0308597 0.11036 -0.02406388 -0.03083658 0.11036 -0.02412992 -0.03091925 0.110393 -0.02572435 -0.02943867 0.11036 -0.02159297 -0.0329343 0.1104519 -0.02054172 -0.03333979 0.11036 -0.02150338 -0.03279769 0.110393 -0.02145737 -0.03272837 0.11036 -0.02227187 -0.03218448 0.11036 -0.01856958 -0.03451251 0.11036 -0.01871407 -0.03442728 0.11036 -0.01880931 -0.03459733 0.1104519 -0.02045059 -0.03340077 0.11036 -0.01460349 -0.03643023 0.11036 -0.01583236 -0.03587776 0.11036 -0.01589858 -0.03602606 0.1104519 -0.01661443 -0.03552609 0.11036 -0.01292943 -0.03735309 0.110538 -0.01284068 -0.03710979 0.11036 -0.01335799 -0.03691035 0.11036 -0.01595938 -0.03616392 0.110538 -0.009812057 -0.03828918 0.110538 -0.0105338 -0.0378707 0.11036 -0.01261657 -0.03719609 0.11036 -0.006840527 -0.03875118 0.11036 -0.008409738 -0.03842961 0.11036 -0.009756207 -0.03807532 0.11036 -0.006301522 -0.03886169 0.11036 -0.006650567 -0.03909748 0.110649 -0.004205763 -0.03917378 0.11036 -0.003410995 -0.03951174 0.110649 -0.003387153 -0.03924983 0.11036 -0.003432095 -0.03979325 0.110906 -0.001066327 -0.03955048 0.110494 -0.002025187 -0.03937643 0.11036 -0.002197623 -0.0398944 0.110891 -0.001471281 -0.03984457 0.110809 -1.45281e-4 -0.03971755 0.110623 -1.47781e-4 -0.03975397 0.11066 0 -0.0397439 0.110643 -0.006569564 -0.0394085 0.110944 -0.006448805 -0.03943145 0.110943 -0.006049156 -0.03948587 0.110938 -0.004331648 -0.03971958 0.110917 -0.006700754 -0.03938335 0.1109459 -0.006669402 -0.03920829 0.110782 -0.008541822 -0.0390321 0.110968 -0.009872972 -0.03852725 0.110782 -0.009912848 -0.03869408 0.110985 -0.01055455 -0.03853577 0.110993 -0.01300972 -0.03758531 0.110782 -0.01262819 -0.03790909 0.111019 -0.0106039 -0.03852367 0.110994 -0.0160585 -0.03638887 0.110782 -0.01609379 -0.0364691 0.110931 -0.01491659 -0.03706145 0.111047 -0.01460838 -0.03719168 0.111043 -0.01375389 -0.03750121 0.111033 -0.01306682 -0.03775018 0.111024 -0.01855939 -0.03538841 0.111092 -0.01652765 -0.03638041 0.1110669 -0.01612722 -0.03654968 0.111062 -0.0204423 -0.0343365 0.111116 -0.01908063 -0.0350973 0.111099 -0.0190404 -0.03502285 0.110931 -0.02210849 -0.03328418 0.111136 -0.02190506 -0.03341269 0.111134 -0.02185809 -0.03333926 0.110931 -0.0245651 -0.03147757 0.1110939 -0.02299207 -0.0326693 0.111147 -0.0222643 -0.03318578 0.111138 -0.02707272 -0.02935189 0.1110939 -0.02659976 -0.02980965 0.111192 -0.02570068 -0.03060555 0.111181 -0.02457898 -0.0314958 0.111167 -0.02401876 -0.03194063 0.11116 -0.02889645 -0.02761328 0.111221 -0.02730548 -0.02918499 0.111201 -0.02709221 -0.02937376 0.111198 -0.03030878 -0.02605789 0.111239 -0.02985656 -0.02655589 0.111233 -0.02939713 -0.02702748 0.1110939 -0.02941399 -0.02704328 0.111227 -0.03271776 -0.02294898 0.111268 -0.03343498 -0.02184599 0.1110939 -0.0327773 -0.02286708 0.1112689 -0.03345096 -0.02185642 0.111262 -0.031699 -0.024351 0.111256 -0.03152275 -0.02451986 0.1110939 -0.03154635 -0.02453833 0.111254 -0.0341866 -0.02072185 0.1112869 -0.03345298 -0.02185779 0.1112779 -0.03299278 -0.02257055 0.111272 -0.03514099 -0.01903468 0.111265 -0.03514719 -0.01903796 0.111299 -0.03659826 -0.01608568 0.111265 -0.03658938 -0.01608175 0.111316 -0.03626018 -0.01684236 0.111312 -0.03527683 -0.01881057 0.1113 -0.03780019 -0.01302313 0.111265 -0.0377981 -0.0130223 0.1113319 -0.03874629 -0.009872257 0.111265 -0.03873699 -0.009869992 0.111343 -0.03857845 -0.01050871 0.1113409 -0.03789508 -0.0127595 0.111333 -0.0390715 -0.008522987 0.111348 -0.03977572 -0.004183948 0.111357 -0.0395314 -0.006004095 0.111354 -0.03943032 -0.006654202 0.111265 -0.03984755 -0.003390908 0.111265 -0.03983819 -0.003390192 0.111358 -0.03948318 -0.006362915 0.111353 -0.03942781 -0.006653726 0.111352 -0.03999608 -1.04309e-4 0.11136 -0.03996258 -0.001420259 0.111359 -0.03996551 -1.07075e-4 0.111273 -0.0399481 -0.001992404 0.111359 -0.0399658 4.52e-5 0.1112779 -0.03999996 4.52e-5 0.11136 -0.03990089 4.52e-5 0.111122 -0.03991633 -1.11591e-4 0.111113 -0.03983461 4.52e-5 0.110963 -0.03985869 -1.11198e-4 0.110953 -0.0398336 4.52e-5 0.110961 -0.03976869 4.52e-5 0.110805 -0.03978312 -1.0725e-4 0.1108 -0.03976738 4.52e-5 0.110802 -0.03970533 4.52e-5 0.110653 -0.03968739 -1.049e-4 0.110667 -0.03970372 4.52e-5 0.110649 -0.0395556 4.52e-5 0.110588 -0.0395497 -1.08166e-4 0.110577 -0.0395506 4.52e-5 0.110586 -0.03939753 4.52e-5 0.110523 -0.03940039 -1.0973e-4 0.110495 -0.03939133 4.52e-5 0.110521 -0.03923809 4.52e-5 0.110458 -0.0392425 -1.06495e-4 0.110424 -0.039231 4.52e-5 0.110455 -0.03908199 4.52e-5 0.110393 -0.03908497 -1.00975e-4 0.110363 -0.03907418 4.52e-5 0.11039 -0.03899586 -1.00552e-4 0.11036 -0.03899997 4.52e-5 0.11036 -0.03096449 -0.0240848 0.110393 -0.0160132 -0.03628599 0.110649 -0.01297307 -0.03747928 0.110649 -0.009845137 -0.03841859 0.110649 -0.0065943 -0.03880167 0.11036 -0.0245279 -0.03142988 0.110931 -0.02181005 -0.03326588 0.110782 -0.02447408 -0.0313608 0.110782 -0.0217486 -0.03317207 0.110649 -0.02440506 -0.03127217 0.110649 -0.0216754 -0.03306037 0.110538 -0.02432292 -0.03116697 0.110538 -0.02423036 -0.03104799 0.1104519 -0.01899856 -0.03494572 0.110782 -0.01894491 -0.03484714 0.110649 -0.01888126 -0.03472971 0.110538 -0.03147512 -0.02448272 0.110931 -0.0333845 -0.02181285 0.110931 -0.03140598 -0.0244289 0.110782 -0.03331112 -0.02176487 0.110782 -0.03131735 -0.02435988 0.110649 -0.03321725 -0.02170336 0.110649 -0.03121215 -0.0242778 0.110538 -0.03310555 -0.02163022 0.110538 -0.03109323 -0.02418518 0.1104519 -0.03297948 -0.02154779 0.1104519 -0.03284287 -0.0214582 0.110393 -0.02935278 -0.02698653 0.110931 -0.02928829 -0.02692717 0.110782 -0.02920562 -0.02685111 0.110649 -0.02910745 -0.02676069 0.110538 -0.0289967 -0.02665865 0.1104519 -0.03028738 -0.02463716 0.11036 -0.02703171 -0.0293076 0.110931 -0.02697235 -0.02924305 0.110782 -0.02689629 -0.02916043 0.110649 -0.02680593 -0.02906227 0.110538 -0.02670389 -0.02895146 0.1104519 -0.03981631 -0.003388226 0.1110939 -0.03975611 -0.00338304 0.110931 -0.03966873 -0.00337553 0.110782 -0.03955698 -0.003365874 0.110649 -0.039424 -0.00335443 0.110538 -0.03927379 -0.003341436 0.1104519 -0.03911113 -0.003327429 0.110393 -0.0393995 -0.006649017 0.1110939 -0.0393399 -0.006638824 0.110931 -0.03925347 -0.006624162 0.110782 -0.03914272 -0.006605327 0.110649 -0.03901118 -0.006582975 0.110538 -0.0388627 -0.006557822 0.1104519 -0.03870165 -0.006530404 0.110393 -0.03871589 -0.009864509 0.1110939 -0.03865742 -0.009849488 0.110931 -0.03857249 -0.009827733 0.110782 -0.03846377 -0.009799957 0.110649 -0.03833442 -0.009766817 0.110538 -0.03818839 -0.009729444 0.1104519 -0.0380302 -0.009688973 0.110393 -0.0377705 -0.01301282 0.1110939 -0.0377134 -0.01299309 0.110931 -0.03763049 -0.01296448 0.110782 -0.03752446 -0.01292783 0.110649 -0.03739833 -0.01288419 0.110538 -0.037256 -0.0128349 0.1104519 -0.0371015 -0.01278162 0.110393 -0.03656959 -0.01607292 0.1110939 -0.03651428 -0.01604855 0.110931 -0.03643405 -0.01601326 0.110782 -0.03633123 -0.01596796 0.110649 -0.0362091 -0.0159142 0.110538 -0.0360713 -0.0158534 0.1104519 -0.03592187 -0.01578748 0.110393 -0.0351212 -0.01902395 0.1110939 -0.03506809 -0.01899516 0.110931 -0.0349909 -0.01895338 0.110782 -0.03489238 -0.01889973 0.110649 -0.03477501 -0.01883608 0.110538 -0.03464251 -0.01876413 0.1104519 -0.03449898 -0.01868629 0.110393 0 0.0400452 0.117918 -7.49887e-4 0.04004168 0.117917 -0.03825116 0.00788331 0.11036 -0.03868246 0.006037414 0.11036 -0.03805947 0.00870347 0.11036 -0.03899997 0.004494965 0.11036 -0.0393368 0.004527688 0.11042 -0.03861427 0.00797075 0.110428 -0.03869658 0.007990598 0.110465 -0.03891801 0.008043885 0.110623 -0.03984296 0.004934847 0.110972 -0.03988099 0.004672825 0.110924 -0.03955388 0.006345689 0.110963 -0.0398826 0.004662156 0.110922 -0.03989148 0.004581749 0.110908 -0.0398553 0.004578113 0.1108469 -0.03980469 0.005197644 0.111021 -0.03966057 0.00619173 0.111205 -0.03960937 0.006357729 0.111132 -0.03962159 0.006360352 0.11121 -0.03921788 0.008116126 0.11118 -0.03921616 0.008115828 0.111261 -0.0390014 0.009045779 0.111289 -0.03877949 0.009866833 0.111227 -0.03899246 0.009077787 0.11129 -0.0383892 0.01125276 0.111351 -0.03877407 0.009865283 0.111312 -0.0388807 0.009481012 0.111301 -0.0387237 0.009851038 0.1110399 -0.03912419 0.008093476 0.110922 -0.03908079 0.008082926 0.110841 -0.03898113 0.008059084 0.110688 -0.03903806 0.008072793 0.11076 -0.03877526 0.008009552 0.110511 -0.03884929 0.008027374 0.110563 -0.0385288 0.007950127 0.110398 -0.03835177 0.007907509 0.110364 -0.038441 0.007929027 0.110377 -0.03908562 0.004503369 0.110367 -0.03909379 0.004504144 0.110367 -0.03916335 0.004510879 0.110373 -0.03930449 0.004524528 0.110407 -0.0392633 0.004520595 0.110397 -0.0392549 0.00451976 0.110395 -0.03949218 0.004542887 0.110492 -0.03945481 0.004539251 0.110469 -0.03942489 0.00453639 0.110457 -0.03941619 0.004535496 0.110453 -0.03958857 0.004552364 0.1105509 -0.03957438 0.004550874 0.1105419 -0.039707 0.004563689 0.110653 -0.03963279 0.004556596 0.110589 -0.03975492 0.004568338 0.110709 -0.03981024 0.004573643 0.110774 -0.03981757 0.004574418 0.110785 -0.03951531 0.006337404 0.110882 -0.03981328 0.004573941 0.110778 -0.03916859 0.008104205 0.111002 -0.03972846 0.005723476 0.111118 -0.03958535 0.006352484 0.111046 -0.03919738 0.008111119 0.11109 -0.03876239 0.009862244 0.111133 -0.03873658 0.00985527 0.111041 -0.01619005 0.03662258 0.117303 -0.01446259 0.03732979 0.117433 -0.01428669 0.03740173 0.117446 -0.0141614 0.03745299 0.117456 -0.01208758 0.038172 0.117586 -0.01112455 0.03844791 0.117636 -0.01012188 0.03873527 0.117687 -0.00996977 0.0387789 0.117695 -0.009423375 0.03890359 0.117717 -0.007817387 0.0392701 0.1177819 -0.007704198 0.03928947 0.117786 -0.005966961 0.03958696 0.117838 -0.005837202 0.03960919 0.117842 -0.005640268 0.03964287 0.117848 -0.001483023 0.04001498 0.117913 -0.002462804 0.03995513 0.117903 -0.003448486 0.03989511 0.117892 -0.004218459 0.03980648 0.117877 -0.001377344 0.0400213 0.117914 -0.02076399 0.03422039 0.11685 -0.0201106 0.03462207 0.116925 -0.01768302 0.03591239 0.117172 -0.01816946 0.035681 0.117129 -0.01828086 0.03562027 0.117117 -0.02367937 0.03226321 0.116473 -0.02470815 0.03150099 0.116323 -0.02178812 0.03359109 0.116733 -0.0220555 0.03341126 0.116698 -0.02286118 0.03286939 0.116593 -0.0308029 0.02556169 0.115065 -0.02944159 0.02711933 0.11541 -0.02893638 0.0276407 0.115521 -0.02876281 0.02781975 0.1155599 -0.0279982 0.02860891 0.115729 -0.026479 0.03002369 0.116024 -0.0264191 0.0300737 0.116034 -0.02555721 0.03079265 0.116179 -0.03619092 0.01707112 0.112967 -0.03533428 0.0187931 0.113426 -0.03123599 0.02501136 0.114939 -0.03162616 0.0245155 0.114825 -0.03207659 0.0239433 0.1146939 -0.03325808 0.0222721 0.114298 -0.03330093 0.02220416 0.1142809 -0.03411322 0.02091926 0.113965 -0.03434258 0.02055639 0.113876 -0.0350902 0.0192269 0.113537 -0.03768706 0.0134384 0.111928 -0.03702527 0.01517289 0.112437 -0.03661185 0.01611918 0.112702 -0.03623121 0.01699018 0.112945 -0.03782629 0.01301568 0.111797 -0.03786128 0.01290977 0.111764 -7.49689e-4 0.04027289 0.12007 -7.49744e-4 0.04017478 0.11948 0 0.04016798 0.119481 -7.49786e-4 0.04010117 0.119036 -7.49747e-4 0.04017037 0.119453 -7.49679e-4 0.04053401 0.120995 0 0.04057395 0.121127 -7.49678e-4 0.04057139 0.121127 -7.49823e-4 0.041242 0.12264 -7.49802e-4 0.04114097 0.122458 0 0.041233 0.122645 -7.49778e-4 0.04102993 0.122258 -7.49677e-4 0.04058808 0.121187 -7.49898e-4 0.04158979 0.123266 0 0.04194509 0.123782 -7.49936e-4 0.04194211 0.123782 -0.03898805 0.01683408 0.120536 -0.0392012 0.01645809 0.120936 -0.03900909 0.01542061 0.119229 -0.03982496 0.009583711 0.116583 -0.03992176 0.009116947 0.116985 -0.03977519 0.008480072 0.11489 -0.03734815 0.01769 0.118044 -0.03707635 0.01867139 0.11858 -0.03768163 0.01818078 0.119102 -0.0397883 0.005948007 0.111777 -0.03965735 0.00760436 0.113028 -0.03984725 0.006933808 0.113556 -0.03965651 0.006223142 0.111225 -0.03990048 0.004488468 0.110936 -0.03999996 0.005189359 0.114152 -0.03999996 0.003097236 0.11136 -0.03999269 0.003396511 0.111266 -0.03996163 0.006252825 0.114093 -0.03999996 0.00557363 0.114628 -0.03998821 0.003583312 0.111207 -0.03998512 0.003614962 0.111198 -0.03995335 0.003943026 0.111099 -0.03993111 0.004172444 0.11103 -0.03754508 0.01697891 0.117656 -0.03808879 0.01650649 0.118138 -0.03786647 0.01581841 0.117022 -0.0384441 0.01480567 0.117145 -0.0378881 0.01572829 0.11697 -0.03799957 0.01526373 0.116705 -0.03876912 0.01309543 0.116111 -0.03841572 0.01352941 0.115716 -0.03815597 0.01461201 0.116333 -0.0389527 0.01091992 0.114172 -0.03877902 0.01178026 0.114683 -0.03906112 0.0113781 0.115036 -0.03865551 0.01239246 0.115047 -0.03848081 0.01325809 0.115561 -0.03931695 0.009656429 0.1139219 -0.0391128 0.01001679 0.113622 -0.03902179 0.01057738 0.113969 -0.03940069 0.00824368 0.112524 -0.0393244 0.008714437 0.112815 -0.03925997 0.009111166 0.113061 -0.03962576 0.006468832 0.111383 -0.03941017 0.008186101 0.112488 -0.03999996 0.008184194 0.117789 -0.03999996 0.007339417 0.116816 -0.03949666 0.009270787 0.114239 -0.03880095 0.01704925 0.120306 -0.03814131 0.01780843 0.119499 -0.03828108 0.01764756 0.11967 -0.03858351 0.01597809 0.118669 -0.03829956 0.01762628 0.119692 -0.03878551 0.01706707 0.120288 -0.03948247 0.01322513 0.11865 -0.03968989 0.01004505 0.116185 -0.03919559 0.01377177 0.118129 -0.03951728 0.01049906 0.115794 -0.03770893 0.01815879 0.119126 -0.03930729 0.01094388 0.11541 -0.03909069 0.0126211 0.11654 -0.03884863 0.01429975 0.117627 -0.03993916 0.01450222 0.123017 -0.03999996 0.01383227 0.12373 -0.03999996 0.01161789 0.121556 -0.03977179 0.01517021 0.122306 -0.03986895 0.01209056 0.1197299 -0.03958588 0.01577955 0.121658 -0.03970718 0.0126636 0.119184 -0.0395646 0.0158171 0.121618 -0.03955817 0.01582849 0.121606 -0.03977411 0.01516211 0.122315 -0.03992378 0.01467132 0.122837 -0.03996688 0.01150995 0.120282 -0.0399388 0.01450639 0.123013 -0.03999996 0.01093626 0.120828 -0.03999996 0.009377956 0.119165 -0.03920996 0.01644259 0.120952 -0.01775103 0.03592908 0.117989 -0.01784902 0.03600072 0.118843 -0.02096682 0.03428941 0.118584 -0.004357576 0.04057765 0.12172 -0.004317462 0.04030358 0.120972 -0.002520263 0.04045408 0.12099 -0.01116675 0.0384826 0.118412 -0.003184378 0.0418325 0.123775 -0.02532982 0.0342521 0.1231909 -0.02573072 0.03399258 0.123171 -0.02534788 0.03358048 0.122493 -0.02862048 0.03190743 0.123008 -0.0288679 0.03171527 0.122992 -0.0284084 0.03130728 0.122302 -0.03923559 0.009128212 0.112946 -0.03806638 0.01264613 0.113136 -0.02377885 0.03225922 0.117356 -0.0208469 0.03422707 0.117699 -0.02652436 0.03004175 0.116957 -0.02906411 0.0275945 0.116498 -0.03137999 0.02493762 0.115976 -0.0334534 0.0220918 0.115385 -0.03526616 0.01907759 0.114723 -0.03680646 0.01591998 0.113978 -0.038589 0.01097428 0.112675 -0.03903853 0.00928384 0.112183 -0.03890258 0.009457111 0.111411 -0.03716415 0.01578277 0.115296 -0.03847193 0.0124408 0.114549 -0.0376845 0.01572746 0.116567 -0.03602445 0.01899021 0.117144 -0.03659772 0.01906836 0.118277 -0.03693091 0.01914298 0.118827 -0.03672087 0.01982456 0.119183 -0.03458982 0.02220141 0.118726 -0.03655278 0.02036947 0.119468 -0.03517419 0.02239495 0.119735 -0.03572559 0.0223121 0.12026 -0.03636926 0.02096486 0.119779 -0.035034 0.02366709 0.120764 -0.03533738 0.0230726 0.120543 -0.03559875 0.02256053 0.120353 -0.03340762 0.02564918 0.120991 -0.03433746 0.0250315 0.121272 -0.03430181 0.02509677 0.121297 -0.03077489 0.02840787 0.121271 -0.03355157 0.02646857 0.1218309 -0.03385639 0.02591139 0.121614 -0.0313766 0.02963209 0.12282 -0.0318644 0.02918928 0.122781 -0.03131008 0.02878046 0.12208 -0.03226 0.02883017 0.122749 -0.03324949 0.02702075 0.122046 -0.02951908 0.0312094 0.122952 -0.03004992 0.03075861 0.122914 -0.03136718 0.02964013 0.122821 -0.02606469 0.03377646 0.123154 -0.02705293 0.0330733 0.1231 -0.02784472 0.03250998 0.123056 -0.02227401 0.03611063 0.123335 -0.02245277 0.03600609 0.123327 -0.0221377 0.03559035 0.122661 -0.02343028 0.03543388 0.123283 -0.02420258 0.03498208 0.123248 -0.01901477 0.03774565 0.123462 -0.01904249 0.03773272 0.123461 -0.01879268 0.03732448 0.122807 -0.02029299 0.0371505 0.123416 -0.02133309 0.03660458 0.123374 -0.01617532 0.03895068 0.123556 -0.01645326 0.03883719 0.123547 -0.01533097 0.03877013 0.122928 -0.0182178 0.03811675 0.123491 -0.0136187 0.03982979 0.123623 -0.01405829 0.0396983 0.1236129 -0.01552647 0.0391798 0.123573 -0.01051473 0.04068565 0.123688 -0.01191192 0.0403406 0.123662 -0.01177245 0.03991806 0.123023 -0.01192039 0.04033803 0.123662 -0.005369365 0.04162251 0.123759 -0.007164955 0.04136115 0.123739 -0.008139729 0.04076266 0.123093 -0.007559657 0.04130375 0.123735 -0.008237242 0.04117107 0.1237249 -0.009743332 0.04087615 0.123702 -0.004507601 0.04170531 0.123765 -0.004403591 0.04091018 0.122443 -0.003625214 0.04179012 0.123772 -0.002570331 0.0410608 0.122456 -0.002484202 0.04008716 0.119445 -0.004255533 0.03993743 0.119424 -0.006018579 0.03970968 0.119391 -0.007770001 0.0394048 0.119347 -0.009506583 0.03902351 0.119291 -0.01451581 0.03735107 0.118226 -0.007958948 0.04004168 0.121665 -0.007884562 0.03976821 0.120911 -0.006106615 0.0400747 0.120946 -0.008044183 0.04037386 0.122394 -0.01163089 0.03952908 0.122316 -0.02796107 0.03092771 0.121515 -0.02497673 0.03319728 0.121727 -0.02183336 0.03520452 0.121914 -0.01854795 0.03693693 0.122075 -0.01513981 0.03838139 0.12221 -0.01150435 0.03919738 0.121577 -0.009648144 0.03938478 0.120866 -0.03283929 0.02535778 0.120089 -0.03029775 0.0281015 0.120401 -0.02756226 0.03061205 0.120675 -0.0246458 0.03287571 0.120916 -0.02156198 0.03487902 0.1211259 -0.01832956 0.03660833 0.121308 -0.01496928 0.03805083 0.121458 -0.0113942 0.03892529 0.120813 -0.03234708 0.02513879 0.119125 -0.02988409 0.02786475 0.119479 -0.02721619 0.0303635 0.119791 -0.02435815 0.03261929 0.120065 -0.02132588 0.03461658 0.120304 -0.01813936 0.03634148 0.120509 -0.01482087 0.037781 0.120679 -0.0113008 0.03871458 0.120027 -0.0145933 0.0374298 0.1190569 -0.03557819 0.01899331 0.115953 -0.0341041 0.0220856 0.117654 -0.03372359 0.02204889 0.116535 -0.0319367 0.02499485 0.118109 -0.03161305 0.02492749 0.1170549 -0.02953839 0.02770048 0.118514 -0.02926415 0.02761 0.117516 -0.0269261 0.0301848 0.11887 -0.02669477 0.03007704 0.117923 -0.02411657 0.03243017 0.119183 -0.02392286 0.03230983 0.118277 -0.02112698 0.03441959 0.119454 -0.0179789 0.03613859 0.119686 -0.0146951 0.03757339 0.119876 -0.01122468 0.0385667 0.119225 -0.03865635 0.02001518 0.1227779 -0.03867983 0.01999711 0.122824 -0.03886926 0.01955807 0.1227599 -0.03977555 0.01803582 0.125692 -0.0398913 0.01735836 0.125693 -0.03966283 0.01803582 0.124137 -0.03992211 0.01716655 0.125474 -0.039963 0.01648867 0.124972 -0.03992933 0.01664668 0.1247889 -0.0399515 0.01680058 0.125162 -0.03981608 0.01717668 0.1241739 -0.03979712 0.01722538 0.124117 -0.0397731 0.01786112 0.1263419 -0.03981781 0.01771885 0.126136 -0.0398494 0.01761889 0.12599 -0.03964817 0.01851838 0.126084 -0.03965353 0.01845812 0.1261979 -0.03971832 0.01803559 0.126596 -0.03968048 0.01815629 0.126771 -0.03926116 0.0194242 0.124199 -0.03942298 0.01914113 0.124811 -0.03950417 0.01899939 0.125117 -0.03956168 0.01880699 0.125504 -0.03959 0.01871269 0.125693 -0.03914278 0.01955795 0.123888 -0.03923207 0.01945799 0.124121 -0.03945076 0.018045 0.123167 -0.03890722 0.01982223 0.123271 -0.03897249 0.0197491 0.123442 -0.0384311 0.02018839 0.122336 -0.03829663 0.01955747 0.121412 -0.03829669 0.02026057 0.122129 -0.03788709 0.02048087 0.121499 -0.03788959 0.0199303 0.12098 -0.03783458 0.02050906 0.1214179 -0.03737825 0.02033746 0.120507 -0.03741651 0.0206657 0.120901 -0.03793632 0.0204544 0.121574 -0.03828549 0.01956868 0.121399 -0.03806549 0.01979017 0.121142 -0.03713965 0.02076941 0.120559 -0.03719097 0.0204572 0.120368 -0.03704982 0.02079218 0.120468 -0.03716856 0.02047157 0.120352 -0.03691095 0.02082735 0.120328 -0.03659468 0.02083843 0.119926 -0.03916102 0.01854807 0.122583 -0.03903692 0.01870948 0.122396 -0.03919702 0.01848566 0.122655 -0.03868722 0.01916426 0.121868 -0.03851306 0.01933968 0.121665 -0.03974694 0.01735395 0.123968 -0.03925937 0.01942723 0.124193 -0.03945618 0.01803547 0.123178 -0.03953343 0.01790153 0.123333 -0.039976 0.0158025 0.124642 -0.03997248 0.0160849 0.124773 -0.03997522 0.0158587 0.124668 -0.03746008 0.01932847 0.1197389 -0.0381118 0.01878529 0.120342 -7.49968e-4 0.04235363 0.124361 -7.4997e-4 0.04367733 0.126388 -7.49968e-4 0.04366111 0.126361 0 0.04391258 0.1267729 -7.49968e-4 0.04264718 0.124788 0 0.04653239 0.13201 -7.49972e-4 0.04653018 0.1320109 -7.49972e-4 0.04651248 0.13197 0 0.04571646 0.130162 -7.5e-4 0.04571646 0.130162 -7.5e-4 0.04517257 0.12914 -7.5e-4 0.04391258 0.1267729 -0.03994065 -0.001419067 0.12336 -0.03999966 -1.04401e-4 0.12336 -0.03999996 4.52e-5 0.12336 -0.03985208 -0.003391325 0.12336 -0.0387507 -0.00987339 0.12336 -0.03856158 -0.01050347 0.12336 -0.03943479 -0.006655037 0.12336 -0.03951823 -0.006002426 0.12336 -0.03515267 -0.01904106 0.12336 -0.03660231 -0.01608747 0.12336 -0.03708308 -0.01486229 0.12336 -0.03780448 -0.01302462 0.12336 -0.03269958 -0.0229361 0.12336 -0.03346502 -0.02186566 0.12336 -0.03155106 -0.02454185 0.12336 -0.02984899 -0.02654999 0.12336 -0.02659517 -0.02980375 0.12336 -0.0270971 -0.02937835 0.12336 -0.02942359 -0.02705186 0.12336 -0.02458709 -0.03150588 0.12336 -0.0190863 -0.03510749 0.12336 -0.0219109 -0.03341978 0.12336 -0.02298128 -0.0326544 0.12336 -0.01490753 -0.0370379 0.12336 -0.01613265 -0.03655713 0.12336 -0.006047666 -0.03947299 0.12336 -0.006700158 -0.03938955 0.12336 -0.00991857 -0.03870552 0.12336 -0.01054865 -0.0385164 0.12336 -0.0130698 -0.0377593 0.12336 -0.003436446 -0.0398069 0.12336 -0.001464188 -0.03989547 0.12336 0 -0.03995478 0.12336 -1.49599e-4 -0.03995448 0.12336 -0.03999996 0.01340043 0.123659 -0.03999996 0.01083487 0.1233929 -0.03999996 0.009545147 0.12336 -0.03594201 0.02295178 0.121062 -0.03495001 0.02498227 0.1217949 -0.03555613 0.02483177 0.122333 -0.03895562 0.02088159 0.1262069 -0.03877568 0.02122998 0.125506 -0.03812706 0.02326029 0.126195 -0.03295588 0.02874809 0.1231639 -0.03300577 0.02874219 0.123193 -0.0339598 0.0269277 0.122511 -0.03717952 0.02681565 0.128116 -0.03721237 0.02676308 0.128219 -0.0377627 0.0248776 0.127584 -0.03760588 0.02315562 0.1327199 -0.03785586 0.02258217 0.13204 -0.03753918 0.02419817 0.13271 -0.0396251 0.0182898 0.1269609 -0.03941982 0.01878494 0.1276659 -0.03859955 0.02212578 0.128336 -0.03927278 0.01914608 0.128099 -0.03862619 0.02171206 0.129049 -0.03913438 0.01948559 0.128506 -0.0390799 0.01961928 0.128666 -0.03858649 0.02128499 0.129754 -0.03883928 0.02021116 0.129347 -0.03897929 0.01986587 0.128962 -0.03770959 0.02496248 0.1314769 -0.0376839 0.0246874 0.131935 -0.0384975 0.02105367 0.130286 -0.03850823 0.02102738 0.130257 -0.03852355 0.02098953 0.130214 -0.03767538 0.02465873 0.13198 -0.03835272 0.02141076 0.130684 -0.03762656 0.02449375 0.132242 -0.03786695 0.02255678 0.13201 -0.037876 0.02253586 0.131985 -0.03816759 0.02186703 0.131192 -0.03751057 0.02410131 0.132863 -0.03747218 0.02401715 0.132991 -0.0373618 0.0236696 0.133374 -0.0373429 0.02373343 0.133422 -0.0377019 0.02554726 0.1304799 -0.0377174 0.02542018 0.130702 -0.03773707 0.02525722 0.130987 -0.0377233 0.02510899 0.131233 -0.03767049 0.02580612 0.1300269 -0.03764969 0.0258643 0.12992 -0.03745198 0.02637887 0.128967 -0.03748309 0.02632886 0.129064 -0.0385068 0.02252346 0.12762 -0.03749746 0.0262888 0.1291379 -0.0376113 0.02597135 0.129723 -0.03907454 0.02051377 0.12691 -0.03834897 0.02290248 0.126904 -0.0372591 0.02668821 0.128365 -0.03676635 0.02725905 0.1271989 -0.03689599 0.02711999 0.127487 -0.03749686 0.02523928 0.126863 -0.03694933 0.02706277 0.127605 -0.0360741 0.02775263 0.126087 -0.03612208 0.02772605 0.126151 -0.03676939 0.02588206 0.125473 -0.03624117 0.02765989 0.126311 -0.03716516 0.0255751 0.1261579 -0.03651577 0.02745038 0.126775 -0.03656929 0.02740949 0.126866 -0.03560817 0.02801162 0.1254619 -0.03631281 0.02615845 0.124813 -0.03557378 0.02802562 0.125425 -0.0350213 0.02825069 0.124824 -0.03579968 0.02640277 0.124182 -0.03500348 0.02825796 0.124805 -0.0348795 0.02830845 0.12467 -0.03523361 0.02661347 0.1235859 -0.03438109 0.02845436 0.124225 -0.03461909 0.02678889 0.123027 -0.03406983 0.02854543 0.123948 -0.03319543 0.02871978 0.123306 -0.03369045 0.02862101 0.123669 -0.03371429 0.0286163 0.123687 -0.03749567 0.02390116 0.124815 -0.03709048 0.02418005 0.124153 -0.03662973 0.02442908 0.123517 -0.03611719 0.02464681 0.1229079 -0.03951483 0.01855576 0.12734 -0.03649711 0.02279365 0.1216199 -0.03700697 0.02260375 0.122209 -0.03746867 0.02238368 0.122828 -0.03787922 0.0221349 0.12347 -0.03823578 0.02185857 0.124134 -0.03784215 0.02359396 0.125497 -0.01851189 0.04428005 0.133392 -0.02060651 0.04360389 0.1333799 -0.02111828 0.04261559 0.1317369 -0.02863097 0.04529756 0.15068 -0.02860611 0.04528319 0.1503559 -0.02619785 0.04598402 0.149859 -0.02068012 0.04689598 0.1444579 -0.0284568 0.0442487 0.143137 -0.0283879 0.04433923 0.143365 -0.02844762 0.04430997 0.143374 -0.03067123 0.03587329 0.128347 -0.03075909 0.03553128 0.1280069 -0.02917879 0.03656685 0.128129 -0.02850246 0.03286707 0.1237699 -0.02689588 0.03407251 0.123932 -0.01336896 0.04081839 0.124813 0 0.04671061 0.13245 -0.002864122 0.04753398 0.134914 -0.003073871 0.04643362 0.1319659 -0.003271639 0.04510402 0.129113 -0.003456234 0.04355347 0.1263729 -0.007009506 0.04229259 0.125 -0.01030373 0.04165011 0.124918 -0.01618498 0.03985238 0.124689 -0.01874977 0.03879272 0.124553 -0.02108269 0.03766298 0.124406 -0.0232045 0.03648519 0.124252 -0.02513539 0.03528153 0.1240929 -0.0299707 0.03166919 0.123607 -0.03131616 0.0304839 0.123443 -0.03207898 0.02976888 0.123345 -0.03168588 0.031654 0.124657 -0.03188449 0.030707 0.123994 -0.0320537 0.02989923 0.123428 -0.03131341 0.03329116 0.125948 -0.03148972 0.03251636 0.125337 -0.03115946 0.03227072 0.124878 -0.03163748 0.03186678 0.124825 -0.03119415 0.0337817 0.1263819 -0.02949428 0.03501689 0.126543 -0.03108239 0.03424143 0.126789 -0.03094065 0.03482407 0.127304 -0.02839827 0.03939431 0.1315129 -0.02994483 0.03857225 0.131453 -0.02881318 0.03802758 0.129787 -0.03020447 0.0376324 0.130267 -0.03026562 0.03740423 0.130011 -0.03034049 0.03712505 0.129698 -0.03056639 0.03628188 0.128754 -0.0295521 0.03996956 0.133406 -0.0295785 0.0398755 0.133271 -0.02793556 0.0406633 0.1333 -0.0298745 0.03882688 0.131775 -0.0298767 0.03881871 0.1317639 -0.02951049 0.04011565 0.133643 -0.02742648 0.04183006 0.135143 -0.02925938 0.0410009 0.135085 -0.02896618 0.0420562 0.137106 -0.02900379 0.04191577 0.1367999 -0.02687269 0.04289078 0.137037 -0.02918308 0.04127377 0.135597 -0.02924895 0.04103809 0.135155 -0.02890259 0.04229372 0.137625 -0.02627539 0.0438416 0.138975 -0.02878868 0.04271936 0.138554 -0.02563685 0.04467988 0.140952 -0.0285592 0.04369151 0.1412129 -0.02861768 0.04341346 0.140346 -0.02867758 0.04317045 0.139719 -0.02873408 0.04294031 0.139125 -0.02851521 0.0439006 0.141864 -0.02849441 0.04399967 0.1421729 -0.02206808 0.04573112 0.140632 -0.02138859 0.04636627 0.142534 -0.0199449 0.04731863 0.146398 -0.0191847 0.04763287 0.148349 -0.02271431 0.04686999 0.149115 -0.02850782 0.04522645 0.149072 -0.0284816 0.04516655 0.148473 -0.02845811 0.04511338 0.14794 -0.02842545 0.0450387 0.147193 -0.02865248 0.04531008 0.150961 -0.0155974 0.04827386 0.147589 -0.008098959 0.04918032 0.146263 -0.01191908 0.04879128 0.146874 -0.02480429 0.03674679 0.125492 -0.02285379 0.03785991 0.125639 -0.0224688 0.03916347 0.127085 -0.02072489 0.03894585 0.125782 -0.02033746 0.04016029 0.127211 -0.0183984 0.0399847 0.125917 -0.01802223 0.04111105 0.12733 -0.01585519 0.04095619 0.126042 -0.01550525 0.04199779 0.12744 -0.01307713 0.04183983 0.126156 -0.01276981 0.04280179 0.127539 -0.01006627 0.04259896 0.1262519 -0.00981754 0.043491 0.127623 -0.006841301 0.04318428 0.126327 -0.006665945 0.04402148 0.127688 -0.0200662 0.0445069 0.135062 -0.01580077 0.04568076 0.13501 -0.01949822 0.04532206 0.13678 -0.01176035 0.04531407 0.131901 -0.00900799 0.04581272 0.1319299 -0.00842005 0.0470519 0.13494 -0.0110206 0.04666209 0.1349599 -0.01391983 0.04549926 0.133411 -0.0143426 0.04472708 0.131866 -0.0162875 0.04491519 0.133402 -0.01675385 0.04407358 0.1318269 -0.01900768 0.04336571 0.131784 -0.01529479 0.04636842 0.136646 -0.0134809 0.04619979 0.134984 -0.01063275 0.04723399 0.136527 -0.01477068 0.0469765 0.138308 -0.0102337 0.04773628 0.138115 -0.01422953 0.04750388 0.1399919 -0.009824335 0.04816818 0.13972 -0.01890408 0.04604697 0.138529 -0.01828557 0.04668015 0.140305 -0.0176438 0.04722052 0.142103 -0.0125162 0.04859429 0.145139 -0.01629817 0.04801857 0.14575 -0.0131011 0.04831361 0.143411 -0.01698082 0.04766702 0.14392 -0.01367259 0.04794991 0.141694 -0.008541941 0.0490356 0.1446149 -0.008977711 0.04881829 0.142974 -0.009405434 0.04852902 0.141341 -0.007798135 0.04803359 0.138037 -0.007146596 0.04875093 0.1411989 -0.004342496 0.04932212 0.144245 -0.005689561 0.04734849 0.1349239 -0.00525856 0.048258 0.137977 -0.004808545 0.04891693 0.14109 -0.006469964 0.04920029 0.144405 0 0.04756629 0.134921 0 0.04790008 0.135886 -0.002643883 0.04839771 0.137939 0 0.04840111 0.137937 -0.002414286 0.04901969 0.141022 0 0.04881227 0.13962 -0.02975845 0.03338265 0.125034 -0.02659505 0.03562486 0.1253409 -0.02443408 0.03813832 0.126954 -0.02205049 0.04039263 0.128585 -0.0199216 0.04130357 0.12869 -0.01762229 0.04216945 0.1287879 -0.01513618 0.04297465 0.1288779 -0.01244753 0.04370278 0.128959 -0.009557962 0.04432505 0.129028 -0.006483495 0.0448032 0.1290799 -0.02824175 0.03450202 0.1251879 -0.02793318 0.03605943 0.126682 -0.02625083 0.03710108 0.126819 -0.02586406 0.03849762 0.128363 -0.02402609 0.03945255 0.128476 -0.0235809 0.04068589 0.130055 -0.0216 0.04154431 0.130137 -0.01947796 0.04237288 0.130215 -0.01719909 0.04315769 0.130288 -0.01474839 0.04388505 0.130355 -0.01211082 0.0445407 0.130414 -0.009287953 0.04509931 0.130464 -0.006098747 0.04619419 0.131952 -0.02271682 0.04499202 0.138757 -0.02333289 0.04415047 0.136914 -0.02391409 0.04320836 0.135109 -0.02445936 0.04216873 0.133347 -0.02496707 0.04103481 0.131632 -0.0254358 0.03981018 0.129969 -0.02757763 0.03753459 0.128248 -0.002177 0.04939687 0.1441439 0 0.04939472 0.144111 0 0.04936122 0.143413 0 0.04901266 0.141005 -0.03909075 0.01945632 0.128579 -0.0349999 0.01968729 0.13115 -0.03547042 0.01851439 0.130459 -0.03997772 0.009545147 0.12383 -0.03997772 0.01081055 0.123863 -0.03990572 0.009545147 0.124225 -0.03982269 0.0107668 0.124711 -0.03982269 0.009545147 0.124679 -0.03968089 0.009545147 0.125063 -0.03952401 0.01072496 0.125519 -0.03952401 0.009545147 0.1254889 -0.03931397 0.009545147 0.12585 -0.03909075 0.01068651 0.126264 -0.03909075 0.009545147 0.126235 -0.03881579 0.009545147 0.1265619 -0.03853541 0.01065248 0.126924 -0.03853541 0.009545147 0.126895 -0.0382018 0.009545147 0.127176 -0.03787493 0.01062375 0.127478 -0.03787493 0.009545147 0.12745 -0.03749048 0.009545147 0.127674 -0.0371288 0.01060146 0.127911 -0.0371288 0.009545147 0.127884 -0.0367037 0.009545147 0.128041 -0.03631937 0.01058608 0.1282089 -0.03631937 0.009545147 0.1281819 -0.03586483 0.009545147 0.128265 -0.03547042 0.01057803 0.128364 -0.03547042 0.009545147 0.128337 -0.0349999 0.009545147 0.12836 -0.0349999 0.0105769 0.128386 -0.0349999 0.01129299 0.1284599 -0.0349999 0.01262933 0.128599 -0.03547042 0.01465463 0.129 -0.0349999 0.01464909 0.129022 -0.0349999 0.0142163 0.128931 -0.0349999 0.01703435 0.129835 -0.03547042 0.01662218 0.12963 -0.0349999 0.02212733 0.132825 -0.0349999 0.02197939 0.132695 -0.03547042 0.02199316 0.132677 -0.03547042 0.02354276 0.134043 -0.03547042 0.02494335 0.135562 -0.03546732 0.02606678 0.137054 -0.03541731 0.02612721 0.137149 -0.0349999 0.0261234 0.137178 -0.0349999 0.02616155 0.137229 -0.03537935 0.02617305 0.137221 -0.03537833 0.0261743 0.137223 -0.03536367 0.026192 0.137251 -0.03518092 0.0264222 0.137625 -0.0349999 0.02664995 0.137995 -0.03630888 0.02505064 0.1354629 -0.03630578 0.02505445 0.135469 -0.03624707 0.02512538 0.13558 -0.0360732 0.02533525 0.135909 -0.03589951 0.025545 0.136237 -0.03572595 0.02575457 0.136565 -0.03555226 0.02596431 0.136894 -0.03676968 0.02449417 0.134591 -0.03631937 0.02365118 0.133933 -0.0367949 0.02446389 0.134544 -0.03689897 0.02431803 0.134329 -0.03659528 0.02470499 0.134921 -0.036421 0.02491533 0.135251 -0.03640949 0.0249291 0.135273 -0.03720819 0.02388465 0.133691 -0.03718239 0.02392095 0.133744 -0.0371288 0.02385979 0.133719 -0.03712409 0.02400255 0.133864 -0.03704637 0.0241115 0.134025 -0.0371288 0.02227509 0.132322 -0.0373187 0.02372992 0.133463 -0.03787493 0.02078807 0.13073 -0.03853541 0.01916038 0.129169 -0.03787493 0.01891171 0.129666 -0.03952401 0.0176292 0.126965 -0.03909075 0.01736545 0.127663 -0.03982269 0.01558828 0.125463 -0.03952401 0.01538175 0.126246 -0.03631937 0.0220896 0.132556 -0.0371288 0.0205549 0.131096 -0.03631937 0.0203945 0.131347 -0.03547042 0.02031099 0.131478 -0.03631937 0.01858377 0.13032 -0.0371288 0.01871752 0.130053 -0.03631937 0.01667696 0.129485 -0.0371288 0.01678258 0.129205 -0.03787493 0.01693576 0.1288 -0.03853541 0.01713198 0.1282809 -0.03631937 0.01469427 0.1288509 -0.0371288 0.01477038 0.128562 -0.03787493 0.01488107 0.128143 -0.03853541 0.01502275 0.127606 -0.03909075 0.01519119 0.126967 -0.03997772 0.01332783 0.124124 -0.03982269 0.013197 0.124962 -0.03952401 0.01307219 0.125762 -0.03909075 0.01295703 0.1264989 -0.03853541 0.01285517 0.127152 -0.03787493 0.01276952 0.127701 -0.0371288 0.01270276 0.128129 -0.03631937 0.01265662 0.128424 -0.03547042 0.01263272 0.1285769 -0.03990548 4.52e-5 0.124225 -0.03982049 4.52e-5 0.124687 -0.03982019 -1.03729e-4 0.124687 -0.03968083 4.52e-5 0.125063 -0.03951793 4.52e-5 0.125501 -0.0395177 -1.02596e-4 0.125501 -0.03931385 4.52e-5 0.12585 -0.03907912 4.52e-5 0.126251 -0.03907895 -1.00952e-4 0.126251 -0.03881579 4.52e-5 0.126561 -0.03851729 4.52e-5 0.126913 -0.03851699 -9.8854e-5 0.126913 -0.0382018 4.52e-5 0.127175 -0.0378493 4.52e-5 0.127468 -0.03784912 -9.6355e-5 0.127468 -0.03749048 4.52e-5 0.127673 -0.03709542 4.52e-5 0.127899 -0.03709518 -9.3536e-5 0.127899 -0.0367037 4.52e-5 0.12804 -0.0362783 4.52e-5 0.128193 -0.036278 -9.0477e-5 0.128193 -0.03586488 4.52e-5 0.128265 -0.03542268 4.52e-5 0.128342 -0.03542238 -8.7276e-5 0.128342 -2.971e-6 -0.03495079 0.12836 0 -0.0353775 0.128342 -1.30779e-4 -0.03494691 0.12836 -1.3248e-4 -0.0353772 0.128342 -0.002078056 -0.0348894 0.12836 -0.003043234 -0.03524649 0.128342 -0.003005266 -0.03480678 0.12836 -0.004141509 -0.03470551 0.12836 -0.005933403 -0.034877 0.128342 -0.005860865 -0.03444886 0.12836 -0.008783578 -0.03427118 0.128342 -0.00867486 -0.03384715 0.12836 -0.008116781 -0.03399777 0.12836 -0.00619179 -0.03439939 0.12836 -0.0101282 -0.03345489 0.12836 -0.01157408 -0.03343313 0.128342 -0.01143091 -0.03301841 0.12836 -0.01428651 -0.0323686 0.128342 -0.01411449 -0.03197848 0.12836 -0.01406586 -0.03200179 0.12836 -0.01209205 -0.03279703 0.12836 -0.01596969 -0.03109747 0.12836 -0.01690208 -0.03108477 0.128342 -0.01669269 -0.03069919 0.12836 -0.01778262 -0.03009897 0.12836 -0.01940339 -0.0295903 0.128342 -0.01916557 -0.02922666 0.12836 -0.02177339 -0.02789539 0.128342 -0.02150809 -0.0275551 0.12836 -0.02126061 -0.02775627 0.12836 -0.01954668 -0.02898615 0.12836 -0.0228672 -0.02645099 0.12836 -0.02399617 -0.02601128 0.128342 -0.0236991 -0.02568858 0.12836 -0.02794057 -0.02172821 0.128342 -0.02759647 -0.02146035 0.12836 -0.02719318 -0.02198928 0.12836 -0.02605652 -0.02395099 0.128342 -0.02584111 -0.0235598 0.12836 -0.02574247 -0.02366167 0.12836 -0.02439492 -0.02505111 0.12836 -0.0284481 -0.0203433 0.12836 -0.02963548 -0.01935821 0.128342 -0.02927136 -0.01911962 0.12836 -0.03112995 -0.0168569 0.128342 -0.03075289 -0.01665246 0.12836 -0.03064048 -0.01687139 0.12836 -0.0296005 -0.01863068 0.12836 -0.031587 -0.01503038 0.12836 -0.03241384 -0.01424133 0.128342 -0.03201299 -0.01406461 0.12836 -0.03431636 -0.008738338 0.128342 -0.03389406 -0.008630394 0.12836 -0.03373312 -0.009287178 0.12836 -0.03347831 -0.0115289 0.128342 -0.03312581 -0.01125448 0.12836 -0.03307545 -0.01138955 0.12836 -0.03242367 -0.01313406 0.12836 -0.03422576 -0.00727576 0.12836 -0.03492218 -0.005888283 0.128342 -0.0344944 -0.005815446 0.12836 -0.03529167 -0.002998054 0.128342 -0.03486251 -0.002961218 0.12836 -0.0348407 -0.003293693 0.12836 -0.0345903 -0.005295157 0.12836 -0.03497689 -0.001227498 0.12836 -0.03499758 -8.5663e-5 0.12836 -0.0349999 4.52e-5 0.12836 -0.03997719 -1.04313e-4 0.123833 -0.03997749 4.52e-5 0.123833 -0.03872895 -0.009867787 0.123833 -0.03941261 -0.006651163 0.123833 -0.03982967 -0.003389418 0.123833 -0.0377832 -0.01301723 0.123833 -0.03658175 -0.01607835 0.123833 -0.03513288 -0.01903039 0.123833 -0.03344625 -0.02185332 0.123833 -0.02708172 -0.0293619 0.123833 -0.02940708 -0.02703648 0.123833 -0.03153336 -0.02452808 0.123833 -0.0245732 -0.03148818 0.123833 -0.0218985 -0.03340107 0.123833 -0.01907557 -0.0350877 0.123833 -0.01612359 -0.03653657 0.123833 -0.006696403 -0.03936743 0.123833 -0.009913027 -0.03868377 0.123833 -0.01306241 -0.0377379 0.123833 -0.003434598 -0.03978449 0.123833 -1.49515e-4 -0.03993195 0.123833 0 -0.03993225 0.123833 0 -0.03623312 0.128193 -1.3568e-4 -0.03623282 0.128193 -0.003116786 -0.03609889 0.128193 -0.006076753 -0.03572052 0.128193 -0.008995771 -0.03510016 0.128193 -0.01185375 -0.03424185 0.128193 -0.01463162 -0.03315162 0.128193 -0.0173105 -0.0318368 0.128193 -0.01987218 -0.03030622 0.128193 -0.0222994 -0.02857035 0.128193 -0.02457582 -0.02664077 0.128193 -0.02668595 -0.02453058 0.128193 -0.02861559 -0.02225422 0.128193 -0.0303514 -0.019827 0.128193 -0.03188198 -0.01726526 0.128193 -0.0331968 -0.01458638 0.128193 -0.03428709 -0.01180857 0.128193 -0.0351454 -0.008950531 0.128193 -0.0357657 -0.006031632 0.128193 -0.03614413 -0.003071606 0.128193 0 -0.03705018 0.127899 -1.38736e-4 -0.03705 0.127899 -0.003186941 -0.03691309 0.127899 -0.006213665 -0.0365262 0.127899 -0.009198367 -0.03589177 0.127899 -0.01212078 -0.03501415 0.127899 -0.0149613 -0.0338993 0.127899 -0.01770049 -0.03255498 0.127899 -0.02031981 -0.03098988 0.127899 -0.02280169 -0.02921479 0.127899 -0.02512943 -0.02724188 0.127899 -0.02728706 -0.02508419 0.127899 -0.02926003 -0.02275651 0.127899 -0.03103506 -0.02027463 0.127899 -0.03260016 -0.01765525 0.127899 -0.03394448 -0.01491606 0.127899 -0.03505939 -0.0120756 0.127899 -0.03593695 -0.009153187 0.127899 -0.03657138 -0.006168425 0.127899 -0.03695833 -0.00314182 0.127899 0 -0.03780412 0.127468 -1.41556e-4 -0.03780388 0.127468 -0.003251731 -0.03766429 0.127468 -0.006339967 -0.03726947 0.127468 -0.009385347 -0.0366221 0.127468 -0.01236712 -0.03572672 0.127468 -0.01526522 -0.03458929 0.127468 -0.01806008 -0.03321743 0.127468 -0.02073282 -0.03162068 0.127468 -0.02326518 -0.02980959 0.127468 -0.02564013 -0.02779638 0.127468 -0.02784162 -0.02559489 0.127468 -0.02985477 -0.02322 0.127468 -0.03166586 -0.02068763 0.127468 -0.03326267 -0.0180149 0.127468 -0.03463447 -0.01521998 0.127468 -0.0357719 -0.01232188 0.127468 -0.03666728 -0.009340107 0.127468 -0.03731465 -0.006294727 0.127468 -0.03770947 -0.003206551 0.127468 0 -0.03847211 0.126913 -1.44054e-4 -0.03847181 0.126913 -0.003309071 -0.03832978 0.126913 -0.006451845 -0.03792798 0.126913 -0.009550929 -0.03726929 0.126913 -0.0125854 -0.03635799 0.126913 -0.01553463 -0.03520041 0.126913 -0.01837885 -0.03380453 0.126913 -0.02109867 -0.03217947 0.126913 -0.02367573 -0.03033643 0.126913 -0.02609258 -0.0282877 0.126913 -0.02833288 -0.0260474 0.126913 -0.03038161 -0.02363049 0.126913 -0.03222465 -0.02105349 0.126913 -0.03384971 -0.01833367 0.126913 -0.03524571 -0.01548939 0.126913 -0.03640323 -0.01254016 0.126913 -0.03731447 -0.009505748 0.126913 -0.0379731 -0.006406605 0.126913 -0.03837496 -0.00326395 0.126913 0 -0.03903388 0.126251 -1.46155e-4 -0.03903377 0.126251 -0.00335741 -0.0388894 0.126251 -0.00654602 -0.03848189 0.126251 -0.009690284 -0.0378136 0.126251 -0.01276898 -0.03688901 0.126251 -0.01576125 -0.03571462 0.126251 -0.01864695 -0.0342983 0.126251 -0.02140647 -0.03264951 0.126251 -0.02402108 -0.0307796 0.126251 -0.02647328 -0.028701 0.126251 -0.02874618 -0.0264281 0.126251 -0.03082478 -0.0239759 0.126251 -0.03269469 -0.02136129 0.126251 -0.03434348 -0.01860177 0.126251 -0.0357598 -0.01571607 0.126251 -0.03693419 -0.0127238 0.126251 -0.03785878 -0.009645044 0.126251 -0.03852707 -0.00650078 0.126251 -0.0389347 -0.00331223 0.126251 0 -0.03947269 0.125501 -1.47797e-4 -0.03947246 0.125501 -0.00339514 -0.0393266 0.125501 -0.006619453 -0.0389145 0.125501 -0.009799063 -0.03823858 0.125501 -0.01291239 -0.03730362 0.125501 -0.01593828 -0.03611618 0.125501 -0.0188564 -0.03468388 0.125501 -0.02164679 -0.03301668 0.125501 -0.0242908 -0.03112566 0.125501 -0.02677059 -0.02902388 0.125501 -0.02906906 -0.02672529 0.125501 -0.0311709 -0.02424561 0.125501 -0.03306186 -0.02160161 0.125501 -0.03472906 -0.01881116 0.125501 -0.03616136 -0.0158931 0.125501 -0.03734892 -0.01286715 0.125501 -0.03828376 -0.009753882 0.125501 -0.03895968 -0.006574273 0.125501 -0.03937178 -0.0033499 0.125501 0 -0.03977525 0.124687 -1.48928e-4 -0.03977495 0.124687 -0.003421068 -0.03962802 0.124687 -0.006670117 -0.0392127 0.124687 -0.009874045 -0.0385316 0.124687 -0.01301109 -0.03758955 0.124687 -0.01606029 -0.0363928 0.124687 -0.01900058 -0.03494966 0.124687 -0.02181243 -0.0332697 0.124687 -0.0244767 -0.03136426 0.124687 -0.02697539 -0.02924633 0.124687 -0.02929157 -0.02693015 0.124687 -0.0314095 -0.02443158 0.124687 -0.03331488 -0.02176719 0.124687 -0.0349949 -0.0189554 0.124687 -0.03643798 -0.01601505 0.124687 -0.03763473 -0.01296591 0.124687 -0.0385769 -0.009828865 0.124687 -0.03925788 -0.006624937 0.124687 -0.0396732 -0.003375828 0.124687 -0.03523761 0.02873337 0.1411409 -0.03513222 0.02905398 0.141927 -0.03521019 0.02868479 0.141156 -0.03507018 0.0289759 0.141963 -0.0351867 0.0286557 0.141164 -0.03506189 0.02872931 0.1415939 -0.03512823 0.02858299 0.141185 -0.03510963 0.02855986 0.141191 -0.03498989 0.02866256 0.141617 -0.03506159 0.02851647 0.141202 -0.03491103 0.0286026 0.141635 -0.03498929 0.02845108 0.141218 -0.03491199 0.02840083 0.141227 -0.03482633 0.0285499 0.14165 -0.03473669 0.02850526 0.14166 -0.03484898 0.02836 0.1412349 -0.03465318 0.02827996 0.141241 -0.03469616 0.02829176 0.141242 -0.03464287 0.0284686 0.1416659 -0.03474295 0.02831268 0.14124 -0.0345034 0.02833336 0.141454 -0.03456079 0.02825438 0.141239 -0.03454601 0.02844065 0.141668 -0.03453928 0.02824842 0.141238 -0.03440618 0.02832007 0.141448 -0.0344665 0.02823996 0.141233 -0.03432762 0.02830177 0.1414059 -0.03438085 0.02822989 0.1412259 -0.03419238 0.0285356 0.141873 -0.03419899 0.0285241 0.1418499 -0.03428941 0.02851027 0.141866 -0.0342586 0.0284211 0.141644 -0.03411716 0.0286656 0.1421329 -0.03413957 0.02862673 0.142055 -0.03423339 0.02861678 0.1420699 -0.03409528 0.02871835 0.142211 -0.03417879 0.02873075 0.142269 -0.0340839 0.02874588 0.142251 -0.0341258 0.0288521 0.1424649 -0.03403031 0.02887529 0.142442 -0.034114 0.02910059 0.142849 -0.03402733 0.0291115 0.142834 -0.0340743 0.02898049 0.142657 -0.03396379 0.02911949 0.1428239 -0.03400427 0.02893847 0.142536 -0.03397685 0.02900469 0.142633 -0.03392595 0.02912771 0.1428149 -0.03429955 0.02897799 0.142678 -0.03437089 0.0291149 0.142859 -0.03428202 0.02910202 0.142861 -0.034141 0.02910089 0.14285 -0.03466618 0.02893817 0.142461 -0.03448402 0.0291363 0.142853 -0.0345627 0.0289011 0.1424739 -0.0344119 0.02899265 0.142677 -0.03444719 0.0291258 0.142857 -0.03473639 0.02922779 0.142809 -0.03469878 0.02921158 0.142817 -0.03476452 0.02898466 0.142441 -0.03460115 0.02916938 0.142839 -0.03488886 0.02932471 0.142753 -0.034873 0.02931129 0.142761 -0.03485679 0.02904021 0.142415 -0.03479665 0.02926462 0.1427879 -0.03510528 0.02955269 0.142611 -0.03508919 0.02952533 0.142629 -0.03504276 0.02947109 0.142663 -0.0350185 0.02917516 0.142347 -0.03499191 0.02941185 0.142701 -0.03497129 0.02939432 0.142711 -0.0352832 0.02881389 0.141116 -0.03518491 0.02913695 0.141888 -0.03522759 0.02922403 0.141846 -0.03516268 0.02964979 0.142548 -0.03526008 0.02931416 0.1418009 -0.03519248 0.02973079 0.142494 -0.03521072 0.02978008 0.142461 -0.03528171 0.0294063 0.141754 -0.0352177 0.02982383 0.142431 -0.03499943 0.02890366 0.1419939 -0.03494179 0.02910405 0.1423839 -0.03464722 0.02868902 0.142073 -0.0347439 0.02873015 0.1420609 -0.03483539 0.0287801 0.1420429 -0.03492099 0.02883803 0.142021 -0.03445559 0.0288738 0.142482 -0.03454679 0.02865684 0.14208 -0.03433865 0.02862048 0.142078 -0.03428649 0.02873098 0.14228 -0.03423589 0.028849 0.142477 -0.0341866 0.02897381 0.142671 -0.03444707 0.02842146 0.1416659 -0.03434699 0.0284112 0.141659 -0.0342909 0.02836519 0.141533 -0.03439211 0.02851712 0.141874 -0.03444349 0.02863395 0.142082 -0.03439426 0.02874153 0.142284 -0.03434628 0.02885621 0.142482 -0.0353617 0.02907449 0.141026 -0.03536969 0.02911776 0.1410109 -0.03523278 0.02991849 0.142366 -0.03529363 0.02950489 0.1417019 -0.03530168 0.02945011 0.141615 -0.03537309 0.02916383 0.140994 -0.03528928 0.02882462 0.141113 -0.03531628 0.02889925 0.141088 -0.03534287 0.0289725 0.141063 -0.02612537 0.024558 0.135146 -0.02559477 0.02428436 0.134856 -0.0178079 0.02006155 0.131348 -0.01716279 0.01969403 0.131138 -0.001462996 0.01042568 0.128379 -7.49962e-4 0.009996533 0.1283619 -7.5e-4 0.009545147 0.12836 -0.005368471 0.01277196 0.128634 -0.003856182 0.01186501 0.128495 -0.007786214 0.01421689 0.1289269 -0.007677674 0.0141521 0.128912 -0.006255686 0.01330393 0.128716 -0.002907395 0.01129448 0.128449 -0.003057122 0.01138442 0.1284559 -0.01226472 0.01686489 0.1297619 -0.008709549 0.01476758 0.129054 -0.01255881 0.01703715 0.12983 -0.01344513 0.0175563 0.130034 -0.01677936 0.01947551 0.131013 -0.0221557 0.02247291 0.133099 -0.02152347 0.02212589 0.1328279 -0.01994884 0.02126199 0.132151 -0.02550876 0.02423989 0.134809 -0.03131061 0.02700912 0.138612 -0.02970659 0.02629357 0.1374289 -0.02963906 0.02626162 0.137383 -0.03474062 0.0272842 0.139135 -0.03161019 0.02713358 0.1388559 -0.03470498 0.02737158 0.139292 -0.03271293 0.0275914 0.139751 -0.03462225 0.0275858 0.139753 -0.0329011 0.02766948 0.139904 -0.03350949 0.02789998 0.140447 -0.03447198 0.02797442 0.140591 -0.03230166 0.04406285 0.1588 -0.03237539 0.04403126 0.158767 -0.03120315 0.04442852 0.155691 -0.03718817 0.03650259 0.155907 -0.03722256 0.035106 0.155714 -0.036807 0.03528285 0.15451 -0.0360791 0.03558737 0.15207 -0.03595441 0.03719019 0.152226 -0.0362975 0.03549808 0.152935 -0.03630626 0.0370469 0.153481 -0.03640139 0.03842097 0.154996 -0.035977 0.03859347 0.153724 -0.03572535 0.03933948 0.153868 -0.03560888 0.03874033 0.152433 -0.03469759 0.04033339 0.151345 -0.03541797 0.04006111 0.154027 -0.03499853 0.03959822 0.1512359 -0.03529191 0.03888183 0.15113 -0.0356568 0.0373094 0.150956 -0.03565669 0.03731262 0.150956 -0.03565526 0.0373187 0.150957 -0.03529649 0.0388621 0.1511279 -0.03286623 0.04289019 0.151885 -0.0336644 0.04260993 0.154788 -0.03337818 0.04229116 0.151741 -0.03417778 0.04203271 0.154581 -0.03386527 0.04172128 0.151605 -0.03464233 0.04141259 0.154384 -0.03282827 0.04293459 0.1518959 -0.03166502 0.0439037 0.152198 -0.0325067 0.04362267 0.155227 -0.03161972 0.04394149 0.1522099 -0.0324105 0.0440163 0.158752 -0.0335673 0.0432567 0.158199 -0.03361809 0.04322326 0.158175 -0.03369039 0.04317581 0.15814 -0.03468489 0.0422368 0.1576279 -0.0369023 0.03814041 0.15623 -0.03715699 0.03668129 0.155942 -0.03671169 0.03687852 0.15472 -0.03716599 0.03662949 0.155932 -0.036875 0.03821969 0.156251 -0.03688478 0.03819161 0.156243 -0.03639185 0.03545951 0.153308 -0.0366221 0.03895139 0.156444 -0.03637468 0.03966748 0.156634 -0.03637105 0.03967458 0.1566359 -0.03576666 0.0357151 0.150833 -0.03025788 0.0447402 0.152543 -0.03021395 0.04476583 0.152554 -0.03161126 0.04394865 0.152212 -0.0309394 0.04434168 0.152377 -0.03031605 0.0447061 0.152529 -0.02952617 0.04503226 0.152713 -0.0346871 0.04035896 0.1513479 -0.034662 0.04041993 0.1513569 -0.03505635 0.04075378 0.154199 -0.03430002 0.04101639 0.15147 -0.03388983 0.04169243 0.151598 -0.0347135 0.04220986 0.1576139 -0.03482931 0.04210048 0.157554 -0.03518801 0.04162806 0.157352 -0.03564435 0.041027 0.157096 -0.03600579 0.04035449 0.156867 -0.03636723 0.03968155 0.156638 -0.03503358 0.03889608 0.149641 -0.03540486 0.0373522 0.149582 -0.03070235 0.04436117 0.150342 -0.0313605 0.04392749 0.1502349 -0.03118485 0.0437861 0.1482419 -0.03256595 0.04291009 0.150039 -0.03518587 0.02978128 0.126581 -0.03460931 0.0300517 0.125968 -0.03417629 0.03177237 0.127211 -0.03632295 0.02947247 0.136241 -0.03620588 0.02886039 0.13682 -0.03645849 0.02761971 0.135966 -0.03547656 0.0340476 0.138503 -0.03532862 0.03469389 0.138067 -0.0350852 0.0356394 0.139389 -0.03615057 0.0291326 0.1370069 -0.03703457 0.02795678 0.133134 -0.03727096 0.02745896 0.130796 -0.03685832 0.02834737 0.129325 -0.03570336 0.02947348 0.127228 -0.02977019 0.04432696 0.1462309 -0.02984875 0.04460483 0.148346 -0.02977418 0.04390448 0.144122 -0.02985572 0.04333746 0.1420339 -0.03000921 0.0426262 0.139981 -0.03022933 0.04177063 0.137978 -0.03050959 0.04077315 0.136037 -0.0308398 0.03964096 0.134168 -0.03120958 0.03838199 0.1323789 -0.03160881 0.03700435 0.1306779 -0.0320267 0.03551638 0.129073 -0.03174978 0.03411835 0.127133 -0.03216779 0.03241205 0.125702 -0.03257477 0.03062087 0.1243759 -0.0332989 0.03047347 0.124861 -0.03397881 0.03028309 0.125393 -0.03615719 0.02913028 0.127905 -0.03654289 0.02875369 0.128606 -0.03710162 0.0279147 0.130057 -0.03699463 0.02847778 0.132443 -0.03736448 0.02698409 0.131536 -0.03700125 0.02742356 0.133815 -0.03689503 0.02688217 0.134483 -0.03661835 0.02683395 0.135425 -0.03671538 0.02632772 0.135147 -0.03699678 0.02486103 0.134339 -0.03721356 0.0241549 0.133765 -0.03001248 0.04474097 0.150454 -0.02929538 0.04506427 0.150571 -0.03540158 0.03360688 0.140523 -0.03539115 0.03289991 0.1409029 -0.03542536 0.0326963 0.140595 -0.03558748 0.03272128 0.139366 -0.03597158 0.02999377 0.137769 -0.0358076 0.03173243 0.138263 -0.03574031 0.03110533 0.138757 -0.03555923 0.03202015 0.139814 -0.03574109 0.03301542 0.137295 -0.03580611 0.03237813 0.137782 -0.03607857 0.0312696 0.136689 -0.03605502 0.03064709 0.13722 -0.036605 0.02821505 0.1353279 -0.03637301 0.0300697 0.135662 -0.03603649 0.03188359 0.13615 -0.0356127 0.03364038 0.136804 -0.03668266 0.0287854 0.1347039 -0.03669029 0.02934741 0.134068 -0.03635519 0.03065878 0.135074 -0.0362699 0.03123539 0.134478 -0.03592908 0.0324853 0.135606 -0.03575658 0.03307068 0.13506 -0.03542149 0.03424882 0.136312 -0.0351687 0.03483682 0.135823 -0.03485155 0.03593313 0.137198 -0.03662747 0.02989739 0.133424 -0.03611683 0.03179574 0.133881 -0.03552037 0.03363561 0.134517 -0.03669589 0.02946865 0.1310549 -0.0368815 0.02898317 0.131749 -0.03649437 0.03043097 0.132777 -0.03629189 0.03094476 0.132131 -0.03589749 0.03233593 0.133285 -0.03561341 0.03285235 0.132696 -0.03522217 0.03417652 0.13398 -0.03486388 0.03468978 0.1334519 -0.03448665 0.03593665 0.1348659 -0.03643971 0.02993083 0.1303679 -0.036022 0.03143477 0.131492 -0.03568655 0.0318976 0.130863 -0.03526681 0.03334105 0.132116 -0.03485959 0.03379839 0.131551 -0.03444778 0.03517132 0.132937 -0.03397601 0.0356177 0.132439 -0.0335825 0.03690958 0.133958 -0.03611475 0.03036606 0.129693 -0.03528743 0.03232926 0.13025 -0.0343939 0.03422105 0.131005 -0.03572285 0.03077071 0.1290349 -0.03482699 0.03272652 0.129658 -0.03526633 0.03114151 0.128399 -0.03474932 0.03147608 0.12779 -0.03430891 0.03308689 0.12909 -0.03373771 0.0334084 0.1285499 -0.0333029 0.03495198 0.1299819 -0.03311789 0.03368878 0.128041 -0.03355199 0.03202843 0.126668 -0.03245389 0.03392612 0.127568 -0.03288096 0.03224229 0.126163 -0.03414416 0.03707516 0.136353 -0.03322315 0.03808945 0.135553 -0.0338459 0.03809869 0.137906 -0.0329076 0.03915065 0.137219 -0.0336008 0.03900039 0.139518 -0.03264558 0.04008615 0.138947 -0.03341799 0.03977453 0.141181 -0.03244638 0.04088979 0.14073 -0.0333029 0.04041951 0.142886 -0.03231567 0.04156005 0.142556 -0.03325915 0.04093533 0.144619 -0.03225815 0.04209685 0.1444129 -0.03329128 0.04132229 0.146369 -0.03227818 0.04250019 0.146287 -0.03340303 0.04158008 0.148124 -0.03238016 0.0427705 0.148167 -0.03359621 0.0417115 0.149872 -0.0328803 0.03639537 0.131507 -0.03247988 0.03773087 0.133122 -0.03211158 0.03895109 0.134819 -0.03178542 0.04004859 0.136591 -0.0315119 0.04101628 0.1384299 -0.03130012 0.0418471 0.140327 -0.03115671 0.04253959 0.14227 -0.0310865 0.04309356 0.144246 -0.03109419 0.043509 0.146241 -0.03555095 0.0357275 0.149559 -0.03545576 0.03573298 0.148997 -0.03521382 0.0372731 0.148195 -0.03539019 0.03573668 0.148609 -0.03536021 0.03568977 0.148286 -0.03508788 0.03707617 0.146806 -0.03524196 0.0355044 0.147006 -0.03502595 0.03675889 0.1454229 -0.03518617 0.03541696 0.146403 -0.03442531 0.04036158 0.149738 -0.0351724 0.03521478 0.14574 -0.0351566 0.03498339 0.144982 -0.035025 0.03632164 0.144055 -0.03538477 0.03293848 0.140961 -0.03525668 0.03438258 0.1417289 -0.03526359 0.03366059 0.142054 -0.03514623 0.03482943 0.144477 -0.03514301 0.03478187 0.144321 -0.0350821 0.03576475 0.142714 -0.0351929 0.0342763 0.143262 -0.03519392 0.03508836 0.141408 -0.03523969 0.03380328 0.14227 -0.03556305 0.03338867 0.1389369 -0.03535658 0.03429418 0.140147 -0.03422856 0.04024368 0.148115 -0.03483736 0.03879612 0.1481389 -0.03410917 0.04000288 0.146485 -0.03471302 0.03857588 0.146632 -0.03406578 0.03963655 0.14486 -0.03465956 0.03823328 0.14513 -0.03409475 0.03914487 0.143252 -0.03467357 0.03776788 0.143645 -0.03419238 0.03852748 0.141671 -0.03475159 0.03718018 0.142185 -0.0343548 0.03778463 0.140128 -0.03489035 0.03646999 0.1407639 -0.03457731 0.03691798 0.138635 -0.03614747 0.0291481 0.137018 -0.03548532 0.026151 0.137152 -0.0364322 0.02495396 0.135267 -0.03655123 0.02506327 0.135214 -0.0367769 0.02543169 0.134974 -0.03675282 0.02537649 0.135013 -0.0367248 0.02531105 0.13506 -0.03669047 0.02524656 0.135104 -0.03695589 0.0243864 0.1342869 -0.03690898 0.02432906 0.134325 -0.03660327 0.02512228 0.135181 -0.03649413 0.025007 0.1352429 -0.03586798 0.02636981 0.137108 -0.03579956 0.02631562 0.137126 -0.03572642 0.02626621 0.13714 -0.03564924 0.02622222 0.137148 -0.03556865 0.02618366 0.137153 -0.03491157 0.02731662 0.139152 -0.03482061 0.02729839 0.139143 -0.03500092 0.02734231 0.139156 -0.03508818 0.02737528 0.1391569 -0.03517228 0.02741491 0.139153 -0.03525257 0.02746117 0.139145 -0.0353282 0.02751356 0.139133 -0.0353986 0.02757197 0.139116 -0.03546309 0.02763569 0.139096 -0.03557306 0.0277763 0.139045 -0.03552132 0.027704 0.139072 -0.0356177 0.02785193 0.139015 -0.03565508 0.02793031 0.138981 -0.03568452 0.0280109 0.138945 -0.0353775 0.02915048 0.140961 -0.03589069 0.02771836 0.13806 -0.03572469 0.02816385 0.1388739 -0.03570598 0.0280928 0.138907 -0.03561633 0.02845478 0.139405 -0.03541439 0.02903598 0.140678 -0.03659152 0.02591276 0.13551 -0.03621822 0.02687031 0.136758 -0.03618258 0.0268439 0.1368719 -0.0362007 0.0269159 0.136828 -0.03615516 0.0270335 0.137009 -0.03598916 0.02649128 0.137059 -0.03604108 0.02655708 0.137028 -0.03608673 0.02662599 0.136994 -0.03612583 0.02669703 0.136956 -0.0361579 0.02676981 0.136916 -0.03593128 0.02642858 0.137085 -0.03664976 0.02518343 0.1351439 -0.03635865 0.0259307 0.136047 -0.03631258 0.02586555 0.1360819 -0.0362606 0.02580302 0.136114 0 0.04687958 0.207154 0 0.04661357 0.2073979 -0.002409577 0.04660421 0.207341 -0.03042787 0.04397225 0.189629 -0.03092277 0.04344058 0.190072 -0.03209728 0.04308509 0.188274 -0.03542351 0.04199755 0.1596249 -0.03428727 0.04301977 0.160105 -0.0371409 0.03943812 0.1587899 0 0.04115229 0.2102259 0 0.04044222 0.210285 -0.002461433 0.04042506 0.210241 0 0.04272997 0.209832 0 0.0423913 0.209917 -0.002477884 0.04237473 0.20986 0 0.0456826 0.208253 0 0.04507362 0.208647 -0.002455413 0.04506856 0.2086 0 0.0442692 0.209168 0 0.044236 0.209182 -0.002469122 0.04421365 0.209107 0 0.04868721 0.204406 0 0.04836308 0.204999 -0.002298831 0.04836761 0.204946 -0.0300709 0.04322701 0.192263 -0.02865862 0.04360991 0.193957 -0.02902889 0.04297053 0.194428 0 0.04922902 0.202845 0 0.04911798 0.203166 -0.002201557 0.04911506 0.203109 -0.02749419 0.04556339 0.189765 -0.0261752 0.04592669 0.191247 -0.02674388 0.0455935 0.191823 -0.01599293 0.04822432 0.197589 -0.004170358 0.04941993 0.200986 -0.001539707 0.03953748 0.21033 -0.002444565 0.03952252 0.210271 -0.03721868 0.03530412 0.185014 -0.03746289 0.0352301 0.184337 -0.03656536 0.03600138 0.186513 -0.02239817 0.04696327 0.193717 -0.0226686 0.04691118 0.193343 -0.02114385 0.04725307 0.194515 -0.02877289 0.04187256 0.196095 -0.02874815 0.04175871 0.196226 -0.02961593 0.0415517 0.195266 -0.02866059 0.04135459 0.19669 -0.02853137 0.04108279 0.197049 -0.02982842 0.04078292 0.195627 -0.02511376 0.04320269 0.199068 -0.02504998 0.04327625 0.19906 -0.02437347 0.04342365 0.199622 -0.02270352 0.04588985 0.197728 -0.02262568 0.04597538 0.197612 -0.0212875 0.04626029 0.198565 -0.02192729 0.04687201 0.195608 -0.02192628 0.04693239 0.195269 -0.02166301 0.04702633 0.195232 -0.02192616 0.04693889 0.195233 -0.02194499 0.04696226 0.195034 -0.02192777 0.04684382 0.195767 -0.01998758 0.04737925 0.19639 -0.02197355 0.04675877 0.196072 -0.02209997 0.0465762 0.196593 -0.0220052 0.04670011 0.196282 -0.02045029 0.04708379 0.197135 -0.02261012 0.04599249 0.197589 -0.02237415 0.04625177 0.197237 -0.02088475 0.04670995 0.197862 -0.02222478 0.04642397 0.19692 -0.02215331 0.04650622 0.1967689 -0.02312046 0.0454353 0.198176 -0.02388828 0.04458963 0.198695 -0.02370893 0.04478853 0.198599 -0.02198356 0.0451498 0.199873 -0.0235663 0.04494673 0.198522 -0.02474021 0.04363346 0.199018 -0.02435505 0.04406791 0.198895 -0.02410936 0.04412627 0.1991 -0.0241611 0.04428672 0.198833 -0.02594643 0.04224509 0.1990759 -0.02579295 0.0424214 0.199083 -0.02458846 0.04267191 0.2000949 -0.02538228 0.04289317 0.199104 -0.02691978 0.04123359 0.1987749 -0.02665448 0.04149258 0.1988829 -0.02654856 0.0415154 0.198982 -0.02652859 0.0416153 0.198935 -0.02475327 0.04187738 0.200515 -0.02651309 0.04163038 0.1989409 -0.02617269 0.04199951 0.1990219 -0.02830862 0.04080742 0.1974999 -0.02819949 0.04073125 0.197674 -0.02838408 0.04033899 0.197687 -0.02807378 0.0406844 0.197845 -0.02765011 0.0407291 0.198291 -0.02667665 0.04069548 0.199334 -0.0278052 0.04068267 0.1981469 -0.02794259 0.0406686 0.198002 -0.0274623 0.04082 0.1984429 -0.02723366 0.04097133 0.198601 -0.02714169 0.0410481 0.198652 -0.02834439 0.0408324 0.197443 -0.02998542 0.03998273 0.195946 -0.0285024 0.04102176 0.19713 -0.02868008 0.04144436 0.196587 -0.02877461 0.04236567 0.195568 -0.0293489 0.04228293 0.194865 -0.02877479 0.04242449 0.195505 -0.02859681 0.04323732 0.194658 -0.02866578 0.04306071 0.19484 -0.02877509 0.04247623 0.19545 -0.02824169 0.0441963 0.193458 -0.0280779 0.04423838 0.193638 -0.02810305 0.04420876 0.1936669 -0.02820158 0.04404699 0.193831 -0.02842259 0.04368418 0.194199 -0.02842813 0.04366976 0.194214 -0.02778118 0.04472523 0.192933 -0.02760595 0.04476869 0.193122 -0.0276876 0.04469668 0.193188 -0.02700126 0.04526138 0.192683 -0.02719599 0.04512929 0.19279 -0.02728062 0.04519206 0.192387 -0.02758568 0.04478645 0.193105 -0.02660799 0.04552781 0.192466 -0.02671647 0.0454545 0.192526 -0.02546197 0.04608929 0.19218 -0.02550458 0.04607021 0.192187 -0.02606189 0.04582279 0.192279 -0.02624773 0.04572248 0.192342 -0.0235188 0.04670941 0.192625 -0.02383619 0.04662585 0.192454 -0.02418708 0.04654598 0.192026 -0.02436077 0.04647439 0.1922709 -0.02440559 0.04645985 0.192264 -0.02270168 0.0469042 0.193304 -0.0230509 0.04682618 0.19295 -0.02313506 0.04680556 0.192887 -0.02339798 0.04674118 0.19269 -0.02487421 0.04630833 0.192183 -0.0252546 0.04616653 0.192181 -0.02194792 0.04696315 0.19502 -0.02204209 0.04699367 0.194542 -0.02216875 0.04699301 0.1941699 -0.02268242 0.04690849 0.193324 -0.01950067 0.04759365 0.195632 -0.02982968 0.0448727 0.186597 -0.0287137 0.04521048 0.188213 -0.03083807 0.04455518 0.184921 -0.03173476 0.0442633 0.1831899 -0.03251671 0.04400098 0.181411 -0.0331813 0.04377198 0.179589 -0.03372591 0.04358017 0.177732 -0.03414803 0.04342919 0.175845 -0.0346176 0.04325991 0.172015 -0.03444558 0.04332226 0.173937 -0.03458285 0.04327219 0.1681579 -0.03466349 0.04324311 0.170086 -0.03437507 0.04334789 0.16624 -0.03404098 0.04346859 0.164337 -0.03358328 0.04363137 0.162458 -0.03300392 0.04383355 0.16061 -0.0379796 0.03641569 0.1581889 -0.03803825 0.03490406 0.158006 -0.0379666 0.03492218 0.157769 -0.03743171 0.0350542 0.156292 -0.03858876 0.03476548 0.159829 -0.03864508 0.03623229 0.160497 -0.0387153 0.03473293 0.160346 -0.03932315 0.03457599 0.1630319 -0.03926128 0.03459227 0.162725 -0.03917104 0.03608447 0.162842 -0.03909838 0.03463459 0.161915 -0.03877449 0.03471773 0.160589 -0.03955477 0.03597491 0.165217 -0.03964638 0.03459209 0.165141 -0.03962808 0.03459465 0.165011 -0.03945708 0.03461885 0.163793 -0.03979349 0.03590637 0.167612 -0.0398941 0.03452378 0.167571 -0.03974086 0.0345788 0.165814 -0.03998398 0.0344026 0.170013 -0.03997719 0.03440439 0.169498 -0.03988611 0.03587985 0.170018 -0.039967 0.03440696 0.168735 -0.0399273 0.03451186 0.167952 -0.0398333 0.0358951 0.172426 -0.03993242 0.03441631 0.1724579 -0.03999602 0.03439962 0.170916 -0.03969752 0.03447777 0.175269 -0.0397334 0.03446835 0.174896 -0.03963571 0.03595167 0.174825 -0.03981983 0.03444588 0.173997 -0.03990596 0.03442335 0.1730999 -0.03941828 0.03455042 0.177156 -0.039294 0.03604871 0.1772069 -0.03938722 0.03456449 0.177314 -0.03880906 0.0361858 0.179562 -0.0390532 0.03471499 0.179012 -0.03916448 0.0346648 0.178447 -0.03801798 0.03506129 0.1827909 -0.03824508 0.0349884 0.182041 -0.03818339 0.03635978 0.181881 -0.03853988 0.03489357 0.181068 -0.03888255 0.03477436 0.179696 -0.03552347 0.0362575 0.18869 -0.03554475 0.0357427 0.188704 -0.03638339 0.03553617 0.186976 -0.03641843 0.0355274 0.1869029 -0.03655457 0.03548949 0.186582 -0.03426665 0.03591418 0.19098 -0.03432196 0.03591597 0.190888 -0.0343526 0.0365355 0.190795 -0.0346052 0.03592538 0.19042 -0.03551137 0.03574913 0.188765 -0.03305763 0.03683108 0.192825 -0.0316435 0.03713977 0.194772 -0.03172981 0.03634077 0.194697 -0.0326628 0.03614693 0.193449 -0.03300523 0.0360729 0.192937 -0.03381001 0.03589898 0.191734 -0.03011548 0.03745692 0.196632 -0.03137946 0.03641355 0.195165 -0.03158569 0.03637075 0.19489 -0.02686077 0.03726118 0.199999 -0.0284059 0.03698635 0.198516 -0.02847838 0.03777831 0.198397 -0.02852421 0.03696525 0.198402 -0.02879518 0.03691422 0.1981109 -0.02997756 0.0366913 0.196843 -0.0300526 0.0366764 0.196753 -0.02665549 0.03729546 0.200175 -0.02673727 0.03809928 0.200062 -0.0254932 0.03748929 0.2011719 -0.02489709 0.03841549 0.201622 -0.0251972 0.03753852 0.201426 -0.0229631 0.03872209 0.20307 -0.02289521 0.03810071 0.203146 -0.02374738 0.03794699 0.202547 -0.02457398 0.03763777 0.201921 -0.02481168 0.03759998 0.201732 -0.0207749 0.03841912 0.204541 -0.02087771 0.038405 0.2044759 -0.02094 0.03901517 0.2044 -0.02189093 0.03826528 0.203828 -0.02228045 0.0382117 0.203579 -0.01897335 0.03862208 0.205573 -0.01883387 0.03929007 0.205608 -0.01876807 0.03864139 0.205677 -0.01665246 0.03954327 0.206687 -0.01719868 0.03878897 0.2064729 -0.01797848 0.03871566 0.2060779 -0.0141381 0.03891801 0.207778 -0.01432806 0.03891938 0.2077029 -0.01440411 0.03977119 0.207634 -0.01523238 0.03892606 0.207346 -0.01658082 0.038832 0.2067469 -0.01209712 0.03997039 0.2084439 -0.01202839 0.03909122 0.208507 -0.01207953 0.03908765 0.208492 -0.01383686 0.03894287 0.207882 -0.0100407 0.03922939 0.209079 -0.009739875 0.04013741 0.209113 -0.009680569 0.03924971 0.2091619 -0.007341384 0.04026985 0.209637 -0.00802356 0.03934311 0.209547 -0.009530842 0.03925818 0.209197 -0.004879236 0.0394665 0.2100459 -0.005104482 0.03945976 0.2100189 -0.004911839 0.04036617 0.210014 -0.005848646 0.03943747 0.20993 -0.007294178 0.03937482 0.209675 -0.003698647 0.0395019 0.210188 -6.14253e-4 0.03954213 0.210348 0 0.03954511 0.2103599 0 0.04950666 0.20122 -0.002089798 0.04948532 0.201161 0 0.04950845 0.201209 -0.006233215 0.04931288 0.200695 -0.0102716 0.04898023 0.1997759 -0.008269906 0.0491659 0.200291 -0.01223075 0.04875898 0.1991519 -0.01414018 0.04850566 0.198422 -0.01778197 0.04791891 0.196658 -0.02808248 0.04522138 0.190295 0 0.04933929 0.2021999 -0.002147257 0.04934859 0.202144 -0.00428462 0.0492801 0.201961 -0.004392683 0.04904437 0.2029179 -0.006402969 0.0491684 0.201658 -0.006563663 0.04892873 0.202602 -0.008493363 0.0490148 0.201236 -0.008705019 0.04877007 0.2021639 -0.01054656 0.04882127 0.200699 -0.01080703 0.04857003 0.201605 -0.0125544 0.04859048 0.200048 -0.01286119 0.04833173 0.200929 -0.01450961 0.04832667 0.199288 -0.01485997 0.04805946 0.200139 -0.01640498 0.04803395 0.198422 -0.01679599 0.04775768 0.199241 -0.01823323 0.04771661 0.197455 -0.01866161 0.04743099 0.198238 -0.02963626 0.04381275 0.191801 -0.02915763 0.04434317 0.191317 -0.03137326 0.04285562 0.190495 -0.03045815 0.04259049 0.192699 0 0.0487917 0.204105 -0.002252221 0.04878723 0.204046 -0.004493594 0.04871481 0.203848 -0.004586279 0.048294 0.204742 -0.006713688 0.0485965 0.2035199 -0.006851673 0.04817378 0.204403 -0.008902728 0.04843384 0.203066 -0.009084701 0.04800868 0.203933 -0.01105058 0.04822903 0.202487 -0.01127475 0.04780066 0.203335 -0.01314812 0.04798501 0.201786 -0.01341277 0.047553 0.202611 -0.01518791 0.04770648 0.200968 -0.01549077 0.04727023 0.201767 -0.01716238 0.04739797 0.200038 -0.01750093 0.04695737 0.200807 -0.01906365 0.0470643 0.199001 -0.0194357 0.04661911 0.199738 0 0.0478875 0.205869 0 0.04727053 0.206656 -0.002340853 0.0478599 0.205801 -0.002377927 0.04727011 0.206602 -0.004669845 0.04778581 0.20559 -0.004743576 0.04719597 0.206386 -0.006976187 0.04766458 0.205242 -0.007086098 0.04707479 0.206028 -0.009249031 0.04749822 0.204758 -0.009394347 0.04690831 0.205532 -0.01147753 0.04728859 0.204142 -0.01165711 0.0466988 0.2049 -0.01365238 0.04703915 0.203396 -0.01386499 0.04644936 0.204135 -0.0157653 0.04675453 0.2025279 -0.01600939 0.04616487 0.203245 -0.01780849 0.04643958 0.201541 -0.01808261 0.04585009 0.202234 -0.01977413 0.04609936 0.200443 -0.02007657 0.04551017 0.201108 -0.02165466 0.04573863 0.199237 -0.02331757 0.0452193 0.198329 -0.03079473 0.04190772 0.193105 -0.03107756 0.04118317 0.193478 -0.03266751 0.04007261 0.191925 -0.03130507 0.04042249 0.193816 -0.03411018 0.0389654 0.190216 -0.03285259 0.03929108 0.1922039 -0.03147631 0.0396319 0.1941159 0 0.04588019 0.208072 -0.002435505 0.04586821 0.20801 -0.004806756 0.0465306 0.20712 -0.004858613 0.0457955 0.207785 -0.007180333 0.0464102 0.206754 -0.007257819 0.04567682 0.207413 -0.0095191 0.04624491 0.206247 -0.009621918 0.04551392 0.206897 -0.01181179 0.04603689 0.205601 -0.0119394 0.0453087 0.206239 -0.01404833 0.0457893 0.20482 -0.0142005 0.0450645 0.205444 -0.01622068 0.04550671 0.203911 -0.01639688 0.04478591 0.204518 -0.01832062 0.04519432 0.2028779 -0.01851999 0.0444777 0.203467 -0.02034008 0.04485672 0.201728 -0.02056187 0.04414469 0.202296 -0.02227127 0.04449903 0.200467 -0.0225147 0.04379165 0.201013 -0.004898369 0.04499745 0.2083719 -0.004925847 0.04414445 0.208877 -0.007317483 0.04488116 0.2079949 -0.007358968 0.04403126 0.208497 -0.009701371 0.0447216 0.207472 -0.009757101 0.04387587 0.20797 -0.0120387 0.04452049 0.206806 -0.0121091 0.04368019 0.207297 -0.01431959 0.0442813 0.206 -0.01440495 0.04344701 0.206484 -0.01653563 0.04400813 0.205062 -0.01663637 0.04318106 0.205536 -0.0186783 0.04370594 0.203996 -0.01879477 0.04288643 0.204459 -0.02073949 0.0433793 0.202808 -0.02087169 0.0425679 0.20326 -0.02271109 0.043033 0.201506 -0.02285969 0.04223001 0.201943 0 0.04332238 0.209576 -0.002476572 0.0433126 0.209529 -0.004941046 0.04324567 0.209298 -0.004943788 0.04231029 0.2096289 -0.007382154 0.04313611 0.208916 -0.007387042 0.04220479 0.209248 -0.00978893 0.04298573 0.208386 -0.009796738 0.04206001 0.208717 -0.01215022 0.04279625 0.20771 -0.01216202 0.0418775 0.208041 -0.01445639 0.04257059 0.206893 -0.01447343 0.04166013 0.2072229 -0.01669859 0.0423128 0.2059389 -0.01672226 0.04141151 0.2062669 -0.01886886 0.04202729 0.204856 -0.01890027 0.04113602 0.205181 -0.02095848 0.04171818 0.203647 -0.02099907 0.0408377 0.203969 -0.02295958 0.04139006 0.20232 -0.02301055 0.04052042 0.202636 -0.02486699 0.04104757 0.200881 -0.02492946 0.04018902 0.201189 -0.02675122 0.03984832 0.199633 -0.02847158 0.03950279 0.197975 0 0.04142552 0.210158 -0.002472758 0.04140919 0.210099 -0.004934132 0.0413475 0.209869 -0.007373452 0.04124647 0.209489 -0.009780406 0.04110777 0.208961 -0.01214438 0.04093277 0.208287 -0.01445615 0.04072409 0.207471 -0.016707 0.04048568 0.2065179 -0.01888877 0.04022109 0.205433 -0.02099305 0.03993409 0.204221 -0.02301186 0.0396288 0.2028869 -0.02493965 0.03930938 0.2014369 -0.02677166 0.03898066 0.199877 -0.03767639 0.03796595 0.158456 -0.03177613 0.04222196 0.190894 -0.03297919 0.04186999 0.189019 -0.0333451 0.04119622 0.189359 -0.03444188 0.0408703 0.187384 -0.03476601 0.04016363 0.1876659 -0.03575068 0.03986948 0.185599 -0.0363835 0.04079341 0.159183 -0.0377745 0.03923529 0.160987 -0.03700238 0.0405848 0.161305 -0.03827452 0.03907191 0.163218 -0.0374906 0.04041671 0.163461 -0.03863888 0.03895103 0.165475 -0.0378465 0.0402925 0.165641 -0.0388655 0.03887546 0.16775 -0.03806769 0.04021459 0.167839 -0.0389536 0.03884637 0.170035 -0.03815358 0.04018473 0.170046 -0.03890329 0.0388633 0.172322 -0.03810465 0.0402022 0.172255 -0.03871566 0.03892558 0.174601 -0.0379213 0.04026621 0.174457 -0.03839105 0.03903281 0.176865 -0.03760439 0.0403766 0.176643 -0.03793025 0.03918397 0.179104 -0.03715443 0.04053199 0.178806 -0.03733503 0.03937613 0.181311 -0.03657329 0.0407297 0.180939 -0.03660786 0.03960579 0.1834779 -0.03586298 0.04096609 0.183033 -0.03502559 0.04123747 0.185082 -0.03406351 0.0415402 0.18708 -0.03212803 0.04154378 0.191268 -0.03365641 0.04048395 0.189673 -0.03503406 0.03942489 0.187924 -0.03625249 0.03837859 0.186035 -0.03713011 0.03812652 0.183856 -0.03787529 0.03790658 0.181627 -0.03848522 0.03772258 0.179358 -0.03895777 0.0375778 0.177054 -0.0392906 0.0374751 0.1747249 -0.03948318 0.0374155 0.172379 -0.03953462 0.03739929 0.170026 -0.03944438 0.03742718 0.167674 -0.03921192 0.0374996 0.165332 -0.03883808 0.03761541 0.16301 -0.03832548 0.03777176 0.160715 -0.02850329 0.03864717 0.198213 -0.0300861 0.0391575 0.1962209 -0.03159046 0.0388171 0.194377 -0.03298008 0.03848636 0.192448 -0.03425049 0.03817009 0.190442 -0.03539741 0.03787302 0.188363 -0.0324257 0.0408256 0.191612 -0.03391188 0.03973841 0.189959 -0.03524488 0.03865969 0.188157 -0.03641659 0.03759986 0.186219 -0.03741979 0.03656762 0.184156 -0.03652119 0.03680562 0.186379 -0.03549069 0.03707057 0.1885409 -0.03433161 0.0373584 0.190636 -0.03304862 0.03766447 0.192656 -0.03164649 0.03798449 0.1945959 -0.03012979 0.0383135 0.196451 -0.03800255 0.0350663 0.182842 -0.03045016 0.04451459 0.1870329 -0.02931922 0.04486018 0.188696 -0.02863848 0.04481375 0.190814 -0.03487902 0.04281079 0.162051 -0.03534638 0.04264265 0.164028 -0.03568708 0.04251813 0.166028 -0.03589916 0.04244029 0.1680459 -0.03598141 0.04241025 0.170072 -0.0359345 0.04242759 0.1721 -0.03575897 0.04249185 0.174121 -0.03545546 0.0426023 0.176127 -0.03502476 0.04275792 0.178111 -0.03446859 0.04295599 0.180066 -0.03378939 0.0431925 0.181985 -0.03298968 0.043464 0.183861 -0.03207135 0.04376631 0.185688 -0.03602838 0.04178655 0.1616629 -0.03650581 0.04161679 0.163733 -0.03685379 0.04149115 0.165827 -0.03707027 0.04141259 0.1679379 -0.03715419 0.04138237 0.170059 -0.03710639 0.04139983 0.1721799 -0.0369271 0.0414648 0.174295 -0.0366171 0.04157608 0.1763949 -0.03617703 0.04173326 0.1784729 -0.03560882 0.041933 0.1805199 -0.03491455 0.04217195 0.1825309 -0.03409636 0.04244613 0.184498 -0.03315639 0.0427519 0.186414 -0.03103762 0.04409569 0.187459 -0.02989202 0.04444652 0.189169 -0.02412259 0.04433012 0.1988199 -7.49947e-4 0.01002979 0.1283619 -7.4993e-4 0.01006484 0.128363 0 0.02754515 0.12836 -7.49913e-4 0.01010102 0.128363 -7.49896e-4 0.01013839 0.128363 -0.0223065 0.02754515 0.134773 -0.02107906 0.02754515 0.134065 -0.02134352 0.02583366 0.1342 -0.02250319 0.02664226 0.1348969 -0.02329409 0.0271781 0.13542 -0.02383559 0.02754515 0.135779 -0.016927 0.02754515 0.131926 -0.01697337 0.02268832 0.131942 -0.01735329 0.0229659 0.132122 -0.01896119 0.02414077 0.132883 -0.01936155 0.02442705 0.133098 -0.01962321 0.02754515 0.133226 -0.02074438 0.02541589 0.13384 -0.02108919 0.0256564 0.134047 -0.012546 0.02754515 0.130307 -0.01255148 0.01936268 0.13029 -0.01304835 0.01974356 0.130438 -0.01327145 0.0199123 0.130517 -0.01501631 0.02123147 0.131136 -0.01532286 0.02145951 0.131262 -0.01692819 0.02265465 0.131924 -0.01683348 0.02754515 0.1318809 -0.01395189 0.02754515 0.1307449 -0.00894314 0.01658082 0.129323 -0.00911349 0.01671278 0.129364 -0.008024513 0.02754515 0.129135 -0.01098179 0.01815986 0.129821 -0.01120108 0.01832789 0.129886 -0.01099479 0.02754515 0.129824 -0.003395259 0.01222819 0.128507 -0.004751861 0.01329839 0.128629 -0.003393769 0.02754515 0.128526 -0.00490278 0.01341688 0.12865 -0.007977664 0.02754515 0.129124 -0.00701195 0.01507318 0.128953 -0.008022367 0.01586192 0.1291469 -0.006841063 0.01493978 0.128921 -0.004917204 0.02754515 0.128648 -0.002813637 0.01176947 0.128454 -0.002791941 0.01175218 0.128453 -0.001829922 0.02754515 0.1284 -0.03517431 0.03038066 0.143295 -0.03517323 0.03038698 0.143322 -0.0351656 0.03028559 0.143352 -0.03501933 0.0300728 0.1443729 -0.03496968 0.02998745 0.144372 -0.03496307 0.02992969 0.143919 -0.03394639 0.02922368 0.143001 -0.0339452 0.02921801 0.1429899 -0.03404378 0.02920883 0.143003 -0.03503865 0.02959877 0.142848 -0.035169 0.02999246 0.142919 -0.03513497 0.02989512 0.1429629 -0.03520029 0.03019201 0.142826 -0.03519088 0.03009223 0.142873 -0.03520125 0.0301854 0.142809 -0.03496855 0.0295189 0.14289 -0.0348888 0.02944606 0.142926 -0.03480029 0.02938115 0.142958 -0.03470432 0.02932536 0.142983 -0.03460192 0.02927953 0.143002 -0.03438365 0.02921885 0.143022 -0.03449451 0.029244 0.143015 -0.03415673 0.02920109 0.143016 -0.03427058 0.02920442 0.143022 -0.03406333 0.02929598 0.14318 -0.03396648 0.02931809 0.143184 -0.0339505 0.02924317 0.143039 -0.03408539 0.0293703 0.143365 -0.03398889 0.02937406 0.143357 -0.034024 0.0294615 0.143628 -0.03401756 0.02944535 0.1435779 -0.03410965 0.02943193 0.1435559 -0.0340138 0.02943629 0.14355 -0.03399217 0.02938228 0.143383 -0.03404241 0.02947998 0.143748 -0.03413635 0.02948069 0.143752 -0.03404682 0.02948439 0.143777 -0.0341655 0.02951639 0.143953 -0.03407359 0.02951109 0.1439509 -0.03419685 0.0295394 0.1441569 -0.03409808 0.02953577 0.144112 -0.03407722 0.02951472 0.143975 -0.03413921 0.02954512 0.144349 -0.03410816 0.02953809 0.14417 -0.03410571 0.02953743 0.144156 -0.03514152 0.03054517 0.144374 -0.03513699 0.03045099 0.144374 -0.03515309 0.03050523 0.143836 -0.03511852 0.03034955 0.144374 -0.03510606 0.0302813 0.144374 -0.03510344 0.03020358 0.143884 -0.03513628 0.03044658 0.144374 -0.03514665 0.03018349 0.143382 -0.0350663 0.03010761 0.1438969 -0.03501933 0.03001618 0.143908 -0.03502339 0.02989596 0.143462 -0.03496158 0.02981019 0.1434839 -0.03509598 0.030254 0.144374 -0.03506183 0.03016138 0.1443729 -0.03504633 0.03011929 0.1443729 -0.03489375 0.02979767 0.1437129 -0.03489065 0.02973109 0.143504 -0.03481763 0.02972519 0.143726 -0.03481143 0.02965962 0.143522 -0.03473418 0.02966088 0.143737 -0.03472489 0.02959686 0.143536 -0.03464448 0.02960586 0.143745 -0.0346316 0.02954351 0.143548 -0.03454911 0.02956032 0.143751 -0.0345332 0.02950012 0.1435559 -0.03444951 0.0295248 0.143755 -0.0344305 0.02946692 0.143561 -0.03434669 0.02949947 0.143757 -0.03432488 0.02944433 0.143562 -0.03424209 0.02948457 0.143756 -0.03421753 0.02943259 0.143561 -0.03489816 0.02984952 0.143928 -0.0348252 0.02977645 0.143936 -0.03474521 0.02971112 0.143943 -0.03465867 0.02965468 0.143949 -0.03456676 0.02960735 0.143953 -0.03447031 0.02956956 0.1439549 -0.03437066 0.02954155 0.143956 -0.03426861 0.02952373 0.143956 -0.03495979 0.0299701 0.144372 -0.03490418 0.02988636 0.144148 -0.0348345 0.02981305 0.144152 -0.03475767 0.02974718 0.144155 -0.03467458 0.02968972 0.1441569 -0.03458595 0.02964097 0.144159 -0.0344929 0.02960109 0.144159 -0.0343964 0.02957069 0.14416 -0.0342974 0.02955007 0.144159 -0.03423058 0.02954936 0.144363 -0.03423571 0.02954953 0.144363 -0.0343278 0.02956628 0.144365 -0.03440541 0.02958059 0.144365 -0.03417479 0.02929067 0.14319 -0.03428673 0.02929675 0.143194 -0.0343976 0.0293138 0.143193 -0.03503257 0.02971309 0.143043 -0.03496289 0.02972763 0.143277 -0.03496509 0.02963048 0.143079 -0.03488898 0.02964997 0.143303 -0.03488832 0.0295549 0.14311 -0.03480648 0.02958029 0.143325 -0.03480285 0.02948725 0.143136 -0.03471678 0.0295192 0.143343 -0.03470999 0.02942866 0.143158 -0.0346204 0.02946811 0.143357 -0.0346105 0.02938008 0.143175 -0.03451871 0.02942717 0.1433669 -0.03450596 0.02934163 0.143187 -0.03441309 0.02939659 0.143373 -0.03430479 0.0293768 0.143374 -0.03419518 0.02936798 0.1433719 -0.03511637 0.03008377 0.14341 -0.03508937 0.0298016 0.143005 -0.03507512 0.02998745 0.143437 -0.034909 0.0299099 0.144371 -0.03484869 0.02983808 0.144371 -0.03476941 0.0297715 0.14437 -0.03471648 0.0297271 0.144369 -0.03460586 0.0296626 0.1443679 -0.03456729 0.02964031 0.144367 -0.03451657 0.0296216 0.144367 -0.02487719 0.0248028 0.135235 -0.02281016 0.02366918 0.134053 -0.02707457 0.02569633 0.13642 -0.03233742 0.02860218 0.141245 -0.03211408 0.02880567 0.141367 -0.03033328 0.02806079 0.139704 -0.03013557 0.02827507 0.139797 -0.02994686 0.02850377 0.139873 -0.02811795 0.02761399 0.1383 -0.03329396 0.0279963 0.1406069 -0.0314123 0.02724057 0.139006 -0.02945739 0.0263741 0.137524 -0.0274384 0.02540981 0.13616 -0.02536439 0.02436149 0.134912 -0.02095985 0.02219468 0.132843 -0.023099 0.02337688 0.13388 -0.01879101 0.02096349 0.13192 -0.01659566 0.01968938 0.131108 -0.01437616 0.01837706 0.1304039 -0.009762048 0.01580375 0.129346 -0.00751245 0.01437479 0.128942 -0.005253732 0.0129292 0.128644 -0.002991974 0.0114746 0.128452 -0.002858161 0.01165992 0.1284559 -0.005018413 0.01325458 0.128657 -0.007175624 0.01483982 0.128969 -0.009216904 0.01656162 0.129381 -0.01132619 0.01814085 0.129909 -0.01341652 0.0196883 0.130549 -0.01548558 0.0211988 0.131303 -0.01753091 0.02266705 0.132174 -0.01955038 0.02408772 0.133164 -0.0215407 0.02545428 0.134276 -0.02450489 0.02766221 0.136234 -0.02349466 0.02675336 0.135511 -0.02517706 0.02777993 0.136691 -0.02533817 0.02780807 0.136801 -0.02686196 0.0280748 0.1378369 -0.02652919 0.0280165 0.137611 -0.0256437 0.02749782 0.136918 -0.0258519 0.02789795 0.1371499 -0.027951 0.02784109 0.1383489 -0.02779257 0.02807718 0.138382 -0.02591747 0.0270428 0.136909 -0.02767401 0.02821683 0.13839 -0.02720886 0.02813541 0.138073 -0.02857428 0.02837449 0.139002 -0.0283851 0.02834135 0.1388739 -0.02789068 0.02825468 0.138537 -0.02927309 0.02848315 0.1394889 -0.0292561 0.0284807 0.139477 -0.02886223 0.02842479 0.139198 -0.0314753 0.02879625 0.141049 -0.03130245 0.02877163 0.140927 -0.0306189 0.02867448 0.140443 -0.03037452 0.02863979 0.1402699 -0.02993667 0.02857756 0.139959 -0.03335762 0.02906048 0.1423889 -0.0332176 0.02904385 0.142284 -0.03267323 0.0289666 0.141898 -0.03257548 0.02895259 0.141829 -0.03200721 0.02887189 0.141426 -0.03374338 0.02910608 0.142678 -0.03256869 0.02841848 0.141107 -0.03280621 0.02825546 0.140954 -0.03304857 0.02811431 0.140787 -0.0142098 0.01858341 0.130473 -0.01640087 0.01992213 0.131199 -0.01856637 0.02121973 0.132036 -0.03198719 0.02886909 0.141412 -0.02829289 0.02739757 0.138234 -0.02622073 0.02661252 0.1368409 -0.02638185 0.0264092 0.136785 -0.02654868 0.02621525 0.1367149 -0.02847492 0.02719265 0.138152 -0.02866321 0.0270003 0.138055 -0.03053873 0.02786189 0.139594 -0.03075075 0.02767956 0.139468 -0.02456337 0.02514261 0.135392 -0.02426409 0.02551347 0.135499 -0.0222575 0.02433115 0.134274 -0.02045315 0.02276688 0.133095 -0.02021002 0.02307999 0.133168 -0.01620835 0.02016448 0.131267 -0.0160194 0.02041488 0.1313109 -0.01172208 0.01757442 0.129916 -0.02672016 0.02603137 0.1366299 -0.02885669 0.02682155 0.137943 -0.02905428 0.02665698 0.137817 -0.02925479 0.02650749 0.137677 -0.0311889 0.02736788 0.139174 -0.02725565 0.02554661 0.136296 -0.02520066 0.0244987 0.13503 -0.02070397 0.02247095 0.132987 -0.002925038 0.01156711 0.1284559 -0.005135715 0.01309132 0.128656 -0.007343113 0.01460582 0.128966 -0.009540677 0.01610285 0.129386 -0.02398389 0.02590978 0.135554 -0.02372616 0.02632516 0.135558 -0.02200073 0.02469289 0.134319 -0.02176076 0.0250687 0.134319 -0.01997715 0.02340668 0.133203 -0.01975649 0.02374368 0.133202 -0.01792079 0.02206403 0.132208 -0.01772069 0.02236318 0.132206 -0.01583528 0.0206719 0.131332 -0.01565688 0.02093368 0.1313289 -0.01356768 0.01946109 0.1305699 -0.01158773 0.01776152 0.129927 -0.01145559 0.01795059 0.1299239 -0.009431421 0.01625478 0.129393 -0.009323477 0.01640778 0.129391 -0.02544069 0.02782607 0.136871 -0.02986478 0.02856737 0.139908 -0.03515428 0.03054517 0.144981 -0.03518295 0.03054517 0.146346 -0.03542858 0.03054517 0.148886 -0.03544908 0.03054517 0.148998 -0.03588902 0.03054517 0.151395 -0.03630852 0.03054517 0.152931 -0.03656125 0.03054517 0.1538569 -0.02714329 0.02844387 0.138173 -0.02646839 0.02834695 0.137701 -0.0265007 0.02819246 0.137651 -0.0271027 0.02858227 0.1382369 -0.02642947 0.0284959 0.137763 -0.02439808 0.0283966 0.136391 -0.0237466 0.02831 0.135908 -0.02378398 0.02812469 0.135854 -0.03328722 0.02917075 0.142508 -0.03260618 0.029105 0.142012 -0.03123897 0.0289613 0.141032 -0.03192329 0.02903515 0.14152 -0.03184086 0.02916628 0.14166 -0.02849555 0.02952587 0.140758 -0.03145927 0.02950131 0.142315 -0.03135591 0.02953398 0.142494 -0.03296452 0.02947443 0.14306 -0.03305 0.02942019 0.142913 -0.03313267 0.02935129 0.142772 -0.03321188 0.02926778 0.142637 -0.03389471 0.02931356 0.143132 -0.0286293 0.02947121 0.140529 -0.02869457 0.0294311 0.1404179 -0.03004157 0.02948725 0.141424 -0.03015667 0.02941703 0.1412259 -0.03165853 0.0293737 0.141972 -0.03156048 0.02944779 0.142141 -0.0309624 0.02934795 0.141504 -0.02882075 0.02932578 0.1402029 -0.02888095 0.02926099 0.140101 -0.02957296 0.02929157 0.140569 -0.02893882 0.02918815 0.140004 -0.02968168 0.02915418 0.140384 -0.0289942 0.02910768 0.13991 -0.02904665 0.02901995 0.139822 -0.02875846 0.02938252 0.140309 -0.03021258 0.02937209 0.14113 -0.030267 0.02932053 0.141036 -0.03037095 0.02919828 0.140859 -0.02978098 0.02899003 0.140217 -0.02909618 0.02892524 0.1397399 -0.02914243 0.02882421 0.139663 -0.0298267 0.02889889 0.1401399 -0.02922439 0.0286051 0.139528 -0.02990895 0.02870035 0.140004 -0.03046715 0.02905184 0.140696 -0.03106147 0.02924019 0.1413339 -0.03055417 0.02888351 0.140549 -0.03115409 0.02911067 0.141176 -0.03175228 0.02927953 0.141811 -0.03244292 0.02931666 0.1422899 -0.03059387 0.02879196 0.140483 -0.03252702 0.02921867 0.142146 -0.03127825 0.02887976 0.1409659 -0.02429199 0.02872097 0.13655 -0.02357512 0.02881038 0.136157 -0.02362471 0.02869969 0.136085 -0.02364397 0.02865678 0.136057 -0.02364808 0.02864766 0.1360509 -0.02434927 0.02856338 0.1364639 -0.02369832 0.02848595 0.135978 -0.02372479 0.02840089 0.13594 -0.0237348 0.02836865 0.1359249 -0.02379745 0.02805757 0.135834 -0.02446919 0.02804166 0.136285 -0.02443826 0.02822208 0.136332 -0.0238099 0.02793437 0.135816 -0.02382951 0.02774107 0.135788 -0.02449065 0.02785682 0.1362529 -0.02383017 0.02773451 0.135787 -0.023831 0.02772563 0.135785 -0.02515631 0.02797067 0.136719 -0.02494698 0.0287826 0.137039 -0.02500432 0.02863568 0.136951 -0.02566593 0.02870559 0.137435 -0.02505439 0.02847957 0.136875 -0.0257166 0.02856016 0.137355 -0.02509659 0.02831578 0.13681 -0.02576047 0.02840703 0.137287 -0.02513062 0.02814567 0.136758 -0.02579718 0.02824759 0.13723 -0.02582657 0.0280826 0.137185 -0.02353239 0.02890598 0.136219 -0.02488255 0.0289191 0.137138 -0.02777981 0.02866578 0.138712 -0.0277335 0.02878725 0.138787 -0.0271781 0.0282998 0.138117 -0.0278216 0.02853798 0.138644 -0.02785831 0.02840459 0.138585 -0.02854067 0.02850633 0.139055 -0.02850246 0.0286293 0.139117 -0.02918529 0.02871733 0.139592 -0.02986931 0.02880209 0.140069 -0.02279531 0.0295313 0.137288 -0.02558535 0.02953743 0.139117 -0.02298897 0.02947098 0.1370069 -0.02575707 0.02948147 0.13884 -0.02567178 0.0295161 0.138978 -0.02281165 0.02952897 0.137264 -0.0228796 0.02951896 0.137166 -0.02292126 0.02950066 0.137105 -0.02322918 0.02931088 0.136659 -0.02592211 0.02937376 0.138574 -0.02317363 0.02935266 0.136739 -0.02584069 0.0294339 0.138705 -0.02350139 0.02895516 0.136264 -0.0248115 0.02904379 0.137247 -0.0234965 0.02896279 0.1362709 -0.02473431 0.02915602 0.137365 -0.02341878 0.02908617 0.136384 -0.02323478 0.02930468 0.136651 -0.0233286 0.02919936 0.136515 -0.02465206 0.02925527 0.137492 -0.02334433 0.02918159 0.136492 -0.02339297 0.02912718 0.136421 -0.0230292 0.02945321 0.136949 -0.02305489 0.02944195 0.136911 -0.02313286 0.02938336 0.136798 -0.02638435 0.02863848 0.137834 -0.02633327 0.02877318 0.137915 -0.0276826 0.02890151 0.138871 -0.02627652 0.02889955 0.138006 -0.02762752 0.02900809 0.138961 -0.02621454 0.02901625 0.138105 -0.02756851 0.02910608 0.1390579 -0.0261476 0.02912247 0.138212 -0.02750599 0.02919489 0.139162 -0.02607613 0.02921766 0.138327 -0.02744007 0.02927428 0.139271 -0.02600079 0.0293017 0.1384479 -0.02737146 0.02934408 0.139385 -0.02730029 0.02940386 0.139503 -0.02722728 0.02945339 0.139625 -0.02856278 0.0295028 0.140643 -0.03514748 0.0302813 0.1463479 -0.03427839 0.02954953 0.146395 -0.03453135 0.02954953 0.149011 -0.0350058 0.02954953 0.151596 -0.03569829 0.02954953 0.154132 -0.03586 0.02958059 0.154081 -0.03601419 0.02964031 0.154031 -0.03615629 0.0297271 0.153986 -0.0362823 0.02983808 0.153946 -0.03638792 0.0299701 0.153912 -0.03647059 0.03011929 0.153886 -0.03652745 0.0302813 0.153867 -0.03655689 0.03045099 0.153858 -0.03588473 0.03045099 0.151396 -0.0351786 0.03045099 0.146346 -0.03508788 0.03011929 0.146351 -0.03500133 0.0299701 0.146356 -0.03489047 0.02983808 0.146362 -0.0347585 0.0297271 0.146369 -0.03460949 0.02964031 0.146377 -0.03444778 0.02958059 0.146385 -0.03517132 0.02958059 0.1515589 -0.03532928 0.02964031 0.1515229 -0.03547471 0.0297271 0.15149 -0.03560358 0.02983808 0.1514599 -0.03571176 0.0299701 0.151436 -0.03579628 0.03011929 0.151416 -0.03585451 0.0302813 0.151403 -0.03469949 0.02958059 0.1489869 -0.03485983 0.02964031 0.148965 -0.03500759 0.0297271 0.148944 -0.03513842 0.02983808 0.148926 -0.03524839 0.0299701 0.1489109 -0.03533422 0.03011929 0.148899 -0.03539341 0.0302813 0.14889 -0.03542417 0.03045099 0.148886 -0.004916131 0.02773469 0.128657 -0.01099228 0.02773469 0.129833 -0.01394903 0.02773469 0.130753 -0.01961898 0.02773469 0.133234 -0.02230167 0.02773469 0.1347799 -0.0221107 0.02870219 0.135085 -0.02151495 0.02947902 0.136035 -0.01876693 0.02953815 0.134846 -0.01609879 0.02953815 0.13356 -0.01051497 0.02953815 0.131593 -0.007629454 0.02953815 0.130924 -0.001750051 0.02953815 0.130231 0 0.02953815 0.130192 -0.004702568 0.02953815 0.130469 -0.01334309 0.02953815 0.132473 -0.02133303 0.02953815 0.136326 -0.02168869 0.02936166 0.135758 -0.02184909 0.02918922 0.1355029 -0.02199119 0.02896726 0.135276 -0.02220398 0.02840232 0.134936 -0.02226829 0.02807652 0.134834 0 0.02773469 0.128369 -0.001829504 0.02773469 0.128409 -0.001826763 0.02807652 0.128471 0 0.02807652 0.128432 -0.001821517 0.02840232 0.128592 0 0.02840232 0.128553 -0.001813948 0.02870219 0.128768 0 0.02870219 0.128728 -0.001804113 0.02896726 0.128993 0 0.02896726 0.128953 -0.00179249 0.02918922 0.12926 0 0.02918922 0.129221 -0.001779258 0.02936166 0.129561 0 0.02936166 0.129523 -0.001765072 0.02947902 0.1298879 0 0.02947902 0.12985 -0.01958966 0.02807652 0.133289 -0.01953303 0.02840232 0.133396 -0.01945108 0.02870219 0.133552 -0.01934581 0.02896726 0.133751 -0.01922088 0.02918922 0.133987 -0.01907986 0.02936166 0.134254 -0.01892703 0.02947902 0.134543 -0.01682978 0.02773469 0.131889 -0.01680457 0.02807652 0.131946 -0.01675599 0.02840232 0.132057 -0.01668566 0.02870219 0.132218 -0.01659548 0.02896726 0.132425 -0.01648825 0.02918922 0.13267 -0.01636719 0.02936166 0.132946 -0.01623618 0.02947902 0.133246 -0.01392817 0.02807652 0.130813 -0.01388788 0.02840232 0.130927 -0.01382952 0.02870219 0.131093 -0.01375472 0.02896726 0.131305 -0.01366597 0.02918922 0.131557 -0.01356559 0.02936166 0.131842 -0.013457 0.02947902 0.1321499 -0.01097583 0.02807652 0.129894 -0.01094412 0.02840232 0.130011 -0.01089817 0.02870219 0.13018 -0.01083928 0.02896726 0.130397 -0.01076918 0.02918922 0.130655 -0.01069027 0.02936166 0.1309469 -0.01060461 0.02947902 0.131262 -0.007975935 0.02773469 0.129133 -0.007964015 0.02807652 0.129195 -0.007941007 0.02840232 0.129314 -0.007907629 0.02870219 0.129486 -0.007864892 0.02896726 0.129707 -0.007814049 0.02918922 0.12997 -0.00775671 0.02936166 0.130266 -0.007694602 0.02947902 0.130587 -0.0049088 0.02807652 0.12872 -0.004894614 0.02840232 0.12884 -0.00487405 0.02870219 0.129015 -0.004847586 0.02896726 0.129238 -0.004816353 0.02918922 0.129504 -0.004780948 0.02936166 0.129804 -0.004742681 0.02947902 0.130128 -0.02667647 0.04286521 0.197695 -0.0238415 0.046489 0.193728 -0.024553 0.04601198 0.194616 -0.02520143 0.04540091 0.195468 -0.02577716 0.04466468 0.196274 -0.0262717 0.04381525 0.197021 -0.02698439 0.04182809 0.198287 -0.02470368 0.04613518 0.146791 -0.02528816 0.04572522 0.14515 -0.02584964 0.04523998 0.143521 0.0285691 0.04462796 0.145 0.02856951 0.04462975 0.1450099 0.02857208 0.04467242 0.145238 0.02855527 0.04473912 0.1455669 0.03626018 -0.01684236 0.111312 0.03713387 -0.01482331 0.1113229 0.03780019 -0.01302313 0.111265 0.03711199 -0.01487368 0.1113229 0.03854149 -0.01065725 0.1113409 0.03970372 4.52e-5 0.110649 0.02210849 -0.03328418 0.111136 0 0.03994351 0.110845 0.001066327 -0.03955048 0.110494 1.45281e-4 -0.03971755 0.110623 0.002195477 0.03944593 0.11036 0.002025187 -0.03937643 0.11036 0 -0.0397439 0.110643 0.002372682 0.03942793 0.11036 0.003371894 0.03932648 0.11036 0.03733503 0.0113188 0.11036 0.006840527 -0.03875118 0.11036 0.0065943 -0.03880167 0.11036 0.003387153 -0.03924983 0.11036 0.004205763 -0.03917378 0.11036 0.004381418 0.03922402 0.11036 0.006458938 0.03889465 0.11036 0.007060885 0.03877109 0.11036 0.006581783 0.03887516 0.11036 0.008409738 -0.03842961 0.11036 2.56913e-4 0.0398854 0.110788 0.001163244 0.03967988 0.110588 1.62282e-4 0.03990674 0.110809 0 0.03994351 0.110845 0.006301522 -0.03886169 0.11036 0.0383892 0.01125276 0.111351 0.03805947 0.00870347 0.11036 0.0387237 0.009851038 0.1110399 0.01308518 0.0378443 0.11107 0.00872302 0.0390824 0.111003 0.007281959 0.03936189 0.110981 0.006560564 0.03950172 0.11097 0.006499648 0.03951352 0.110969 0.005836725 0.03960359 0.110958 0.0042575 0.03981792 0.110933 0.00200361 0.03999495 0.110896 0.002316892 0.03997033 0.110902 0.003418505 0.03988385 0.1109189 0.001889467 0.03999209 0.110894 0.001484096 0.03998166 0.1108829 2.65402e-4 0.03995037 0.110851 2.60551e-4 0.03995025 0.110851 0.0310176 0.02530199 0.111307 0.03162366 0.02451378 0.1113139 0.03829091 0.01160687 0.111361 0.0222643 -0.03318578 0.111138 0.02299207 -0.0326693 0.111147 0.01375389 -0.03750121 0.111033 0.01460838 -0.03719168 0.111043 0.006049156 -0.03948587 0.110938 0.006448805 -0.03943145 0.110943 0.006569564 -0.0394085 0.110944 0.006700754 -0.03938335 0.1109459 0.008541822 -0.0390321 0.110968 0.009912848 -0.03869408 0.110985 0.01055455 -0.03853577 0.110993 0.0106039 -0.03852367 0.110994 0.01262819 -0.03790909 0.111019 0.004331648 -0.03971958 0.110917 0.003432095 -0.03979325 0.110906 0.002197623 -0.0398944 0.110891 0 -0.0397439 0.110643 1.47781e-4 -0.03975397 0.11066 0.001471281 -0.03984457 0.110809 0.03785586 0.02258217 0.13204 0.03786695 0.02255678 0.13201 0.037876 0.02253586 0.131985 0.0373618 0.0236696 0.133374 0.0384975 0.02105367 0.130286 0.0373187 0.02372992 0.133463 0.03878748 0.02954512 0.1605859 0.03964018 0.02954512 0.165008 0.0391727 0.02954512 0.178452 0.03801482 0.02954512 0.182804 0.0179702 0.02954512 0.2060959 0.01383936 0.02954512 0.207889 0.02187317 0.02954512 0.203849 0.02549898 0.02954512 0.201179 0.0288015 0.02954512 0.198117 0.03173899 0.02954512 0.1947039 0.03427428 0.02954512 0.190982 0.0363751 0.02954512 0.186999 0.0398342 0.02954512 0.1739979 0.03999066 0.02954512 0.169497 0.0374431 0.02954512 0.156288 0.03722256 0.02954512 0.155714 6.14389e-4 0.02954512 0.210355 0.005106091 0.02954512 0.210032 0 0.02954512 0.2103599 0.009533166 0.02954512 0.2092069 -0.0285691 0.04462796 0.145 -0.02856951 0.04462975 0.1450099 -0.02857208 0.04467242 0.145238 -0.02855527 0.04473912 0.1455669 -0.03626018 -0.01684236 0.111312 -0.03780019 -0.01302313 0.111265 -0.03713387 -0.01482331 0.1113229 -0.03711199 -0.01487368 0.1113229 -0.03854149 -0.01065725 0.1113409 -0.03970372 4.52e-5 0.110649 -0.02210849 -0.03328418 0.111136 0 0.03994351 0.110845 -1.45281e-4 -0.03971755 0.110623 -0.001066327 -0.03955048 0.110494 -0.002195477 0.03944593 0.11036 0 -0.0397439 0.110643 -0.002025187 -0.03937643 0.11036 -0.003371894 0.03932648 0.11036 -0.002372682 0.03942793 0.11036 -0.03733503 0.0113188 0.11036 -0.0065943 -0.03880167 0.11036 -0.006840527 -0.03875118 0.11036 -0.003387153 -0.03924983 0.11036 -0.004205763 -0.03917378 0.11036 -0.006458938 0.03889465 0.11036 -0.004381418 0.03922402 0.11036 -0.007060885 0.03877109 0.11036 -0.006581783 0.03887516 0.11036 -0.008409738 -0.03842961 0.11036 -0.001163244 0.03967988 0.110588 -2.56913e-4 0.0398854 0.110788 -1.62282e-4 0.03990674 0.110809 0 0.03994351 0.110845 -0.006301522 -0.03886169 0.11036 -0.0383892 0.01125276 0.111351 -0.03805947 0.00870347 0.11036 -0.0387237 0.009851038 0.1110399 -0.01308518 0.0378443 0.11107 -0.00872302 0.0390824 0.111003 -0.007281959 0.03936189 0.110981 -0.006560564 0.03950172 0.11097 -0.006499648 0.03951352 0.110969 -0.005836725 0.03960359 0.110958 -0.0042575 0.03981792 0.110933 -0.002316892 0.03997033 0.110902 -0.00200361 0.03999495 0.110896 -0.003418505 0.03988385 0.1109189 -0.001889467 0.03999209 0.110894 -0.001484096 0.03998166 0.1108829 -2.65402e-4 0.03995037 0.110851 -2.60551e-4 0.03995025 0.110851 -0.0310176 0.02530199 0.111307 -0.03162366 0.02451378 0.1113139 -0.03829091 0.01160687 0.111361 -0.0222643 -0.03318578 0.111138 -0.02299207 -0.0326693 0.111147 -0.01375389 -0.03750121 0.111033 -0.01460838 -0.03719168 0.111043 -0.006448805 -0.03943145 0.110943 -0.006049156 -0.03948587 0.110938 -0.006569564 -0.0394085 0.110944 -0.006700754 -0.03938335 0.1109459 -0.008541822 -0.0390321 0.110968 -0.009912848 -0.03869408 0.110985 -0.01055455 -0.03853577 0.110993 -0.0106039 -0.03852367 0.110994 -0.01262819 -0.03790909 0.111019 -0.004331648 -0.03971958 0.110917 -0.003432095 -0.03979325 0.110906 -0.002197623 -0.0398944 0.110891 0 -0.0397439 0.110643 -1.47781e-4 -0.03975397 0.11066 -0.001471281 -0.03984457 0.110809 -0.03786695 0.02255678 0.13201 -0.03785586 0.02258217 0.13204 -0.037876 0.02253586 0.131985 -0.0373618 0.0236696 0.133374 -0.0384975 0.02105367 0.130286 -0.0373187 0.02372992 0.133463 -0.03878748 0.02954512 0.1605859 -0.03964018 0.02954512 0.165008 -0.0391727 0.02954512 0.178452 -0.03801482 0.02954512 0.182804 -0.0179702 0.02954512 0.2060959 -0.01383936 0.02954512 0.207889 -0.02187317 0.02954512 0.203849 -0.02549898 0.02954512 0.201179 -0.0288015 0.02954512 0.198117 -0.03173899 0.02954512 0.1947039 -0.03427428 0.02954512 0.190982 -0.0363751 0.02954512 0.186999 -0.0398342 0.02954512 0.1739979 -0.03999066 0.02954512 0.169497 -0.0374431 0.02954512 0.156288 -0.03722256 0.02954512 0.155714 -6.14389e-4 0.02954512 0.210355 -0.005106091 0.02954512 0.210032 0 0.02954512 0.2103599 -0.009533166 0.02954512 0.2092069 0.02855527 0.04473912 0.1455669 0.0285691 0.04462796 0.145 0.02856951 0.04462975 0.1450099 0.02857208 0.04467242 0.145238 0.02857017 0.04461437 0.14493 0.02856868 0.04462659 0.1449919 0.02856886 0.04462695 0.144994 0.02857047 0.04463338 0.145031 0.02857178 0.04464101 0.145072 0.03711199 -0.01487368 0.1113229 0.03780019 -0.01302313 0.111265 0.03713387 -0.01482331 0.1113229 0.03659826 -0.01608568 0.111265 0.0387237 0.009851038 0.1110399 0.03813636 0.01156038 0.111199 0.03873658 0.00985527 0.111041 0.03916859 0.008104205 0.111002 -0.02855527 0.04473912 0.1455669 -0.0285691 0.04462796 0.145 -0.02856951 0.04462975 0.1450099 -0.02857208 0.04467242 0.145238 -0.02856868 0.04462659 0.1449919 -0.02857017 0.04461437 0.14493 -0.02856886 0.04462695 0.144994 -0.02857047 0.04463338 0.145031 -0.02857178 0.04464101 0.145072 -0.03711199 -0.01487368 0.1113229 -0.03780019 -0.01302313 0.111265 -0.03713387 -0.01482331 0.1113229 -0.03659826 -0.01608568 0.111265 -0.0387237 0.009851038 0.1110399 -0.03873658 0.00985527 0.111041 -0.03813636 0.01156038 0.111199 -0.03916859 0.008104205 0.111002 0.03721153 0.03019535 0.15586 0.03722095 0.0302779 0.155822 0.03722518 0.02954512 0.155821 0.03723186 0.03037345 0.155779 0.03722941 0.0304206 0.155761 0.03723222 0.02954512 0.1557599 0.03722351 0.0305373 0.155717 0.03722256 0.03054517 0.155714 0.03722256 0.02954512 0.155714 0.03722631 0.03048175 0.1557379 0.03722923 0.02954512 0.155737 0.03722745 0.03046011 0.155746 0.03722959 0.03035366 0.155788 0.0372315 0.02954512 0.155788 0.03722232 0.03028988 0.155817 0.03720849 0.03018516 0.155865 0.03720968 0.02954512 0.155865 0.03717851 0.02954512 0.155925 0.03717619 0.03007572 0.155925 0.03719139 0.03012698 0.155897 0.0370993 0.02990949 0.156031 0.03713333 0.0299772 0.155986 0.03716641 0.03004258 0.155943 0.0371145 0.02954512 0.156014 0.03709936 0.02954512 0.1560299 0.03709203 0.02989536 0.15604 0.03705257 0.0298438 0.156083 0.03693419 0.02954512 0.156197 0.03693467 0.02971869 0.156199 0.03696388 0.02954512 0.156174 0.03695017 0.0297324 0.156185 0.03700137 0.02977722 0.156137 0.03647768 0.02954512 0.156562 0.03655678 0.02955299 0.156504 0.03661519 0.02955859 0.156462 0.03669846 0.02958399 0.1563979 0.0367453 0.02959811 0.1563619 0.03676277 0.02960562 0.156348 0.03683096 0.02964448 0.156291 0.03688526 0.02967548 0.1562449 -0.03722518 0.02954512 0.155821 -0.03722095 0.0302779 0.155822 -0.03721153 0.03019535 0.15586 -0.03723222 0.02954512 0.1557599 -0.03722941 0.0304206 0.155761 -0.03723186 0.03037345 0.155779 -0.03722256 0.02954512 0.155714 -0.03722256 0.03054517 0.155714 -0.03722351 0.0305373 0.155717 -0.03722631 0.03048175 0.1557379 -0.03722923 0.02954512 0.155737 -0.03722745 0.03046011 0.155746 -0.03722959 0.03035366 0.155788 -0.0372315 0.02954512 0.155788 -0.03722232 0.03028988 0.155817 -0.03720849 0.03018516 0.155865 -0.03720968 0.02954512 0.155865 -0.03717619 0.03007572 0.155925 -0.03717851 0.02954512 0.155925 -0.03719139 0.03012698 0.155897 -0.03713333 0.0299772 0.155986 -0.0370993 0.02990949 0.156031 -0.03716641 0.03004258 0.155943 -0.0371145 0.02954512 0.156014 -0.03709936 0.02954512 0.1560299 -0.03709203 0.02989536 0.15604 -0.03705257 0.0298438 0.156083 -0.03696388 0.02954512 0.156174 -0.03693467 0.02971869 0.156199 -0.03693419 0.02954512 0.156197 -0.03695017 0.0297324 0.156185 -0.03700137 0.02977722 0.156137 -0.03655678 0.02955299 0.156504 -0.03647768 0.02954512 0.156562 -0.03661519 0.02955859 0.156462 -0.03669846 0.02958399 0.1563979 -0.0367453 0.02959811 0.1563619 -0.03676277 0.02960562 0.156348 -0.03683096 0.02964448 0.156291 -0.03688526 0.02967548 0.1562449 0.02222269 -0.0169 0.136741 0.02828425 -0.0169 0.141716 -0.02222269 -0.0169 0.136741 0 -0.0169 0.1299999 0.007803559 -0.0169 0.130769 0.02828425 -0.0169 0.198284 0.02222269 -0.0169 0.203259 0.007803559 -0.0169 0.209231 -0.01530718 -0.0169 0.133045 -0.007803559 -0.0169 0.130769 0.01530718 -0.0169 0.133045 -0.02222269 -0.0169 0.203259 -0.02828425 -0.0169 0.198284 -0.007803559 -0.0169 0.209231 0.01530718 -0.0169 0.206955 -0.01530718 -0.0169 0.206955 -0.0392313 -0.0169 0.162196 -0.03695511 -0.0169 0.154693 -0.03695511 -0.0169 0.185307 -0.0392313 -0.0169 0.1778039 -0.03325873 -0.0169 0.192223 -0.03325873 -0.0169 0.147777 -0.02828425 -0.0169 0.141716 0.0392313 -0.0169 0.1778039 0.03695511 -0.0169 0.185307 0.03695511 -0.0169 0.154693 0.0392313 -0.0169 0.162196 0.03325873 -0.0169 0.192223 0.03325873 -0.0169 0.147777 -0.03999996 -0.0169 0.17 0.03999996 -0.0169 0.17 0 -0.0169 0.21 -0.02222269 0.0288999 0.136741 -0.02828425 0.0288999 0.141716 0.02222269 0.0288999 0.136741 0.007803559 0.0288999 0.130769 0 0.0288999 0.1299999 0.02222269 0.0288999 0.203259 0.02828425 0.0288999 0.198284 0.007803559 0.0288999 0.209231 0.01530718 0.0288999 0.133045 -0.007803559 0.0288999 0.130769 -0.01530718 0.0288999 0.133045 0.01530718 0.0288999 0.206955 -0.02828425 0.0288999 0.198284 -0.02222269 0.0288999 0.203259 -0.0392313 0.0288999 0.1778039 -0.03695511 0.0288999 0.185307 -0.03325873 0.0288999 0.192223 -0.007803559 0.0288999 0.209231 0 0.0288999 0.21 0.0392313 0.0288999 0.162196 0.03695511 0.0288999 0.154693 0.02828425 0.0288999 0.141716 0.03695511 0.0288999 0.185307 0.0392313 0.0288999 0.1778039 0.03325873 0.0288999 0.147777 0.03325873 0.0288999 0.192223 -0.0392313 0.0288999 0.162196 -0.03999996 0.0288999 0.17 -0.03325873 0.0288999 0.147777 -0.03695511 0.0288999 0.154693 -0.01530718 0.0288999 0.206955 0.03999996 0.0288999 0.17 0.03999996 0.0288999 0.17 0.0392313 0.0288999 0.1778039 0.03695511 0.0288999 0.185307 0.03325873 0.0288999 0.192223 0.02828425 0.0288999 0.198284 0.02222269 0.0288999 0.203259 0.01530718 0.0288999 0.206955 0.007803559 0.0288999 0.209231 0 0.0288999 0.21 -0.007803559 0.0288999 0.209231 -0.01530718 0.0288999 0.206955 -0.02222269 0.0288999 0.203259 -0.02828425 0.0288999 0.198284 -0.03325873 0.0288999 0.192223 -0.03695511 0.0288999 0.185307 -0.0392313 0.0288999 0.1778039 -0.03999996 0.0288999 0.17 -0.0392313 0.0288999 0.162196 -0.03695511 0.0288999 0.154693 -0.03325873 0.0288999 0.147777 -0.02828425 0.0288999 0.141716 -0.02222269 0.0288999 0.136741 -0.01530718 0.0288999 0.133045 -0.007803559 0.0288999 0.130769 0 0.0288999 0.1299999 0.007803559 0.0288999 0.130769 0.01530718 0.0288999 0.133045 0.02222269 0.0288999 0.136741 0.02828425 0.0288999 0.141716 0.03325873 0.0288999 0.147777 0.03695511 0.0288999 0.154693 0.0392313 0.0288999 0.162196 0.03999996 0.0288999 0.17 0.03999996 -0.0169 0.17 0.0392313 -0.0169 0.1778039 0.03695511 -0.0169 0.185307 0.03325873 -0.0169 0.192223 0.02828425 -0.0169 0.198284 0.02222269 -0.0169 0.203259 0.01530718 -0.0169 0.206955 0.007803559 -0.0169 0.209231 0 -0.0169 0.21 -0.007803559 -0.0169 0.209231 -0.01530718 -0.0169 0.206955 -0.02222269 -0.0169 0.203259 -0.02828425 -0.0169 0.198284 -0.03325873 -0.0169 0.192223 -0.03695511 -0.0169 0.185307 -0.0392313 -0.0169 0.1778039 -0.03999996 -0.0169 0.17 -0.0392313 -0.0169 0.162196 -0.03695511 -0.0169 0.154693 -0.03325873 -0.0169 0.147777 -0.02828425 -0.0169 0.141716 -0.02222269 -0.0169 0.136741 -0.01530718 -0.0169 0.133045 -0.007803559 -0.0169 0.130769 0 -0.0169 0.1299999 0.007803559 -0.0169 0.130769 0.01530718 -0.0169 0.133045 0.02222269 -0.0169 0.136741 0.02828425 -0.0169 0.141716 0.03325873 -0.0169 0.147777 0.03695511 -0.0169 0.154693 0.0392313 -0.0169 0.162196 0.03999996 -0.0169 0.17 0.02222269 -0.0169 0.203259 0.02828425 -0.0169 0.198284 0.007803559 -0.0169 0.209231 0.01530718 -0.0169 0.206955 0.02828425 -0.0169 0.141716 0.02222269 -0.0169 0.136741 -0.02828425 -0.0169 0.141716 -0.02828425 -0.0169 0.198284 -0.02222269 -0.0169 0.203259 -0.03695511 -0.0169 0.185307 0.007803559 -0.0169 0.130769 0 -0.0169 0.1299999 -0.03325873 -0.0169 0.192223 -0.03695511 -0.0169 0.154693 -0.0392313 -0.0169 0.162196 -0.03325873 -0.0169 0.147777 0.01530718 -0.0169 0.133045 -0.01530718 -0.0169 0.133045 -0.02222269 -0.0169 0.136741 -0.007803559 -0.0169 0.130769 -0.007803559 -0.0169 0.209231 0 -0.0169 0.21 0.0392313 -0.0169 0.162196 0.03695511 -0.0169 0.154693 0.03695511 -0.0169 0.185307 0.0392313 -0.0169 0.1778039 0.03325873 -0.0169 0.147777 0.03325873 -0.0169 0.192223 -0.03999996 -0.0169 0.17 -0.0392313 -0.0169 0.1778039 -0.01530718 -0.0169 0.206955 0.03999996 -0.0169 0.17 -0.02222269 -0.0288999 0.203259 -0.02828425 -0.0288999 0.198284 -0.007803559 -0.0288999 0.209231 -0.01530718 -0.0288999 0.206955 0.02828425 -0.0288999 0.198284 0.02222269 -0.0288999 0.203259 0.02222269 -0.0288999 0.136741 0.02828425 -0.0288999 0.141716 -0.02222269 -0.0288999 0.136741 0.007803559 -0.0288999 0.209231 0 -0.0288999 0.21 0 -0.0288999 0.1299999 0.007803559 -0.0288999 0.130769 -0.03999996 -0.0288999 0.17 -0.0392313 -0.0288999 0.162196 0.01530718 -0.0288999 0.206955 -0.01530718 -0.0288999 0.133045 -0.007803559 -0.0288999 0.130769 0.01530718 -0.0288999 0.133045 -0.03695511 -0.0288999 0.185307 -0.0392313 -0.0288999 0.1778039 0.0392313 -0.0288999 0.1778039 0.03695511 -0.0288999 0.185307 -0.03325873 -0.0288999 0.192223 0.03695511 -0.0288999 0.154693 0.0392313 -0.0288999 0.162196 0.03325873 -0.0288999 0.192223 0.03325873 -0.0288999 0.147777 -0.03325873 -0.0288999 0.147777 -0.02828425 -0.0288999 0.141716 -0.03695511 -0.0288999 0.154693 0.03999996 -0.0288999 0.17 0.03999996 -0.0288999 0.17 0.0392313 -0.0288999 0.162196 0.03695511 -0.0288999 0.154693 0.03325873 -0.0288999 0.147777 0.02828425 -0.0288999 0.141716 0.02222269 -0.0288999 0.136741 0.01530718 -0.0288999 0.133045 0.007803559 -0.0288999 0.130769 0 -0.0288999 0.1299999 -0.007803559 -0.0288999 0.130769 -0.01530718 -0.0288999 0.133045 -0.02222269 -0.0288999 0.136741 -0.02828425 -0.0288999 0.141716 -0.03325873 -0.0288999 0.147777 -0.03695511 -0.0288999 0.154693 -0.0392313 -0.0288999 0.162196 -0.03999996 -0.0288999 0.17 -0.0392313 -0.0288999 0.1778039 -0.03695511 -0.0288999 0.185307 -0.03325873 -0.0288999 0.192223 -0.02828425 -0.0288999 0.198284 -0.02222269 -0.0288999 0.203259 -0.01530718 -0.0288999 0.206955 -0.007803559 -0.0288999 0.209231 0 -0.0288999 0.21 0.007803559 -0.0288999 0.209231 0.01530718 -0.0288999 0.206955 0.02222269 -0.0288999 0.203259 0.02828425 -0.0288999 0.198284 0.03325873 -0.0288999 0.192223 0.03695511 -0.0288999 0.185307 0.0392313 -0.0288999 0.1778039 0.03999996 -0.0288999 0.17 0.03999996 -0.0169 0.17 0.0392313 -0.0169 0.162196 0.03695511 -0.0169 0.154693 0.03325873 -0.0169 0.147777 0.02828425 -0.0169 0.141716 0.02222269 -0.0169 0.136741 0.01530718 -0.0169 0.133045 0.007803559 -0.0169 0.130769 0 -0.0169 0.1299999 -0.007803559 -0.0169 0.130769 -0.01530718 -0.0169 0.133045 -0.02222269 -0.0169 0.136741 -0.02828425 -0.0169 0.141716 -0.03325873 -0.0169 0.147777 -0.03695511 -0.0169 0.154693 -0.0392313 -0.0169 0.162196 -0.03999996 -0.0169 0.17 -0.0392313 -0.0169 0.1778039 -0.03695511 -0.0169 0.185307 -0.03325873 -0.0169 0.192223 -0.02828425 -0.0169 0.198284 -0.02222269 -0.0169 0.203259 -0.01530718 -0.0169 0.206955 -0.007803559 -0.0169 0.209231 0 -0.0169 0.21 0.007803559 -0.0169 0.209231 0.01530718 -0.0169 0.206955 0.02222269 -0.0169 0.203259 0.02828425 -0.0169 0.198284 0.03325873 -0.0169 0.192223 0.03695511 -0.0169 0.185307 0.0392313 -0.0169 0.1778039 0.03999996 -0.0169 0.17</float_array>
          <technique_common>
            <accessor source="#Mesh-1_006-mesh-positions-array" count="8234" stride="3">
              <param name="X" type="float"/>
              <param name="Y" type="float"/>
              <param name="Z" type="float"/>
            </accessor>
          </technique_common>
        </source>
        <source id="Mesh-1_006-mesh-normals">
          <float_array id="Mesh-1_006-mesh-normals-array" count="23193">0 0 1 -9.70469e-6 0 1 4.85267e-6 0 1 -1.63848e-6 0 1 4.85233e-6 0 1 9.70469e-6 0 1 6.55372e-6 0 1 5.10304e-7 0 1 1.24885e-6 0 1 -4.69974e-7 0 1 -1.20552e-7 0 1 0 0 -1 2.8169e-6 0 -1 -2.8169e-6 0 -1 0 0 -1 -1.24166e-7 0 -1 0 0 -1 0.9800536 0.1949242 0.03872847 0.9992498 0 0.03872847 0.9969839 0 0.07760894 0.9231968 0.3823713 0.03872847 0.977828 0.1944974 0.07760971 0.8308528 0.555143 0.03872877 0.9210993 0.3815202 0.07757973 0.7065764 0.7065764 0.03872859 0.8289647 0.5538945 0.07757997 0.555143 0.8308528 0.03872877 0.7049756 0.7049756 0.07758116 0.3823713 0.9231968 0.03872847 0.5538945 0.8289647 0.07757997 0.1949242 0.9800536 0.03872847 0.3815193 0.921097 0.07761007 0 0.9992498 0.03872847 0.1944974 0.977828 0.07760971 -0.1949242 0.9800536 0.03872847 0 0.9969839 0.07760894 -0.3823713 0.9231968 0.03872847 -0.1944974 0.977828 0.07760971 -0.555143 0.8308528 0.03872877 -0.3815202 0.9210993 0.07757973 -0.7065764 0.7065764 0.03872859 -0.5538945 0.8289647 0.07757997 -0.8308528 0.555143 0.03872877 -0.7049756 0.7049756 0.07758116 -0.9231968 0.3823713 0.03872847 -0.8289647 0.5538945 0.07757997 -0.9800536 0.1949242 0.03872847 -0.921097 0.3815193 0.07761007 -0.9992498 0 0.03872847 -0.977828 0.1944974 0.07760971 -0.9800536 -0.1949242 0.03872847 -0.9969839 0 0.07760894 -0.9231968 -0.3823713 0.03872847 -0.977828 -0.1944974 0.07760971 -0.8308528 -0.555143 0.03872877 -0.9210993 -0.3815202 0.07757973 -0.7065764 -0.7065764 0.03872859 -0.8289647 -0.5538945 0.07757997 -0.555143 -0.8308528 0.03872877 -0.7049756 -0.7049756 0.07758116 -0.3823713 -0.9231968 0.03872847 -0.5538945 -0.8289647 0.07757997 -0.1949242 -0.9800536 0.03872847 -0.3815193 -0.921097 0.07761007 0 -0.9992498 0.03872847 -0.1944974 -0.977828 0.07760971 0.1949242 -0.9800536 0.03872847 0 -0.9969839 0.07760894 0.3823713 -0.9231968 0.03872847 0.1944974 -0.977828 0.07760971 0.555143 -0.8308528 0.03872877 0.3815202 -0.9210993 0.07757973 0.7065764 -0.7065764 0.03872859 0.5538945 -0.8289647 0.07757997 0.8308528 -0.555143 0.03872877 0.7049756 -0.7049756 0.07758116 0.9231968 -0.3823713 0.03872847 0.8289647 -0.5538945 0.07757997 0.9800536 -0.1949242 0.03872847 0.921097 -0.3815193 0.07761007 0.977828 -0.1944974 0.07760971 0.9879568 0 0.1547306 0.9689761 -0.192727 0.154731 0.9689761 0.192727 0.154731 0.9127563 0.3780669 0.1547303 0.8214516 0.5488857 0.1547317 0.6985906 0.6985906 0.1547337 0.5488857 0.8214516 0.1547317 0.3780669 0.9127563 0.1547303 0.192727 0.9689761 0.154731 0 0.9879568 0.1547306 -0.192727 0.9689761 0.154731 -0.3780669 0.9127563 0.1547303 -0.5488857 0.8214516 0.1547317 -0.6985906 0.6985906 0.1547337 -0.8214516 0.5488857 0.1547317 -0.9127563 0.3780669 0.1547303 -0.9689761 0.192727 0.154731 -0.9879568 0 0.1547306 -0.9689761 -0.192727 0.154731 -0.9127563 -0.3780669 0.1547303 -0.8214516 -0.5488857 0.1547317 -0.6985906 -0.6985906 0.1547337 -0.5488857 -0.8214516 0.1547317 -0.3780669 -0.9127563 0.1547303 -0.192727 -0.9689761 0.154731 0 -0.9879568 0.1547306 0.192727 -0.9689761 0.154731 0.3780669 -0.9127563 0.1547303 0.5488857 -0.8214516 0.1547317 0.6985906 -0.6985906 0.1547337 0.8214516 -0.5488857 0.1547317 0.9127563 -0.3780669 0.1547303 0.9729691 0 0.2309355 0.9542763 -0.1897993 0.2309392 0.8989084 -0.3723325 0.2309377 0.9542763 0.1897993 0.2309392 0.8989084 0.3723325 0.2309377 0.8089951 0.5405509 0.2309365 0.6879926 0.6879926 0.2309382 0.5405509 0.8089951 0.2309365 0.3723325 0.8989084 0.2309377 0.1897993 0.9542763 0.2309392 0 0.9729691 0.2309355 -0.1897993 0.9542763 0.2309392 -0.3723325 0.8989084 0.2309377 -0.5405509 0.8089951 0.2309365 -0.6879926 0.6879926 0.2309382 -0.8089951 0.5405509 0.2309365 -0.8989084 0.3723325 0.2309377 -0.9542763 0.1897993 0.2309392 -0.9729691 0 0.2309355 -0.9542763 -0.1897993 0.2309392 -0.8989084 -0.3723325 0.2309377 -0.8089951 -0.5405509 0.2309365 -0.6879926 -0.6879926 0.2309382 -0.5405509 -0.8089951 0.2309365 -0.3723325 -0.8989084 0.2309377 -0.1897993 -0.9542763 0.2309392 0 -0.9729691 0.2309355 0.1897993 -0.9542763 0.2309392 0.3723325 -0.8989084 0.2309377 0.5405509 -0.8089951 0.2309365 0.6879926 -0.6879926 0.2309382 0.8089951 -0.5405509 0.2309365 0.9634384 0 0.2679303 0.9449313 -0.1879364 0.2679269 0.8901063 -0.3686777 0.2679322 0.8010747 -0.5352502 0.2679303 0.9449313 0.1879364 0.2679269 0.8901063 0.3686777 0.2679322 0.8010747 0.5352502 0.2679303 0.6812539 0.6812539 0.2679297 0.5352502 0.8010747 0.2679303 0.3686777 0.8901063 0.2679322 0.1879364 0.9449313 0.2679269 0 0.9634384 0.2679303 -0.1879364 0.9449313 0.2679269 -0.3686777 0.8901063 0.2679322 -0.5352502 0.8010747 0.2679303 -0.6812539 0.6812539 0.2679297 -0.8010747 0.5352502 0.2679303 -0.8901063 0.3686777 0.2679322 -0.9449313 0.1879364 0.2679269 -0.9634384 0 0.2679303 -0.9449313 -0.1879364 0.2679269 -0.8901063 -0.3686777 0.2679322 -0.8010747 -0.5352502 0.2679303 -0.6812539 -0.6812539 0.2679297 -0.5352502 -0.8010747 0.2679303 -0.3686777 -0.8901063 0.2679322 -0.1879364 -0.9449313 0.2679269 0 -0.9634384 0.2679303 0.1879364 -0.9449313 0.2679269 0.3686777 -0.8901063 0.2679322 0.5352502 -0.8010747 0.2679303 0.6812539 -0.6812539 0.2679297 0.9732216 0 0.2298694 0.954522 -0.1898606 0.2298714 0.8991459 -0.3724213 0.2298678 0.8092147 -0.5406769 0.22987 0.6881717 -0.6881717 0.2298687 0.954522 0.1898606 0.2298714 0.8991459 0.3724213 0.2298678 0.8092147 0.5406769 0.22987 0.6881717 0.6881717 0.2298687 0.5406769 0.8092147 0.22987 0.3724213 0.8991459 0.2298678 0.1898606 0.954522 0.2298714 0 0.9732216 0.2298694 -0.1898606 0.954522 0.2298714 -0.3724213 0.8991459 0.2298678 -0.5406769 0.8092147 0.22987 -0.6881717 0.6881717 0.2298687 -0.8092147 0.5406769 0.22987 -0.8991459 0.3724213 0.2298678 -0.954522 0.1898606 0.2298714 -0.9732216 0 0.2298694 -0.954522 -0.1898606 0.2298714 -0.8991459 -0.3724213 0.2298678 -0.8092147 -0.5406769 0.22987 -0.6881717 -0.6881717 0.2298687 -0.5406769 -0.8092147 0.22987 -0.3724213 -0.8991459 0.2298678 -0.1898606 -0.954522 0.2298714 0 -0.9732216 0.2298694 0.1898606 -0.954522 0.2298714 0.3724213 -0.8991459 0.2298678 0.5406769 -0.8092147 0.22987 0.9880714 0 0.153997 0.9690855 -0.1927611 0.1540014 0.9128643 -0.3781042 0.1540006 0.8215467 -0.5489491 0.1539999 0.6986718 -0.6986718 0.1539989 0.5489491 -0.8215467 0.1539999 0.9690855 0.1927611 0.1540014 0.9128643 0.3781042 0.1540006 0.8215467 0.5489491 0.1539999 0.6986718 0.6986718 0.1539989 0.5489491 0.8215467 0.1539999 0.3781042 0.9128643 0.1540006 0.1927611 0.9690855 0.1540014 0 0.9880714 0.153997 -0.1927611 0.9690855 0.1540014 -0.3781042 0.9128643 0.1540006 -0.5489491 0.8215467 0.1539999 -0.6986718 0.6986718 0.1539989 -0.8215467 0.5489491 0.1539999 -0.9128643 0.3781042 0.1540006 -0.9690855 0.1927611 0.1540014 -0.9880714 0 0.153997 -0.9690855 -0.1927611 0.1540014 -0.9128643 -0.3781042 0.1540006 -0.8215467 -0.5489491 0.1539999 -0.6986718 -0.6986718 0.1539989 -0.5489491 -0.8215467 0.1539999 -0.3781042 -0.9128643 0.1540006 -0.1927611 -0.9690855 0.1540014 0 -0.9880714 0.153997 0.1927611 -0.9690855 0.1540014 0.3781042 -0.9128643 0.1540006 0.9970148 0 0.07721221 0.9778593 -0.1944975 0.07721304 0.9211192 -0.3815464 0.07721263 0.8289977 -0.5538961 0.077214 0.7049958 -0.7049958 0.07721382 0.5539173 -0.8289837 0.07721269 0.3815203 -0.92113 0.07721352 0.9778593 0.1944975 0.07721304 0.92113 0.3815203 0.07721352 0.8289837 0.5539173 0.07721269 0.7049958 0.7049958 0.07721382 0.5538961 0.8289977 0.077214 0.3815464 0.9211192 0.07721263 0.1944975 0.9778593 0.07721304 0 0.9970148 0.07721221 -0.1944975 0.9778593 0.07721304 -0.3815203 0.92113 0.07721352 -0.5539173 0.8289837 0.07721269 -0.7049958 0.7049958 0.07721382 -0.8289977 0.5538961 0.077214 -0.9211192 0.3815464 0.07721263 -0.9778593 0.1944975 0.07721304 -0.9970148 0 0.07721221 -0.9778593 -0.1944975 0.07721304 -0.92113 -0.3815203 0.07721352 -0.8289837 -0.5539173 0.07721269 -0.7049958 -0.7049958 0.07721382 -0.5538961 -0.8289977 0.077214 -0.3815464 -0.9211192 0.07721263 -0.1944975 -0.9778593 0.07721304 0 -0.9970148 0.07721221 0.1944975 -0.9778593 0.07721304 0.923186 -0.3823974 0.03872799 0.3823974 0.923186 0.03872799 -0.923186 0.3823974 0.03872799 -0.3823974 -0.923186 0.03872799 -1 0 0 -0.4337028 -0.5252171 0.7321536 -0.4336592 -0.5252555 0.732152 -0.4432622 -0.4800567 0.7570101 0.4203541 0.3218708 -0.8483524 0.6146311 0.4028908 -0.678165 0.439809 -0.1096852 -0.8913682 -0.2164483 -0.9723262 0.0879321 1 0 0 0.4336709 -0.5252538 0.7321462 0.4337021 -0.5252195 0.7321524 0.4432618 -0.480058 0.7570095 -0.4201272 0.3219085 -0.8484504 -0.6145223 0.4029252 -0.678243 -0.4397994 -0.1096828 -0.8913732 0.2197322 -0.9718928 0.08451241 0.9789886 -0.04239714 0.1994593 0.07831001 0.7302409 0.6786868 0.7229712 0.6456358 -0.2459008 0.3788918 -0.226114 -0.8973926 0.2718639 -0.1878235 -0.9438287 -0.9791464 -0.04039698 0.1990995 -0.08090353 0.7300893 0.6785458 -0.7240503 0.6445788 -0.2454982 -0.271522 -0.1878515 -0.9439215 -0.3790332 -0.2260996 -0.8973366 0.2782396 0.9454101 -0.1696538 0.3594255 0.92156 -0.1467671 0.2336537 0.9549099 -0.1831752 0.4554405 0.8773707 -0.1509793 0.3294567 0.9292235 -0.1673377 0.3357142 0.9245873 -0.1800954 0.2071014 0.9602476 -0.1871725 0.2530931 0.9495342 -0.1852802 0.2711631 0.9453018 -0.1813145 0.2000223 0.9648621 -0.1703882 0.2483674 0.9512003 -0.1831168 0.224837 0.9580983 -0.1774708 0.237226 0.9545806 -0.1802771 0.2601742 0.9485601 -0.1803976 0.2031349 0.9614728 -0.1852202 0.2295014 0.9560624 -0.1824108 0.2400633 0.9536918 -0.1812224 0.3592724 0.9214979 -0.14753 0.2586786 0.9499631 -0.1750872 0.4643779 0.8637197 -0.1958102 0.2357625 0.9552581 -0.1785997 0.2537384 0.9501911 -0.18098 0.2632569 0.9485916 -0.1756979 0.342582 0.9282217 -0.1450594 0.2636542 0.9492958 -0.1712425 0.3183808 0.9299639 -0.1838502 0.5826946 0.7982487 -0.1525327 0.287824 0.9446218 -0.1576302 0.2918863 0.9445104 -0.1506736 0.3357146 0.9342021 -0.1206741 0.3395873 0.9201545 -0.1949262 0.5910362 0.785749 -0.1824136 0.5762329 0.8077209 -0.1246709 0.2588298 0.9487068 -0.1815562 0.6381458 0.7434963 -0.1999584 0.3091639 0.9405847 -0.1404208 0.2691156 0.9486796 -0.1660838 0.4419249 0.8897095 -0.1145403 0.3382763 0.9190289 -0.2023737 0.4726814 0.8492884 -0.2351199 0.7007306 0.6979534 -0.147776 0.6943979 0.7077042 -0.1302549 0.2753719 0.9433082 -0.1853107 0.3068727 0.9413714 -0.1401757 0.3068074 0.9412057 -0.141425 0.3401936 0.9340295 -0.1088913 0.3074468 0.9418724 -0.1354731 0.2623392 0.9474547 -0.1830515 0.3605843 0.9084954 -0.2112233 0.3559461 0.9008979 -0.2483657 0.6001256 0.7711541 -0.2125343 0.7078658 0.6866244 -0.1657506 0.6886999 0.716381 -0.1117619 0.5038459 0.8598249 -0.08270776 0.2606346 0.9487223 -0.1788734 0.3400771 0.9334037 -0.1144781 0.3402908 0.9340754 -0.1081911 0.2951241 0.9353634 -0.1949284 0.3571068 0.9102698 -0.2094847 0.373007 0.9002281 -0.2246221 0.358268 0.8960821 -0.2620707 0.4835737 0.8306054 -0.276136 0.802742 0.579831 -0.1392888 0.7973755 0.5883189 -0.1344371 0.7924638 0.5961332 -0.1289439 0.5847808 0.8054965 -0.09595274 0.4295224 0.8999096 -0.07532054 0.3021748 0.933351 -0.193769 0.3035153 0.9437205 -0.1314164 0.2692379 0.9502678 -0.1565315 0.3240252 0.9424717 -0.0821889 0.3017436 0.946554 -0.1139588 0.3093433 0.9436863 -0.117316 0.4185425 0.8851529 -0.2032894 0.335102 0.9143586 -0.2272773 0.3285397 0.9158521 -0.230817 0.363847 0.8939309 -0.2617306 0.3715411 0.8850576 -0.2804107 0.609832 0.7543703 -0.2429623 0.7156788 0.6737146 -0.1841537 0.8086408 0.5701931 -0.1448448 0.7379831 0.6623261 -0.1292485 0.6236622 0.7758315 -0.09555596 0.5596679 0.8254628 -0.07336902 0.4924334 0.8684042 -0.05817031 0.281998 0.9421909 -0.1809793 0.2848933 0.9399189 -0.1881181 0.3082177 0.9436973 -0.1201557 0.2951232 0.9493383 -0.1079778 0.3046691 0.9463877 -0.1073651 0.3061096 0.9453082 -0.1126471 0.3402587 0.9158207 -0.2132988 0.3945167 0.8951473 -0.2075279 0.3342779 0.9150907 -0.2255376 0.3287863 0.9139971 -0.2377161 0.37746 0.8750432 -0.303024 0.4948387 0.8090647 -0.3170948 0.884891 0.4480152 -0.1274768 0.8802641 0.4547965 -0.1352609 0.8765259 0.4601295 -0.1413623 0.7396987 0.6604093 -0.1292496 0.7387767 0.6620821 -0.1259219 0.6799018 0.7247037 -0.1119741 0.6233262 0.7762584 -0.0942741 0.4954844 0.8669374 -0.05398899 0.4929499 0.8680032 -0.05975705 0.3183442 0.9450531 -0.07437491 0.266399 0.9458096 -0.1856766 0.2827305 0.9419773 -0.1809487 0.330339 0.9200295 -0.2107651 0.3017406 0.9455068 -0.1223503 0.2968317 0.9463456 -0.1277542 0.2740337 0.9530903 -0.1285477 0.2991525 0.9467704 -0.1188846 0.330305 0.9195926 -0.2127161 0.3308225 0.9163848 -0.2253782 0.3202989 0.9217405 -0.2186394 0.3208526 0.9201967 -0.2242581 0.3294207 0.9130026 -0.2406413 0.3274378 0.8941136 -0.3055252 0.3774018 0.8751415 -0.3028126 0.3785599 0.8653408 -0.3284474 0.6200217 0.7353221 -0.2736324 0.7240926 0.6591482 -0.203012 0.8150492 0.5593583 -0.1510401 0.8896614 0.4404207 -0.1205503 0.8307597 0.534267 -0.1561966 0.7859647 0.6023908 -0.1392292 0.7365249 0.6571744 -0.1601658 0.6710592 0.7295647 -0.1319656 0.5679312 0.8180968 -0.09039777 0.4384987 0.8975369 -0.046328 0.4243617 0.904603 -0.04013198 0.3643975 0.9217364 -0.1327273 0.2748872 0.9462198 -0.1706027 0.2779691 0.9416095 -0.1900126 0.2747341 0.9417625 -0.1939192 0.2703402 0.9421315 -0.1982535 0.3236253 0.9228082 -0.2090258 0.2731789 0.9543101 -0.1211009 0.2952684 0.951329 -0.08826005 0.2814433 0.9513285 -0.1255539 0.2890172 0.948538 -0.1294016 0.3271929 0.9203577 -0.214212 0.3363204 0.9156947 -0.2199816 0.2995473 0.9327014 -0.2008477 0.3258583 0.9189771 -0.2220304 0.3225272 0.9206432 -0.2199826 0.3168207 0.9223233 -0.2212343 0.3185876 0.9199639 -0.2284039 0.3299167 0.9113149 -0.246293 0.3131866 0.9122452 -0.2640509 0.3849996 0.8575283 -0.3412046 0.5062831 0.7848014 -0.357441 0.9454391 0.3057059 -0.1126445 0.9412761 0.3104423 -0.1327589 0.9372441 0.3147443 -0.1500323 0.8674967 0.4687687 -0.1664495 0.7846735 0.5935331 -0.1789022 0.2986901 0.952439 -0.06036669 0.2621634 0.9495868 -0.1719169 0.2653634 0.9476175 -0.1777736 0.2712234 0.9408435 -0.2031047 0.355607 0.9065355 -0.2274579 0.2963407 0.9465202 -0.1276004 0.2537334 0.9601523 -0.1171617 0.2739713 0.9605932 -0.04690808 0.2852884 0.9511444 -0.1180461 0.2696017 0.9515712 -0.1477407 0.3131283 0.9436882 -0.1067871 0.3274095 0.9205493 -0.2130542 0.3580798 0.8995791 -0.250073 0.3165163 0.9239128 -0.2149479 0.3166332 0.9215172 -0.2248324 0.3267654 0.9113542 -0.2503157 0.3220994 0.9073047 -0.2702779 0.2911186 0.9120844 -0.2887077 0.389241 0.8545358 -0.3438896 0.390682 0.8430443 -0.3696539 0.6305862 0.714117 -0.3039705 0.7330962 0.6427906 -0.2222391 0.8219192 0.5473052 -0.157816 0.8946087 0.4319379 -0.1144774 0.949214 0.3004329 -0.09345036 0.9012004 0.3954979 -0.1772553 0.9029091 0.3931782 -0.1736845 0.8265197 0.52731 -0.1970011 0.7434797 0.6424915 -0.1855876 0.6946892 0.7009152 -0.1616322 0.6394476 0.7558801 -0.1405429 0.5173258 0.8514161 -0.08639895 0.3125733 0.9498662 -0.007232904 0.3557963 0.9342935 -0.0224623 0.302233 0.9522951 -0.0422998 0.265978 0.9504098 -0.1611738 0.2616701 0.9492333 -0.1745993 0.2526985 0.947131 -0.197703 0.2637467 0.94054 -0.2140614 0.3020199 0.9381662 -0.1691995 0.2658188 0.9477922 -0.1761546 0.2535798 0.9604842 -0.1147502 0.2587732 0.9585503 -0.1192389 0.2934137 0.9526638 -0.07962512 0.2868183 0.9525007 -0.102361 0.2965878 0.9340776 -0.198834 0.3032105 0.9312394 -0.2021301 0.3211538 0.9085879 -0.2670737 0.3120558 0.9161775 -0.2514758 0.2732705 0.9304443 -0.2441245 0.3062841 0.8909891 -0.3351547 0.3434345 0.8705651 -0.3523766 0.3979708 0.8341212 -0.3819177 0.5173043 0.7581331 -0.3970272 0.9825625 0.1596454 -0.09531116 0.9789823 0.1599491 -0.126531 0.9735874 0.164406 -0.1584242 0.9306455 0.3172142 -0.1824119 0.9030033 0.3926911 -0.1742954 0.8623581 0.4586771 -0.2143687 0.7847633 0.5843762 -0.2065215 0.6413596 0.7545246 -0.1391062 0.5814245 0.8054977 -0.1145392 0.5184842 0.8508343 -0.08517801 0.4515285 0.8903306 -0.05859643 0.3312258 0.9434731 -0.01217716 0.220895 0.9706503 0.09509652 0.2568828 0.9531551 -0.1597086 0.2532829 0.9529162 -0.166729 0.2974673 0.9372037 -0.182106 0.248062 0.9630717 -0.1046817 0.2392667 0.9645746 -0.1111186 0.2556609 0.958797 -0.1238782 0.2927702 0.9527772 -0.08063155 0.2906327 0.9358052 -0.1995029 0.3104142 0.9258102 -0.2156816 0.3103784 0.9236275 -0.2248946 0.3067501 0.9089887 -0.2822126 0.2937808 0.9238253 -0.2454378 0.2482717 0.929455 -0.2729005 0.2628589 0.9112933 -0.3169384 0.4011695 0.8319728 -0.383255 0.4026352 0.8190344 -0.408739 0.6413009 0.6909558 -0.3336364 0.7424738 0.6248524 -0.2414382 0.8292351 0.5339931 -0.1649864 0.8997105 0.4226625 -0.1089846 0.9526588 0.2945719 -0.07529097 0.9858583 0.1543045 -0.06537187 0.9528121 0.2409497 -0.1846417 0.8931513 0.3852773 -0.2320392 0.8238536 0.5192154 -0.2273341 0.786617 0.5871092 -0.1911454 0.6900376 0.7090511 -0.1452406 0.5766585 0.8110758 -0.09808838 0.3820674 0.9236882 -0.02871835 0.3345521 0.9422821 -0.01339793 0.3198397 0.947281 0.01901334 0.3075429 0.9515303 -0.002746701 0.3132215 0.9495835 -0.01355063 0.2252286 0.9713213 0.07620537 0.2471451 0.9689261 -0.01007133 0.2616991 0.9534701 -0.149695 0.2495236 0.9540252 -0.1660541 0.288407 0.9382233 -0.1912032 0.3052183 0.9356752 -0.1770699 0.2526688 0.9617834 -0.105505 0.2414685 0.9646228 -0.1058103 0.2396662 0.9638229 -0.1166439 0.2573983 0.957049 -0.1334295 0.2879461 0.9542048 -0.08111929 0.2840999 0.9537138 -0.09857583 0.2818754 0.9387708 -0.1981307 0.3058674 0.924683 -0.2267301 0.3043063 0.9177104 -0.2553536 0.2934142 0.9144854 -0.2786122 0.2806557 0.923881 -0.2601467 0.2330715 0.9452567 -0.2284021 0.2785192 0.8915606 -0.357137 0.3205769 0.8673645 -0.3806698 0.3568921 0.8442234 -0.3998937 0.4106073 0.8080303 -0.4224793 0.5280465 0.729566 -0.4346266 0.9949243 0.03903394 -0.09274768 0.9941452 0.04425203 -0.09857523 0.9858351 0.03973615 -0.1629427 0.9494141 0.2299908 -0.2138158 0.9395382 0.2700657 -0.2105529 0.8239189 0.5176007 -0.2307534 0.4504058 0.8914421 -0.04965507 0.3814837 0.9238926 -0.02987778 0.3367817 0.9414935 -0.01297074 0.235848 0.9706454 -0.04715126 0.2554729 0.9535294 -0.1597354 0.2555343 0.9544465 -0.1540591 0.2684199 0.9403091 -0.2092119 0.2830367 0.9366703 -0.2062499 0.3142244 0.9359592 -0.1588823 0.250681 0.9630191 -0.09875863 0.2201066 0.9706724 -0.0966857 0.2380172 0.9625367 -0.1298885 0.2572781 0.9565984 -0.1368487 0.281417 0.9562561 -0.07986855 0.280654 0.9548525 -0.09741711 0.2951154 0.9414393 -0.1630917 0.3036703 0.9216622 -0.2415018 0.3026604 0.9258351 -0.2263315 0.2935923 0.9302176 -0.2202247 0.2884342 0.9284461 -0.23408 0.1973347 0.9456259 -0.2585555 0.2124174 0.9309745 -0.2969266 0.2304549 0.9121752 -0.3388611 0.4143943 0.7927145 -0.4470807 0.42236 0.7757763 -0.4688107 0.6521083 0.6656894 -0.3627842 0.7522023 0.6052227 -0.2605714 0.8369295 0.5194377 -0.1724337 0.9049732 0.4125833 -0.1039164 0.9558123 0.2882574 -0.05771249 0.9880825 0.1499702 -0.03466951 0.9969201 0.03241074 -0.07141345 0.9900739 0.04059052 -0.1345592 0.9848834 0.04336768 -0.1677027 0.9225192 0.2959801 -0.2476979 0.8612608 0.4415563 -0.2515113 0.8291599 0.5076956 -0.2339642 0.8612525 0.4522033 -0.2318545 0.7964177 0.5846174 -0.1547301 0.6991903 0.7049584 -0.1190241 0.5846654 0.8072759 -0.08044981 0.3179751 0.9478825 0.02026444 0.2281914 0.9735295 -0.01300114 0.2602365 0.9633666 -0.06482261 0.2510486 0.9553641 -0.155738 0.2486081 0.9569858 -0.1495738 0.2343567 0.9607738 -0.1482926 0.2172676 0.9587063 -0.1835132 0.2644788 0.9361439 -0.2317013 0.2948442 0.9337903 -0.2027378 0.3170007 0.9349187 -0.1594922 0.2533676 0.9624124 -0.09781295 0.2421121 0.9650609 -0.1001959 0.2397259 0.9656789 -0.09997987 0.238387 0.9618798 -0.1340106 0.2593831 0.9554355 -0.1409379 0.276229 0.9579359 -0.07782387 0.2778804 0.9559634 -0.0944274 0.3019248 0.9352864 -0.1846096 0.2941497 0.9337223 -0.2040553 0.2759559 0.9303209 -0.2415605 0.1841823 0.9587857 -0.2163494 0.2619784 0.882407 -0.3908007 0.292927 0.8664816 -0.4042319 0.3339998 0.8413779 -0.4248853 0.3691 0.8152613 -0.4462223 0.416468 0.7816024 -0.4643836 0.4247451 0.7606163 -0.4909732 0.5390072 0.6975567 -0.4721081 0.9988179 0.03839254 -0.0298168 0.9985425 0.04223787 -0.0336011 0.9898481 -0.02508646 -0.1398983 0.9836069 -0.02423232 -0.1786905 0.9655043 0.1659021 -0.200694 0.9489371 0.1654452 -0.2686005 0.9129378 0.2968253 -0.2800706 0.8871347 0.3745937 -0.2695769 0.8737897 0.4490567 -0.1866542 0.4579051 0.8880685 -0.04071211 0.3450512 0.9384686 -0.0147103 0.3436197 0.9389649 -0.01645004 0.3970266 0.9146658 0.07587116 0.3148331 0.9488331 0.02441513 0.2310272 0.972817 0.01593077 0.2157062 0.9763543 -0.01425218 0.2583404 0.9639319 -0.06399762 0.2661586 0.9612961 -0.07120144 0.2412219 0.9587837 -0.1501533 0.2786436 0.9340205 -0.2235252 0.3060108 0.9343599 -0.1825627 0.2538606 0.9626744 -0.09387773 0.2350908 0.9683192 -0.084203 0.2387823 0.9667877 -0.09113037 0.2477875 0.9584946 -0.1410304 0.2736048 0.9587919 -0.07654219 0.2779656 0.956491 -0.0886572 0.3100017 0.9258422 -0.2161369 0.3046478 0.9332317 -0.190443 0.3078186 0.9362739 -0.16923 0.3233851 0.9408566 -0.1010502 0.1451799 0.9584255 -0.2456491 0.1532347 0.9469366 -0.2825428 0.1886373 0.9255163 -0.3283834 0.2414368 0.8937527 -0.3780404 0.3795698 0.7842572 -0.4907826 0.4276075 0.7524256 -0.5010066 0.4334053 0.73631 -0.5196225 0.6628191 0.6382205 -0.3915937 0.7604651 0.5864169 -0.278941 0.8449296 0.5035701 -0.1803086 0.9104534 0.4014821 -0.09943205 0.9587269 0.2814165 -0.04059034 0.9887067 0.1497892 -0.004730463 0.9989284 0.03433424 -0.03103816 0.9980213 -0.02304154 -0.05850422 0.9783902 0.04181152 -0.2024961 0.9837498 0.0912823 -0.1546093 0.95928 0.1677946 -0.2272155 0.9366918 0.1702964 -0.3059538 0.9144828 0.3059568 -0.2647861 0.9286385 0.3032999 -0.2136344 0.8833941 0.446626 -0.1419168 0.804872 0.5816882 -0.1175584 0.7065882 0.7018271 -0.09039884 0.5910681 0.8043067 -0.06106919 0.3500263 0.9366689 -0.0115363 0.3472138 0.9376938 -0.01315361 0.3040614 0.9526525 -2.13633e-4 0.3201491 0.9472019 0.01770126 0.3090398 0.9507722 0.02295058 0.2411587 0.9704027 0.01269572 0.2268172 0.9737698 0.01806724 0.220225 0.9753869 0.01101732 0.2035932 0.9789627 -0.01348942 0.2562067 0.9642468 -0.06772154 0.266556 0.9600778 -0.08484381 0.2677159 0.9593762 -0.08902496 0.2677762 0.9606251 -0.0741313 0.2009382 0.9698079 -0.1381908 0.1706311 0.9698905 -0.1737746 0.2574005 0.9616049 -0.09518998 0.2725665 0.9577825 -0.09143537 0.3083652 0.9269267 -0.213817 0.3065609 0.9366817 -0.169257 0.3094352 0.9337991 -0.1796366 0.1325747 0.9701086 -0.2032567 0.2001162 0.9069166 -0.3707506 0.2810252 0.8604717 -0.4249864 0.3091314 0.8431605 -0.4399071 0.3472446 0.8140624 -0.465536 0.43518 0.7211492 -0.5390384 0.5462356 0.6655663 -0.5085747 0.9992398 0.03875857 -0.004211544 0.9994953 -0.02386575 -0.02096647 0.9918143 -0.1136231 -0.05826121 0.9839925 -0.1133474 -0.1375184 0.9745832 -0.02294999 -0.2228473 0.9689356 0.04452806 -0.2432715 0.9453219 0.04211598 -0.3234084 0.9074894 0.2993937 -0.2946632 0.8827854 0.3811792 -0.2745772 0.9394869 0.3015343 -0.1626088 0.4633082 0.88566 -0.03085464 0.3541404 0.935127 -0.01104778 0.3621754 0.9320973 0.004852592 0.3345511 0.9423402 -0.008392751 0.4260782 0.9016891 0.07358169 0.3107737 0.9502356 0.0217294 0.2438143 0.9697028 0.01519829 0.2776954 0.9587956 0.05997049 0.2783927 0.9584435 0.06231939 0.2252901 0.9741919 0.01394706 0.2032886 0.9778668 -0.04950219 0.2519629 0.9652475 -0.06936913 0.2638046 0.9607017 -0.0863682 0.2717409 0.9586314 -0.08475118 0.2557182 0.9627503 -0.08786398 0.2412539 0.9671825 -0.07971602 0.2387189 0.967602 -0.08221793 0.1024209 0.9646065 -0.2429903 0.1596163 0.9288268 -0.3343703 0.2145174 0.8863912 -0.4102352 0.2516658 0.8738108 -0.4160757 0.3879964 0.7502647 -0.5353147 0.4354434 0.7208865 -0.5391771 0.4413368 0.7041673 -0.5562106 0.672308 0.6125513 -0.4156718 0.7604251 0.5705019 -0.3102923 0.85244 0.489319 -0.1841546 0.9151146 0.3918039 -0.09515845 0.9608046 0.276229 -0.02349972 0.9879523 0.1531735 0.02209556 0.9987963 0.03567671 0.03366243 0.9996805 -0.02517813 0.002227842 0.9686864 -0.1137154 -0.2207164 0.9698328 0.046633 -0.2392689 0.9594186 0.04132241 -0.2789416 0.971688 0.1535095 -0.1796031 0.9255897 0.2212345 -0.3071464 0.8835677 0.3789596 -0.2751325 0.9597979 0.1537861 -0.2348146 0.9717049 0.1546414 -0.178538 0.9473861 0.3002202 -0.1110299 0.89037 0.4448187 -0.09683769 0.8110172 0.5794985 -0.08020442 0.7119451 0.6995239 -0.06164819 0.5957314 0.8021011 -0.04168897 0.3547524 0.9349179 -0.00891149 0.3622634 0.9320576 0.005829155 0.3564649 0.9342554 0.009979784 0.3473662 0.937724 -0.003234982 0.3229808 0.9462365 0.01788401 0.4726248 0.8722165 0.1259539 0.3041502 0.9523388 0.02331632 0.2538902 0.9670963 0.01626676 0.2831907 0.9569706 0.06332802 0.280686 0.9578178 0.06164896 0.2742162 0.9595888 0.06320554 0.274948 0.9592507 0.06512808 0.2537036 0.9650685 0.06540197 0.1887586 0.9819719 -0.01007115 0.2506825 0.9652222 -0.07419151 0.2618559 0.9609013 -0.09000152 0.2631933 0.9611256 -0.08346861 0.184058 0.9785501 -0.09253251 0.1566865 0.9789398 -0.1308671 0.1242754 0.9784553 -0.1648663 0.2577375 0.9620369 -0.08975791 0.2453696 0.9662193 -0.07882952 0.08655172 0.98268 -0.1638563 0.1199079 0.9389681 -0.3224298 0.1746007 0.9031564 -0.392203 0.2587419 0.8500515 -0.4587647 0.2900547 0.8336327 -0.4700266 0.3348611 0.7998272 -0.498141 0.3582967 0.7794327 -0.5139147 0.4437191 0.6868048 -0.5756843 0.6224355 0.6058942 -0.4954458 0.8196526 0.5167196 -0.247327 0.9943653 -0.1055952 0.009338736 0.955058 -0.2646598 -0.1334896 0.9403006 -0.26445 -0.2142457 0.9646437 -0.02331644 -0.2625242 0.9535072 -0.02340811 -0.3004602 0.9436196 0.03350991 -0.3293314 0.9372696 0.1917204 -0.2911514 0.9439566 0.1543962 -0.2917323 0.9805839 0.1522911 -0.123542 0.4672763 0.8838606 -0.02105808 0.3585078 0.9334877 -0.008545339 0.3640069 0.9313963 -9.15587e-5 0.3653445 0.930864 0.003936946 0.464471 0.885147 0.02795553 0.3602782 0.9328169 0.007233023 0.3588681 0.93335 0.008453607 0.4594885 0.8873902 0.03753787 0.3372992 0.9411846 -0.02002066 0.3572511 0.9339922 0.00552386 0.3365284 0.9414983 0.01815855 0.5485183 0.822518 0.1503061 0.3837134 0.9197768 0.0823093 0.3000957 0.9536044 0.02411019 0.2731758 0.9615935 0.02670413 0.4067292 0.9110894 -0.0669896 0.2808695 0.9579105 0.05932956 0.3461506 0.926873 0.1452111 0.2199804 0.975385 0.01525944 0.1752708 0.9843611 -0.01770102 0.2462921 0.9664906 -0.07236164 0.2578282 0.9623391 -0.08618688 0.1677032 0.9847034 -0.04727429 0.06271708 0.9852837 -0.1590053 0.0739485 0.9687775 -0.2366474 0.1870235 0.8792366 -0.4381381 0.2245289 0.8653381 -0.4480812 0.3243868 0.8164148 -0.477745 0.3801236 0.7304599 -0.5673928 0.3944009 0.7102146 -0.5831323 0.4456702 0.6846958 -0.5766887 0.5523633 0.6329944 -0.5424141 0.6840525 0.5768393 -0.4464622 0.7711867 0.5462 -0.327012 0.8295186 0.4930417 -0.2623147 0.8627166 0.4660586 -0.1962384 0.9159408 0.3887224 -0.09973657 0.9603049 0.2785757 -0.01449638 0.9871237 0.152776 0.04739534 0.9974398 0.03039652 0.06472992 0.9994646 0.008423209 0.03161758 0.9843212 -0.1754828 0.01782292 0.9626693 -0.2646936 -0.0566132 0.9201303 -0.2644509 -0.2888359 0.9479507 -0.1133475 -0.2975603 0.9366303 -0.01440495 -0.3500232 0.9411656 0.0397976 -0.3355943 0.9640619 0.03689736 -0.2631035 0.9763363 0.03726381 -0.2130233 0.9890761 0.04104745 -0.1415756 0.9860283 0.1525018 -0.06701904 0.9523013 0.2993967 -0.05902475 0.8946997 0.4436876 -0.05151629 0.8148165 0.5781447 -0.04269552 0.7153082 0.6980343 -0.03289961 0.598571 0.80076 -0.0222789 0.3603688 0.932784 -0.006958305 0.3654635 0.9308257 -3.05189e-5 0.3653465 0.9308691 0.002197384 0.4678915 0.8835949 0.01837259 0.351307 0.9362388 0.006347954 0.3419962 0.9395282 0.01803672 0.4378818 0.8964553 0.06802606 0.5440078 0.8203607 0.1762493 0.4568478 0.8784455 0.1400849 0.2917892 0.95612 0.02633762 0.2778149 0.9601905 0.02920669 0.3173983 0.9455416 0.07217758 0.2941771 0.9527566 0.07559669 0.2823024 0.9565625 0.07275772 0.2127804 0.9769222 0.01864725 0.1685875 0.9854617 -0.02105814 0.1424313 0.9859108 -0.08771109 0.1106008 0.9862824 -0.1225337 0.1643466 0.9863241 -0.01245188 0.05090546 0.9953737 -0.08148545 0.08472228 0.9459842 -0.3129475 0.137732 0.9140429 -0.3815175 0.1420965 0.8920406 -0.4290364 0.2340519 0.8426053 -0.4850115 0.2692109 0.8253341 -0.4963358 0.3010672 0.8068845 -0.5082283 0.3515259 0.7685166 -0.5346137 0.3702294 0.7495231 -0.5487672 0.6317214 0.5690345 -0.5264294 0.6932481 0.5438251 -0.4729286 0.7399007 0.5464718 -0.3923207 0.8707901 0.4467789 -0.2052149 0.8976262 0.4168902 -0.1430733 0.9469121 0.3185875 -0.0431233 0.9787137 0.2021273 0.03555458 0.9935978 0.071841 0.08719193 0.9814176 0.1285139 0.1424914 0.9985679 -0.03094583 0.04364156 0.9922147 -0.1047729 0.06732565 0.8955463 -0.4269593 -0.1253105 0.8816486 -0.42706 -0.200788 0.8627061 -0.4269583 -0.2710071 0.9504204 -0.04522901 -0.3076612 0.9495691 0.03579878 -0.3115077 0.9571554 0.03070169 -0.2879431 0.9713337 0.03567689 -0.2350281 0.9713928 0.03567683 -0.2347835 0.9803958 0.03115999 -0.1945593 0.9869216 0.04754847 -0.1540291 0.989669 0.03775191 -0.1383119 0.995617 0.03204476 -0.0878638 0.4696866 0.8827607 -0.01132249 0.36382 0.9314475 -0.006378471 0.4698693 0.8826987 0.008118033 0.3637006 0.9315154 0.001037657 0.5927433 0.8034781 0.05548381 0.3502072 0.9366325 0.008636891 0.3449844 0.9384834 0.01532042 0.5587999 0.8186373 0.1325738 0.6393813 0.7283453 0.246383 0.4394178 0.8849091 0.154428 0.3683404 0.9252916 0.09033781 0.2871521 0.957499 0.02719229 0.3556384 0.9298847 0.09399861 0.3301529 0.939889 0.08722287 0.3134592 0.9462679 0.07950162 0.2897534 0.9529148 0.08942252 0.2380766 0.9685426 0.07242095 0.1707845 0.9853071 -0.001648008 0.07281804 0.994031 -0.0812413 0.1656281 0.9860777 -0.01477128 0.1582433 0.9873345 -0.01138371 0.1284534 0.9906386 -0.04620534 0.02487319 0.9966688 -0.07767158 0.02993911 0.9868632 -0.15876 0.03378498 0.9724101 -0.2308184 0.1515306 0.8718885 -0.4656705 0.1953861 0.8582705 -0.4745483 0.3362596 0.7876372 -0.5162917 0.3954983 0.6939151 -0.6017166 0.4002305 0.6730733 -0.6219229 0.4888563 0.6542093 -0.5770873 0.5652458 0.59018 -0.5763548 0.7499616 0.5145323 -0.4157094 0.7923619 0.5088109 -0.3365623 0.8387518 0.469015 -0.2766236 0.8792012 0.4253786 -0.214612 0.905505 0.3979094 -0.1474077 0.9283651 0.3605544 -0.0902149 0.9515931 0.3052545 -0.03592121 0.9670086 0.2546848 0.005493462 0.9795396 0.1936434 0.05481219 0.988044 0.1330006 0.07797533 0.9904786 0.07193434 0.1173778 0.9954813 0.02710115 0.09100878 0.9979649 -0.02838248 0.05710065 0.9727518 -0.209212 0.09992122 0.9826768 -0.1849138 0.01239061 0.902932 -0.4265016 -0.05301129 0.8765752 -0.3547563 -0.3252136 0.9260688 -0.1728596 -0.3354344 0.9092186 -0.05090546 -0.4131951 0.9433419 -0.003662228 -0.3318024 0.9695364 -0.008636951 -0.2447951 0.9819391 0.03018295 -0.1867744 0.991154 -0.007904291 -0.1324814 0.993511 0.04171925 -0.1058089 0.9971805 0.03717219 -0.06518876 0.9885155 0.1509782 -0.006531059 0.9542182 0.2990286 -0.007049918 0.8964031 0.4431964 -0.006195306 0.8162983 0.5776073 -0.005188226 0.716589 0.6974841 -0.004028499 0.5997046 0.8002166 -0.002807736 0.3640924 0.9313502 -0.004852473 0.469848 0.8827466 -0.001190245 0.5967758 0.8015913 0.03619593 0.5869488 0.8061696 0.07471144 0.454487 0.889503 0.04718214 0.3463941 0.9380414 0.009460985 0.3451372 0.9384536 0.01361137 0.4473544 0.892481 0.05789542 0.6537588 0.722794 0.2239828 0.5684003 0.7892719 0.2323165 0.5135204 0.8373319 0.187542 0.4949068 0.8441432 0.2061297 0.2942378 0.9494594 0.1093206 0.284072 0.947985 0.1436229 0.2067695 0.9782409 0.01706033 0.1706342 0.9851068 0.02118045 0.1723122 0.9850424 -3.35713e-4 0.09885078 0.9919263 -0.07944077 0.168681 0.9856259 -0.00939995 0.1175 0.9929211 0.01736557 0.1547901 0.987886 -0.0110172 0.1265308 0.99186 -0.01428276 0.05221748 0.9984501 -0.0192573 0.02966421 0.999368 -0.01959306 0.04446673 0.9496111 -0.3102602 0.092839 0.918044 -0.3854558 0.09912711 0.886559 -0.4518707 0.2033789 0.8357644 -0.5100345 0.2431457 0.8182173 -0.5209612 0.2791303 0.7989367 -0.532716 0.3114754 0.7783223 -0.5451583 0.3617433 0.7356638 -0.5726611 0.3797498 0.714667 -0.5874022 0.438322 0.6751537 -0.5933308 0.6394448 0.532474 -0.5546006 0.7019662 0.5091476 -0.4980081 0.7591773 0.4814176 -0.4380491 0.8015531 0.4811333 -0.3549979 0.9128084 0.3791135 -0.1518346 0.9338351 0.3464877 -0.08887273 0.9689316 0.2466276 0.01861685 0.9861031 0.1301335 0.1032767 0.9922309 0.01873856 0.1229912 0.9950587 0.01855587 0.09754037 0.9675465 -0.2009987 0.1531447 0.9657281 -0.2594462 0.007568776 0.9379985 -0.3463285 0.01467955 0.8095436 -0.5760437 -0.1131945 0.7969609 -0.5760594 -0.1816837 0.780007 -0.5758648 -0.2448852 0.8496137 -0.4254935 -0.3116278 0.9122151 -0.2418636 -0.3307047 0.9489444 -0.114723 -0.2938422 0.9588566 -0.05633866 -0.2782448 0.9334667 0 -0.3586641 0.9997311 -0.007599115 -0.02191239 0.9987165 0.03848493 -0.03293037 0.3664417 0.9304331 -0.003845393 0.3686097 0.9295814 -0.002349913 0.5991003 0.8004993 0.0167247 0.7084736 0.7009353 0.0821883 0.7017381 0.7037829 0.1106947 0.5794007 0.8096045 0.09399807 0.3468501 0.9378533 0.011231 0.5700389 0.8137658 0.113318 0.6690243 0.7169403 0.1959675 0.7166544 0.6221361 0.3152034 0.6164572 0.7367028 0.2779383 0.478327 0.8505999 0.2183647 0.4247942 0.890667 0.162056 0.3475766 0.930757 0.1134988 0.3022006 0.9459105 0.1180175 0.2952421 0.9464597 0.1305609 0.2598392 0.9537813 0.1509472 0.2006299 0.979467 0.01980662 0.1790531 0.9836173 0.02090525 0.1607153 0.9867846 0.02066165 0.1713655 0.9851917 -0.005585014 0.07364255 0.9971505 -0.01635819 0.1495141 0.9886734 -0.01306223 0.1376119 0.9902624 -0.02105832 0.1157885 0.9932051 -0.0116887 -0.03302121 0.995855 -0.08475035 0.04077386 0.998991 -0.01883041 0.0405603 0.9989927 -0.01919668 0.009949088 0.9997057 -0.02212613 0.007721304 0.9952882 -0.09665387 0.01242113 0.9740996 -0.2257782 0.01413053 0.9587701 -0.2838314 0.1053828 0.86348 -0.4932515 0.1579677 0.8511214 -0.5006381 0.3474941 0.7570036 -0.5533475 0.4031549 0.6550274 -0.6390661 0.405665 0.6314176 -0.6608689 0.4283602 0.6549919 -0.6224896 0.4941331 0.6068093 -0.6225876 0.5718769 0.5512456 -0.6075238 0.8097332 0.4518049 -0.374439 0.8477346 0.4436285 -0.2907574 0.8870826 0.403408 -0.2243801 0.9196839 0.3603354 -0.1560121 0.9397202 0.3303411 -0.08832287 0.9557933 0.2925549 -0.0295118 0.9711713 0.2364602 0.03021365 0.9797536 0.1864715 0.07287949 0.9840236 0.1252804 0.1265012 0.9862037 0.06699001 0.1513761 0.9884395 0.02249222 0.1499383 0.994913 0.01541197 0.09955233 0.9968269 -0.03528046 0.0713545 0.9891202 -0.1015366 0.1064502 0.9337438 -0.2980228 0.1982546 0.924479 -0.3714762 0.08569711 0.9383994 -0.3452314 0.01489329 0.9055069 -0.4239737 0.01742649 0.8160111 -0.5760419 -0.04797548 0.8088542 -0.5066211 -0.2984792 0.8523742 -0.4211056 -0.3100458 0.8721187 -0.3561599 -0.3354984 0.9181822 -0.2408912 -0.3145045 0.9483565 -0.1120973 -0.2967391 0.9993183 0.03448659 -0.01318424 0.9876878 0.1490855 0.04739606 0.9531385 0.2992081 0.04474079 0.8954674 0.4434152 0.03900367 0.8155037 0.5778506 0.03228926 0.7158958 0.6977672 0.02478182 0.3344714 0.942406 -1.62148e-4 0.7131669 0.6989451 0.05356073 0.6929062 0.7074638 0.1391977 0.7337489 0.6180496 0.2821829 0.6623528 0.6779785 0.3188009 0.5946924 0.7438996 0.3048844 0.5469612 0.7968811 0.2565426 0.5257292 0.8063562 0.2709217 0.3654673 0.9214048 0.132087 0.3412324 0.9218249 0.1838461 0.3025013 0.9252353 0.2289817 0.2167194 0.9732383 0.07642096 0.187263 0.9820932 0.02063065 0.179088 0.983611 0.02090579 0.1947751 0.9776601 0.07901483 0.1558325 0.9875499 0.02148568 0.1159124 0.9931911 -0.01165837 0.09668487 0.995171 -0.01693814 0.07541155 0.9969218 0.02145457 0.03292953 0.9992101 0.02224802 9.15584e-5 0.9988718 -0.04748827 -0.001861631 0.9896886 -0.1432239 0.03570747 0.9778671 -0.2061575 0.009827077 0.9449591 -0.3270413 0.0545367 0.9227911 -0.3814216 0.05597168 0.8894134 -0.453664 0.1641651 0.8288218 -0.5348872 0.2109804 0.8117542 -0.5445571 0.2517217 0.7922153 -0.5559058 0.2884333 0.7707528 -0.5681079 0.3211241 0.7479976 -0.5808433 0.3772186 0.7047212 -0.6008946 0.3964152 0.6798479 -0.6169782 0.4263883 0.6544607 -0.6243991 0.439696 0.6370359 -0.6331294 0.6105738 0.5133692 -0.6030355 0.6914067 0.4910498 -0.529931 0.7299371 0.4684147 -0.4977746 0.7969661 0.4399275 -0.413895 0.8559519 0.4180876 -0.3042191 0.9451975 0.3145571 -0.08749735 0.9599733 0.2790652 -0.02395737 0.9797889 0.178812 0.08966541 0.9821333 0.06952238 0.1748741 0.9838873 0.02017271 0.1776484 0.9903146 0.05148571 0.1289432 0.9907745 -0.01202452 0.1349863 0.9963272 -0.03643977 0.077488 0.9552805 -0.2106127 0.2075608 0.9433537 -0.3042171 0.1324235 0.9140057 -0.3968352 0.0843538 0.863684 -0.5036529 0.01959311 0.699112 -0.7082984 -0.09775418 0.6883466 -0.7082448 -0.1567434 0.6735274 -0.7082582 -0.2114977 0.7685 -0.5736055 -0.2835219 0.82531 -0.4523915 -0.3379431 0.852433 -0.4168624 -0.315569 0.9183161 -0.2442128 -0.3115378 0.9147683 -0.2480867 -0.3188291 0.8718452 -0.1343154 -0.4710046 0.9993193 0.03445607 -0.01318424 0.9988157 0.03167837 0.03692758 0.8069515 0.5808671 0.1068773 0.7992445 0.5835022 0.1439909 0.7891337 0.5869444 0.1810091 0.6820471 0.7118341 0.167643 0.7617378 0.5974205 0.2506877 0.7825725 0.5346654 0.3189253 0.7014237 0.6150542 0.3601575 0.6378221 0.6856763 0.3507578 0.4944476 0.8256766 0.2716242 0.4565657 0.8625918 0.2179063 0.3989462 0.9021155 0.1644066 0.3815202 0.9124622 0.1478348 0.3153555 0.939749 0.1319957 0.336811 0.9272373 0.163675 0.3508172 0.9149325 0.1995645 0.3285131 0.9192203 0.2170554 0.2736366 0.931573 0.2393633 0.2347229 0.9591562 0.1578756 0.1727077 0.9815866 0.08160811 0.13993 0.9901612 -8.24015e-4 0.1232659 0.9922313 0.0168159 0.08890062 0.9960049 -0.008423089 0.1097458 0.9938463 -0.01501524 0.09253287 0.9951559 -0.03320437 -0.02923756 0.9843724 -0.1736553 0.06537073 0.9976211 0.02188175 0.04355078 0.9987994 0.02243155 0.022035 0.9995103 0.0222181 0.004089474 0.9996995 -0.02417075 0.01400828 0.9369092 -0.3492923 0.02426284 0.9192718 -0.3928749 0.06137484 0.8500925 -0.5230447 0.1095333 0.8411081 -0.5296601 0.3563466 0.726366 -0.5877156 0.4186694 0.620069 -0.6634986 0.4298647 0.5958288 -0.6783836 0.445953 0.6145435 -0.6507398 0.4998095 0.5650896 -0.6564024 0.5744118 0.5201783 -0.6320331 0.6527501 0.5027775 -0.5666853 0.7266337 0.4784203 -0.4930695 0.7289184 0.47503 -0.4929752 0.7619069 0.4575408 -0.4584259 0.7976253 0.4388083 -0.4138129 0.8270938 0.4225043 -0.3706831 0.89506 0.3797779 -0.2337447 0.9272561 0.3376002 -0.1619333 0.9636997 0.2663702 -0.01815879 0.9733483 0.2256893 0.04071259 0.9796966 0.1707243 0.1051081 0.9816397 0.1201223 0.1481691 0.9774857 0.06146478 0.2018511 0.9772192 0.02099704 0.2111916 0.9914247 -0.01318436 0.1300129 0.9935114 -0.04052901 0.1062667 0.9748905 -0.1447808 0.1691958 0.9278953 -0.2821773 0.243693 0.8888609 -0.3907021 0.2393286 0.8658892 -0.4908394 0.09650152 0.8654303 -0.5007575 0.01651078 0.704682 -0.7083137 -0.04141414 0.7172292 -0.6438918 -0.2664317 0.7692448 -0.573462 -0.2817869 0.79645 -0.5070399 -0.3295118 0.8894407 -0.1710275 -0.4238454 0.9989715 0.04028475 0.02081376 0.996783 0.03982734 0.06955289 0.9827691 0.1515567 0.1058089 0.9491062 0.2998479 0.09637856 0.8919244 0.4442989 0.08408045 0.8123862 0.5789461 0.06964439 0.7766421 0.5910879 0.2178125 0.760613 0.5406268 0.359431 0.6765341 0.6219646 0.3942863 0.6181973 0.6911383 0.3743793 0.5760205 0.7504992 0.323962 0.4935873 0.82173 0.2848359 0.4870339 0.836851 0.2499566 0.4536663 0.8590514 0.2371028 0.4451254 0.8723359 0.2022215 0.4164659 0.8896366 0.1873577 0.3260724 0.9323766 0.1560472 0.3344592 0.927446 0.1672754 0.4150034 0.8803335 0.2297503 0.3425486 0.8885692 0.3051319 0.3102317 0.8955671 0.3189298 0.2085702 0.9641414 0.1641033 0.1393188 0.9902473 -8.5453e-4 0.1385856 0.99015 0.01992869 0.1335204 0.9908288 0.02075284 0.1492387 0.985372 0.08227962 0.1045876 0.9942696 -0.02212607 0.1004073 0.9947032 -0.02200412 0.09802567 0.9948754 -0.02478104 0.08386737 0.996246 0.02145516 0.07647979 0.9930781 0.08914506 0.05484277 0.9982485 0.02218735 0.05438524 0.9982836 0.02172964 0.05142515 0.994566 0.0905205 0.02310293 0.9953503 0.0935105 0.01123106 0.9996888 0.02227902 0.01086461 0.9996989 0.02200388 0.052127 0.922813 -0.3817053 0.01593106 0.9003521 -0.4348706 0.0170601 0.8673194 -0.4974597 0.1135614 0.8216952 -0.5584988 0.1706667 0.8056311 -0.567302 0.2203504 0.7868829 -0.5764208 0.2599611 0.7651425 -0.5890477 0.2970722 0.74146 -0.6016522 0.33055 0.7162781 -0.6145587 0.3581451 0.6909895 -0.6279059 0.380116 0.6660194 -0.6418178 0.406578 0.6429803 -0.6490537 0.4274585 0.570962 -0.7009149 0.4199376 0.6079939 -0.6737923 0.4459142 0.6147458 -0.6505752 0.442497 0.5938109 -0.672001 0.5212985 0.5296303 -0.6691336 0.574307 0.5226383 -0.6300958 0.6236867 0.513391 -0.5894444 0.6842709 0.495296 -0.5352151 0.7418639 0.4782379 -0.4700282 0.7899388 0.4556272 -0.4103665 0.8358908 0.4254684 -0.3467898 0.8561909 0.402154 -0.32436 0.8804445 0.3827701 -0.2798293 0.9517437 0.2933818 -0.09006237 0.9754447 0.2141205 0.05157691 0.9790196 0.114721 0.1684039 0.9863273 0.02505642 0.1628822 0.9855173 -0.06744682 0.1555855 0.9926765 -0.02249282 0.1186902 0.9934183 -0.02990841 0.1105697 0.9899479 -0.07126206 0.1221679 0.9618542 -0.1889466 0.1978277 0.8913651 -0.3493497 0.2888307 0.9020945 -0.4008732 0.1597694 0.8503212 -0.4920278 0.1867154 0.8104399 -0.5750445 0.1118532 0.8187047 -0.5739418 0.01770102 0.7650164 -0.643765 0.01779246 0.5679581 -0.8192207 -0.07937979 0.5589255 -0.8193749 -0.1273864 0.5473669 -0.8190513 -0.1718857 0.6669479 -0.702717 -0.2477287 0.7431112 -0.5955511 -0.3051306 0.9958577 -0.007934868 0.09057968 0.9949572 0.04068207 0.09167975 0.8857378 0.4458904 0.1290366 0.8769039 0.4481418 0.173806 0.865432 0.4509817 0.2182731 0.8512082 0.454521 0.2624032 0.8366812 0.457817 0.3006132 0.8146839 0.463345 0.3487142 0.7367129 0.5466673 0.3980063 0.7104634 0.5529522 0.4352996 0.6543676 0.6281515 0.4209854 0.5193535 0.7990969 0.3028468 0.48126 0.8189873 0.3124879 0.3656515 0.9038895 0.2219972 0.3713847 0.8813865 0.291944 0.2761092 0.902215 0.3313187 0.2434203 0.9374858 0.2487307 0.1811593 0.968726 0.1695621 0.133888 0.9909912 -0.003235042 0.137458 0.9900698 0.02945089 0.1174057 0.9928362 0.02218711 0.1007749 0.9910246 0.08783471 0.002929747 0.9209654 -0.3896333 3.05195e-4 0.8995613 -0.4367946 0.009430229 0.8827207 -0.4698036 0.01977622 0.8555049 -0.5174169 0.08731615 0.8357145 -0.5421783 0.07755017 0.78597 -0.6133819 0.4076458 0.6124302 -0.6773141 0.4251388 0.6049911 -0.6732331 0.4347749 0.5718362 -0.6956826 0.4460412 0.5742838 -0.6864732 0.4755231 0.5314042 -0.7010617 0.8765621 0.3924722 -0.2785759 0.8562787 0.4020912 -0.3242061 0.9031583 0.3606468 -0.2328929 0.9225133 0.3380646 -0.18623 0.9400957 0.3119308 -0.1375474 0.9682447 0.2493704 -0.01779252 0.9795177 0.1628816 0.1183844 0.975829 0.110694 0.188427 0.9719642 0.0627467 0.2266024 0.9730693 0.009247243 0.2303273 0.9687117 -0.06979751 0.2381722 0.9837993 -0.09647244 0.1511025 0.9295535 -0.2767175 0.2436347 0.8285962 -0.4851942 0.2793117 0.784121 -0.5844361 0.2087795 0.706212 -0.7078294 0.01556473 0.5726606 -0.8191025 -0.03363204 0.5965238 -0.7714586 -0.2213846 0.6616526 -0.7086519 -0.2450067 0.7011801 -0.6532037 -0.2857824 0.9948369 0.03640949 0.0947318 0.9749196 0.1530255 0.1616015 0.9421133 0.3009452 0.1478327 0.7921112 0.4684916 0.3912489 0.686715 0.5578624 0.4660603 0.6116319 0.6716323 0.4181107 0.5811449 0.7266294 0.3664429 0.538425 0.7768129 0.3265891 0.5397984 0.7454693 0.3910158 0.3760545 0.894541 0.2416185 0.3795728 0.8440817 0.3787487 0.3440701 0.8514165 0.3958607 0.306474 0.8584141 0.411338 0.2117096 0.9429121 0.2570912 0.1264085 0.9881658 0.08688676 0.1022688 0.9947027 -0.01037639 0.08597284 0.9962717 0.007171988 0.09295988 0.9788864 0.1820439 0.02795517 0.9827343 0.1828988 0.0131843 0.9946222 0.1027278 -0.006866753 0.8631103 -0.5049689 0.009979665 0.8460475 -0.5330142 0.07455796 0.8382357 -0.540187 0.1110904 0.8064429 -0.580783 0.1655653 0.7950184 -0.5835527 0.2063096 0.7889208 -0.5788267 0.2526707 0.7704638 -0.5852718 0.2928928 0.7359401 -0.6104146 0.3181284 0.7318724 -0.6026251 0.3547874 0.6949256 -0.6254635 0.3650045 0.6581984 -0.6584426 0.3924788 0.6568374 -0.6438362 0.4113453 0.6225116 -0.6657886 0.4282472 0.6059917 -0.6703569 0.4340715 0.5852931 -0.684846 0.4184522 0.5653117 -0.710859 0.4583982 0.5469954 -0.7004764 0.4792416 0.5336877 -0.6967819 0.552766 0.5274044 -0.645209 0.6693066 0.5032235 -0.5466212 0.7241646 0.4808332 -0.4943534 0.7747953 0.4594386 -0.4342907 0.8203225 0.434958 -0.3713257 0.9105904 0.3574671 -0.207467 0.9031454 0.3606417 -0.2329506 0.9390825 0.31435 -0.1389549 0.9389827 0.3144998 -0.1392894 0.9521657 0.2903283 -0.09534168 0.9641365 0.2612456 -0.04681664 0.9775196 0.2009363 0.06387597 0.9767677 0.1568688 0.1460039 0.9661403 0.05569714 0.2519344 0.9621264 0.0147714 0.2722032 0.9693388 0.01998978 0.2449135 0.9592623 -0.1193889 0.2560515 0.9768651 -0.1135932 0.1811937 0.9585959 -0.1859511 0.2156764 0.9355462 -0.2554098 0.2439653 0.8865829 -0.3638499 0.2856292 0.7967637 -0.5037797 0.333727 0.7427483 -0.6582403 0.1226571 0.7405722 -0.6688222 0.06503582 0.643369 -0.765353 0.01763987 0.4200638 -0.905591 -0.05874907 0.4135369 -0.9056 -0.09421312 0.4048409 -0.9055131 -0.1270831 0.5360141 -0.8214325 -0.1947755 0.5867056 -0.7793138 -0.2201061 0.9915892 0.03647005 0.1241813 0.9857838 0.03552371 0.1642209 0.9321161 0.3025364 0.1990764 0.9191521 0.3046139 0.24974 0.9035899 0.3090706 0.2966492 0.880958 0.3271319 0.341903 0.8420052 0.3896437 0.3731021 0.7667657 0.4741166 0.432763 0.7389214 0.4800303 0.4728279 0.7121497 0.4844412 0.5080941 0.6319906 0.6366295 0.4419173 0.6094438 0.6719782 0.4207417 0.5963721 0.6989466 0.394733 0.5629269 0.7499792 0.3473392 0.4803084 0.7784793 0.4040719 0.3923587 0.8817694 0.2617963 0.4119757 0.8367083 0.3608258 0.2669485 0.8647827 0.425311 0.2404044 0.9082079 0.3425846 0.1784449 0.9477388 0.2644782 0.1525655 0.9727698 0.1744784 0.1132549 0.993323 0.02197343 0.08813863 0.9959548 0.01748734 0.1230232 0.9761895 0.1786598 0.06250363 0.9808622 0.1843981 0.005157649 0.9864254 0.1641295 0.01471012 0.9863137 0.1642228 -0.005157709 0.8347339 -0.5506295 0.05920708 0.8379024 -0.5425994 0.09793531 0.8765656 -0.4712128 0.149087 0.8331176 -0.5326239 0.1293406 0.8095232 -0.5726633 0.1510092 0.8144059 -0.5603027 0.1855868 0.7944741 -0.5782461 0.2266637 0.7771633 -0.5870612 0.2320094 0.7653685 -0.6003189 0.2751927 0.7538883 -0.5965917 0.2870337 0.745769 -0.6011992 0.3188036 0.7321253 -0.6019608 0.3293986 0.7096735 -0.6227841 0.3430637 0.7021804 -0.6238992 0.3716949 0.6832362 -0.6285151 0.3725488 0.6724923 -0.639501 0.393087 0.6569557 -0.6433442 0.4026184 0.6432678 -0.6512334 0.4598964 0.6266848 -0.6290958 0.4838806 0.577849 -0.6572292 0.4264779 0.5615262 -0.7090874 0.4587921 0.5426583 -0.703585 0.606357 0.5200484 -0.6015655 0.8593443 0.4100792 -0.3055528 0.9306764 0.3314971 -0.1547617 0.96175 0.2731159 -0.02108871 0.96349 0.2644791 -0.04168915 0.9645293 0.2598406 -0.04654175 0.9720102 0.2349378 7.01945e-4 0.9778808 0.1820442 0.1030007 0.9774653 0.1521987 0.146278 0.9735839 0.1211296 0.193551 0.9684321 0.07989895 0.2361263 0.966023 0.01889133 0.2577648 0.9785863 0.03506612 0.2028281 0.9022133 -0.3339428 0.2729346 0.8346136 -0.4459187 0.3233833 0.8590471 -0.3944878 0.3262169 0.7647509 -0.5624084 0.3144091 0.742013 -0.6151142 0.2665545 0.6915144 -0.7018605 0.1708796 0.6872932 -0.7231532 0.06839358 0.5745218 -0.8182777 0.01861661 0.4235815 -0.9055165 -0.02487343 0.4634321 -0.8697936 -0.1693809 0.5391592 -0.8187798 -0.1972482 0.9811674 0.0383628 0.1893116 0.9632388 0.1561044 0.2186377 0.8175897 0.3940386 0.4198582 0.6650715 0.5468711 0.5085392 0.6556485 0.5724221 0.4924002 0.5895442 0.6615397 0.4634684 0.4958171 0.7554756 0.4282779 0.4498185 0.8189144 0.3564305 0.4092254 0.868593 0.2794293 0.431632 0.8405577 0.3273481 0.4132887 0.7922436 0.448935 0.3745648 0.799914 0.4688698 0.3338209 0.8069627 0.4872112 0.2908806 0.8134953 0.5036011 0.2027404 0.9135985 0.3524686 0.1090148 0.9938299 0.0204479 0.0951578 0.9952504 0.02053916 0.1089516 0.9549596 0.2760108 0.07324641 0.9573311 0.2795572 0.03537201 0.9581584 0.2840446 0.007690787 0.9678804 0.2512937 0.003051877 0.831525 -0.5554792 0.05188256 0.8879553 -0.4569941 0.212749 0.8133963 -0.5414096 0.2225452 0.7702714 -0.5976249 0.2739399 0.7880959 -0.5512368 0.330673 0.7558634 -0.5650893 0.381796 0.7166229 -0.583681 0.4245265 0.674115 -0.604439 0.4668211 0.5387548 -0.7012998 0.4887361 0.5321345 -0.6913537 0.5587231 0.5398924 -0.6295592 0.6486684 0.5112071 -0.5638233 0.7558443 0.4777512 -0.4477201 0.8016721 0.4574792 -0.3847526 0.8429748 0.4320013 -0.3205752 0.8754003 0.4036107 -0.266032 0.8948548 0.3814905 -0.2317326 0.9469233 0.3071466 -0.09485405 0.9706904 0.2343866 0.05313372 0.9773132 0.2058818 0.04971557 0.9773195 0.2058221 0.049838 0.9706343 0.1504294 0.1877239 0.9668497 0.08884149 0.2393929 0.9680141 0.08673608 0.2354266 0.9629632 0.05703979 0.2635308 0.9585506 0.01370316 0.2845926 0.9608734 -0.04034662 0.2740339 0.963606 -0.03381496 0.2651793 0.9483491 -0.08017355 0.3069301 0.9462696 -0.1690443 0.2756774 0.9178439 -0.2475132 0.3103224 0.8655642 -0.4016979 0.2990608 0.8081528 -0.4673125 0.3584805 0.7515574 -0.5498889 0.3643952 0.7183198 -0.6570992 0.2285549 0.6731024 -0.7290747 0.1240302 0.6132296 -0.7866113 0.07205665 0.5003681 -0.8656262 0.01797598 0.2592862 -0.9651209 -0.03622555 0.255294 -0.9651122 -0.05816978 0.2498933 -0.9650865 -0.07849603 0.3928698 -0.9079985 -0.1455752 0.5185894 -0.8294317 -0.2076249 0.9791156 -0.007507681 0.203166 0.9810936 0.03845387 0.1896754 0.9759384 0.0394001 0.2144573 0.9482007 0.1584861 0.2753136 0.9331194 0.1515575 0.3260653 0.9009532 0.233776 0.3655573 0.8621199 0.314017 0.3976714 0.7910284 0.3987035 0.4640147 0.7617125 0.4038071 0.5066893 0.6799973 0.5085407 0.528195 0.6605019 0.5466644 0.51468 0.5123017 0.7305778 0.4514456 0.448294 0.7846443 0.4282125 0.4350485 0.8387234 0.32753 0.4179883 0.8545931 0.3081504 0.2455266 0.8195003 0.5178185 0.2252312 0.870589 0.4374308 0.1637033 0.91813 0.3608857 0.1439878 0.9517906 0.2708545 0.1057187 0.9941647 0.02145498 0.09872907 0.9948289 0.02383536 0.01510697 0.8210566 -0.570647 0.007538259 0.8724849 -0.488583 0.1005306 0.9186614 -0.3820406 0.1584858 0.8728473 -0.4615409 0.5062549 0.6653522 -0.5486462 0.5381797 0.6152718 -0.5760238 0.4446669 0.5523392 -0.7051191 0.5171141 0.5490064 -0.6566469 0.53156 0.5435541 -0.6496098 0.5596385 0.5327507 -0.6348083 0.5944635 0.5318675 -0.6031006 0.7092726 0.4939882 -0.5028999 0.9243323 0.3457815 -0.161385 0.9640603 0.2650563 0.01825022 0.974449 0.1897686 0.1201542 0.9565371 0.08224958 0.2797707 0.95284 0.05990916 0.2975012 0.9490003 0.04043817 0.3126711 0.9552847 0.01379472 0.2953658 0.9586297 -0.02288913 0.2837344 0.9230874 -0.1525355 0.3530475 0.8673009 -0.3978206 0.2992123 0.6869003 -0.639351 0.3455407 0.7030608 -0.6507516 0.2867543 0.6564326 -0.7315093 0.1843651 0.5249958 -0.8478916 0.07388758 0.426044 -0.9045196 0.01818925 0.2616117 -0.9650517 -0.01532065 0.2455875 -0.9647406 -0.09467035 0.3956507 -0.9069997 -0.1442642 0.4518411 -0.8732238 -0.1825371 0.9699373 0.03189277 0.2412559 0.8371635 0.3175489 0.4453315 0.7318569 0.4077706 0.5459933 0.6857136 0.4792182 0.5478567 0.6311073 0.5675663 0.5287458 0.5324988 0.6872006 0.4941667 0.5290867 0.7055812 0.4714048 0.4819322 0.7253856 0.4914848 0.443412 0.7335876 0.5150098 0.4017606 0.7413527 0.537573 0.3579307 0.7484865 0.5582596 0.3119046 0.7550107 0.5767794 0.2634407 0.7607797 0.5931384 0.1818929 0.8754972 0.4476825 0.1015069 0.9945602 0.02337771 0.123847 0.9217721 0.3674209 0.0833168 0.9243894 0.37224 0.04049903 0.9268093 0.3733423 0.009704947 0.9447706 0.3275888 0.01925766 0.8203298 -0.5715665 0.01883035 0.8514256 -0.5241373 0.01211613 0.8742874 -0.4852575 0.05554509 0.9498524 -0.3077262 0.3557344 0.7954277 -0.4906607 0.412833 0.7570285 -0.5064353 0.4633742 0.7132356 -0.5259082 0.5669288 0.5629308 -0.6014158 0.6178679 0.5308262 -0.5800542 0.6815881 0.4780547 -0.5539868 0.793472 0.43899 -0.4215329 0.8170143 0.4272158 -0.3872654 0.8478847 0.4031587 -0.3443177 0.8667901 0.4114666 -0.2817274 0.9180215 0.337849 -0.2075924 0.9198149 0.3341841 -0.2055765 0.9512288 0.3050109 -0.04617583 0.9140912 -0.07748913 0.3980361 0.9658537 0.1141433 0.2325898 0.9575697 0.08981794 0.2738486 0.9568369 0.08533155 0.2778159 0.9480096 0.02630728 0.3171527 0.89736 -0.1361773 0.4197629 0.8907009 -0.2304195 0.3918657 0.8811132 -0.3253017 0.3432468 0.8235289 -0.4664548 0.3228316 0.7747045 -0.5207831 0.3586335 0.7573155 -0.519384 0.3958708 0.671663 -0.6238396 0.3996163 0.6387704 -0.7290772 0.2458029 0.5921882 -0.7950167 0.1313837 0.4402058 -0.8948165 0.0743137 0.3462092 -0.9378841 0.02264517 0.114081 -0.9933409 -0.01611411 0.1115458 -0.9934442 -0.0250253 0.107365 -0.9936298 -0.03424203 0.1039483 -0.9937653 -0.0403158 0.3393083 -0.9312515 -0.1328179 0.9647254 0.03689706 0.2606599 0.9389095 0.04196327 0.3415964 0.9124101 0.1515597 0.380181 0.8771657 0.2363443 0.4179974 0.8093116 0.321277 0.4917275 0.7786337 0.3255777 0.5364037 0.5698343 0.652909 0.4989979 0.5290526 0.7017004 0.4772002 0.2127192 0.7658504 0.6068145 0.198282 0.824593 0.5298404 0.1376426 0.879387 0.4557773 0.0101934 0.9445412 0.3282349 0.01794546 0.8830517 -0.4689324 0.02517795 0.9036614 -0.4275072 0.0213021 0.9440072 -0.3292367 0.09714335 0.9518708 -0.2906977 0.1677034 0.9082233 -0.3834137 0.2273083 0.8537188 -0.4685031 0.2941756 0.8275312 -0.4781766 0.5461137 0.6969099 -0.4648405 0.5876224 0.6450601 -0.4884645 0.6459804 0.54084 -0.5387036 0.6174045 0.5313708 -0.580049 0.6844835 0.485224 -0.5440955 0.71363 0.4758551 -0.5140956 0.7491775 0.4743245 -0.4623305 0.8163271 0.4297711 -0.3858845 0.8204374 0.4223499 -0.3853611 0.8667482 0.4122242 -0.2807471 0.9013608 0.3631507 -0.2359457 0.919512 0.3333914 -0.2082017 0.9371302 0.3329672 -0.1044986 0.9621942 0.2722269 -0.00866729 0.970191 0.05307209 0.2364592 0.9483437 8.2401e-4 0.3172438 0.9169149 -0.0795632 0.3910713 0.9111643 -0.08749985 0.4026458 0.9640567 0.1434076 0.2236719 0.9591762 0.09381484 0.2667956 0.9416042 0.02798593 0.3355569 0.9357953 -0.006103694 0.3524911 0.9282954 -0.05227899 0.3681503 0.9582715 0.02069199 0.2851101 0.9118425 -0.09875899 0.3984847 0.8604134 -0.2037194 0.4671051 0.8554335 -0.3003433 0.4219333 0.8369317 -0.3997728 0.3738008 0.7791315 -0.5003361 0.3776479 0.6982787 -0.5761104 0.4248574 0.6999655 -0.5779485 0.419552 0.6017457 -0.7063652 0.3727606 0.620067 -0.7213005 0.3086143 0.5713436 -0.7971526 0.1952291 0.5041156 -0.8527056 0.13697 0.346978 -0.9348781 0.0748952 0.2616382 -0.9649758 0.01916581 0.1121876 -0.9936664 -0.006408929 0.1426149 -0.9885381 -0.04953217 0.2655498 -0.9587385 -0.1015077 0.9503388 -0.006775259 0.3111437 0.9573925 0.03805762 0.2862716 0.9478502 0.04980653 0.3148005 0.8509398 0.2391799 0.4676476 0.7454889 0.3287512 0.579801 0.6880304 0.478789 0.5453214 0.5994926 0.5856062 0.5455952 0.5728794 0.6494221 0.5000602 0.5437698 0.652359 0.5279606 0.469722 0.6681583 0.5769972 0.4255899 0.6756334 0.6019906 0.3790807 0.6825649 0.6248224 0.3301594 0.6890681 0.6451201 0.2788559 0.694683 0.6630649 0.2251699 0.6997421 0.6779819 0.1500626 0.8285337 0.5394564 0.09262686 0.8821069 0.4618525 0.04605317 0.883556 0.4660559 0.01226854 0.9142819 0.4048928 0.02307254 0.9626084 -0.2699124 0.1030031 0.9823598 -0.1560764 0.1378532 0.9512084 -0.2760421 0.3774955 0.8282682 -0.4140883 0.4399653 0.7896241 -0.4276965 0.4964583 0.7454658 -0.4447585 0.6206434 0.5909175 -0.5153818 0.628816 0.5180926 -0.5798023 0.6450334 0.5065656 -0.5721219 0.694283 0.4645645 -0.5496827 0.6954059 0.4622712 -0.5501965 0.7405194 0.4501897 -0.4989594 0.7744079 0.4236446 -0.4699125 0.8372265 0.3838064 -0.3895439 0.8386033 0.3795658 -0.3907358 0.892483 0.3501202 -0.2844116 0.9345929 0.2628323 -0.2396987 0.9343711 0.314041 -0.1683125 0.9608614 0.2698798 -0.06253349 0.965064 0.2608743 -0.02441495 0.9685549 0.2461978 0.03589046 0.971245 0.2260562 0.07471114 0.9593978 0.01171928 0.2818132 0.9523576 -0.00149542 0.3049802 0.9459404 -0.003021359 0.3243268 0.9214785 -0.054569 0.3845775 -0.2643562 -0.5996388 0.7553471 -0.09570759 -0.69446 0.7131376 -0.2670112 -0.6730979 0.6896697 0.8743128 -0.1348946 0.4662411 0.9126603 -0.04156637 0.4065999 0.61664 -0.4775946 0.6258262 0.7317998 -0.4107943 0.5437988 0.8112824 -0.36763 0.4546087 0.7778126 -0.5276161 0.3415099 0.6782639 -0.596777 0.428737 0.6392545 -0.6219196 0.4522941 0.5877659 -0.685671 0.4294027 0.5506316 -0.7929253 0.2609106 0.4118587 -0.900321 0.1406942 0.1766142 -0.9841504 0.01599198 0.01864695 -0.9998245 -0.001831114 0.01779264 -0.9998365 -0.003234982 0.01904392 -0.9998057 -0.005096673 0.01986795 -0.9997774 -0.007110953 0.08035725 -0.9964848 -0.02368295 0.2311854 -0.9694527 -0.08194488 0.9573745 0.03808742 0.2863273 0.9177188 0.08319592 0.3884206 0.8864033 0.1569914 0.4354802 0.8217868 0.2421687 0.5157722 0.789795 0.2451572 0.5622472 0.7020753 0.4220875 0.5735263 0.694735 0.4518036 0.5596578 0.6636685 0.469689 0.5821825 0.5954672 0.5738594 0.5622314 0.5832316 0.6143922 0.5313786 0.5112566 0.6605561 0.5498022 0.1703909 0.70366 0.6898041 0.1610197 0.7698181 0.6176185 0.1009266 0.8314319 0.5463835 0.01593077 0.9495592 -0.313183 0.02963417 0.9637681 -0.2650904 0.05813872 0.9866197 -0.1523205 0.1458797 0.9767229 -0.1572632 0.1764281 0.9394239 -0.2938637 0.2436358 0.887014 -0.3922345 0.3110554 0.860713 -0.403011 0.5808788 0.7218487 -0.3761841 0.6291811 0.6688253 -0.3959848 0.670121 0.6129271 -0.4186387 0.6680282 0.5234297 -0.5289231 0.8096801 0.4050841 -0.4246471 0.9461681 0.2968029 -0.1291283 0.9466091 0.3028404 -0.1105399 0.9769464 0.2128096 -0.0169686 0.9742655 0.04941064 0.2199215 0.9035744 -0.1492376 0.4015988 0.8368926 -0.1915678 0.5127502 0.8241958 -0.2231853 0.5204707 0.7099139 -0.3109936 0.6319061 0.6968472 -0.3860386 0.6044652 0.9181436 -0.05182182 0.3928448 0.6201237 -0.4753091 0.6241218 0.7586708 -0.309035 0.5735123 0.8211724 -0.2610588 0.5074685 0.7917129 -0.341394 0.5065973 0.7602286 -0.4332174 0.4841231 0.787147 -0.4693523 0.4001351 0.7460461 -0.5696136 0.3448994 0.7004265 -0.5968427 0.3913843 0.593079 -0.6603432 0.4606564 0.5776994 -0.6651981 0.4730487 0.5074785 -0.7655821 0.3954108 0.5290488 -0.7829372 0.3272869 0.4797953 -0.8533223 0.2040526 0.3172208 -0.9375014 0.1430454 0.2498914 -0.9653231 0.07553505 0.1156674 -0.9932141 0.01211607 0.02346938 -0.9997238 -0.001220762 0.02737545 -0.9996172 -0.003997921 0.02606308 -0.9996452 -0.005493342 0.02090531 -0.9997633 -0.006042659 0.02331614 -0.9996957 -0.008056879 0.02175974 -0.9997281 -0.008392572 0.01565629 -0.9998664 -0.004730403 0.9095958 -0.007416129 0.4154281 0.9354597 0.08475047 0.3431219 0.8589212 0.1586062 0.4869275 0.7542784 0.2487608 0.6076038 0.7041956 0.4069405 0.5818144 0.631547 0.4856622 0.6043844 0.6058 0.5486381 0.5761967 0.5711689 0.5802942 0.5805384 0.5358606 0.5889034 0.6050177 0.4921264 0.5961673 0.6343472 0.4456999 0.6033003 0.6613475 0.39684 0.6097413 0.6861002 0.345596 0.6156883 0.7081606 0.2917363 0.6210725 0.7274331 0.2356438 0.6255961 0.743708 0.1782314 0.6293036 0.7564461 0.1082523 0.772904 0.6252206 0.04852551 0.8321672 0.5523976 0.009308218 0.8774186 0.4796352 0.04593187 0.9720783 -0.2301174 0.08609515 0.995451 -0.04080438 0.1409974 0.9891789 -0.04055958 0.1860754 0.9695942 -0.1589438 0.2195553 0.9336138 -0.2831269 0.3965948 0.8551127 -0.3339087 0.4635519 0.8159844 -0.3453826 0.5253866 0.7712792 -0.3593016 0.7003241 0.5568227 -0.4466484 0.6811947 0.4893493 -0.5445285 0.7461413 0.4425941 -0.4973767 0.8157726 0.3848444 -0.4317522 0.8393076 0.38622 -0.3826187 0.9344916 0.2679873 -0.2343248 0.9649373 0.2225487 -0.1391692 0.9807116 0.02496486 0.1938594 0.3943428 -0.6342569 0.6649901 0.5868508 -0.5019773 0.635315 0.776768 -0.320754 0.5419858 0.8177933 -0.3066267 0.4870259 0.7763446 -0.5306965 0.3400743 0.5028093 -0.7103116 0.4925853 0.4822378 -0.7442167 0.462156 0.4559581 -0.847246 0.2725372 0.3849079 -0.8986678 0.2103382 0.1508563 -0.9849762 0.08404982 0.05899304 -0.9956191 0.0725435 0.04419088 -0.9988422 0.01901304 0 -0.9997878 0.02060002 0.9212894 0.01614475 0.3885426 0.8897173 0.08349967 0.4488108 0.8285457 0.1607466 0.5363513 0.7952933 0.1626049 0.5840106 0.7170095 0.2522076 0.6498376 0.7019823 0.3864702 0.5982155 0.6392824 0.4527195 0.6215813 0.6225622 0.5173929 0.5871294 0.5938679 0.5062785 0.6253024 0.1199091 0.6318958 0.7657216 0.1146609 0.7064298 0.6984338 0.05176013 0.7765242 0.6279579 0.02041709 0.8319145 0.5545282 0.02307224 0.9864618 -0.1623604 0.01870816 0.9865289 -0.162514 0.06076383 0.9972175 -0.04318475 0.1134078 0.9926543 -0.04214644 0.1668171 0.9851242 -0.04126173 0.1682817 0.9849092 -0.04043763 0.2317289 0.9596928 -0.1590332 0.2605085 0.9113831 -0.3186163 0.3256995 0.8878607 -0.3249976 0.6099156 0.7398031 -0.2840678 0.6639502 0.6853443 -0.2991209 0.7113161 0.6274487 -0.316761 0.7518058 0.5665858 -0.3372963 0.8613399 0.3571342 -0.3613153 0.9187313 0.28429 -0.274066 0.9318725 0.2421696 -0.2701252 0.9359353 0.2610621 -0.2363719 0.9952964 0.06189316 0.07452815 0.9061242 -0.1073065 0.409175 -0.005157768 -0.5155656 0.8568345 -0.02185165 -0.4670032 0.8839856 0.09665369 -0.445425 0.890087 0.5887422 -0.5079889 0.6287527 0.7373727 -0.343798 0.5814505 0.3452612 -0.2868478 0.8935956 0.3834075 -0.3166019 0.8676186 0.3184022 -0.3206912 0.8920635 0.7048754 -0.4883404 0.514465 0.7297758 -0.5364975 0.42379 0.7236529 -0.5908311 0.3567144 0.6234716 -0.6622917 0.4155154 0.5004238 -0.7153097 0.4877583 0.4064939 -0.8152463 0.4124758 0.4305381 -0.8353177 0.341879 0.2876102 -0.9335126 0.2140902 0.2198923 -0.9648709 0.1437768 0.009766042 -0.9999521 -7.62973e-4 0 -1 0 0.9100863 0.02926802 0.4133842 0.8898845 0.02383559 0.455563 0.8593105 0.08301335 0.5046725 0.7588529 0.1656261 0.6298494 0.7200708 0.1682525 0.6731933 0.7142781 0.3194169 0.6227196 0.6451408 0.4334611 0.6292099 0.6136767 0.4249165 0.6654675 0.5557259 0.5122664 0.6547915 0.5100053 0.5190085 0.6859481 0.4618476 0.5249309 0.7149437 0.410856 0.530951 0.74114 0.3575921 0.5363424 0.7645031 0.3018348 0.5410137 0.7849841 0.2436653 0.5451646 0.8021364 0.1843081 0.5482854 0.815729 0.123938 0.5506559 0.8254802 0.05655115 0.7069359 0.7050132 0.01886087 0.7890442 0.6140469 0.005859613 0.9892084 -0.146399 0.05722332 0.9975484 -0.04028522 0.07751792 0.9969906 -7.93491e-4 0.1062065 0.994343 -0.001464903 0.1348639 0.9908633 -0.001281797 0.1680058 0.9849323 -0.04101723 0.2202273 0.9745729 -0.04132312 0.2726623 0.931764 -0.2397316 0.4126505 0.875505 -0.2514173 0.4834519 0.835794 -0.2602357 0.5495648 0.7902723 -0.2710133 0.7821548 0.5063803 -0.3630605 0.6981975 0.4946315 -0.5175518 0.8155878 0.398272 -0.4197573 0.85598 0.3495091 -0.3809747 0.8567738 0.3465183 -0.3819209 0.8951035 0.3033323 -0.3267712 0.9321246 0.2467191 -0.2650918 0.9317755 0.2427481 -0.2699405 0.9960069 0.06942993 0.05612379 0.9888076 0.06335693 0.135076 0.9808335 0.02844411 0.1927607 0.9803974 0.05365264 0.189585 0.8194921 -0.1463073 0.5541002 0.5747731 -0.4418608 0.6887633 0.6381883 -0.4421935 0.6302227 0.4233999 -0.5631497 0.7096443 0.267045 -0.6730757 0.6896783 0.5484964 -0.5440406 0.6349581 0.7259309 -0.3818569 0.5720223 0.5290507 -0.5577693 0.6395302 0.6751158 -0.4399957 0.5921339 0.6520139 -0.6595217 0.3740443 0.5374119 -0.7219614 0.4358442 0.4326406 -0.7424412 0.5114718 0.3794421 -0.7919973 0.478293 0.3577475 -0.8906455 0.2806557 0.1182301 -0.9826162 0.1431335 0.01617485 -0.9997304 0.01666319 0.02469015 -0.999692 -0.002533078 -0.01251274 -0.9997089 0.02063077 -0.02175974 -0.9997281 -0.008392572 0.9014211 0.03662323 0.4313917 0.877979 0.0230115 0.4781457 0.8688908 0.02920717 0.4941415 0.831335 0.07525956 0.5506526 0.7967665 0.08066236 0.5988796 0.677834 0.1702978 0.7152201 0.6762442 0.2559034 0.6908019 0.6965156 0.3846675 0.6057201 0.6543698 0.4282199 0.6232399 0.5706834 0.4319114 0.6984074 0.06195455 0.5517315 0.8317175 0.05929803 0.6350356 0.7702035 0.01934915 0.732278 0.6807311 0.07742685 0.9969967 0.001678526 0.1637058 0.9865076 0.001831114 0.18858 0.982057 0.001220762 0.193247 0.9803352 -0.03998005 0.2499853 0.967499 -0.03811883 0.2783341 0.9471599 -0.1594317 0.3380935 0.9087752 -0.2445822 0.6330237 0.7506132 -0.18937 0.6913818 0.6944338 -0.1993818 0.7436854 0.6342445 -0.2113436 0.7899231 0.5703085 -0.2253217 0.8291844 0.503938 -0.241867 0.7309053 0.5006376 -0.4638314 0.726853 0.4717708 -0.4991163 0.7651809 0.4349921 -0.4746367 0.8577199 0.3598859 -0.3671495 0.8591502 0.3566796 -0.3669341 0.8999614 0.2957957 -0.3202725 0.9704052 0.1763069 -0.1650149 0.9588938 0.1939517 -0.2071362 0.9498372 0.2307528 -0.2110986 0.9743214 0.1714866 -0.1459116 0.9650059 -0.06793493 0.2532759 0.9059048 -0.06528079 0.4184198 0.5171184 -0.5688485 0.6395311 0.02487307 -0.6598854 0.7509545 0.09570759 -0.69446 0.7131376 -0.0288096 -0.6974439 0.7160602 0.5324323 -0.5579461 0.6365627 0.5214763 -0.5676514 0.6370514 0.05939096 -0.8664795 0.4956673 -0.005859673 -0.894857 0.4463145 -0.001403868 -0.8946948 0.446676 0.6372108 -0.5480337 0.5418687 0.665248 -0.6465094 0.373458 0.6022619 -0.6972981 0.3886594 0.5928316 -0.6600344 0.4614167 0.4449362 -0.7726186 0.4528712 0.396629 -0.7634101 0.5097946 0.3021082 -0.854015 0.4235436 0.3302764 -0.8758031 0.3519754 0.2562385 -0.9236 0.2851401 0.1867765 -0.9586337 0.214793 0.04791456 -0.9884144 0.1440185 -0.002777218 -0.9991421 0.04132312 -0.01779252 -0.999374 0.03057998 -0.01892197 -0.999356 0.03048878 -0.01257371 -0.999705 0.0207833 -0.01986795 -0.9997774 -0.007110953 -0.01565629 -0.9998664 -0.004730403 0.8565477 -0.007324516 0.5160161 0.8560338 0.01821994 0.5165989 0.8337922 0.0106818 0.5519753 0.7576975 0.08368331 0.6472184 0.7170596 0.0844174 0.6918809 0.664962 0.3352583 0.6674036 0.6953189 0.3819172 0.6088275 0.6665967 0.4261372 0.6116014 0.5232781 0.437886 0.7310512 0.4732664 0.4433573 0.7612183 0.4210491 0.4480895 0.7886278 0.36605 0.4531829 0.8127933 0.3088868 0.4570279 0.834095 0.249248 0.4608051 0.851783 0.1883926 0.463764 0.8656969 0.1266536 0.4658717 0.8757411 0.0614652 0.465262 0.8830364 0.01999002 0.6761215 0.7365189 -0.05752921 0.9906931 -0.1233597 0.04211592 0.9983308 -0.03952181 0.02841335 0.999596 -7.32461e-4 0.1901948 0.9817372 0.004242122 0.2183036 0.9758809 -3.35711e-4 0.2377127 0.9205455 -0.3099818 0.2745183 0.9610428 -0.03219747 0.2850486 0.9551874 -0.07977694 0.4256235 0.8893048 -0.1672768 0.4993602 0.8489001 -0.1732287 0.5689119 0.8023548 -0.1804611 0.8596395 0.4388383 -0.2616122 0.7604682 0.4636421 -0.4546695 0.7632786 0.4411207 -0.4720364 0.8065707 0.419186 -0.4168055 0.8608329 0.366295 -0.3532631 0.8981779 0.3161171 -0.305527 0.9311318 0.2515063 -0.2640801 0.9490596 0.2296274 -0.2157716 0.9690365 0.1606515 -0.1875082 0.9987392 0.03851515 0.03219765 0.9652702 -0.04025518 0.2581338 0.819541 -0.08835405 0.5661678 -0.4266945 -0.4051782 0.8085558 -0.2643556 -0.5186094 0.8131178 -0.4262978 -0.4869708 0.7623187 0.637571 -0.4673365 0.612454 0.6656894 -0.5994317 0.4444541 0.5743626 -0.7185331 0.3921962 0.3593654 -0.7707054 0.5261842 0.2789735 -0.8256895 0.4903171 0.08200579 -0.9734184 0.2138499 -0.01879984 -0.9960885 0.08633905 -0.003021299 -0.9991236 0.04174965 -0.05307239 -0.9943677 0.09173989 -0.04654157 -0.9961118 0.07480221 -0.02282822 -0.9991329 0.03482222 -0.02331614 -0.9996957 -0.008056879 -0.1039483 -0.9937653 -0.0403158 0.8558469 0.01840299 0.5169019 0.84059 0.03836262 0.5403118 0.8151988 0.02761989 0.5785223 0.8042686 0.01901334 0.5939618 0.7835152 0.02233994 0.6209709 0.673716 0.08554589 0.7340223 0.6335261 0.1724358 0.7542617 0.6324872 0.2595688 0.7297836 0.6902542 0.3524364 0.6319319 0.6917796 0.3781028 0.6152068 0.6684713 0.3998376 0.6271173 0.6506484 0.407773 0.6406074 0.580533 0.3491683 0.7355698 0.5319206 0.3540236 0.7692385 0.02630722 0.4638259 0.8855357 0.02176016 0.6124591 0.7902028 0.0213024 0.6754815 0.7370692 0.01171922 0.9991906 -0.03848439 -0.02511686 0.9996702 -0.005371272 -0.02526944 0.9996697 -0.004699826 0.2379892 0.9202778 -0.310564 0.3481286 0.9232261 -0.1626655 0.6495975 0.7549797 -0.08960384 0.7118055 0.6959049 -0.09512913 0.7677475 0.6327294 -0.1010804 0.8159613 0.5678402 -0.1084652 0.8610531 0.495043 -0.116276 0.8974847 0.4226329 -0.1261062 0.815835 0.4448456 -0.369494 0.7723554 0.4569676 -0.4411891 0.7412044 0.4721416 -0.4771775 0.982757 0.1415492 -0.1189648 0.9870371 0.1192367 -0.1074259 0.9806357 0.1381288 -0.1388308 0.9794796 0.1338567 -0.1506727 0.9677492 0.2411895 -0.07272613 0.9995618 0.01431345 0.02591067 0.9937947 -0.01675498 0.1099604 0.9650681 -0.01687693 0.2614552 0.9055915 -0.02734506 0.4232686 0.708806 -0.1841522 0.6809421 0.7087491 -0.1087402 0.6970297 0.5763909 -0.2084175 0.7901493 -0.2648486 -0.3407812 0.9020662 -0.4269911 -0.3195948 0.8458948 0.4945994 -0.567419 0.6583366 0.5129911 -0.5248324 0.6792578 -0.5129911 -0.5248324 0.6792578 -0.6381883 -0.4421935 0.6302227 -0.5747731 -0.4418608 0.6887633 -0.2644163 -0.1487799 0.9528633 -0.4269007 -0.230602 0.8744018 -0.4267479 -0.1395636 0.8935369 0.5206897 -0.5728471 0.6330312 0.3620203 -0.682107 0.6353514 0.568089 -0.6055364 0.5573157 0.4870288 -0.7733315 0.4059082 0.3468207 -0.8145892 0.4649302 0.2885026 -0.7975712 0.5297608 0.192944 -0.8828669 0.4281575 0.225288 -0.9063711 0.357403 0.1528692 -0.9458116 0.286481 0.01226872 -0.9779307 0.2085691 -0.02148514 -0.9877996 0.1542416 -0.06262457 -0.9925934 0.1040996 -0.04467964 -0.9967467 0.06708049 -0.01229923 -0.9997784 0.01709073 -0.02090531 -0.9997633 -0.006042659 -0.107365 -0.9936298 -0.03424203 -0.08035725 -0.9964848 -0.02368295 0.7934791 -0.006683766 0.6085609 0.8016515 0.01632779 0.5975686 0.7679378 0.01428323 0.6403653 0.7340961 0.02423179 0.6786131 0.6750013 0.02142471 0.7375054 0.6301072 0.0901243 0.7712603 0.6262333 0.344262 0.699511 0.6915409 0.3492344 0.6323027 0.6908773 0.3727692 0.6194609 0.6750541 0.3943385 0.6235376 0.4805187 0.3587182 0.8002644 0.4271188 0.3626924 0.8282656 0.3711466 0.3667518 0.8530787 0.3127605 0.3700756 0.8747714 0.2525176 0.3727641 0.8929064 0.1906548 0.3756331 0.9069458 0.1282121 0.3771591 0.917231 0.06164848 0.3809694 0.9225301 0.03146559 0.3919923 0.9194302 0.01718258 0.5433128 0.8393545 0.018525 0.9992534 -0.03390657 -0.02337765 0.9996863 -0.009003102 0.2034392 0.7779278 -0.594509 0.2590171 0.9012342 -0.3474009 0.2750047 0.9610057 -0.02899283 0.3554874 0.9315368 -0.07660311 0.4353824 0.8967365 -0.07941013 0.5841346 0.8069236 -0.08752858 0.9242523 0.3569254 -0.1355065 0.830137 0.4158315 -0.3714253 0.8421626 0.3903642 -0.371992 0.8848779 0.3373303 -0.3212466 0.9208964 0.28197 -0.2691518 0.968547 0.1904072 -0.1601935 0.9938464 0.08423203 -0.07193291 0.990832 0.09149616 -0.09940057 0.9992026 0.00589019 0.03949195 0.998463 -0.004852533 0.05520904 0.9937126 -0.007172048 0.1117316 0.8192099 -0.03689831 0.5723056 0.5763918 -0.1260456 0.807394 -0.2643242 -0.2461044 0.932505 0.2089923 -0.6164481 0.7591537 0.2366798 -0.5105631 0.8266245 0.2628329 -0.5582911 0.7869118 0.4949383 -0.5686739 0.6569979 0.5150452 -0.5744969 0.6361461 0.3217039 -0.7194008 0.6156047 0.2930787 -0.7281951 0.6195457 0.529414 -0.7473201 0.4015392 0.2982316 -0.7986515 0.5226988 0.2147624 -0.8140647 0.539607 0.1601939 -0.8499528 0.5019146 0.04706031 -0.9574119 0.2848644 -0.04486352 -0.9856855 0.1625158 -0.02291971 -0.987686 0.1547617 -0.08957356 -0.9855838 0.1435313 -0.04577916 -0.996643 0.0678752 -0.01123082 -0.9997585 0.01889097 -0.01904392 -0.9998057 -0.005096673 -0.2498933 -0.9650865 -0.07849603 -0.1426151 -0.9885396 -0.04950171 0.7510868 0.02020394 0.6598943 0.7148386 0.02215653 0.6989384 0.6948238 0.0210275 0.7188727 0.6527949 0.02038645 0.7572604 0.6521976 0.02575826 0.7576113 0.5850225 0.08746796 0.8062866 0.5858239 0.1753046 0.7912514 0.5855933 0.2638038 0.7664777 0.6853637 0.3737044 0.6249973 0.6806424 0.3853983 0.6230524 0.5358601 0.267808 0.8007078 0.4836365 0.2711014 0.8322259 0.02365261 0.3996834 0.916348 -0.0233168 0.9996634 -0.01138371 0.1476228 0.6876349 -0.7108908 0.3076349 0.9515013 -0.002472043 0.3472791 0.9376446 -0.01483237 0.5116539 0.8552693 -0.08200502 0.6352255 0.7722259 -0.01248228 0.6965411 0.7174162 -0.01202458 0.7637854 0.6452165 -0.01809811 0.8255431 0.5638108 -0.02441531 0.854345 0.5192785 -0.02108854 0.8953145 0.4450326 -0.01892197 0.9386578 0.3436801 -0.02838313 0.8938555 0.3680653 -0.2560282 0.8484427 0.3962655 -0.3508829 0.8131258 0.4231806 -0.3996808 0.8035654 0.4306536 -0.4108774 0.9755259 0.1709093 -0.138345 0.9966902 0.06009191 -0.05475109 0.991134 0.08847445 -0.09912556 0.9982241 -0.014283 0.05783396 0.9999019 0.01400828 -3.35712e-4 0.9997333 -0.003082394 0.02288901 0.9837356 -0.002349972 0.1796073 0.9382011 -0.004516839 0.3460611 0.864676 -0.006470084 0.5022885 0.708127 -0.04550343 0.7046173 0.5404697 -0.2973514 0.7870672 -0.9140912 -0.07748913 0.3980361 -0.7097345 -0.3149018 0.6301698 -0.9111342 -0.08753037 0.402707 0.09067183 -0.7661789 0.6361986 0.2746766 -0.7383001 0.616008 0.4920595 -0.65964 0.5681132 0.3990412 -0.816211 0.4178106 0.2509887 -0.8440349 0.4739303 0.1765542 -0.8149572 0.5519723 0.05560606 -0.8619862 0.5038731 0.1199391 -0.9256372 0.3589019 -0.04364281 -0.9578536 0.2839226 -0.06479209 -0.9817699 0.1786895 -0.102331 -0.9784466 0.1793615 -0.1202754 -0.9715118 0.2042027 -0.1026035 -0.9794641 0.1735593 -0.09039753 -0.986682 0.13523 -0.05591034 -0.9943934 0.08975571 -0.01147502 -0.9997319 0.02011179 -0.02606308 -0.9996452 -0.005493342 -0.255294 -0.9651122 -0.05816978 -0.2455875 -0.9647406 -0.09467035 0.7199429 -0.006622612 0.6940017 0.6366922 -0.005432367 0.771099 0.6405097 0.02536153 0.7675312 0.5827008 0.02090555 0.8124179 0.4293115 0.2744273 0.8604542 0.3728559 0.2770859 0.8855518 0.3138328 0.279895 0.9072859 0.2532525 0.2820937 0.9253575 0.1912336 0.2839817 0.9395659 0.1283959 0.2852971 0.9498 0.06363201 0.2843147 0.9566171 0.02356094 0.3195987 0.94726 -0.02499514 0.9996249 -0.01120048 0.1501854 0.7225748 -0.6747815 0.2641482 0.7849675 -0.5604034 0.2917302 0.9179781 -0.2687189 0.3763896 0.9261267 -0.02490341 0.4027349 0.9153096 -0.00363177 0.4957192 0.868386 -0.0129705 0.5697061 0.8217965 -0.009247362 0.6245126 0.7810146 3.3571e-4 0.6383451 0.7694262 -0.02234023 0.6588444 0.7519273 -0.02301132 0.7146369 0.6988585 -0.02984774 0.7362414 0.6764546 -0.01892179 0.782264 0.6221612 -0.031282 0.8034673 0.5952684 -0.0097965 0.842332 0.538177 -0.02902382 0.8415445 0.5392184 -0.03235065 0.8679194 0.4958057 -0.02987772 0.8811934 0.4719251 -0.02801698 0.899773 0.435756 -0.02292007 0.9215308 0.3867408 -0.03482252 0.9450079 0.3244535 -0.04110985 0.9016915 0.3452033 -0.2603598 0.8564496 0.3923499 -0.3354934 0.8131623 0.4243435 -0.3983714 0.8761372 0.3563694 -0.3246297 0.901991 0.31926 -0.2906636 0.9530317 0.2310324 -0.1958435 0.984975 0.1349251 -0.1077936 0.9997629 0.01507622 -0.01571714 0.9983702 0.04113966 -0.03955268 0.9983321 0.03952187 -0.04208546 0.999737 -0.001464903 0.02288913 0.9936031 -0.001464903 0.1129198 0.9646701 -0.003448605 0.2634387 0.9050439 -0.005432367 0.4252836 0.8186473 -0.007355093 0.5742495 0.5758889 -0.05270588 0.8158273 0.2046923 0.005279779 0.9788122 0.1649849 -0.02526956 0.9859724 0.228005 -0.02145463 0.9734236 0.02292025 -0.6231194 0.7817909 0.1141109 -0.6175541 0.7782067 0.5134287 -0.7151622 0.4742722 0.4647725 -0.7845497 0.4104489 0.1943452 -0.8269743 0.5275826 0.1282105 -0.8250519 0.5503195 0.08807915 -0.9004155 0.426021 0.01257383 -0.9343414 0.3561576 -0.1255252 -0.968708 0.2141222 -0.1314467 -0.968897 0.2096678 -0.1341626 -0.970512 0.2002673 -0.00891155 -0.9998069 0.01751798 -0.01779264 -0.9998365 -0.003234982 -0.1115458 -0.9934442 -0.0250253 -0.4135369 -0.9056 -0.09421312 -0.4048409 -0.9055131 -0.1270831 -0.2311854 -0.9694527 -0.08194488 0.6210328 0.01513743 0.7836384 0.5914001 0.06073307 0.8040881 0.5553898 0.04333734 0.8304601 0.5302401 0.09604382 0.8423902 0.535436 0.1778072 0.825647 0.4824831 0.1807671 0.8570492 0.4276971 0.182963 0.8852117 0.187358 0.7370411 -0.6493592 0.2417426 0.7228472 -0.6473427 0.3050342 0.9079613 -0.2873334 0.3268009 0.9450918 -0.001648008 0.3404146 0.8879957 -0.3091626 0.3775508 0.9256726 -0.02420157 0.4275379 0.9036313 -0.02572733 0.4778385 0.878372 -0.01153624 0.5202526 0.8535171 -0.02908432 0.5577448 0.8300097 -0.002197384 0.5921324 0.8052476 -0.03091585 0.6360245 0.7655183 -0.09723478 0.6361113 0.7655736 -0.09622693 0.6856679 0.7096253 -0.1621468 0.7196092 0.6933323 -0.0381183 0.7146344 0.698856 -0.02996969 0.7564479 0.6524692 -0.04550403 0.7759469 0.6307983 -2.13633e-4 0.7820662 0.6223264 -0.03290015 0.8227125 0.5639077 -0.07178169 0.8429998 0.5378999 0.003906428 0.848794 0.5146111 0.1213434 0.8508359 0.4735004 -0.2277624 0.891588 0.45144 -0.03567689 0.9078288 0.419336 -0.002105832 0.9134671 0.4055683 -0.03305214 0.9130136 0.3253961 -0.2460156 0.9456083 0.3136157 -0.08643049 0.9449766 0.3245448 -0.0411098 0.9408708 0.3066856 -0.1438971 0.8864338 0.3552449 -0.2967089 0.8819692 0.3558212 -0.3090661 0.929817 0.2751577 -0.2443947 0.9519934 0.2365868 -0.1942563 0.9651312 0.2067658 -0.1605296 0.9962013 0.06781321 -0.05462896 0.9995513 0.022004 -0.02032548 0.999736 0.01742625 -0.01498472 0.9997268 -2.74667e-4 0.02337718 0.983526 -0.00125122 0.1807622 0.9640977 -9.46091e-4 0.2655465 0.9373791 -0.001220703 0.3483089 0.9036176 -8.54542e-4 0.4283394 0.8631514 -8.24025e-4 0.5049446 0.8157123 -5.79861e-4 0.5784575 0.7652168 -0.008362352 0.6437184 0.6432451 -0.01001012 0.765595 0.4267747 -0.1395319 0.8935291 0.02044802 -0.6862308 0.7270964 -0.02481174 -0.6599683 0.7508836 0.2643562 -0.5996388 0.7553471 0.2525507 -0.7492899 0.6121952 0.4153677 -0.7056064 0.5740987 0.307967 -0.8516015 0.4241832 0.1265009 -0.8553839 0.5023107 0.0518518 -0.8317658 0.5526998 0.05047839 -0.8346337 0.5484876 -0.06192296 -0.8664643 0.495384 -0.06466966 -0.9381839 0.3400424 -0.1371536 -0.9662705 0.2179686 -0.1529949 -0.9516324 0.2664363 -0.1697171 -0.9423098 0.2885282 -0.1345273 -0.9641839 0.2285866 -0.156717 -0.9532726 0.2582854 -0.1344974 -0.9702005 0.2015478 -0.1335825 -0.9665431 0.2189753 -0.04971557 -0.9942811 0.09451758 -0.01083427 -0.999687 0.02255368 -0.02737545 -0.9996172 -0.003997921 -0.2592862 -0.9651209 -0.03622555 -0.4200638 -0.905591 -0.05874907 -0.392844 -0.9080094 -0.1455769 -0.2655498 -0.9587385 -0.1015077 0.6154535 0.01269602 0.788071 0.5451977 -0.001861631 0.8383055 0.54245 0.03238093 0.8394638 0.3710242 0.1844592 0.9101186 0.3121787 0.1862269 0.9315922 0.2516016 0.1881518 0.9493659 0.1900092 0.1893378 0.9633523 0.1274174 0.1906836 0.9733471 0.06314408 0.1927893 0.9792065 0.02389651 0.242689 0.9698098 0.1236332 0.7096323 -0.6936403 0.2980223 0.7014588 -0.6474089 0.3592085 0.8850508 -0.2960647 0.3967472 0.8881644 -0.231853 0.4114303 0.8629325 -0.2933818 0.4578441 0.8888926 -0.01577824 0.4543653 0.8749462 -0.1673961 0.4903798 0.8411045 -0.2281907 0.5456476 0.8379882 -0.006683588 0.546663 0.7859044 -0.2889879 0.5953351 0.800118 -0.07339829 0.6039443 0.7607519 -0.237714 0.6601784 0.7428532 -0.1110572 0.719664 0.6932653 -0.03830111 0.7306991 0.6630068 -0.1627913 0.7559867 0.6508487 -0.06985801 0.7923665 0.6100455 0 0.7510935 0.5538743 -0.3592796 0.8479138 0.515377 0.1242129 0.908098 0.4187536 -0.001892149 0.9001218 0.3876804 -0.1987079 0.9245113 0.3692185 0.0946393 0.9427634 0.3285374 -0.05710107 0.8369869 0.2610911 -0.4809203 0.9198117 0.3081807 -0.2428395 0.9030897 0.3236547 -0.2822709 0.9770703 0.1676416 -0.1312628 0.9775264 0.03308266 -0.2082012 0.9995965 0.02273678 -0.0170297 0.9994984 0.02392691 -0.0207529 0.9934536 -0.00100708 0.1142325 0.7624316 -1.52596e-4 0.6470689 0.7075796 -0.009308218 0.7065725 0.5753208 -0.01068174 0.8178582 0.426532 -0.05823004 0.9025961 0.4603507 -0.301407 0.8350037 0.502133 -0.2726283 0.8206927 0.3665407 -0.194471 0.9098511 -0.5295402 -0.5576179 0.639257 -0.5205715 -0.5728819 0.6330969 -0.8816044 -0.0264905 0.471245 -0.8743003 -0.1348927 0.466265 -0.5763027 -0.3662969 0.730549 0.4328843 -0.7616372 0.4822034 0.3860686 -0.8254543 0.4117963 0.2151901 -0.8782176 0.4271148 0.1497904 -0.8651401 0.4786394 0.08087623 -0.8445923 0.5292664 -0.02288919 -0.9068101 0.4209176 -0.1301331 -0.938918 0.3185881 -0.1250979 -0.9396535 0.3184366 -0.1999937 -0.9154909 0.3491116 -0.1669376 -0.9447084 0.2822375 -0.1732266 -0.9455746 0.2754658 -0.1337358 -0.970394 0.2011227 -0.007782399 -0.9998148 0.01760965 -0.01864695 -0.9998245 -0.001831114 -0.114081 -0.9933409 -0.01611411 -0.5679581 -0.8192207 -0.07937979 -0.5589255 -0.8193749 -0.1273864 -0.4634082 -0.8698059 -0.1693832 -0.3393083 -0.9312515 -0.1328179 0.5382058 0.01409983 0.8426955 0.4770117 0.09573805 0.873667 0.4209228 0.09399956 0.9022129 0.3633596 0.0957992 0.9267106 0.02441519 0.2413142 0.9701399 0.1505513 0.7214438 -0.6759092 0.1570845 0.6317562 -0.7590841 0.2064599 0.6173351 -0.7591257 0.2545312 0.5990639 -0.7591683 0.3360192 0.7847164 -0.5208756 0.3573824 0.8131898 -0.4593477 0.4531247 0.8752719 -0.1690481 0.4745156 0.8346444 -0.2796492 0.497193 0.840873 -0.21385 0.5227952 0.8208463 -0.2299932 0.5411924 0.8081111 -0.2325238 0.6329681 0.7304465 -0.2565138 0.7025728 0.6823388 -0.2020037 0.7564868 0.6231777 -0.1984378 0.7623392 0.6374546 -0.1117613 0.8155836 0.5673439 -0.113774 0.8562139 0.5149492 0.0415365 0.8972298 0.4334317 -0.08435463 0.9306116 0.3659211 0.007995903 0.938082 0.2164992 -0.2704257 0.951744 0.2893839 -0.1021785 0.90066 0.2790395 -0.3330894 0.9244772 0.2989017 -0.2366432 0.9455912 0.2612095 -0.1939768 0.955899 0.2302995 -0.182262 0.9288811 0.181711 -0.3227401 0.9773449 0.03247231 -0.2091476 0.9784995 0.03204488 -0.2037447 0.999756 0.0171824 -0.01388633 0.9997197 -0.001037597 0.02365243 0.9931839 -0.02331656 0.1142026 0.9639239 -0.02264535 0.2652133 0.9036451 -0.02118033 0.4277581 0.8160534 -0.01889139 0.5776678 0.7034349 -6.7142e-4 0.7107595 0.6391061 -2.13636e-4 0.7691186 0.5697923 -2.74672e-4 0.8217888 0.5026605 -0.01120072 0.8644113 0.2644176 -0.1487501 0.9528676 -0.1140808 -0.6175563 0.7782095 -0.09860789 -0.5324706 0.8406852 -0.02472013 -0.5886451 0.8080137 -0.02441555 -0.5881706 0.8083683 -0.06766027 -0.5526964 0.8306316 -0.002716124 -0.6462914 0.7630859 -0.04794627 -0.6903231 0.7219109 -0.02395749 -0.704596 0.7092043 -0.002411007 -0.7481526 0.6635223 0.1536313 -0.7850643 0.6000596 0.1414867 -0.7989608 0.5845027 0.03262519 -0.8064752 0.5903673 0.2161046 -0.7672463 0.6038478 0.2574328 -0.7705283 0.5831075 -0.1933713 -0.0398584 0.9803157 -0.1299208 -0.05942112 0.9897423 -0.1640385 -0.07590025 0.9835296 -0.7602398 -0.4332238 0.4840997 -0.7049388 -0.4883116 0.5144057 -0.787147 -0.4693523 0.4001351 0.3096215 -0.855129 0.4157992 0.2341474 -0.8797619 0.4137561 0.008392751 -0.8665324 0.4990504 -0.02472031 -0.8519352 0.5230635 -0.05588072 -0.8365634 0.545013 -0.02047818 -0.8381416 0.5450683 -0.1320883 -0.8670588 0.4803768 -0.1335816 -0.8982653 0.4186594 -0.1287912 -0.9394434 0.3175833 -0.1313257 -0.937897 0.3210964 -0.1748736 -0.9376951 0.3002455 -0.2173297 -0.90228 0.372369 -0.1975493 -0.9211847 0.3352509 -0.1879383 -0.9314822 0.3114808 -0.1754552 -0.9483558 0.2642664 -0.1199722 -0.9664617 0.2270652 -0.04266494 -0.9943259 0.09744578 -0.008972465 -0.9997027 0.02267539 -0.02346938 -0.9997238 -0.001220762 -0.2616117 -0.9650517 -0.01532065 -0.4235815 -0.9055165 -0.02487343 -0.5726606 -0.8191025 -0.03363204 -0.5473669 -0.8190513 -0.1718857 -0.3956747 -0.9069848 -0.1442923 0.4509548 -0.003448665 0.8925402 0.5178824 0.02267581 0.8551514 0.4793594 0.02700912 0.8772031 0.3081175 0.09308224 0.9467837 0.2472628 0.09479117 0.9643007 0.1859217 0.094792 0.9779814 0.1235408 0.09473085 0.9878076 0.0659824 0.0905503 0.9937037 0.02362132 0.1643729 0.9861155 0.1281502 0.7228174 -0.6790528 0.117682 0.6825619 -0.7212908 0.3010102 0.5771169 -0.7591635 0.3524374 0.6757898 -0.6473762 0.1643771 0.4666405 -0.8690379 0.4239065 0.811923 -0.4013531 0.495204 0.7870587 -0.3678475 0.5800465 0.7794889 -0.2365232 0.7257258 0.6027318 -0.3317176 0.5967363 0.4527176 -0.6625351 0.7057285 0.1861068 -0.683602 0.9517989 0.2697277 -0.1460338 0.945446 0.2713133 -0.1803363 0.9309902 0.2820591 -0.2317328 0.9416708 0.2726283 -0.1973068 0.9494549 0.2621606 -0.1726475 0.9484201 0.2547147 -0.1887318 0.9672884 0.2078995 -0.1453649 0.9585849 0.1796984 -0.2209607 0.9270267 0.1800034 -0.3289686 0.9639775 0.0282607 -0.2644788 0.9272993 0.03668421 -0.3725189 0.9997857 0.01681619 -0.01208567 0.9994445 -0.02307254 0.02404916 0.7038921 -0.01638871 0.710118 0.4963625 3.05191e-5 0.8681154 0.426137 -0.01165825 0.9045836 0.2642335 -0.06225872 0.9624472 -0.02127176 -0.4556495 0.8899052 -0.0293287 -0.3909782 0.9199326 0.01757913 -0.4155823 0.9093858 -0.05426257 -0.4287907 0.9017729 -0.01947122 -0.4915124 0.8706529 -0.09665369 -0.445425 0.890087 0.228162 -0.08038771 0.970299 0.2340792 -0.1919937 0.9530716 0.1901017 -0.2564802 0.9476705 0.00576806 -0.6849687 0.7285498 0.06628751 -0.7462233 0.6623873 0.03561633 -0.8201835 0.570991 0.337329 -0.7450354 0.5754401 0.2356081 -0.7582186 0.6079421 0.348255 -0.8015266 0.4860798 0.2301729 -0.8825127 0.4101119 0.08938926 -0.889254 0.4485945 0.04141515 -0.8780809 0.4767169 -0.1145094 -0.8287588 0.5477651 -0.1857092 -0.8254525 0.5330481 -0.193795 -0.9001243 0.3901535 -0.2150377 -0.9033964 0.3709904 -0.2339299 -0.8862479 0.3998019 -0.2655501 -0.8478315 0.4589827 -0.2021872 -0.9155344 0.3477315 -0.2116815 -0.9162185 0.3401981 -0.2176027 -0.9195166 0.3273197 -0.2214209 -0.9070171 0.3581801 -0.007110834 -0.9997957 0.01892161 -0.009766042 -0.9999521 -7.62973e-4 -0.1121876 -0.9936664 -0.006408929 -0.704682 -0.7083137 -0.04141414 -0.699112 -0.7082984 -0.09775418 -0.6883305 -0.7082597 -0.1567467 -0.5360141 -0.8214325 -0.1947755 -0.4518411 -0.8732238 -0.1825371 0.4540688 0.02487337 0.8906194 0.4326662 0.02954226 0.9010701 0.3882013 0.02978646 0.9210931 0.3059581 0.02240127 0.9517814 0.1090161 0.723132 -0.6820526 0.07629758 0.6897301 -0.7200355 0.1489324 0.5727795 -0.8060663 0.1786563 0.4995604 -0.8476564 0.2042008 0.4805785 -0.8528461 0.2414088 0.4628579 -0.8529269 0.3950982 0.757602 -0.5195544 0.4952316 0.7815912 -0.3792899 0.6094968 0.6979716 -0.3759647 0.6625753 0.6476208 -0.3762732 0.7117054 0.5933828 -0.3759953 0.8021187 0.5674833 -0.185926 0.8739651 0.430787 -0.2249615 0.9081189 0.3523706 -0.2261751 0.9069752 0.1081302 -0.4070676 0.7024601 0.1612634 -0.6932128 0.9562552 0.2672253 -0.1190245 0.9627907 0.1776831 -0.2036244 0.959071 0.1799421 -0.2186407 0.8963463 0.1932165 -0.3990374 0.8571063 0.07379585 -0.5098263 0.9425101 0.07168847 -0.3263978 0.9036023 0.06881999 -0.4228082 0.9813595 0.01681578 -0.1914438 0.9847733 -0.0192883 -0.172771 0.9986851 -0.0452907 0.0240187 0.9897862 -0.0853306 0.1142014 0.9606847 -0.08282917 0.2649986 0.9007419 -0.07764065 0.4273595 0.8136431 -0.0701332 0.5771189 0.5705792 -0.01309251 0.8211383 0.4191143 -3.05188e-4 0.9079335 0.3452882 -0.01211589 0.9384186 0.2643556 -0.5186094 0.8131178 0.09860789 -0.5324706 0.8406852 0.113898 -0.1531153 0.9816226 0.09885084 -0.2480274 0.9636965 0.02325522 -0.1948011 0.9805671 -0.09836328 -0.3548464 0.929736 -0.02615451 -0.2512608 0.9675661 -0.05490297 -0.40721 0.9116829 0.01861649 -0.0133062 0.9997382 0.01712089 -0.01150548 0.9997872 -0.004181087 -0.003753781 0.9999843 -0.08420324 -0.7257536 0.6827822 -0.03299129 -0.7591664 0.6500601 -0.05389654 -0.8025282 0.5941749 -0.01498484 -0.8083588 0.5884994 -0.02160775 -0.8249708 0.5647621 -0.002807736 -0.8624365 0.5061576 0.135627 -0.8005779 0.5836784 -0.1729515 -0.8608818 0.4785084 -0.2301758 -0.8825237 0.4100865 -0.2341123 -0.8797751 0.4137479 -0.2647544 -0.4318777 0.8621988 0.1715506 -0.9020066 0.3961749 0.1109973 -0.8981714 0.425403 -0.1271734 -0.8652802 0.4848889 -0.1909872 -0.8451599 0.4992281 -0.215681 -0.8332118 0.5091562 -0.2465351 -0.8336048 0.494291 -0.248913 -0.8664346 0.4328205 -0.2830032 -0.8263034 0.486962 -0.2366442 -0.881663 0.4082525 -0.2284378 -0.8930895 0.387566 -0.2228847 -0.902129 0.3694398 -0.2176324 -0.9192382 0.3280814 -0.1962984 -0.9074532 0.3714777 -0.1028509 -0.9665237 0.2350615 -0.0358296 -0.9942268 0.1011409 -2.74675e-4 -0.9997853 0.02072262 0.01251274 -0.9997089 0.02063077 -0.04419088 -0.9988422 0.01901304 -0.1766437 -0.9841449 0.01599192 -0.3462092 -0.9378841 0.02264517 -0.5003549 -0.8656338 0.0179755 -0.643369 -0.765353 0.01763987 -0.6735274 -0.7082582 -0.2114977 -0.5965238 -0.7714586 -0.2213846 -0.5186117 -0.8294185 -0.2076216 0.4539043 0.02542203 0.8906877 0.4066033 0.01620548 0.9134612 0.3671757 0.02084451 0.9299181 0.3292113 0.02807772 0.9438388 0.2802844 0.02209556 0.9596627 0.2541605 0.02392673 0.9668661 0.2020075 0.02517843 0.9790602 0.148718 0.02615457 0.9885337 0.07098817 0.01806747 0.9973136 0.01861679 0.08276838 0.996395 0.08014416 0.6474404 -0.7578905 0.08090692 0.7162906 -0.6930959 0.1432587 0.6618774 -0.7357957 0.2771798 0.4423523 -0.8529337 0.3456256 0.5515666 -0.7591556 0.4047141 0.6458457 -0.6473716 0.4536452 0.723989 -0.5196594 0.5524642 0.7438825 -0.3760614 0.7562432 0.5353124 -0.3762141 0.836883 0.4993342 -0.2242594 0.7273639 0.1219547 -0.6753287 0.958402 0.2758957 -0.07312458 0.9628564 0.2680213 -0.03274726 0.9631909 0.2683567 -0.01574796 0.9638952 0.2274308 -0.1384971 0.9736872 0.1768592 -0.1437153 0.9452427 0.04770159 -0.3228633 0.9260421 -0.003936946 -0.3773996 0.9982859 0.005554497 -0.05826127 0.9987128 9.15578e-5 -0.05072301 0.9806777 -0.0124824 -0.1952322 0.9853243 -0.02536094 -0.1687985 0.9960547 -0.08551472 0.0237134 0.7019395 -0.06051939 0.7096608 0.4199979 -0.009765923 0.9074726 0.338553 -3.66234e-4 0.9409472 0.2631998 -0.01260453 0.9646591 0.05478209 -0.4072495 0.9116725 0.04104876 -0.4269382 0.9033487 0.04071193 -0.4305578 0.9016445 -0.1260424 -0.4911991 0.8618798 -0.0599088 -0.4925767 0.8682046 -0.2076539 -0.4649936 0.8606166 0.06253355 -0.912154 0.4050491 0.006408929 -0.894659 0.4467038 -0.02417087 -0.908819 0.4164899 -0.09396815 -0.7780831 0.6210932 -0.06424212 -0.8496444 0.5234286 0.01599216 -0.8084004 0.5884159 0.02676516 -0.8186731 0.5736358 -0.0907039 -0.7661917 0.6361787 0.243298 -0.6543899 0.7159469 0.2910916 -0.6043402 0.7416459 0.3203946 -0.6526002 0.6866296 0.1026986 -0.8276321 0.5517954 0.1640385 -0.07590025 0.9835296 0.1934296 -0.03991883 0.9803017 0.2310913 -0.05356115 0.9714567 0.1007739 -0.8711058 0.4806448 0.1732592 -0.8609857 0.4782101 0.1552514 -0.9017826 0.4033423 -0.08627831 -0.9004748 0.4262644 -0.08127331 -0.8876891 0.453214 -0.2133018 -0.8559847 0.4709487 -0.211898 -0.8588846 0.4662795 -0.2574337 -0.864623 0.4314569 -0.275893 -0.8355837 0.475061 -0.2943313 -0.8096246 0.5078161 -0.3125441 -0.7819249 0.5393607 -0.3318973 -0.753857 0.5670484 -0.2536181 -0.8675206 0.4278852 -0.2483064 -0.8813413 0.401972 -0.2579762 -0.8831557 0.391771 -0.299428 -0.8217713 0.4848041 -0.006744623 -0.9997639 0.02066117 -4.57788e-4 -0.9998098 0.01950174 -0.002441525 -0.9942855 0.1067256 0.01257371 -0.999705 0.0207833 0.01892197 -0.999356 0.03048878 -0.0247206 -0.9996911 -0.002563595 -0.1156674 -0.9932141 0.01211607 -0.2616382 -0.9649758 0.01916581 -0.4260191 -0.9045314 0.01818948 -0.5745013 -0.818292 0.01861691 -0.706212 -0.7078294 0.01556473 -0.8160111 -0.5760419 -0.04797548 -0.8095436 -0.5760437 -0.1131945 -0.7969609 -0.5760594 -0.1816837 -0.5391809 -0.8187664 -0.1972449 0.3460593 -0.005493462 0.9381965 0.3461221 0.02465975 0.9378654 0.238142 -0.005371391 0.9712156 0.2272424 0.01971507 0.9736387 0.228042 0.01974612 0.9734511 0.1738653 0.01489311 0.9846568 0.1192694 0.01605314 0.9927322 0.08456748 0.0443437 0.9954305 0.03726327 0.03317379 0.9987548 0.01907408 0.04129165 0.9989651 0.0648843 0.6762498 -0.7338095 0.0755347 0.7103619 -0.6997718 0.09430575 0.7540798 -0.6499772 0.1286398 0.6614804 -0.7388474 0.07828164 0.3513366 -0.9329709 0.09280747 0.3173339 -0.9437617 0.1804587 0.4106023 -0.8937788 0.1870195 0.3530421 -0.9167252 0.2035907 0.3221562 -0.9245358 0.5094333 0.6859282 -0.5195963 0.5619868 0.6436266 -0.5195341 0.6109032 0.5971085 -0.5198643 0.6562052 0.5471276 -0.5196598 0.6973704 0.4935917 -0.5196554 0.7961759 0.4739883 -0.3760839 0.8311885 0.4096888 -0.3758736 0.8648326 0.3316255 -0.376947 0.8706716 0.02670395 -0.4911395 0.7109183 0.07272768 -0.6995041 0.9628843 0.2678985 -0.03293031 0.9597827 0.2446379 -0.1377308 0.9733528 0.2259345 -0.03921729 0.9521756 0.2088139 -0.2230665 0.927296 0.1978561 -0.3177661 0.8050909 0.1776815 -0.5659136 0.8489719 0.07931834 -0.5224513 0.9216172 0.06033635 -0.3833815 0.9455061 0.004333674 -0.3255757 0.9695785 -0.04333651 -0.2409144 0.9956967 -0.07745832 0.0508759 0.9916275 -0.1268374 0.02423214 0.9794226 -0.1664212 0.1141723 0.950636 -0.1615065 0.2649658 0.8912975 -0.1514336 0.4273834 0.8051 -0.1367876 0.5771511 0.5692698 -0.04907441 0.8206849 0.2559337 -1.83115e-4 0.9666944 0.1796628 -0.01287883 0.983644 0.1136832 -0.06421196 0.9914399 0.02517843 -0.1533596 0.9878497 -0.1112107 -0.4379454 0.8920965 -0.21214 -0.4639858 0.8600661 -0.1145064 -0.6357364 0.7633659 -0.1655954 -0.588709 0.7912017 -0.1436227 -0.323258 0.9353486 -0.007293939 -0.2493379 0.9683892 0.1729798 -0.5925508 0.7867412 -0.07574909 -0.6708161 0.7377452 -0.1294614 -0.6898198 0.7123122 -0.04053008 -0.855558 0.5161182 -0.02200418 -0.8564251 0.5158022 0.04092687 -0.9170246 0.3967252 -0.04223823 -0.9108083 0.4106633 -0.1943184 -0.8434709 0.5007965 -0.2223921 -0.8376251 0.498925 -0.267502 -0.8298515 0.4896829 -0.2824559 -0.8243561 0.4905668 -0.2720763 -0.838355 0.472372 -0.2107673 -0.8612896 0.4623392 -0.2552614 -0.8603324 0.4412141 -0.346787 -0.7331877 0.584957 -0.3037602 -0.8045542 0.510316 -0.2611542 -0.8589982 0.440364 -0.2567873 -0.8677482 0.4255272 -0.2907828 -0.8485743 0.4420033 -0.2939018 -0.8438612 0.4489098 -0.2947888 -0.8445383 0.4470511 -0.2668012 -0.8208824 0.5049448 -0.1684352 -0.907365 0.3851212 -0.0853613 -0.966411 0.2424114 -0.006714105 -0.9997354 0.02200406 0.02282828 -0.999134 0.0347917 0.04654157 -0.9961118 0.07480221 0.01779252 -0.9993721 0.03064095 -0.01617485 -0.9997304 0.01666319 -0.05899304 -0.9956191 0.0725435 -0.2498914 -0.9653231 0.07553505 -0.3469681 -0.934882 0.07489305 -0.4402058 -0.8948165 0.0743137 -0.5249958 -0.8478916 0.07388758 -0.6132487 -0.7865965 0.07205533 -0.6872619 -0.723183 0.06839352 -0.7650164 -0.643765 0.01779246 -0.780007 -0.5758648 -0.2448852 -0.6669427 -0.7027117 -0.2477573 -0.5867016 -0.7793086 -0.2201352 0.1275407 -0.004974663 0.9918209 0.1197279 0.01608371 0.9926765 0.03790438 -0.002075254 0.9992793 0.01950144 0.04171907 0.9989391 0.07272684 0.7062103 -0.7042571 0.07376468 0.7267822 -0.6828957 0.1045287 0.6594011 -0.744489 0.08231127 0.2968944 -0.9513562 0.08636933 0.2451608 -0.9656276 0.1808888 0.4659712 -0.866112 0.2266322 0.3051874 -0.9249317 0.3112387 0.419156 -0.8529003 0.3880854 0.5225847 -0.759141 0.4543982 0.6118459 -0.6474311 0.7340499 0.4370056 -0.5198045 0.7322194 0.04510754 -0.6795735 0.7128991 0.07861757 -0.696846 0.9286081 0.2857819 -0.2366765 0.9674264 0.2287104 -0.1085261 0.9348544 0.2259923 -0.2738154 0.8864165 0.2184301 -0.4081105 0.9005279 0.07590103 -0.4281223 0.9009796 -0.0699799 -0.4281805 0.96114 -0.07663363 -0.2652115 0.9827934 -0.1145061 -0.1449332 0.988261 -0.1323602 -0.07629704 0.694589 -0.1179876 0.7096655 0.4193302 -0.03613442 0.9071144 0.257031 -0.006073236 0.9663842 0.1716103 -9.15581e-5 0.9851649 0.1144141 -0.01290935 0.9933493 0.02450644 -0.1037938 0.994297 -0.1729798 -0.5925508 0.7867412 0.007293939 -0.2493379 0.9683892 -0.1659312 -0.3709573 0.9137054 -0.09643894 -0.3864883 0.9172384 -0.1887936 -0.417171 0.8890025 -0.2368322 -0.5112341 0.826166 -0.144542 -0.7402287 0.6566348 -0.1055651 -0.8249279 0.5552927 0.4262978 -0.4869708 0.7623187 0.5763027 -0.3662969 0.730549 -0.05447596 -0.8658474 0.4973335 0.4978571 -0.1788721 0.8486124 0.4866251 -0.2074986 0.8486108 0.06857585 -0.9193807 0.3873454 -0.1243026 -0.9023157 0.4127653 -0.1461553 -0.8978375 0.4153631 -0.1211023 -0.8579403 0.4992724 -0.2581325 -0.8329033 0.4895302 -0.2566074 -0.8300676 0.4951168 -0.2965558 -0.8101343 0.5057045 -0.3343076 -0.7504372 0.5701601 -0.3672086 -0.6955966 0.6174976 -0.3799043 -0.701944 0.6024511 -0.3708099 -0.6794518 0.6331235 -0.3734072 -0.6766804 0.6345634 -0.2892256 -0.8236079 0.4878718 -0.2848957 -0.8403125 0.4612044 -0.3204797 -0.8096683 0.4916605 -0.2968909 -0.8444665 0.4457941 -0.368184 -0.7106709 0.5994893 -0.02771085 -0.9942953 0.1030002 -0.005005061 -0.9943642 0.1059003 0.01229923 -0.9997789 0.01706022 0.04467964 -0.9967467 0.06708049 0.06262457 -0.9925934 0.1040996 -0.1508563 -0.9849762 0.08404982 -0.7405585 -0.6688374 0.06503725 -0.8187047 -0.5739418 0.01770102 -0.902932 -0.4265016 -0.05301129 -0.8955463 -0.4269593 -0.1253105 -0.8816486 -0.42706 -0.200788 -0.7172433 -0.643874 -0.2664369 0.008392751 6.71424e-4 0.9999646 0.04629737 0.7058449 -0.706852 0.1200327 0.3186528 -0.9402408 0.09875839 0.2077711 -0.9731793 0.177894 0.3013426 -0.9367745 0.1527156 0.2025526 -0.9672903 0.5012205 0.5740398 -0.6475001 0.5449888 0.5326589 -0.6475043 0.5852315 0.4879981 -0.6475817 0.6220386 0.4402979 -0.6474609 0.6548276 0.3897958 -0.647503 0.7663362 0.3777052 -0.5196803 0.798653 0.3027794 -0.5200751 0.8130934 -0.02331668 -0.5816661 0.7295499 -0.01309251 -0.6838023 0.9619577 0.2649046 0.06680601 0.8458548 0.2125318 -0.4892444 0.8220896 0.08060055 -0.5636244 0.9114497 0.05420172 -0.4078253 0.8145885 -0.06363254 -0.5765386 0.995297 -0.0801438 -0.05441594 0.986532 -0.1484147 -0.06875967 0.985546 -0.1677317 0.0237742 0.9624378 -0.2463164 0.114201 0.9341369 -0.2390887 0.2649997 0.8758366 -0.2241626 0.4273892 0.7911546 -0.2024962 0.577122 0.5632946 -0.09570848 0.8206944 0.107212 -6.10373e-5 0.9942363 0.02389639 -0.06439524 0.9976384 0.06741786 -0.8872061 0.4564213 0.1173449 -0.8166229 0.5651171 0.1084348 -0.8650981 0.4897421 -0.02212607 -0.188362 0.9818504 -0.04767137 -0.1611428 0.9857791 -0.02011233 -0.1922424 0.9811415 -0.2803832 -0.377588 0.8825036 -0.3132755 -0.4163069 0.8535497 -0.2186703 -0.6044641 0.7660329 -0.1736266 -0.6490321 0.7406828 -0.06796628 -0.8875908 0.4555911 -0.06299173 -0.9111832 0.4071575 -0.01767045 -0.9155381 0.401843 -0.08279973 -0.9067685 0.4134188 -0.1407568 -0.9016435 0.4089335 -0.1288231 -0.9015783 0.4129906 -0.1718258 -0.8311429 0.5288453 -0.2324358 -0.7905136 0.5666233 -0.2904227 -0.7474206 0.5975092 -0.3484362 -0.7404538 0.5747352 -0.3686444 -0.6883661 0.6247026 -0.3451148 -0.7365584 0.5817023 -0.3181004 -0.7819905 0.5360066 -0.2894748 -0.8285359 0.4793044 -0.3373946 -0.7946704 0.5046423 -0.3290302 -0.7098214 0.6228105 -0.2288917 -0.8208666 0.5232464 -0.1395943 -0.9074244 0.3963515 -0.06723397 -0.9664242 0.2479999 -0.004852533 -0.9998081 0.01898288 -0.001678526 -0.9997423 0.02264511 -0.005554497 -0.9666377 0.2560874 0.01123082 -0.9997585 0.01889097 0.04577916 -0.996643 0.0678752 0.08957356 -0.9855838 0.1435313 0.05307239 -0.9943677 0.09173989 0.002777218 -0.9991434 0.04129266 -0.1182301 -0.9826162 0.1431335 -0.2198923 -0.9648709 0.1437768 -0.3172208 -0.9375014 0.1430454 -0.4118587 -0.900321 0.1406942 -0.5041156 -0.8527056 0.13697 -0.5922026 -0.7950055 0.1313869 -0.6731024 -0.7290747 0.1240302 -0.7427483 -0.6582403 0.1226571 -0.8654303 -0.5007575 0.01651078 -0.863684 -0.5036529 0.01959311 -0.8627132 -0.4269618 -0.2709788 -0.7684153 -0.5737327 -0.2834939 -0.6616305 -0.7086609 -0.2450404 0.02597188 0.7030124 -0.7107033 0.09320616 0.2743998 -0.9570879 0.09283798 0.2234582 -0.9702823 0.09491425 0.2022802 -0.9747174 0.08066087 0.1498162 -0.9854182 0.08444631 0.1516493 -0.9848204 0.1579684 0.2509915 -0.9550127 0.1549445 0.1773454 -0.971875 0.2499826 0.286331 -0.924945 0.3433421 0.3932412 -0.852923 0.428097 0.4902958 -0.7591726 0.6834731 0.3368993 -0.6475828 0.4024527 0.1847003 -0.8966146 0.916215 0.2877344 -0.2788534 0.8387041 0.2243788 -0.4962152 0.8407514 0.2257833 -0.4920966 0.8720185 0.006286859 -0.4894327 0.8051248 -0.1367866 -0.5771165 0.8908845 -0.1513444 -0.4282752 0.9507919 -0.1615375 -0.2643869 0.9807106 -0.1743879 -0.08829265 0.6825355 -0.1746929 0.7096673 0.4149107 -0.07049971 0.9071269 0.2571263 -0.02215707 0.9661238 0.1081598 -0.002349972 0.9941308 0.02172935 -1.22075e-4 0.999764 0.02453726 -0.01248228 0.999621 -0.03732514 -0.1035521 0.9939234 0.001617431 -0.1853698 0.9826676 -0.2006646 -0.06897366 0.977229 -0.2201373 -0.3000985 0.9281598 -0.2497368 -0.3386996 0.9071462 -0.3056169 -0.5074388 0.8056701 -0.2619779 -0.558351 0.7871543 -0.1941019 -0.6987366 0.6885432 -0.1609885 -0.7879434 0.5943299 -0.1105697 -0.865056 0.4893388 -0.5776994 -0.6651981 0.4730487 -0.593079 -0.6603432 0.4606564 -0.5004238 -0.7153097 0.4877583 -0.1214066 -0.9152798 0.3840879 0.03680568 -0.9235914 0.3816075 -0.3251179 -0.7499105 0.5761359 -0.3295722 -0.7289103 0.60006 -0.3256993 -0.7308701 0.5997908 -0.3884793 -0.6289404 0.6734374 -0.4735659 -0.5681143 0.6730391 -0.3948915 -0.6247642 0.6735953 -0.3900001 -0.6378435 0.6641202 -0.3220376 -0.782693 0.5326195 -0.3206353 -0.7923716 0.5189801 -0.3593383 -0.7536216 0.5503913 -0.3733419 -0.7417703 0.5571289 -0.4270236 -0.5781239 0.6952868 -0.02020376 -0.9943487 0.1042233 -0.005585014 -0.9996923 0.02417129 -0.0127266 -0.9942626 0.1062077 -0.01306223 -0.9666381 0.2558128 0.01147502 -0.9997319 0.02011179 0.05591034 -0.9943934 0.08975571 0.09039753 -0.986682 0.13523 0.1026035 -0.9794641 0.1735593 0.1202754 -0.9715118 0.2042027 0.003021299 -0.9991236 0.04174965 -0.04791456 -0.9884144 0.1440185 -0.8104399 -0.5750445 0.1118532 -0.9055069 -0.4239737 0.01742649 -0.9626693 -0.2646936 -0.0566132 -0.955058 -0.2646598 -0.1334896 -0.9403006 -0.26445 -0.2142457 -0.8087601 -0.5067721 -0.2984783 -0.7431856 -0.5954397 -0.3051666 -0.7012624 -0.6531035 -0.2858091 -0.001403808 0.6984784 -0.7156298 0.1256784 0.2321296 -0.9645315 0.07535243 0.1240614 -0.9894093 0.07965379 0.1159405 -0.9900571 0.07794648 0.09680747 -0.9922463 0.4656698 0.4551099 -0.7589642 0.4999991 0.4168948 -0.7590782 0.5313167 0.3760937 -0.7591154 0.5593832 0.3330236 -0.7590692 0.5839564 0.2878276 -0.7590457 0.713483 0.2675943 -0.6475611 0.7455244 -0.06241184 -0.6635497 0.7247657 -0.04147529 -0.6877461 0.7765021 0.08032673 -0.6249738 0.915551 0.04934984 -0.399163 0.7039176 -0.05603259 -0.7080681 0.6956675 -0.1181725 -0.7085774 0.9820399 -0.1880275 0.01559519 0.9684852 -0.2479656 0.02343845 0.9389235 -0.3246023 0.1142639 0.911328 -0.3150782 0.264966 0.8544657 -0.2953916 0.4273549 0.7718102 -0.2668328 0.5771561 0.02148526 -3.35708e-4 0.9997692 0.2337133 -0.1232961 0.9644564 0.1146898 -0.08026456 0.9901535 0.1675791 -0.1304986 0.9771835 -0.1916633 -0.2622553 0.9457734 -0.3451126 -0.2864239 0.8937891 -0.3834075 -0.3166019 0.8676186 -0.3562802 -0.4443279 0.8219715 -0.2426874 -0.6537485 0.7167398 0.02313309 -0.9066784 0.4211878 -0.2144587 -0.7472636 0.628971 -0.2672863 -0.7018171 0.6603112 -0.3272227 -0.7262562 0.6045472 -0.3237465 -0.7273005 0.6051631 -0.4487026 -0.5143507 0.7308279 -0.4054492 -0.6189318 0.6727069 -0.3806018 -0.6780394 0.6288124 -0.3533481 -0.7308061 0.5840101 -0.3708402 -0.7430233 0.5571301 -0.404897 -0.6832008 0.6076965 -0.3811894 -0.5782542 0.7213299 -0.2820609 -0.7105847 0.6446016 -0.1896759 -0.8210542 0.5384173 -0.1099897 -0.9075068 0.4053811 -0.04873853 -0.9665007 0.251994 -0.003692805 -0.9998165 0.01879996 -0.002746641 -0.9997989 0.01986777 -0.003753781 -0.9997052 0.02398777 0 -1 1.19651e-4 -0.002014219 -0.9997612 0.0217598 -0.03006136 -0.9664206 0.2552014 -0.008941948 -0.9077775 0.4193569 0.00891155 -0.9998064 0.0175485 0.1341626 -0.970512 0.2002673 0.1314467 -0.968897 0.2096678 0.102331 -0.9784466 0.1793615 0.01879984 -0.9960885 0.08633905 -0.08200579 -0.9734184 0.2138499 -0.1867765 -0.9586337 0.214793 -0.2876102 -0.9335126 0.2140902 -0.3849079 -0.8986678 0.2103382 -0.4797953 -0.8533223 0.2040526 -0.5713575 -0.7971414 0.1952339 -0.6564326 -0.7315093 0.1843651 -0.6914995 -0.701876 0.1708759 -0.7841092 -0.5844501 0.2087845 -0.8658892 -0.4908394 0.09650152 -0.9379985 -0.3463285 0.01467955 -0.9201303 -0.2644509 -0.2888359 -0.8496053 -0.4255046 -0.3116359 -0.7692448 -0.573462 -0.2817869 6.71426e-4 0.6987412 -0.7153742 -0.07529145 1.52597e-4 -0.9971616 0.06082475 0.07822072 -0.9950789 0.09555643 0.139535 -0.9855958 0.0528289 0.06064182 -0.9967607 0.1645914 0.1600135 -0.9732962 0.2718064 0.265672 -0.9249538 0.373437 0.3649831 -0.8528378 0.6105986 0.2263917 -0.7588916 0.728311 -0.04333728 -0.683875 0.7557383 0.07678538 -0.6503567 0.7069445 0.07266598 -0.7035263 0.912182 -0.04095643 -0.4077337 0.6737465 -0.06500631 -0.7360977 0.6837104 -0.1749942 -0.7084611 0.7911546 -0.2024962 -0.577122 0.8754533 -0.2240745 -0.4282198 0.9343126 -0.2391479 -0.2643262 0.9576278 -0.2060648 -0.2012123 0.9571466 -0.2887737 0.02191281 0.9455533 -0.3247574 0.02148568 0.6658691 -0.2302067 0.7096642 0.2544689 -0.04321515 0.9661151 0.1085876 -0.009247303 0.994044 0.02307218 -0.00100708 0.9997333 -0.02645981 -0.03592067 0.9990043 -0.03582942 -0.03250283 0.9988293 0.03314322 -0.09894138 0.9945412 -0.0256052 -0.03579843 0.999031 -0.02005088 -0.1190237 0.9926889 -0.08340865 -0.1178647 0.9895206 -0.100836 -0.1621801 0.9815955 -0.2367981 -0.1981914 0.9511293 -0.2442732 -0.08795541 0.9657094 -0.2719908 -0.2273406 0.93506 -0.3079345 -0.256846 0.9160822 -0.4237017 -0.3474641 0.8365079 -0.3366566 -0.5529763 0.7621545 -0.2903301 -0.6050758 0.7413445 0.4018457 -0.1112728 0.9089215 -0.3206346 -0.6532937 0.6858578 -0.2861178 -0.7715872 0.568146 -0.4462901 -0.5126705 0.7334808 -0.45135 -0.500486 0.7387807 -0.4093547 -0.5843826 0.700661 -0.4255566 -0.558833 0.7117635 -0.3554865 -0.7369754 0.5748884 -0.3972994 -0.6879951 0.6073023 -0.3710493 -0.7420071 0.5583441 -0.4349901 -0.6195091 0.6534465 -0.4741149 -0.4269323 0.7700286 -0.04922693 -0.9073573 0.417468 -0.02145481 -0.9074814 0.4195442 0.01083427 -0.999687 0.02255368 0.04971557 -0.9942811 0.09451758 0.1335825 -0.9665431 0.2189753 0.1344974 -0.9702005 0.2015478 0.156717 -0.9532726 0.2582854 0.1345273 -0.9641839 0.2285866 0.1697171 -0.9423098 0.2885282 0.02148514 -0.9877996 0.1542416 -0.01226866 -0.9779245 0.2085982 -0.9140057 -0.3968352 0.0843538 -0.9383994 -0.3452314 0.01489329 -0.9918143 -0.1136231 -0.05826121 -0.9839925 -0.1133474 -0.1375184 -0.9686864 -0.1137154 -0.2207164 -0.8765658 -0.354783 -0.3252101 -0.8252986 -0.4524157 -0.3379384 -0.7964389 -0.5070523 -0.3295198 0 -1 4.21372e-5 0.001691281 0.6980065 -0.7160895 0.1044074 -0.2322233 -0.9670427 0.1041935 -0.1560461 -0.982239 0.07352131 0.07611548 -0.9943848 0.05862742 0.06186246 -0.9963614 0.4009924 0.3343383 -0.8528909 0.4261054 0.3016187 -0.8529129 0.4486358 0.2671062 -0.8528659 0.468462 0.230874 -0.852784 0.4907425 0.1796948 -0.8525736 0.6702341 -0.08047932 -0.7377733 0.7327935 -0.04944086 -0.6786526 0.7986551 0.2303279 -0.555967 0.5689599 -0.04382479 -0.8211968 0.5634744 -0.09573841 -0.8205674 0.5535625 -0.1416714 -0.8206691 0.9686086 -0.2449446 -0.04242122 0.968572 -0.2411282 0.06103736 0.9303789 -0.3658036 0.02414071 0.9090756 -0.4006562 0.1142639 0.882363 -0.3889026 0.2649347 0.8273043 -0.3646389 0.4273245 0.7472693 -0.3293662 0.5771538 0.5535275 -0.1416703 0.820693 -0.06125116 -0.003448605 0.9981164 -0.02655154 -0.007202446 0.9996215 0.01330626 -0.132178 0.9911367 -0.02389639 -0.06439524 0.9976384 -0.01330626 -0.132178 0.9911367 0.02005088 -0.1190237 0.9926889 -0.05835157 -0.08182036 0.9949375 -0.1373643 -0.1138954 0.9839507 -0.2007877 -0.1032169 0.9741821 -0.4044151 -0.1932806 0.8939189 -0.446984 -0.2143362 0.8684845 -0.4875092 -0.2408553 0.8392398 -0.4247954 -0.4379491 0.7923064 -0.3818543 -0.4969111 0.7792733 -0.3756907 -0.6013187 0.7051754 -0.4507688 -0.5029872 0.7374358 -0.4148463 -0.5792832 0.7016649 -0.4321568 -0.5419967 0.7207497 -0.4512205 -0.5132653 0.7300403 -0.4146062 -0.6138368 0.6717932 -0.3866799 -0.6775291 0.6256462 -0.4341073 -0.6200922 0.6534804 -0.45999 -0.5559129 0.6923656 -0.4222597 -0.428272 0.7989242 -0.32695 -0.5783045 0.7474408 -0.2340228 -0.7097288 0.6644685 -0.149393 -0.8211885 0.5507552 -0.07980632 -0.9073206 0.4127958 -0.01229918 -0.8216969 0.5697921 0.007782399 -0.9998148 0.01760965 0.1337358 -0.970394 0.2011227 0.1732266 -0.9455746 0.2754658 0.1669376 -0.9447084 0.2822375 0.1529949 -0.9516324 0.2664363 0.02288925 -0.9876867 0.1547619 0.04489421 -0.9856891 0.1624859 -0.04702985 -0.9574133 0.2848649 -0.1528692 -0.9458116 0.286481 -0.2562742 -0.9235883 0.2851459 -0.3577475 -0.8906455 0.2806557 -0.4559581 -0.847246 0.2725372 -0.5506316 -0.7929253 0.2609106 -0.6387704 -0.7290772 0.2458029 -0.71831 -0.6571182 0.228531 -0.8503212 -0.4920278 0.1867154 -0.9244642 -0.371513 0.08569854 -0.9657281 -0.2594462 0.007568776 -0.9843266 -0.1754532 0.01782304 -0.9479507 -0.1133475 -0.2975603 -0.9122151 -0.2418636 -0.3307047 -0.8523468 -0.4211377 -0.3100775 0 -1 -3.81662e-6 5.21427e-4 0.6986224 -0.7154905 -0.1180487 0.001342833 -0.9930069 0.08462876 -0.3215773 -0.9430939 0.09399819 0.08896255 -0.9915897 0.1759427 0.1467054 -0.9734073 0.2918553 0.2433907 -0.9249765 0.5801398 -0.08292067 -0.8102852 0.7287126 -0.04739665 -0.6831776 0.7330101 -0.04995989 -0.6783807 0.7118946 0.2136965 -0.6689844 0.6474633 0.06918686 -0.7589497 0.800514 -0.04849469 -0.5973488 0.5006431 0.03241175 -0.8650469 0.5401996 -0.1867503 -0.820554 0.6670611 -0.2306041 -0.7084147 0.7718362 -0.2668313 -0.5771223 0.8540735 -0.2952405 -0.4282422 0.9114791 -0.3150777 -0.2644467 0.9562357 -0.2606056 -0.1330343 0.928665 -0.3708068 0.00915569 0.9182813 -0.3958598 0.007385551 0.6446955 -0.2841373 0.7096717 0.2519983 -0.07312434 0.9649611 -0.6750869 -0.4399967 0.592166 -0.6372393 -0.5480625 0.541806 0.02090567 -0.001434385 0.9997804 -0.0225532 -0.02285838 0.9994843 -0.034639 -0.04611408 0.9983355 0.04815858 -0.161139 0.9857561 0.05765026 -0.08182126 0.9949783 0.08359074 -0.1183515 0.9894471 -0.2023712 -0.1702347 0.9643993 -0.2420195 -0.1126168 0.9637138 -0.2807152 -0.1335213 0.9504584 -0.3207871 -0.1541218 0.9345278 -0.3620548 -0.17384 0.9158036 -0.5081443 -0.27864 0.8149535 -0.4412814 -0.412471 0.7969557 -0.4538794 -0.502832 0.7356314 -0.4146618 -0.5798612 0.7012964 -0.4474151 -0.4977722 0.7429959 -0.4485966 -0.4716383 0.7591565 -0.4474121 -0.4949917 0.7448527 -0.4673686 -0.4481415 0.7620604 -0.4410289 -0.5442744 0.7136238 -0.4270845 -0.6193549 0.6587856 -0.4507709 -0.5901223 0.6697473 -0.432062 -0.6243949 0.6507331 -0.4857833 -0.4791606 0.7310402 -0.5062588 -0.2655203 0.8204883 -0.1083433 -0.8211507 0.5603333 -0.0668075 -0.8213452 0.566506 -0.02920722 -0.8209462 0.5702583 0.008972465 -0.9997027 0.02267539 0.04266494 -0.9943259 0.09744578 0.1199722 -0.9664617 0.2270652 0.1754552 -0.9483558 0.2642664 0.1879383 -0.9314822 0.3114808 0.1975493 -0.9211847 0.3352509 0.2173297 -0.90228 0.372369 0.1255252 -0.968708 0.2141222 0.06479245 -0.9817752 0.1786599 0.04364281 -0.9578536 0.2839226 -0.742013 -0.6151142 0.2665545 -0.8286085 -0.4851709 0.2793158 -0.9020945 -0.4008732 0.1597694 -0.9433537 -0.3042171 0.1324235 -0.9826768 -0.1849138 0.01239061 -0.9943686 -0.105565 0.009338796 -0.9898481 -0.02508646 -0.1398983 -0.9836069 -0.02423232 -0.1786905 -0.9646437 -0.02331644 -0.2625242 -0.9260688 -0.1728596 -0.3354344 -0.8721545 -0.3560705 -0.3355004 -0.8524823 -0.416765 -0.3155646 0 -1 2.15253e-5 9.1857e-4 0.6960695 -0.7179738 -0.1386179 2.74672e-4 -0.990346 0.1092283 -0.2788848 -0.9540925 0.1111184 -0.1881476 -0.9758346 0.07236164 -0.07681751 -0.9944159 0.07074373 0.07233077 -0.9948687 0.07480174 0.06228899 -0.9952511 0.3102324 0.2195584 -0.9249594 0.3265878 0.1944389 -0.9249507 0.3409945 0.1680404 -0.9249244 0.3584148 0.1292478 -0.9245722 0.4947366 -0.05679506 -0.8671852 0.7212336 -0.03302192 -0.6919044 0.7266635 -0.04397821 -0.6855846 0.6488777 0.1995068 -0.7342716 0.5928012 0.06244188 -0.8029246 0.3983048 -0.007660269 -0.9172211 0.420002 -0.02917611 -0.9070541 0.4152451 -0.07052999 -0.9069714 0.4079444 -0.1044047 -0.9070178 0.3979437 -0.1375513 -0.9070394 0.9447595 -0.3238112 -0.05075377 0.9633787 -0.2681444 1.22078e-4 0.9379201 -0.3460892 0.02298104 0.9137229 -0.3952578 0.09424412 0.9149424 -0.4028872 0.02371358 0.8730716 -0.474029 0.114204 0.8474068 -0.4600827 0.2650015 0.7945169 -0.4313946 0.427366 0.7176947 -0.389672 0.5771223 -0.1033978 -0.001403808 0.9946392 -0.1201239 -0.02322512 0.9924873 -0.05209624 -0.02176016 0.998405 0.2648486 -0.3407812 0.9020662 0.4266945 -0.4051782 0.8085558 0.2647544 -0.4318777 0.8621988 0.0218513 -0.002349913 0.9997585 -0.3144727 -0.02481234 0.9489423 -0.2031044 -0.09344935 0.9746875 -0.4573059 -0.1026985 0.8833597 -0.5045411 -0.1108452 0.8562428 -0.5230467 -0.1741759 0.8343171 -0.5169069 -0.2384479 0.8221617 -0.5051189 -0.2904182 0.8127192 -0.4624314 -0.378045 0.8020219 -0.4884918 -0.4006878 0.7751291 -0.4501646 -0.4611212 0.7646694 -0.3692232 -0.6460644 0.6680383 -0.4733507 -0.4112749 0.7789686 -0.4854683 -0.4002894 0.7772316 -0.4648432 -0.4734802 0.7481561 -0.463319 -0.5067484 0.7270088 -0.4419469 -0.574827 0.6886632 -0.4821768 -0.5067449 0.7146434 -0.4853757 -0.4834834 0.7284602 -0.5235915 -0.3365684 0.782671 -0.450589 -0.2643899 0.8526826 -0.3621693 -0.4278767 0.8281033 -0.2711365 -0.5776759 0.7699192 -0.184398 -0.7098194 0.6798189 -0.015473 -0.710599 0.7034271 0.007110834 -0.9997957 0.01892161 0.2214148 -0.9070224 0.3581701 0.2176049 -0.9195259 0.3272925 0.2116815 -0.9162185 0.3401981 0.2021872 -0.9155344 0.3477315 0.1999937 -0.9154909 0.3491116 -0.01257395 -0.9343516 0.3561309 -0.1199091 -0.9256405 0.3589032 -0.2252905 -0.906381 0.3573764 -0.3302764 -0.8758031 0.3519754 -0.4305381 -0.8353177 0.341879 -0.5290488 -0.7829372 0.3272869 -0.620067 -0.7213005 0.3086143 -0.7030608 -0.6507516 0.2867543 -0.9727518 -0.209212 0.09992122 -0.9922147 -0.1047729 0.06732565 -0.9994961 -0.0238353 -0.02096652 -0.9980213 -0.02304154 -0.05850422 -0.9745832 -0.02294999 -0.2228473 -0.9535072 -0.02340811 -0.3004602 -0.9489444 -0.114723 -0.2938422 -0.9181686 -0.2409486 -0.3144998 -0.9183179 -0.2442439 -0.3115078 0 -1 -2.86245e-6 -0.001856446 0.6962126 -0.7178333 -0.1374893 2.44154e-4 -0.9905033 0.106635 -0.2767202 -0.9550157 0.1412727 -0.3647332 -0.9203325 0.1304692 -0.2670117 -0.9548208 0.0985462 -0.1474378 -0.9841499 0.09699058 -0.1153022 -0.9885839 0.03405922 -0.02639895 -0.9990711 0.03869801 0.03576821 -0.9986107 0.07767117 0.05533117 -0.9954424 0.1869605 0.1323617 -0.9734095 0.7117851 -0.004089474 -0.7023854 0.7261964 -0.02011191 -0.6871932 0.7254801 -0.04666435 -0.6866593 0.5223935 0.05206537 -0.8511136 0.3764857 -0.1507041 -0.9140825 0.3733706 0.01809781 -0.9275059 0.4393258 0.08520996 -0.8942775 0.3853657 -0.1698392 -0.9069995 0.5230057 -0.2305107 -0.8205668 0.6457021 -0.2845947 -0.7085723 0.747296 -0.3293644 -0.5771203 0.8268989 -0.3644349 -0.428282 0.9471744 -0.3093767 -0.08453911 0.9160016 -0.4011436 -0.005005121 0.6191714 -0.3361678 0.7096605 -0.05203515 -0.01898288 0.9984648 -0.09186375 -0.04077404 0.9949365 -0.1445066 -0.01287889 0.9894201 -0.2347798 -0.05389589 0.9705533 -0.2781791 -0.0632655 0.9584435 -0.3212722 -0.07617509 0.9439182 -0.3663514 -0.08594179 0.9264993 -0.4130714 -0.09228873 0.9060105 -0.5302391 -0.2013651 0.8235889 -0.5238974 -0.2177565 0.8234766 -0.5023485 -0.31615 0.8047953 -0.4889168 -0.3638494 0.7928266 -0.4701771 -0.396443 0.7885218 -0.499609 -0.3576614 0.7889672 -0.4858078 -0.4295301 0.7612456 -0.4584628 -0.5419334 0.7043579 -0.5068654 -0.4106683 0.7579175 -0.5247804 -0.3327831 0.7834929 -0.5369246 -0.2577348 0.8032963 -0.5214855 -0.1138374 0.8456323 -0.1336749 -0.7103385 0.6910502 -0.08237266 -0.7098882 0.699481 -0.03607344 -0.7102083 0.7030668 2.7467e-4 -0.9997679 0.0215463 0.0358296 -0.9942268 0.1011409 0.1028509 -0.9665237 0.2350615 0.1962984 -0.9074532 0.3714777 0.2176346 -0.9192475 0.3280541 0.2228847 -0.902129 0.3694398 0.2284378 -0.8930895 0.387566 0.2366442 -0.881663 0.4082525 0.2655501 -0.8478315 0.4589827 0.1748736 -0.9376951 0.3002455 0.1371536 -0.9662705 0.2179686 0.06466966 -0.9381839 0.3400424 -0.7647509 -0.5624084 0.3144091 -0.8888715 -0.3906762 0.2393315 -0.9337478 -0.2980144 0.1982489 -0.9985669 -0.03097629 0.0436415 -0.9996805 -0.02517813 0.002227842 -0.9969201 0.03241074 -0.07141345 -0.9941452 0.04425203 -0.09857523 -0.9783902 0.04181152 -0.2024961 -0.9698328 0.046633 -0.2392689 -0.9594186 0.04132241 -0.2789416 -0.9504102 -0.04525905 -0.3076885 -0.9483565 -0.1120973 -0.2967391 -0.9147752 -0.248058 -0.3188315 0 -1 3.88697e-5 -0.01894021 0.7162264 -0.6976109 -0.1381306 2.74674e-4 -0.9904141 5.92417e-5 0 -1 0.103644 -0.3486236 -0.9315146 0.2040504 -0.573728 -0.7932211 0.2052442 -0.4541925 -0.8669395 0.1084346 -0.2014877 -0.9734705 0.117439 -0.1954163 -0.9736636 0.2002651 -0.2933478 -0.9347946 0.1627871 -0.2278226 -0.9599986 0.1042545 -0.1225662 -0.9869694 0.07730412 -0.06552386 -0.9948522 0.01550352 0.01281791 -0.9997977 6.71427e-4 5.79869e-4 -0.9999997 0.06677532 0.05142432 -0.996442 0.1968771 0.1171924 -0.9733989 0.2054852 0.1012624 -0.9734073 0.2176603 0.07791453 -0.9729098 0.4250059 -0.001159667 -0.9051899 0.7158267 0.02353024 -0.6978815 0.5068655 0.1621493 -0.8466375 0.5797392 0.1823511 -0.7941352 0.449389 0.04220741 -0.8923386 0.3583232 0.0634489 -0.9314391 0.2592929 -0.01611423 -0.9656643 0.2553834 -0.04336756 -0.9658668 0.2509934 -0.06424379 -0.9658546 0.2448239 -0.08462935 -0.9658672 0.2370702 -0.1044659 -0.9658595 0.8824584 -0.3889348 -0.2645696 0.9061774 -0.4228746 0.004425287 0.8787039 -0.4767377 0.02450674 0.8311531 -0.5441834 0.1142324 0.8067327 -0.5281775 0.2649738 0.7563814 -0.4952308 0.4273567 0.6832039 -0.4473206 0.57718 0.02237033 -0.004760921 0.9997385 0.1054126 -0.02688723 0.994065 0.1073342 -0.0183112 0.9940544 0.02203494 -0.003051877 0.9997527 0.02038693 -0.003723323 0.9997853 -0.02710121 0 0.9996327 -0.1650492 -0.0252701 0.9859616 -0.4830592 -0.01577842 0.8754456 -0.525627 -0.01446592 0.8505922 -0.5469964 -0.1078855 0.830154 -0.5310617 -0.2197675 0.8183373 -0.453213 -0.4328566 0.7792517 -0.4553795 -0.4285835 0.7803497 -0.5183145 -0.2687862 0.8118522 -0.5036038 -0.3507922 0.7895114 -0.5038489 -0.3857378 0.7728796 -0.483555 -0.4658535 0.7410501 -0.5052434 -0.4209191 0.7533634 -0.5394269 -0.249525 0.8042115 -0.5460771 -0.1745688 0.8193446 -0.5444936 -0.2033801 0.8137342 -0.4641045 -0.1136227 0.8784628 -0.3864343 -0.264449 0.8835923 -0.300153 -0.4278134 0.8525749 -0.213822 -0.5769471 0.7882971 -0.01803648 -0.5771992 0.8164042 0.002441525 -0.9942855 0.1067256 4.57788e-4 -0.9998098 0.01950174 0.006744623 -0.9997639 0.02066117 0.299428 -0.8217713 0.4848041 0.2579793 -0.8831662 0.3917452 0.2482777 -0.881348 0.401975 0.2536181 -0.8675206 0.4278852 0.2830032 -0.8263034 0.486962 0.248913 -0.8664346 0.4328205 0.2339299 -0.8862479 0.3998019 0.1251279 -0.9396499 0.3184354 0.1301319 -0.9389089 0.3186156 0.02288919 -0.9068101 0.4209176 -0.08807915 -0.9004155 0.426021 -0.1929388 -0.8828737 0.428146 -0.3021082 -0.854015 0.4235436 -0.4064939 -0.8152463 0.4124758 -0.5074785 -0.7655821 0.3954108 -0.6017457 -0.7063652 0.3727606 -0.6869003 -0.639351 0.3455407 -0.7967759 -0.5037569 0.3337321 -0.8913556 -0.3493765 0.2888277 -0.9675465 -0.2009987 0.1531447 -0.9979649 -0.02838248 0.05710065 -0.9994646 0.008423209 0.03161758 -0.9989284 0.03433424 -0.03103816 -0.9988179 0.03839254 -0.0298168 -0.9985425 0.04223787 -0.0336011 -0.9949243 0.03903394 -0.09274768 -0.9900739 0.04059052 -0.1345592 -0.9848834 0.04336768 -0.1677027 -0.9689356 0.04452806 -0.2432715 -0.9453219 0.04211598 -0.3234084 -0.9366403 -0.01440513 -0.3499965 -0.8718417 -0.1343454 -0.4710026 -0.8894746 -0.1709976 -0.4237861 0 -1 -6.67119e-5 0 -1 -1.67266e-5 -0.001345872 0.6964358 -0.7176179 -0.2150357 0.002471983 -0.9766032 2.64536e-5 0 -1 0.1631556 -0.6170982 -0.7697858 0.09991848 -0.2930108 -0.9508739 0.233135 -0.5232797 -0.8196502 0.2261783 -0.407829 -0.8846011 0.2357006 -0.352376 -0.9056912 0.09555476 -0.121679 -0.9879593 0.1991668 -0.2520256 -0.9470036 0.1901025 -0.2048431 -0.9601565 0.06888175 -0.0654636 -0.9954747 0.09576773 -0.08099669 -0.9921029 0.01193302 0.006927847 -0.9999049 0.01437455 0.01059013 -0.9998406 0.07855707 0.0466032 -0.9958198 0.6954645 0.0572229 -0.7162784 0.7135593 0.02188193 -0.7002531 0.3465797 0.1150586 -0.9309372 0.4284614 0.1391378 -0.8927831 0.5174163 0.04980671 -0.8542832 0.3904617 0.03460866 -0.9199685 0.3420929 0.07938116 -0.9363073 0.3866474 0.09796649 -0.9170095 0.2277057 -0.1236343 -0.9658493 0.3699843 -0.2008774 -0.9070612 0.502133 -0.2726283 -0.8206927 0.6202127 -0.3367497 -0.7084745 0.7176988 -0.3897047 -0.577095 0.7941437 -0.4311772 -0.4282779 0.915642 -0.359335 -0.1802168 0.8548551 -0.4423516 -0.2711975 0.5894476 -0.3859152 0.7096627 0.02002012 -0.004882931 0.9997877 5.49346e-4 -0.0209667 0.9997801 0.002441525 -0.1078549 0.9941637 0.001098632 -0.02246206 0.9997472 3.05191e-4 -0.02127176 0.9997738 3.35713e-4 -0.1070008 0.9942589 0 -0.0210582 0.9997783 -0.02258414 -2.44153e-4 0.999745 -0.04412984 -0.00112915 0.9990252 -0.08841323 -0.004058957 0.9960757 -0.541173 0.4924637 0.6816241 -0.2486424 -0.007385671 0.9685672 -0.2824506 -0.009643912 0.9592335 -0.3406551 -0.0177316 0.9400212 -0.3796642 -0.004974663 0.9251111 -0.4366737 -0.02075326 0.8993806 -0.4460988 -0.0386067 0.8941507 -0.4931908 -0.04123145 0.8689435 -0.4928179 -0.04013222 0.8692065 -0.5402435 -0.03396737 0.8408229 -0.5556018 -0.08002132 0.8275889 -0.5213005 -0.3006458 0.7986601 -0.5227276 -0.3401941 0.7816803 -0.5440712 -0.1764637 0.8202727 -0.5511137 -0.1415475 0.8223369 -0.4997537 -0.02905434 0.8656802 -0.1550695 -0.5771539 0.8017774 -0.09552502 -0.5777283 0.8106202 -0.04168844 -0.5783893 0.8146951 0.006714105 -0.9997354 0.02200406 0.0853613 -0.966411 0.2424114 0.1684352 -0.907365 0.3851212 0.2668012 -0.8208824 0.5049448 0.2947888 -0.8445383 0.4470511 0.2938982 -0.8438816 0.4488738 0.2907828 -0.8485743 0.4420033 0.2567873 -0.8677482 0.4255272 0.2611542 -0.8589982 0.440364 0.3037602 -0.8045542 0.510316 0.3318973 -0.753857 0.5670484 0.3125492 -0.7819377 0.539339 0.2150377 -0.9033964 0.3709904 0.1313244 -0.9378878 0.3211238 0.1287912 -0.9394434 0.3175833 0.1336116 -0.8982616 0.4186577 -0.7515701 -0.5498676 0.3644013 -0.9552805 -0.2106127 0.2075608 -0.9891233 -0.1015064 0.1064505 -0.9974398 0.03039652 0.06472992 -0.9987963 0.03567671 0.03366243 -0.9992398 0.03875857 -0.004211544 -0.9858583 0.1543045 -0.06537187 -0.9825625 0.1596454 -0.09531116 -0.9789823 0.1599491 -0.126531 -0.9858351 0.03973615 -0.1629427 -0.9837516 0.091313 -0.1545791 -0.95928 0.1677946 -0.2272155 -0.9489371 0.1654452 -0.2686005 -0.9093658 -0.05090689 -0.4128709 -0.958863 -0.05636954 -0.2782161 0 -1 2.42935e-5 -0.2154625 0.002471983 -0.976509 0.1565347 -0.7530696 -0.6390486 0.2845942 -0.6456703 -0.7086015 0.2726256 -0.5020975 -0.8207152 0.2588053 -0.3321132 -0.9070395 0.09534072 -0.09549331 -0.9908538 0.0755952 -0.06610381 -0.9949451 0.1400228 -0.1125553 -0.9837301 0.01504564 -0.003906369 -0.9998793 0.0205695 0.01342815 -0.9996983 0.02264475 0.01464891 -0.9996363 0.08093559 0.03997951 -0.9959172 0.08664309 0.03155648 -0.9957395 0.4346556 0.07300209 -0.8976331 0.7016405 0.09576976 -0.7060658 0.398 0.03457814 -0.9167336 0.3070564 0.02420192 -0.9513835 0.3879572 0.09479188 -0.91679 0.105353 -0.006439566 -0.9944141 0.1049558 -0.01776218 -0.9943183 0.1011411 -0.02594143 -0.9945339 0.1011089 -0.03460836 -0.9942733 0.09818005 -0.0433982 -0.994222 0.09766167 -0.0525847 -0.9938295 0.852741 -0.4637719 -0.2403092 0.8644194 -0.4923931 -0.1016281 0.8360583 -0.5481149 0.02401816 0.7836312 -0.6106506 0.1141403 0.7605696 -0.5927139 0.2649984 0.7131043 -0.5557185 0.4273865 0.6441388 -0.5019803 0.577149 0.2643242 -0.2461044 0.932505 0.4269911 -0.3195948 0.8458948 0.02157706 -0.006286919 0.9997475 0.1308971 -0.04996001 0.9901363 0.009338736 -0.1081587 0.9940899 0.001800596 -0.0202949 0.9997925 -0.06158691 -0.005462825 0.9980869 -0.2046923 0.005279779 0.9788122 -0.2218442 -0.01852512 0.9749062 -0.2617003 -0.02926766 0.9647054 -0.2945119 -0.006958365 0.9556226 -0.3133053 -0.03048819 0.949163 -0.3522837 -0.03753864 0.9351402 -0.3860038 0.001098632 0.9224966 -0.4066734 -0.03503644 0.9129016 -0.4654405 -0.02569669 0.8847061 -0.5249629 -0.02398818 0.8507871 -0.549377 -0.1646208 0.8191977 -0.3982188 -0.1132274 0.9102755 -0.3202036 -0.265758 0.9093088 -0.2366749 -0.4273272 0.872569 -0.01956295 -0.4273037 0.9038966 0.005005061 -0.9943642 0.1059003 0.02771085 -0.9942953 0.1030002 0.368184 -0.7106709 0.5994893 0.2968909 -0.8444665 0.4457941 0.3204797 -0.8096683 0.4916605 0.2848957 -0.8403125 0.4612044 0.2892329 -0.823598 0.4878839 0.3467948 -0.7331736 0.5849701 0.2943313 -0.8096246 0.5078161 0.275893 -0.8355837 0.475061 0.193795 -0.9001243 0.3901535 0.1320883 -0.8670588 0.4803768 0.06189256 -0.8664659 0.4953849 -0.05560606 -0.8619862 0.5038731 -0.2790016 -0.8256824 0.4903128 -0.3794421 -0.7919973 0.478293 -0.4822144 -0.7442278 0.4621628 -0.5877659 -0.685671 0.4294027 -0.6716924 -0.6238082 0.3996157 -0.8081218 -0.4673427 0.3585107 -0.8590288 -0.3945239 0.3262215 -0.9278953 -0.2821773 0.243693 -0.9968271 -0.03527939 0.0713523 -0.9954813 0.02710115 0.09100878 -0.9880825 0.1499702 -0.03466951 -0.9735874 0.164406 -0.1584242 -0.9655644 0.1658104 -0.2004802 -0.9366918 0.1702964 -0.3059538 -0.9436196 0.03350991 -0.3293314 0 -1 -3.09037e-5 -0.216012 0.002471983 -0.9763876 0.142952 -0.6802122 -0.7189411 0.2305743 -0.6669716 -0.7085086 0.3366919 -0.6200966 -0.7086035 0.3130325 -0.4781093 -0.820623 0.3512454 -0.4507685 -0.8206306 0.2852656 -0.3097727 -0.9070085 0.1977049 -0.1822925 -0.9631627 0.2056359 -0.1597967 -0.9654942 0.102698 -0.07928961 -0.9915474 0.02478122 -0.01684635 -0.9995509 0.01132249 0.005707025 -0.9999197 0.02731424 0.01464897 -0.9995196 0.6737132 0.1189947 -0.7293497 0.2656969 0.08734488 -0.9600918 0.3760303 0.03207594 -0.926052 0.2327093 0.01660245 -0.9724047 0.3848118 0.1006816 -0.9174874 0.2050867 0.09204483 -0.9744061 0.09900486 -0.06427377 -0.993009 0.2175393 -0.1414859 -0.9657424 0.3523147 -0.2306953 -0.9070028 0.4781522 -0.3130711 -0.8205834 0.5903651 -0.3865268 -0.7085663 0.6832942 -0.4473809 -0.5770264 0.756074 -0.4950157 -0.4281489 0.8608211 -0.4778066 -0.1751795 0.8547481 -0.5190382 -0.00225836 0.81334 -0.5813016 0.02380502 0.7884357 -0.6146588 0.02374398 0.5557247 -0.4330679 0.7096636 0.01895219 -0.006866693 0.9997969 0.002807736 -0.02246201 0.9997438 0.006042659 -0.2570595 0.9663767 5.49351e-4 -0.2561199 0.9666449 -0.08029639 -0.01794534 0.9966095 -0.1148138 -0.02118039 0.9931613 -0.1162176 -0.1150578 0.986537 0.00878942 -0.5723213 0.8199824 0.005157768 -0.5155656 0.8568345 0.0599088 -0.4925767 0.8682046 -0.1920875 -0.02337765 0.9810993 -0.2266063 -0.02276742 0.9737204 -0.2990905 -0.02176034 0.9539766 -0.4011433 -0.02420163 0.9156956 -0.4339482 -0.02420145 0.9006127 -0.5583807 -0.008179128 0.8295445 -0.1717318 -0.4274222 0.8875915 -0.1058397 -0.4280588 0.8975319 -0.04602277 -0.4284578 0.9023891 0.005554497 -0.9666377 0.2560874 0.001678526 -0.9997423 0.02264511 0.004852533 -0.9998081 0.01898288 0.06723397 -0.9664242 0.2479999 0.1395943 -0.9074244 0.3963515 0.2288917 -0.8208666 0.5232464 0.3290302 -0.7098214 0.6228105 0.3373946 -0.7946704 0.5046423 0.2894748 -0.8285359 0.4793044 0.3181004 -0.7819905 0.5360066 0.3451148 -0.7365584 0.5817023 0.3734072 -0.6766804 0.6345634 0.3708099 -0.6794518 0.6331235 0.3799043 -0.701944 0.6024511 0.2552614 -0.8603324 0.4412141 -0.1601964 -0.8499658 0.5018919 -0.6999811 -0.5779361 0.4195431 -0.7572813 -0.519412 0.3958994 -0.8346136 -0.4459187 0.3233833 -0.9295535 -0.2767175 0.2436347 -0.9618542 -0.1889466 0.1978277 -0.9748905 -0.1447808 0.1691958 -0.9963272 -0.03643977 0.077488 -0.9814176 0.1285139 0.1424914 -0.9879523 0.1531735 0.02209556 -0.9887067 0.1497892 -0.004730463 -0.949214 0.3004329 -0.09345036 -0.9454359 0.3057147 -0.1126478 -0.9493792 0.2300508 -0.2139063 -0.9395382 0.2700657 -0.2105529 -0.9225192 0.2959801 -0.2476979 -0.9716835 0.1535393 -0.1796023 -0.941156 0.03979724 -0.3356214 0 -1 3.3787e-6 -0.2161348 0.002471983 -0.9763605 0.1774383 -0.68427 -0.707312 0.329329 -0.7472239 -0.5772338 0.389703 -0.7177263 -0.5770621 0.3865296 -0.5904304 -0.7085103 0.3871319 -0.420367 -0.8206221 0.3098284 -0.2853522 -0.9069622 0.04709064 -0.03509676 -0.9982739 0.01706022 -0.005462884 -0.9998396 0.01501518 -0.00125122 -0.9998865 0.01950162 0.008819937 -0.999771 0.2478452 0.0820657 -0.9653176 0.6906439 0.1714555 -0.7025768 0.1760959 0.0585969 -0.9826274 0.2296246 0.01718217 -0.9731277 0.3663787 0.09732455 -0.9253619 0.02743667 -0.001220762 -0.9996228 0.02658176 -0.003357052 -0.9996411 0.02636802 -0.005615413 -0.9996365 0.03039687 -0.009125173 -0.9994964 0.02856576 -0.01129198 -0.9995282 0.04544329 -0.02240121 -0.9987158 0.03820967 -0.02295023 -0.9990062 0.8168476 -0.5262433 -0.23628 0.7399026 -0.3655565 -0.5647235 0.8374454 -0.5410739 -0.07696926 0.7625581 -0.6464928 0.0234999 0.7307825 -0.6729791 0.1142639 0.709297 -0.6532027 0.2649983 0.6650475 -0.6124321 0.4273627 0.6007177 -0.5531986 0.5771565 0.01974588 -0.007568717 0.9997765 0.1297064 -0.05246239 0.9901636 -0.003383517 0 0.9999943 0.01812821 -0.1073043 0.994061 0.003051936 -0.02047848 0.9997857 0.02215707 -0.2571263 0.9661238 -0.05069178 -0.1131027 0.9922894 -0.1888212 -0.1149041 0.975266 -0.2614542 -0.02423185 0.9649116 -0.3296051 -0.019288 0.9439219 -0.3300938 -0.1141106 0.9370256 -0.2523632 -0.2657001 0.9304388 -0.0205695 -0.2653593 0.9639303 0.01306223 -0.9666381 0.2558128 0.0127266 -0.9942626 0.1062077 0.005585014 -0.9996923 0.02417129 0.02020376 -0.9943487 0.1042233 0.4270236 -0.5781239 0.6952868 0.3733419 -0.7417703 0.5571289 0.3593383 -0.7536216 0.5503913 0.3206353 -0.7923716 0.5189801 0.3220376 -0.782693 0.5326195 0.3686444 -0.6883661 0.6247026 0.3672086 -0.6955966 0.6174976 0.3343076 -0.7504372 0.5701601 0.2574268 -0.8646306 0.4314455 0.211898 -0.8588846 0.4662795 0.1857387 -0.8254478 0.5330451 -0.05044794 -0.834635 0.5484884 -0.1281805 -0.8250551 0.5503216 -0.2147333 -0.8140701 0.5396106 -0.2885026 -0.7975712 0.5297608 -0.4326406 -0.7424412 0.5114718 -0.5028093 -0.7103116 0.4925853 -0.6392934 -0.6218973 0.4522695 -0.698263 -0.5761227 0.4248664 -0.7791525 -0.50033 0.3776128 -0.8865829 -0.3638499 0.2856292 -0.9899479 -0.07126206 0.1221679 -0.9950587 0.01855587 0.09754037 -0.9558149 0.288249 -0.05771082 -0.9526588 0.2945719 -0.07529097 -0.9412761 0.3104423 -0.1327589 -0.9528051 0.2409785 -0.1846403 -0.9129378 0.2968253 -0.2800706 -0.9372696 0.1917204 -0.2911514 -0.9433419 -0.003662228 -0.3318024 0.1442614 -0.7056814 -0.6936876 0.2615477 -0.7378575 -0.6222211 0.4473858 -0.6833629 -0.5769412 0.4337428 -0.5565533 -0.7086013 0.4780873 -0.5191665 -0.7084481 0.420367 -0.3871319 -0.8206221 0.3322012 -0.2588331 -0.9069994 0.1202132 -0.08453685 -0.9891422 0.04684644 -0.02774167 -0.9985169 -6.21797e-5 0 -1 0.012299 0.004608273 -0.9999138 0.01516789 0.006622612 -0.999863 0.2291346 0.05816864 -0.9716553 0.6770297 0.1829298 -0.7128587 0.09085416 0.02945053 -0.9954287 0.1651386 0.01239073 -0.9861925 0.3383994 0.06332778 -0.9388692 0.04416096 0.03073263 -0.9985517 0.01791465 -0.003082394 -0.9998348 0.02121073 -0.008087515 -0.9997424 0.01687693 -0.007568657 -0.9998289 0.01944035 -0.01013213 -0.9997597 0.4507945 -0.3513029 -0.8205918 0.5565412 -0.4337334 -0.7086164 0.6440775 -0.501919 -0.5772709 0.7128735 -0.5555152 -0.4280354 0.8353483 -0.533236 -0.1336142 0.8252353 -0.5647857 0.001983702 0.7921285 -0.5977206 -0.1235421 0.7721108 -0.6288221 -0.09180241 0.5182449 -0.4772883 0.7096607 0.4506778 -0.3512156 0.8206932 0.02218747 -0.008453786 0.9997181 0.004181027 -0.02139359 0.9997624 0.009705185 -0.4199479 0.9074963 5.18818e-4 -0.4190523 0.9079619 -0.02148544 -0.1142941 0.9932146 -0.04913645 -0.2642687 0.9631966 -0.2600251 -0.1154548 0.9586747 -0.1831756 -0.2656078 0.9465196 -0.1129526 -0.2655501 0.9574575 0.008941948 -0.9077775 0.4193569 0.03006136 -0.9664206 0.2552014 0.002014219 -0.9997625 0.02169877 0.003753781 -0.9997052 0.02398777 0.002746701 -0.9997995 0.01983726 0.003692805 -0.999816 0.01883047 0.04873853 -0.9665007 0.251994 0.1099897 -0.9075068 0.4053811 0.1896759 -0.8210542 0.5384173 0.2820609 -0.7105847 0.6446016 0.3811894 -0.5782542 0.7213299 0.4048715 -0.6832093 0.6077041 0.3708402 -0.7430233 0.5571301 0.3533481 -0.7308061 0.5840101 0.3806018 -0.6780394 0.6288124 0.3900001 -0.6378435 0.6641202 0.3948915 -0.6247642 0.6735953 0.4735659 -0.5681143 0.6730391 0.3884793 -0.6289404 0.6734374 0.2965558 -0.8101343 0.5057045 0.2107648 -0.8613096 0.4623031 0.2465351 -0.8336048 0.494291 0.1144764 -0.8287712 0.5477532 0.02044767 -0.8381421 0.5450686 -0.3593388 -0.7707138 0.52619 -0.7747045 -0.5207831 0.3586335 -0.8655381 -0.4017305 0.2990928 -0.9022042 -0.33397 0.2729319 -0.9355462 -0.2554098 0.2439653 -0.9837964 -0.09650266 0.1511021 -0.9935114 -0.04052901 0.1062667 -0.9935978 0.071841 0.08719193 -0.9587269 0.2814165 -0.04059034 -0.8946087 0.4319379 -0.1144774 -0.8896614 0.4404207 -0.1205503 -0.884891 0.4480152 -0.1274768 -0.9372441 0.3147443 -0.1500323 -0.8931513 0.3852773 -0.2320392 -0.907473 0.2994188 -0.2946884 -0.9255961 0.2212055 -0.3071485 -0.9495691 0.03579878 -0.3115077 -0.9334667 0 -0.3586641 0 -1 -2.81717e-4 0.139074 -0.6783101 -0.7214941 0.1898283 -0.7337386 -0.6523749 0.3385818 -0.7703392 -0.5403148 0.4215059 -0.7639662 -0.4885575 0.4865957 -0.7424979 -0.4603493 0.5019813 -0.6441096 -0.5771808 0.5190699 -0.4780215 -0.7085633 0.04608309 0.001953184 -0.9989358 0.04397737 0.002838194 -0.9990285 0.7548128 -0.5943709 -0.2774544 0.7984212 -0.5776125 -0.1699632 0.8005207 -0.5776079 -0.1597989 0.7436368 -0.6350181 -0.2091802 0.7355983 -0.6770019 0.02374374 0.6729838 -0.7307876 0.1142036 0.653208 -0.7093027 0.26497 0.6124366 -0.6650218 0.4273963 0.553199 -0.6006876 0.5771875 0.2909075 -0.2251389 0.9298846 0.4203056 -0.3870706 0.8206824 0.0187689 -0.008270502 0.9997897 0.005340695 -0.01983708 0.999789 0.02704006 -0.1052915 0.9940738 0.006561577 -0.02179056 0.9997411 0.004822015 -0.02163821 0.9997543 1.92976e-4 0 1 0.04321545 -0.2544403 0.9661225 0.03613483 -0.4193051 0.9071261 0.02145481 -0.9074814 0.4195442 0.04922693 -0.9073573 0.417468 0.4741149 -0.4269323 0.7700286 0.4349566 -0.619505 0.6534727 0.3710556 -0.7420197 0.5583231 0.3972994 -0.6879951 0.6073023 0.3554883 -0.7369486 0.5749218 0.4054492 -0.6189318 0.6727069 0.4486925 -0.5143392 0.7308421 0.3237465 -0.7273005 0.6051631 0.325672 -0.7308774 0.5997968 0.329545 -0.7289176 0.6000661 0.2132993 -0.8560051 0.4709126 0.215681 -0.8332118 0.5091562 -0.0518518 -0.8317658 0.5526998 -0.1765246 -0.8149616 0.5519753 -0.396629 -0.7634101 0.5097946 -0.6782804 -0.5967646 0.4287281 -0.8235289 -0.4664548 0.3228316 -0.8673009 -0.3978206 0.2992123 -0.9585959 -0.1859511 0.2156764 -0.9934183 -0.02990841 0.1105697 -0.994913 0.01541197 0.09955233 -0.9871237 0.152776 0.04739534 -0.9608046 0.276229 -0.02349972 -0.9049732 0.4125833 -0.1039164 -0.8997105 0.4226625 -0.1089846 -0.8802641 0.4547965 -0.1352609 -0.9306324 0.3172506 -0.1824153 -0.8871347 0.3745937 -0.2695769 -0.8835602 0.3789564 -0.2751607 -0.9439566 0.1543962 -0.2917323 -0.9571554 0.03070169 -0.2879431 0 -1 8.28884e-5 0.1152113 -0.6968833 -0.7078703 0.2402166 -0.6997442 -0.6727958 0.2785201 -0.8402602 -0.4651768 0.2894108 -0.7253124 -0.6246305 0.5555055 -0.7128306 -0.4281195 0.5532197 -0.6007075 -0.5771467 0.6007182 -0.5532295 -0.5771264 0.6765904 0.20262 -0.7079341 0.08658319 0.02929848 -0.9958137 0.03793495 6.40897e-4 -0.9992801 0.1924224 -0.002716183 -0.9813085 0.6647546 -0.6121688 -0.4281947 0.7381685 -0.6692562 -0.08487397 0.7382851 -0.669007 -0.08581942 0.4772883 -0.5182449 0.7096607 0.2899936 -0.261275 0.9206731 0.02047818 -0.009979665 0.9997406 0.03546351 -0.1027282 0.9940771 0.006500422 -0.01940983 0.9997906 0.01327562 -0.5705778 0.8211364 9.46098e-4 -0.5699173 0.8217015 0.01229918 -0.8216969 0.5697921 0.07980632 -0.9073206 0.4127958 0.149393 -0.8211885 0.5507552 0.2340228 -0.7097288 0.6644685 0.32695 -0.5783045 0.7474408 0.4222597 -0.428272 0.7989242 0.45999 -0.5559129 0.6923656 0.4341073 -0.6200922 0.6534804 0.3866799 -0.6775291 0.6256462 0.4146062 -0.6138368 0.6717932 0.4255566 -0.558833 0.7117635 0.4093547 -0.5843826 0.700661 0.45135 -0.500486 0.7387807 0.4463145 -0.5126636 0.7334709 0.2861178 -0.7715872 0.568146 0.3271955 -0.7262635 0.6045532 0.3251526 -0.7498898 0.5761434 0.2720763 -0.838355 0.472372 0.2824839 -0.8243491 0.4905626 0.05591118 -0.836562 0.545012 -0.2982037 -0.7986587 0.5227035 -0.700442 -0.59683 0.3913759 -0.7778126 -0.5276161 0.3415099 -0.8811044 -0.325329 0.3432434 -0.9178439 -0.2475132 0.3103224 -0.9462696 -0.1690443 0.2756774 -0.9768651 -0.1135932 0.1811937 -0.9926765 -0.02249282 0.1186902 -0.9907786 -0.01202458 0.1349563 -0.9922309 0.01873856 0.1229912 -0.9904786 0.07193434 0.1173778 -0.9104534 0.4014821 -0.09943205 -0.8219192 0.5473052 -0.157816 -0.8150492 0.5593583 -0.1510401 -0.8086408 0.5701931 -0.1448448 -0.802742 0.579831 -0.1392888 -0.8765259 0.4601295 -0.1413623 -0.9012004 0.3954979 -0.1772553 -0.8613179 0.4414628 -0.2514797 -0.8827956 0.3811531 -0.2745804 -0.9144828 0.3059568 -0.2647861 -0.9695364 -0.008636951 -0.2447951 0.09466999 -0.762457 -0.6400757 0.1531457 -0.6886371 -0.7087493 0.1387418 -0.6443591 -0.7520321 0.2089333 -0.6734637 -0.7090794 0.3276247 -0.8940021 -0.3056508 0.2165633 -0.568143 -0.7939231 0.4343777 -0.8495286 -0.2993615 0.4894096 -0.8211559 -0.2935664 0.5833059 -0.7397148 -0.3355237 0.6121302 -0.6647153 -0.4283111 0.680765 0.1884876 -0.7078357 0.0187999 0.004394769 -0.9998137 0.0388503 0.007934868 -0.9992136 0.7102112 -0.6493254 -0.2719866 0.6993792 -0.6830819 -0.2103997 0.6770483 -0.7355545 0.0237748 0.610661 -0.783614 0.1142033 0.5926941 -0.7605834 0.2650032 0.5557258 -0.7131137 0.4273616 0.5019891 -0.6441501 0.5771287 0.3870803 -0.4203161 0.8206725 0.09583032 -0.05194365 0.9940415 0.01904362 -0.01083409 0.99976 0.01864725 -0.009582996 0.9997803 0.008270621 -0.02114963 0.9997422 0.06399881 -0.2500441 0.9661171 0.07049882 -0.414936 0.9071153 0.04907441 -0.5692698 0.8206849 0.02920722 -0.8209462 0.5702583 0.0668075 -0.8213452 0.566506 0.1083433 -0.8211507 0.5603333 0.5062547 -0.2655487 0.8204817 0.4857833 -0.4791606 0.7310402 0.4320372 -0.6244031 0.6507416 0.4507709 -0.5901223 0.6697473 0.4270926 -0.6193361 0.658798 0.4410289 -0.5442744 0.7136238 0.4512205 -0.5132653 0.7300403 0.4321568 -0.5419967 0.7207497 0.4148463 -0.5792832 0.7016649 0.4507688 -0.5029872 0.7374358 0.3756907 -0.6013187 0.7051754 0.2902112 -0.7466933 0.5985205 0.3484362 -0.7404538 0.5747352 0.2566074 -0.8300676 0.4951168 0.2674737 -0.8298583 0.4896869 0.02468979 -0.8519359 0.5230639 -0.08087623 -0.8445923 0.5292664 -0.1943452 -0.8269743 0.5275826 -0.3468207 -0.8145892 0.4649302 -0.4449712 -0.7725958 0.4528757 -0.5374337 -0.7219496 0.435837 -0.6234842 -0.6622745 0.4155238 -0.7460461 -0.5696136 0.3448994 -0.8369317 -0.3997728 0.3738008 -0.9855173 -0.06744682 0.1555855 -0.991425 -0.01315385 0.1300129 -0.988044 0.1330006 0.07797533 -0.9787137 0.2021273 0.03555458 -0.9151146 0.3918039 -0.09515845 -0.8369295 0.5194377 -0.1724337 -0.8292351 0.5339931 -0.1649864 -0.7973755 0.5883189 -0.1344371 -0.8623581 0.4586771 -0.2143687 -0.9640619 0.03689736 -0.2631035 0.0686379 -0.7043244 -0.7065523 0.1148139 -0.6946514 -0.7101248 0.1366354 -0.6638888 -0.7352432 0.1904736 -0.7397679 -0.6453398 0.1925755 -0.7336181 -0.6517049 0.3632702 -0.9314466 0.02102774 0.3760557 -0.8808103 -0.2876725 0.4015161 -0.8521993 -0.3354716 0.4766804 -0.8480083 -0.2316412 0.5245713 -0.8271428 -0.2016431 0.5396407 -0.8122078 -0.2215999 0.6378545 -0.7002665 -0.3205752 0.6789313 -0.7085044 -0.1925459 0.646795 -0.7622799 0.02420175 0.6143517 -0.7886469 0.02465951 0.4330679 -0.5557247 0.7096636 0.28511 -0.3095864 0.9071211 0.01922708 -0.01165831 0.9997473 9.52471e-4 0 0.9999997 0.009002983 -0.01989817 0.9997615 0.08432465 -0.2439403 0.9661172 0.01651078 -0.7038906 0.7101166 0.001464903 -0.7034956 0.7106981 0.015473 -0.710599 0.7034271 0.184398 -0.7098194 0.6798189 0.2711365 -0.5776759 0.7699192 0.3621693 -0.4278767 0.8281033 0.450589 -0.2643899 0.8526826 0.5235915 -0.3365684 0.782671 0.4853864 -0.4834942 0.728446 0.4822002 -0.5067375 0.7146329 0.4419469 -0.574827 0.6886632 0.4633117 -0.5067711 0.7269975 0.4673686 -0.4481415 0.7620604 0.4474121 -0.4949917 0.7448527 0.4485722 -0.4716448 0.7591668 0.4474151 -0.4977722 0.7429959 0.4146618 -0.5798612 0.7012964 0.4538794 -0.502832 0.7356314 0.1909579 -0.8451648 0.4992311 -0.2509951 -0.8440261 0.4739425 -0.7763571 -0.5306745 0.3400797 -0.8112629 -0.3676655 0.4546149 -0.8554335 -0.3003433 0.4219333 -0.8907009 -0.2304195 0.3918657 -0.9592623 -0.1193889 0.2560515 -0.9863273 0.02505642 0.1628822 -0.9903146 0.05148571 0.1289432 -0.9884395 0.02249222 0.1499383 -0.9862037 0.06699001 0.1513761 -0.9603049 0.2785757 -0.01449638 -0.8449296 0.5035701 -0.1803086 -0.7330962 0.6427906 -0.2222391 -0.7240926 0.6591482 -0.203012 -0.7156788 0.6737146 -0.1841537 -0.7078658 0.6866244 -0.1657506 -0.7007306 0.6979534 -0.147776 -0.7924638 0.5961332 -0.1289439 -0.9030033 0.3926911 -0.1742954 -0.8292281 0.5075592 -0.2340186 -0.8612525 0.4522033 -0.2318545 -0.9597979 0.1537861 -0.2348146 -0.9713337 0.03567689 -0.2350281 0.06845468 -0.73643 -0.6730415 0.09000122 -0.6769471 -0.7305084 0.340567 -0.940214 0.003448665 0.3752926 -0.8805659 -0.289412 0.4767959 -0.8786681 0.02465921 0.5477883 -0.8362553 0.02459841 0.6102839 -0.7241799 -0.3211185 0.6574177 -0.7410407 -0.1366047 0.5815061 -0.8131747 0.02444559 0.5441853 -0.831156 0.1142023 0.5281952 -0.8067132 0.2649979 0.4952308 -0.7563814 0.4273567 0.4473206 -0.6832039 0.57718 0.3511888 -0.4506826 0.820702 -0.665625 -0.5994593 0.444513 0.009033679 -0.01901346 0.9997785 0.04385644 -0.09970712 0.9940499 0.01004076 -0.02014261 0.9997468 0.1043447 -0.407735 0.9071187 0.09570848 -0.5632946 0.8206944 0.06051939 -0.7019702 0.7096305 0.03607344 -0.7102083 0.7030668 0.08237266 -0.7098882 0.699481 0.1336749 -0.7103385 0.6910502 0.5214855 -0.1138374 0.8456323 0.5369246 -0.2577348 0.8032963 0.5247804 -0.3327831 0.7834929 0.5068654 -0.4106683 0.7579175 0.4584628 -0.5419334 0.7043579 0.4858078 -0.4295301 0.7612456 0.4648432 -0.4734802 0.7481561 0.4854683 -0.4002894 0.7772316 0.4733507 -0.4112749 0.7789686 0.4502544 -0.4610888 0.764636 0.3692305 -0.6460466 0.6680514 0.3366566 -0.5529763 0.7621545 0.1461553 -0.8978375 0.4153631 0.171642 -0.8303459 0.5301554 0.2581041 -0.8329098 0.489534 -0.008392751 -0.8665324 0.4990504 -0.1264708 -0.8553872 0.5023126 -0.3990669 -0.816201 0.4178056 -0.4870521 -0.77332 0.4059022 -0.5743752 -0.7185184 0.3922049 -0.6520446 -0.6594913 0.3740444 -0.7236529 -0.5908311 0.3567144 -0.9230874 -0.1525355 0.3530475 -0.9838926 0.02017283 0.1776189 -0.9861069 0.1301035 0.103277 -0.9795396 0.1936434 0.05481219 -0.9469121 0.3185875 -0.0431233 -0.85244 0.489319 -0.1841546 -0.7522023 0.6052227 -0.2605714 -0.7424738 0.6248524 -0.2414382 -0.6943979 0.7077042 -0.1302549 -0.8307597 0.534267 -0.1561966 -0.9029042 0.3931761 -0.1737141 -0.8239204 0.517571 -0.2308149 -0.9286385 0.3032999 -0.2136344 -0.9713928 0.03567683 -0.2347835 0.05545353 -0.7753733 -0.6290638 0.08871883 -0.6162099 -0.7825692 0.3644279 -0.9312276 0.002746701 0.4028857 -0.9149391 0.02386611 0.6156905 -0.7731381 -0.1522593 0.6576249 -0.7410029 -0.1358098 0.578885 -0.8154074 0.001770079 0.3859152 -0.5894476 0.7096627 0.2586831 -0.3319603 0.9071304 0.05191349 -0.0954647 0.9940783 0.009887993 -0.01794493 0.9997901 0.1040707 -0.2361887 0.9661182 0.13749 -0.3977599 0.9071293 0.01876938 -0.8161188 0.5775793 9.15586e-4 -0.8158784 0.5782228 0.01803648 -0.5771992 0.8164042 0.213822 -0.5769471 0.7882971 0.300153 -0.4278134 0.8525749 0.3864343 -0.264449 0.8835923 0.4641045 -0.1136227 0.8784628 0.544462 -0.2033492 0.8137632 0.5460771 -0.1745688 0.8193446 0.5394269 -0.249525 0.8042115 0.5052434 -0.4209191 0.7533634 0.4835783 -0.4658466 0.7410392 0.5038489 -0.3857378 0.7728796 0.5023485 -0.31615 0.8047953 0.4889519 -0.3638527 0.7928034 0.4701771 -0.396443 0.7885218 0.499597 -0.3576529 0.7889787 0.4885839 -0.4008103 0.7750077 0.3818543 -0.4969111 0.7792733 0.2313681 -0.7906071 0.5669298 0.2223631 -0.8376308 0.4989284 0.1271734 -0.8652802 0.4848889 -0.1498202 -0.865136 0.4786372 -0.307967 -0.8516015 0.4241832 -0.729752 -0.5365025 0.4238244 0.2023732 -0.0907948 0.9750906 0.2731717 -0.02121037 0.9617315 0.2783978 -0.06341928 0.9583698 -0.8178666 -0.3066618 0.4868806 -0.7916765 -0.3415745 0.5065326 -0.7317877 -0.4107875 0.5438203 -0.8604012 -0.2037166 0.467129 -0.9483491 -0.08017355 0.3069301 -0.9687117 -0.06979751 0.2381722 -0.9772192 0.02099704 0.2111916 -0.9821333 0.06952238 0.1748741 -0.9670086 0.2546848 0.005493462 -0.9159408 0.3887224 -0.09973657 -0.7604651 0.5864169 -0.278941 -0.6305862 0.714117 -0.3039705 -0.6200217 0.7353221 -0.2736324 -0.609832 0.7543703 -0.2429623 -0.6001256 0.7711541 -0.2125343 -0.5910362 0.785749 -0.1824136 -0.5826946 0.7982487 -0.1525327 -0.6886999 0.716381 -0.1117619 -0.7859647 0.6023908 -0.1392292 -0.8674967 0.4687687 -0.1664495 -0.8238536 0.5192154 -0.2273341 -0.8737897 0.4490567 -0.1866542 -0.9717049 0.1546414 -0.178538 -0.9763363 0.03726381 -0.2130233 0.03647029 -0.7109113 -0.7023355 0.0621674 -0.6695285 -0.7401803 0.4006562 -0.9090756 0.1142639 0.4740257 -0.8730655 0.1142642 0.5571066 -0.830441 3.66236e-4 0.5603074 -0.7583178 -0.3331813 0.4601105 -0.8474017 0.2649694 0.4313898 -0.7945385 0.4273307 0.3896651 -0.7176821 0.5771426 0.3129755 -0.4780239 0.8206946 0.1764935 -0.1881518 0.9661517 0.0172128 -0.01434403 0.9997491 0.1059612 -0.09183096 0.9901209 0.01635795 -0.01248204 0.9997883 0.01165825 -0.01956266 0.9997407 0.1416703 -0.5535275 0.820693 0.1179876 -0.694589 0.7096655 0.07013195 -0.8136288 0.5771393 0.04168844 -0.5783893 0.8146951 0.09552675 -0.577708 0.8106345 0.1550695 -0.5771539 0.8017774 0.4997537 -0.02905434 0.8656802 0.5511137 -0.1415475 0.8223369 0.544039 -0.1764327 0.8203006 0.5227276 -0.3401941 0.7816803 0.5213005 -0.3006458 0.7986601 0.5036038 -0.3507922 0.7895114 0.5183369 -0.268782 0.8118395 0.5051314 -0.2904253 0.8127088 0.4624314 -0.378045 0.8020219 0.453213 -0.4328566 0.7792517 0.4553855 -0.4285586 0.78036 0.4247704 -0.4379548 0.7923167 0.3562802 -0.4443279 0.8219715 0.3056216 -0.5074161 0.8056825 -0.04141515 -0.8780809 0.4767169 -0.2151901 -0.8782176 0.4271148 -0.3859497 -0.8259189 0.4109756 -0.529426 -0.7473065 0.4015483 -0.6652309 -0.6465225 0.3734656 -0.89736 -0.1361773 0.4197629 -0.9785853 0.03509658 0.2028279 -0.9840273 0.1252809 0.1264711 -0.9797536 0.1864715 0.07287949 -0.9689316 0.2466276 0.01861685 -0.9515931 0.3052545 -0.03592121 -0.8976262 0.4168902 -0.1430733 -0.8196526 0.5167196 -0.247327 -0.6521083 0.6656894 -0.3627842 -0.6413009 0.6909558 -0.3336364 -0.5762329 0.8077209 -0.1246709 -0.7379831 0.6623261 -0.1292485 -0.7396987 0.6604093 -0.1292496 -0.7846735 0.5935331 -0.1789022 -0.8265197 0.52731 -0.1970011 -0.786617 0.5871092 -0.1911454 -0.9394869 0.3015343 -0.1626088 -0.9803958 0.03115999 -0.1945593 0.4480219 -0.6199061 -0.6441994 0.3361678 -0.6191714 0.7096605 0.2305427 -0.352101 0.9071246 0.1586391 -0.2035939 0.9661176 0.01611387 -0.0145269 0.9997647 0.05951184 -0.09109896 0.9940621 0.01104801 -0.01748758 0.9997861 0.1231455 -0.2268196 0.9661201 0.1697475 -0.3851211 0.9071205 0.1866865 -0.5400084 0.8206944 0.02114981 -0.9036749 0.4276967 0.001739561 -0.9036923 0.4281788 0.01956295 -0.4273037 0.9038966 0.2366749 -0.4273272 0.872569 0.3202036 -0.265758 0.9093088 0.3982188 -0.1132274 0.9102755 0.4654405 -0.02569669 0.8847061 0.5249629 -0.02398818 0.8507871 0.5556018 -0.08002132 0.8275889 0.549377 -0.1646208 0.8191977 0.5238974 -0.2177565 0.8234766 0.5081443 -0.27864 0.8149535 0.441306 -0.4124655 0.7969449 0.1943478 -0.8434659 0.5007935 0.08127331 -0.8876891 0.453214 -0.0893917 -0.8892476 0.4486066 -0.3102549 -0.8552305 0.4151178 0.1920875 -0.02337765 0.9810993 0.1148138 -0.02118039 0.9931613 0.1162176 -0.1150578 0.986537 -0.4647204 -0.7846564 0.4103041 -0.6022619 -0.6972981 0.3886594 -0.7259353 -0.3817065 0.5721173 -0.7766553 -0.3207579 0.5421449 -0.8211724 -0.2610588 0.5074685 -0.6165625 -0.477636 0.625871 -0.9118373 -0.09876173 0.3984958 -0.963606 -0.03381496 0.2651793 -0.9730693 0.009247243 0.2303273 -0.9774857 0.06146478 0.2018511 -0.9283651 0.3605544 -0.0902149 -0.8627166 0.4660586 -0.1962384 -0.7604251 0.5705019 -0.3102923 -0.6628191 0.6382205 -0.3915937 -0.5173043 0.7581331 -0.3970272 -0.5062831 0.7848014 -0.357441 -0.4948387 0.8090647 -0.3170948 -0.4835737 0.8306054 -0.276136 -0.4726814 0.8492884 -0.2351199 -0.4643779 0.8637197 -0.1958102 -0.4554405 0.8773707 -0.1509793 -0.5847808 0.8054965 -0.09595274 -0.7387767 0.6620821 -0.1259219 -0.7847633 0.5843762 -0.2065215 -0.7964177 0.5846174 -0.1547301 -0.8833941 0.446626 -0.1419168 -0.9805793 0.1523209 -0.1235414 -0.991154 -0.007904291 -0.1324814 0.05969524 -0.6639422 -0.7453975 0.3292099 -0.9440484 0.01983743 0.1882109 -0.2776622 -0.9420619 0.3889026 -0.882363 0.2649347 0.3646216 -0.8273038 0.4273401 0.3293331 -0.7472637 0.57718 0.2726283 -0.502133 0.8206927 -0.5928316 -0.6600344 0.4614167 -0.4920912 -0.6596416 0.568084 -0.5134287 -0.7151622 0.4742722 0.01507645 -0.01464921 0.9997791 3.94867e-4 0 1 0.01281809 -0.01812845 0.9997536 0.1746929 -0.6825355 0.7096673 0.1367577 -0.8051033 0.5771535 0.07764077 -0.9007126 0.4274212 0.04602277 -0.4284578 0.9023891 0.1058713 -0.4280325 0.8975408 0.1716998 -0.4273879 0.8876142 0.4339482 -0.02420145 0.9006127 0.4830825 -0.01577818 0.8754326 0.492831 -0.04013329 0.869199 0.5583807 -0.008179128 0.8295445 0.5310617 -0.2197675 0.8183373 0.5302391 -0.2013651 0.8235889 0.5169069 -0.2384479 0.8221617 0.4237017 -0.3474641 0.8365079 0.3135859 -0.4171685 0.8530148 -0.1109973 -0.8981714 0.425403 -0.2625919 -0.8333113 0.4864543 0.2622799 -0.8338084 0.4857702 -0.7586708 -0.309035 0.5735123 -0.6201326 -0.4752855 0.6241308 -0.9357953 -0.006103694 0.3524911 -0.9582715 0.02069199 0.2851101 -0.9608734 -0.04034662 0.2740339 -0.9693317 0.01998966 0.2449423 -0.9816397 0.1201223 0.1481691 -0.9797889 0.178812 0.08966541 -0.9711713 0.2364602 0.03021365 -0.9557933 0.2925549 -0.0295118 -0.9338253 0.3465145 -0.08887177 -0.905505 0.3979094 -0.1474077 -0.8707975 0.446767 -0.2052094 -0.8295186 0.4930417 -0.2623147 -0.5390072 0.6975567 -0.4721081 -0.5280465 0.729566 -0.4346266 -0.4419249 0.8897095 -0.1145403 -0.5038459 0.8598249 -0.08270776 -0.6236622 0.7758315 -0.09555596 -0.6799018 0.7247037 -0.1119741 -0.6710592 0.7295647 -0.1319656 -0.7365249 0.6571744 -0.1601658 -0.6900376 0.7090511 -0.1452406 -0.9473861 0.3002202 -0.1110299 -0.9890754 0.0410487 -0.1415799 -0.9819391 0.03018295 -0.1867744 0.03054976 -0.7107028 -0.7028288 0.2640802 -0.9644284 0.01181077 0.3246 -0.9389169 0.1143241 0.1850976 -0.2735111 -0.9438912 0.2841373 -0.6446955 0.7096717 0.2008145 -0.3698893 0.9071139 0.1413658 -0.2159247 0.9661223 0.01312327 -0.01617521 0.999783 0.06702065 -0.08588165 0.9940486 0.01477116 -0.01733475 0.9997407 -7.21761e-4 0 0.9999998 0.2304482 -0.5228498 0.8206837 0.2302067 -0.6658691 0.7096642 0.02255386 -0.9639258 0.2652139 0.001892149 -0.9640964 0.2655462 0.0205695 -0.2653593 0.9639303 0.2523632 -0.2657001 0.9304388 0.3300938 -0.1141106 0.9370256 0.4004769 -0.0232253 0.9160125 0.4460988 -0.0386067 0.8941507 0.4931908 -0.04123145 0.8689435 0.525627 -0.01446592 0.8505922 0.5402435 -0.03396737 0.8408229 0.4875092 -0.2408553 0.8392398 -0.2356081 -0.7582186 0.6079421 -0.2525793 -0.7492841 0.6121905 -0.7086275 -0.1800333 0.6822282 -0.5763909 -0.2084175 0.7901493 -0.5761442 -0.2888656 0.7646011 0.1211004 -0.8579272 0.4992952 0.08627831 -0.9004748 0.4262644 -0.1715506 -0.9020066 0.3961749 -0.3479802 -0.8013127 0.486629 -0.4326761 -0.7616163 0.4824231 -0.568089 -0.6055364 0.5573157 -0.6375138 -0.4673697 0.6124882 -0.3620803 -0.6821052 0.6353192 -0.7373163 -0.3438612 0.5814846 -0.5868821 -0.501978 0.6352854 -0.3943687 -0.6342493 0.664982 -0.6968758 -0.3860375 0.6044331 -0.9181436 -0.05182182 0.3928448 -0.9480187 0.02630752 0.3171253 -0.9282954 -0.05227899 0.3681503 -0.958629 -0.02291965 0.2837342 -0.966023 0.01889133 0.2577648 -0.9719642 0.0627467 0.2266024 -0.7711867 0.5462 -0.327012 -0.672308 0.6125513 -0.4156718 -0.5462356 0.6655663 -0.5085747 -0.4222937 0.7757973 -0.4688354 -0.4026096 0.8190445 -0.408744 -0.390682 0.8430443 -0.3696539 -0.3785599 0.8653408 -0.3284474 -0.3715411 0.8850576 -0.2804107 -0.3559461 0.9008979 -0.2483657 -0.3356235 0.9246202 -0.1800958 -0.3357146 0.9342021 -0.1206741 -0.5596538 0.8254725 -0.07336717 -0.6233131 0.7762727 -0.09424161 -0.7434797 0.6424915 -0.1855876 -0.6946743 0.7009307 -0.1616288 -0.6991903 0.7049584 -0.1190241 -0.804872 0.5816882 -0.1175584 -0.89037 0.4448187 -0.09683769 -0.9860283 0.1525018 -0.06701904 -0.989669 0.03775191 -0.1383119 -0.9869216 0.04754847 -0.1540291 0.03122115 -0.7111281 -0.7023691 0.2902978 -0.9568353 0.01391667 0.2420496 -0.9702433 0.006317496 0.2870946 -0.9576027 0.02395761 0.3150482 -0.9113295 0.2649969 0.2953954 -0.8544769 0.42733 0.2668313 -0.7718362 0.5771223 0.07361263 -0.0799607 0.9940763 0.01593095 -0.01608353 0.9997438 0.01382493 -0.01510667 0.9997903 0.0127263 -0.01757878 0.9997646 0.2024962 -0.7911546 0.577122 0.1514037 -0.8913016 0.4273853 0.08279889 -0.9606872 0.2649992 0.04913645 -0.2642687 0.9631966 0.3771895 -0.006744742 0.9261116 0.4366984 -0.02075296 0.8993686 0.4130714 -0.09228873 0.9060105 0.4572936 -0.1026957 0.8833665 0.5045184 -0.1108469 0.856256 0.5469964 -0.1078855 0.830154 0.5230467 -0.1741759 0.8343171 0.2469643 -0.3316867 0.9104903 0.1396865 -0.3301876 0.9335224 0.1287895 -0.9015875 0.4129809 0.04223823 -0.9108083 0.4106633 -0.1552811 -0.9017785 0.4033405 -0.1007437 -0.8711084 0.4806463 -0.2930787 -0.7281951 0.6195457 -0.322835 -0.7190998 0.6153641 -0.5149489 -0.5745221 0.6362013 -0.5485877 -0.5439487 0.6349578 -0.5888069 -0.5080226 0.628665 -0.9490003 0.04043817 0.3126711 -0.9552847 0.01379472 0.2953658 -0.9621264 0.0147714 0.2722032 -0.9790196 0.114721 0.1684039 -0.9796966 0.1707243 0.1051081 -0.9733483 0.2256893 0.04071259 -0.9599733 0.2790652 -0.02395737 -0.9397202 0.3303411 -0.08832287 -0.9128084 0.3791135 -0.1518346 -0.8792012 0.4253786 -0.214612 -0.8387518 0.469015 -0.2766236 -0.4413368 0.7041673 -0.5562106 -0.4334053 0.73631 -0.5196225 -0.4246788 0.7606375 -0.4909977 -0.416468 0.7816024 -0.4643836 -0.4106073 0.8080303 -0.4224793 -0.4011439 0.831983 -0.3832597 -0.3979965 0.834111 -0.381913 -0.389241 0.8545358 -0.3438896 -0.3849996 0.8575283 -0.3412046 -0.3774018 0.8751415 -0.3028126 -0.37746 0.8750432 -0.303024 -0.363847 0.8939309 -0.2617306 -0.358268 0.8960821 -0.2620707 -0.373007 0.9002281 -0.2246221 -0.3183791 0.9299587 -0.1838797 -0.3293929 0.9292464 -0.1673364 -0.3425738 0.92823 -0.1450254 -0.3401936 0.9340295 -0.1088913 -0.4295224 0.8999096 -0.07532054 -0.4954844 0.8669374 -0.05398899 -0.5679312 0.8180968 -0.09039777 -0.6413624 0.7545278 -0.1390762 -0.5766585 0.8110758 -0.09808838 -0.9523013 0.2993967 -0.05902475 -0.995617 0.03204476 -0.0878638 -0.993511 0.04171925 -0.1058089 0.03038048 -0.711239 -0.7022935 0.2463219 -0.9624289 0.1142646 0.02325522 -0.9931714 0.1143232 0.001983702 -0.9934275 0.1144466 0.1129517 -0.2655785 0.9574497 0.1831741 -0.2656362 0.9465119 0.3309199 -0.02029526 0.9434406 0.02148544 -0.1142941 0.9932146 0.3860038 0.001098632 0.9224966 0.4066734 -0.03503644 0.9129016 0.446984 -0.2143362 0.8684845 -0.02517843 -0.1533596 0.9878497 -0.02450644 -0.1037938 0.994297 0.02209562 -0.1883621 0.9818511 0.140785 -0.9016283 0.4089571 0.1243026 -0.9023157 0.4127653 -0.04092568 -0.9170295 0.3967141 0.02325558 -0.8565196 0.5155903 -0.2575231 -0.770616 0.5829519 -0.2746766 -0.7383001 0.616008 -0.918152 0.08820164 0.3862867 -0.4233999 -0.5631497 0.7096443 -0.9126829 -0.04156738 0.406549 -0.9661403 0.05569714 0.2519344 -0.9585506 0.01370316 0.2845926 -0.7923619 0.5088109 -0.3365623 -0.7399007 0.5464718 -0.3923207 -0.6224448 0.6059033 -0.4954227 -0.4437191 0.6868048 -0.5756843 -0.4354506 0.7208983 -0.5391554 -0.43518 0.7211492 -0.5390384 -0.4276075 0.7524256 -0.5010066 -0.3795698 0.7842572 -0.4907826 -0.3691 0.8152613 -0.4462223 -0.4143943 0.7927145 -0.4470807 -0.3568921 0.8442234 -0.3998937 -0.3434345 0.8705651 -0.3523766 -0.3274378 0.8941136 -0.3055252 -0.3285397 0.9158521 -0.230817 -0.3350679 0.9143794 -0.2272443 -0.4185425 0.8851529 -0.2032894 -0.3395854 0.9201491 -0.1949556 -0.2357312 0.9552546 -0.17866 -0.3594271 0.9215642 -0.1467373 -0.3592741 0.9215021 -0.1475001 -0.3091915 0.9405759 -0.1404195 -0.3074468 0.9418724 -0.1354731 -0.3402908 0.9340754 -0.1081911 -0.3240252 0.9424717 -0.0821889 -0.4924334 0.8684042 -0.05817031 -0.6394503 0.7558833 -0.140513 -0.5814245 0.8054977 -0.1145392 -0.5846654 0.8072759 -0.08044981 -0.7065882 0.7018271 -0.09039884 -0.8110172 0.5794985 -0.08020442 -0.8946997 0.4436876 -0.05151629 -0.988511 0.1510081 -0.006531059 -0.9971805 0.03717219 -0.06518876 0.03228366 -0.7111377 -0.7023113 0.2402442 -0.9707126 2.44151e-4 0.2479655 -0.9684845 0.02346897 0.2390887 -0.9341369 0.2649997 0.2241914 -0.8758605 0.427325 0.1615065 -0.950636 0.2649658 0.0853306 -0.9897862 0.1142014 0.1065415 -0.5848947 0.8040816 0.1001653 -0.5911949 0.8002846 0.2234292 -0.5227287 0.8226994 0.2600251 -0.1154548 0.9586747 0.2988698 -0.02307212 0.9540151 0.3212722 -0.07617509 0.9439182 0.3580183 -0.03503578 0.9330571 0.3663514 -0.08594179 0.9264993 0.3620548 -0.17384 0.9158036 0.4044151 -0.1932806 0.8939189 0.08359134 -0.9072973 0.4120971 -0.06854552 -0.9193827 0.3873462 0.05447596 -0.8658474 0.4973335 -0.1021179 -0.8281136 0.5511805 -0.337362 -0.7450408 0.5754138 -0.2160755 -0.7672513 0.6038517 -0.4154003 -0.7056098 0.574071 -0.5171408 -0.5688395 0.639521 -0.941605 0.02795547 0.3355572 -0.9629632 0.05703979 0.2635308 -0.975829 0.110694 0.188427 -0.9795177 0.1628816 0.1183844 -0.9754447 0.2141205 0.05157691 -0.9636997 0.2663702 -0.01815879 -0.9451975 0.3145571 -0.08749735 -0.9196839 0.3603354 -0.1560121 -0.8870826 0.403408 -0.2243801 -0.8477346 0.4436285 -0.2907574 -0.684062 0.5768473 -0.4464378 -0.5523633 0.6329944 -0.5424141 -0.4456702 0.6846958 -0.5766887 -0.3944009 0.7102146 -0.5831323 -0.3879964 0.7502647 -0.5353147 -0.3131866 0.9122452 -0.2640509 -0.3287863 0.9139971 -0.2377161 -0.3342779 0.9150907 -0.2255376 -0.3945275 0.8951413 -0.2075336 -0.357109 0.9102756 -0.2094555 -0.3382743 0.9190232 -0.202403 -0.6387416 0.743057 -0.1996887 -0.2080814 0.9601717 -0.1864737 -0.2781832 0.9454263 -0.1696566 -0.2918557 0.9445102 -0.1507346 -0.3093709 0.9436773 -0.1173149 -0.3018622 0.9465126 -0.113988 -0.3183442 0.9450531 -0.07437491 -0.4929499 0.8680032 -0.05975705 -0.4384987 0.8975369 -0.046328 -0.5184619 0.8508477 -0.08517932 -0.4504058 0.8914421 -0.04965507 -0.9542182 0.2990286 -0.007049918 -0.9987165 0.03848493 -0.03293037 -0.9997311 -0.007599115 -0.02191239 0.1664224 -0.9794294 0.1141121 0.04248303 -0.9989009 0.0198071 0.02328568 -0.9996058 0.01568651 0.05069178 -0.1131027 0.9922894 0.05038714 -0.01855564 0.9985573 0.06463849 -0.4963859 0.8656921 0.05426257 -0.4287907 0.9017729 0.096044 -0.3854579 0.9177134 0.2593816 -0.02166849 0.9655318 0.09705144 -0.3571065 0.929008 0.3401387 -0.01391685 0.9402723 0.3207871 -0.1541218 0.9345278 -0.0172128 -0.01434403 0.9997491 -0.01504594 -0.01483225 0.9997768 0.004211604 -0.003753781 0.9999842 9.15558e-5 -0.8945614 0.446945 0.06314522 -0.8494543 0.5238703 0.02102774 -0.9153043 0.4022138 -0.05942136 -0.8664779 0.4956665 -0.1356596 -0.8004989 0.5837792 -0.1536639 -0.785075 0.6000373 -0.95284 0.05990916 0.2975012 -0.9684321 0.07989895 0.2361263 -0.8015531 0.4811333 -0.3549979 -0.7499616 0.5145323 -0.4157094 -0.6932481 0.5438251 -0.4729286 -0.6317214 0.5690345 -0.5264294 -0.3472446 0.8140624 -0.465536 -0.3339998 0.8413779 -0.4248853 -0.3205769 0.8673645 -0.3806698 -0.3062841 0.8909891 -0.3351547 -0.2911186 0.9120844 -0.2887077 -0.3221631 0.9072815 -0.27028 -0.3294275 0.9129909 -0.2406768 -0.3208526 0.9201967 -0.2242581 -0.3202989 0.9217405 -0.2186394 -0.3308064 0.9164158 -0.2252764 -0.3402587 0.9158207 -0.2132988 -0.3605211 0.9085206 -0.2112221 -0.2623752 0.947444 -0.1830553 -0.2588942 0.9486887 -0.1815586 -0.2711616 0.9452967 -0.1813441 -0.2580096 0.9482633 -0.1850076 -0.306928 0.9413536 -0.140173 -0.3033655 0.9437599 -0.1314787 -0.306165 0.9452906 -0.112645 -0.3046691 0.9463877 -0.1073651 -0.2951251 0.9493445 -0.1079175 -0.3643975 0.9217364 -0.1327273 -0.4243617 0.904603 -0.04013198 -0.5173258 0.8514161 -0.08639895 -0.4515285 0.8903306 -0.05859643 -0.4579051 0.8880685 -0.04071211 -0.5910681 0.8043067 -0.06106919 -0.7119451 0.6995239 -0.06164819 -0.8148165 0.5781447 -0.04269552 -0.8964031 0.4431964 -0.006195306 -0.9876878 0.1490855 0.04739606 -0.9993183 0.03448659 -0.01318424 0.2113456 -0.9774088 0.002258419 0.1675793 -0.9855778 0.02353006 0.08536279 -0.9960619 0.02395772 0.002014279 -0.9998778 0.01550382 0.02575767 -0.01916563 0.9994845 0.08029639 -0.01794534 0.9966095 0.1888506 -0.1149035 0.9752603 0.2807164 -0.1334913 0.9504622 0.1008647 -0.005768001 0.9948834 0.1154839 -0.02609372 0.9929665 0.3145 -0.1604698 0.9355958 0.3075439 -0.2572479 0.9161006 0.03820955 -0.870122 0.491353 -0.0368061 -0.9236022 0.3815814 0.1189044 -0.9144893 0.3867444 -0.03561544 -0.8201935 0.5709767 0.1689825 -0.8741498 0.4553099 -0.1415166 -0.7989572 0.5845001 -0.9680141 0.08673608 0.2354266 -0.9735897 0.1211303 0.1935216 -0.9767677 0.1568688 0.1460039 -0.9682447 0.2493704 -0.01779252 -0.9517437 0.2933818 -0.09006237 -0.9272561 0.3376002 -0.1619333 -0.89506 0.3797779 -0.2337447 -0.8559519 0.4180876 -0.3042191 -0.5652458 0.59018 -0.5763548 -0.4888563 0.6542093 -0.5770873 -0.4002305 0.6730733 -0.6219229 -0.3801236 0.7304599 -0.5673928 -0.3582967 0.7794327 -0.5139147 -0.2732705 0.9304443 -0.2441245 -0.3120235 0.9161721 -0.2515353 -0.3211812 0.908579 -0.2670711 -0.3298507 0.9113315 -0.2463198 -0.3185876 0.9199639 -0.2284039 -0.3168207 0.9223233 -0.2212343 -0.3224956 0.9206399 -0.2200428 -0.3257607 0.9189906 -0.2221179 -0.2995151 0.9326658 -0.2010602 -0.3363497 0.9156914 -0.2199503 -0.3271656 0.9203668 -0.2142141 -0.2950878 0.9353756 -0.1949245 -0.275408 0.9432969 -0.1853144 -0.233747 0.9548868 -0.1831766 -0.2636542 0.9492958 -0.1712425 -0.269122 0.9486719 -0.1661183 -0.3016498 0.9455397 -0.1223201 -0.274097 0.9530678 -0.1285793 -0.2952692 0.9513315 -0.08822977 -0.2986907 0.9524409 -0.06033629 -0.3820674 0.9236882 -0.02871835 -0.3500263 0.9366689 -0.0115363 -0.9531385 0.2992081 0.04474079 -0.9988157 0.03167837 0.03692758 -0.9993193 0.03445607 -0.01318424 0.1894617 -0.9818866 0.001800596 0.1271116 -0.9915924 0.02423202 0.07977664 -0.9968117 0.001525938 -0.0632354 -0.9979411 -0.01071214 -0.06561541 -0.9977208 -0.01574766 0.2946282 -0.03173947 0.9550848 0.002960264 -0.8624917 0.5060626 -0.8209208 -0.1999276 0.5349001 -0.8241958 -0.2231853 0.5204707 -0.03271687 -0.8064476 0.5903999 -0.4945994 -0.567419 0.6583366 -0.4949383 -0.5686739 0.6569979 -0.9564996 0.0822795 0.2798908 -0.9668497 0.08884149 0.2393929 -0.9774653 0.1521987 0.146278 -0.9778808 0.1820442 0.1030007 -0.9775177 0.2009359 0.06390637 -0.8097332 0.4518049 -0.374439 -0.7591773 0.4814176 -0.4380491 -0.7019662 0.5091476 -0.4980081 -0.6394448 0.532474 -0.5546006 -0.438322 0.6751537 -0.5933308 -0.3348611 0.7998272 -0.498141 -0.3091314 0.8431605 -0.4399071 -0.292927 0.8664816 -0.4042319 -0.2785192 0.8915606 -0.357137 -0.2628589 0.9112933 -0.3169384 -0.2482717 0.929455 -0.2729005 -0.2937768 0.9238436 -0.2453735 -0.3066561 0.9090118 -0.2822408 -0.3103848 0.9236465 -0.2248077 -0.3267382 0.9113633 -0.2503182 -0.3166354 0.9215235 -0.2248035 -0.3021748 0.933351 -0.193769 -0.3163597 0.9239315 -0.2150977 -0.3586915 0.8992161 -0.2505011 -0.3273801 0.9205525 -0.2130855 -0.3302778 0.9196019 -0.2127182 -0.2606346 0.9487223 -0.1788734 -0.287824 0.9446218 -0.1576302 -0.200447 0.9646665 -0.1709964 -0.258863 0.9499071 -0.1751186 -0.3068439 0.9411934 -0.1414277 -0.3398003 0.9334896 -0.1145994 -0.3080928 0.9437499 -0.1200631 -0.2889529 0.9485578 -0.1294001 -0.2814785 0.9513138 -0.1255865 -0.2852894 0.9511478 -0.118016 -0.2739713 0.9605932 -0.04690808 -0.302233 0.9522951 -0.0422998 -0.3557963 0.9342935 -0.0224623 -0.3125733 0.9498662 -0.007232904 -0.3814834 0.9238918 -0.02990829 -0.3472138 0.9376938 -0.01315361 -0.3541404 0.935127 -0.01104778 -0.4633082 0.88566 -0.03085464 -0.5957314 0.8021011 -0.04168897 -0.7153082 0.6980343 -0.03289961 -0.8162983 0.5776073 -0.005188226 -0.8954674 0.4434152 0.03900367 -0.9827691 0.1515567 0.1058089 -0.996783 0.03982734 0.06955289 -0.9989715 0.04028475 0.02081376 0.1864696 -0.9824602 0.001098632 0.1087397 -0.9940704 6.10383e-5 0.00665307 -0.9999778 3.05188e-4 -0.06790387 -0.9976837 -0.004058957 0.04412984 -0.00112915 0.9990252 0.06186193 -0.006744682 0.998062 0.2622486 -0.03238046 0.964457 0.2486424 -0.007385671 0.9685672 0.3133143 -0.03048908 0.9491599 0.2954546 -0.006225824 0.9553366 0.1811588 -0.4176785 0.8903517 0.012757 -0.770886 0.6368454 0.03253382 -0.9043861 0.4254732 0.03460872 -0.7599574 0.6490508 0.002411007 -0.7481526 0.6635223 -0.9568451 0.08533227 0.2777878 -0.9575697 0.08981794 0.2738486 -0.9706343 0.1504294 0.1877239 -0.9720102 0.2349378 7.01945e-4 -0.9641287 0.261274 -0.04681628 -0.9400957 0.3119308 -0.1375474 -0.9225133 0.3380646 -0.18623 -0.8804343 0.3827962 -0.2798261 -0.8270938 0.4225043 -0.3706831 -0.5718769 0.5512456 -0.6075238 -0.4941331 0.6068093 -0.6225876 -0.4283688 0.6549745 -0.622502 -0.3954983 0.6939151 -0.6017166 -0.3702294 0.7495231 -0.5487672 -0.2330715 0.9452567 -0.2284021 -0.280658 0.9238884 -0.2601183 -0.2934674 0.9144612 -0.2786354 -0.3043425 0.9176971 -0.2553583 -0.3056777 0.9247545 -0.2266947 -0.3104755 0.9258109 -0.2155901 -0.3031446 0.9312549 -0.2021574 -0.2658188 0.9477922 -0.1761546 -0.2965878 0.9340776 -0.198834 -0.3269333 0.9206351 -0.2134147 -0.3302746 0.9200811 -0.2106408 -0.2849246 0.9399215 -0.1880575 -0.2602955 0.9485268 -0.180397 -0.2479084 0.9513789 -0.1828107 -0.2632271 0.9485942 -0.1757289 -0.2691209 0.9502854 -0.156626 -0.2973198 0.9461924 -0.1277541 -0.312973 0.9436497 -0.1075797 -0.2696017 0.9515712 -0.1477407 -0.2867904 0.9525091 -0.1023619 -0.2933222 0.9526945 -0.07959467 -0.220924 0.9706438 0.09509593 -0.3312258 0.9434731 -0.01217716 -0.3450512 0.9384686 -0.0147103 -0.3621754 0.9320973 0.004852592 -0.3547524 0.9349179 -0.00891149 -0.9491062 0.2998479 0.09637856 -0.9949572 0.04068207 0.09167975 -0.9958577 -0.007934868 0.09057968 0.1612305 -0.9869149 0.001892149 0.02221804 -2.44155e-4 0.9997531 0.05203515 -0.01898288 0.9984648 0.08572769 -0.007477104 0.9962906 0.2218152 -0.0185253 0.9749128 0.1769812 -0.1412736 0.9740223 -0.008758902 -0.5723215 0.8199826 0.06647127 -0.5515774 0.831471 0.1255571 -0.4898378 0.862725 -0.02285897 -0.6230531 0.7818455 -0.9591762 0.09381484 0.2667956 -0.9658537 0.1141433 0.2325898 -0.974449 0.1897686 0.1201542 -0.9773195 0.2058221 0.049838 -0.9773194 0.2058526 0.04971593 -0.9645293 0.2598406 -0.04654175 -0.96349 0.2644791 -0.04168915 -0.9521657 0.2903283 -0.09534168 -0.9389827 0.3144998 -0.1392894 -0.9390734 0.3143774 -0.1389535 -0.9031355 0.3606683 -0.2329481 -0.9031583 0.3606468 -0.2328929 -0.8562787 0.4020912 -0.3242061 -0.8561909 0.402154 -0.32436 -0.7976253 0.4388083 -0.4138129 -0.7969661 0.4399275 -0.413895 -0.7299371 0.4684147 -0.4977746 -0.6914067 0.4910498 -0.529931 -0.6105738 0.5133692 -0.6030355 -0.439696 0.6370359 -0.6331294 -0.4263883 0.6544607 -0.6243991 -0.4056905 0.6314098 -0.6608608 -0.3515259 0.7685166 -0.5346137 -0.3243868 0.8164148 -0.477745 -0.2619784 0.882407 -0.3908007 -0.2304549 0.9121752 -0.3388611 -0.2124174 0.9309745 -0.2969266 -0.1973363 0.9456332 -0.258527 -0.2526985 0.947131 -0.197703 -0.2884342 0.9284461 -0.23408 -0.2936285 0.9302051 -0.220229 -0.3026882 0.9258266 -0.2263295 -0.3037302 0.9216588 -0.2414398 -0.2951256 0.9414721 -0.1628837 -0.2907535 0.9357092 -0.1997767 -0.3236253 0.9228082 -0.2090258 -0.253252 0.9503206 -0.1809815 -0.2371327 0.9546041 -0.1802757 -0.2250192 0.9580331 -0.1775921 -0.2399413 0.9537225 -0.1812225 -0.2961855 0.946573 -0.1275688 -0.2731789 0.9543101 -0.1211009 -0.2927073 0.9528017 -0.08056998 -0.2471451 0.9689261 -0.01007133 -0.2253217 0.9712972 0.07623642 -0.3132125 0.9495865 -0.01355022 -0.3075428 0.9515302 -0.002777218 -0.3198397 0.947281 0.01901334 -0.3345521 0.9422821 -0.01339793 -0.3367817 0.9414935 -0.01297074 -0.3436467 0.938955 -0.01644986 -0.3653445 0.930864 0.003936946 -0.3640069 0.9313963 -9.15587e-5 -0.3585078 0.9334877 -0.008545339 -0.4672763 0.8838606 -0.02105808 -0.598571 0.80076 -0.0222789 -0.716589 0.6974841 -0.004028499 -0.8155037 0.5778506 0.03228926 -0.8919244 0.4442989 0.08408045 -0.9749196 0.1530255 0.1616015 -0.9948369 0.03640949 0.0947318 0.1348639 -0.9908637 0.001037597 0.03061062 0 0.9995314 0.09186094 -0.04077279 0.9949368 -0.1138966 -0.2537039 0.960553 -0.113898 -0.1531153 0.9816226 0.1445066 -0.01287889 0.9894201 0.1298871 -0.05938917 0.9897487 0.5411946 0.4924556 0.6816129 0.1373357 -0.1138055 0.9839651 0.02435451 -0.5875 0.8088577 0.02392703 -0.7045965 0.7092049 0.04760932 -0.6834386 0.7284539 -0.9640503 0.1434417 0.2236775 -0.9706888 0.2343863 0.05316418 -0.96175 0.2731159 -0.02108871 -0.9306764 0.3314971 -0.1547617 -0.9105904 0.3574671 -0.207467 -0.8765621 0.3924722 -0.2785759 -0.8358908 0.4254684 -0.3467898 -0.7618941 0.4575515 -0.4584366 -0.7289437 0.4750266 -0.4929412 -0.7266589 0.4784169 -0.4930355 -0.6527501 0.5027775 -0.5666853 -0.5744027 0.5202005 -0.632023 -0.4998095 0.5650896 -0.6564024 -0.445953 0.6145435 -0.6507398 -0.4031549 0.6550274 -0.6390661 -0.3797498 0.714667 -0.5874022 -0.2900547 0.8336327 -0.4700266 -0.2810252 0.8604717 -0.4249864 -0.1841823 0.9587857 -0.2163494 -0.2172676 0.9587063 -0.1835132 -0.26372 0.9405537 -0.214034 -0.2759538 0.930314 -0.2415893 -0.2940856 0.9337431 -0.2040531 -0.3020444 0.9352481 -0.1846081 -0.2820244 0.9387588 -0.1979755 -0.3556095 0.9065418 -0.2274289 -0.2820262 0.9421828 -0.1809777 -0.2294725 0.9560692 -0.1824122 -0.2030727 0.9614978 -0.1851581 -0.284071 0.9537192 -0.09860694 -0.2879453 0.9542024 -0.08114957 -0.235848 0.9706454 -0.04715126 -0.4678912 0.8835945 0.01840311 -0.3653465 0.9308691 0.002197384 -0.3654635 0.9308257 -3.05189e-5 -0.3603688 0.932784 -0.006958305 -0.9421133 0.3009452 0.1478327 -0.9857838 0.03552371 0.1642209 -0.9915892 0.03647005 0.1241813 0.3138861 -0.02484232 0.9491356 0.034639 -0.04611408 0.9983355 0.1023902 -0.1622679 0.9814202 0.08478188 -0.7277571 0.6805746 0.1439291 -0.7405208 0.6564401 -0.9169149 -0.0795632 0.3910713 -0.9469233 0.3071466 -0.09485405 -0.7899388 0.4556272 -0.4103665 -0.7418639 0.4782379 -0.4700282 -0.6842709 0.495296 -0.5352151 -0.6236867 0.513391 -0.5894444 -0.574307 0.5226383 -0.6300958 -0.5212985 0.5296303 -0.6691336 -0.442497 0.5938109 -0.672001 -0.4459231 0.614758 -0.6505576 -0.4199376 0.6079939 -0.6737923 -0.4298647 0.5958288 -0.6783836 -0.3617433 0.7356638 -0.5726611 -0.3362596 0.7876372 -0.5162917 -0.3010746 0.8068739 -0.5082408 -0.2414368 0.8937527 -0.3780404 -0.1886373 0.9255163 -0.3283834 -0.1532347 0.9469366 -0.2825428 -0.1451799 0.9584255 -0.2456491 -0.2343556 0.9607695 -0.1483224 -0.2747607 0.941749 -0.1939469 -0.2684199 0.9403091 -0.2092119 -0.2785793 0.9340404 -0.2235227 -0.3060455 0.9343421 -0.1825957 -0.3234107 0.9408118 -0.1013844 -0.3078786 0.9362709 -0.1691379 -0.3046131 0.9332497 -0.1904099 -0.2827321 0.9419824 -0.1809192 -0.2664005 0.945815 -0.1856472 -0.2537343 0.9601558 -0.1171316 -0.280654 0.9548525 -0.09741711 -0.281417 0.9562561 -0.07986855 -0.2601796 0.9633818 -0.06482362 -0.2281914 0.9735295 -0.01300114 -0.3179751 0.9478825 0.02026444 -0.3622634 0.9320576 0.005829155 -0.464471 0.885147 0.02795553 -0.3637006 0.9315154 0.001037657 -0.4698693 0.8826987 0.008118033 -0.36382 0.9314475 -0.006378471 -0.4696866 0.8827607 -0.01132249 -0.5997046 0.8002166 -0.002807736 -0.7158958 0.6977672 0.02478182 -0.8123862 0.5789461 0.06964439 -0.8857378 0.4458904 0.1290366 -0.9632388 0.1561044 0.2186377 -0.9811674 0.0383628 0.1893116 0.02450656 -0.007202386 0.9996737 0.02185165 -0.4670032 0.8839856 0.02127176 -0.4556495 0.8899052 0.4269007 -0.230602 0.8744018 -0.07056081 -0.7881024 0.6114866 -0.9214785 -0.054569 0.3845775 -0.9483437 8.54529e-4 0.3172438 -0.9640603 0.2650563 0.01825022 -0.9243323 0.3457815 -0.161385 -0.8948548 0.3814905 -0.2317326 -0.8593631 0.4100576 -0.3055289 -0.4755231 0.5314042 -0.7010617 -0.4460657 0.574276 -0.6864638 -0.4274585 0.570962 -0.7009149 -0.4186694 0.620069 -0.6634986 -0.3964152 0.6798479 -0.6169782 -0.2692109 0.8253341 -0.4963358 -0.2587419 0.8500515 -0.4587647 -0.2516658 0.8738108 -0.4160757 -0.2001162 0.9069166 -0.3707506 -0.1325747 0.9701086 -0.2032567 -0.1706311 0.9698905 -0.1737746 -0.2009382 0.9698079 -0.1381908 -0.2495236 0.9540252 -0.1660541 -0.2779957 0.9415961 -0.1900405 -0.2703402 0.9421315 -0.1982535 -0.2884696 0.9381976 -0.1912347 -0.2645072 0.9361365 -0.2316994 -0.2948454 0.9337633 -0.2028607 -0.3160889 0.9351435 -0.1599825 -0.3093712 0.9338206 -0.1796349 -0.3064154 0.936734 -0.1692304 -0.3083376 0.9269355 -0.2138189 -0.310006 0.9258391 -0.2161447 -0.2748872 0.9462198 -0.1706027 -0.2587456 0.9585614 -0.1192098 -0.2535798 0.9604842 -0.1147502 -0.2778804 0.9559634 -0.0944274 -0.2762572 0.9579278 -0.07782322 -0.2661586 0.9612961 -0.07120144 -0.2583109 0.9639357 -0.06405889 -0.2157062 0.9763543 -0.01425218 -0.2310272 0.972817 0.01593077 -0.3148331 0.9488331 0.02441513 -0.3970266 0.9146658 0.07587116 -0.3040336 0.9526613 -2.13635e-4 -0.3602782 0.9328169 0.007233023 -0.5927433 0.8034781 0.05548381 -0.469848 0.8827466 -0.001190245 -0.3640924 0.9313502 -0.004852473 -0.9321161 0.3025364 0.1990764 -0.9759384 0.0394001 0.2144573 -0.9810936 0.03845387 0.1896754 -0.9791156 -0.007507681 0.203166 0.06131196 -0.003448605 0.9981127 0.03582942 -0.03250283 0.9988293 0.0293287 -0.3909782 0.9199326 -0.8194957 -0.1462774 0.5541027 -0.7084475 -0.2494047 0.6602268 -0.9459404 -0.003021359 0.3243268 -0.9523576 -0.00149542 0.3049802 -0.970198 0.05307245 0.2364304 -0.9512288 0.3050109 -0.04617583 -0.8203426 0.4349381 -0.3713043 -0.7747953 0.4594386 -0.4342907 -0.7241646 0.4808332 -0.4943534 -0.6693066 0.5032235 -0.5466212 -0.552766 0.5274044 -0.645209 -0.4792416 0.5336877 -0.6967819 -0.4584321 0.5469994 -0.700451 -0.4347749 0.5718362 -0.6956826 -0.4251388 0.6049911 -0.6732331 -0.3772186 0.7047212 -0.6008946 -0.3474941 0.7570036 -0.5533475 -0.3114754 0.7783223 -0.5451583 -0.2791303 0.7989367 -0.532716 -0.2145174 0.8863912 -0.4102352 -0.1596163 0.9288268 -0.3343703 -0.1024209 0.9646065 -0.2429903 -0.2201066 0.9706724 -0.0966857 -0.2555343 0.9544465 -0.1540591 -0.2532829 0.9529162 -0.166729 -0.2653634 0.9476175 -0.1777736 -0.2712534 0.9408416 -0.2030738 -0.3020199 0.9381662 -0.1691995 -0.283034 0.9366918 -0.2061564 -0.3138309 0.9360908 -0.1588839 -0.2621634 0.9495868 -0.1719169 -0.2556619 0.9588007 -0.1238481 -0.2392675 0.9645778 -0.1110885 -0.248062 0.9630717 -0.1046817 -0.2780011 0.9564777 -0.08868932 -0.2736048 0.9587919 -0.07654219 -0.2677762 0.9606251 -0.0741313 -0.2677159 0.9593762 -0.08902496 -0.266556 0.9600778 -0.08484381 -0.2562067 0.9642468 -0.06772154 -0.2035932 0.9789627 -0.01348942 -0.220225 0.9753869 0.01101732 -0.2268172 0.9737698 0.01806724 -0.2411587 0.9704027 0.01269572 -0.3090398 0.9507722 0.02295058 -0.3201491 0.9472019 0.01770126 -0.3345779 0.9423299 -0.008484184 -0.3588681 0.93335 0.008453607 -0.5869488 0.8061696 0.07471144 -0.5967758 0.8015913 0.03619593 -0.5991003 0.8004993 0.0167247 -0.3686097 0.9295814 -0.002349913 -0.3664417 0.9304331 -0.003845393 -0.7131669 0.6989451 0.05356073 -0.8069515 0.5808671 0.1068773 -0.8769039 0.4481418 0.173806 -0.9482007 0.1584861 0.2753136 -0.9699373 0.03189277 0.2412559 -0.03314322 -0.09894138 0.9945412 0.03701967 -0.1028494 0.9940079 0.2016417 -0.7575224 0.6208869 0.2672277 -0.7009997 0.6612024 -0.04193294 -0.4281191 0.902749 -0.5763918 -0.1260456 0.807394 -0.7087491 -0.1087402 0.6970297 -0.819541 -0.08835405 0.5661678 -0.9061242 -0.1073065 0.409175 -0.9593978 0.01171928 0.2818132 -0.971245 0.2260562 0.07471114 -0.9621942 0.2722269 -0.00866729 -0.9371302 0.3329672 -0.1044986 -0.9198055 0.3342111 -0.2055745 -0.8754003 0.4036107 -0.266032 -0.606357 0.5200484 -0.6015655 -0.4588162 0.5426507 -0.7035751 -0.4183927 0.5653139 -0.7108922 -0.4340806 0.5853053 -0.6848298 -0.4282222 0.6059997 -0.6703658 -0.406578 0.6429803 -0.6490537 -0.380116 0.6660194 -0.6418178 -0.2431457 0.8182173 -0.5209612 -0.2340519 0.8426053 -0.4850115 -0.2245289 0.8653381 -0.4480812 -0.1746007 0.9031564 -0.392203 -0.1199079 0.9389681 -0.3224298 -0.08655172 0.98268 -0.1638563 -0.1242754 0.9784553 -0.1648663 -0.1566865 0.9789398 -0.1308671 -0.184058 0.9785501 -0.09253251 -0.238387 0.9618798 -0.1340106 -0.2486081 0.9569858 -0.1495738 -0.2568468 0.9531652 -0.1597052 -0.2659767 0.9504051 -0.1612035 -0.2616701 0.9492333 -0.1745993 -0.2971638 0.9372701 -0.1822596 -0.305222 0.9356562 -0.1771637 -0.2574267 0.9570415 -0.1334285 -0.2396662 0.9638229 -0.1166439 -0.2414685 0.9646228 -0.1058103 -0.2526688 0.9617834 -0.105505 -0.2725665 0.9577825 -0.09143537 -0.2717127 0.9586395 -0.08475184 -0.2637755 0.960707 -0.08639919 -0.2519634 0.9652495 -0.06933873 -0.2032886 0.9778668 -0.04950219 -0.2252611 0.9741986 0.01394718 -0.2784284 0.9584311 0.0623511 -0.2776954 0.9587956 0.05997049 -0.2438143 0.9697028 0.01519829 -0.3107737 0.9502356 0.0217294 -0.4260782 0.9016891 0.07358169 -0.3230175 0.946224 0.01788437 -0.3475569 0.9376529 -0.003357112 -0.3564649 0.9342554 0.009979784 -0.4594885 0.8873902 0.03753787 -0.7017381 0.7037829 0.1106947 -0.7084736 0.7009353 0.0821883 -0.3344669 0.9424075 -1.62149e-4 -0.9191521 0.3046139 0.24974 -0.9647254 0.03689706 0.2606599 -0.001617431 -0.1853698 0.9826676 -0.0264905 -0.2068579 0.9780124 -0.04141479 -0.4317882 0.9010237 -0.9059048 -0.06528079 0.4184198 -0.9035744 -0.1492376 0.4015988 -0.9742655 0.04941064 0.2199215 -0.9685622 0.2461691 0.03589075 -0.965064 0.2608743 -0.02441495 -0.9608535 0.2699081 -0.06253296 -0.919512 0.3333914 -0.2082017 -0.9180215 0.337849 -0.2075924 -0.8429748 0.4320013 -0.3205752 -0.8016721 0.4574792 -0.3847526 -0.7558443 0.4777512 -0.4477201 -0.6486861 0.511197 -0.5638121 -0.5587231 0.5398924 -0.6295592 -0.4887361 0.5321345 -0.6913537 -0.4668288 0.5387331 -0.7013114 -0.4263273 0.5615593 -0.7091518 -0.4838806 0.577849 -0.6572292 -0.4598964 0.6266848 -0.6290958 -0.4076458 0.6124302 -0.6773141 -0.3581451 0.6909895 -0.6279059 -0.3563466 0.726366 -0.5877156 -0.3211241 0.7479976 -0.5808433 -0.2884333 0.7707528 -0.5681079 -0.2517217 0.7922153 -0.5559058 -0.1870235 0.8792366 -0.4381381 -0.0739485 0.9687775 -0.2366474 -0.06271708 0.9852837 -0.1590053 -0.2380172 0.9625367 -0.1298885 -0.2477865 0.9584905 -0.1410604 -0.2412219 0.9587837 -0.1501533 -0.2616991 0.9534701 -0.149695 -0.2572781 0.9565984 -0.1368487 -0.2506524 0.9630265 -0.09875941 -0.2631024 0.9611584 -0.0833773 -0.2618559 0.9609013 -0.09000152 -0.2507471 0.9652054 -0.07419258 -0.2412539 0.9671825 -0.07971602 -0.1887586 0.9819719 -0.01007115 -0.2537036 0.9650685 0.06540197 -0.2750045 0.9592347 0.06512701 -0.2743084 0.9595605 0.06323617 -0.2806579 0.957826 0.0616495 -0.2832189 0.9569624 0.06332749 -0.2538902 0.9670963 0.01626676 -0.3041591 0.9523359 0.02331697 -0.4726248 0.8722165 0.1259539 -0.3365284 0.9414983 0.01815855 -0.3574049 0.9339343 0.005340754 -0.3372369 0.9412115 -0.01980692 -0.5794007 0.8096045 0.09399807 -0.6929212 0.7074486 0.1392007 -0.7992445 0.5835022 0.1439909 -0.865432 0.4509817 0.2182731 -0.9331194 0.1515575 0.3260653 -0.9573925 0.03805762 0.2862716 -0.9503388 -0.006775259 0.3111437 0.02642935 -0.03592067 0.9990051 0.0256052 -0.03579843 0.999031 0.02011233 -0.1922424 0.9811415 0.1953212 -0.6988229 0.6881107 0.1404795 -0.6795997 0.720007 -0.5758684 -0.05270677 0.8158416 -0.708127 -0.04550343 0.7046173 -0.8192099 -0.03689831 0.5723056 -0.9055915 -0.02734506 0.4232686 -0.9652702 -0.04025518 0.2581338 -0.9803958 0.0536831 0.1895847 -0.9807116 0.02496486 0.1938594 -0.9769464 0.2128096 -0.0169686 -0.9466091 0.3028404 -0.1105399 -0.9343355 0.3141309 -0.1683421 -0.9346004 0.2628039 -0.2397006 -0.9013608 0.3631507 -0.2359457 -0.8667717 0.4114884 -0.2817519 -0.7092726 0.4939882 -0.5028999 -0.5944635 0.5318675 -0.6031006 -0.5596385 0.5327507 -0.6348083 -0.5315818 0.5435453 -0.6495993 -0.5171141 0.5490064 -0.6566469 -0.4446669 0.5523392 -0.7051191 -0.4113453 0.6225116 -0.6657886 -0.3924788 0.6568374 -0.6438362 -0.3650045 0.6581984 -0.6584426 -0.2109804 0.8117542 -0.5445571 -0.2033789 0.8357644 -0.5100345 -0.1953809 0.8582786 -0.4745359 -0.1420965 0.8920406 -0.4290364 -0.137732 0.9140429 -0.3815175 -0.08472228 0.9459842 -0.3129475 -0.05090546 0.9953737 -0.08148545 -0.1106008 0.9862824 -0.1225337 -0.1424313 0.9859108 -0.08771109 -0.1677032 0.9847034 -0.04727429 -0.2388111 0.9667806 -0.09112966 -0.2554729 0.9535294 -0.1597354 -0.2593546 0.9554431 -0.1409389 -0.2397259 0.9656789 -0.09997987 -0.2421114 0.965058 -0.1002261 -0.2533668 0.9624095 -0.09784317 -0.2579144 0.962319 -0.08615458 -0.2578521 0.9620092 -0.08972483 -0.2462905 0.9664841 -0.07245272 -0.2453768 0.9662173 -0.07883191 -0.2387189 0.967602 -0.08221793 -0.1752708 0.9843611 -0.01770102 -0.2199804 0.975385 0.01525944 -0.3461506 0.926873 0.1452111 -0.2808695 0.9579105 0.05932956 -0.4067037 0.9111006 -0.06699043 -0.2731758 0.9615935 0.02670413 -0.3000957 0.9536044 0.02411019 -0.3837134 0.9197768 0.0823093 -0.5485183 0.822518 0.1503061 -0.3419962 0.9395282 0.01803672 -0.3512434 0.9362626 0.006378471 -0.454487 0.889503 0.04718214 -0.7891337 0.5869444 0.1810091 -0.9035899 0.3090706 0.2966492 -0.9389095 0.04196327 0.3415964 -0.9573625 0.03811866 0.2863634 -0.4265078 -0.05820035 0.9026095 -0.9650681 -0.01687693 0.2614552 -0.9650059 -0.06793493 0.2532759 -0.9808277 0.02844393 0.1927901 -0.9649373 0.2225487 -0.1391692 -0.9461392 0.296895 -0.1291285 -0.892483 0.3501202 -0.2844116 -0.8667373 0.4122495 -0.2807435 -0.8478847 0.4031587 -0.3443177 -0.8170244 0.4272051 -0.3872557 -0.793472 0.43899 -0.4215329 -0.6815881 0.4780547 -0.5539868 -0.6178679 0.5308262 -0.5800542 -0.5669288 0.5629308 -0.6014158 -0.5382014 0.6152617 -0.5760143 -0.4026184 0.6432678 -0.6512334 -0.393087 0.6569557 -0.6433442 -0.3725488 0.6724923 -0.639501 -0.33055 0.7162781 -0.6145587 -0.2970722 0.74146 -0.6016522 -0.2599611 0.7651425 -0.5890477 -0.2203504 0.7868829 -0.5764208 -0.1515306 0.8718885 -0.4656705 -0.03378498 0.9724101 -0.2308184 -0.02993911 0.9868632 -0.15876 -0.02487319 0.9966688 -0.07767158 -0.07281804 0.994031 -0.0812413 -0.1643467 0.9863245 -0.01242136 -0.2350908 0.9683192 -0.084203 -0.2510486 0.9553641 -0.155738 -0.2538606 0.9626744 -0.09387773 -0.2573997 0.961602 -0.0952202 -0.1685875 0.9854617 -0.02105814 -0.2127804 0.9769222 0.01864725 -0.2823024 0.9565625 0.07275772 -0.2941764 0.9527543 0.07562702 -0.3173983 0.9455416 0.07217758 -0.2778149 0.9601905 0.02920669 -0.2917892 0.95612 0.02633762 -0.4568478 0.8784455 0.1400849 -0.5440078 0.8203607 0.1762493 -0.4378818 0.8964553 0.06802606 -0.3449844 0.9384834 0.01532042 -0.3501804 0.9366426 0.008637011 -0.5700389 0.8137658 0.113318 -0.6820471 0.7118341 0.167643 -0.7766421 0.5910879 0.2178125 -0.8512082 0.454521 0.2624032 -0.9009532 0.233776 0.3655573 -0.9124101 0.1515597 0.380181 -0.947838 0.04980748 0.3148371 -3.35713e-4 -0.1070008 0.9942589 -3.05191e-4 -0.02127176 0.9997738 -5.49346e-4 -0.0209667 0.9997801 -0.001098632 -0.02246206 0.9997472 -0.002411007 -0.1078549 0.9941638 -0.1144141 -0.01290935 0.9933493 -0.02453726 -0.01248228 0.999621 -0.2642619 -0.06225824 0.9624394 -0.3452882 -0.01211589 0.9384186 -0.5026473 -0.01120042 0.8644191 -0.6432451 -0.01001012 0.765595 -0.7652168 -0.008362352 0.6437184 -0.864676 -0.006470084 0.5022885 -0.9382011 -0.004516839 0.3460611 -0.9937126 -0.007172048 0.1117316 -0.9937947 -0.01675498 0.1099604 -0.9888076 0.06335693 0.135076 -0.9952964 0.06189316 0.07452815 -0.9344993 0.267959 -0.2343268 -0.8204374 0.4223499 -0.3853611 -0.8163271 0.4297711 -0.3858845 -0.7491775 0.4743245 -0.4623305 -0.71363 0.4758551 -0.5140956 -0.6844835 0.485224 -0.5440955 -0.6174045 0.5313708 -0.580049 -0.6459804 0.54084 -0.5387036 -0.5062633 0.6653633 -0.5486249 -0.4245265 0.674115 -0.604439 -0.3716949 0.6832362 -0.6285151 -0.3547874 0.6949256 -0.6254635 -0.1706667 0.8056311 -0.567302 -0.1641651 0.8288218 -0.5348872 -0.1579677 0.8511214 -0.5006381 -0.09915733 0.8865563 -0.4518693 -0.092839 0.918044 -0.3854558 -0.04446673 0.9496111 -0.3102602 -0.02966421 0.999368 -0.01959306 -0.05221748 0.9984501 -0.0192573 -0.09885078 0.9919263 -0.07944077 -0.1284534 0.9906386 -0.04620534 -0.1582433 0.9873345 -0.01138371 -0.1656578 0.9860731 -0.0147407 -0.2557175 0.9627478 -0.08789426 -0.1707845 0.985307 -0.001739561 -0.2380766 0.9685426 0.07242095 -0.289745 0.9529176 0.0894199 -0.3134317 0.946277 0.0795024 -0.3301529 0.939889 0.08722287 -0.3556384 0.9298847 0.09399861 -0.2871521 0.957499 0.02719229 -0.3683404 0.9252916 0.09033781 -0.4394178 0.8849091 0.154428 -0.6393813 0.7283453 0.246383 -0.5587999 0.8186373 0.1325738 -0.3451372 0.9384536 0.01361137 -0.346421 0.9380316 0.009460866 -0.4473544 0.892481 0.05789542 -0.880958 0.3271319 0.341903 -0.9177188 0.08319592 0.3884206 -0.009338736 -0.1081587 0.9940899 -0.001800596 -0.0202949 0.9997925 -0.02172935 -1.22075e-4 0.999764 -0.107212 -6.10373e-5 0.9942363 -0.02148526 -3.35708e-4 0.9997692 -0.1136531 -0.06421214 0.9914433 -0.2631998 -0.01260453 0.9646591 -0.426137 -0.01165825 0.9045836 -0.5753208 -0.01068174 0.8178582 -0.7075796 -0.009308218 0.7065725 -0.8186473 -0.007355093 0.5742495 -0.9050439 -0.005432367 0.4252836 -0.9646701 -0.003448605 0.2634387 -0.9837356 -0.002349972 0.1796073 -0.9984629 -0.00488305 0.05520904 -0.9960069 0.06942993 0.05612379 -0.9359534 0.2610281 -0.2363383 -0.9318725 0.2421696 -0.2701252 -0.918736 0.284282 -0.2740582 -0.838632 0.3795345 -0.3907044 -0.8372554 0.3837751 -0.3895127 -0.7744079 0.4236446 -0.4699125 -0.7405194 0.4501897 -0.4989594 -0.6954804 0.4622191 -0.5501461 -0.6943203 0.4645385 -0.5496575 -0.6450511 0.5065556 -0.5721105 -0.628816 0.5180926 -0.5798023 -0.5876224 0.6450601 -0.4884645 -0.381796 0.7166229 -0.583681 -0.3430637 0.7021804 -0.6238992 -0.3181284 0.7318724 -0.6026251 -0.2928928 0.7359401 -0.6104146 -0.2526707 0.7704638 -0.5852718 -0.2063425 0.7889297 -0.5788028 -0.1053828 0.86348 -0.4932515 -0.01413053 0.9587701 -0.2838314 -0.01242113 0.9740996 -0.2257782 -0.007721304 0.9952882 -0.09665387 -0.009949088 0.9997057 -0.02212613 -0.0405603 0.9989927 -0.01919668 -0.04077386 0.998991 -0.01883041 -0.07364255 0.9971505 -0.01635819 -0.1265308 0.99186 -0.01428276 -0.1547901 0.987886 -0.0110172 -0.1175605 0.9929161 0.01724338 -0.1687106 0.9856206 -0.009430408 -0.1722478 0.9850537 -3.05187e-5 -0.1706342 0.9851068 0.02118045 -0.2067695 0.9782409 0.01706033 -0.284072 0.947985 0.1436229 -0.2942378 0.9494594 0.1093206 -0.4949068 0.8441432 0.2061297 -0.5135204 0.8373319 0.187542 -0.5684003 0.7892719 0.2323165 -0.6537588 0.722794 0.2239828 -0.3468501 0.9378533 0.011231 -0.6690243 0.7169403 0.1959675 -0.7617378 0.5974205 0.2506877 -0.8366812 0.457817 0.3006132 -0.8621199 0.314017 0.3976714 -0.8771657 0.2363443 0.4179974 -0.8864033 0.1569914 0.4354802 -0.9354597 0.08475047 0.3431219 -0.9095958 -0.007416129 0.4154281 -5.49351e-4 -0.2561199 0.9666449 -0.006042659 -0.2570595 0.9663767 -0.002807736 -0.02246201 0.9997438 -0.1081598 -0.002349972 0.9941308 -0.02307218 -0.00100708 0.9997333 -0.1796628 -0.01287883 0.983644 -0.2559337 -1.83115e-4 0.9666944 -0.3385801 -3.6623e-4 0.9409376 -0.4191143 -3.05188e-4 0.9079335 -0.4963625 3.05191e-5 0.8681154 -0.5697923 -2.74672e-4 0.8217888 -0.6391061 -2.44155e-4 0.7691186 -0.7034349 -6.7142e-4 0.7107595 -0.7624316 -1.52596e-4 0.6470689 -0.8157123 -5.79861e-4 0.5784575 -0.8631514 -8.54545e-4 0.5049446 -0.9036176 -8.54542e-4 0.4283394 -0.9373791 -0.001220703 0.3483089 -0.9936031 -0.001464903 0.1129198 -0.9997333 -0.003082394 0.02288901 -0.9999019 0.01400828 -3.35712e-4 -0.9982241 -0.014283 0.05783396 -0.9743163 0.1715162 -0.1459109 -0.9498372 0.2307528 -0.2110986 -0.9317755 0.2427481 -0.2699405 -0.9321315 0.2466904 -0.2650938 -0.8951035 0.3033323 -0.3267712 -0.8096801 0.4050841 -0.4246471 -0.6680282 0.5234297 -0.5289231 -0.6206434 0.5909175 -0.5153818 -0.5461137 0.6969099 -0.4648405 -0.4633742 0.7132356 -0.5259082 -0.3293915 0.7096887 -0.6227707 -0.3188311 0.7321183 -0.6019551 -0.2870337 0.745769 -0.6011992 -0.2751645 0.7538946 -0.5965967 -0.2320094 0.7653685 -0.6003189 -0.2266664 0.7772032 -0.5870072 -0.1855868 0.7944741 -0.5782461 -0.1135614 0.8216952 -0.5584988 -0.1095333 0.8411081 -0.5296601 -0.05597168 0.8894134 -0.453664 -0.0545367 0.9227911 -0.3814216 -0.009827077 0.9449591 -0.3270413 -0.03570747 0.9778671 -0.2061575 0.001861631 0.9896886 -0.1432239 -9.15584e-5 0.9988718 -0.04748827 -0.03296005 0.9992091 0.02224802 -0.07541155 0.9969218 0.02145457 0.03302121 0.995855 -0.08475035 -0.1157885 0.9932051 -0.0116887 -0.1376119 0.9902624 -0.02105832 -0.1495141 0.9886734 -0.01306223 -0.1712124 0.9852192 -0.005432367 -0.1607153 0.9867846 0.02066165 -0.1790531 0.9836173 0.02090525 -0.2006299 0.979467 0.01980662 -0.2598392 0.9537813 0.1509472 -0.2952421 0.9464597 0.1305609 -0.3022583 0.9458999 0.1179552 -0.3475865 0.930753 0.113502 -0.4247942 0.890667 0.162056 -0.478327 0.8505999 0.2183647 -0.6164572 0.7367028 0.2779383 -0.7166544 0.6221361 0.3152034 -0.8420052 0.3896437 0.3731021 -0.8897173 0.08349967 0.4488108 -0.9212894 0.01614475 0.3885426 -0.02215695 -0.2571549 0.9661162 -0.01812821 -0.1073043 0.994061 -0.003082454 -0.02047848 0.9997856 -0.1085876 -0.00927782 0.9940436 -0.02090567 -0.001434385 0.9997804 -0.1716103 -9.15581e-5 0.9851649 -0.9640977 -9.46091e-4 0.2655465 -0.983526 -0.00125122 0.1807622 -0.9997268 -2.74667e-4 0.02337718 -0.999737 -0.001464903 0.02288913 -0.9983333 0.03949141 -0.04208546 -0.9992024 0.005920708 0.03949195 -0.9987392 0.03851515 0.03219765 -0.9690365 0.1606515 -0.1875082 -0.9588938 0.1939517 -0.2071362 -0.9704052 0.1763069 -0.1650149 -0.8613399 0.3571342 -0.3613153 -0.8393076 0.38622 -0.3826187 -0.8157726 0.3848444 -0.4317522 -0.7461413 0.4425941 -0.4973767 -0.6811947 0.4893493 -0.5445285 -0.7003241 0.5568227 -0.4466484 -0.670121 0.6129271 -0.4186387 -0.6291811 0.6688253 -0.3959848 -0.412833 0.7570285 -0.5064353 -0.330673 0.7558634 -0.5650893 -0.2739399 0.7880959 -0.5512368 -0.2225452 0.7702714 -0.5976249 -0.212749 0.8133963 -0.5414096 -0.1655693 0.7950073 -0.5835669 -0.06137484 0.8500925 -0.5230447 -0.02426284 0.9192718 -0.3928749 -0.01400828 0.9369092 -0.3492923 -0.004089474 0.9996995 -0.02417075 -0.02200448 0.999511 0.0222181 -0.04355078 0.9987994 0.02243155 -0.06537073 0.9976211 0.02188175 -0.08890062 0.9960049 -0.008423089 -0.09665447 0.9951718 -0.01706022 -0.1159125 0.9931914 -0.01162785 -0.1558325 0.9875499 0.02148568 -0.1947751 0.9776601 0.07901483 -0.179088 0.983611 0.02090579 -0.187263 0.9820932 0.02063065 -0.2167194 0.9732383 0.07642096 -0.3025013 0.9252353 0.2289817 -0.3412324 0.9218249 0.1838461 -0.3654673 0.9214048 0.132087 -0.5257292 0.8063562 0.2709217 -0.5469612 0.7968811 0.2565426 -0.5946924 0.7438996 0.3048844 -0.6623528 0.6779785 0.3188009 -0.7337489 0.6180496 0.2821829 -0.7825853 0.5346435 0.3189305 -0.8146839 0.463345 0.3487142 -0.8175897 0.3940386 0.4198582 -0.8371635 0.3175489 0.4453315 -0.8509398 0.2391799 0.4676476 -0.8589212 0.1586062 0.4869275 -0.8898845 0.02383559 0.455563 -0.9100863 0.02926802 0.4133842 -5.49337e-4 -0.4190523 0.9079619 -0.009705185 -0.4199479 0.9074963 -0.004181027 -0.02139359 0.9997624 -0.02191227 -0.002410948 0.9997571 -0.2571263 -0.02215707 0.9661238 -0.257031 -0.006073236 0.9663842 -0.4199979 -0.009765923 0.9074726 -0.5705792 -0.01309251 0.8211383 -0.7038921 -0.01638871 0.710118 -0.8160534 -0.01889139 0.5776678 -0.9036451 -0.02118033 0.4277581 -0.9639239 -0.02264535 0.2652133 -0.9934536 -0.00100708 0.1142325 -0.999736 0.01742625 -0.01498472 -0.9995618 0.01431345 0.02591067 -0.9677331 0.2412542 -0.0727272 -0.9794881 0.1338273 -0.1506435 -0.9806399 0.1380989 -0.1388314 -0.9490596 0.2296274 -0.2157716 -0.9311389 0.2514777 -0.2640821 -0.8999614 0.2957957 -0.3202725 -0.580866 0.7218633 -0.3761758 -0.4964812 0.7454544 -0.4447517 -0.1510092 0.8144059 -0.5603027 -0.07754832 0.7859817 -0.6133672 -0.08731615 0.8357145 -0.5421783 -0.0170601 0.8673194 -0.4974597 -0.01593106 0.9003521 -0.4348706 -0.052127 0.922813 -0.3817053 -0.01086461 0.9996989 0.02200388 -0.01123106 0.9996888 0.02227902 -0.02310293 0.9953503 0.0935105 -0.05142515 0.994566 0.0905205 -0.05438524 0.9982836 0.02172964 -0.05484277 0.9982485 0.02218735 -0.07647979 0.9930781 0.08914506 -0.08386737 0.996246 0.02145516 -0.1045872 0.9942655 -0.02230906 0.02896267 0.9837551 -0.1771638 -0.09241193 0.9951681 -0.03317427 -0.1097458 0.9938463 -0.01501524 -0.1232659 0.9922313 0.0168159 -0.13993 0.9901613 5.18824e-4 -0.1727373 0.9815813 0.08160769 -0.2347239 0.9591608 0.1578458 -0.2736366 0.931573 0.2393633 -0.3285131 0.9192203 0.2170554 -0.350844 0.9149227 0.1995623 -0.336811 0.9272373 0.163675 -0.315511 0.9396966 0.131997 -0.3815202 0.9124622 0.1478348 -0.3989462 0.9021155 0.1644066 -0.4565657 0.8625918 0.2179063 -0.4944121 0.8256987 0.2716215 -0.6378221 0.6856763 0.3507578 -0.7014237 0.6150542 0.3601575 -0.7921112 0.4684916 0.3912489 -0.8593105 0.08301335 0.5046725 -0.877979 0.0230115 0.4781457 -0.9014211 0.03662323 0.4313917 -0.03613483 -0.4193051 0.9071261 -0.04321545 -0.2544403 0.9661225 -0.004822015 -0.02163821 0.9997543 -1.9305e-4 0 1 -0.005340695 -0.01983708 0.999789 -0.02704006 -0.1052915 0.9940738 -0.006561577 -0.02179056 0.9997411 -0.02215695 -0.003021359 0.99975 -0.1073342 -0.0183112 0.9940544 -0.2544403 -0.04321545 0.9661225 -0.9931839 -0.02331656 0.1142026 -0.9997197 -0.001037597 0.02365243 -0.9995506 0.02203452 -0.02032548 -0.9997629 0.01507622 -0.01571714 -0.9966902 0.06009191 -0.05475109 -0.990832 0.09149616 -0.09940057 -0.9870371 0.1192367 -0.1074259 -0.982757 0.1415492 -0.1189648 -0.8567738 0.3465183 -0.3819209 -0.85598 0.3495091 -0.3809747 -0.8155776 0.3982819 -0.4197677 -0.6981975 0.4946315 -0.5175518 -0.7518058 0.5665858 -0.3372963 -0.7113161 0.6274487 -0.316761 -0.6639502 0.6853443 -0.2991209 -0.4399653 0.7896241 -0.4276965 -0.3557344 0.7954277 -0.4906607 -0.149087 0.8331176 -0.5326239 -0.1293706 0.80952 -0.5726611 -0.1110904 0.8064429 -0.580783 -0.07455796 0.8382357 -0.540187 -0.0197764 0.8554833 -0.5174528 -0.009430229 0.8827207 -0.4698036 -3.05186e-4 0.8995671 -0.4367825 -0.002929747 0.9209654 -0.3896333 -0.1007749 0.9910246 0.08783471 -0.09808903 0.9948683 -0.02481216 -0.100377 0.9947056 -0.0220347 -0.1492387 0.985372 0.08227962 -0.1335204 0.9908288 0.02075284 -0.1385557 0.9901542 0.01992881 -0.1391649 0.9902687 -0.00100708 -0.2085702 0.9641414 0.1641033 -0.3102287 0.8955583 0.3189572 -0.3425486 0.8885692 0.3051319 -0.4150034 0.8803335 0.2297503 -0.3344863 0.9274365 0.1672737 -0.3260997 0.9323673 0.1560456 -0.4164912 0.8896253 0.1873554 -0.4451254 0.8723359 0.2022215 -0.4536663 0.8590514 0.2371028 -0.4870572 0.8368387 0.2499529 -0.4935519 0.8217523 0.284833 -0.5760205 0.7504992 0.323962 -0.6181973 0.6911383 0.3743793 -0.6765341 0.6219646 0.3942863 -0.760613 0.5406268 0.359431 -0.7667657 0.4741166 0.432763 -0.7910284 0.3987035 0.4640147 -0.8093116 0.321277 0.4917275 -0.8217868 0.2421687 0.5157722 -0.8285457 0.1607466 0.5363513 -0.8688908 0.02920717 0.4941415 -0.8565477 -0.007324516 0.5160161 -9.15579e-4 -0.5699173 0.8217015 -0.01327562 -0.5705778 0.8211364 -0.03543299 -0.1027283 0.9940782 -0.006500422 -0.01940983 0.9997906 -0.02038693 -0.003723323 0.9997853 -0.4149107 -0.07049971 0.9071269 -0.4193302 -0.03613442 0.9071144 -0.5692698 -0.04907441 0.8206849 -0.7019395 -0.06051939 0.7096608 -0.8136431 -0.0701332 0.5771189 -0.9007419 -0.07764065 0.4273595 -0.9606847 -0.08282917 0.2649986 -0.9994445 -0.02307254 0.02404916 -0.9983702 0.04113966 -0.03955268 -0.991134 0.08847445 -0.09912556 -0.9938464 0.08423203 -0.07193291 -0.9685527 0.1903778 -0.1601945 -0.9208964 0.28197 -0.2691518 -0.8981779 0.3161171 -0.305527 -0.8591502 0.3566796 -0.3669341 -0.8577376 0.3598805 -0.3671135 -0.7651809 0.4349921 -0.4746367 -0.726853 0.4717708 -0.4991163 -0.7309053 0.5006376 -0.4638314 -0.7821548 0.5063803 -0.3630605 -0.6099156 0.7398031 -0.2840678 -0.5253866 0.7712792 -0.3593016 -0.2941756 0.8275312 -0.4781766 -0.2273083 0.8537188 -0.4685031 -0.1584858 0.8728473 -0.4615409 -0.09793531 0.8765656 -0.4712128 -0.05920708 0.8379024 -0.5425994 -0.009979665 0.8460475 -0.5330142 0.006866753 0.8631103 -0.5049689 -0.0131843 0.9946222 0.1027278 -0.02795517 0.9827343 0.1828988 -0.09295988 0.9788864 0.1820439 -0.0859729 0.9962723 0.007080435 -0.1174358 0.9928333 0.02215653 -0.1369096 0.9901384 0.02969527 -0.1321761 0.991214 -0.004943966 -0.1811593 0.968726 0.1695621 -0.2434203 0.9374858 0.2487307 -0.2761092 0.902215 0.3313187 -0.3713847 0.8813865 0.291944 -0.3656515 0.9038895 0.2219972 -0.48126 0.8189873 0.3124879 -0.5193535 0.7990969 0.3028468 -0.6543552 0.62817 0.4209773 -0.7104634 0.5529522 0.4352996 -0.7367129 0.5466673 0.3980063 -0.831335 0.07525956 0.5506526 -0.8560338 0.01821994 0.5165989 -0.04907441 -0.5692698 0.8206849 -0.07049882 -0.414936 0.9071153 -0.06399881 -0.2500441 0.9661171 -0.008270621 -0.02114963 0.9997422 -0.02237033 -0.004760921 0.9997385 -0.2500441 -0.06399881 0.9661171 -0.407735 -0.1043447 0.9071187 -0.9897862 -0.0853306 0.1142014 -0.9986851 -0.0452907 0.0240187 -0.9847733 -0.0192883 -0.172771 -0.9994984 0.02392691 -0.0207529 -0.9755259 0.1709093 -0.138345 -0.8608236 0.366291 -0.3532899 -0.8065707 0.419186 -0.4168055 -0.7632786 0.4411207 -0.4720364 -0.8291844 0.503938 -0.241867 -0.7899231 0.5703085 -0.2253217 -0.7436854 0.6342445 -0.2113436 -0.6913818 0.6944338 -0.1993818 -0.4635519 0.8159844 -0.3453826 -0.3774955 0.8282682 -0.4140883 -0.05188256 0.8879553 -0.4569941 0.005157709 0.8347339 -0.5506295 -0.01471012 0.9863137 0.1642228 -0.005157649 0.9864254 0.1641295 -0.06250363 0.9808622 0.1843981 -0.1230232 0.9761895 0.1786598 -0.08810871 0.9959611 0.01727378 -0.1022688 0.9947027 -0.01037639 -0.1264085 0.9881658 0.08688676 -0.2117096 0.9429121 0.2570912 -0.306474 0.8584141 0.411338 -0.3440701 0.8514165 0.3958607 -0.3795728 0.8440817 0.3787487 -0.3760517 0.8945344 0.2416473 -0.53982 0.7454571 0.3910094 -0.5384467 0.7768 0.3265838 -0.581178 0.7266022 0.3664445 -0.6116319 0.6716323 0.4181107 -0.686715 0.5578624 0.4660603 -0.7389214 0.4800303 0.4728279 -0.7617125 0.4038071 0.5066893 -0.7786337 0.3255777 0.5364037 -0.789795 0.2451572 0.5622472 -0.7952933 0.1626049 0.5840106 -0.8337922 0.0106818 0.5519753 -0.8558469 0.01840299 0.5169019 -0.00149542 -0.7034956 0.7106981 -0.01651078 -0.7038906 0.7101166 -0.08432465 -0.2439403 0.9661172 -0.008514702 -0.01989823 0.9997658 -0.1054126 -0.02688723 0.994065 -0.02002012 -0.004882931 0.9997877 -0.5535275 -0.1416703 0.820693 -0.5632946 -0.09570848 0.8206944 -0.694589 -0.1179876 0.7096655 -0.8051 -0.1367876 0.5771511 -0.8912975 -0.1514336 0.4273834 -0.9506283 -0.1615052 0.2649942 -0.9794226 -0.1664212 0.1141723 -0.9960547 -0.08551472 0.0237134 -0.9853243 -0.02536094 -0.1687985 -0.9806777 -0.0124824 -0.1952322 -0.9995965 0.02273678 -0.0170297 -0.984975 0.1349251 -0.1077936 -0.9530317 0.2310324 -0.1958435 -0.8848779 0.3373303 -0.3212466 -0.7412044 0.4721416 -0.4771775 -0.7604682 0.4636421 -0.4546695 -0.8596395 0.4388383 -0.2616122 -0.6330237 0.7506132 -0.18937 -0.5495648 0.7902723 -0.2710133 -0.3110554 0.860713 -0.403011 -0.2436358 0.887014 -0.3922345 -0.1677034 0.9082233 -0.3834137 -0.1005306 0.9186614 -0.3820406 -0.007538259 0.8724849 -0.488583 -0.01510697 0.8210566 -0.570647 -0.003021359 0.831525 -0.5554792 -0.007690787 0.9678804 0.2512937 -0.03537201 0.9581584 0.2840446 -0.07324641 0.9573311 0.2795572 -0.1089516 0.9549596 0.2760108 -0.0951882 0.9952493 0.02044761 -0.113285 0.9933196 0.02197337 -0.1525655 0.9727698 0.1744784 -0.1784449 0.9477388 0.2644782 -0.2404044 0.9082079 0.3425846 -0.2669485 0.8647827 0.425311 -0.4119757 0.8367083 0.3608258 -0.3923587 0.8817694 0.2617963 -0.4803084 0.7784793 0.4040719 -0.5629329 0.7499871 0.3473123 -0.5963848 0.698931 0.3947414 -0.6094438 0.6719782 0.4207417 -0.6319906 0.6366295 0.4419173 -0.7121392 0.4844646 0.5080866 -0.7967665 0.08066236 0.5988796 -0.8151988 0.02761989 0.5785223 -0.84059 0.03836262 0.5403118 -0.06051939 -0.7019702 0.7096305 -0.09570848 -0.5632946 0.8206944 -0.1043447 -0.407735 0.9071187 -0.04385644 -0.09970712 0.9940499 -0.009003162 -0.01901346 0.9997788 -0.01004076 -0.02014261 0.9997468 -0.02157706 -0.006286919 0.9997475 -0.2439116 -0.08432531 0.9661245 -0.3977582 -0.13752 0.9071255 -0.5400084 -0.1866865 0.8206944 -0.9916275 -0.1268374 0.02423214 -0.9956967 -0.07745832 0.0508759 -0.9695855 -0.0433368 -0.2408857 -0.9455061 0.004333674 -0.3255757 -0.9260421 -0.003936946 -0.3773996 -0.9987128 9.15578e-5 -0.05072301 -0.9997555 0.01721292 -0.01388633 -0.9962013 0.06781321 -0.05462896 -0.9651312 0.2067658 -0.1605296 -0.9520002 0.236558 -0.1942577 -0.929817 0.2751577 -0.2443947 -0.901991 0.31926 -0.2906636 -0.8421626 0.3903642 -0.371992 -0.7723554 0.4569676 -0.4411891 -0.815835 0.4448456 -0.369494 -0.8974847 0.4226329 -0.1261062 -0.8610531 0.495043 -0.116276 -0.8159613 0.5678402 -0.1084652 -0.7677475 0.6327294 -0.1010804 -0.7118055 0.6959049 -0.09512913 -0.4834519 0.835794 -0.2602357 -0.3965948 0.8551127 -0.3339087 -0.05554509 0.9498524 -0.3077262 -0.01211613 0.8742874 -0.4852575 -0.01883035 0.8514256 -0.5241373 -0.01925736 0.8203154 -0.571587 -0.1439878 0.9517906 0.2708545 -0.09875935 0.9948267 0.02380478 -0.109045 0.9938266 0.02044785 -0.2027404 0.9135985 0.3524686 -0.2908806 0.8134953 0.5036011 -0.3338209 0.8069627 0.4872112 -0.3745648 0.799914 0.4688698 -0.4132887 0.7922436 0.448935 -0.4316362 0.840566 0.3273208 -0.4092035 0.8686113 0.2794046 -0.4498185 0.8189144 0.3564305 -0.4958171 0.7554756 0.4282779 -0.5895442 0.6615397 0.4634684 -0.6556485 0.5724221 0.4924002 -0.6650545 0.5468822 0.5085495 -0.7318569 0.4077706 0.5459933 -0.7454889 0.3287512 0.579801 -0.7542784 0.2487608 0.6076038 -0.7588529 0.1656261 0.6298494 -0.8042686 0.01901334 0.5939618 -0.7934791 -0.006683766 0.6085609 -9.15586e-4 -0.8158784 0.5782228 -0.01876938 -0.8161188 0.5775793 -0.13749 -0.3977599 0.9071293 -0.1041009 -0.2361879 0.9661152 -0.05191349 -0.0954647 0.9940783 -0.009887993 -0.01794493 0.9997901 0.003383517 0 0.9999943 -0.1029416 -0.03576856 0.9940441 -0.6658691 -0.2302067 0.7096642 -0.6825355 -0.1746929 0.7096673 -0.7911546 -0.2024962 0.577122 -0.8758366 -0.2241626 0.4273892 -0.9341369 -0.2390887 0.2649997 -0.9624378 -0.2463164 0.114201 -0.985546 -0.1677317 0.0237742 -0.988261 -0.1323602 -0.07629704 -0.9827934 -0.1145061 -0.1449332 -0.9997857 0.01681619 -0.01208567 -0.9775264 0.03308266 -0.2082012 -0.9770703 0.1676416 -0.1312628 -0.8761372 0.3563694 -0.3246297 -0.8035759 0.4306288 -0.4108827 -0.830137 0.4158315 -0.3714253 -0.9242523 0.3569254 -0.1355065 -0.6495975 0.7549797 -0.08960384 -0.5689119 0.8023548 -0.1804611 -0.3256995 0.8878607 -0.3249976 -0.2605085 0.9113831 -0.3186163 -0.2195553 0.9336138 -0.2831269 -0.1378532 0.9512084 -0.2760421 -0.09714335 0.9518708 -0.2906977 -0.0213021 0.9440072 -0.3292367 -0.02517795 0.9036614 -0.4275072 -0.01794546 0.8830517 -0.4689324 -0.009704947 0.9447706 0.3275888 -0.04049903 0.9268093 0.3733423 -0.0833168 0.9243894 0.37224 -0.123847 0.9217721 0.3674209 -0.1015069 0.9945602 0.02337771 -0.1057187 0.9941647 0.02145498 -0.1637033 0.91813 0.3608857 -0.2252312 0.870589 0.4374308 -0.2455266 0.8195003 0.5178185 -0.4483048 0.7846326 0.4282227 -0.4350485 0.8387234 0.32753 -0.4179883 0.8545931 0.3081504 -0.5122903 0.730592 0.4514356 -0.660519 0.5466533 0.5146696 -0.6799973 0.5085407 0.528195 -0.7576975 0.08368331 0.6472184 -0.8016515 0.01632779 0.5975686 -0.07013195 -0.8136288 0.5771393 -0.1179876 -0.694589 0.7096655 -0.1416703 -0.5535275 0.820693 -0.01162773 -0.01956266 0.9997411 -0.02218747 -0.008453786 0.9997181 -0.01974588 -0.007568717 0.9997765 -0.09949272 -0.04382562 0.9940727 -0.01895219 -0.006866693 0.9997969 -0.2361879 -0.1041009 0.9661152 -0.3851211 -0.1697475 0.9071205 -0.5228313 -0.230423 0.8207026 -0.6446955 -0.2841373 0.7096717 -0.986532 -0.1484147 -0.06875967 -0.995297 -0.0801438 -0.05441594 -0.9272993 0.03668421 -0.3725189 -0.9982859 0.005554497 -0.05826127 -0.9785004 0.03201442 -0.2037448 -0.9773386 0.03247213 -0.2091768 -0.9288862 0.1816815 -0.3227418 -0.9559082 0.230264 -0.182258 -0.9455912 0.2612095 -0.1939768 -0.9030897 0.3236547 -0.2822709 -0.8131623 0.4243435 -0.3983714 -0.8131258 0.4231806 -0.3996808 -0.8484603 0.3962594 -0.3508471 -0.8938555 0.3680653 -0.2560282 -0.9386578 0.3436801 -0.02838313 -0.8953145 0.4450326 -0.01892197 -0.854345 0.5192785 -0.02108854 -0.8255431 0.5638108 -0.02441531 -0.7637982 0.6452015 -0.01809769 -0.6965411 0.7174162 -0.01202458 -0.4993602 0.8489001 -0.1732287 -0.4126505 0.875505 -0.2514173 -0.1764281 0.9394239 -0.2938637 -0.1030031 0.9823598 -0.1560764 -0.02307271 0.9626163 -0.2698841 -0.0101934 0.9445412 0.3282349 -0.1818929 0.8754972 0.4476825 -0.2634407 0.7607797 0.5931384 -0.3119046 0.7550107 0.5767794 -0.3579307 0.7484865 0.5582596 -0.4017606 0.7413527 0.537573 -0.443412 0.7335876 0.5150098 -0.4819322 0.7253856 0.4914848 -0.5290943 0.7055913 0.471381 -0.5324988 0.6872006 0.4941667 -0.6311073 0.5675663 0.5287458 -0.6857136 0.4792182 0.5478567 -0.7020753 0.4220875 0.5735263 -0.7169946 0.2522131 0.6498517 -0.7200708 0.1682525 0.6731933 -0.7835152 0.02233994 0.6209709 -0.001739561 -0.9036923 0.4281788 -0.02114981 -0.9036749 0.4276967 -0.1866865 -0.5400084 0.8206944 -0.1697475 -0.3851211 0.9071205 -0.1231455 -0.2268196 0.9661201 -0.05954229 -0.09109878 0.9940603 -0.01104801 -0.01748758 0.9997861 -0.01879942 -0.008270502 0.9997891 -0.7472693 -0.3293662 0.5771538 -0.7718102 -0.2668328 0.5771561 -0.8544657 -0.2953916 0.4273549 -0.911328 -0.3150782 0.264966 -0.9389142 -0.3246296 0.1142628 -0.9684852 -0.2479656 0.02343845 -0.9820404 -0.1880275 0.01556468 -0.9807106 -0.1743879 -0.08829265 -0.96114 -0.07663363 -0.2652115 -0.9452427 0.04770159 -0.3228633 -0.9813767 0.01681607 -0.1913556 -0.9639775 0.0282607 -0.2644788 -0.9270225 0.1799721 -0.3289976 -0.9585913 0.1796996 -0.2209316 -0.9672884 0.2078995 -0.1453649 -0.9484201 0.2547147 -0.1887318 -0.9494549 0.2621606 -0.1726475 -0.9416708 0.2726283 -0.1973068 -0.9309902 0.2820591 -0.2317328 -0.8819692 0.3558212 -0.3090661 -0.8564496 0.3923499 -0.3354934 -0.9016915 0.3452033 -0.2603598 -0.9450079 0.3244535 -0.04110985 -0.9215308 0.3867408 -0.03482252 -0.899773 0.435756 -0.02292007 -0.8811934 0.4719251 -0.02801698 -0.8679194 0.4958057 -0.02987772 -0.8415445 0.5392184 -0.03235065 -0.842332 0.538177 -0.02902382 -0.8034673 0.5952684 -0.0097965 -0.782264 0.6221612 -0.031282 -0.7362414 0.6764546 -0.01892179 -0.7146369 0.6988585 -0.02984774 -0.6588444 0.7519273 -0.02301132 -0.5841346 0.8069236 -0.08752858 -0.3380935 0.9087752 -0.2445822 -0.2726623 0.931764 -0.2397316 -0.2317289 0.9596928 -0.1590332 -0.1860754 0.9695942 -0.1589438 -0.1458797 0.9767229 -0.1572632 -0.05813872 0.9866197 -0.1523205 -0.02963417 0.9637681 -0.2650904 -0.01593077 0.9495592 -0.313183 -0.01226854 0.9142819 0.4048928 -0.04605317 0.883556 0.4660559 -0.09262686 0.8821069 0.4618525 -0.1376426 0.879387 0.4557773 -0.198282 0.824593 0.5298404 -0.2127192 0.7658504 0.6068145 -0.5290526 0.7017004 0.4772002 -0.5698549 0.6528977 0.4989892 -0.6880304 0.478789 0.5453214 -0.6947446 0.4517793 0.5596656 -0.7041869 0.4069659 0.5818071 -0.7142781 0.3194169 0.6227196 -0.7170596 0.0844174 0.6918809 -0.7679228 0.01428294 0.6403833 -0.07764077 -0.9007126 0.4274212 -0.1367577 -0.8051033 0.5771535 -0.1746929 -0.6825355 0.7096673 -0.01281809 -0.01815897 0.999753 -2.96165e-4 0 1 -0.02047818 -0.009979665 0.9997406 -0.2268196 -0.1231455 0.9661201 -0.3698893 -0.2008145 0.9071139 -0.502133 -0.2726283 0.8206927 -0.6191714 -0.3361678 0.7096605 -0.7176947 -0.389672 0.5771223 -0.9455533 -0.3247574 0.02148568 -0.9571466 -0.2887737 0.02191281 -0.9507919 -0.1615375 -0.2643869 -0.9036042 0.0687896 -0.4228091 -0.9425122 0.07165813 -0.3263986 -0.8571279 0.07379508 -0.5097904 -0.8963463 0.1932165 -0.3990374 -0.959071 0.1799421 -0.2186407 -0.9627848 0.1776819 -0.2036536 -0.9517989 0.2697277 -0.1460338 -0.9454512 0.2713148 -0.1803068 -0.9198031 0.3082084 -0.2428373 -0.8864338 0.3552449 -0.2967089 -0.9408708 0.3066856 -0.1438971 -0.9449799 0.3245354 -0.0411086 -0.9456083 0.3136157 -0.08643049 -0.9130345 0.3253622 -0.2459825 -0.9134671 0.4055683 -0.03305214 -0.9078457 0.4192991 -0.002105772 -0.891588 0.45144 -0.03567689 -0.8508359 0.4735004 -0.2277624 -0.848794 0.5146111 0.1213434 -0.8429998 0.5378999 0.003906428 -0.8227125 0.5639077 -0.07178169 -0.7820662 0.6223264 -0.03290015 -0.7759469 0.6307983 -2.13633e-4 -0.7564479 0.6524692 -0.04550403 -0.7146344 0.698856 -0.02996969 -0.7196092 0.6933323 -0.0381183 -0.6856679 0.7096253 -0.1621468 -0.6383451 0.7694262 -0.02234023 -0.6352255 0.7722259 -0.01248228 -0.5116539 0.8552693 -0.08200502 -0.4256235 0.8893048 -0.1672768 -0.1409974 0.9891789 -0.04055958 -0.08609515 0.995451 -0.04080438 -0.04593187 0.9720783 -0.2301174 -0.1500626 0.8285337 0.5394564 -0.2251699 0.6997421 0.6779819 -0.2788559 0.694683 0.6630649 -0.3301594 0.6890681 0.6451201 -0.3790807 0.6825649 0.6248224 -0.4255899 0.6756334 0.6019906 -0.469722 0.6681583 0.5769972 -0.5437698 0.652359 0.5279606 -0.5728794 0.6494221 0.5000602 -0.5994926 0.5856062 0.5455952 -0.6636803 0.4696974 0.5821623 -0.7019695 0.3864632 0.5982351 -0.6762442 0.2559034 0.6908019 -0.677834 0.1702978 0.7152201 -0.7340961 0.02423179 0.6786131 -0.7510868 0.02020394 0.6598943 -0.001892149 -0.9640964 0.2655462 -0.02255386 -0.9639258 0.2652139 -0.2302067 -0.6658691 0.7096642 -0.2304482 -0.5228498 0.8206837 -0.2008145 -0.3698893 0.9071139 -0.1413658 -0.2159247 0.9661223 -0.0127263 -0.01763981 0.9997635 7.21761e-4 0 0.9999998 -0.01477116 -0.01733475 0.9997407 -0.06699025 -0.08588182 0.9940506 -0.01312327 -0.01617521 0.999783 -0.01644957 -0.4170691 0.9087259 -0.09583032 -0.05194365 0.9940415 -0.01864725 -0.009582996 0.9997803 -0.7945169 -0.4313946 0.427366 -0.8273043 -0.3646389 0.4273245 -0.882363 -0.3889026 0.2649347 -0.9090756 -0.4006562 0.1142639 -0.9303789 -0.3658036 0.02414071 -0.968572 -0.2411282 0.06103736 -0.9576278 -0.2060648 -0.2012123 -0.9343126 -0.2391479 -0.2643262 -0.8908845 -0.1513444 -0.4282752 -0.9009796 -0.0699799 -0.4281805 -0.9216172 0.06033635 -0.3833815 -0.9736829 0.1768584 -0.1437451 -0.9638952 0.2274308 -0.1384971 -0.9244772 0.2989017 -0.2366432 -0.8369869 0.2610911 -0.4809203 -0.9427634 0.3285374 -0.05710107 -0.9245113 0.3692185 0.0946393 -0.9001272 0.3876827 -0.1986786 -0.908098 0.4187536 -0.001892149 -0.8478887 0.5154109 0.1242443 -0.7510809 0.5538954 -0.3592736 -0.7923665 0.6100455 0 -0.7560315 0.6507999 -0.0698288 -0.730717 0.6629952 -0.1627579 -0.7196792 0.6932494 -0.03830188 -0.6601933 0.7428395 -0.1110597 -0.6245126 0.7810146 3.3571e-4 -0.5697061 0.8217965 -0.009247362 -0.4353824 0.8967365 -0.07941013 -0.3481286 0.9232261 -0.1626655 -0.2783341 0.9471599 -0.1594317 -0.2202273 0.9745729 -0.04132312 -0.1682817 0.9849092 -0.04043763 -0.1668171 0.9851242 -0.04126173 -0.1134078 0.9926543 -0.04214644 -0.06076383 0.9972175 -0.04318475 -0.01870816 0.9865289 -0.162514 -0.02307224 0.9864618 -0.1623604 -0.009308218 0.8774186 0.4796352 -0.04852551 0.8321672 0.5523976 -0.1009266 0.8314319 0.5463835 -0.1610197 0.7698181 0.6176185 -0.1703909 0.70366 0.6898041 -0.5112566 0.6605561 0.5498022 -0.5832316 0.6143922 0.5313786 -0.5954672 0.5738594 0.5622314 -0.6965395 0.3846334 0.6057144 -0.664962 0.3352583 0.6674036 -0.673716 0.08554589 0.7340223 -0.7148237 0.02215701 0.6989537 -0.7199429 -0.006622612 0.6940017 -0.08279889 -0.9606872 0.2649992 -0.1514336 -0.8912975 0.4273834 -0.2024962 -0.7911546 0.577122 -0.0736432 -0.07993018 0.9940764 -0.01385545 -0.01510667 0.99979 -0.01907414 -0.01083409 0.9997594 -0.2159247 -0.1413658 0.9661223 -0.352101 -0.2305427 0.9071246 -0.4780474 -0.3129709 0.8206827 -0.5894476 -0.3859152 0.7096627 -0.6832039 -0.4473206 0.57718 -0.7563814 -0.4952308 0.4273567 -0.9182813 -0.3958598 0.007385551 -0.928665 -0.3708068 0.00915569 -0.9562357 -0.2606056 -0.1330343 -0.9686086 -0.2449446 -0.04242122 -0.8754533 -0.2240745 -0.4282198 -0.9005279 0.07590103 -0.4281223 -0.8490452 0.07928895 -0.5223367 -0.8050909 0.1776815 -0.5659136 -0.927296 0.1978561 -0.3177661 -0.9521756 0.2088139 -0.2230665 -0.9733528 0.2259345 -0.03921729 -0.9006524 0.2790676 -0.3330866 -0.9517356 0.2894119 -0.1021776 -0.9380785 0.2165054 -0.2704335 -0.9306116 0.3659211 0.007995903 -0.8972298 0.4334317 -0.08435463 -0.8562005 0.5149716 0.04153585 -0.8156005 0.5673251 -0.1137458 -0.7623668 0.6374217 -0.1117609 -0.7564868 0.6231777 -0.1984378 -0.7025728 0.6823388 -0.2020037 -0.6329681 0.7304465 -0.2565138 -0.6361113 0.7655736 -0.09622693 -0.6360245 0.7655183 -0.09723478 -0.5921324 0.8052476 -0.03091585 -0.5577448 0.8300097 -0.002197384 -0.4957192 0.868386 -0.0129705 -0.3554874 0.9315368 -0.07660311 -0.2850486 0.9551874 -0.07977694 -0.2499853 0.967499 -0.03811883 -0.193247 0.9803352 -0.03998005 -0.1680058 0.9849323 -0.04101723 -0.1348639 0.9908633 -0.001281797 -0.1062065 0.994343 -0.001464903 -0.07751792 0.9969906 -7.93491e-4 -0.05722332 0.9975484 -0.04028522 -0.005859613 0.9892127 -0.1463692 -0.02041709 0.8319145 0.5545282 -0.1082523 0.772904 0.6252206 -0.1782314 0.6293036 0.7564461 -0.2356438 0.6255961 0.743708 -0.2917363 0.6210725 0.7274331 -0.345596 0.6156883 0.7081606 -0.39684 0.6097413 0.6861002 -0.4456999 0.6033003 0.6613475 -0.4921264 0.5961673 0.6343472 -0.5358606 0.5889034 0.6050177 -0.5711689 0.5802942 0.5805384 -0.6058 0.5486381 0.5761967 -0.631547 0.4856622 0.6043844 -0.6953189 0.3819172 0.6088275 -0.6902542 0.3524364 0.6319319 -0.6324872 0.2595688 0.7297836 -0.6335261 0.1724358 0.7542617 -0.630109 0.09009402 0.7712624 -0.6750013 0.02142471 0.7375054 -0.694808 0.02102792 0.7188879 -0.001983702 -0.9934275 0.1144466 -0.02325522 -0.9931714 0.1143232 -0.2668313 -0.7718362 0.5771223 -0.2841373 -0.6446955 0.7096717 -0.2726283 -0.502133 0.8206927 -0.2305427 -0.352101 0.9071246 -0.1586391 -0.2035939 0.9661176 -0.01678562 -0.01651096 0.9997228 -0.01712089 -0.01150548 0.9997872 -0.01922708 -0.01165831 0.9997473 -0.09097707 -0.05966454 0.994064 -0.8067327 -0.5281775 0.2649738 -0.8474068 -0.4600827 0.2650015 -0.8730716 -0.474029 0.114204 -0.9149424 -0.4028872 0.02371358 -0.9137305 -0.3952479 0.09421128 -0.9379201 -0.3460892 0.02298104 -0.9633787 -0.2681444 1.22078e-4 -0.9114703 -0.3151051 -0.2644442 -0.8540653 -0.2952483 -0.4282534 -0.7911546 -0.2024962 -0.577122 -0.8051248 -0.1367866 -0.5771165 -0.8145885 -0.06363254 -0.5765386 -0.9114497 0.05420172 -0.4078253 -0.8864055 0.2184273 -0.408136 -0.9348544 0.2259923 -0.2738154 -0.9674264 0.2287104 -0.1085261 -0.9597827 0.2446379 -0.1377308 -0.7057886 0.1861065 -0.68354 -0.5965257 0.4528114 -0.6626605 -0.7258152 0.6026079 -0.3317472 -0.6039443 0.7607519 -0.237714 -0.5953351 0.800118 -0.07339829 -0.546663 0.7859044 -0.2889879 -0.5456476 0.8379882 -0.006683588 -0.5202526 0.8535171 -0.02908432 -0.4778385 0.878372 -0.01153624 -0.4027349 0.9153096 -0.00363177 -0.2745183 0.9610428 -0.03219747 -0.2377127 0.9205455 -0.3099818 -0.2183036 0.9758809 -3.35711e-4 -0.18858 0.982057 0.001220762 -0.1637058 0.9865076 0.001831114 -0.07742685 0.9969967 0.001678526 -0.01886087 0.7890442 0.6140469 -0.05176013 0.7765242 0.6279579 -0.1146609 0.7064298 0.6984338 -0.1199091 0.6318958 0.7657216 -0.5938679 0.5062785 0.6253024 -0.6225622 0.5173929 0.5871294 -0.6392824 0.4527195 0.6215813 -0.6917796 0.3781028 0.6152068 -0.6908773 0.3727692 0.6194609 -0.6915409 0.3492344 0.6323027 -0.6262333 0.344262 0.699511 -0.6521976 0.02575826 0.7576113 -0.6527949 0.02038645 0.7572604 -0.0853306 -0.9897862 0.1142014 -0.1615065 -0.950636 0.2649658 -0.2241914 -0.8758605 0.427325 -0.1748448 -0.1898602 0.9661172 -0.01861649 -0.0133062 0.9997382 -0.2035939 -0.1586391 0.9661176 -0.3319848 -0.2587089 0.907114 -0.4506778 -0.3512156 0.8206932 -0.5557247 -0.4330679 0.7096636 -0.6441388 -0.5019803 0.577149 -0.7131043 -0.5557185 0.4273865 -0.7605696 -0.5927139 0.2649984 -0.9160127 -0.401118 -0.005035698 -0.9447595 -0.3238112 -0.05075377 -0.9471775 -0.3093678 -0.08453673 -0.7718226 -0.2668266 -0.5771426 -0.8720185 0.006286859 -0.4894327 -0.8220655 0.08060121 -0.5636594 -0.845846 0.2125373 -0.489257 -0.9631909 0.2683567 -0.01574796 -0.9562552 0.2672253 -0.1190245 -0.7025053 0.1612667 -0.6931662 -0.9069722 0.1081603 -0.4070662 -0.9081134 0.3523803 -0.2261814 -0.8739651 0.430787 -0.2249615 -0.8021187 0.5674833 -0.185926 -0.7117054 0.5933828 -0.3759953 -0.6625753 0.6476208 -0.3762732 -0.5411924 0.8081111 -0.2325238 -0.4903798 0.8411045 -0.2281907 -0.4543653 0.8749462 -0.1673961 -0.4578441 0.8888926 -0.01577824 -0.4275379 0.9036313 -0.02572733 -0.3775508 0.9256726 -0.02420157 -0.3472791 0.9376446 -0.01483237 -0.2750047 0.9610057 -0.02899283 -0.2379914 0.9202865 -0.3105364 -0.1901948 0.9817372 0.004242122 -0.02841335 0.999596 -7.32461e-4 -0.04211592 0.9983308 -0.03952181 0.05752921 0.9906931 -0.1233597 -0.05655115 0.7069359 0.7050132 -0.123968 0.5506538 0.8254771 -0.1843081 0.5482854 0.815729 -0.2436653 0.5451646 0.8021364 -0.3018348 0.5410137 0.7849841 -0.3575921 0.5363424 0.7645031 -0.410856 0.530951 0.74114 -0.4618476 0.5249309 0.7149437 -0.5100053 0.5190085 0.6859481 -0.5557259 0.5122664 0.6547915 -0.6136577 0.4249244 0.66548 -0.6451446 0.4334942 0.6291831 -0.6854009 0.3736774 0.6249728 -0.6506484 0.407773 0.6406074 -0.5855933 0.2638038 0.7664777 -0.5858239 0.1753046 0.7912514 -0.5850225 0.08746796 0.8062866 -0.6404952 0.02533048 0.7675443 -0.6366922 -0.005432367 0.771099 -0.02328568 -0.9996058 0.01568651 -0.04248303 -0.9989009 0.0198071 -0.2953954 -0.8544769 0.42733 -0.3293331 -0.7472637 0.57718 -0.3361678 -0.6191714 0.7096605 -0.3129755 -0.4780239 0.8206946 -0.2586831 -0.3319603 0.9071304 -0.07999145 -0.07394862 0.9940488 -0.08585 -0.06680613 0.9940658 -0.01635795 -0.01248204 0.9997883 -0.7836312 -0.6106506 0.1141403 -0.8311531 -0.5441834 0.1142324 -0.8787039 -0.4767377 0.02450674 -0.9061774 -0.4228746 0.004425287 -0.8268989 -0.3644349 -0.428282 -0.747296 -0.3293644 -0.5771203 -0.6670611 -0.2306041 -0.7084147 -0.6836941 -0.1749978 -0.7084759 -0.6956525 -0.11817 -0.7085926 -0.7039176 -0.05603259 -0.7080681 -0.915551 0.04934984 -0.399163 -0.8407514 0.2257833 -0.4920966 -0.8386914 0.2243754 -0.4962382 -0.9286081 0.2857819 -0.2366765 -0.958402 0.2758957 -0.07312458 -0.9628564 0.2680213 -0.03274726 -0.7273932 0.1219545 -0.6752971 -0.8368774 0.4993308 -0.2242884 -0.7562432 0.5353124 -0.3762141 -0.6094776 0.6979846 -0.3759717 -0.5800465 0.7794889 -0.2365232 -0.495204 0.7870587 -0.3678475 -0.5227952 0.8208463 -0.2299932 -0.497193 0.840873 -0.21385 -0.4745156 0.8346444 -0.2796492 -0.4531102 0.8752745 -0.1690732 -0.4114266 0.8629248 -0.2934097 -0.3967757 0.8881599 -0.2318212 -0.3763896 0.9261267 -0.02490341 -0.3076349 0.9515013 -0.002472043 -0.2590171 0.9012342 -0.3474009 -0.2034392 0.7779278 -0.594509 0.02526944 0.9996697 -0.004699826 0.02511686 0.9996702 -0.005371272 -0.01171922 0.9991906 -0.03848439 -0.01934915 0.732278 0.6807311 -0.05929803 0.6350356 0.7702035 -0.06195455 0.5517315 0.8317175 -0.5706834 0.4319114 0.6984074 -0.6543872 0.4282113 0.6232274 -0.6806667 0.3853642 0.6230468 -0.6684713 0.3998376 0.6271173 -0.580533 0.3491683 0.7355698 -0.5827213 0.02087467 0.812404 -0.6210328 0.01513743 0.7836384 -0.002014279 -0.9998778 0.01550382 -0.08536279 -0.9960619 0.02395772 -0.1664224 -0.9794294 0.1141121 -0.2390868 -0.9341294 0.2650281 -0.28511 -0.3095864 0.9071211 -0.1898308 -0.1748458 0.9661229 -0.01611387 -0.0145269 0.9997647 -0.3095864 -0.28511 0.9071211 -0.4203056 -0.3870706 0.8206824 -0.5182449 -0.4772883 0.7096607 -0.6007177 -0.5531986 0.5771565 -0.6650475 -0.6124321 0.4273627 -0.709297 -0.6532027 0.2649983 -0.7307825 -0.6729791 0.1142639 -0.8548703 -0.4423437 -0.2711622 -0.8824654 -0.3889379 -0.2645413 -0.6457199 -0.2845892 -0.7085584 -0.6737465 -0.06500631 -0.7360977 -0.9121797 -0.04101741 -0.4077326 -0.7069749 0.07266592 -0.7034958 -0.7764045 0.08035659 -0.6250911 -0.4024527 0.1847003 -0.8966146 -0.916215 0.2877344 -0.2788534 -0.9628843 0.2678985 -0.03293031 -0.7109789 0.07272762 -0.6994426 -0.8706716 0.02670395 -0.4911395 -0.8648227 0.3316217 -0.3769732 -0.8311885 0.4096888 -0.3758736 -0.796185 0.4739937 -0.3760576 -0.6973704 0.4935917 -0.5196554 -0.6562052 0.5471276 -0.5196598 -0.6109032 0.5971085 -0.5198643 -0.4239065 0.811923 -0.4013531 -0.3592085 0.8850508 -0.2960647 -0.3404054 0.8880022 -0.3091543 -0.3268009 0.9450918 -0.001648008 -0.2917302 0.9179781 -0.2687189 -0.1476228 0.6876349 -0.7108908 0.02340817 0.9996855 -0.009003102 -0.018525 0.9992534 -0.03390657 -0.01999002 0.6761215 0.7365189 -0.0614652 0.465262 0.8830364 -0.1266536 0.4658717 0.8757411 -0.1883926 0.463764 0.8656969 -0.249248 0.4608051 0.851783 -0.3088868 0.4570279 0.834095 -0.36605 0.4531829 0.8127933 -0.4210491 0.4480895 0.7886278 -0.4732664 0.4433573 0.7612183 -0.5232781 0.437886 0.7310512 -0.666571 0.4261708 0.6116058 -0.6750917 0.3943121 0.6235136 -0.5358601 0.267808 0.8007078 -0.535436 0.1778072 0.825647 -0.5302401 0.09604382 0.8423902 -0.5553898 0.04333734 0.8304601 -0.5914001 0.06073307 0.8040881 -0.6154535 0.01269602 0.788071 0.06561541 -0.9977208 -0.01574766 0.0632354 -0.9979411 -0.01071214 -0.07977664 -0.9968117 0.001525938 -0.3150482 -0.9113295 0.2649969 -0.3646216 -0.8273038 0.4273401 -0.3896651 -0.7176821 0.5771426 -0.3859152 -0.5894476 0.7096627 -0.3511888 -0.4506826 0.820702 -0.7625581 -0.6464928 0.0234999 -0.7884357 -0.6146588 0.02374398 -0.8360583 -0.5481149 0.02401816 -0.8644117 -0.492406 -0.1016308 -0.915642 -0.359335 -0.1802168 -0.7941334 -0.4311716 -0.4283028 -0.7176988 -0.3897047 -0.577095 -0.6202127 -0.3367497 -0.7084745 -0.5229836 -0.2305144 -0.8205799 -0.5401996 -0.1867503 -0.820554 -0.5535625 -0.1416714 -0.8206691 -0.5634744 -0.09573841 -0.8205674 -0.5689599 -0.04382479 -0.8211968 -0.7557383 0.07678538 -0.6503567 -0.7295499 -0.01309251 -0.6838023 -0.7129275 0.07864785 -0.6968134 -0.7322042 0.04510658 -0.67959 -0.7340499 0.4370056 -0.5198045 -0.5619868 0.6436266 -0.5195341 -0.5524642 0.7438825 -0.3760614 -0.4952316 0.7815912 -0.3792899 -0.3573824 0.8131898 -0.4593477 -0.3050065 0.9079697 -0.2873361 -0.2641482 0.7849675 -0.5604034 -0.1501854 0.7225748 -0.6747815 0.0233168 0.9996634 -0.01138371 -0.0213024 0.6754815 0.7370692 -0.02176016 0.6124591 0.7902028 -0.02630722 0.4638259 0.8855357 -0.5319206 0.3540236 0.7692385 -0.54245 0.03238093 0.8394638 -0.5451977 -0.001861631 0.8383055 0.06790387 -0.9976837 -0.004058957 -0.00665307 -0.9999778 3.05188e-4 -0.1087397 -0.9940704 6.10383e-5 -0.1271116 -0.9915924 0.02423202 -0.2463219 -0.9624289 0.1142646 -0.3870803 -0.4203161 0.8206725 -0.4772883 -0.5182449 0.7096607 -0.553199 -0.6006876 0.5771875 -0.6124366 -0.6650218 0.4273963 -0.653208 -0.7093027 0.26497 -0.6729838 -0.7307876 0.1142036 -0.7355983 -0.6770019 0.02374374 -0.81334 -0.5813016 0.02380502 -0.8547481 -0.5190382 -0.00225836 -0.8608211 -0.4778066 -0.1751795 -0.852741 -0.4637719 -0.2403092 -0.502133 -0.2726283 -0.8206927 -0.5006431 0.03241175 -0.8650469 -0.8005105 -0.04858607 -0.5973462 -0.647496 0.06918704 -0.7589218 -0.7986797 0.2303261 -0.5559324 -0.7247359 -0.04147535 -0.6877774 -0.9619557 0.264904 0.06683635 -0.813094 -0.02328616 -0.5816665 -0.798642 0.3027869 -0.5200878 -0.7663362 0.3777052 -0.5196803 -0.6548198 0.3898217 -0.6474952 -0.6220386 0.4402979 -0.6474609 -0.5852431 0.4880077 -0.647564 -0.5449888 0.5326589 -0.6475043 -0.453638 0.7239775 -0.5196817 -0.2417138 0.7228525 -0.6473475 -0.187358 0.7370411 -0.6493592 0.02499514 0.9996249 -0.01120048 -0.01718258 0.5433128 0.8393545 -0.03146559 0.3919923 0.9194302 -0.06164848 0.3809694 0.9225301 -0.1282121 0.3771591 0.917231 -0.1906548 0.3756331 0.9069458 -0.2525176 0.3727641 0.8929064 -0.3127605 0.3700756 0.8747714 -0.3711466 0.3667518 0.8530787 -0.4271188 0.3626924 0.8282656 -0.4805187 0.3587182 0.8002644 -0.4836365 0.2711014 0.8322259 -0.4824831 0.1807671 0.8570492 -0.4770117 0.09573805 0.873667 -0.5382058 0.01409983 0.8426955 -0.1675793 -0.9855778 0.02353006 -0.2479655 -0.9684845 0.02346897 -0.3246 -0.9389169 0.1143241 -0.3889026 -0.882363 0.2649347 -0.4313898 -0.7945385 0.4273307 -0.4473206 -0.6832039 0.57718 -0.4330679 -0.5557247 0.7096636 -0.7383001 -0.66899 -0.08582115 -0.7721108 -0.6288221 -0.09180241 -0.7921429 -0.5977084 -0.1235091 -0.8373857 -0.5411663 -0.07696938 -0.7399722 -0.3654997 -0.5646691 -0.756074 -0.4950157 -0.4281489 -0.6832942 -0.4473809 -0.5770264 -0.5903651 -0.3865268 -0.7085663 -0.4781522 -0.3130711 -0.8205834 -0.3699843 -0.2008774 -0.9070612 -0.3853657 -0.1698392 -0.9069995 -0.3979437 -0.1375513 -0.9070394 -0.4079189 -0.1044059 -0.907029 -0.4152451 -0.07052999 -0.9069714 -0.420002 -0.02917611 -0.9070541 -0.3983048 -0.007660269 -0.9172211 -0.5927657 0.06247186 -0.8029484 -0.6488954 0.1995028 -0.7342571 -0.7118946 0.2136965 -0.6689844 -0.6834731 0.3368993 -0.6475828 -0.5012205 0.5740398 -0.6475001 -0.5094026 0.6859279 -0.5196267 -0.3950982 0.757602 -0.5195544 -0.1641625 0.4666684 -0.8690635 -0.3360192 0.7847164 -0.5208756 -0.2979945 0.7014652 -0.6474148 -0.1236332 0.7096323 -0.6936403 -0.02365261 0.3996834 0.916348 -0.4793594 0.02700912 0.8772031 -0.5179046 0.02267545 0.8551378 -0.4509548 -0.003448665 0.8925402 -0.1348639 -0.9908637 0.001037597 -0.1864696 -0.9824602 0.001098632 -0.2870946 -0.9576027 0.02395761 -0.5019891 -0.6441501 0.5771287 -0.5557258 -0.7131137 0.4273616 -0.5926941 -0.7605834 0.2650032 -0.610661 -0.783614 0.1142033 -0.6770483 -0.7355545 0.0237748 -0.6993792 -0.6830819 -0.2103997 -0.7381685 -0.6692562 -0.08487397 -0.743632 -0.635014 -0.2092094 -0.8005207 -0.5776079 -0.1597989 -0.8252353 -0.5647857 0.001983702 -0.8353084 -0.5332911 -0.1336432 -0.8168416 -0.5262395 -0.2363088 -0.3523147 -0.2306953 -0.9070028 -0.4393258 0.08520996 -0.8942775 -0.3733708 0.0180673 -0.9275063 -0.3764857 -0.1507041 -0.9140825 -0.5223355 0.05206567 -0.8511491 -0.728312 -0.04330682 -0.6838759 -0.7455244 -0.06241184 -0.6635497 -0.7134772 0.2676226 -0.6475558 -0.5839564 0.2878276 -0.7590457 -0.5593832 0.3330236 -0.7590692 -0.5313106 0.3761199 -0.7591067 -0.4999991 0.4168948 -0.7590782 -0.4656698 0.4551099 -0.7589642 -0.4543982 0.6118459 -0.6474311 -0.4047141 0.6458457 -0.6473716 -0.2545312 0.5990639 -0.7591683 -0.2064599 0.6173351 -0.7591257 -0.1570845 0.6317562 -0.7590841 -0.1505215 0.7214472 -0.6759123 -0.02356094 0.3195987 0.94726 -0.06363201 0.2843147 0.9566171 -0.1283959 0.2852971 0.9498 -0.1912336 0.2839817 0.9395659 -0.2532525 0.2820937 0.9253575 -0.3138328 0.279895 0.9072859 -0.3728559 0.2770859 0.8855518 -0.4293115 0.2744273 0.8604542 -0.4276971 0.182963 0.8852117 -0.4209228 0.09399956 0.9022129 -0.4540688 0.02487337 0.8906194 -0.1612305 -0.9869149 0.001892149 -0.1894617 -0.9818866 0.001800596 -0.2402442 -0.9707126 2.44151e-4 -0.3292099 -0.9440484 0.01983743 -0.4006562 -0.9090756 0.1142639 -0.4601105 -0.8474017 0.2649694 -0.4952308 -0.7563814 0.4273567 -0.6143517 -0.7886469 0.02465951 -0.646795 -0.7622799 0.02420175 -0.6789313 -0.7085044 -0.1925459 -0.7102112 -0.6493254 -0.2719866 -0.754826 -0.5943572 -0.2774481 -0.7985593 -0.5774495 -0.1698685 -0.7128735 -0.5555152 -0.4280354 -0.6440775 -0.501919 -0.5772709 -0.5565606 -0.4337181 -0.7086107 -0.45083 -0.3513068 -0.8205704 -0.3322012 -0.2588331 -0.9069994 -0.2175393 -0.1414859 -0.9657424 -0.2277057 -0.1236343 -0.9658493 -0.2370702 -0.1044659 -0.9658595 -0.2448526 -0.0846287 -0.9658599 -0.251022 -0.06424331 -0.9658472 -0.2554119 -0.0433672 -0.9658593 -0.2593213 -0.01611411 -0.9656568 -0.3583232 0.0634489 -0.9314391 -0.4493647 0.04220801 -0.8923508 -0.5068655 0.1621493 -0.8466375 -0.5797734 0.1823523 -0.7941098 -0.7330112 -0.04992944 -0.6783818 -0.7327805 -0.04941153 -0.6786689 -0.6105986 0.2263917 -0.7588916 -0.4281219 0.4902894 -0.7591627 -0.3524374 0.6757898 -0.6473762 -0.3010102 0.5771169 -0.7591635 -0.117682 0.6825619 -0.7212908 -0.1281502 0.7228174 -0.6790528 -0.4326662 0.02954226 0.9010701 -0.4538801 0.02542239 0.8907001 -0.2113456 -0.9774088 0.002258419 -0.2420496 -0.9702433 0.006317496 -0.5281952 -0.8067132 0.2649979 -0.5441853 -0.831156 0.1142023 -0.5815061 -0.8131747 0.02444559 -0.6574177 -0.7410407 -0.1366047 -0.6378545 -0.7002665 -0.3205752 -0.2056359 -0.1597967 -0.9654942 -0.3866474 0.09796649 -0.9170095 -0.3420929 0.07938116 -0.9363073 -0.3904985 0.03460919 -0.9199528 -0.5174163 0.04980671 -0.8542832 -0.7268277 -0.04394841 -0.6854124 -0.7287421 -0.0473966 -0.6831461 -0.6702358 -0.08044904 -0.7377752 -0.4907452 0.1796652 -0.8525783 -0.468462 0.230874 -0.852784 -0.4485998 0.2671029 -0.852886 -0.4261054 0.3016187 -0.8529129 -0.4009924 0.3343383 -0.8528909 -0.373437 0.3649831 -0.8528378 -0.3881175 0.5225563 -0.7591441 -0.3456256 0.5515666 -0.7591556 -0.2414088 0.4628579 -0.8529269 -0.2041715 0.4805815 -0.8528513 -0.1786563 0.4995604 -0.8476564 -0.1489324 0.5727795 -0.8060663 -0.07629919 0.6897141 -0.7200507 -0.1090161 0.723132 -0.6820526 -0.02389651 0.242689 0.9698098 -0.06314408 0.1927893 0.9792065 -0.1274174 0.1906836 0.9733471 -0.1899798 0.1893389 0.9633579 -0.2516016 0.1881518 0.9493659 -0.3121787 0.1862269 0.9315922 -0.3710242 0.1844592 0.9101186 -0.3633596 0.0957992 0.9267106 -0.4066033 0.01620548 0.9134612 -0.2640803 -0.9644288 0.01178026 -0.3632702 -0.9314466 0.02102774 -0.4740257 -0.8730655 0.1142642 -0.578885 -0.8154074 0.001770079 -0.6103034 -0.7241725 -0.3210983 -0.657657 -0.7409743 -0.1358101 -0.6121302 -0.6647153 -0.4283111 -0.6647422 -0.6121879 -0.4281867 -0.6007182 -0.5532295 -0.5771264 -0.5190699 -0.4780215 -0.7085633 -0.4203419 -0.3871369 -0.8206325 -0.3098284 -0.2853522 -0.9069622 -0.1977342 -0.1822914 -0.9631568 -0.120247 -0.08453905 -0.989138 -0.09900486 -0.06427377 -0.993009 -0.09769189 -0.05258452 -0.9938266 -0.09818005 -0.0433982 -0.994222 -0.1010787 -0.03460842 -0.9942764 -0.1011713 -0.02594131 -0.9945309 -0.104986 -0.01776212 -0.9943151 -0.105353 -0.006439566 -0.9944141 -0.3879572 0.09479188 -0.91679 -0.3069922 0.02420169 -0.9514043 -0.3981506 0.03457796 -0.9166681 -0.7256296 -0.04663366 -0.6865036 -0.5801398 -0.08292067 -0.8102852 -0.3433691 0.3932371 -0.852914 -0.2771798 0.4423523 -0.8529337 -0.1432587 0.6618774 -0.7357957 -0.08090692 0.7162906 -0.6930959 -0.08014231 0.6474254 -0.7579035 -0.02441519 0.2413142 0.9701399 -0.3882013 0.02978646 0.9210931 -0.4028854 -0.9149385 0.02389657 -0.4767959 -0.8786681 0.02465921 -0.5477883 -0.8362553 0.02459841 -0.5571066 -0.830441 3.66236e-4 -0.5603283 -0.7583049 -0.3331756 -0.6156905 -0.7731381 -0.1522593 -0.5554844 -0.7128427 -0.4281268 -0.07727378 -0.06552404 -0.9948545 -0.1026647 -0.07928746 -0.9915511 -0.2050867 0.09204483 -0.9744061 -0.3848118 0.1006816 -0.9174874 -0.2322776 0.01660215 -0.972508 -0.3760823 0.03210568 -0.9260299 -0.4284614 0.1391378 -0.8927831 -0.7212191 -0.03299075 -0.6919211 -0.4947135 -0.05679589 -0.8671982 -0.3584148 0.1292478 -0.9245722 -0.3409579 0.1680374 -0.9249385 -0.3265878 0.1944389 -0.9249507 -0.3102303 0.2195875 -0.9249533 -0.2918574 0.243362 -0.9249833 -0.2718064 0.265672 -0.9249538 -0.3112663 0.4191519 -0.8528922 -0.2035907 0.3221562 -0.9245358 -0.1870195 0.3530421 -0.9167252 -0.1804587 0.4106023 -0.8937788 -0.09280747 0.3173339 -0.9437617 -0.07828164 0.3513366 -0.9329709 -0.1286398 0.6614804 -0.7388474 -0.09430575 0.7540798 -0.6499772 -0.0755347 0.7103619 -0.6997718 -0.0648843 0.6762498 -0.7338095 -0.02362132 0.1643729 0.9861155 -0.0659824 0.0905503 0.9937037 -0.1235408 0.09473085 0.9878076 -0.1859217 0.094792 0.9779814 -0.2472628 0.09479117 0.9643007 -0.3081175 0.09308224 0.9467837 -0.3671757 0.02084451 0.9299181 -0.2902978 -0.9568353 0.01391667 -0.3752926 -0.8805659 -0.289412 -0.5833191 -0.739701 -0.3355314 -0.5019813 -0.6441096 -0.5771808 -0.5531986 -0.6007177 -0.5771565 -0.4780873 -0.5191665 -0.7084481 -0.3871417 -0.4203775 -0.8206121 -0.2852936 -0.3097701 -0.9070007 -0.1901319 -0.2048419 -0.9601508 -0.07562553 -0.06610363 -0.9949428 -0.1401723 -0.112553 -0.9837091 -0.04690796 -0.03509706 -0.9982824 -0.02478122 -0.01684635 -0.9995509 -0.03845345 -0.02294999 -0.9989969 -0.04544329 -0.02240121 -0.9987158 -0.02862673 -0.01129198 -0.9995264 -0.03030538 -0.009125173 -0.9994991 -0.02639853 -0.005615413 -0.9996358 -0.02652078 -0.003357052 -0.9996427 -0.02737563 -0.001220762 -0.9996245 -0.3663787 0.09732455 -0.9253619 -0.2292572 0.01718205 -0.9732143 -0.3466066 0.1150574 -0.9309273 -0.7261667 -0.02011191 -0.6872246 -0.7117701 -0.004059016 -0.7024008 -0.2500113 0.2863288 -0.924938 -0.2266322 0.3051874 -0.9249317 -0.1808888 0.4659712 -0.866112 -0.08636933 0.2451608 -0.9656276 -0.08231127 0.2968944 -0.9513562 -0.1045287 0.6594011 -0.744489 -0.07376468 0.7267822 -0.6828957 -0.07275718 0.7062087 -0.7042555 -0.3058297 0.02240085 0.9518227 -0.3461122 0.02465903 0.9378691 -0.3460593 -0.005493462 0.9381965 -0.3760852 -0.8808078 -0.2876412 -0.4015161 -0.8521993 -0.3354716 -0.4894096 -0.8211559 -0.2935664 -0.5396407 -0.8122078 -0.2215999 -0.4865957 -0.7424979 -0.4603493 -0.4474102 -0.6833536 -0.5769334 -0.0954343 -0.09549534 -0.9908446 -0.06888175 -0.0654636 -0.9954747 -0.09519004 -0.08102905 -0.9921558 -0.03405922 -0.02639895 -0.9990711 -0.04675513 -0.02774178 -0.9985212 -0.01937931 -0.01013219 -0.9997609 -0.01684641 -0.007568657 -0.9998295 -0.02111917 -0.008087515 -0.9997443 -0.01706022 -0.005462884 -0.9998396 -0.01504564 -0.003906369 -0.9998793 -0.01791465 -0.003082394 -0.9998348 -0.01498472 -0.00125122 -0.999887 -0.04416096 0.03073263 -0.9985517 -0.3383994 0.06332778 -0.9388692 -0.1651386 0.01239073 -0.9861925 -0.2656969 0.08734488 -0.9600918 -0.7159472 0.02353018 -0.6977578 -0.4249809 -0.001190245 -0.9052016 -0.2176603 0.07791453 -0.9729098 -0.2054852 0.1012624 -0.9734073 -0.1968478 0.1171931 -0.9734048 -0.18699 0.1323609 -0.973404 -0.1759427 0.1467054 -0.9734073 -0.1645914 0.1600135 -0.9732962 -0.1527454 0.2025517 -0.9672858 -0.177894 0.3013426 -0.9367745 -0.09872817 0.2077717 -0.9731823 -0.1200627 0.3186516 -0.9402373 -0.04629737 0.7058449 -0.706852 -0.01861679 0.08276838 0.996395 -0.07098817 0.01806747 0.9973136 -0.1486881 0.02615469 0.9885382 -0.2020075 0.02517843 0.9790602 -0.2541605 0.02392673 0.9668661 -0.2801356 0.02209585 0.9597062 -0.3292113 0.02807772 0.9438388 -0.3644279 -0.9312276 0.002746701 -0.3385874 -0.7703518 -0.5402932 -0.4343777 -0.8495286 -0.2993615 -0.4766804 -0.8480083 -0.2316412 -0.5245713 -0.8271428 -0.2016431 -0.4479312 -0.6199072 -0.6442615 -0.3865296 -0.5904304 -0.7085103 -0.4337428 -0.5565533 -0.7086013 -0.3512454 -0.4507685 -0.8206306 -0.2588053 -0.3321132 -0.9070395 -0.1991961 -0.2520241 -0.9469978 -0.07236164 -0.07681751 -0.9944159 -0.04397737 0.002838194 -0.9990285 -0.04596126 0.001953184 -0.9989414 -0.7136954 0.02188235 -0.7001143 -0.6954645 0.0572229 -0.7162784 -0.1549743 0.1773446 -0.9718703 -0.1579684 0.2509915 -0.9550127 -0.08444631 0.1516493 -0.9848204 -0.08066087 0.1498162 -0.9854182 -0.09491425 0.2022802 -0.9747174 -0.0928682 0.2234575 -0.9702795 -0.093207 0.2743716 -0.957096 -0.0260024 0.7030118 -0.7107027 -0.01907408 0.04129165 0.9989651 -0.03726327 0.03317379 0.9987548 -0.08456748 0.0443437 0.9954305 -0.1192995 0.01605308 0.9927285 -0.1738357 0.01489317 0.9846621 -0.2280352 0.01974552 0.9734527 -0.2272424 0.01971507 0.9736387 -0.238142 -0.005371391 0.9712156 -0.340567 -0.940214 0.003448665 -0.2165633 -0.568143 -0.7939231 -0.4215059 -0.7639662 -0.4885575 -0.1881226 -0.277667 -0.942078 -0.389703 -0.7177263 -0.5770621 -0.3366919 -0.6200966 -0.7086035 -0.1042212 -0.1225629 -0.9869733 1.2436e-4 0 -1 -0.2291703 0.05816996 -0.9716467 -0.1922697 -0.002716183 -0.9813385 -0.0377826 6.409e-4 -0.9992858 -0.1760663 0.0585972 -0.9826327 -0.7015792 0.09576976 -0.7061266 -0.4346804 0.07300114 -0.8976212 -0.08664309 0.03155648 -0.9957395 -0.08093559 0.03997951 -0.9959172 -0.07858741 0.04660308 -0.9958174 -0.07764083 0.05533128 -0.9954448 -0.07480174 0.06228899 -0.9952511 -0.05862742 0.06186246 -0.9963614 -0.0780375 0.09680676 -0.9922392 -0.07968413 0.1159402 -0.9900547 -0.07535243 0.1240614 -0.9894093 -0.1256793 0.2321007 -0.9645383 0.00137335 0.6984937 -0.715615 -0.01950144 0.04171907 0.9989391 -0.03790438 -0.002075254 0.9992793 -0.1197279 0.01608371 0.9926765 -0.1275407 -0.004974663 0.9918209 -0.3276247 -0.8940021 -0.3056508 -0.2894108 -0.7253124 -0.6246305 -0.1850076 -0.273544 -0.9438993 -0.2726256 -0.5020975 -0.8207152 -0.3130325 -0.4781093 -0.820623 -0.2357006 -0.352376 -0.9056912 -0.2002651 -0.2933478 -0.9347946 -0.09699058 -0.1153022 -0.9885839 -0.01196354 0.006927847 -0.9999045 -0.01132249 0.005707025 -0.9999197 -0.012299 0.004608273 -0.9999138 -0.08658319 0.02929848 -0.9958137 -0.0388503 0.007934868 -0.9992136 -0.09085416 0.02945053 -0.9954287 -0.6736474 0.1190243 -0.7294057 -0.09399819 0.08896255 -0.9915897 -0.07339769 0.07611387 -0.9943941 -0.0528289 0.06064182 -0.9967607 -0.06082475 0.07822072 -0.9950789 -0.09555643 0.139535 -0.9855958 0.07529145 1.52597e-4 -0.9971616 -3.03951e-5 0 -1 1.31683e-4 0 -1 -6.71426e-4 0.6987412 -0.7153742 -0.008392751 6.71424e-4 0.9999646 -0.2785201 -0.8402602 -0.4651768 -0.2615477 -0.7378575 -0.6222211 -0.329329 -0.7472239 -0.5772338 -0.2845942 -0.6456703 -0.7086015 -0.233135 -0.5232797 -0.8196502 -0.1628168 -0.2278215 -0.9599938 -0.09555476 -0.121679 -0.9879593 -0.1041904 -0.1560414 -0.9822401 -0.01547306 0.01281791 -0.9997982 -0.2476014 0.08206582 -0.9653801 -0.0187999 0.004394769 -0.9998137 -0.6906746 0.1714555 -0.7025465 -0.01950162 0.008819937 -0.999771 -0.02719229 0.01464903 -0.9995229 -0.02255326 0.01464891 -0.9996383 -0.06689685 0.0514239 -0.9964339 -0.07074373 0.07233077 -0.9948687 -0.1044074 -0.2322233 -0.9670427 -0.001707732 0.6980064 -0.7160895 -0.2052442 -0.4541925 -0.8669395 -0.2262072 -0.4078262 -0.8845949 -0.09851598 -0.1474382 -0.9841528 -0.03869801 0.03576821 -0.9986107 -0.01434403 0.01059013 -0.9998411 -0.6770445 0.1829338 -0.7128438 -0.0151984 0.006622612 -0.9998627 -0.0205695 0.01342815 -0.9996983 -0.08462876 -0.3215773 -0.9430939 0.1180487 0.001342833 -0.9930069 -5.25261e-4 0.6986224 -0.7154905 -0.1898283 -0.7337386 -0.6523749 -0.2305743 -0.6669716 -0.7085086 -0.2040797 -0.5737244 -0.7932161 -0.1092283 -0.2788848 -0.9540925 -0.1174054 -0.1954112 -0.9736685 -6.71427e-4 5.79869e-4 -0.9999997 -0.1111486 -0.188147 -0.9758313 0.1386179 2.74672e-4 -0.990346 -9.1857e-4 0.6960698 -0.7179737 -0.2089333 -0.6734637 -0.7090794 -0.1774383 -0.68427 -0.707312 -0.1413025 -0.3647316 -0.9203284 -0.1304692 -0.2670117 -0.9548208 -0.6765904 0.20262 -0.7079341 -0.106635 -0.2767202 -0.9550157 0.1374893 2.44154e-4 -0.9905033 0.001856446 0.6962157 -0.7178303 -0.192547 -0.733565 -0.651773 -0.1442314 -0.7056846 -0.6936907 -0.1631556 -0.6170982 -0.7697858 -0.1084045 -0.2014883 -0.9734737 -0.6807962 0.1884877 -0.7078058 -0.103644 -0.3486236 -0.9315146 -5.92417e-5 0 -1 0.1381306 2.74674e-4 -0.9904141 0.01919168 0.7165227 -0.6972997 -0.1904736 -0.7397679 -0.6453398 -0.2402166 -0.6997442 -0.6727958 -0.142952 -0.6802122 -0.7189411 -0.0999487 -0.2930099 -0.9508709 0.2150357 0.002471983 -0.9766032 0.001330614 0.6964359 -0.7176179 -0.1387091 -0.6443796 -0.7520204 -0.1531755 -0.6886338 -0.7087459 -0.1390441 -0.678313 -0.7214972 -0.1565347 -0.7530696 -0.6390486 0.2154625 0.002471983 -0.976509 -0.1366953 -0.6638833 -0.7352371 -0.1148139 -0.6946514 -0.7101248 -0.1151787 -0.6968706 -0.707888 0.216012 0.002471983 -0.9763876 -0.09000122 -0.6769471 -0.7305084 -0.09466999 -0.762457 -0.6400757 0.2161348 0.002471983 -0.9763605 -0.0686379 -0.7043244 -0.7065523 -0.08871883 -0.6162099 -0.7825692 -0.06845468 -0.73643 -0.6730415 -0.0621674 -0.6695285 -0.7401803 -0.05545353 -0.7753733 -0.6290638 -0.03643977 -0.7109121 -0.7023362 -0.05969524 -0.6639422 -0.7453975 -0.0305193 -0.7107034 -0.7028294 -0.0312516 -0.7111274 -0.7023684 -0.03040713 -0.7112385 -0.7022929 -0.03231352 -0.7111397 -0.7023078 -0.2448142 -0.9525551 0.1808448 -0.2392722 -0.9538844 0.1812548 -0.2900257 -0.940638 0.1763105 -0.1802744 -0.9659501 0.1855847 -0.2158609 -0.9590595 0.1833276 -0.3943984 -0.9033655 0.1684654 -0.2103966 -0.959969 0.1849134 0.9257094 0.3738911 -0.05716252 0.9143766 0.4000112 -0.06250268 0.7888555 -0.3099511 -0.5306952 0.7813234 -0.3076035 -0.5430597 0.4392619 -0.1926673 -0.8774557 0.7937633 -0.3114748 -0.5224207 0.06186127 0.0740382 -0.995335 0.06134325 0.07550412 -0.9952569 0.07406985 0.04004102 -0.9964489 0.04907494 0.1093505 -0.9927911 0.2394217 -0.9538416 0.181283 -0.9254897 0.3741939 -0.05871862 -0.9142043 0.4001685 -0.06399887 0.2172049 -0.9585157 0.1845799 0.3880201 -0.9060212 0.1690149 0.2177251 -0.9587658 0.1826583 0.2900516 -0.9405618 0.1766738 0.1811919 -0.9658074 0.185434 0.2448845 -0.9525289 0.1808874 -0.7813675 -0.3075664 -0.5430173 -0.7938074 -0.3114497 -0.5223686 -0.7889 -0.3099261 -0.5306436 -0.4392619 -0.1926673 -0.8774557 -0.06134253 0.07403832 -0.9953671 -0.06079411 0.07550436 -0.9952905 -0.04852539 0.10935 -0.9928182 -0.07352119 0.0400719 -0.9964883 -0.9547289 -0.002197325 -0.2974696 -0.965924 -0.003631711 -0.2588005 -0.8700653 0.009186208 -0.4928508 -0.9173419 -0.002777218 -0.3980906 -0.879622 -0.001556456 -0.4756709 -0.8779267 -0.001892209 -0.4787914 -0.8513963 -0.004425287 -0.5245043 -0.8599472 -0.002472043 -0.5103771 -0.7954892 0.002319455 -0.6059635 -0.7945654 8.54535e-4 -0.607178 -0.7253131 0.002227842 -0.6884157 -0.7703065 0.002349972 -0.6376697 -0.735818 0.005096673 -0.6771602 -0.7158519 0.01992881 -0.6979678 -0.695897 0.009064137 -0.7180844 -0.6784693 -0.002594113 -0.7346243 -0.6695983 7.62988e-4 -0.7427231 -0.6373925 0.03045809 -0.7699372 -0.6712679 0.02008157 -0.740943 -0.6543228 0.03442513 -0.7554315 -0.6447466 0.07074326 -0.7611159 -0.6314982 0.1286984 -0.7646219 -0.6297022 0.1349558 -0.7650243 -0.5400323 0.5013954 -0.6759941 -0.5522394 0.466817 -0.6907341 -0.5530707 0.4644122 -0.6916894 -0.7715904 -0.002472043 -0.636115 -0.9620391 -0.001709043 -0.2729063 -0.9941262 -0.003845393 -0.1081593 -0.9735728 0.003692805 -0.2283471 -0.9986825 -0.002777218 0.05124187 -0.9921199 -0.003234982 0.1252509 -0.9787065 -0.003296017 0.2052387 -0.9909472 1.22075e-4 0.1342524 -0.9604431 -0.003174006 0.2784583 -0.9537758 6.10377e-5 0.3005194 -0.9467586 0 0.3219443 -0.9922888 -0.003204464 0.1239064 -0.9973116 -0.002166867 0.07324641 -0.9677022 -0.002014219 -0.2520884 0.9173419 -0.002777218 -0.3980906 0.965924 -0.003631711 -0.2588005 0.8700448 0.009186267 -0.492887 0.8779792 -0.001892149 -0.4786952 0.8513963 -0.004425287 -0.5245043 0.7945654 8.54535e-4 -0.607178 0.7715904 -0.002472043 -0.636115 0.7252833 0.002227842 -0.6884469 0.695928 0.009064137 -0.7180544 0.6784693 -0.002594113 -0.7346243 0.6696792 7.62976e-4 -0.7426502 0.6373925 0.03045809 -0.7699372 0.5522586 0.4668942 -0.6906666 0.5531035 0.4645056 -0.6916006 0.5400456 0.5011941 -0.6761327 0.6297354 0.1349563 -0.764997 0.6314677 0.1286679 -0.7646524 0.6448327 0.07068163 -0.7610486 0.6543385 0.03439545 -0.7554192 0.6712363 0.020051 -0.7409723 0.7158365 0.01995974 -0.6979826 0.7357012 0.005096733 -0.6772871 0.7702789 0.00238049 -0.6377027 0.7954486 0.002319395 -0.6060168 0.8600032 -0.002472043 -0.5102826 0.8795698 -0.001556456 -0.4757673 0.9547376 -0.002197384 -0.2974418 0.9620047 -0.001739561 -0.2730273 0.9676947 -0.002014219 -0.252117 0.9941262 -0.003845393 -0.1081593 0.9735728 0.003692805 -0.2283471 0.9986825 -0.002777218 0.05124187 0.9973093 -0.002166867 0.07327681 0.9921236 -0.003235042 0.1252209 0.9923118 -0.003204405 0.1237223 0.9787065 -0.003296017 0.2052387 0.9909512 1.22076e-4 0.1342225 0.9604431 -0.003174006 0.2784583 0.9538714 6.1038e-5 0.3002154 0.9468829 0 0.3215788 0 -1 2.42656e-6 0 -1 -8.35411e-7 0 -1 -2.42656e-6 0 -1 -8.19363e-7 0 -1 -1.05298e-6 0 -1 0 0 1 2.42656e-6 0 1 -1.63905e-6 0 1 -3.27809e-6 0 1 4.85313e-6 0 1 0 0 1 0 0 1 -4.85313e-6 0 1 5.14349e-7 0 1 -8.35233e-7 0 1 0 0.9951869 0 0.09799575 0.9807879 0 0.1950772 0.9238803 0 0.3826816 0.8314677 0 0.5555732 0.7071068 0 0.7071068 0.5555732 0 0.8314677 0.3826447 0 0.9238957 0.1950772 0 0.9807879 -0.1950772 0 0.9807879 -0.3826447 0 0.9238957 -0.5555732 0 0.8314677 -0.7071068 0 0.7071068 -0.8314677 0 0.5555732 -0.9238803 0 0.3826816 -0.9807879 0 0.1950772 -0.9807879 0 -0.1950772 -0.9238803 0 -0.3826816 -0.8314677 0 -0.5555732 -0.7071068 0 -0.7071068 -0.5555732 0 -0.8314677 -0.3826447 0 -0.9238957 -0.1951066 0 -0.9807821 0.1951066 0 -0.9807821 0.3826447 0 -0.9238957 0.5555732 0 -0.8314677 0.7071068 0 -0.7071068 0.8314677 0 -0.5555732 0.9238803 0 -0.3826816 0.9807879 0 -0.1950772 0.9951869 0 -0.09799575 0 1 -8.35397e-7 0 1 8.35151e-7 0 1 -2.42656e-6 0 1 -8.19344e-7 0 1 2.5811e-7 0 1 0 0 1 0 0.01947122 -0.4915124 0.8706529 0.01220756 -0.6331158 0.7739608 0.2009071 -0.07010233 0.9770989 0 -1 8.35387e-7 0 -1 1.21348e-6 0 -1 -1.63798e-6 0 -1 -2.42656e-6 0 -1 -8.35379e-7 0 -1 -1.21345e-6 0 -1 1.63798e-6 0 -1 2.42656e-6 0 -1 -4.38533e-7 0 -1 4.38531e-7 0.08841395 -0.7786349 0.6212171</float_array>
          <technique_common>
            <accessor source="#Mesh-1_006-mesh-normals-array" count="7731" stride="3">
              <param name="X" type="float"/>
              <param name="Y" type="float"/>
              <param name="Z" type="float"/>
            </accessor>
          </technique_common>
        </source>
        <vertices id="Mesh-1_006-mesh-vertices">
          <input semantic="POSITION" source="#Mesh-1_006-mesh-positions"/>
        </vertices>
        <triangles material="Material_010-material" count="14996">
          <input semantic="VERTEX" source="#Mesh-1_006-mesh-vertices" offset="0"/>
          <input semantic="NORMAL" source="#Mesh-1_006-mesh-normals" offset="1"/>
          <p>29 0 0 0 19 0 28 0 29 0 19 0 18 0 19 0 5 0 21 0 18 0 5 0 20 1 5 1 11 1 10 2 11 2 12 2 12 3 11 3 4 3 3 0 4 0 5 0 27 4 30 4 3 4 26 0 27 0 15 0 14 0 15 0 16 0 17 0 14 0 16 0 16 0 15 0 23 0 22 0 23 0 8 0 8 0 25 0 22 0 24 5 25 5 8 5 7 0 8 0 9 0 13 0 7 0 9 0 2 0 31 0 9 0 6 0 2 0 1 0 0 6 1 6 2 6 19 0 0 0 5 0 11 0 5 0 4 0 5 7 0 7 3 7 15 8 27 8 3 8 23 0 15 0 8 0 2 0 9 0 8 0 0 9 2 9 8 9 3 10 0 10 8 10 15 0 3 0 8 0 35 11 32 11 34 11 60 12 34 12 57 12 56 11 57 11 34 11 48 11 63 11 56 11 47 11 48 11 42 11 50 13 47 13 42 13 41 11 42 11 43 11 59 11 43 11 42 11 58 11 59 11 52 11 51 11 52 11 53 11 55 11 51 11 53 11 62 11 53 11 37 11 61 11 62 11 37 11 36 11 37 11 33 11 45 11 54 11 36 11 44 12 45 12 40 12 46 11 40 11 39 11 38 11 39 11 40 11 49 11 38 11 33 11 32 11 33 11 34 11 34 11 33 11 56 11 48 11 56 11 33 11 48 14 33 14 42 14 59 11 42 11 37 11 52 11 59 11 37 11 53 11 52 11 37 11 33 15 45 15 36 15 37 16 42 16 33 16 40 11 45 11 33 11 38 11 40 11 33 11 343 17 64 18 65 19 334 20 343 17 344 21 325 22 334 20 335 23 316 24 325 22 326 25 307 26 316 24 317 27 298 28 307 26 308 29 289 30 298 28 299 31 280 32 289 30 290 33 271 34 280 32 281 35 262 36 271 34 272 37 253 38 262 36 263 39 244 40 253 38 254 41 235 42 244 40 245 43 226 44 235 42 236 45 217 46 226 44 227 47 208 48 217 46 218 49 199 50 208 48 209 51 190 52 199 50 200 53 181 54 190 52 191 55 172 56 181 54 182 57 163 58 172 56 173 59 154 60 163 58 164 61 145 62 154 60 155 63 136 64 145 62 146 65 127 66 136 64 137 67 118 68 127 66 128 69 109 70 118 68 119 71 100 72 109 70 110 73 91 74 100 72 101 75 82 76 91 74 92 77 73 78 82 76 83 79 64 18 73 78 74 80 343 17 65 19 344 21 64 18 74 80 65 19 334 20 344 21 335 23 325 22 335 23 326 25 316 24 326 25 317 27 307 26 317 27 308 29 298 28 308 29 299 31 289 30 299 31 290 33 280 32 290 33 281 35 271 34 281 35 272 37 262 36 272 37 263 39 253 38 263 39 254 41 244 40 254 41 245 43 235 42 245 43 236 45 226 44 236 45 227 47 217 46 227 47 218 49 208 48 218 49 209 51 199 50 209 51 200 53 190 52 200 53 191 55 181 54 191 55 182 57 172 56 182 57 173 59 163 58 173 59 164 61 154 60 164 61 155 63 145 62 155 63 146 65 136 64 146 65 137 67 127 66 137 67 128 69 118 68 128 69 119 71 109 70 119 71 110 73 100 72 110 73 101 75 91 74 101 75 92 77 82 76 92 77 83 79 73 78 83 79 74 80 344 21 65 19 66 81 65 19 74 80 75 82 335 23 344 21 345 83 326 25 335 23 336 84 317 27 326 25 327 85 308 29 317 27 318 86 299 31 308 29 309 87 290 33 299 31 300 88 281 35 290 33 291 89 272 37 281 35 282 90 263 39 272 37 273 91 254 41 263 39 264 92 245 43 254 41 255 93 236 45 245 43 246 94 227 47 236 45 237 95 218 49 227 47 228 96 209 51 218 49 219 97 200 53 209 51 210 98 191 55 200 53 201 99 182 57 191 55 192 100 173 59 182 57 183 101 164 61 173 59 174 102 155 63 164 61 165 103 146 65 155 63 156 104 137 67 146 65 147 105 128 69 137 67 138 106 119 71 128 69 129 107 110 73 119 71 120 108 101 75 110 73 111 109 92 77 101 75 102 110 83 79 92 77 93 111 74 80 83 79 84 112 344 21 66 81 345 83 65 19 75 82 66 81 74 80 84 112 75 82 335 23 345 83 336 84 326 25 336 84 327 85 317 27 327 85 318 86 308 29 318 86 309 87 299 31 309 87 300 88 290 33 300 88 291 89 281 35 291 89 282 90 272 37 282 90 273 91 263 39 273 91 264 92 254 41 264 92 255 93 245 43 255 93 246 94 236 45 246 94 237 95 227 47 237 95 228 96 218 49 228 96 219 97 209 51 219 97 210 98 200 53 210 98 201 99 191 55 201 99 192 100 182 57 192 100 183 101 173 59 183 101 174 102 164 61 174 102 165 103 155 63 165 103 156 104 146 65 156 104 147 105 137 67 147 105 138 106 128 69 138 106 129 107 119 71 129 107 120 108 110 73 120 108 111 109 101 75 111 109 102 110 92 77 102 110 93 111 83 79 93 111 84 112 345 83 66 81 67 113 66 81 75 82 76 114 75 82 84 112 85 115 336 84 345 83 346 116 327 85 336 84 337 117 318 86 327 85 328 118 309 87 318 86 319 119 300 88 309 87 310 120 291 89 300 88 301 121 282 90 291 89 292 122 273 91 282 90 283 123 264 92 273 91 274 124 255 93 264 92 265 125 246 94 255 93 256 126 237 95 246 94 247 127 228 96 237 95 238 128 219 97 228 96 229 129 210 98 219 97 220 130 201 99 210 98 211 131 192 100 201 99 202 132 183 101 192 100 193 133 174 102 183 101 184 134 165 103 174 102 175 135 156 104 165 103 166 136 147 105 156 104 157 137 138 106 147 105 148 138 129 107 138 106 139 139 120 108 129 107 130 140 111 109 120 108 121 141 102 110 111 109 112 142 93 111 102 110 103 143 84 112 93 111 94 144 345 83 67 113 346 116 66 81 76 114 67 113 75 82 85 115 76 114 84 112 94 144 85 115 336 84 346 116 337 117 327 85 337 117 328 118 318 86 328 118 319 119 309 87 319 119 310 120 300 88 310 120 301 121 291 89 301 121 292 122 282 90 292 122 283 123 273 91 283 123 274 124 264 92 274 124 265 125 255 93 265 125 256 126 246 94 256 126 247 127 237 95 247 127 238 128 228 96 238 128 229 129 219 97 229 129 220 130 210 98 220 130 211 131 201 99 211 131 202 132 192 100 202 132 193 133 183 101 193 133 184 134 174 102 184 134 175 135 165 103 175 135 166 136 156 104 166 136 157 137 147 105 157 137 148 138 138 106 148 138 139 139 129 107 139 139 130 140 120 108 130 140 121 141 111 109 121 141 112 142 102 110 112 142 103 143 93 111 103 143 94 144 346 116 67 113 68 145 67 113 76 114 77 146 76 114 85 115 86 147 85 115 94 144 95 148 337 117 346 116 347 149 328 118 337 117 338 150 319 119 328 118 329 151 310 120 319 119 320 152 301 121 310 120 311 153 292 122 301 121 302 154 283 123 292 122 293 155 274 124 283 123 284 156 265 125 274 124 275 157 256 126 265 125 266 158 247 127 256 126 257 159 238 128 247 127 248 160 229 129 238 128 239 161 220 130 229 129 230 162 211 131 220 130 221 163 202 132 211 131 212 164 193 133 202 132 203 165 184 134 193 133 194 166 175 135 184 134 185 167 166 136 175 135 176 168 157 137 166 136 167 169 148 138 157 137 158 170 139 139 148 138 149 171 130 140 139 139 140 172 121 141 130 140 131 173 112 142 121 141 122 174 103 143 112 142 113 175 94 144 103 143 104 176 346 116 68 145 347 149 67 113 77 146 68 145 76 114 86 147 77 146 85 115 95 148 86 147 94 144 104 176 95 148 337 117 347 149 338 150 328 118 338 150 329 151 319 119 329 151 320 152 310 120 320 152 311 153 301 121 311 153 302 154 292 122 302 154 293 155 283 123 293 155 284 156 274 124 284 156 275 157 265 125 275 157 266 158 256 126 266 158 257 159 247 127 257 159 248 160 238 128 248 160 239 161 229 129 239 161 230 162 220 130 230 162 221 163 211 131 221 163 212 164 202 132 212 164 203 165 193 133 203 165 194 166 184 134 194 166 185 167 175 135 185 167 176 168 166 136 176 168 167 169 157 137 167 169 158 170 148 138 158 170 149 171 139 139 149 171 140 172 130 140 140 172 131 173 121 141 131 173 122 174 112 142 122 174 113 175 103 143 113 175 104 176 347 149 68 145 69 177 68 145 77 146 78 178 77 146 86 147 87 179 86 147 95 148 96 180 95 148 104 176 105 181 338 150 347 149 348 182 329 151 338 150 339 183 320 152 329 151 330 184 311 153 320 152 321 185 302 154 311 153 312 186 293 155 302 154 303 187 284 156 293 155 294 188 275 157 284 156 285 189 266 158 275 157 276 190 257 159 266 158 267 191 248 160 257 159 258 192 239 161 248 160 249 193 230 162 239 161 240 194 221 163 230 162 231 195 212 164 221 163 222 196 203 165 212 164 213 197 194 166 203 165 204 198 185 167 194 166 195 199 176 168 185 167 186 200 167 169 176 168 177 201 158 170 167 169 168 202 149 171 158 170 159 203 140 172 149 171 150 204 131 173 140 172 141 205 122 174 131 173 132 206 113 175 122 174 123 207 104 176 113 175 114 208 347 149 69 177 348 182 68 145 78 178 69 177 77 146 87 179 78 178 86 147 96 180 87 179 95 148 105 181 96 180 104 176 114 208 105 181 338 150 348 182 339 183 329 151 339 183 330 184 320 152 330 184 321 185 311 153 321 185 312 186 302 154 312 186 303 187 293 155 303 187 294 188 284 156 294 188 285 189 275 157 285 189 276 190 266 158 276 190 267 191 257 159 267 191 258 192 248 160 258 192 249 193 239 161 249 193 240 194 230 162 240 194 231 195 221 163 231 195 222 196 212 164 222 196 213 197 203 165 213 197 204 198 194 166 204 198 195 199 185 167 195 199 186 200 176 168 186 200 177 201 167 169 177 201 168 202 158 170 168 202 159 203 149 171 159 203 150 204 140 172 150 204 141 205 131 173 141 205 132 206 122 174 132 206 123 207 113 175 123 207 114 208 348 182 69 177 70 209 69 177 78 178 79 210 78 178 87 179 88 211 87 179 96 180 97 212 96 180 105 181 106 213 105 181 114 208 115 214 339 183 348 182 349 215 330 184 339 183 340 216 321 185 330 184 331 217 312 186 321 185 322 218 303 187 312 186 313 219 294 188 303 187 304 220 285 189 294 188 295 221 276 190 285 189 286 222 267 191 276 190 277 223 258 192 267 191 268 224 249 193 258 192 259 225 240 194 249 193 250 226 231 195 240 194 241 227 222 196 231 195 232 228 213 197 222 196 223 229 204 198 213 197 214 230 195 199 204 198 205 231 186 200 195 199 196 232 177 201 186 200 187 233 168 202 177 201 178 234 159 203 168 202 169 235 150 204 159 203 160 236 141 205 150 204 151 237 132 206 141 205 142 238 123 207 132 206 133 239 114 208 123 207 124 240 348 182 70 209 349 215 69 177 79 210 70 209 78 178 88 211 79 210 87 179 97 212 88 211 96 180 106 213 97 212 105 181 115 214 106 213 114 208 124 240 115 214 339 183 349 215 340 216 330 184 340 216 331 217 321 185 331 217 322 218 312 186 322 218 313 219 303 187 313 219 304 220 294 188 304 220 295 221 285 189 295 221 286 222 276 190 286 222 277 223 267 191 277 223 268 224 258 192 268 224 259 225 249 193 259 225 250 226 240 194 250 226 241 227 231 195 241 227 232 228 222 196 232 228 223 229 213 197 223 229 214 230 204 198 214 230 205 231 195 199 205 231 196 232 186 200 196 232 187 233 177 201 187 233 178 234 168 202 178 234 169 235 159 203 169 235 160 236 150 204 160 236 151 237 141 205 151 237 142 238 132 206 142 238 133 239 123 207 133 239 124 240 349 215 70 209 71 241 70 209 79 210 80 242 79 210 88 211 89 243 88 211 97 212 98 244 97 212 106 213 107 245 106 213 115 214 116 246 115 214 124 240 125 247 340 216 349 215 350 248 331 217 340 216 341 249 322 218 331 217 332 250 313 219 322 218 323 251 304 220 313 219 314 252 295 221 304 220 305 253 286 222 295 221 296 254 277 223 286 222 287 255 268 224 277 223 278 256 259 225 268 224 269 257 250 226 259 225 260 258 241 227 250 226 251 259 232 228 241 227 242 260 223 229 232 228 233 261 214 230 223 229 224 262 205 231 214 230 215 263 196 232 205 231 206 264 187 233 196 232 197 265 178 234 187 233 188 266 169 235 178 234 179 267 160 236 169 235 170 268 151 237 160 236 161 269 142 238 151 237 152 270 133 239 142 238 143 271 124 240 133 239 134 272 349 215 71 241 350 248 70 209 80 242 71 241 79 210 89 243 80 242 88 211 98 244 89 243 97 212 107 245 98 244 106 213 116 246 107 245 115 214 125 247 116 246 124 240 134 272 125 247 340 216 350 248 341 249 331 217 341 249 332 250 322 218 332 250 323 251 313 219 323 251 314 252 304 220 314 252 305 253 295 221 305 253 296 254 286 222 296 254 287 255 277 223 287 255 278 256 268 224 278 256 269 257 259 225 269 257 260 258 250 226 260 258 251 259 241 227 251 259 242 260 232 228 242 260 233 261 223 229 233 261 224 262 214 230 224 262 215 263 205 231 215 263 206 264 196 232 206 264 197 265 187 233 197 265 188 266 178 234 188 266 179 267 169 235 179 267 170 268 160 236 170 268 161 269 151 237 161 269 152 270 142 238 152 270 143 271 133 239 143 271 134 272 350 248 71 241 72 18 71 241 80 242 81 78 80 242 89 243 90 273 89 243 98 244 99 74 98 244 107 245 108 72 107 245 116 246 117 70 116 246 125 247 126 68 125 247 134 272 135 66 341 249 350 248 351 17 332 250 341 249 342 20 323 251 332 250 333 22 314 252 323 251 324 24 305 253 314 252 315 26 296 254 305 253 306 274 287 255 296 254 297 30 278 256 287 255 288 32 269 257 278 256 279 34 260 258 269 257 270 36 251 259 260 258 261 38 242 260 251 259 252 40 233 261 242 260 243 42 224 262 233 261 234 275 215 263 224 262 225 46 206 264 215 263 216 48 197 265 206 264 207 50 188 266 197 265 198 52 179 267 188 266 189 54 170 268 179 267 180 56 161 269 170 268 171 58 152 270 161 269 162 276 143 271 152 270 153 62 134 272 143 271 144 64 350 248 72 18 351 17 71 241 81 78 72 18 80 242 90 273 81 78 89 243 99 74 90 273 98 244 108 72 99 74 107 245 117 70 108 72 116 246 126 68 117 70 125 247 135 66 126 68 134 272 144 64 135 66 341 249 351 17 342 20 332 250 342 20 333 22 323 251 333 22 324 24 314 252 324 24 315 26 305 253 315 26 306 274 296 254 306 274 297 30 287 255 297 30 288 32 278 256 288 32 279 34 269 257 279 34 270 36 260 258 270 36 261 38 251 259 261 38 252 40 242 260 252 40 243 42 233 261 243 42 234 275 224 262 234 275 225 46 215 263 225 46 216 48 206 264 216 48 207 50 197 265 207 50 198 52 188 266 198 52 189 54 179 267 189 54 180 56 170 268 180 56 171 58 161 269 171 58 162 276 152 270 162 276 153 62 143 271 153 62 144 64 352 277 414 277 355 277 355 277 415 277 354 277 353 277 354 277 356 277 353 277 382 277 352 277 355 277 414 277 415 277 352 277 382 277 414 277 354 277 415 277 416 277 356 277 368 277 353 277 356 277 354 277 360 277 382 277 353 277 379 277 354 277 416 277 385 277 368 277 369 277 353 277 359 277 360 277 354 277 379 277 353 277 358 277 384 277 354 277 385 277 361 277 353 277 369 277 359 277 354 277 366 277 378 277 379 277 358 277 357 277 358 277 353 277 367 277 354 277 384 277 361 277 362 277 353 277 366 277 354 277 367 277 373 277 378 277 358 277 353 277 362 277 357 277 365 277 366 277 367 277 372 277 373 277 358 277 375 277 365 277 367 277 372 277 358 277 377 277 374 277 365 277 375 277 376 277 377 277 358 277 374 277 375 277 409 277 383 277 376 277 358 277 374 277 409 277 410 277 381 277 383 277 358 277 410 277 409 277 411 277 380 277 381 277 358 277 410 277 411 277 412 277 364 277 380 277 358 277 411 277 422 277 412 277 363 277 364 277 358 277 411 277 419 277 422 277 371 277 363 277 358 277 417 277 419 277 411 277 370 277 363 277 371 277 417 277 418 277 419 277 371 277 413 277 370 277 419 277 418 277 420 277 397 277 413 277 371 277 419 277 420 277 421 277 371 277 396 277 397 277 371 277 395 277 396 277 394 277 395 277 371 277 371 277 408 277 394 277 371 277 407 277 408 277 406 277 407 277 371 277 371 277 405 277 406 277 371 277 404 277 405 277 393 277 404 277 371 277 371 277 392 277 393 277 371 277 403 277 392 277 371 277 402 277 403 277 401 277 402 277 371 277 371 277 400 277 401 277 371 277 399 277 400 277 387 277 399 277 371 277 386 277 387 277 371 277 371 277 398 277 386 277 371 277 390 277 398 277 388 277 390 277 371 277 388 277 389 277 390 277 371 277 391 277 388 277 423 278 425 278 426 278 423 279 424 279 425 279 427 280 428 280 429 280 430 281 431 281 432 281 434 282 435 282 433 282 438 283 437 283 436 283 440 284 441 284 439 284 442 285 470 285 443 285 443 285 453 285 444 285 444 285 505 285 445 285 445 285 504 285 442 285 443 285 470 285 465 285 504 285 470 285 442 285 444 285 453 285 449 285 452 285 453 285 443 285 505 285 504 285 445 285 506 285 505 285 444 285 461 285 443 285 465 285 449 285 450 285 444 285 443 285 456 285 452 285 475 285 506 285 444 285 457 285 443 285 461 285 465 285 466 285 461 285 444 285 450 285 446 285 455 285 456 285 443 285 475 285 444 285 474 285 457 285 458 285 443 285 461 285 466 285 462 285 448 285 444 285 446 285 455 285 443 285 458 285 474 285 444 285 448 285 462 285 463 285 461 285 446 285 447 285 448 285 463 285 467 285 461 285 448 285 447 285 451 285 467 285 468 285 461 285 454 285 451 285 447 285 468 285 473 285 461 285 499 285 451 285 454 285 461 285 473 285 471 285 500 285 499 285 454 285 471 285 472 285 461 285 501 285 499 285 500 285 461 285 472 285 459 285 502 285 501 285 500 285 459 285 460 285 461 285 502 285 512 285 501 285 461 285 460 285 464 285 512 285 507 285 501 285 469 285 464 285 460 285 501 285 507 285 509 285 469 285 503 285 464 285 507 285 508 285 509 285 464 285 503 285 487 285 510 285 508 285 507 285 487 285 486 285 464 285 511 285 510 285 507 285 486 285 484 285 464 285 464 285 484 285 485 285 485 285 498 285 464 285 498 285 497 285 464 285 464 285 497 285 496 285 496 285 495 285 464 285 495 285 494 285 464 285 464 285 494 285 482 285 482 285 483 285 464 285 483 285 493 285 464 285 493 285 492 285 464 285 464 285 492 285 491 285 491 285 490 285 464 285 490 285 489 285 464 285 464 285 489 285 476 285 464 285 476 285 477 285 477 285 488 285 464 285 488 285 478 285 464 285 464 285 478 285 480 285 480 285 481 285 464 285 478 285 479 285 480 285 515 286 514 286 513 286 516 287 515 287 513 287 519 288 518 288 517 288 521 289 522 289 520 289 523 290 524 290 525 290 526 291 527 291 528 291 529 292 531 292 530 292 532 293 533 293 534 293 535 294 536 294 537 294 538 295 539 295 540 295 542 296 541 296 543 296 544 297 545 297 546 297 547 298 548 298 549 298 550 299 551 299 552 299 553 300 554 300 555 300 556 301 557 301 558 301 560 302 559 302 561 302 585 303 732 304 587 305 2821 306 7665 307 732 304 2821 306 720 308 7665 307 719 309 591 310 720 308 591 310 592 311 593 312 7662 313 593 312 592 311 7662 313 592 311 7663 314 7663 314 592 311 595 315 595 315 594 316 596 317 7664 318 596 317 594 316 589 319 7665 307 7664 318 587 305 7665 307 589 319 585 303 740 320 732 304 586 321 585 303 587 305 732 304 740 320 2821 306 2823 322 720 308 2821 306 719 309 592 311 591 310 719 309 720 308 721 323 592 311 594 316 595 315 590 324 7664 318 594 316 589 319 7664 318 590 324 588 325 587 305 589 319 585 303 739 326 740 320 584 327 585 303 586 321 586 321 587 305 588 325 739 326 2821 306 740 320 2823 322 722 328 720 308 2934 329 2823 322 2821 306 721 323 592 311 719 309 721 323 720 308 722 328 4110 330 594 316 592 311 590 324 594 316 4110 330 588 325 589 319 590 324 583 331 739 326 585 303 584 327 583 331 585 303 584 327 586 321 4110 330 4110 330 586 321 588 325 2148 332 2821 306 739 326 724 333 722 328 2823 322 2933 334 2823 322 2934 329 2934 329 2821 306 2805 335 721 323 731 336 592 311 721 323 722 328 723 337 4110 330 592 311 731 336 4110 330 588 325 590 324 583 331 738 338 739 326 582 339 583 331 584 327 4110 330 582 339 584 327 2148 332 2822 340 2821 306 739 326 738 338 2148 332 723 337 722 328 724 333 726 341 724 333 2823 322 2933 334 2824 342 2823 322 2922 343 2933 334 2934 329 2924 344 2934 329 2805 335 2805 335 2821 306 2822 340 723 337 731 336 721 323 731 336 730 345 4110 330 575 346 738 338 583 331 582 339 575 346 583 331 4110 330 576 347 582 339 2147 348 2822 340 2148 332 2148 332 738 338 737 349 723 337 724 333 725 350 725 350 724 333 726 341 2823 322 727 351 726 341 2824 342 2139 352 2823 322 2932 353 2824 342 2933 334 2920 354 2933 334 2922 343 2922 343 2934 329 2924 344 2924 344 2805 335 2806 355 2805 335 2822 340 2803 356 723 337 730 345 731 336 4110 330 730 345 729 357 575 346 737 349 738 338 576 347 575 346 582 339 577 358 576 347 4110 330 2147 348 2146 359 2822 340 2148 332 737 349 2147 348 725 350 730 345 723 337 725 350 726 341 717 360 717 360 726 341 727 351 2823 322 715 361 727 351 2823 322 2139 352 2075 362 2824 342 2138 363 2139 352 2932 353 2825 364 2824 342 2920 354 2932 353 2933 334 2921 365 2920 354 2922 343 2923 366 2922 343 2924 344 2925 367 2924 344 2806 355 2806 355 2805 335 2804 368 2803 356 2804 368 2805 335 2803 356 2822 340 2848 369 4110 330 729 357 4111 370 725 350 729 357 730 345 578 371 737 349 575 346 575 346 576 347 577 358 4110 330 579 372 577 358 2822 340 2146 359 2145 373 733 374 2146 359 2147 348 2147 348 737 349 736 375 717 360 729 357 725 350 717 360 727 351 715 361 2077 376 715 361 2823 322 2823 322 2075 362 2077 376 2139 352 612 377 2075 362 2138 363 610 378 2139 352 2134 379 2138 363 2824 342 2135 380 2824 342 2825 364 2931 381 2825 364 2932 353 2918 382 2932 353 2920 354 2919 383 2920 354 2921 365 2921 365 2922 343 2923 366 2923 366 2924 344 2925 367 2806 355 2760 384 2925 367 2806 355 2804 368 2765 385 2786 386 2804 368 2803 356 2803 356 2848 369 2788 387 2822 340 2145 373 2848 369 4111 370 657 388 4110 330 4111 370 729 357 728 389 578 371 736 375 737 349 575 346 577 358 578 371 577 358 579 372 578 371 4110 330 580 390 579 372 702 391 2145 373 2146 359 702 391 2146 359 733 374 733 374 2147 348 734 392 2147 348 736 375 735 393 717 360 728 389 729 357 715 361 716 394 717 360 715 361 2077 376 716 394 2075 362 2076 395 2077 376 2075 362 612 377 761 396 2139 352 610 378 612 377 2138 363 607 397 610 378 2134 379 607 397 2138 363 2134 379 2824 342 2135 380 2135 380 2825 364 2136 398 2931 381 2826 399 2825 364 2918 382 2931 381 2932 353 2919 383 2918 382 2920 354 2961 400 2919 383 2921 365 2959 401 2921 365 2923 366 2944 402 2923 366 2925 367 2925 367 2760 384 2762 403 2806 355 2758 404 2760 384 2765 385 2764 405 2806 355 2765 385 2804 368 2767 406 2767 406 2804 368 2786 386 2786 386 2803 356 2787 407 2787 407 2803 356 2788 387 2788 387 2848 369 2784 408 2848 369 2145 373 2072 409 4110 330 657 388 655 410 4111 370 658 411 657 388 4111 370 728 389 718 412 573 413 736 375 578 371 578 371 579 372 580 390 581 414 580 390 4110 330 2072 409 2145 373 702 391 702 391 733 374 569 415 569 415 733 374 734 392 734 392 2147 348 735 393 573 416 735 416 736 416 718 412 728 389 717 360 717 360 716 394 605 417 716 394 2077 376 2076 395 2075 362 761 396 2076 395 599 418 761 418 612 418 610 378 611 419 612 377 607 397 609 420 610 378 2134 379 753 421 607 397 2131 422 2134 379 2135 380 2135 380 2136 398 2131 422 2825 364 2137 423 2136 398 2826 399 2132 424 2825 364 2930 425 2826 399 2931 381 2916 426 2931 381 2918 382 2917 427 2918 382 2919 383 2963 428 2919 383 2961 400 2961 400 2921 365 2959 401 2959 401 2923 366 2944 402 2944 402 2925 367 2793 429 2925 367 2762 403 2794 430 2760 384 2761 431 2762 403 2758 404 2759 432 2760 384 2764 405 2758 404 2806 355 2764 405 2765 385 2766 433 2766 433 2765 385 2767 406 2767 406 2786 386 2766 433 2766 433 2786 386 2787 407 2738 434 2787 407 2788 387 2738 434 2788 387 2784 408 2784 408 2848 369 2785 435 2848 369 2072 409 2849 436 655 410 653 437 4110 330 656 438 655 410 657 388 633 439 657 388 658 411 4111 370 632 440 658 411 718 412 606 441 4111 370 578 371 580 390 573 413 573 413 580 390 581 414 4109 442 581 414 4110 330 2072 409 702 391 704 443 702 391 569 415 568 444 569 415 734 392 571 445 571 445 734 392 735 393 571 445 735 393 573 413 717 360 605 417 718 412 716 394 758 446 605 417 716 394 2076 395 758 446 2076 395 761 396 760 447 601 448 761 396 599 449 599 449 612 377 597 450 597 450 612 377 611 419 610 378 609 420 611 419 607 397 608 451 609 420 752 452 607 397 753 421 754 453 753 421 2134 379 2133 454 2134 379 2131 422 2131 422 2136 398 2137 423 2825 364 2132 424 2137 423 2826 399 2130 455 2132 424 2930 425 2827 456 2826 399 2916 426 2930 425 2931 381 2917 427 2916 426 2918 382 2963 428 2917 427 2919 383 2961 400 2962 457 2963 428 2959 401 2960 458 2961 400 2944 402 2801 459 2959 401 2793 429 2791 460 2944 402 2793 429 2925 367 2794 430 2763 461 2794 430 2762 403 2762 403 2761 431 2763 461 2760 384 2759 432 2761 431 2764 405 2759 432 2758 404 2766 433 2759 432 2764 405 2766 433 2787 407 2738 434 2784 408 2785 435 2738 434 2785 435 2848 369 2849 436 2849 436 2072 409 2071 462 4110 330 653 437 651 463 654 464 653 437 655 410 654 464 655 410 656 438 656 438 657 388 633 439 633 439 658 411 632 440 634 465 632 440 4111 370 606 441 604 466 4111 370 718 412 605 417 606 441 573 413 581 414 574 467 574 467 581 414 4109 442 4109 442 4110 330 674 468 2072 409 704 443 2073 469 702 391 703 470 704 443 702 391 568 444 703 470 568 444 569 415 570 471 570 471 569 415 571 445 572 472 571 445 573 413 605 417 758 446 759 473 758 446 2076 395 759 473 2076 395 760 447 759 473 601 448 760 447 761 396 599 449 600 474 601 448 597 450 598 475 599 449 4111 370 597 450 611 419 611 419 609 420 4111 370 4111 370 609 420 608 451 608 451 607 397 752 452 752 452 753 421 619 476 619 476 753 421 754 453 755 477 754 453 2134 379 2133 454 757 478 2134 379 2234 479 2133 454 2131 422 2131 422 2137 423 2132 424 2130 455 2131 422 2132 424 2125 480 2130 455 2826 399 2126 481 2826 399 2827 456 2929 482 2827 456 2930 425 2914 483 2930 425 2916 426 2915 484 2916 426 2917 427 2965 485 2917 427 2963 428 2963 428 2962 457 2964 486 2961 400 2960 458 2962 457 2959 401 2801 459 2960 458 2944 402 2752 487 2801 459 2944 402 2791 460 2790 488 2792 489 2791 460 2793 429 2763 461 2793 429 2794 430 2761 431 2797 490 2763 461 2759 432 2796 491 2761 431 2766 433 2772 492 2759 432 2738 434 2769 493 2766 433 918 494 2738 434 2785 435 2785 435 2849 436 2789 495 2849 436 2071 462 2149 496 2071 462 2072 409 2073 469 4110 330 651 463 649 497 652 498 651 463 653 437 652 498 653 437 654 464 2141 499 654 464 656 438 656 438 633 439 2141 499 632 440 566 500 633 439 632 440 634 465 566 500 4111 370 635 501 634 465 4111 370 604 466 602 502 605 417 604 466 606 441 572 472 573 413 574 467 4109 442 572 472 574 467 674 468 673 503 4109 442 674 468 4110 330 660 504 2073 469 704 443 714 505 704 443 703 470 705 506 4109 442 703 470 568 444 568 444 570 471 4109 442 570 471 571 445 572 472 605 417 759 473 603 507 603 507 759 473 760 447 603 507 760 447 601 448 601 448 600 474 602 502 599 449 598 475 600 474 4111 370 598 475 597 450 4111 370 608 451 752 452 752 452 619 476 4111 370 619 476 754 453 617 508 617 508 754 453 755 477 2134 379 756 509 755 477 2134 379 757 478 756 509 2133 454 751 510 757 478 2140 511 2133 454 2234 479 2234 479 2131 422 2235 512 2130 455 2127 513 2131 422 2125 480 2127 513 2130 455 2125 480 2826 399 2126 481 2126 481 2827 456 2128 514 2929 482 2828 515 2827 456 2914 483 2929 482 2930 425 2915 484 2914 483 2916 426 2965 485 2915 484 2917 427 2963 428 2964 486 2965 485 2962 457 2940 516 2964 486 2960 458 2937 517 2962 457 2801 459 2802 518 2960 458 2752 487 2753 519 2801 459 2750 520 2752 487 2944 402 2944 402 2790 488 2750 520 2751 521 2790 488 2791 460 2751 521 2791 460 2792 489 2792 489 2793 429 2763 461 2763 461 2797 490 2798 522 2761 431 2796 491 2797 490 2759 432 2795 523 2796 491 2772 492 2795 523 2759 432 2771 524 2772 492 2766 433 2766 433 2769 493 2770 525 2738 434 2768 526 2769 493 919 527 2738 434 918 494 918 494 2785 435 2789 495 2789 495 2849 436 2149 496 2149 496 2071 462 917 528 917 528 2071 462 2073 469 649 497 647 529 4110 330 650 530 649 497 651 463 650 530 651 463 652 498 2141 499 652 498 654 464 2141 499 633 439 566 500 566 500 634 465 635 501 4111 370 636 531 635 501 4111 370 602 502 600 474 603 507 602 502 604 466 603 507 604 466 605 417 4109 442 570 471 572 472 4109 442 673 503 671 532 659 533 673 503 674 468 659 533 674 468 660 504 4110 330 662 534 660 504 2073 469 714 505 713 535 705 506 714 505 704 443 4109 442 705 506 703 470 601 448 602 502 603 507 600 474 598 475 4111 370 4111 370 619 476 618 536 617 508 618 536 619 476 617 508 755 477 615 537 615 537 755 477 756 509 613 538 756 509 757 478 613 538 757 478 751 510 748 539 751 510 2133 454 2140 511 746 540 2133 454 2187 541 2140 511 2234 479 2170 542 2234 479 2235 512 2235 512 2131 422 2127 513 2125 480 2126 481 2127 513 2127 513 2126 481 2128 514 2827 456 2129 543 2128 514 2828 515 2124 544 2827 456 2928 545 2828 515 2929 482 2912 546 2929 482 2914 483 2913 547 2914 483 2915 484 2967 548 2915 484 2965 485 2965 485 2964 486 2966 549 2964 486 2940 516 2942 550 2962 457 2937 517 2940 516 2960 458 2802 518 2937 517 2801 459 2757 551 2802 518 2753 519 2757 551 2801 459 2752 487 2748 552 2753 519 2750 520 2751 521 2752 487 2750 520 2790 488 2751 521 2792 489 2799 553 2751 521 2763 461 2798 522 2792 489 3461 554 2798 522 2797 490 2796 491 3461 554 2797 490 2795 523 3030 555 2796 491 2795 523 2772 492 3030 555 2772 492 2771 524 3030 555 2766 433 2770 525 2771 524 2770 525 2769 493 3031 556 2769 493 2768 526 3031 556 2737 557 2768 526 2738 434 920 558 2738 434 919 527 918 494 898 559 919 527 918 494 2789 495 899 560 2789 495 2149 496 900 561 901 562 2149 496 917 528 917 528 2073 469 884 563 4110 330 647 529 645 564 648 565 647 529 649 497 648 565 649 497 650 530 650 530 652 498 2141 499 2141 499 566 500 2140 511 566 500 635 501 567 566 567 566 635 501 636 531 638 567 636 531 4111 370 4109 442 671 532 670 568 672 569 671 532 673 503 672 569 673 503 659 533 659 533 660 504 661 570 661 570 660 504 662 534 4110 330 664 571 662 534 713 535 711 572 2073 469 705 506 713 535 714 505 712 573 705 506 4109 442 4111 370 618 536 616 574 617 508 616 574 618 536 615 537 616 574 617 508 615 537 756 509 613 538 625 575 613 538 751 510 625 575 751 510 748 539 2133 454 749 576 748 539 746 540 747 577 2133 454 745 578 746 540 2140 511 2188 579 2140 511 2187 541 2187 541 2234 479 2170 542 2170 542 2235 512 2168 580 2235 512 2127 513 2236 581 2127 513 2128 514 2123 582 2123 582 2128 514 2129 543 2827 456 2124 544 2129 543 2828 515 2122 583 2124 544 2928 545 2829 584 2828 515 2912 546 2928 545 2929 482 2913 547 2912 546 2914 483 2967 548 2913 547 2915 484 2965 485 2966 549 2967 548 2964 486 2942 550 2966 549 2940 516 2941 585 2942 550 2937 517 2939 586 2940 516 2802 518 2936 587 2937 517 2757 551 2756 588 2802 518 2749 589 2757 551 2753 519 2753 519 2748 552 2749 589 2752 487 2751 521 2748 552 2751 521 2799 553 2800 590 2792 489 2798 522 2799 553 3461 554 2799 553 2798 522 3030 555 3461 554 2796 491 3030 555 2771 524 3031 556 2770 525 3031 556 2771 524 3031 556 2768 526 3186 591 2737 557 3186 591 2768 526 2736 592 2737 557 2738 434 943 593 2738 434 920 558 919 527 898 559 920 558 918 494 884 563 898 559 899 560 884 563 918 494 899 560 2789 495 900 561 900 561 2149 496 901 562 901 562 917 528 899 560 899 560 917 528 884 563 884 563 2073 469 2144 594 4110 330 645 564 643 595 646 596 645 564 647 529 646 596 647 529 648 565 650 530 2141 499 648 565 2188 579 2141 499 2140 511 2140 511 566 500 565 597 565 597 566 500 567 566 567 566 636 531 637 598 637 598 636 531 638 567 4111 370 640 599 638 567 670 568 678 600 4109 442 670 568 671 532 672 569 2142 601 672 569 659 533 2142 601 659 533 661 570 661 570 662 534 663 602 663 602 662 534 664 571 666 603 664 571 4110 330 2073 469 711 572 709 604 712 573 711 572 713 535 712 573 713 535 705 506 4109 442 710 605 712 573 616 574 614 606 4111 370 615 537 614 606 616 574 613 538 614 606 615 537 625 575 748 539 749 576 2133 454 750 607 749 576 2133 454 747 577 750 607 746 540 623 608 747 577 745 578 629 609 746 540 2140 511 744 610 745 578 2187 541 2183 611 2188 579 2180 612 2187 541 2170 542 2168 580 2169 613 2170 542 2168 580 2235 512 2236 581 2236 581 2127 513 2123 582 2123 582 2129 543 2124 544 2122 583 2123 582 2124 544 2117 614 2122 583 2828 515 2829 584 2120 615 2828 515 2927 616 2829 584 2928 545 2910 617 2928 545 2912 546 2911 618 2912 546 2913 547 2969 619 2913 547 2967 548 2967 548 2966 549 2968 620 2966 549 2942 550 2947 621 2942 550 2941 585 2943 622 2940 516 2939 586 2941 585 2937 517 2938 623 2939 586 2936 587 2938 623 2937 517 2802 518 2935 624 2936 587 2756 588 2935 624 2802 518 2749 589 2756 588 2757 551 2748 552 2747 625 2749 589 2781 626 2748 552 2751 521 2751 521 2800 590 2782 627 3032 628 2800 590 2799 553 3032 628 2799 553 3461 554 3030 555 3463 629 3461 554 3030 555 3031 556 3535 630 3031 556 3186 591 3522 631 2736 592 3186 591 2737 557 943 593 2736 592 2738 434 898 559 943 593 920 558 884 563 897 632 898 559 899 560 900 561 901 562 884 563 2144 594 874 633 2073 469 698 634 2144 594 643 595 669 635 4110 330 644 636 643 595 645 564 644 636 645 564 646 596 648 565 2074 637 646 596 648 565 2141 499 2074 637 2189 638 2141 499 2188 579 2140 511 565 597 741 639 565 597 567 566 741 639 741 639 567 566 637 598 637 598 638 567 639 640 639 640 638 567 640 599 4111 370 641 641 640 599 4109 442 678 600 676 642 670 568 680 643 678 600 672 569 679 644 670 568 679 644 672 569 2142 601 661 570 663 602 2142 601 663 602 664 571 665 645 665 645 664 571 666 603 4110 330 668 646 666 603 709 604 707 647 2073 469 710 605 709 604 711 572 710 605 711 572 712 573 4109 442 708 648 710 605 4111 370 614 606 622 649 613 538 622 649 614 606 625 575 749 576 623 608 623 608 749 576 750 607 623 608 750 607 747 577 746 540 629 609 623 608 745 578 627 650 629 609 744 610 627 650 745 578 2140 511 743 651 744 610 2188 579 2183 611 2185 652 2180 612 2183 611 2187 541 2170 542 2169 613 2180 612 2168 580 2068 653 2169 613 2168 580 2236 581 2069 654 2236 581 2123 582 2237 655 2122 583 2119 656 2123 582 2117 614 2119 656 2122 583 2828 515 2118 657 2117 614 2828 515 2120 615 2118 657 2829 584 2121 658 2120 615 2927 616 2830 659 2829 584 2910 617 2927 616 2928 545 2911 618 2910 617 2912 546 2969 619 2911 618 2913 547 2967 548 2968 620 2969 619 2966 549 2947 621 2968 620 2942 550 2946 660 2947 621 2943 622 2945 661 2942 550 2943 622 2941 585 3846 662 3846 662 2941 585 2939 586 3847 663 2939 586 2938 623 3847 663 2938 623 2936 587 2936 587 2935 624 3847 663 2756 588 2755 664 2935 624 2755 664 2756 588 2749 589 2747 625 2745 665 2749 589 2746 666 2747 625 2748 552 2780 667 2748 552 2781 626 2781 626 2751 521 2782 627 2782 627 2800 590 3032 628 3032 628 3461 554 3462 668 3462 668 3461 554 3463 629 3535 630 3463 629 3030 555 3535 630 3031 556 3522 631 3522 631 3186 591 3185 669 2736 592 942 670 3186 591 922 671 2736 592 943 593 898 559 922 671 943 593 3171 672 898 559 897 632 884 563 896 673 897 632 874 633 883 674 884 563 2144 594 877 675 874 633 2144 594 698 634 696 676 2073 469 700 677 698 634 4110 330 669 635 668 646 642 678 669 635 643 595 642 678 643 595 644 636 646 596 2074 637 644 636 2189 638 2074 637 2141 499 2188 579 2185 652 2189 638 741 639 742 679 2140 511 741 639 637 598 742 679 742 679 637 598 639 640 639 640 640 599 627 650 627 650 640 599 641 641 628 680 641 641 4111 370 4109 442 676 642 675 681 677 682 676 642 678 600 678 600 680 643 681 683 670 568 679 644 680 643 2142 601 680 643 679 644 2142 601 663 602 665 645 665 645 666 603 667 684 667 684 666 603 668 646 2073 469 707 647 692 685 708 648 707 647 709 604 708 648 709 604 710 605 706 686 708 648 4109 442 4111 687 622 687 621 687 613 538 621 688 622 649 623 608 624 689 625 575 629 609 630 690 623 608 627 650 628 680 629 609 743 651 627 650 744 610 742 679 743 651 2140 511 2183 611 2184 691 2185 652 2182 692 2183 611 2180 612 2180 612 2169 613 2181 693 2068 653 2177 694 2169 613 2069 654 2068 653 2168 580 2069 654 2236 581 2237 655 2237 655 2123 582 2119 656 2117 614 2118 657 2119 656 2119 656 2118 657 2120 615 2110 695 2120 615 2121 658 2111 696 2121 658 2829 584 2113 697 2829 584 2830 659 2926 698 2830 659 2927 616 2894 699 2927 616 2910 617 2909 700 2910 617 2911 618 2971 701 2911 618 2969 619 2969 619 2968 620 2970 702 2968 620 2947 621 2953 703 2946 660 2951 704 2947 621 2942 550 2945 661 2946 660 3845 705 2945 661 2943 622 3845 705 2943 622 3846 662 3846 662 2939 586 3847 663 3847 663 2935 624 2783 706 2935 624 2755 664 2754 707 2754 707 2755 664 2749 589 2749 589 2745 665 2743 708 2747 625 2775 709 2745 665 2746 666 2775 709 2747 625 2780 667 2746 666 2748 552 2781 626 3454 710 2780 667 2781 626 2782 627 3032 628 3462 668 3500 711 3032 628 3462 668 3463 629 3464 712 3535 630 3465 713 3463 629 3535 630 3522 631 3536 714 3522 631 3185 669 3523 715 3186 591 939 716 3185 669 942 670 940 717 3186 591 922 671 942 670 2736 592 906 718 922 671 898 559 905 719 898 559 3171 672 3171 672 897 632 896 673 895 720 896 673 884 563 884 563 883 674 885 721 874 633 882 722 883 674 874 633 877 675 875 723 2144 594 878 724 877 675 2144 594 696 676 690 725 697 726 696 676 698 634 699 727 698 634 700 677 701 728 700 677 2073 469 642 678 668 646 669 635 642 678 644 636 2074 637 2193 729 2074 637 2189 638 2189 638 2185 652 2194 730 742 679 639 640 743 651 743 651 639 640 627 650 627 650 641 641 628 680 4111 370 630 690 628 680 675 681 684 731 4109 442 675 681 676 642 677 682 678 600 681 683 677 682 2142 601 681 683 680 643 2142 601 665 645 2074 637 2074 637 665 645 667 684 667 684 668 646 642 678 2073 469 692 685 701 728 706 686 692 685 707 647 706 686 707 647 708 648 4109 442 693 732 706 686 621 688 620 733 4111 370 620 733 621 688 613 538 625 575 624 689 626 734 623 608 631 735 624 689 623 608 630 690 631 735 629 609 628 680 630 690 2185 652 2184 691 2186 736 2182 692 2184 691 2183 611 2180 612 2181 693 2182 692 2169 613 2175 737 2181 693 2169 613 2177 694 2175 737 2068 653 2179 738 2177 694 2068 653 2069 654 2070 739 2069 654 2237 655 2070 739 2237 655 2119 656 2238 740 2119 656 2120 615 2110 695 2110 695 2121 658 2111 696 2111 696 2829 584 2113 697 2113 697 2830 659 2114 741 2926 698 2831 742 2830 659 2894 699 2926 698 2927 616 2909 700 2894 699 2910 617 2971 701 2909 700 2911 618 2969 619 2970 702 2971 701 2968 620 2953 703 2970 702 2947 621 2952 743 2953 703 2947 621 2951 704 2952 743 3844 744 2951 704 2946 660 2946 660 2945 661 3845 705 3999 745 3845 705 3846 662 4020 746 3846 662 3847 663 3847 663 2783 706 3848 747 2935 624 2754 707 2783 706 2749 589 2743 708 2754 707 2744 748 2743 708 2745 665 2775 709 2741 749 2745 665 2746 666 2773 750 2775 709 2777 751 2746 666 2780 667 3454 710 2777 751 2780 667 3032 628 3454 710 2781 626 3032 628 3500 711 3454 710 3462 668 3499 752 3500 711 3464 712 3499 752 3462 668 3464 712 3463 629 3465 713 3536 714 3465 713 3535 630 3536 714 3522 631 3523 715 3523 715 3185 669 3184 753 3185 669 939 716 926 754 3186 591 940 717 939 716 942 670 938 755 940 717 922 671 938 755 942 670 906 718 904 756 922 671 898 559 905 719 906 718 3173 757 905 719 3171 672 895 720 3171 672 896 673 884 563 894 758 895 720 884 563 885 721 886 759 883 674 3161 760 885 721 882 722 3160 761 883 674 876 762 882 722 874 633 874 633 875 723 876 762 875 723 877 675 878 724 2143 763 878 724 2144 594 690 725 564 764 2144 594 695 765 690 725 696 676 695 765 696 676 697 726 697 726 698 634 699 727 699 727 700 677 694 766 694 766 700 677 701 728 2074 637 667 684 642 678 2193 729 2142 601 2074 637 2194 730 2193 729 2189 638 2194 730 2185 652 2186 736 4111 370 631 735 630 690 4109 442 684 731 686 767 675 681 683 768 684 731 677 682 682 769 675 681 2143 763 677 682 681 683 2143 763 681 683 2142 601 694 766 701 728 692 685 693 732 692 685 706 686 4109 442 694 766 693 732 4111 370 620 733 626 734 625 575 626 734 620 733 4111 370 626 734 624 689 624 689 631 735 4111 370 2198 770 2186 736 2184 691 2198 770 2184 691 2182 692 2181 693 2174 771 2182 692 2181 693 2175 737 2174 771 2176 772 2175 737 2177 694 2178 773 2177 694 2179 738 2070 739 2179 738 2068 653 2070 739 2237 655 2238 740 2238 740 2119 656 2110 695 2110 695 2111 696 2112 774 2112 774 2111 696 2113 697 2113 697 2114 741 2112 774 2830 659 2115 775 2114 741 2831 742 2116 776 2830 659 2904 777 2831 742 2926 698 2893 778 2926 698 2894 699 2886 779 2894 699 2909 700 2874 780 2909 700 2971 701 2971 701 2970 702 2815 781 2970 702 2953 703 2955 782 2953 703 2952 743 2954 783 3642 784 2952 743 2951 704 3642 784 2951 704 3844 744 3844 744 2946 660 3845 705 3844 744 3845 705 3999 745 4020 746 3999 745 3846 662 3998 785 4020 746 3847 663 3998 785 3847 663 3848 747 3848 747 2783 706 2742 786 2754 707 2742 786 2783 706 2754 707 2743 708 2742 786 2742 786 2743 708 2744 748 2745 665 2779 787 2744 748 2745 665 2741 749 2779 787 2775 709 2739 788 2741 749 2773 750 2774 789 2775 709 2778 790 2773 750 2746 666 2746 666 2777 751 2778 790 3454 710 2778 790 2777 751 3500 711 3192 791 3454 710 3499 752 3196 792 3500 711 3464 712 3498 793 3499 752 3464 712 3465 713 3466 794 3536 714 3467 795 3465 713 3536 714 3523 715 3537 796 3523 715 3184 753 3524 797 3185 669 937 798 3184 753 3185 669 926 754 937 798 938 755 926 754 939 716 938 755 939 716 940 717 922 671 941 799 938 755 904 756 921 800 922 671 902 801 904 756 906 718 906 718 905 719 907 802 907 802 905 719 3173 757 3173 757 3171 672 3519 803 894 758 3171 672 895 720 884 563 893 804 894 758 886 759 887 805 884 563 885 721 3155 806 886 759 885 721 3161 760 3162 807 883 674 3160 761 3161 760 882 722 3169 808 3160 761 876 762 3065 809 882 722 875 723 3066 810 876 762 875 723 878 724 879 811 2143 763 879 811 878 724 683 768 2143 763 2144 594 2144 594 564 764 688 812 689 813 564 764 690 725 691 814 690 725 695 765 4109 442 695 765 697 726 4109 442 697 726 699 727 699 727 694 766 4109 442 2191 815 2142 601 2193 729 2192 816 2193 729 2194 730 2194 730 2186 736 2197 817 4109 442 686 767 563 818 684 731 685 819 686 767 684 731 683 768 685 819 675 681 682 769 683 768 682 769 677 682 2143 763 2191 815 2143 763 2142 601 692 685 693 732 694 766 2199 820 2186 736 2198 770 2182 692 2173 821 2198 770 2182 692 2174 771 2173 821 2171 822 2174 771 2175 737 2171 822 2175 737 2176 772 2176 772 2177 694 2178 773 2179 738 2229 823 2178 773 2070 739 2228 824 2179 738 2070 739 2238 740 2226 825 2238 740 2110 695 2239 826 2239 826 2110 695 2112 774 2112 774 2114 741 2115 775 2830 659 2116 776 2115 775 2831 742 2078 827 2116 776 2904 777 2905 828 2831 742 2893 778 2904 777 2926 698 2892 829 2893 778 2894 699 2886 779 2892 829 2894 699 2874 780 2886 779 2909 700 2971 701 2815 781 2874 780 2970 702 2955 782 2815 781 2953 703 2954 783 2955 782 2954 783 2952 743 3642 784 3642 784 3844 744 3643 830 3643 830 3844 744 3999 745 4019 831 3999 745 4020 746 4012 832 4020 746 3998 785 3998 785 3848 747 3849 833 3848 747 2742 786 3849 833 2744 748 3849 833 2742 786 2779 787 3849 833 2744 748 2741 749 3850 834 2779 787 2739 788 2740 835 2741 749 2776 836 2739 788 2775 709 2775 709 2774 789 2776 836 2773 750 3187 837 2774 789 2773 750 2778 790 3454 710 3454 710 3192 791 3187 837 3500 711 3196 792 3192 791 3499 752 3199 838 3196 792 3498 793 3199 838 3499 752 3466 794 3498 793 3464 712 3466 794 3465 713 3467 795 3537 796 3467 795 3536 714 3537 796 3523 715 3524 797 3524 797 3184 753 3183 839 3184 753 937 798 935 840 926 754 931 841 937 798 928 842 926 754 938 755 3178 843 938 755 941 799 924 844 941 799 922 671 922 671 921 800 923 845 921 800 904 756 3177 846 902 801 903 847 904 756 906 718 916 848 902 801 906 718 907 802 908 849 908 849 907 802 3173 757 3534 850 3173 757 3519 803 3519 803 3171 672 3172 851 894 758 3172 851 3171 672 893 804 3172 851 894 758 892 852 893 804 884 563 884 563 887 805 888 853 886 759 3157 854 887 805 886 759 3155 806 3157 854 885 721 3163 855 3155 806 3162 807 3163 855 885 721 4103 856 3162 807 3161 760 3161 760 3160 761 4103 856 4103 856 3160 761 3169 808 882 722 3065 809 3169 808 876 762 3066 810 3065 809 875 723 880 857 3066 810 881 858 875 723 879 811 881 858 879 811 2143 763 682 769 2143 763 683 768 683 768 2144 594 685 819 2144 594 688 812 687 859 563 818 688 812 564 764 562 860 564 764 689 813 689 813 690 725 691 814 691 814 695 765 4109 442 2192 816 2191 815 2193 729 2197 817 2192 816 2194 730 2197 817 2186 736 2199 820 563 818 562 860 4109 442 686 767 687 859 563 818 686 767 685 819 687 859 2150 861 2143 763 2191 815 2198 770 2203 862 2199 820 2173 821 2202 863 2198 770 2173 821 2174 771 2171 822 2176 772 2231 864 2171 822 2178 773 2230 865 2176 772 2178 773 2229 823 2230 865 2179 738 2228 824 2229 823 2070 739 2227 866 2228 824 2226 825 2227 866 2070 739 2226 825 2238 740 2239 826 2239 826 2112 774 2240 867 2112 774 2115 775 2080 868 2080 868 2115 775 2116 776 2080 868 2116 776 2078 827 2831 742 2079 869 2078 827 2831 742 2905 828 2907 870 2903 871 2905 828 2904 777 2897 872 2904 777 2893 778 2892 829 2891 873 2893 778 2885 874 2892 829 2886 779 2873 875 2886 779 2874 780 2874 780 2815 781 2814 876 2815 781 2955 782 2958 877 2955 782 2954 783 2956 878 3644 879 2954 783 3642 784 3642 784 3643 830 3644 879 3643 830 3999 745 3648 880 4019 831 3985 881 3999 745 4012 832 4019 831 4020 746 3996 882 4012 832 3998 785 3997 883 3998 785 3849 833 2779 787 3850 834 3849 833 2741 749 762 884 3850 834 2740 835 762 884 2741 749 2739 788 3190 885 2740 835 2776 836 3190 885 2739 788 2774 789 3187 837 2776 836 3454 710 3187 837 2773 750 3191 886 3187 837 3192 791 3196 792 3197 887 3192 791 3199 838 3201 888 3196 792 3498 793 3203 889 3199 838 3466 794 3497 890 3498 793 3466 794 3467 795 3468 891 3537 796 3469 892 3467 795 3537 796 3524 797 3538 893 3524 797 3183 839 3525 894 3184 753 934 895 3183 839 3184 753 935 840 934 895 937 798 931 841 935 840 926 754 936 896 931 841 927 897 926 754 928 842 3180 898 928 842 938 755 3180 898 938 755 3178 843 3178 843 941 799 924 844 922 671 923 845 924 844 3177 846 923 845 921 800 3177 846 904 756 903 847 3177 846 903 847 902 801 902 801 916 848 3177 846 906 718 915 899 916 848 908 849 909 900 906 718 3174 901 908 849 3173 757 3174 901 3173 757 3534 850 3534 850 3519 803 3548 902 3519 803 3172 851 3520 903 893 804 892 852 3172 851 884 563 891 904 892 852 884 563 888 853 889 905 887 805 3159 906 888 853 887 805 3157 854 3159 906 3155 806 3156 907 3157 854 3155 806 3163 855 4103 856 4103 856 3163 855 3162 807 3169 808 3065 809 4103 856 3064 908 3065 809 3066 810 3066 810 880 857 873 909 819 910 880 857 875 723 819 910 875 723 881 858 2143 763 819 910 881 858 685 819 2144 594 687 859 563 818 687 859 688 812 562 860 563 818 564 764 4109 442 562 860 689 813 4109 442 689 813 691 814 2190 911 2191 815 2192 816 2196 912 2192 816 2197 817 2197 817 2199 820 2196 912 2150 861 825 913 2143 763 2190 911 2150 861 2191 815 2199 820 2203 862 2200 914 2198 770 2202 863 2203 862 2173 821 2201 915 2202 863 2171 822 2172 916 2173 821 2171 822 2231 864 2232 917 2176 772 2230 865 2231 864 2229 823 2217 918 2230 865 2228 824 2216 919 2229 823 2227 866 2215 920 2228 824 2226 825 2225 921 2227 866 2226 825 2239 826 2224 922 2224 922 2239 826 2240 867 2240 867 2112 774 2080 868 2078 827 2079 869 2080 868 2907 870 2079 869 2831 742 2907 870 2905 828 2906 923 2903 871 2809 924 2905 828 2902 925 2903 871 2904 777 2897 872 2902 925 2904 777 2891 873 2897 872 2893 778 2890 926 2891 873 2892 829 2885 874 2890 926 2892 829 2884 927 2885 874 2886 779 2873 875 2884 927 2886 779 2872 928 2873 875 2874 780 2874 780 2814 876 2872 928 2813 929 2814 876 2815 781 2815 781 2958 877 2813 929 2850 930 2958 877 2955 782 2949 931 2955 782 2956 878 3598 932 2956 878 2954 783 3598 932 2954 783 3644 879 3644 879 3643 830 3598 932 3599 933 3643 830 3648 880 3648 880 3999 745 3985 881 4018 934 3985 881 4019 831 4011 935 4019 831 4012 832 3995 936 4012 832 3996 882 3996 882 3998 785 3997 883 3997 883 3849 833 3850 834 764 937 3850 834 762 884 3190 885 762 884 2740 835 2776 836 3189 938 3190 885 2776 836 3187 837 3189 938 3188 939 3187 837 3191 886 3191 886 3192 791 3193 940 3192 791 3197 887 3198 941 3196 792 3195 942 3197 887 3196 792 3201 888 3202 943 3199 838 3200 944 3201 888 3203 889 3204 945 3199 838 3497 890 3203 889 3498 793 3468 891 3497 890 3466 794 3468 891 3467 795 3469 892 3538 893 3469 892 3537 796 3538 893 3524 797 3525 894 3525 894 3183 839 3181 946 3183 839 934 895 933 947 931 841 934 895 935 840 3179 948 931 841 936 896 925 949 936 896 926 754 925 949 926 754 927 897 927 897 928 842 3180 898 3529 950 3180 898 3178 843 3178 843 924 844 3177 846 3177 846 924 844 923 845 3177 846 916 848 915 899 914 951 915 899 906 718 906 718 909 900 910 952 909 900 908 849 3174 901 3533 953 3174 901 3534 850 3029 954 3534 850 3548 902 3548 902 3519 803 3520 903 3520 903 3172 851 3309 955 3172 851 892 852 3054 956 892 852 891 904 3054 956 884 563 890 957 891 904 889 905 890 957 884 563 3055 958 889 905 888 853 888 853 3159 906 3164 959 3157 854 3158 960 3159 906 3157 854 3156 907 3158 960 4103 856 3156 907 3155 806 4103 856 3065 809 3064 908 3066 810 3168 961 3064 908 3066 810 873 909 3170 962 873 909 880 857 819 910 2143 763 812 963 819 910 2196 912 2190 911 2192 816 2196 912 2199 820 2204 964 825 913 824 965 2143 763 826 966 825 913 2150 861 2152 967 2150 861 2190 911 2199 820 2200 914 2204 964 2203 862 2241 968 2200 914 2202 863 2209 969 2203 862 2201 915 2207 970 2202 863 2172 916 2201 915 2173 821 2171 822 2232 917 2172 916 2231 864 2219 971 2232 917 2230 865 2218 972 2231 864 2230 865 2217 918 2218 972 2229 823 2216 919 2217 918 2228 824 2215 920 2216 919 2227 866 2214 973 2215 920 2225 921 2214 973 2227 866 2224 922 2225 921 2226 825 2224 922 2240 867 2222 974 2240 867 2080 868 2107 975 2107 975 2080 868 2079 869 2907 870 2832 976 2079 869 2907 870 2906 923 2908 977 2905 828 2809 924 2906 923 2901 978 2809 924 2903 871 2902 925 2901 978 2903 871 2899 979 2902 925 2897 872 2891 873 2896 980 2897 872 2890 926 2889 981 2891 873 2883 982 2890 926 2885 874 2884 927 2883 982 2885 874 2877 983 2884 927 2873 875 2872 928 2871 984 2873 875 2872 928 2814 876 2865 985 2814 876 2813 929 2858 986 2813 929 2958 877 2957 987 2853 988 2958 877 2850 930 2850 930 2955 782 2949 931 2949 931 2956 878 2950 989 3597 990 2956 878 3598 932 3598 932 3643 830 3599 933 3599 933 3648 880 3649 991 3648 880 3985 881 3645 992 4018 934 4000 993 3985 881 4011 935 4018 934 4019 831 3995 936 4011 935 4012 832 776 994 3995 936 3996 882 769 995 3996 882 3997 883 764 937 3997 883 3850 834 762 884 763 996 764 937 3190 885 7755 997 762 884 3189 938 7755 997 3190 885 3187 837 3188 939 3189 938 7741 998 3188 939 3191 886 7741 998 3191 886 3193 940 3192 791 3198 941 3193 940 3198 941 3197 887 7741 998 7741 998 3197 887 3195 942 3194 999 3195 942 3196 792 3196 792 3202 943 3194 999 3202 943 3201 888 7742 1000 3201 888 3200 944 7742 1000 3199 838 3205 1001 3200 944 3199 838 3204 945 3205 1001 3203 889 3210 1002 3204 945 3497 890 3208 1003 3203 889 3468 891 3496 1004 3497 890 3468 891 3469 892 3470 1005 3538 893 3471 1006 3469 892 3538 893 3525 894 3539 1007 3525 894 3181 946 3526 1008 3183 839 932 1009 3181 946 3183 839 933 947 932 1009 931 841 933 947 934 895 3182 1010 931 841 3179 948 3179 948 936 896 925 949 3179 948 925 949 927 897 3179 948 927 897 3180 898 3528 1011 3180 898 3529 950 3529 950 3178 843 3530 1012 3530 1012 3178 843 3177 846 3177 846 915 899 3176 1013 3176 1013 915 899 914 951 906 718 913 1014 914 951 906 718 910 952 911 1015 909 900 3174 901 910 952 3533 953 3175 1016 3174 901 3547 1017 3533 953 3534 850 3547 1017 3534 850 3029 954 3029 954 3548 902 3027 1018 3548 902 3520 903 3549 1019 3520 903 3309 955 3521 1020 3172 851 3054 956 3309 955 3054 956 891 904 890 957 3055 958 890 957 889 905 888 853 3164 959 3055 958 4103 856 3164 959 3159 906 3159 906 3158 960 4103 856 4103 856 3158 960 3156 907 4103 856 3064 908 3168 961 3066 810 3167 1021 3168 961 3170 962 3085 1022 3066 810 873 909 872 1023 3170 962 819 910 872 1023 873 909 812 963 818 1024 819 910 820 1025 812 963 2143 763 2195 1026 2190 911 2196 912 2196 912 2204 964 2195 1026 2143 763 824 965 823 1027 822 1028 824 965 825 913 822 1028 825 913 826 966 2150 861 827 1029 826 966 2152 967 830 1030 2150 861 2195 1026 2152 967 2190 911 2204 964 2200 914 845 1031 2200 914 2241 968 867 1032 2203 862 2209 969 2241 968 2202 863 2207 970 2209 969 2201 915 2085 1033 2207 970 2172 916 2233 1034 2201 915 2172 916 2232 917 2233 1034 2232 917 2219 971 2220 1035 2231 864 2218 972 2219 971 2217 918 2163 1036 2218 972 2216 919 2161 1037 2217 918 2215 920 2159 1038 2216 919 2214 973 2157 1039 2215 920 2225 921 2213 1040 2214 973 2224 922 2223 1041 2225 921 2222 974 2223 1041 2224 922 2222 974 2240 867 2107 975 2107 975 2079 869 2109 1042 2832 976 2109 1042 2079 869 2908 977 2832 976 2907 870 2908 977 2906 923 2836 1043 2906 923 2809 924 2808 1044 2901 978 2807 1045 2809 924 2900 1046 2901 978 2902 925 2899 979 2900 1046 2902 925 2896 980 2899 979 2897 872 2889 981 2896 980 2891 873 2888 1047 2889 981 2890 926 2883 982 2888 1047 2890 926 2882 1048 2883 982 2884 927 2877 983 2882 1048 2884 927 2871 984 2877 983 2873 875 2870 1049 2871 984 2872 928 2872 928 2865 985 2870 1049 2858 986 2865 985 2814 876 2858 986 2813 929 2859 1050 2813 929 2957 987 2859 1050 2853 988 2957 987 2958 877 2850 930 2852 1051 2853 988 2948 1052 2850 930 2949 931 2948 1052 2949 931 2950 989 3597 990 2950 989 2956 878 3597 990 3598 932 3599 933 3607 1053 3599 933 3649 991 3648 880 3645 992 3649 991 3645 992 3985 881 3646 1054 3655 1055 3985 881 4000 993 4017 1056 4000 993 4018 934 4010 1057 4018 934 4011 935 3994 1058 4011 935 3995 936 779 1059 3995 936 776 994 776 994 3996 882 773 1060 773 1060 3996 882 769 995 769 995 3997 883 770 1061 770 1061 3997 883 764 937 764 937 763 996 765 1062 7755 997 7756 1063 762 884 7755 997 3189 938 3188 939 7755 997 3188 939 7741 998 3193 940 3198 941 7741 998 7741 998 3195 942 7742 1000 7742 1000 3195 942 3194 999 7742 1000 3194 999 3202 943 7742 1000 3200 944 3205 1001 7754 1064 3205 1001 3204 945 7754 1064 3204 945 3210 1002 3203 889 3209 1065 3210 1002 3208 1003 3209 1065 3203 889 3496 1004 3208 1003 3497 890 3470 1005 3496 1004 3468 891 3470 1005 3469 892 3471 1006 3539 1007 3471 1006 3538 893 3539 1007 3525 894 3526 1008 3526 1008 3181 946 3182 1010 3181 946 932 1009 930 1066 932 1009 933 947 931 841 3182 1010 929 1067 931 841 3527 1068 3182 1010 3179 948 3528 1011 3179 948 3180 898 3542 1069 3528 1011 3529 950 3543 1070 3529 950 3530 1012 3530 1012 3177 846 3531 1071 3531 1071 3177 846 3176 1013 3176 1013 914 951 913 1014 906 718 912 1072 913 1014 911 1015 912 1072 906 718 910 952 3175 1016 911 1015 910 952 3174 901 3175 1016 3532 1073 3175 1016 3533 953 3546 1074 3533 953 3547 1017 3029 954 3456 1075 3547 1017 3027 1018 3028 1076 3029 954 3027 1018 3548 902 3549 1019 3549 1019 3520 903 3521 1020 3521 1020 3309 955 3147 1077 3309 955 3054 956 3056 1078 3054 956 890 957 3055 958 3055 958 3164 959 3165 1079 4103 856 3165 1079 3164 959 3168 961 3167 1021 4103 856 3166 1080 3167 1021 3066 810 3066 810 3085 1022 3081 1081 3170 962 3326 1082 3085 1022 3170 962 872 1023 871 1083 819 910 871 1083 872 1023 818 1024 868 1084 819 910 812 963 817 1085 818 1024 812 963 820 1025 821 1086 821 1086 820 1025 2143 763 2195 1026 2204 964 849 1087 2143 763 823 1027 821 1086 823 1027 824 965 822 1028 826 966 827 1029 822 1028 2150 861 828 1088 827 1029 830 1030 829 1089 2150 861 831 1090 830 1030 2152 967 2151 1091 2152 967 2195 1026 2204 964 845 1031 849 1087 845 1031 2200 914 840 1092 2200 914 867 1032 866 1093 859 1094 867 1032 2241 968 2243 1095 2241 968 2209 969 2207 970 2208 1096 2209 969 2085 1033 2206 1097 2207 970 2233 1034 2085 1033 2201 915 2232 917 2220 1035 2233 1034 2219 971 2167 1098 2220 1035 2218 972 2165 1099 2219 971 2218 972 2163 1036 2165 1099 2217 918 2161 1037 2163 1036 2216 919 2159 1038 2161 1037 2215 920 2157 1039 2159 1038 2214 973 2155 1100 2157 1039 2213 1040 2155 1100 2214 973 2223 1041 2213 1040 2225 921 2222 974 2221 1101 2223 1041 2222 974 2107 975 2211 1102 2108 1103 2107 975 2109 1042 2832 976 2108 1103 2109 1042 2908 977 2833 1104 2832 976 2908 977 2836 1043 2835 1105 2906 923 2808 1044 2836 1043 2807 1045 2808 1044 2809 924 2820 1106 2807 1045 2901 978 2900 1046 2820 1106 2901 978 2898 1107 2900 1046 2899 979 2896 980 2898 1107 2899 979 2889 981 2895 1108 2896 980 2888 1047 2887 1109 2889 981 2881 1110 2888 1047 2883 982 2882 1048 2881 1110 2883 982 2876 1111 2882 1048 2877 983 2871 984 2876 1111 2877 983 2870 1049 2869 1112 2871 984 2870 1049 2865 985 2864 1113 2858 986 2864 1113 2865 985 2858 986 2859 1050 2860 1114 2859 1050 2957 987 2855 1115 2855 1115 2957 987 2853 988 2857 1116 2853 988 2852 1051 2850 930 2851 1117 2852 1051 2851 1117 2850 930 2948 1052 3609 1118 2948 1052 2950 989 3609 1118 2950 989 3597 990 3610 1119 3597 990 3599 933 3610 1119 3599 933 3607 1053 3607 1053 3649 991 3608 1120 3649 991 3645 992 3647 1121 3645 992 3646 1054 3647 1121 3654 1122 3646 1054 3985 881 3654 1122 3985 881 3655 1055 3655 1055 4000 993 3656 1123 4017 1056 4001 1124 4000 993 4010 1057 4017 1056 4018 934 3994 1058 4010 1057 4011 935 781 1125 3994 1058 3995 936 781 1125 3995 936 779 1059 776 994 778 1126 779 1059 773 1060 775 1127 776 994 769 995 772 1128 773 1060 766 1129 769 995 770 1061 766 1129 770 1061 764 937 764 937 765 1062 766 1129 7742 1000 3205 1001 7754 1064 3210 1002 3209 1065 7754 1064 3208 1003 3207 1130 3209 1065 3496 1004 3211 1131 3208 1003 3470 1005 3495 1132 3496 1004 3470 1005 3471 1006 3472 1133 3539 1007 3473 1134 3471 1006 3539 1007 3526 1008 3540 1135 3526 1008 3182 1010 3527 1068 3181 946 929 1067 3182 1010 3181 946 930 1066 929 1067 931 841 930 1066 932 1009 929 1136 930 1136 931 1136 3527 1068 3179 948 3528 1011 3541 1137 3528 1011 3542 1069 3542 1069 3529 950 3543 1070 3543 1070 3530 1012 3544 1138 3544 1138 3530 1012 3531 1071 3531 1071 3176 1013 3532 1073 912 1072 3176 1013 913 1014 911 1015 3175 1016 912 1072 3532 1073 3176 1013 3175 1016 3546 1074 3532 1073 3533 953 3547 1017 3485 1139 3546 1074 3547 1017 3456 1075 3485 1139 3029 954 3330 1140 3456 1075 3028 1076 3330 1140 3029 954 3028 1076 3027 1018 3328 1141 3027 1018 3549 1019 3329 1142 3549 1019 3521 1020 3329 1142 3521 1020 3147 1077 3142 1143 3309 955 3056 1078 3147 1077 3054 956 3055 958 3056 1078 3055 958 3165 1079 3151 1144 3151 1144 3165 1079 4103 856 4103 856 3167 1021 3166 1080 3066 810 3081 1081 3166 1080 3084 1145 3081 1081 3085 1022 3326 1082 3327 1146 3085 1022 3308 1147 3326 1082 3170 962 3170 962 871 1083 3308 1147 870 1148 871 1083 819 910 819 910 868 1084 869 1149 818 1024 3057 1150 868 1084 818 1024 817 1085 3057 1150 811 1151 817 1085 812 963 822 1028 812 963 821 1086 2195 1026 849 1087 2151 1091 822 1028 821 1086 823 1027 822 1028 827 1029 828 1088 2150 861 829 1089 828 1088 829 1089 830 1030 822 1028 822 1028 830 1030 831 1090 2152 967 832 1152 831 1090 2151 1091 838 1153 2152 967 844 1154 849 1087 845 1031 840 1092 844 1154 845 1031 840 1092 2200 914 866 1093 864 1155 866 1093 867 1032 864 1155 867 1032 859 1094 2242 1156 859 1094 2241 968 2242 1156 2241 968 2243 1095 2243 1095 2209 969 2244 1157 2209 969 2208 1096 2210 1158 2207 970 2206 1097 2208 1096 2085 1033 2205 1159 2206 1097 2233 1034 2086 1160 2085 1033 2220 1035 2086 1160 2233 1034 2167 1098 2087 1161 2220 1035 2219 971 2165 1099 2167 1098 2163 1036 2164 1162 2165 1099 2161 1037 2162 1163 2163 1036 2159 1038 2160 1164 2161 1037 2157 1039 2158 1165 2159 1038 2155 1100 2156 1166 2157 1039 2213 1040 2153 1167 2155 1100 2223 1041 2212 1168 2213 1040 2221 1101 2212 1168 2223 1041 2211 1102 2221 1101 2222 974 2211 1102 2107 975 2106 1169 2106 1169 2107 975 2108 1103 2106 1169 2108 1103 2832 976 2102 1170 2832 976 2833 1104 2835 1105 2833 1104 2908 977 2835 1105 2836 1043 2053 1171 2836 1043 2808 1044 2049 1172 2807 1045 2045 1173 2808 1044 2820 1106 2036 1174 2807 1045 2837 1175 2820 1106 2900 1046 2898 1107 2837 1175 2900 1046 2895 1108 2898 1107 2896 980 2887 1109 2895 1108 2889 981 2878 1176 2887 1109 2888 1047 2881 1110 2878 1176 2888 1047 2880 1177 2881 1110 2882 1048 2876 1111 2880 1177 2882 1048 2869 1112 2876 1111 2871 984 2868 1178 2869 1112 2870 1049 2870 1049 2864 1113 2868 1178 2860 1114 2864 1113 2858 986 2860 1114 2859 1050 2861 1179 2859 1050 2855 1115 2861 1179 2856 1180 2855 1115 2853 988 2856 1180 2853 988 2857 1116 2852 1051 3008 1181 2857 1116 2851 1117 3003 1182 2852 1051 2948 1052 3003 1182 2851 1117 3611 1183 2948 1052 3609 1118 3609 1118 3597 990 3610 1119 3607 1053 2669 1184 3610 1119 2669 1184 3607 1053 3608 1120 3608 1120 3649 991 3713 1185 3649 991 3647 1121 3713 1185 3646 1054 3654 1122 3647 1121 3647 1121 3654 1122 3655 1055 3650 1186 3655 1055 3656 1123 3656 1123 4000 993 3600 1187 3600 1187 4000 993 4001 1124 4016 1188 4001 1124 4017 1056 4009 1189 4017 1056 4010 1057 3993 1190 4010 1057 3994 1058 784 1191 3994 1058 781 1125 779 1059 780 1192 781 1125 779 1059 778 1126 780 1192 776 994 777 1193 778 1126 775 1127 777 1193 776 994 773 1060 774 1194 775 1127 772 1128 774 1194 773 1060 769 995 771 1195 772 1128 767 1196 769 995 766 1129 7754 1064 3209 1065 3207 1130 3206 1197 3207 1130 3208 1003 3211 1131 3212 1198 3208 1003 3495 1132 3211 1131 3496 1004 3472 1133 3495 1132 3470 1005 3472 1133 3471 1006 3473 1134 3540 1135 3473 1134 3539 1007 3540 1135 3526 1008 3527 1068 3541 1137 3527 1068 3528 1011 3542 1069 3477 1199 3541 1137 3543 1070 3479 1200 3542 1069 3544 1138 3481 1201 3543 1070 3544 1138 3531 1071 3545 1202 3545 1202 3531 1071 3532 1073 912 1072 3175 1016 3176 1013 3545 1202 3532 1073 3546 1074 3546 1074 3485 1139 3484 1203 3458 1204 3485 1139 3456 1075 3330 1140 3455 1205 3456 1075 3028 1076 3048 1206 3330 1140 3328 1141 3048 1206 3028 1076 3328 1141 3027 1018 3329 1142 3329 1142 3521 1020 3142 1143 3142 1143 3147 1077 3148 1207 3147 1077 3056 1078 3150 1208 3055 958 3153 1209 3056 1078 3151 1144 3152 1210 3055 958 4103 856 3152 1210 3151 1144 4103 856 3166 1080 3083 1211 3166 1080 3081 1081 3083 1211 3079 1212 3081 1081 3084 1145 3084 1145 3085 1022 3086 1213 3085 1022 3327 1146 3089 1214 3326 1082 3325 1215 3327 1146 3308 1147 3324 1216 3326 1082 3308 1147 871 1083 870 1148 819 910 869 1149 870 1148 868 1084 3308 1147 869 1149 868 1084 3057 1150 3308 1147 3057 1150 817 1085 3307 1217 3307 1217 817 1085 811 1151 808 1218 811 1151 812 963 813 1219 812 963 822 1028 2151 1091 849 1087 848 1220 822 1028 828 1088 829 1089 822 1028 831 1090 832 1152 2152 967 833 1221 832 1152 838 1153 839 1222 2152 967 836 1223 838 1153 2151 1091 844 1154 848 1220 849 1087 840 1092 843 1224 844 1154 865 1225 840 1092 866 1093 865 1225 866 1093 864 1155 859 1094 863 1226 864 1155 860 1227 859 1094 2242 1156 2244 1157 2209 969 2210 1158 2084 1228 2205 1159 2085 1033 1936 1229 2085 1033 2086 1160 2220 1035 2087 1161 2086 1160 2167 1098 2088 1230 2087 1161 2165 1099 2166 1231 2167 1098 2165 1099 2164 1162 2166 1231 2163 1036 2162 1163 2164 1162 2161 1037 2160 1164 2162 1163 2159 1038 2158 1165 2160 1164 2157 1039 2156 1166 2158 1165 2155 1100 2154 1232 2156 1166 2153 1167 2154 1232 2155 1100 2212 1168 2153 1167 2213 1040 2221 1101 2081 1233 2212 1168 2211 1102 2096 1234 2221 1101 2211 1102 2106 1169 2102 1170 2106 1169 2832 976 2102 1170 2102 1170 2833 1104 2103 1235 2835 1105 2834 1236 2833 1104 2835 1105 2053 1171 2056 1237 2836 1043 2051 1238 2053 1171 2836 1043 2049 1172 2051 1238 2808 1044 2048 1239 2049 1172 2808 1044 2045 1173 2046 1240 2807 1045 2043 1241 2045 1173 2036 1174 2043 1241 2807 1045 2037 1242 2036 1174 2820 1106 2837 1175 2039 1243 2820 1106 2838 1244 2837 1175 2898 1107 2895 1108 2838 1244 2898 1107 2887 1109 2838 1244 2895 1108 2878 1176 2819 1245 2887 1109 2879 1246 2878 1176 2881 1110 2880 1177 2879 1246 2881 1110 2875 1247 2880 1177 2876 1111 2869 1112 2875 1247 2876 1111 2868 1178 2867 1248 2869 1112 2868 1178 2864 1113 2863 1249 2860 1114 2863 1249 2864 1113 2860 1114 2861 1179 2810 1250 2861 1179 2855 1115 2854 1251 2854 1251 2855 1115 2856 1180 2857 1116 3008 1181 2856 1180 2852 1051 3003 1182 3008 1181 2948 1052 2697 1252 3003 1182 3611 1183 2694 1253 2948 1052 3609 1118 3610 1119 3611 1183 3610 1119 2669 1184 2670 1254 3608 1120 2667 1255 2669 1184 3608 1120 3713 1185 3714 1256 3713 1185 3647 1121 3650 1186 3647 1121 3655 1055 3650 1186 3650 1186 3656 1123 3651 1257 3656 1123 3600 1187 3651 1257 3600 1187 4001 1124 3601 1258 4016 1188 4002 1259 4001 1124 4009 1189 4016 1188 4017 1056 3993 1190 4009 1189 4010 1057 786 1260 3993 1190 3994 1058 786 1260 3994 1058 784 1191 781 1125 783 1261 784 1191 780 1192 782 1262 781 1125 768 1263 771 1195 769 995 767 1196 768 1263 769 995 7754 1064 3207 1130 3206 1197 3208 1003 3213 1264 3206 1197 3208 1003 3212 1198 3213 1264 3211 1131 3218 1265 3212 1198 3495 1132 3216 1266 3211 1131 3472 1133 3494 1267 3495 1132 3472 1133 3473 1134 3474 1268 3540 1135 3475 1269 3473 1134 3540 1135 3527 1068 3541 1137 3541 1137 3477 1199 3475 1269 3542 1069 3479 1200 3477 1199 3543 1070 3481 1201 3479 1200 3544 1138 3483 1270 3481 1201 3545 1202 3483 1270 3544 1138 3546 1074 3484 1203 3545 1202 3458 1204 3484 1203 3485 1139 3456 1075 3457 1271 3458 1204 3456 1075 3455 1205 3457 1271 3330 1140 3331 1272 3455 1205 3330 1140 3048 1206 3331 1272 3328 1141 3049 1273 3048 1206 3328 1141 3329 1142 3136 1274 3329 1142 3142 1143 3136 1274 3142 1143 3148 1207 3143 1275 3147 1077 3146 1276 3148 1207 3147 1077 3150 1208 3145 1277 3056 1078 3149 1278 3150 1208 3056 1078 3153 1209 3154 1279 3055 958 3152 1210 3153 1209 4103 856 3153 1209 3152 1210 3083 1211 3082 1280 4103 856 3081 1081 3082 1280 3083 1211 3079 1212 3080 1281 3081 1081 4104 1282 3079 1212 3084 1145 3084 1145 3086 1213 4104 1282 3085 1022 3089 1214 3086 1213 3327 1146 3348 1283 3089 1214 3325 1215 3346 1284 3327 1146 3324 1216 3325 1215 3326 1082 3057 1150 3324 1216 3308 1147 3308 1147 870 1148 869 1149 3307 1217 3322 1285 3057 1150 3307 1217 811 1151 810 1286 808 1218 810 1286 811 1151 812 963 815 1287 808 1218 813 1219 814 1288 812 963 813 1219 822 1028 3306 1289 2151 1091 848 1220 837 1290 832 1152 833 1221 822 1028 834 1291 833 1221 2152 967 2152 967 839 1222 835 1292 838 1153 822 1028 839 1222 836 1223 837 1290 838 1153 837 1290 836 1223 2151 1091 847 1293 848 1220 844 1154 3303 1294 844 1154 843 1224 842 1295 843 1224 840 1092 841 1296 840 1092 865 1225 865 1225 864 1155 3058 1297 3301 1298 864 1155 863 1226 859 1094 862 1299 863 1226 859 1094 860 1227 861 1300 1935 1301 2084 1228 2085 1033 1935 1301 2085 1033 1936 1229 1936 1229 2086 1160 1938 1302 1938 1302 2086 1160 2087 1161 1940 1303 2087 1161 2088 1230 2166 1231 2088 1230 2167 1098 2164 1162 2089 1304 2166 1231 2162 1163 2090 1305 2164 1162 2160 1164 2083 1306 2162 1163 2158 1165 2091 1307 2160 1164 2156 1166 2092 1308 2158 1165 2154 1232 2093 1309 2156 1166 2153 1167 2094 1310 2154 1232 2212 1168 2095 1311 2153 1167 2081 1233 2082 1312 2212 1168 2096 1234 2081 1233 2221 1101 2097 1313 2096 1234 2211 1102 2104 1314 2211 1102 2102 1170 2102 1170 2103 1235 2104 1314 2833 1104 2105 1315 2103 1235 2834 1236 2099 1316 2833 1104 2054 1317 2834 1236 2835 1105 2056 1237 2055 1318 2835 1105 2052 1319 2056 1237 2053 1171 2051 1238 2052 1319 2053 1171 2049 1172 2050 1320 2051 1238 2048 1239 2047 1321 2049 1172 2808 1044 2046 1240 2048 1239 2045 1173 2044 1322 2046 1240 2043 1241 2044 1322 2045 1173 2036 1174 2038 1323 2043 1241 2036 1174 2037 1242 2038 1323 2039 1243 2037 1242 2820 1106 2041 1324 2039 1243 2837 1175 2838 1244 2032 1325 2837 1175 2887 1109 2819 1245 2838 1244 2839 1326 2819 1245 2878 1176 2879 1246 2839 1326 2878 1176 2840 1327 2879 1246 2880 1177 2875 1247 2840 1327 2880 1177 2867 1248 2875 1247 2869 1112 2866 1328 2867 1248 2868 1178 2868 1178 2863 1249 2866 1328 2810 1250 2863 1249 2860 1114 2861 1179 2854 1251 2810 1250 2856 1180 3007 1329 2854 1251 2856 1180 3008 1181 3007 1329 2693 1330 3008 1181 3003 1182 3003 1182 2697 1252 2693 1330 2696 1331 2697 1252 2948 1052 2948 1052 2694 1253 2695 1332 3611 1183 2672 1333 2694 1253 3611 1183 3610 1119 2672 1333 3610 1119 2670 1254 2672 1333 2669 1184 2668 1334 2670 1254 2667 1255 2668 1334 2669 1184 3608 1120 2658 1335 2667 1255 3714 1256 2658 1335 3608 1120 3714 1256 3713 1185 3715 1336 3713 1185 3650 1186 3715 1336 3650 1186 3651 1257 3652 1337 3651 1257 3600 1187 3602 1338 3600 1187 3601 1258 3602 1338 4001 1124 3681 1339 3601 1258 4002 1259 3716 1340 4001 1124 4015 1341 4002 1259 4016 1188 4008 1342 4016 1188 4009 1189 3992 1343 4009 1189 3993 1190 789 1344 3993 1190 786 1260 784 1191 785 1345 786 1260 784 1191 783 1261 785 1345 781 1125 782 1262 783 1261 3206 1197 3213 1264 7754 1064 7754 1064 3213 1264 3212 1198 7753 1346 3212 1198 3218 1265 3211 1131 3217 1347 3218 1265 3216 1266 3217 1347 3211 1131 3494 1267 3216 1266 3495 1132 3474 1268 3494 1267 3472 1133 3474 1268 3473 1134 3475 1269 3541 1137 3475 1269 3540 1135 3476 1348 3475 1269 3477 1199 3478 1349 3477 1199 3479 1200 3480 1350 3479 1200 3481 1201 3482 1351 3481 1201 3483 1270 3545 1202 3484 1203 3483 1270 3460 1352 3484 1203 3458 1204 3458 1204 3457 1271 3459 1353 3455 1205 3486 1354 3457 1271 3455 1205 3331 1272 3372 1355 3048 1206 3050 1356 3331 1272 3048 1206 3049 1273 3050 1356 3136 1274 3049 1273 3328 1141 3136 1274 3142 1143 3144 1357 3142 1143 3143 1275 3144 1357 4105 1358 3143 1275 3148 1207 4105 1358 3148 1207 3146 1276 3145 1277 3146 1276 3147 1077 3145 1277 3150 1208 4104 1282 4104 1282 3150 1208 3149 1278 3056 1078 3154 1279 3149 1278 4104 1282 3154 1279 3153 1209 4104 1282 3153 1209 4103 856 4103 856 3082 1280 3080 1281 3081 1081 3080 1281 3082 1280 4104 1282 3080 1281 3079 1212 3086 1213 3088 1359 4104 1282 3086 1213 3089 1214 3088 1359 3089 1214 3348 1283 3092 1360 3327 1146 3346 1284 3348 1283 3325 1215 3344 1361 3346 1284 3324 1216 3323 1362 3325 1215 3057 1150 3322 1285 3324 1216 3307 1217 3320 1363 3322 1285 809 1364 3307 1217 810 1286 808 1218 809 1364 810 1286 808 1218 815 1287 816 1365 812 963 814 1288 815 1287 3306 1289 814 1288 813 1219 3306 1289 822 1028 857 1366 847 1293 837 1290 848 1220 822 1028 833 1221 834 1291 2152 967 835 1292 834 1291 839 1222 822 1028 835 1292 838 1153 837 1290 822 1028 3305 1367 847 1293 844 1154 3305 1367 844 1154 3303 1294 3303 1294 843 1224 842 1295 840 1092 841 1296 842 1295 3058 1297 841 1296 865 1225 3058 1297 864 1155 3301 1298 3301 1298 863 1226 862 1299 861 1300 862 1299 859 1094 1934 1368 2084 1228 1935 1301 1934 1368 1935 1301 1936 1229 1936 1229 1938 1302 1937 1369 1938 1302 2087 1161 1939 1370 1939 1370 2087 1161 1940 1303 1940 1303 2088 1230 1930 1371 2166 1231 1815 1372 2088 1230 2166 1231 2089 1304 1809 1373 2164 1162 2090 1305 2089 1304 2162 1163 2083 1306 2090 1305 2160 1164 2091 1307 2083 1306 2158 1165 2092 1308 2091 1307 2156 1166 2093 1309 2092 1308 2154 1232 2094 1310 2093 1309 2153 1167 2095 1311 2094 1310 2212 1168 2082 1312 2095 1311 2081 1233 1787 1374 2082 1312 2096 1234 1741 1375 2081 1233 2097 1313 1783 1376 2096 1234 2104 1314 2097 1313 2211 1102 2104 1314 2103 1235 2105 1315 2833 1104 2099 1316 2105 1315 2834 1236 2100 1377 2099 1316 1985 1378 2834 1236 2054 1317 2835 1105 2055 1318 2054 1317 2052 1319 2055 1318 2056 1237 2051 1238 2050 1320 2052 1319 2049 1172 2047 1321 2050 1320 2046 1240 2047 1321 2048 1239 2046 1240 2044 1322 2047 1321 2043 1241 2038 1323 2044 1322 2038 1323 2037 1242 2039 1243 2040 1379 2039 1243 2041 1324 2837 1175 2042 1380 2041 1324 2032 1325 2042 1380 2837 1175 2033 1381 2032 1325 2838 1244 2819 1245 1987 1382 2838 1244 2839 1326 2024 1383 2819 1245 2818 1384 2839 1326 2879 1246 2840 1327 2818 1384 2879 1246 2817 1385 2840 1327 2875 1247 2867 1248 2817 1385 2875 1247 2866 1328 2842 1386 2867 1248 2866 1328 2863 1249 2862 1387 2810 1250 2862 1387 2863 1249 2810 1250 2854 1251 2972 1388 2854 1251 3007 1329 3005 1389 2693 1330 3007 1329 3008 1181 2696 1331 2693 1330 2697 1252 2948 1052 2695 1332 2696 1331 2694 1253 2672 1333 2695 1332 2670 1254 2671 1390 2672 1333 2670 1254 2668 1334 2671 1390 2667 1255 2666 1391 2668 1334 2658 1335 2666 1391 2667 1255 3697 1392 2658 1335 3714 1256 3714 1256 3715 1336 3697 1392 3715 1336 3650 1186 3652 1337 3652 1337 3651 1257 3653 1393 3651 1257 3602 1338 3653 1393 3601 1258 3681 1339 3602 1338 4001 1124 3716 1340 3681 1339 4002 1259 3717 1394 3716 1340 4015 1341 4003 1395 4002 1259 4008 1342 4015 1341 4016 1188 3992 1343 4008 1342 4009 1189 791 1396 3992 1343 3993 1190 791 1396 3993 1190 789 1344 786 1260 788 1397 789 1344 785 1345 787 1398 786 1260 7754 1064 3212 1198 7753 1346 7753 1346 3218 1265 3217 1347 3216 1266 3215 1399 3217 1347 3494 1267 3220 1400 3216 1266 3474 1268 3493 1401 3494 1267 3474 1268 3475 1269 3476 1348 3476 1348 3477 1199 3478 1349 3478 1349 3479 1200 3480 1350 3480 1350 3481 1201 3482 1351 3482 1351 3483 1270 3460 1352 3460 1352 3483 1270 3484 1203 3458 1204 3459 1353 3460 1352 3457 1271 3487 1402 3459 1353 3457 1271 3486 1354 3487 1402 3455 1205 3372 1355 3486 1354 3331 1272 3131 1403 3372 1355 3331 1272 3050 1356 3131 1403 3049 1273 3133 1404 3050 1356 3136 1274 3139 1405 3049 1273 3136 1274 3144 1357 3137 1406 4106 1407 3144 1357 3143 1275 4106 1407 3143 1275 4105 1358 3146 1276 3145 1277 4105 1358 3145 1277 4104 1282 4105 1358 3149 1278 3154 1279 4104 1282 4103 856 3080 1281 4104 1282 4104 1282 3088 1359 3087 1408 3087 1408 3088 1359 3089 1214 3089 1214 3092 1360 3087 1408 3348 1283 3349 1409 3092 1360 3346 1284 3347 1410 3348 1283 3344 1361 3345 1411 3346 1284 3323 1362 3344 1361 3325 1215 3322 1285 3323 1362 3324 1216 3320 1363 3321 1412 3322 1285 3306 1289 3320 1363 3307 1217 809 1364 816 1365 3307 1217 808 1218 816 1365 809 1364 3307 1217 816 1365 815 1287 3306 1289 815 1287 814 1288 3306 1289 857 1366 3304 1413 822 1028 858 1414 857 1366 846 1415 837 1290 847 1293 822 1028 834 1291 835 1292 837 1290 858 1414 822 1028 846 1415 847 1293 3305 1367 3303 1294 3314 1416 3305 1367 3303 1294 842 1295 3058 1297 3058 1297 842 1295 841 1296 3301 1298 3311 1417 3058 1297 3302 1418 3301 1298 862 1299 3302 1418 862 1299 861 1300 1934 1368 1936 1229 1937 1369 1937 1369 1938 1302 1939 1370 1932 1419 1939 1370 1940 1303 1932 1419 1940 1303 1930 1371 2088 1230 1931 1420 1930 1371 1815 1372 1817 1421 2088 1230 1809 1373 1815 1372 2166 1231 2089 1304 1810 1422 1809 1373 2090 1305 1814 1423 2089 1304 2083 1306 1806 1424 2090 1305 1804 1425 2083 1306 2091 1307 2092 1308 1801 1426 2091 1307 2093 1309 1794 1427 2092 1308 1788 1428 2093 1309 2094 1310 2095 1311 1792 1429 2094 1310 2082 1312 1738 1430 2095 1311 1787 1374 1786 1431 2082 1312 1740 1432 1787 1374 2081 1233 1741 1375 1740 1432 2081 1233 1782 1433 1741 1375 2096 1234 2096 1234 1783 1376 1782 1433 1784 1434 1783 1376 2097 1313 2099 1316 2097 1313 2104 1314 2104 1314 2105 1315 2099 1316 2099 1316 2100 1377 2097 1313 2834 1236 2101 1435 2100 1377 1984 1436 2834 1236 1985 1378 1985 1378 2054 1317 1986 1437 1986 1437 2054 1317 2055 1318 1986 1437 2055 1318 2052 1319 2050 1320 1980 1438 2052 1319 2047 1321 2060 1439 2050 1320 2044 1322 2059 1440 2047 1321 2038 1323 2058 1441 2044 1322 2038 1323 2039 1243 2040 1379 2040 1379 2041 1324 2042 1380 2042 1380 2032 1325 2040 1379 2032 1325 2033 1381 2034 1442 2838 1244 2035 1443 2033 1381 2838 1244 1987 1382 2035 1443 2819 1245 1988 1444 1987 1382 2024 1383 2031 1445 2819 1245 2025 1446 2024 1383 2839 1326 2818 1384 2028 1447 2839 1326 2841 1448 2818 1384 2840 1327 2817 1385 2021 1449 2840 1327 2842 1386 2817 1385 2867 1248 2843 1450 2842 1386 2866 1328 2866 1328 2862 1387 2843 1450 2812 1451 2862 1387 2810 1250 2810 1250 2972 1388 2816 1452 2854 1251 3005 1389 2972 1388 3006 1453 3005 1389 3007 1329 2692 1454 3007 1329 2693 1330 2696 1331 2671 1390 2693 1330 2695 1332 2671 1390 2696 1331 2695 1332 2672 1333 2671 1390 2668 1334 2700 1455 2671 1390 2666 1391 2699 1456 2668 1334 2658 1335 2665 1457 2666 1391 3697 1392 3606 1458 2658 1335 3715 1336 3652 1337 3697 1392 3697 1392 3652 1337 3653 1393 3653 1393 3602 1338 3673 1459 3602 1338 3681 1339 3682 1460 3681 1339 3716 1340 3682 1460 3682 1460 3716 1340 3717 1394 4002 1259 3718 1461 3717 1394 4003 1395 3718 1461 4002 1259 4014 1462 4003 1395 4015 1341 4007 1463 4015 1341 4008 1342 3991 1464 4008 1342 3992 1343 793 1465 3992 1343 791 1396 789 1344 790 1466 791 1396 789 1344 788 1397 790 1466 786 1260 787 1398 788 1397 3217 1347 3215 1399 7753 1346 3214 1467 3215 1399 3216 1266 3219 1468 3216 1266 3220 1400 3493 1401 3220 1400 3494 1267 3476 1348 3493 1401 3474 1268 3478 1349 3492 1469 3476 1348 3480 1350 3491 1470 3478 1349 3482 1351 3490 1471 3480 1350 3460 1352 3489 1472 3482 1351 3459 1353 3488 1473 3460 1352 3459 1353 3487 1402 3488 1473 3486 1354 3507 1474 3487 1402 3486 1354 3372 1355 3373 1475 3372 1355 3131 1403 3069 1476 3050 1356 3134 1477 3131 1403 3050 1356 3133 1404 3134 1477 3049 1273 3141 1478 3133 1404 3139 1405 3140 1479 3049 1273 3138 1480 3139 1405 3136 1274 3136 1274 3137 1406 3138 1480 3137 1406 3144 1357 4106 1407 4105 1358 3095 1481 4106 1407 4105 1358 4104 1282 3094 1482 4104 1282 3087 1408 3094 1482 3087 1408 3092 1360 3094 1482 3092 1360 3349 1409 3078 1483 3348 1283 3347 1410 3349 1409 3346 1284 3345 1411 3347 1410 3344 1361 3343 1484 3345 1411 3323 1362 3342 1485 3344 1361 3322 1285 3321 1412 3323 1362 3320 1363 3319 1486 3321 1412 3306 1289 3318 1487 3320 1363 3307 1217 815 1287 3306 1289 3304 1413 3318 1487 3306 1289 3304 1413 857 1366 856 1488 837 1290 857 1366 858 1414 846 1415 852 1489 837 1290 3305 1367 852 1489 846 1415 3305 1367 3314 1416 3316 1490 3303 1294 3312 1491 3314 1416 3058 1297 3312 1491 3303 1294 3058 1297 3311 1417 3312 1491 3301 1298 3310 1492 3311 1417 3300 1493 3301 1298 3302 1418 1937 1369 1939 1370 1932 1419 1930 1371 1931 1420 1932 1419 2088 1230 1933 1494 1931 1420 2088 1230 1817 1421 1736 1495 1815 1372 1816 1496 1817 1421 1809 1373 1811 1497 1815 1372 1809 1373 1810 1422 1811 1497 1812 1498 1810 1422 2089 1304 2089 1304 1814 1423 1813 1499 2090 1305 1805 1500 1814 1423 2090 1305 1806 1424 1805 1500 2083 1306 1808 1501 1806 1424 1803 1502 2083 1306 1804 1425 1804 1425 2091 1307 1798 1503 2091 1307 1801 1426 1799 1504 2092 1308 1793 1505 1801 1426 2092 1308 1794 1427 1793 1505 2093 1309 1796 1506 1794 1427 1797 1507 2093 1309 1788 1428 1788 1428 2094 1310 1789 1508 2094 1310 1792 1429 1791 1509 2095 1311 1737 1510 1792 1429 2095 1311 1738 1430 1737 1510 2082 1312 1785 1511 1738 1430 1786 1431 1785 1511 2082 1312 1742 1512 1786 1431 1787 1374 1742 1512 1787 1374 1740 1432 1740 1432 1741 1375 1742 1512 1741 1375 1782 1433 1742 1512 1742 1512 1782 1433 1783 1376 1779 1513 1783 1376 1784 1434 1784 1434 2097 1313 1777 1514 2097 1313 2100 1377 2101 1435 2098 1515 2101 1435 2834 1236 1984 1436 2098 1515 2834 1236 1984 1436 1985 1378 1986 1437 2052 1319 1979 1516 1986 1437 2052 1319 1980 1438 1979 1516 2050 1320 2060 1439 1980 1438 2047 1321 2059 1440 2060 1439 2044 1322 2058 1441 2059 1440 2038 1323 2057 1517 2058 1441 2040 1379 2057 1517 2038 1323 2040 1379 2032 1325 2034 1442 2034 1442 2033 1381 2035 1443 2035 1443 1987 1382 2034 1442 1987 1382 1988 1444 1989 1518 2031 1445 1988 1444 2819 1245 2024 1383 1989 1518 2031 1445 2024 1383 2025 1446 2026 1519 2839 1326 2027 1520 2025 1446 2028 1447 2027 1520 2839 1326 2023 1521 2028 1447 2818 1384 2841 1448 2022 1522 2818 1384 2840 1327 2020 1523 2841 1448 2021 1449 2020 1523 2840 1327 2003 1524 2021 1449 2817 1385 2842 1386 2004 1525 2817 1385 2843 1450 1992 1526 2842 1386 2843 1450 2862 1387 2812 1451 2810 1250 2811 1527 2812 1451 2811 1527 2810 1250 2816 1452 2972 1388 3004 1528 2816 1452 2972 1388 3005 1389 3004 1528 3004 1528 3005 1389 3006 1453 2692 1454 3006 1453 3007 1329 2692 1454 2693 1330 2671 1390 2671 1390 2700 1455 2692 1454 2668 1334 2699 1456 2700 1455 2666 1391 2698 1529 2699 1456 2665 1457 2698 1529 2666 1391 2595 1530 2665 1457 2658 1335 2659 1531 2658 1335 3606 1458 3699 1532 3606 1458 3697 1392 3697 1392 3653 1393 3698 1533 3653 1393 3673 1459 3657 1534 3602 1338 3682 1460 3673 1459 3682 1460 3717 1394 3683 1535 3683 1535 3717 1394 3718 1461 4003 1395 3719 1536 3718 1461 4014 1462 4004 1537 4003 1395 4007 1463 4014 1462 4015 1341 3991 1464 4007 1463 4008 1342 795 1538 3991 1464 3992 1343 795 1538 3992 1343 793 1465 791 1396 792 1539 793 1465 791 1396 790 1466 792 1539 7753 1346 3215 1399 3214 1467 3214 1467 3216 1266 3219 1468 3219 1468 3220 1400 3221 1540 3493 1401 3222 1541 3220 1400 3476 1348 3492 1469 3493 1401 3478 1349 3491 1470 3492 1469 3480 1350 3490 1471 3491 1470 3482 1351 3489 1472 3490 1471 3460 1352 3488 1473 3489 1472 3487 1402 3508 1542 3488 1473 3487 1402 3507 1474 3508 1542 3486 1354 3373 1475 3507 1474 3372 1355 3069 1476 3373 1475 3130 1543 3069 1476 3131 1403 3131 1403 3134 1477 3135 1544 4107 1545 3134 1477 3133 1404 4106 1407 3133 1404 3141 1478 3049 1273 3140 1479 3141 1478 3140 1479 3139 1405 4106 1407 4106 1407 3139 1405 3138 1480 4106 1407 3138 1480 3137 1406 4106 1407 3095 1481 3371 1546 4105 1358 3076 1547 3095 1481 4105 1358 3094 1482 3093 1548 3092 1360 3093 1548 3094 1482 3092 1360 3078 1483 3090 1549 3349 1409 3368 1550 3078 1483 3347 1410 3366 1551 3349 1409 3345 1411 3364 1552 3347 1410 3343 1484 3362 1553 3345 1411 3342 1485 3343 1484 3344 1361 3321 1412 3342 1485 3323 1362 3319 1486 3340 1554 3321 1412 3318 1487 3319 1486 3320 1363 3304 1413 3316 1490 3318 1487 3304 1413 856 1488 855 1555 856 1488 857 1366 837 1290 837 1290 852 1489 853 1556 3305 1367 853 1556 852 1489 3305 1367 3316 1490 3304 1413 3314 1416 3315 1557 3316 1490 3312 1491 3313 1558 3314 1416 3311 1417 3053 1559 3312 1491 3310 1492 3051 1560 3311 1417 3300 1493 3310 1492 3301 1298 1932 1419 1931 1420 1649 1561 1649 1561 1931 1420 1933 1494 1736 1495 1933 1494 2088 1230 1817 1421 1818 1562 1736 1495 1817 1421 1816 1496 1818 1562 1815 1372 1811 1497 1816 1496 1810 1422 1812 1498 1811 1497 2089 1304 1813 1499 1812 1498 1811 1497 1813 1499 1814 1423 1807 1563 1814 1423 1805 1500 1805 1500 1806 1424 1807 1563 1807 1563 1806 1424 1808 1501 1802 1564 1808 1501 2083 1306 1803 1502 1802 1564 2083 1306 1800 1565 1803 1502 1804 1425 1800 1565 1804 1425 1798 1503 2091 1307 1799 1504 1798 1503 1795 1566 1799 1504 1801 1426 1795 1566 1801 1426 1793 1505 1793 1505 1794 1427 1795 1566 1795 1566 1794 1427 1796 1506 1797 1507 1796 1506 2093 1309 1790 1567 1797 1507 1788 1428 1788 1428 1789 1508 1790 1567 2094 1310 1791 1509 1789 1508 1739 1568 1791 1509 1792 1429 1739 1568 1792 1429 1737 1510 1737 1510 1738 1430 1739 1568 1738 1430 1785 1511 1739 1568 1739 1568 1785 1511 1786 1431 1739 1568 1786 1431 1742 1512 1742 1512 1783 1376 1779 1513 1779 1513 1784 1434 1777 1514 1777 1514 2097 1313 2098 1515 2097 1313 2101 1435 2098 1515 1780 1569 2098 1515 1984 1436 1781 1570 1984 1436 1986 1437 1986 1437 1979 1516 1773 1571 1978 1572 1979 1516 1980 1438 2060 1439 2063 1573 1980 1438 2059 1440 2064 1574 2060 1439 2058 1441 2065 1575 2059 1440 2057 1517 2066 1576 2058 1441 2040 1379 2067 1577 2057 1517 2040 1379 2034 1442 2067 1577 2034 1442 1987 1382 1989 1518 2031 1445 1989 1518 1988 1444 2024 1383 2030 1578 1989 1518 2026 1519 2030 1578 2024 1383 2026 1519 2025 1446 2027 1520 1995 1579 2027 1520 2028 1447 1995 1579 2028 1447 2023 1521 2022 1522 2023 1521 2818 1384 2018 1580 2022 1522 2841 1448 2841 1448 2020 1523 2019 1581 2000 1582 2020 1523 2021 1449 2000 1582 2021 1449 2003 1524 2004 1525 2003 1524 2817 1385 2008 1583 2004 1525 2842 1386 1992 1526 2010 1584 2842 1386 2014 1585 1992 1526 2843 1450 2843 1450 2812 1451 2844 1586 2811 1527 3012 1587 2812 1451 2816 1452 3013 1588 2811 1527 2816 1452 3004 1528 3013 1588 3006 1453 3011 1589 3004 1528 2692 1454 3002 1590 3006 1453 2700 1455 3002 1590 2692 1454 2699 1456 3002 1590 2700 1455 2698 1529 3001 1591 2699 1456 2665 1457 2664 1592 2698 1529 2595 1530 2664 1592 2665 1457 2658 1335 2659 1531 2595 1530 3606 1458 2660 1593 2659 1531 3699 1532 3612 1594 3606 1458 3697 1392 3698 1533 3699 1532 3698 1533 3653 1393 3658 1595 3653 1393 3657 1534 3658 1595 3657 1534 3673 1459 3674 1596 3673 1459 3682 1460 3683 1535 3683 1535 3718 1461 3684 1597 3684 1597 3718 1461 3719 1536 4003 1395 3720 1598 3719 1536 4004 1537 3720 1598 4003 1395 4013 1599 4004 1537 4014 1462 4006 1600 4014 1462 4007 1463 3990 1601 4007 1463 3991 1464 798 1602 3991 1464 795 1538 793 1465 794 1603 795 1538 793 1465 792 1539 794 1603 7753 1346 3214 1467 7743 1604 7743 1604 3214 1467 3219 1468 7743 1604 3219 1468 3221 1540 3220 1400 3224 1605 3221 1540 3222 1541 3223 1606 3220 1400 3492 1469 3222 1541 3493 1401 3491 1470 3227 1607 3492 1469 3490 1471 3511 1608 3491 1470 3489 1472 3510 1609 3490 1471 3488 1473 3509 1610 3489 1472 3488 1473 3508 1542 3509 1610 3507 1474 3374 1611 3508 1542 3507 1474 3373 1475 3374 1611 3375 1612 3373 1475 3069 1476 3067 1613 3069 1476 3130 1543 3130 1543 3131 1403 3132 1614 3131 1403 3135 1544 3132 1614 3135 1544 3134 1477 4107 1545 4107 1545 3133 1404 4106 1407 4106 1407 3141 1478 3140 1479 4106 1407 3371 1546 3099 1615 3095 1481 3370 1616 3371 1546 3076 1547 3078 1483 3095 1481 3077 1617 3076 1547 4105 1358 3093 1548 3091 1618 4105 1358 3092 1360 3091 1618 3093 1548 3090 1549 3091 1618 3092 1360 3090 1549 3078 1483 3077 1617 3078 1483 3368 1550 3370 1616 3349 1409 3366 1551 3368 1550 3347 1410 3364 1552 3366 1551 3345 1411 3362 1553 3364 1552 3343 1484 3360 1619 3362 1553 3342 1485 3341 1620 3343 1484 3321 1412 3340 1554 3342 1485 3319 1486 3338 1621 3340 1554 3318 1487 3317 1622 3319 1486 3316 1490 3317 1622 3318 1487 3304 1413 855 1555 854 1623 837 1290 855 1555 856 1488 837 1290 853 1556 850 1624 850 1624 853 1556 3305 1367 3304 1413 850 1624 3305 1367 3316 1490 3315 1557 3317 1622 3314 1416 3313 1558 3315 1557 3312 1491 3053 1559 3313 1558 3311 1417 3051 1560 3053 1559 1649 1561 1933 1494 1929 1625 1736 1495 1929 1625 1933 1494 1736 1495 1818 1562 1643 1626 1732 1627 1818 1562 1816 1496 1828 1628 1816 1496 1811 1497 1811 1497 1812 1498 1813 1499 1807 1563 1811 1497 1814 1423 1807 1563 1808 1501 1802 1564 1802 1564 1803 1502 1800 1565 1798 1503 1799 1504 1800 1565 1800 1565 1799 1504 1795 1566 1795 1566 1796 1506 1790 1567 1790 1567 1796 1506 1797 1507 1790 1567 1789 1508 1791 1509 1790 1567 1791 1509 1739 1568 1742 1512 1830 1629 1739 1568 1779 1513 1774 1630 1742 1512 1777 1514 1778 1631 1779 1513 1777 1514 2098 1515 1778 1631 1778 1631 2098 1515 1780 1569 1780 1569 1984 1436 1781 1570 1781 1570 1986 1437 1775 1632 1986 1437 1773 1571 1776 1633 1979 1516 1772 1634 1773 1571 1978 1572 1768 1635 1979 1516 1980 1438 2062 1636 1978 1572 1980 1438 2063 1573 2062 1636 2060 1439 2064 1574 2063 1573 2059 1440 2065 1575 2064 1574 2058 1441 2066 1576 2065 1575 2057 1517 2067 1577 2066 1576 2067 1577 2034 1442 1983 1637 2034 1442 1989 1518 1983 1637 1983 1637 1989 1518 2030 1578 2026 1519 2029 1638 2030 1578 2026 1519 2027 1520 1995 1579 2022 1522 1995 1579 2023 1521 2018 1580 1997 1639 2022 1522 2841 1448 2019 1581 2018 1580 1997 1639 2019 1581 2020 1523 1997 1639 2020 1523 2000 1582 2003 1524 2004 1525 2000 1582 2004 1525 2008 1583 2000 1582 2842 1386 2010 1584 2008 1583 1992 1526 1991 1640 2010 1584 1992 1526 2014 1585 1990 1641 2843 1450 2015 1642 2014 1585 2844 1586 2845 1643 2843 1450 2812 1451 3010 1644 2844 1586 2812 1451 3012 1587 3010 1644 2811 1527 3013 1588 3012 1587 3004 1528 3011 1589 3013 1588 3006 1453 3018 1645 3011 1589 3002 1590 3018 1645 3006 1453 2699 1456 3001 1591 3002 1590 2664 1592 3001 1591 2698 1529 2594 1646 2664 1592 2595 1530 2595 1530 2659 1531 2660 1593 3612 1594 2660 1593 3606 1458 3701 1647 3612 1594 3699 1532 3699 1532 3698 1533 3700 1648 3698 1533 3658 1595 3700 1648 3658 1595 3657 1534 3659 1649 3657 1534 3674 1596 3659 1649 3673 1459 3683 1535 3674 1596 3674 1596 3683 1535 3684 1597 3684 1597 3719 1536 3685 1650 3685 1650 3719 1536 3720 1598 4004 1537 3721 1651 3720 1598 4013 1599 4005 1652 4004 1537 4006 1600 4013 1599 4014 1462 3990 1601 4006 1600 4007 1463 800 1653 3990 1601 3991 1464 800 1653 3991 1464 798 1602 795 1538 797 1654 798 1602 794 1603 796 1655 795 1538 3221 1540 3224 1605 7743 1604 3220 1400 3223 1606 3224 1605 3222 1541 3229 1656 3223 1606 3492 1469 3227 1607 3222 1541 3491 1470 3511 1608 3227 1607 3490 1471 3510 1609 3511 1608 3489 1472 3509 1610 3510 1609 3508 1542 3376 1657 3509 1610 3508 1542 3374 1611 3376 1657 3374 1611 3373 1475 3375 1612 3375 1612 3069 1476 3072 1658 3067 1613 3068 1659 3069 1476 3067 1613 3130 1543 4102 1660 4107 1545 3130 1543 3132 1614 4107 1545 3132 1614 3135 1544 4106 1407 3550 1661 4107 1545 3099 1615 3097 1662 4106 1407 3371 1546 3098 1663 3099 1615 3370 1616 3098 1663 3371 1546 3078 1483 3370 1616 3095 1481 3076 1547 3077 1617 3078 1483 4105 1358 3090 1549 3077 1617 4105 1358 3091 1618 3090 1549 3368 1550 3369 1664 3370 1616 3366 1551 3367 1665 3368 1550 3364 1552 3365 1666 3366 1551 3362 1553 3363 1667 3364 1552 3360 1619 3361 1668 3362 1553 3341 1620 3360 1619 3343 1484 3340 1554 3341 1620 3342 1485 3338 1621 3339 1669 3340 1554 3317 1622 3338 1621 3319 1486 854 1623 851 1670 3304 1413 837 1290 854 1623 855 1555 850 1624 851 1670 837 1290 3304 1413 851 1670 850 1624 3315 1557 3336 1671 3317 1622 3313 1558 3334 1672 3315 1557 3053 1559 3333 1673 3313 1558 3051 1560 3052 1674 3053 1559 1929 1625 1650 1675 1649 1561 1650 1675 1929 1625 1736 1495 1736 1495 1643 1626 1648 1676 1818 1562 1644 1677 1643 1626 1734 1678 1818 1562 1732 1627 1732 1627 1816 1496 1828 1628 1828 1628 1811 1497 1807 1563 1802 1564 1800 1565 1807 1563 1795 1566 1833 1679 1800 1565 1790 1567 1832 1680 1795 1566 1739 1568 1831 1681 1790 1567 1739 1568 1830 1629 1831 1681 1742 1512 1774 1630 1830 1629 1779 1513 1775 1632 1774 1630 1779 1513 1778 1631 1780 1569 1779 1513 1780 1569 1781 1570 1781 1570 1775 1632 1779 1513 1775 1632 1986 1437 1776 1633 1771 1682 1776 1633 1773 1571 1772 1634 1771 1682 1773 1571 1979 1516 1768 1635 1772 1634 1978 1572 1769 1683 1768 1635 1978 1572 2062 1636 1911 1684 2063 1573 1903 1685 2062 1636 2064 1574 1906 1686 2063 1573 2065 1575 1898 1687 2064 1574 2066 1576 1870 1688 2065 1575 2067 1577 1897 1689 2066 1576 2067 1577 1983 1637 1894 1690 1983 1637 2030 1578 1981 1691 1981 1691 2030 1578 2029 1638 1995 1579 2029 1638 2026 1519 2022 1522 1997 1639 1995 1579 2018 1580 2019 1581 1997 1639 2000 1582 2001 1692 1997 1639 2000 1582 2008 1583 2009 1693 2010 1584 2012 1694 2008 1583 1991 1640 2011 1695 2010 1584 1990 1641 1991 1640 1992 1526 1990 1641 2014 1585 2015 1642 2843 1450 2846 1696 2015 1642 2843 1450 2845 1643 2846 1696 2844 1586 3010 1644 2845 1643 3011 1589 3010 1644 3012 1587 3011 1589 3012 1587 3013 1588 2978 1697 3011 1589 3018 1645 3002 1590 3017 1698 3018 1645 3001 1591 3017 1698 3002 1590 2664 1592 3000 1699 3001 1591 2594 1646 3000 1699 2664 1592 2594 1646 2595 1530 2596 1700 2595 1530 2660 1593 2597 1701 3612 1594 2662 1702 2660 1593 3701 1647 3613 1703 3612 1594 3699 1532 3700 1648 3701 1647 3700 1648 3658 1595 3660 1704 3658 1595 3659 1649 3660 1704 3659 1649 3674 1596 3675 1705 3674 1596 3684 1597 3675 1705 3675 1705 3684 1597 3685 1650 3685 1650 3720 1598 3686 1706 3686 1706 3720 1598 3721 1651 4004 1537 3722 1707 3721 1651 4005 1652 3722 1707 4004 1537 3987 1708 4005 1652 4013 1599 3988 1709 4013 1599 4006 1600 3989 1710 4006 1600 3990 1601 804 1711 3990 1601 800 1653 798 1602 799 1712 800 1653 798 1602 797 1654 799 1712 795 1538 796 1655 797 1654 3224 1605 3223 1606 7743 1604 7743 1604 3223 1606 3229 1656 3222 1541 3228 1713 3229 1656 3227 1607 3228 1713 3222 1541 3511 1608 3062 1714 3227 1607 3510 1609 3512 1715 3511 1608 3509 1610 3506 1716 3510 1609 3509 1610 3376 1657 3506 1716 3376 1657 3374 1611 3377 1717 3377 1717 3374 1611 3375 1612 3378 1718 3375 1612 3072 1658 3072 1658 3069 1476 3068 1659 4102 1660 3068 1659 3067 1613 4102 1660 3130 1543 4107 1545 4107 1545 3550 1661 3103 1719 4106 1407 3096 1720 3550 1661 3097 1662 3096 1720 4106 1407 3098 1663 3097 1662 3099 1615 3370 1616 3369 1664 3098 1663 3368 1550 3367 1665 3369 1664 3366 1551 3365 1666 3367 1665 3364 1552 3363 1667 3365 1666 3362 1553 3361 1668 3363 1667 3360 1619 3359 1721 3361 1668 3341 1620 3358 1722 3360 1619 3340 1554 3339 1669 3341 1620 3338 1621 3337 1723 3339 1669 3317 1622 3336 1671 3338 1621 851 1670 854 1623 837 1290 3315 1557 3334 1672 3336 1671 3313 1558 3333 1673 3334 1672 3053 1559 3332 1724 3333 1673 3052 1674 3332 1724 3053 1559 1648 1676 1649 1561 1650 1675 1648 1676 1650 1675 1736 1495 1643 1626 1645 1725 1648 1676 1643 1626 1644 1677 1645 1725 1818 1562 1646 1726 1644 1677 1734 1678 1647 1727 1818 1562 1732 1627 1733 1728 1734 1678 1828 1628 1825 1729 1732 1627 1807 1563 1829 1730 1828 1628 1807 1563 1800 1565 1829 1730 1800 1565 1833 1679 1834 1731 1795 1566 1832 1680 1833 1679 1790 1567 1831 1681 1832 1680 1830 1629 1839 1732 1831 1681 1774 1630 1838 1733 1830 1629 1774 1630 1775 1632 1771 1682 1771 1682 1775 1632 1776 1633 1768 1635 1771 1682 1772 1634 1768 1635 1769 1683 1765 1734 1978 1572 1770 1735 1769 1683 1978 1572 1911 1684 1913 1736 1909 1737 1911 1684 2062 1636 2062 1636 1903 1685 1905 1738 2063 1573 1901 1739 1903 1685 2063 1573 1906 1686 1901 1739 2064 1574 1900 1740 1906 1686 2064 1574 1898 1687 1900 1740 2065 1575 1869 1741 1898 1687 2065 1575 1870 1688 1869 1741 2066 1576 1896 1742 1870 1688 2066 1576 1897 1689 1896 1742 2067 1577 1893 1743 1897 1689 1894 1690 1893 1743 2067 1577 1894 1690 1983 1637 1982 1744 1981 1691 1982 1744 1983 1637 1981 1691 2029 1638 1892 1745 1995 1579 1993 1746 2029 1638 1996 1747 1995 1579 1997 1639 1997 1639 2001 1692 2002 1748 2000 1582 2007 1749 2001 1692 2000 1582 2009 1693 2005 1750 2008 1583 2013 1751 2009 1693 2008 1583 2012 1694 2013 1751 2010 1584 2011 1695 2012 1694 1990 1641 2015 1642 2016 1752 2015 1642 2846 1696 2847 1753 2976 1754 2846 1696 2845 1643 2845 1643 3010 1644 3009 1755 3009 1755 3010 1644 3011 1589 2977 1756 3011 1589 2978 1697 2978 1697 3018 1645 2979 1757 2979 1757 3018 1645 3017 1698 3001 1591 3016 1758 3017 1698 3000 1699 3016 1758 3001 1591 2594 1646 2998 1759 3000 1699 2594 1646 2596 1700 2998 1759 2596 1700 2595 1530 2597 1701 2597 1701 2660 1593 2661 1760 2661 1760 2660 1593 2662 1702 2663 1761 2662 1702 3612 1594 3613 1703 2654 1762 3612 1594 3703 1763 3613 1703 3701 1647 3701 1647 3700 1648 3702 1764 3700 1648 3660 1704 3702 1764 3660 1704 3659 1649 3661 1765 3659 1649 3675 1705 3661 1765 3675 1705 3685 1650 3676 1766 3676 1766 3685 1650 3686 1706 3686 1706 3721 1651 3687 1767 3687 1767 3721 1651 3722 1707 4005 1652 3693 1768 3722 1707 3987 1708 3986 1769 4005 1652 3988 1709 3987 1708 4013 1599 3989 1710 3988 1709 4006 1600 804 1711 3989 1710 3990 1601 800 1653 803 1770 804 1711 799 1712 801 1771 800 1653 7743 1604 3229 1656 7744 1772 7744 1772 3229 1656 3228 1713 3227 1607 3226 1773 3228 1713 3227 1607 3062 1714 3518 1774 3511 1608 3512 1715 3062 1714 3510 1609 3506 1716 3512 1715 3376 1657 3505 1775 3506 1716 3377 1717 3505 1775 3376 1657 3377 1717 3375 1612 3378 1718 3378 1718 3072 1658 3127 1776 3072 1658 3068 1659 3129 1777 4102 1660 3129 1777 3068 1659 4107 1545 3074 1778 4102 1660 4107 1545 3103 1719 3101 1779 3550 1661 3102 1780 3103 1719 3096 1720 3102 1780 3550 1661 3096 1720 3097 1662 3098 1663 3369 1664 3395 1781 3098 1663 3367 1665 3393 1782 3369 1664 3365 1666 3391 1783 3367 1665 3363 1667 3389 1784 3365 1666 3361 1668 3387 1785 3363 1667 3359 1721 3385 1786 3361 1668 3358 1722 3359 1721 3360 1619 3339 1669 3358 1722 3341 1620 3337 1723 3356 1787 3339 1669 3336 1671 3337 1723 3338 1621 3334 1672 3335 1788 3336 1671 3333 1673 3047 1789 3334 1672 3332 1724 3045 1790 3333 1673 1648 1676 1645 1725 1649 1561 1645 1725 1644 1677 1646 1726 1647 1727 1646 1726 1818 1562 1642 1791 1647 1727 1734 1678 1733 1728 1820 1792 1734 1678 1732 1627 1827 1793 1733 1728 1732 1627 1825 1729 1827 1793 1828 1628 1829 1730 1825 1729 1800 1565 1834 1731 1829 1730 1833 1679 1842 1794 1834 1731 1832 1680 1841 1795 1833 1679 1831 1681 1840 1796 1832 1680 1831 1681 1839 1732 1840 1796 1830 1629 1838 1733 1839 1732 1774 1630 1837 1797 1838 1733 1771 1682 1837 1797 1774 1630 1768 1635 1765 1734 1771 1682 1765 1734 1769 1683 1770 1735 1766 1798 1770 1735 1978 1572 1913 1736 1767 1799 1978 1572 1911 1684 1912 1800 1913 1736 1909 1737 1910 1801 1911 1684 2062 1636 1905 1738 1909 1737 1903 1685 1904 1802 1905 1738 1901 1739 1902 1803 1903 1685 1906 1686 1907 1804 1901 1739 1900 1740 1899 1805 1906 1686 1898 1687 1899 1805 1900 1740 1869 1741 1871 1806 1898 1687 1869 1741 1870 1688 1871 1806 1870 1688 1896 1742 1871 1806 1871 1806 1896 1742 1897 1689 1871 1806 1897 1689 1893 1743 1893 1743 1894 1690 1895 1807 1894 1690 1982 1744 1921 1808 1981 1691 1890 1809 1982 1744 1892 1745 1891 1810 1981 1691 1892 1745 2029 1638 1884 1811 2029 1638 1993 1746 1885 1812 1995 1579 2061 1813 1993 1746 1994 1814 1995 1579 1996 1747 1996 1747 1997 1639 1998 1815 1997 1639 2002 1748 1999 1816 5873 1817 5834 1818 5853 1819 2000 1582 2006 1820 2007 1749 2005 1750 2006 1820 2000 1582 2016 1752 2015 1642 2017 1821 2015 1642 2847 1753 2017 1821 2846 1696 2977 1756 2847 1753 2976 1754 2977 1756 2846 1696 2845 1643 3009 1755 2976 1754 2977 1756 3009 1755 3011 1589 2977 1756 2978 1697 2847 1753 2979 1757 2311 1822 2978 1697 2979 1757 3017 1698 3021 1823 3021 1823 3017 1698 3016 1758 3000 1699 3015 1824 3016 1758 2998 1759 3015 1824 3000 1699 2998 1759 2596 1700 2598 1825 2596 1700 2597 1701 2598 1825 2674 1826 2597 1701 2661 1760 2661 1760 2662 1702 2663 1761 3612 1594 2654 1762 2663 1761 3613 1703 2655 1827 2654 1762 3703 1763 3614 1828 3613 1703 3701 1647 3702 1764 3703 1763 3702 1764 3660 1704 3662 1829 3660 1704 3661 1765 3662 1829 3661 1765 3675 1705 3676 1766 3676 1766 3686 1706 3677 1830 3677 1830 3686 1706 3687 1767 3687 1767 3722 1707 3693 1768 4005 1652 3692 1831 3693 1768 3986 1769 3692 1831 4005 1652 961 1832 3986 1769 3987 1708 969 1833 3987 1708 3988 1709 971 1834 3988 1709 3989 1710 804 1711 966 1835 3989 1710 804 1711 803 1770 805 1836 800 1653 802 1837 803 1770 800 1653 801 1771 802 1837 7744 1772 3228 1713 3226 1773 3225 1838 3226 1773 3227 1607 3227 1607 3518 1774 3225 1838 7744 1772 3518 1774 3062 1714 3062 1714 3512 1715 3063 1839 3512 1715 3506 1716 3513 1840 3513 1840 3506 1716 3505 1775 3377 1717 3504 1841 3505 1775 3378 1718 3504 1841 3377 1717 3127 1776 3503 1842 3378 1718 3127 1776 3072 1658 3071 1843 3070 1844 3072 1658 3129 1777 4108 1845 3129 1777 4102 1660 4102 1660 3074 1778 3073 1846 4107 1545 3100 1847 3074 1778 3101 1779 3100 1847 4107 1545 3102 1780 3101 1779 3103 1719 3096 1720 3397 1848 3102 1780 3098 1663 3397 1848 3096 1720 3098 1663 3395 1781 3397 1848 3369 1664 3393 1782 3395 1781 3367 1665 3391 1783 3393 1782 3365 1666 3389 1784 3391 1783 3363 1667 3387 1785 3389 1784 3361 1668 3385 1786 3387 1785 3359 1721 3383 1849 3385 1786 3358 1722 3357 1850 3359 1721 3339 1669 3356 1787 3358 1722 3337 1723 3354 1851 3356 1787 3336 1671 3335 1788 3337 1723 3334 1672 3047 1789 3335 1788 3333 1673 3045 1790 3047 1789 1645 1725 1646 1726 1641 1852 1641 1852 1646 1726 1647 1727 1641 1852 1647 1727 1642 1791 1734 1678 1640 1853 1642 1791 1734 1678 1820 1792 1819 1854 1733 1728 1821 1855 1820 1792 1827 1793 1821 1855 1733 1728 1825 1729 1826 1856 1827 1793 1829 1730 1835 1857 1825 1729 1829 1730 1834 1731 1835 1857 1834 1731 1842 1794 1843 1858 1833 1679 1841 1795 1842 1794 1832 1680 1840 1796 1841 1795 1839 1732 1847 1859 1840 1796 1838 1733 1846 1860 1839 1732 1837 1797 1845 1861 1838 1733 1771 1682 1765 1734 1837 1797 1765 1734 1770 1735 1766 1798 1978 1572 1767 1799 1766 1798 1913 1736 1914 1862 1767 1799 1913 1736 1912 1800 1914 1862 1911 1684 1910 1801 1912 1800 1909 1737 1904 1802 1910 1801 1905 1738 1904 1802 1909 1737 1903 1685 1902 1803 1904 1802 1901 1739 1908 1863 1902 1803 1901 1739 1907 1804 1908 1863 1906 1686 1899 1805 1907 1804 1898 1687 1871 1806 1899 1805 1893 1743 1895 1807 1871 1806 1894 1690 1921 1808 1895 1807 1921 1808 1982 1744 1888 1864 1982 1744 1890 1809 1889 1865 1981 1691 1891 1810 1890 1809 1872 1866 1891 1810 1892 1745 1872 1866 1892 1745 1884 1811 2029 1638 1885 1812 1884 1811 1993 1746 1887 1867 1885 1812 2320 1868 1993 1746 2061 1813 1994 1814 2061 1813 1995 1579 2321 1869 1994 1814 1996 1747 2245 1870 1996 1747 1998 1815 1998 1815 1997 1639 1999 1816 2318 1871 1999 1816 2002 1748 2318 1871 2007 1749 2006 1820 2017 1821 2316 1872 2016 1752 2847 1753 2316 1872 2017 1821 2976 1754 3009 1755 2977 1756 2847 1753 2978 1697 7740 1873 2978 1697 2311 1822 2310 1874 2979 1757 2980 1875 2311 1822 3021 1823 3020 1876 2979 1757 3021 1823 3016 1758 3022 1877 3022 1877 3016 1758 3015 1824 2998 1759 3014 1878 3015 1824 2998 1759 2598 1825 2999 1879 2598 1825 2597 1701 2599 1880 2673 1881 2597 1701 2674 1826 2674 1826 2661 1760 2654 1762 2654 1762 2661 1760 2663 1761 2654 1762 2655 1827 2656 1882 2657 1883 2655 1827 3613 1703 2657 1883 3613 1703 3614 1828 3705 1884 3614 1828 3703 1763 3703 1763 3702 1764 3704 1885 3702 1764 3662 1829 3704 1885 3662 1829 3661 1765 3663 1886 3661 1765 3676 1766 3663 1886 3663 1886 3676 1766 3677 1830 3677 1830 3687 1767 3678 1887 3693 1768 3688 1888 3687 1767 3692 1831 3688 1888 3693 1768 3986 1769 3691 1889 3692 1831 960 1890 3986 1769 961 1832 3987 1708 962 1891 961 1832 969 1833 962 1891 3987 1708 3988 1709 970 1892 969 1833 971 1834 970 1892 3988 1709 3989 1710 963 1893 971 1834 966 1835 964 1894 3989 1710 807 1895 966 1835 804 1711 804 1711 805 1836 806 1896 3226 1773 3225 1838 7744 1772 3225 1838 3518 1774 7744 1772 7744 1772 3062 1714 7752 1897 3061 1898 3062 1714 3063 1839 3063 1839 3512 1715 3513 1840 3513 1840 3505 1775 3514 1899 3514 1899 3505 1775 3504 1841 3378 1718 3503 1842 3504 1841 3127 1776 3502 1900 3503 1842 3127 1776 3071 1843 3128 1901 3070 1844 3071 1843 3072 1658 4108 1845 3070 1844 3129 1777 4102 1660 3104 1902 4108 1845 4102 1660 3073 1846 3107 1903 3073 1846 3074 1778 3075 1904 3100 1847 3075 1904 3074 1778 3100 1847 3101 1779 3102 1780 3397 1848 3398 1905 3102 1780 3395 1781 3396 1906 3397 1848 3393 1782 3394 1907 3395 1781 3391 1783 3392 1908 3393 1782 3389 1784 3390 1909 3391 1783 3387 1785 3388 1910 3389 1784 3385 1786 3386 1911 3387 1785 3383 1849 3384 1912 3385 1786 3357 1850 3383 1849 3359 1721 3356 1787 3357 1850 3358 1722 3354 1851 3355 1913 3356 1787 3335 1788 3354 1851 3337 1723 3047 1789 3352 1914 3335 1788 3045 1790 3046 1915 3047 1789 1640 1853 1641 1852 1642 1791 1635 1916 1640 1853 1734 1678 1734 1678 1819 1854 1635 1916 1598 1917 1819 1854 1820 1792 1595 1918 1820 1792 1821 1855 1827 1793 1822 1919 1821 1855 1826 1856 1822 1919 1827 1793 1825 1729 1836 1920 1826 1856 1825 1729 1835 1857 1836 1920 1834 1731 1843 1858 1835 1857 1842 1794 1850 1921 1843 1858 1841 1795 1849 1922 1842 1794 1840 1796 1848 1923 1841 1795 1840 1796 1847 1859 1848 1923 1839 1732 1846 1860 1847 1859 1838 1733 1845 1861 1846 1860 1837 1797 1763 1924 1845 1861 1765 1734 1763 1924 1837 1797 1765 1734 1766 1798 1767 1799 1764 1925 1767 1799 1914 1862 1914 1862 1912 1800 1764 1925 1927 1926 1912 1800 1910 1801 1910 1801 1904 1802 1927 1926 1904 1802 1902 1803 1928 1927 1928 1927 1902 1803 1908 1863 1928 1927 1908 1863 1907 1804 1899 1805 1928 1927 1907 1804 1871 1806 1919 1928 1899 1805 1871 1806 1895 1807 1917 1929 1895 1807 1921 1808 1888 1864 1982 1744 1889 1865 1888 1864 1889 1865 1890 1809 1874 1930 1874 1930 1890 1809 1891 1810 1874 1930 1891 1810 1872 1866 1884 1811 1885 1812 1872 1866 1886 1931 1885 1812 1887 1867 2320 1868 1887 1867 1993 1746 2320 1868 2061 1813 2321 1869 2321 1869 2061 1813 1994 1814 2245 1870 2321 1869 1996 1747 1999 1816 2245 1870 1998 1815 2978 1697 2310 1874 2316 1872 2310 1874 2311 1822 2312 1932 2311 1822 2980 1875 2313 1933 2979 1757 3020 1876 2980 1875 3021 1823 2982 1934 3020 1876 3022 1877 2982 1934 3021 1823 3022 1877 3015 1824 3023 1935 3023 1935 3015 1824 3014 1878 2999 1879 3014 1878 2998 1759 2999 1879 2598 1825 2600 1936 2598 1825 2599 1880 2600 1936 2673 1881 2599 1880 2597 1701 2673 1881 2674 1826 2656 1882 2656 1882 2674 1826 2654 1762 2656 1882 2655 1827 2657 1883 2657 1883 3614 1828 2650 1937 3705 1884 3615 1938 3614 1828 3703 1763 3704 1885 3705 1884 3704 1885 3662 1829 3664 1939 3662 1829 3663 1886 3664 1939 3663 1886 3677 1830 3665 1940 3665 1940 3677 1830 3678 1887 3678 1887 3687 1767 3688 1888 3692 1831 3689 1941 3688 1888 3691 1889 3636 1942 3692 1831 3690 1943 3691 1889 3986 1769 960 1890 3690 1943 3986 1769 950 1944 960 1890 961 1832 950 1944 961 1832 962 1891 962 1891 969 1833 950 1944 950 1944 969 1833 970 1892 970 1892 971 1834 950 1944 971 1834 963 1893 950 1944 3989 1710 964 1894 963 1893 964 1894 966 1835 950 1944 966 1835 807 1895 950 1944 804 1711 806 1896 807 1895 7752 1897 3062 1714 3061 1898 3063 1839 3234 1945 3061 1898 3063 1839 3513 1840 3230 1946 3230 1946 3513 1840 3514 1899 3514 1899 3504 1841 3515 1947 3515 1947 3504 1841 3503 1842 3516 1948 3503 1842 3502 1900 3440 1949 3502 1900 3127 1776 3126 1950 3127 1776 3128 1901 4108 1845 3128 1901 3071 1843 3071 1843 3070 1844 4108 1845 4108 1845 3104 1902 3114 1951 4102 1660 3105 1952 3104 1902 3107 1903 3105 1952 4102 1660 3073 1846 3106 1953 3107 1903 3075 1904 3106 1953 3073 1846 3102 1780 3075 1904 3100 1847 3102 1780 3398 1905 3075 1904 3397 1848 3396 1906 3398 1905 3395 1781 3394 1907 3396 1906 3393 1782 3392 1908 3394 1907 3391 1783 3390 1909 3392 1908 3389 1784 3388 1910 3390 1909 3387 1785 3386 1911 3388 1910 3385 1786 3384 1912 3386 1911 3383 1849 3382 1954 3384 1912 3357 1850 3381 1955 3383 1849 3356 1787 3355 1913 3357 1850 3354 1851 3353 1956 3355 1913 3335 1788 3352 1914 3354 1851 3047 1789 3350 1957 3352 1914 3046 1915 3350 1957 3047 1789 1640 1853 1637 1958 1641 1852 1635 1916 1637 1958 1640 1853 1635 1916 1819 1854 1636 1959 1597 1960 1819 1854 1598 1917 1598 1917 1820 1792 1599 1961 1599 1961 1820 1792 1595 1918 1595 1918 1821 1855 1594 1962 1593 1963 1821 1855 1822 1919 1826 1856 1823 1964 1822 1919 1836 1920 1823 1964 1826 1856 1835 1857 1844 1965 1836 1920 1835 1857 1843 1858 1844 1965 1843 1858 1850 1921 1851 1966 1842 1794 1849 1922 1850 1921 1841 1795 1848 1923 1849 1922 1847 1859 1861 1967 1848 1923 1846 1860 1859 1968 1847 1859 1845 1861 1857 1969 1846 1860 1763 1924 1855 1970 1845 1861 1765 1734 1764 1925 1763 1924 1767 1799 1764 1925 1765 1734 1764 1925 1912 1800 1927 1926 1927 1926 1904 1802 1928 1927 1919 1928 1928 1927 1899 1805 1871 1806 1918 1971 1919 1928 1871 1806 1917 1929 1915 1972 1721 1973 1917 1929 1895 1807 1895 1807 1888 1864 1922 1974 1874 1930 1888 1864 1889 1865 1872 1866 1873 1975 1874 1930 1886 1931 1872 1866 1885 1812 1886 1931 1887 1867 2320 1868 2321 1869 2323 1976 2320 1868 2703 1977 2704 1978 2247 1979 2312 1932 2316 1872 2310 1874 2312 1932 2311 1822 2313 1933 2313 1933 2980 1875 2314 1980 2980 1875 3020 1876 2981 1981 2981 1981 3020 1876 2982 1934 7379 1982 7377 1983 7359 1984 3023 1935 3014 1878 3019 1985 3019 1985 3014 1878 2999 1879 2997 1986 2999 1879 2600 1936 2600 1936 2599 1880 2601 1987 2678 1988 2599 1880 2673 1881 2656 1882 2678 1988 2673 1881 2656 1882 2657 1883 2652 1989 2652 1989 2657 1883 2650 1937 2650 1937 3614 1828 3615 1938 3707 1990 3615 1938 3705 1884 3705 1884 3704 1885 3706 1991 3704 1885 3664 1939 3706 1991 3664 1939 3663 1886 3665 1940 3665 1940 3678 1887 3667 1992 3678 1887 3688 1888 3679 1993 3679 1993 3688 1888 3689 1941 3636 1942 3689 1941 3692 1831 3690 1943 3636 1942 3691 1889 946 1994 3690 1943 960 1890 946 1994 960 1890 950 1944 950 1944 963 1893 964 1894 950 1944 807 1895 965 1995 807 1895 806 1896 965 1995 7752 1897 3061 1898 3234 1945 3063 1839 3233 1996 3234 1945 3230 1946 3231 1997 3063 1839 3230 1946 3514 1899 3237 1998 3237 1998 3514 1899 3515 1947 3515 1947 3503 1842 3516 1948 3516 1948 3502 1900 3517 1999 3440 1949 3501 2000 3502 1900 3117 2001 3440 1949 3127 1776 3126 1950 3117 2001 3127 1776 4108 1845 3126 1950 3128 1901 4108 1845 3114 1951 3113 2002 3104 1902 3112 2003 3114 1951 3104 1902 3105 1952 3106 1953 3106 1953 3105 1952 3107 1903 3075 1904 3415 2004 3106 1953 3398 1905 3415 2004 3075 1904 3396 1906 3413 2005 3398 1905 3394 1907 3411 2006 3396 1906 3392 1908 3409 2007 3394 1907 3390 1909 3407 2008 3392 1908 3388 1910 3405 2009 3390 1909 3386 1911 3403 2010 3388 1910 3384 1912 3401 2011 3386 1911 3382 1954 3399 2012 3384 1912 3381 1955 3382 1954 3383 1849 3355 1913 3381 1955 3357 1850 3353 1956 3026 2013 3355 1913 3352 1914 3353 1956 3354 1851 3350 1957 3351 2014 3352 1914 1635 1916 1636 1959 1637 1958 1819 1854 1639 2015 1636 1959 1596 2016 1819 1854 1597 1960 7708 2017 1597 1960 1598 1917 7705 2018 1598 1917 1599 1961 7705 2018 1599 1961 1595 1918 1594 1962 7704 2019 1595 1918 1594 1962 1821 1855 1593 1963 1593 1963 1822 1919 1592 2020 1823 1964 1590 2021 1822 1919 1836 1920 1852 2022 1823 1964 1844 1965 1852 2022 1836 1920 1843 1858 1851 1966 1844 1965 1850 1921 1866 2023 1851 1966 1849 1922 1865 2024 1850 1921 1848 1923 1863 2025 1849 1922 1848 1923 1861 1967 1863 2025 1847 1859 1859 1968 1861 1967 1846 1860 1857 1969 1859 1968 1845 1861 1855 1970 1857 1969 1763 1924 1759 2026 1855 1970 1762 2027 1763 1924 1764 1925 1764 1925 1927 1926 1762 2027 1927 1926 1928 1927 1700 2028 1919 1928 1704 2029 1928 1927 1918 1971 1699 2030 1919 1928 1916 2031 1918 1971 1871 1806 1915 1972 1916 2031 1871 1806 1728 2032 1915 1972 1917 1929 1728 2032 1917 1929 1721 1973 1721 1973 1895 1807 1720 2033 1720 2033 1895 1807 1922 1974 1922 1974 1888 1864 1874 1930 1874 1930 1873 1975 1875 2034 1872 1866 1883 2035 1873 1975 1881 2036 1872 1866 1886 1931 2320 1868 1881 2036 1886 1931 2320 1868 2323 1976 1882 2037 2321 1869 2337 2038 2323 1976 2317 2039 2006 1820 7739 2040 2312 1932 2315 2041 2316 1872 2312 1932 2313 1933 2304 2042 2314 1980 2980 1875 2981 1981 2981 1981 2982 1934 2305 2043 2975 2044 2303 2045 2982 1934 3023 1935 2983 2046 2975 2044 3019 1985 2983 2046 3023 1935 3019 1985 2999 1879 2997 1986 2997 1986 2600 1936 2601 1987 2601 1987 2599 1880 2602 2047 2678 1988 2602 2047 2599 1880 2656 1882 2677 2048 2678 1988 2652 1989 2677 2048 2656 1882 2650 1937 2651 2049 2652 1989 2650 1937 3615 1938 2651 2049 3707 1990 3616 2050 3615 1938 3705 1884 3706 1991 3707 1990 3706 1991 3664 1939 3666 2051 3664 1939 3665 1940 3666 2051 3666 2051 3665 1940 3667 1992 3667 1992 3678 1887 3679 1993 3679 1993 3689 1941 3680 2052 3636 1942 3680 2052 3689 1941 3690 1943 3639 2053 3636 1942 946 1994 945 2054 3690 1943 950 1944 958 2055 946 1994 4357 2056 950 1944 965 1995 806 1896 999 1995 965 1995 3234 1945 3233 1996 7752 1897 3232 2057 3233 1996 3063 1839 3063 1839 3231 1997 3232 2057 3230 1946 3239 2058 3231 1997 3237 1998 3238 2059 3230 1946 3237 1998 3515 1947 3240 2060 3240 2060 3515 1947 3516 1948 3241 2061 3516 1948 3517 1999 3517 1999 3502 1900 3501 2000 3453 2062 3501 2000 3440 1949 3117 2001 3439 2063 3440 1949 3115 2064 3117 2001 3126 1950 3115 2064 3126 1950 4108 1845 3113 2002 3111 2065 4108 1845 3112 2003 3113 2002 3114 1951 3106 1953 3112 2003 3104 1902 3415 2004 3416 2066 3106 1953 3398 1905 3413 2005 3415 2004 3396 1906 3411 2006 3413 2005 3394 1907 3409 2007 3411 2006 3392 1908 3407 2008 3409 2007 3390 1909 3405 2009 3407 2008 3388 1910 3403 2010 3405 2009 3386 1911 3401 2011 3403 2010 3384 1912 3399 2012 3401 2011 3382 1954 3041 2067 3399 2012 3381 1955 3380 2068 3382 1954 3355 1913 3026 2013 3381 1955 3353 1956 3024 2069 3026 2013 3352 1914 3351 2014 3353 1956 1639 2015 1637 1958 1636 1959 1596 2016 1639 2015 1819 1854 7707 2070 1596 2016 1597 1960 7707 2070 1597 1960 7708 2017 7708 2017 1598 1917 7705 2018 1595 1918 7704 2019 7705 2018 1594 1962 7703 2071 7704 2019 1593 1963 7703 2071 1594 1962 1592 2020 7701 2072 1593 1963 1822 1919 1591 2073 1592 2020 1822 1919 1590 2021 1591 2073 1823 1964 1589 2074 1590 2021 1852 2022 1868 2075 1823 1964 1844 1965 1851 1966 1852 2022 1851 1966 1866 2023 1867 2076 1850 1921 1865 2024 1866 2023 1849 1922 1863 2025 1865 2024 1861 1967 1862 2077 1863 2025 1859 1968 1860 2078 1861 1967 1857 1969 1858 2079 1859 1968 1855 1970 1856 2080 1857 1969 1759 2026 1854 2081 1855 1970 1760 2082 1759 2026 1763 1924 1762 2027 1760 2082 1763 1924 1762 2027 1927 1926 1761 2083 1709 2084 1927 1926 1700 2028 1928 1927 1701 2085 1700 2028 1704 2029 1703 2086 1928 1927 1699 2030 1704 2029 1919 1928 1918 1971 1651 2087 1699 2030 1916 2031 1651 2087 1918 1971 1916 2031 1915 1972 1728 2032 1719 2088 1728 2032 1721 1973 1720 2033 1719 2088 1721 1973 1720 2033 1922 1974 1718 2089 1922 1974 1874 1930 1923 2090 1880 2091 1874 1930 1875 2034 2322 2092 1875 2034 1873 1975 1873 1975 1883 2035 2322 2092 1872 1866 1882 2037 1883 2035 1881 2036 1882 2037 1872 1866 2320 1868 1882 2037 1881 2036 2322 2092 1882 2037 2323 1976 2340 2093 2323 1976 2337 2038 2315 2041 7738 2094 2316 1872 2282 2095 2285 2096 2725 2097 2314 1980 2981 1981 2306 2098 2306 2098 2981 1981 2305 2043 2305 2043 2982 1934 2303 2045 2307 2099 2303 2045 2975 2044 2983 2046 2307 2099 2975 2044 2730 2100 2731 2101 2732 2102 3019 1985 2997 1986 2984 2103 2603 2104 2605 2105 2995 2106 2601 1987 2602 2047 2603 2104 2677 2048 2602 2047 2678 1988 2652 1989 2676 2107 2677 2048 2652 1989 2651 2049 2645 2108 2651 2049 3615 1938 3616 2050 3709 2109 3616 2050 3707 1990 3707 1990 3706 1991 3708 2110 3706 1991 3666 2051 3708 2110 3666 2051 3667 1992 3668 2111 3667 1992 3679 1993 3669 2112 3669 2112 3679 1993 3680 2052 3634 2113 3680 2052 3636 1942 3639 2053 3640 2114 3636 1942 945 2054 3639 2053 3690 1943 944 2115 945 2054 946 1994 946 1994 958 2055 959 2116 950 1944 957 2117 958 2055 4514 2118 950 1944 4357 2056 4356 2119 4357 2056 965 1995 998 1995 999 1995 806 1896 7752 1897 3233 1996 3232 2057 7752 1897 3232 2057 3231 1997 3239 2058 7751 2120 3231 1997 3230 1946 3238 2059 3239 2058 3237 1998 3236 2121 3238 2059 3240 2060 3244 2122 3237 1998 3240 2060 3516 1948 3241 2061 3241 2061 3517 1999 3246 2123 3517 1999 3501 2000 3246 2123 3453 2062 3251 2124 3501 2000 3439 2063 3453 2062 3440 1949 3120 2125 3439 2063 3117 2001 3115 2064 3116 2126 3117 2001 4108 1845 3116 2126 3115 2064 4108 1845 3111 2065 3109 2127 3112 2003 3111 2065 3113 2002 3106 1953 3416 2066 3112 2003 3415 2004 3414 2128 3416 2066 3413 2005 3414 2128 3415 2004 3411 2006 3412 2129 3413 2005 3409 2007 3410 2130 3411 2006 3407 2008 3408 2131 3409 2007 3405 2009 3406 2132 3407 2008 3403 2010 3404 2133 3405 2009 3401 2011 3402 2134 3403 2010 3399 2012 3400 2135 3401 2011 3041 2067 3044 2136 3399 2012 3380 2068 3041 2067 3382 1954 3026 2013 3380 2068 3381 1955 3024 2069 3025 2137 3026 2013 3351 2014 3024 2069 3353 1956 1638 2138 1637 1958 1639 2015 1600 2139 1639 2015 1596 2016 7706 2140 1596 2016 7707 2070 1593 1963 7702 2141 7703 2071 7701 2072 7702 2141 1593 1963 1592 2020 7700 2142 7701 2072 1591 2073 7700 2142 1592 2020 1590 2021 7700 2142 1591 2073 1589 2074 1073 2143 1590 2021 1588 2144 1589 2074 1823 1964 1823 1964 1868 2075 1735 2145 1852 2022 1867 2076 1868 2075 1851 1966 1867 2076 1852 2022 1866 2023 1730 2146 1867 2076 1865 2024 1731 2147 1866 2023 1863 2025 1864 2148 1865 2024 1863 2025 1862 2077 1864 2148 1861 1967 1860 2078 1862 2077 1859 1968 1858 2079 1860 2078 1857 1969 1856 2080 1858 2079 1855 1970 1854 2081 1856 2080 1759 2026 1756 2149 1854 2081 1760 2082 1657 2150 1759 2026 1761 2083 1760 2082 1762 2027 1659 2151 1761 2083 1927 1926 1659 2151 1927 1926 1709 2084 1709 2084 1700 2028 1675 2152 1700 2028 1701 2085 1702 2153 1928 1927 1703 2086 1701 2085 1653 2154 1703 2086 1704 2029 1653 2154 1704 2029 1699 2030 1651 2087 1653 2154 1699 2030 1916 2031 1652 2155 1651 2087 1728 2032 1652 2155 1916 2031 1719 2088 1705 2156 1728 2032 1718 2089 1719 2088 1720 2033 1718 2089 1922 1974 1923 2090 1923 2090 1874 1930 1920 2157 1920 2157 1874 1930 1880 2091 1880 2091 1875 2034 1878 2158 2322 2092 1878 2158 1875 2034 2322 2092 1883 2035 1882 2037 2339 2159 2322 2092 2323 1976 2339 2159 2323 1976 2340 2093 2340 2093 2337 2038 2341 2160 5878 2161 5875 2162 5874 2163 2303 2045 2304 2042 2305 2043 2303 2045 2307 2099 2304 2042 2974 2164 2307 2099 2983 2046 2984 2103 2997 1986 2996 2165 2603 2104 2602 2047 2604 2166 2677 2048 2604 2166 2602 2047 2676 2107 2604 2166 2677 2048 2645 2108 2676 2107 2652 1989 2645 2108 2651 2049 2653 2167 2651 2049 3616 2050 2653 2167 3709 2109 3618 2168 3616 2050 3707 1990 3708 2110 3709 2109 3708 2110 3666 2051 3668 2111 3668 2111 3667 1992 3669 2112 3669 2112 3680 2052 3671 2169 3634 2113 3671 2169 3680 2052 3636 1942 3637 2170 3634 2113 3636 1942 3640 2114 3641 2171 3866 2172 3640 2114 3639 2053 944 2115 3639 2053 945 2054 946 1994 959 2116 944 2115 3945 2173 959 2116 958 2055 957 2117 3945 2173 958 2055 952 2174 957 2117 950 1944 4514 2118 4513 2175 950 1944 4354 2176 4514 2118 4357 2056 4357 2056 4356 2119 4354 2176 965 1995 4547 1995 4356 2119 806 1896 993 1995 998 1995 3231 1997 7751 2120 7752 1897 3239 2058 3238 2059 7751 2120 7751 2120 3238 2059 3236 2121 3235 2177 3236 2121 3237 1998 3237 1998 3244 2122 3245 2178 3240 2060 3243 2179 3244 2122 3240 2060 3241 2061 3242 2180 3246 2123 3247 2181 3241 2061 3246 2123 3501 2000 3251 2124 3257 2182 3251 2124 3453 2062 3439 2063 3452 2183 3453 2062 3120 2125 3438 2184 3439 2063 3121 2185 3120 2125 3117 2001 3117 2001 3116 2126 3118 2186 4108 1845 3118 2186 3116 2126 3109 2127 3108 2187 4108 1845 3110 2188 3109 2127 3111 2065 3110 2188 3111 2065 3112 2003 3416 2066 3435 2189 3112 2003 3414 2128 3433 2190 3416 2066 3413 2005 3412 2129 3414 2128 3411 2006 3410 2130 3412 2129 3409 2007 3408 2131 3410 2130 3407 2008 3406 2132 3408 2131 3405 2009 3404 2133 3406 2132 3403 2010 3402 2134 3404 2133 3401 2011 3400 2135 3402 2134 3399 2012 3044 2136 3400 2135 3041 2067 3042 2191 3044 2136 3380 2068 3039 2192 3041 2067 3026 2013 3379 2193 3380 2068 3025 2137 3379 2193 3026 2013 1638 2138 1519 2194 1637 1958 1600 2139 1638 2138 1639 2015 1596 2016 7710 2195 1600 2139 7706 2140 7709 2196 1596 2016 1590 2021 1073 2143 7700 2142 1589 2074 1074 2197 1073 2143 1588 2144 1074 2197 1589 2074 1823 1964 1735 2145 1588 2144 1868 2075 1853 2198 1735 2145 1867 2076 1853 2198 1868 2075 1867 2076 1730 2146 1853 2198 1866 2023 1731 2147 1730 2146 1865 2024 1864 2148 1731 2147 1862 2077 1747 2199 1864 2148 1860 2078 1748 2200 1862 2077 1858 2079 1749 2201 1860 2078 1856 2080 1750 2202 1858 2079 1854 2081 1751 2203 1856 2080 1756 2149 1752 2204 1854 2081 1758 2205 1756 2149 1759 2026 1657 2150 1674 2206 1759 2026 1658 2207 1657 2150 1760 2082 1760 2082 1761 2083 1658 2207 1658 2207 1761 2083 1659 2151 1709 2084 1675 2152 1659 2151 1675 2152 1700 2028 1702 2153 1702 2153 1701 2085 1703 2086 1702 2153 1703 2086 1653 2154 1651 2087 1652 2155 1653 2154 1728 2032 1705 2156 1652 2155 1654 2208 1705 2156 1719 2088 1718 2089 1717 2209 1719 2088 1718 2089 1923 2090 1716 2210 1923 2090 1920 2157 1722 2211 1920 2157 1880 2091 1722 2211 1878 2158 1879 2212 1880 2091 1876 2213 1878 2158 2322 2092 2338 2214 2322 2092 2339 2159 2340 2093 2251 2215 2339 2159 2341 2160 2254 2216 2340 2093 2341 2160 2337 2038 2336 2217 2342 2218 2336 2217 2335 2219 5879 2220 5878 2161 5880 2221 7736 2222 2315 2041 7737 2223 7836 2224 7838 2225 5866 2226 5895 2227 5884 2228 5894 2229 2304 2042 2307 2099 2308 2230 2974 2164 2308 2230 2307 2099 2984 2103 2296 2231 2974 2164 2984 2103 2996 2165 2985 2232 2603 2104 2604 2166 2605 2105 2676 2107 2607 2233 2604 2166 2645 2108 2675 2234 2676 2107 2645 2108 2653 2167 2646 2235 3616 2050 2646 2235 2653 2167 3618 2168 2646 2235 3616 2050 3696 2236 3618 2168 3709 2109 3709 2109 3708 2110 3710 2237 3708 2110 3668 2111 3710 2237 3668 2111 3669 2112 3670 2238 3670 2238 3669 2112 3671 2169 3632 2239 3671 2169 3634 2113 3634 2113 3637 2170 3638 2240 3636 1942 3641 2171 3637 2170 3866 2172 3641 2171 3640 2114 944 2115 3866 2172 3639 2053 944 2115 959 2116 3864 2241 3945 2173 3864 2241 959 2116 957 2117 3944 2242 3945 2173 952 2174 3944 2242 957 2117 950 1944 951 2243 952 2174 4512 2244 950 1944 4513 2175 7539 2245 4513 2175 4514 2118 7539 2245 4514 2118 4354 2176 4356 2119 4355 2246 4354 2176 4547 1995 4546 1995 4356 2119 992 1995 993 1995 806 1896 7751 2120 3236 2121 3235 2177 3237 1998 3245 2178 3235 2177 7751 2120 3245 2178 3244 2122 7750 2247 3244 2122 3243 2179 3242 2180 3243 2179 3240 2060 3241 2061 3248 2248 3242 2180 3241 2061 3247 2181 3248 2248 3246 2123 3255 2249 3247 2181 3246 2123 3251 2124 3253 2250 3257 2182 3249 2251 3251 2124 3453 2062 3259 2252 3257 2182 3452 2183 3259 2252 3453 2062 3438 2184 3452 2183 3439 2063 3437 2253 3438 2184 3120 2125 3119 2254 3120 2125 3121 2185 3121 2185 3117 2001 3122 2255 3122 2255 3117 2001 3118 2186 3122 2255 3118 2186 4108 1845 4108 1845 3108 2187 3125 2256 3108 2187 3109 2127 3110 2188 3112 2003 3437 2253 3110 2188 3112 2003 3435 2189 3437 2253 3416 2066 3433 2190 3435 2189 3414 2128 3431 2257 3433 2190 3412 2129 3431 2257 3414 2128 3410 2130 3429 2258 3412 2129 3408 2131 3427 2259 3410 2130 3406 2132 3425 2260 3408 2131 3404 2133 3423 2261 3406 2132 3402 2134 3421 2262 3404 2133 3400 2135 3419 2263 3402 2134 3044 2136 3418 2264 3400 2135 3042 2191 3043 2265 3044 2136 3040 2266 3042 2191 3041 2067 3039 2192 3040 2266 3041 2067 3379 2193 3039 2192 3380 2068 1520 2267 1519 2194 1638 2138 1520 2267 1638 2138 1600 2139 1600 2139 7710 2195 7711 2268 1596 2016 7709 2196 7710 2195 1073 2143 1074 2197 1075 2269 1588 2144 1069 2270 1074 2197 1588 2144 1735 2145 1587 2271 1824 2272 1735 2145 1853 2198 1853 2198 1730 2146 1824 2272 1729 2273 1730 2146 1731 2147 1864 2148 1745 2274 1731 2147 1864 2148 1747 2199 1745 2274 1862 2077 1748 2200 1747 2199 1860 2078 1749 2201 1748 2200 1858 2079 1750 2202 1749 2201 1856 2080 1751 2203 1750 2202 1854 2081 1752 2204 1751 2203 1756 2149 1744 2275 1752 2204 1758 2205 1682 2276 1756 2149 1759 2026 1674 2206 1758 2205 1659 2151 1674 2206 1657 2150 1657 2150 1658 2207 1659 2151 1659 2151 1675 2152 1674 2206 1675 2152 1702 2153 1677 2277 1653 2154 1712 2278 1702 2153 1652 2155 1707 2279 1653 2154 1652 2155 1705 2156 1707 2279 1654 2208 1706 2280 1705 2156 1654 2208 1719 2088 1655 2281 1655 2281 1719 2088 1717 2209 1716 2210 1717 2209 1718 2089 1716 2210 1923 2090 1722 2211 1722 2211 1880 2091 1879 2212 1878 2158 1877 2282 1879 2212 1876 2213 1877 2282 1878 2158 2322 2092 1925 2283 1876 2213 2338 2214 1924 2284 2322 2092 2339 2159 2249 2285 2338 2214 2339 2159 2251 2215 2249 2285 2340 2093 2254 2216 2251 2215 2341 2160 2257 2286 2254 2216 2341 2160 2336 2217 2342 2218 2342 2218 2335 2219 2343 2287 5883 2288 5880 2221 5884 2228 7365 2289 7357 2290 7352 2291 7735 2292 2315 2041 7736 2222 2304 2042 2308 2230 2309 2293 2309 2293 2308 2230 2974 2164 2296 2231 2309 2293 2974 2164 2297 2294 2296 2231 2984 2103 2298 2295 2984 2103 2985 2232 2985 2232 2996 2165 2995 2106 2605 2105 2604 2166 2606 2296 2606 2296 2604 2166 2607 2233 2675 2234 2607 2233 2676 2107 2647 2297 2675 2234 2645 2108 2645 2108 2646 2235 2647 2297 3618 2168 2649 2298 2646 2235 3696 2236 3617 2299 3618 2168 3709 2109 3710 2237 3696 2236 3710 2237 3668 2111 3670 2238 3670 2238 3671 2169 3672 2300 3632 2239 3672 2300 3671 2169 3633 2301 3632 2239 3634 2113 3634 2113 3638 2240 3635 2302 3866 2172 3638 2240 3637 2170 3637 2170 3641 2171 3866 2172 3864 2241 3866 2172 944 2115 3948 2303 3864 2241 3945 2173 3944 2242 3949 2304 3945 2173 951 2243 3944 2242 952 2174 950 1944 988 2305 951 2243 4512 2244 4519 2306 950 1944 4512 2244 4513 2175 7539 2245 7540 2307 7539 2245 4354 2176 4355 2246 4353 2308 4354 2176 4546 1995 4541 1995 4356 2119 806 1896 991 1995 992 1995 3235 2177 3245 2178 7751 2120 7751 2120 3244 2122 7750 2247 7750 2247 3243 2179 3242 2180 7750 2247 3242 2180 3248 2248 3248 2248 3247 2181 7750 2247 7750 2247 3247 2181 3255 2249 3246 2123 3254 2309 3255 2249 3253 2250 3254 2309 3246 2123 3253 2250 3251 2124 3252 2310 3249 2251 3250 2311 3251 2124 3256 2312 3249 2251 3257 2182 3258 2313 3257 2182 3259 2252 3452 2183 3261 2314 3259 2252 3438 2184 3451 2315 3452 2183 3437 2253 3436 2316 3438 2184 3110 2188 3437 2253 3120 2125 3119 2254 3123 2317 3120 2125 4108 1845 3119 2254 3121 2185 4108 1845 3121 2185 3122 2255 4108 1845 3125 2256 3124 2318 3108 2187 3120 2125 3125 2256 3110 2188 3120 2125 3108 2187 3435 2189 3436 2316 3437 2253 3433 2190 3434 2319 3435 2189 3431 2257 3432 2320 3433 2190 3412 2129 3429 2258 3431 2257 3410 2130 3427 2259 3429 2258 3408 2131 3425 2260 3427 2259 3406 2132 3423 2261 3425 2260 3404 2133 3421 2262 3423 2261 3402 2134 3419 2263 3421 2262 3400 2135 3418 2264 3419 2263 3044 2136 3417 2321 3418 2264 3043 2265 3417 2321 3044 2136 1519 2194 1520 2267 7673 2322 1600 2139 7711 2268 1520 2267 1075 2269 1186 2323 1073 2143 1075 2269 1074 2197 1069 2270 1587 2271 1069 2270 1588 2144 1586 2324 1587 2271 1735 2145 1824 2272 1585 2325 1735 2145 1824 2272 1730 2146 1729 2273 1731 2147 1746 2326 1729 2273 1731 2147 1745 2274 1746 2326 1618 2327 1745 2274 1747 2199 1748 2200 1615 2328 1747 2199 1749 2201 1611 2329 1748 2200 1750 2202 1624 2330 1749 2201 1751 2203 1627 2331 1750 2202 1752 2204 1619 2332 1751 2203 1744 2275 1629 2333 1752 2204 1757 2334 1744 2275 1756 2149 1682 2276 1681 2335 1756 2149 1679 2336 1682 2276 1758 2205 1758 2205 1674 2206 1676 2337 1674 2206 1675 2152 1676 2337 1676 2337 1675 2152 1677 2277 1677 2277 1702 2153 1712 2278 1653 2154 1707 2279 1712 2278 1705 2156 1706 2280 1707 2279 1656 2338 1706 2280 1654 2208 1654 2208 1655 2281 1656 2338 1655 2281 1717 2209 1724 2339 1724 2339 1717 2209 1716 2210 1724 2339 1716 2210 1722 2211 1722 2211 1879 2212 1723 2340 1723 2340 1879 2212 1877 2282 1877 2282 1876 2213 1925 2283 2322 2092 1926 2341 1925 2283 1924 2284 1926 2341 2322 2092 1714 2342 1924 2284 2338 2214 2338 2214 2249 2285 1975 2343 2250 2344 2249 2285 2251 2215 2253 2345 2251 2215 2254 2216 2256 2346 2254 2216 2257 2286 2342 2218 2257 2286 2341 2160 2343 2287 2260 2347 2342 2218 2332 2348 2336 2217 2318 1871 5549 2349 5867 2350 5555 2351 2309 2293 2296 2231 2304 2042 2296 2231 2297 2294 2286 2352 2297 2294 2984 2103 2298 2295 2298 2295 2985 2232 2299 2353 2985 2232 2995 2106 2986 2354 2606 2296 2607 2233 2608 2355 2675 2234 2608 2355 2607 2233 2647 2297 2680 2356 2675 2234 2647 2297 2646 2235 2648 2357 2648 2357 2646 2235 2649 2298 3617 2299 2649 2298 3618 2168 3620 2358 3617 2299 3696 2236 3696 2236 3710 2237 3711 2359 3710 2237 3670 2238 3711 2359 3711 2359 3670 2238 3672 2300 3628 2360 3672 2300 3632 2239 3631 2361 3632 2239 3633 2301 3633 2301 3634 2113 3635 2302 3865 2362 3635 2302 3638 2240 3865 2362 3638 2240 3866 2172 3864 2241 3874 2363 3866 2172 3948 2303 3984 2364 3864 2241 3945 2173 3950 2365 3948 2303 3945 2173 3949 2304 3950 2365 4036 2366 3949 2304 3944 2242 951 2243 4036 2366 3944 2242 988 2305 4036 2366 951 2243 950 1944 987 2367 988 2305 4518 2368 950 1944 4519 2306 4519 2306 4512 2244 7539 2245 7540 2307 7556 2369 7539 2245 4350 2370 7540 2307 4354 2176 4354 2176 4353 2308 4350 2370 4541 1995 4540 1995 4356 2119 997 1995 991 1995 806 1896 7750 2247 3255 2249 7749 2371 7749 2371 3255 2249 3254 2309 7749 2371 3254 2309 3253 2250 7749 2371 3253 2250 3252 2310 3251 2124 3250 2311 3252 2310 7749 2371 3250 2311 3249 2251 7748 2372 3249 2251 3256 2312 3256 2312 3257 2182 3258 2313 3258 2313 3259 2252 3260 2373 3261 2314 3262 2374 3259 2252 3451 2315 3261 2314 3452 2183 3436 2316 3451 2315 3438 2184 3120 2125 3123 2317 3124 2318 3123 2317 3119 2254 4108 1845 4108 1845 3124 2318 3123 2317 3120 2125 3124 2318 3125 2256 3435 2189 3434 2319 3436 2316 3433 2190 3432 2320 3434 2319 3431 2257 3430 2375 3432 2320 3429 2258 3430 2375 3431 2257 3427 2259 3428 2376 3429 2258 3425 2260 3426 2377 3427 2259 3423 2261 3424 2378 3425 2260 3421 2262 3422 2379 3423 2261 3419 2263 3420 2380 3421 2262 3418 2264 3038 2381 3419 2263 3417 2321 3036 2382 3418 2264 1520 2267 7712 2383 7673 2322 1520 2267 7711 2268 7712 2383 1075 2269 1083 2384 1186 2323 1069 2270 1071 2385 1075 2269 1587 2271 1070 2386 1069 2270 1586 2324 1070 2386 1587 2271 1586 2324 1735 2145 1585 2325 1584 2387 1585 2325 1824 2272 1824 2272 1729 2273 1582 2388 1729 2273 1746 2326 1602 2389 1745 2274 1610 2390 1746 2326 1607 2391 1745 2274 1618 2327 1618 2327 1747 2199 1617 2392 1747 2199 1615 2328 1616 2393 1748 2200 1614 2394 1615 2328 1748 2200 1611 2329 1612 2395 1749 2201 1621 2396 1611 2329 1749 2201 1624 2330 1623 2397 1750 2202 1625 2398 1624 2330 1750 2202 1627 2331 1626 2399 1751 2203 1628 2400 1627 2331 1751 2203 1619 2332 1620 2401 1752 2204 1632 2402 1619 2332 1752 2204 1629 2333 1630 2403 1744 2275 1633 2404 1629 2333 1757 2334 1683 2405 1744 2275 1756 2149 1687 2406 1757 2334 1756 2149 1681 2335 1687 2406 1677 2277 1681 2335 1682 2276 1677 2277 1682 2276 1679 2336 1758 2205 1678 2407 1679 2336 1758 2205 1676 2337 1678 2407 1676 2337 1677 2277 1678 2407 1677 2277 1712 2278 1680 2408 1707 2279 1711 2409 1712 2278 1707 2279 1706 2280 1708 2410 1656 2338 1708 2410 1706 2280 1662 2411 1656 2338 1655 2281 1724 2339 1726 2412 1655 2281 1722 2211 1723 2340 1724 2339 1723 2340 1877 2282 1725 2413 1877 2282 1925 2283 1713 2414 1713 2414 1925 2283 1926 2341 1713 2414 1926 2341 1924 2284 1924 2284 1714 2342 1713 2414 2338 2214 1975 2343 1714 2342 2249 2285 1976 2415 1975 2343 2248 2416 2249 2285 2250 2344 2250 2344 2251 2215 2252 2417 2252 2417 2251 2215 2253 2345 2253 2345 2254 2216 2255 2418 2255 2418 2254 2216 2256 2346 2256 2346 2257 2286 2258 2419 2342 2218 2260 2347 2257 2286 2343 2287 2263 2420 2260 2347 7135 2421 7146 2422 7137 2423 2282 2095 2283 2424 2284 2425 2299 2353 2985 2232 2986 2354 2986 2354 2995 2106 2994 2426 2606 2296 2608 2355 2609 2427 2680 2356 2608 2355 2675 2234 2647 2297 2679 2428 2680 2356 2648 2357 2679 2428 2647 2297 2648 2357 2649 2298 2642 2429 3617 2299 2642 2429 2649 2298 3620 2358 2642 2429 3617 2299 3695 2430 3620 2358 3696 2236 3696 2236 3711 2359 3695 2430 3711 2359 3672 2300 3712 2431 3712 2431 3672 2300 3628 2360 3631 2361 3628 2360 3632 2239 3867 2432 3631 2361 3633 2301 3867 2432 3633 2301 3635 2302 3865 2362 3867 2432 3635 2302 3866 2172 3874 2363 3865 2362 3984 2364 3874 2363 3864 2241 3947 2433 3984 2364 3948 2303 3948 2303 3950 2365 3951 2434 4036 2366 3950 2365 3949 2304 987 2367 4036 2366 988 2305 974 2435 987 2367 950 1944 4518 2368 4517 2436 950 1944 7538 2437 4518 2368 4519 2306 7539 2245 7538 2437 4519 2306 7556 2369 7538 2437 7539 2245 7557 2438 7556 2369 7540 2307 7541 2439 7540 2307 4350 2370 4353 2308 4352 2440 4350 2370 4540 1995 4539 1995 4356 2119 996 1995 997 1995 806 1896 3252 2310 3250 2311 7749 2371 7749 2371 3249 2251 7748 2372 7748 2372 3256 2312 3258 2313 3258 2313 3260 2373 7748 2372 3259 2252 3265 2441 3260 2373 3259 2252 3262 2374 3263 2442 3261 2314 3270 2443 3262 2374 3451 2315 3268 2444 3261 2314 3436 2316 3450 2445 3451 2315 3434 2319 3450 2445 3436 2316 3432 2320 3449 2446 3434 2319 3430 2375 3448 2447 3432 2320 3429 2258 3428 2376 3430 2375 3427 2259 3426 2377 3428 2376 3425 2260 3424 2378 3426 2377 3423 2261 3422 2379 3424 2378 3421 2262 3420 2380 3422 2379 3419 2263 3038 2381 3420 2380 3418 2264 3036 2382 3038 2381 1185 2448 1083 2384 1075 2269 1075 2269 1071 2385 1187 2449 1069 2270 1070 2386 1071 2385 1586 2324 1072 2450 1070 2386 1585 2325 7699 2451 1586 2324 1584 2387 1065 2452 1585 2325 1824 2272 1583 2453 1584 2387 1582 2388 1583 2453 1824 2272 1582 2388 1729 2273 1603 2454 1729 2273 1602 2389 1605 2455 1746 2326 1601 2456 1602 2389 1746 2326 1610 2390 1609 2457 1745 2274 1606 2458 1610 2390 1607 2391 1606 2458 1745 2274 1618 2327 1050 2459 1607 2391 1617 2392 1051 2460 1618 2327 1747 2199 1616 2393 1617 2392 1615 2328 1040 2461 1616 2393 1614 2394 1041 2462 1615 2328 1613 2463 1614 2394 1748 2200 1748 2200 1612 2395 1613 2463 1611 2329 1045 2464 1612 2395 7713 2465 1611 2329 1621 2396 1622 2466 1621 2396 1749 2201 1749 2201 1623 2397 1622 2466 1039 2467 1623 2397 1624 2330 1029 2468 1624 2330 1625 2398 1750 2202 1626 2399 1625 2398 1032 2469 1626 2399 1627 2331 1026 2470 1627 2331 1628 2400 1751 2203 1620 2401 1628 2400 1619 2332 1027 2471 1620 2401 1632 2402 1024 2472 1619 2332 1631 2473 1632 2402 1752 2204 1752 2204 1630 2403 1631 2473 1629 2333 1020 2474 1630 2403 1629 2333 1633 2404 1019 2475 1634 2476 1633 2404 1744 2275 1753 2477 1744 2275 1683 2405 1684 2478 1683 2405 1757 2334 1757 2334 1687 2406 1686 2479 1680 2408 1687 2406 1681 2335 1680 2408 1681 2335 1677 2277 1678 2407 1677 2277 1679 2336 1680 2408 1712 2278 1711 2409 1707 2279 1710 2480 1711 2409 1708 2410 1710 2480 1707 2279 1698 2481 1708 2410 1656 2338 1661 2482 1656 2338 1662 2411 1662 2411 1655 2281 1668 2483 1655 2281 1726 2412 1727 2484 1724 2339 1715 2485 1726 2412 1724 2339 1723 2340 1725 2413 1725 2413 1877 2282 1713 2414 1713 2414 1714 2342 1715 2485 1714 2342 1975 2343 1715 2485 1715 2485 1975 2343 1976 2415 2249 2285 1977 2486 1976 2415 2248 2416 1977 2486 2249 2285 2347 2487 2248 2416 2250 2344 2348 2488 2250 2344 2252 2417 2350 2489 2252 2417 2253 2345 2351 2490 2253 2345 2255 2418 2353 2491 2255 2418 2256 2346 2354 2492 2256 2346 2258 2419 2258 2419 2257 2286 2259 2493 2259 2493 2257 2286 2260 2347 2262 2494 2260 2347 2263 2420 2344 2495 2263 2420 2343 2287 6280 2496 5834 1818 5831 2497 2324 2498 2312 1932 2304 2042 2299 2353 2986 2354 2300 2499 2986 2354 2994 2426 2987 2500 2995 2106 2605 2105 2606 2296 2680 2356 2612 2501 2608 2355 2679 2428 2690 2502 2680 2356 2648 2357 2641 2503 2679 2428 2642 2429 2641 2503 2648 2357 2643 2504 2642 2429 3620 2358 3695 2430 3619 2505 3620 2358 3695 2430 3711 2359 3712 2431 3712 2431 3628 2360 3624 2506 3626 2507 3628 2360 3631 2361 3626 2507 3631 2361 3867 2432 3877 2508 3867 2432 3865 2362 3865 2362 3874 2363 3875 2509 3984 2364 3872 2510 3874 2363 3947 2433 3983 2511 3984 2364 3946 2512 3947 2433 3948 2303 3948 2303 3951 2434 3946 2512 4027 2513 3951 2434 3950 2365 4027 2513 3950 2365 4036 2366 4028 2514 4036 2366 987 2367 987 2367 974 2435 4028 2514 950 1944 973 2515 974 2435 950 1944 4517 2436 4511 2516 4517 2436 4518 2368 7538 2437 7556 2369 7563 2517 7538 2437 7557 2438 7564 2518 7556 2369 7541 2439 7557 2438 7540 2307 4348 2519 7541 2439 4350 2370 4352 2440 4351 2520 4350 2370 4539 1995 4545 1995 4356 2119 995 1995 996 1995 806 1896 7748 2372 3260 2373 3265 2441 3259 2252 3264 2521 3265 2441 3263 2442 3264 2521 3259 2252 3263 2442 3262 2374 7747 2522 3262 2374 3270 2443 7747 2522 3261 2314 3269 2523 3270 2443 3268 2444 3269 2523 3261 2314 3450 2445 3268 2444 3451 2315 3434 2319 3449 2446 3450 2445 3432 2320 3448 2447 3449 2446 3430 2375 3447 2524 3448 2447 3428 2376 3447 2524 3430 2375 3426 2377 3446 2525 3428 2376 3424 2378 3445 2526 3426 2377 3422 2379 3444 2527 3424 2378 3420 2380 3443 2528 3422 2379 3038 2381 3442 2529 3420 2380 3036 2382 3037 2530 3038 2381 1185 2448 1078 2531 1083 2384 1075 2269 1187 2449 1185 2448 1071 2385 1190 2532 1187 2449 1071 2385 1070 2386 1072 2450 7699 2451 1072 2450 1586 2324 1585 2325 1065 2452 7699 2451 1584 2387 1067 2533 1065 2452 1583 2453 1067 2533 1584 2387 1582 2388 1068 2534 1583 2453 1582 2388 1603 2454 1061 2535 1604 2536 1603 2454 1729 2273 1604 2536 1729 2273 1605 2455 1063 2537 1605 2455 1602 2389 1601 2456 1060 2538 1602 2389 1746 2326 1608 2539 1601 2456 1609 2457 1608 2539 1746 2326 1057 2540 1609 2457 1610 2390 1057 2540 1610 2390 1606 2458 1053 2541 1606 2458 1607 2391 1607 2391 1050 2459 1049 2542 1618 2327 1051 2460 1050 2459 1617 2392 1048 2543 1051 2460 1616 2393 1048 2543 1617 2392 1616 2393 1040 2461 1048 2543 1615 2328 1041 2462 1040 2461 1614 2394 1043 2544 1041 2462 1613 2463 1043 2544 1614 2394 1612 2395 1044 2545 1613 2463 1612 2395 1045 2464 1044 2545 1611 2329 1037 2546 1045 2464 1037 2546 1611 2329 7713 2465 7713 2465 1621 2396 7714 2547 7714 2547 1621 2396 1622 2466 1038 2548 1622 2466 1623 2397 1038 2548 1623 2397 1039 2467 1039 2467 1624 2330 1029 2468 1029 2468 1625 2398 1030 2549 1030 2549 1625 2398 1626 2399 1030 2549 1626 2399 1032 2469 1032 2469 1627 2331 1026 2470 1026 2470 1628 2400 1620 2401 1620 2401 1027 2471 1026 2470 1619 2332 1028 2550 1027 2471 1619 2332 1024 2472 1028 2550 1632 2402 1025 2551 1024 2472 1631 2473 1025 2551 1632 2402 1630 2403 1022 2552 1631 2473 1630 2403 1020 2474 1022 2552 1019 2475 1020 2474 1629 2333 1019 2475 1633 2404 1634 2476 7715 2553 1634 2476 1744 2275 1015 2554 1744 2275 1753 2477 1753 2477 1683 2405 1690 2555 1683 2405 1684 2478 1685 2556 1757 2334 1686 2479 1684 2478 1680 2408 1686 2479 1687 2406 1680 2408 1711 2409 1685 2556 1685 2556 1711 2409 1710 2480 1698 2481 1710 2480 1708 2410 1661 2482 1698 2481 1656 2338 1660 2557 1661 2482 1662 2411 1668 2483 1672 2558 1662 2411 1668 2483 1655 2281 1697 2559 1655 2281 1727 2484 1696 2560 1726 2412 1976 2415 1727 2484 1715 2485 1976 2415 1726 2412 1713 2414 1715 2485 1724 2339 1724 2339 1725 2413 1713 2414 1976 2415 1977 2486 1727 2484 2441 2561 1977 2486 2248 2416 2441 2561 2248 2416 2347 2487 2347 2487 2250 2344 2348 2488 2348 2488 2252 2417 2350 2489 2350 2489 2253 2345 2351 2490 2351 2490 2255 2418 2353 2491 2353 2491 2256 2346 2354 2492 2354 2492 2258 2419 2356 2562 2356 2562 2258 2419 2259 2493 2259 2493 2260 2347 2261 2563 2261 2563 2260 2347 2262 2494 2262 2494 2263 2420 2264 2564 2344 2495 2266 2565 2263 2420 2507 2566 2508 2567 2490 2568 5852 2569 5857 2570 5856 2571 5554 2572 5868 2573 5866 2226 2300 2499 2986 2354 2987 2500 2987 2500 2994 2426 2993 2574 2612 2501 2613 2575 2608 2355 2616 2576 2612 2501 2680 2356 2680 2356 2690 2502 2689 2577 2679 2428 2691 2578 2690 2502 2641 2503 2691 2578 2679 2428 2641 2503 2642 2429 2643 2504 3619 2505 2643 2504 3620 2358 3694 2579 3619 2505 3695 2430 3695 2430 3712 2431 3694 2579 3694 2579 3712 2431 3624 2506 3624 2506 3628 2360 3630 2580 3626 2507 3627 2581 3628 2360 3627 2581 3626 2507 3867 2432 3877 2508 3876 2582 3867 2432 3865 2362 3875 2509 3877 2508 3874 2363 3873 2583 3875 2509 3872 2510 3873 2583 3874 2363 3983 2511 3872 2510 3984 2364 3955 2584 3983 2511 3947 2433 3946 2512 3966 2585 3947 2433 3946 2512 3951 2434 4027 2513 4028 2514 4027 2513 4036 2366 973 2515 4028 2514 974 2435 950 1944 972 2586 973 2515 4511 2516 4510 2587 950 1944 7537 2588 4511 2516 4517 2436 7538 2437 7537 2588 4517 2436 7563 2517 7537 2588 7538 2437 7564 2518 7563 2517 7556 2369 7565 2589 7564 2518 7557 2438 7558 2590 7557 2438 7541 2439 4345 2591 7541 2439 4348 2519 4350 2370 4349 2592 4348 2519 4350 2370 4351 2520 4349 2592 4545 1995 4544 1995 4356 2119 994 1995 995 1995 806 1896 7748 2372 3265 2441 7747 2522 7747 2522 3265 2441 3264 2521 7747 2522 3264 2521 3263 2442 7747 2522 3270 2443 3269 2523 3268 2444 3267 2593 3269 2523 3450 2445 3272 2594 3268 2444 3449 2446 3272 2594 3450 2445 3448 2447 3274 2595 3449 2446 3447 2524 3279 2596 3448 2447 3428 2376 3446 2525 3447 2524 3426 2377 3445 2526 3446 2525 3424 2378 3444 2527 3445 2526 3422 2379 3443 2528 3444 2527 3420 2380 3442 2529 3443 2528 3038 2381 3441 2597 3442 2529 3037 2530 3441 2597 3038 2381 1078 2531 1082 2598 1083 2384 1184 2599 1078 2531 1185 2448 1185 2448 1187 2449 1188 2600 1187 2449 1190 2532 1191 2601 1071 2385 1189 2602 1190 2532 1072 2450 1189 2602 1071 2385 1065 2452 1067 2533 1066 2603 1583 2453 1068 2534 1067 2533 1061 2535 1068 2534 1582 2388 1061 2535 1603 2454 1604 2536 1062 2604 1604 2536 1605 2455 1062 2604 1605 2455 1063 2537 1063 2537 1602 2389 1059 2605 1059 2605 1602 2389 1060 2538 1202 2606 1060 2538 1601 2456 1054 2607 1601 2456 1608 2539 1055 2608 1608 2539 1609 2457 1055 2608 1609 2457 1057 2540 1057 2540 1606 2458 1053 2541 1607 2391 1049 2542 1053 2541 1049 2542 1050 2459 1047 2609 1047 2609 1050 2459 1051 2460 1047 2609 1051 2460 1048 2543 1047 2609 1048 2543 1040 2461 1040 2461 1041 2462 1042 2610 1042 2610 1041 2462 1043 2544 1613 2463 1044 2545 1043 2544 1045 2464 1046 2611 1044 2545 1037 2546 1036 2612 1045 2464 7714 2547 1622 2466 1038 2548 1035 2613 1038 2548 1039 2467 1035 2613 1039 2467 1029 2468 1029 2468 1030 2549 1031 2614 1031 2614 1030 2549 1032 2469 1031 2614 1032 2469 1026 2470 1026 2470 1027 2471 1023 2615 1023 2615 1027 2471 1028 2550 1023 2615 1028 2550 1024 2472 1023 2615 1024 2472 1025 2551 1631 2473 1022 2552 1025 2551 1021 2616 1022 2552 1020 2474 1019 2475 1018 2617 1020 2474 1019 2475 1634 2476 1017 2618 1017 2618 1634 2476 7715 2553 1753 2477 1544 2619 1015 2554 1753 2477 1690 2555 1689 2620 1685 2556 1690 2555 1683 2405 1685 2556 1684 2478 1686 2479 1685 2556 1686 2479 1680 2408 1685 2556 1710 2480 1698 2481 1692 2621 1698 2481 1661 2482 1660 2557 1694 2622 1661 2482 1662 2411 1530 2623 1660 2557 1662 2411 1672 2558 1673 2624 1668 2483 1671 2625 1672 2558 1668 2483 1697 2559 1669 2626 1655 2281 1696 2560 1697 2559 1727 2484 1943 2627 1696 2560 1727 2484 1977 2486 1943 2627 1943 2627 1977 2486 2441 2561 2347 2487 2440 2628 2441 2561 2347 2487 2348 2488 2349 2629 2350 2489 2349 2629 2348 2488 2350 2489 2351 2490 2352 2630 2353 2491 2352 2630 2351 2490 2353 2491 2354 2492 2355 2631 2356 2562 2355 2631 2354 2492 2356 2562 2259 2493 2357 2632 2357 2632 2259 2493 2261 2563 2359 2633 2261 2563 2262 2494 2360 2634 2262 2494 2264 2564 2264 2564 2263 2420 2265 2635 2265 2635 2263 2420 2266 2565 2345 2636 2266 2565 2344 2495 5833 2637 5875 2162 5876 2638 2723 2639 2722 2640 3739 2641 3739 2641 2722 2640 2721 2642 3738 2643 2725 2097 2702 2644 2701 2645 3738 2643 2702 2644 2287 2646 2288 2647 2289 2648 2302 2649 2973 2650 2287 2646 3750 2651 3749 2652 3841 2653 6570 2654 6575 2655 6555 2656 2612 2501 2611 2657 2613 2575 2616 2576 2610 2658 2612 2501 2680 2356 2689 2577 2616 2576 2682 2659 2689 2577 2690 2502 2683 2660 2690 2502 2691 2578 2641 2503 2684 2661 2691 2578 2641 2503 2643 2504 2644 2662 3619 2505 2644 2662 2643 2504 3694 2579 3605 2663 3619 2505 3694 2579 3624 2506 3621 2664 3624 2506 3630 2580 3625 2665 3628 2360 3629 2666 3630 2580 3628 2360 3627 2581 3629 2666 3868 2667 3627 2581 3867 2432 3868 2667 3867 2432 3876 2582 3878 2668 3876 2582 3877 2508 3877 2508 3875 2509 3878 2668 3873 2583 3886 2669 3875 2509 3983 2511 3873 2583 3872 2510 3955 2584 3982 2670 3983 2511 3947 2433 3967 2671 3955 2584 3947 2433 3966 2585 3967 2671 3966 2585 3946 2512 4027 2513 4064 2672 4027 2513 4028 2514 4029 2673 4028 2514 973 2515 973 2515 972 2586 4029 2673 968 2674 972 2586 950 1944 4510 2587 4509 2675 950 1944 4510 2587 4511 2516 7537 2588 7563 2517 7555 2676 7537 2588 7564 2518 7554 2677 7563 2517 7565 2589 7553 2678 7564 2518 7558 2590 7565 2589 7557 2438 7542 2679 7558 2590 7541 2439 7542 2679 7541 2439 4345 2591 4348 2519 4347 2680 4345 2591 4349 2592 4347 2680 4348 2519 4544 1995 4543 1995 4356 2119 1009 1995 994 1995 806 1896 7747 2522 3269 2523 7745 2681 7745 2681 3269 2523 3267 2593 3266 2682 3267 2593 3268 2444 3271 2683 3268 2444 3272 2594 3449 2446 3274 2595 3272 2594 3448 2447 3279 2596 3274 2595 3447 2524 3282 2684 3279 2596 3446 2525 3282 2684 3447 2524 3445 2526 3287 2685 3446 2525 3444 2527 3289 2686 3445 2526 3443 2528 3294 2687 3444 2527 3442 2529 3035 2688 3443 2528 3441 2597 3033 2689 3442 2529 1078 2531 1081 2690 1082 2598 1184 2599 1095 2691 1078 2531 1185 2448 1188 2600 1184 2599 1187 2449 1191 2601 1188 2600 1190 2532 1195 2692 1191 2601 1189 2602 1194 2693 1190 2532 1072 2450 1066 2603 1189 2602 1064 2694 1065 2452 1066 2603 1066 2603 1067 2533 1068 2534 1066 2603 1068 2534 1061 2535 1061 2535 1604 2536 1062 2604 1058 2695 1062 2604 1063 2537 1058 2695 1063 2537 1059 2605 1058 2695 1059 2605 1060 2538 1056 2696 1060 2538 1202 2606 1202 2606 1601 2456 1054 2607 1054 2607 1608 2539 1055 2608 1056 2696 1055 2608 1057 2540 1053 2541 1052 2697 1057 2540 1052 2697 1053 2541 1049 2542 1049 2542 1047 2609 1052 2697 1040 2461 1042 2610 1047 2609 1042 2610 1043 2544 1044 2545 1044 2545 1046 2611 1042 2610 1045 2464 1036 2612 1046 2611 1036 2612 1037 2546 1033 2698 1034 2699 1038 2548 1035 2613 1026 2470 1023 2615 1031 2614 1025 2551 1021 2616 1023 2615 1022 2552 1021 2616 1025 2551 1020 2474 1018 2617 1021 2616 1017 2618 1018 2617 1019 2475 1016 2700 1015 2554 1544 2619 1754 2701 1544 2619 1753 2477 1743 2702 1753 2477 1689 2620 1688 2703 1689 2620 1690 2555 1685 2556 1688 2703 1690 2555 1698 2481 1688 2703 1685 2556 1692 2621 1693 2704 1698 2481 1661 2482 1691 2705 1692 2621 1661 2482 1694 2622 1695 2706 1660 2557 1663 2707 1694 2622 1660 2557 1530 2623 1529 2708 1662 2411 1532 2709 1530 2623 1662 2411 1673 2624 1664 2710 1672 2558 1414 2711 1673 2624 1671 2625 1414 2711 1672 2558 1665 2712 1671 2625 1668 2483 1668 2483 1669 2626 1665 2712 1943 2627 1669 2626 1697 2559 1696 2560 1943 2627 1697 2559 2441 2561 1942 2713 1943 2627 2440 2628 1942 2713 2441 2561 2349 2629 2440 2628 2347 2487 2352 2630 2349 2629 2350 2489 2355 2631 2352 2630 2353 2491 2358 2714 2355 2631 2356 2562 2356 2562 2357 2632 2358 2714 2357 2632 2261 2563 2359 2633 2359 2633 2262 2494 2360 2634 2360 2634 2264 2564 2362 2715 2362 2715 2264 2564 2265 2635 2265 2635 2266 2565 2267 2716 2345 2636 2269 2717 2266 2565 2719 2718 3742 2719 2280 2720 3741 2721 2719 2718 2704 1978 5794 2722 5876 2638 5795 2723 7364 2724 7385 2725 7363 2726 2720 2727 2726 2728 3738 2643 2289 2648 2288 2647 2290 2729 2287 2646 2973 2650 2288 2647 2302 2649 2988 2730 2973 2650 2301 2731 2988 2730 2302 2649 2613 2575 2992 2732 2609 2427 2610 2658 2611 2657 2612 2501 2615 2733 2610 2658 2616 2576 2616 2576 2689 2577 2688 2734 2681 2735 2689 2577 2682 2659 2682 2659 2690 2502 2683 2660 2683 2660 2691 2578 2684 2661 2644 2662 2684 2661 2641 2503 2634 2736 2644 2662 3619 2505 2635 2737 3619 2505 3605 2663 3621 2664 3605 2663 3694 2579 3621 2664 3624 2506 3622 2738 3624 2506 3625 2665 3622 2738 3630 2580 3869 2739 3625 2665 3630 2580 3629 2666 3868 2667 3629 2666 3627 2581 3868 2667 3876 2582 3901 2740 3868 2667 3878 2668 3897 2741 3876 2582 3875 2509 3887 2742 3878 2668 3875 2509 3886 2669 3887 2742 3982 2670 3886 2669 3873 2583 3982 2670 3873 2583 3983 2511 3953 2743 3982 2670 3955 2584 3955 2584 3967 2671 3968 2744 3966 2585 4027 2513 3967 2671 4064 2672 4037 2745 4027 2513 4029 2673 4064 2672 4028 2514 968 2674 4029 2673 972 2586 950 1944 967 2746 968 2674 950 1944 4509 2675 4496 2747 4510 2587 7536 2748 4509 2675 7537 2588 7536 2748 4510 2587 7555 2676 7536 2748 7537 2588 7554 2677 7555 2676 7563 2517 7553 2678 7554 2677 7564 2518 7552 2749 7553 2678 7565 2589 7566 2750 7565 2589 7558 2590 7559 2751 7558 2590 7542 2679 4343 2752 7542 2679 4345 2591 4347 2680 4346 2753 4345 2591 4543 1995 4542 1995 4356 2119 806 1896 1002 1995 1009 1995 7745 2681 3267 2593 3266 2682 3266 2682 3268 2444 3271 2683 3271 2683 3272 2594 3273 2754 3274 2595 3275 2755 3272 2594 3279 2596 3280 2756 3274 2595 3282 2684 3284 2757 3279 2596 3446 2525 3287 2685 3282 2684 3445 2526 3289 2686 3287 2685 3444 2527 3294 2687 3289 2686 3443 2528 3035 2688 3294 2687 3442 2529 3033 2689 3035 2688 1077 2758 1081 2690 1078 2531 1079 2759 1078 2531 1095 2691 1098 2760 1095 2691 1184 2599 1184 2599 1188 2600 1102 2761 1188 2600 1191 2601 1192 2762 1191 2601 1195 2692 1196 2763 1190 2532 1194 2693 1195 2692 1189 2602 1193 2764 1194 2693 1066 2603 1193 2764 1189 2602 1064 2694 1066 2603 1072 2450 1061 2535 1058 2695 1066 2603 1061 2535 1062 2604 1058 2695 1201 2765 1058 2695 1060 2538 1201 2765 1060 2538 1056 2696 1056 2696 1202 2606 1054 2607 1054 2607 1055 2608 1056 2696 1057 2540 1052 2697 1056 2696 1052 2697 1047 2609 1209 2766 1047 2609 1042 2610 1215 2767 1042 2610 1046 2611 1221 2768 1036 2612 1228 2769 1046 2611 1033 2698 1034 2699 1035 2613 1031 2614 1023 2615 1244 2770 1023 2615 1021 2616 1252 2771 1021 2616 1018 2617 1179 2772 1017 2618 1016 2700 1018 2617 1015 2554 1016 2700 1017 2618 1016 2700 1544 2619 1181 2773 1755 2774 1544 2619 1754 2701 1754 2701 1753 2477 1743 2702 1743 2702 1689 2620 1693 2704 1689 2620 1688 2703 1693 2704 1698 2481 1693 2704 1688 2703 1692 2621 1743 2702 1693 2704 1754 2701 1692 2621 1691 2705 1661 2482 1695 2706 1691 2705 1694 2622 1754 2701 1695 2706 1663 2707 1754 2701 1694 2622 1577 2775 1663 2707 1660 2557 1660 2557 1529 2708 1535 2776 1529 2708 1530 2623 1531 2777 1532 2709 1534 2778 1530 2623 1533 2779 1532 2709 1662 2411 1662 2411 1664 2710 1533 2779 1673 2624 1416 2780 1664 2710 1673 2624 1414 2711 1416 2780 1671 2625 1670 2781 1414 2711 1665 2712 1670 2781 1671 2625 1943 2627 1665 2712 1669 2626 1942 2713 1408 2782 1943 2627 2440 2628 1941 2783 1942 2713 2349 2629 2444 2784 2440 2628 2352 2630 2593 2785 2349 2629 2355 2631 2573 2786 2352 2630 2358 2714 2553 2787 2355 2631 2359 2633 2358 2714 2357 2632 2359 2633 2360 2634 2361 2788 2362 2715 2361 2788 2360 2634 2362 2715 2265 2635 2363 2789 2363 2789 2265 2635 2267 2716 2267 2716 2266 2565 2268 2790 2268 2790 2266 2565 2269 2717 2247 1979 2326 2791 2327 2792 2346 2793 2278 2794 2279 2795 5830 2796 5827 2797 6272 2798 2413 2799 2415 2800 2707 2801 3819 2802 3737 2803 3736 2804 3736 2804 2729 2805 2728 2806 2728 2806 2729 2805 2289 2648 2290 2729 2727 2807 2289 2648 2290 2729 2288 2647 2291 2808 2291 2808 2288 2647 2973 2650 2993 2574 2988 2730 2987 2500 6545 2809 6172 2810 6167 2811 5795 2723 5875 2162 5877 2812 2614 2813 2615 2733 2616 2576 2616 2576 2688 2734 2685 2814 2681 2735 2688 2734 2689 2577 2630 2815 2681 2735 2682 2659 2632 2816 2682 2659 2683 2660 2636 2817 2683 2660 2684 2661 2634 2736 2684 2661 2644 2662 2634 2736 3619 2505 2635 2737 2635 2737 3605 2663 2637 2818 3621 2664 3622 2738 3605 2663 3625 2665 3869 2739 3622 2738 3868 2667 3869 2739 3630 2580 3868 2667 3901 2740 3869 2739 3876 2582 3900 2819 3901 2740 3897 2741 3900 2819 3876 2582 3889 2820 3897 2741 3878 2668 3878 2668 3887 2742 3888 2821 3886 2669 3879 2822 3887 2742 3981 2823 3886 2669 3982 2670 3953 2743 3981 2823 3982 2670 3954 2824 3953 2743 3955 2584 3955 2584 3968 2744 3954 2824 3967 2671 4037 2745 3968 2744 3967 2671 4027 2513 4037 2745 4063 2825 4037 2745 4064 2672 4072 2826 4064 2672 4029 2673 4035 2827 4029 2673 968 2674 968 2674 967 2746 4035 2827 950 1944 985 2828 967 2746 4496 2747 4507 2829 950 1944 4509 2675 7246 2830 4496 2747 7536 2748 7246 2830 4509 2675 7555 2676 7248 2831 7536 2748 7554 2677 7278 2832 7555 2676 7553 2678 7276 2833 7554 2677 7552 2749 7274 2834 7553 2678 7566 2750 7552 2749 7565 2589 7559 2751 7566 2750 7558 2590 7543 2835 7559 2751 7542 2679 4341 2836 7542 2679 4343 2752 4345 2591 4344 2837 4343 2752 4345 2591 4346 2753 4344 2837 4542 1995 4557 1995 4356 2119 1006 1995 1002 1995 806 1896 3266 2682 3271 2683 7745 2681 7745 2681 3271 2683 3273 2754 3272 2594 3276 2838 3273 2754 3272 2594 3275 2755 3276 2838 3274 2595 3281 2839 3275 2755 3274 2595 3280 2756 3281 2839 3279 2596 3278 2840 3280 2756 3279 2596 3284 2757 3285 2841 3282 2684 3283 2842 3284 2757 3286 2843 3282 2684 3287 2685 3289 2686 3290 2844 3287 2685 3294 2687 3295 2845 3289 2686 3035 2688 3060 2846 3294 2687 3033 2689 3034 2847 3035 2688 1076 2848 1077 2758 1078 2531 1076 2848 1078 2531 1079 2759 1079 2759 1095 2691 1011 2849 1098 2760 1093 2850 1095 2691 1184 2599 1102 2761 1098 2760 1188 2600 1192 2762 1102 2761 1191 2601 1196 2763 1192 2762 1197 2851 1196 2763 1195 2692 1198 2852 1195 2692 1194 2693 1199 2853 1194 2693 1193 2764 1066 2603 1058 2695 1193 2764 1200 2854 1058 2695 1201 2765 1056 2696 1203 2855 1201 2765 1056 2696 1052 2697 1203 2855 1052 2697 1209 2766 1203 2855 1047 2609 1215 2767 1209 2766 1042 2610 1221 2768 1215 2767 1046 2611 1229 2856 1221 2768 1046 2611 1228 2769 1229 2856 1036 2612 1035 2613 1228 2769 1031 2614 1244 2770 1236 2857 1023 2615 1252 2771 1244 2770 1021 2616 1179 2772 1252 2771 1018 2617 1182 2858 1179 2772 1016 2700 1181 2773 1018 2617 1181 2773 1544 2619 1542 2859 1755 2774 1545 2860 1544 2619 1754 2701 1543 2861 1755 2774 1743 2702 1692 2621 1754 2701 1754 2701 1691 2705 1695 2706 1663 2707 1538 2862 1754 2701 1577 2775 1536 2863 1663 2707 1535 2776 1577 2775 1660 2557 1529 2708 1531 2777 1535 2776 1530 2623 1534 2778 1531 2777 1532 2709 1533 2779 1534 2778 1664 2710 1534 2778 1533 2779 1664 2710 1416 2780 1534 2778 1414 2711 1415 2864 1416 2780 1414 2711 1670 2781 1412 2865 1667 2866 1670 2781 1665 2712 1666 2867 1665 2712 1943 2627 1943 2627 1408 2782 1413 2868 1942 2713 1409 2869 1408 2782 1941 2783 1409 2869 1942 2713 2440 2628 1944 2870 1941 2783 2444 2784 1944 2870 2440 2628 2593 2785 2444 2784 2349 2629 2573 2786 2593 2785 2352 2630 2553 2787 2573 2786 2355 2631 2533 2871 2553 2787 2358 2714 2361 2788 2358 2714 2359 2633 2364 2872 2361 2788 2362 2715 2362 2715 2363 2789 2364 2872 2363 2789 2267 2716 2365 2873 2365 2873 2267 2716 2268 2790 2268 2790 2269 2717 2270 2874 3742 2719 2715 2875 2717 2876 2717 2876 2718 2877 3742 2719 3821 2878 3740 2879 3739 2641 3821 2878 3739 2641 3725 2880 6288 2881 6286 2882 6289 2883 3817 2884 3819 2802 3736 2804 3735 2885 3736 2804 2728 2806 6283 2886 6282 2887 5835 2888 7354 2889 7353 2890 7284 2891 2290 2729 2291 2808 2292 2892 2291 2808 2973 2650 2292 2892 7391 2893 7305 2894 7306 2895 2615 2733 2990 2896 2989 2897 2615 2733 2614 2813 2617 2898 2616 2576 2685 2814 2614 2813 2685 2814 2688 2734 2624 2899 2628 2900 2688 2734 2681 2735 2628 2900 2681 2735 2630 2815 2630 2815 2682 2659 2632 2816 2632 2816 2683 2660 2636 2817 2636 2817 2684 2661 2634 2736 2634 2736 2635 2737 2636 2817 2636 2817 2635 2737 2637 2818 2637 2818 3605 2663 3604 2901 3605 2663 3622 2738 3623 2902 3622 2738 3869 2739 3871 2903 3869 2739 3901 2740 3903 2904 3900 2819 3863 2905 3901 2740 3897 2741 3899 2906 3900 2819 3889 2820 3896 2907 3897 2741 3878 2668 3888 2821 3889 2820 3887 2742 3881 2908 3888 2821 3887 2742 3879 2822 3881 2908 3981 2823 3879 2822 3886 2669 3980 2909 3981 2823 3953 2743 3952 2910 3953 2743 3954 2824 4037 2745 3954 2824 3968 2744 4063 2825 4038 2911 4037 2745 4072 2826 4063 2825 4064 2672 4035 2827 4072 2826 4029 2673 4035 2827 967 2746 986 2912 967 2746 985 2828 982 2913 985 2828 950 1944 4033 2914 4507 2829 4506 2915 950 1944 4508 2916 4507 2829 4496 2747 7246 2830 4495 2917 4496 2747 7536 2748 7247 2918 7246 2830 7248 2831 7247 2918 7536 2748 7249 2919 7248 2831 7555 2676 7278 2832 7249 2919 7555 2676 7277 2920 7278 2832 7554 2677 7276 2833 7277 2920 7554 2677 7275 2921 7276 2833 7553 2678 7274 2834 7275 2921 7553 2678 7273 2922 7274 2834 7552 2749 7551 2923 7552 2749 7566 2750 7567 2924 7566 2750 7559 2751 7560 2925 7559 2751 7543 2835 7543 2835 7542 2679 4341 2836 4343 2752 4342 2926 4341 2836 4344 2837 4342 2926 4343 2752 4557 1995 4550 1995 4356 2119 806 1896 1005 1995 1006 1995 7745 2681 3273 2754 3276 2838 7745 2681 3276 2838 3275 2755 3275 2755 3281 2839 7745 2681 7745 2681 3281 2839 3280 2756 7746 2927 3280 2756 3278 2840 3277 2928 3278 2840 3279 2596 3279 2596 3285 2841 3277 2928 7746 2927 3285 2841 3284 2757 7760 2929 3284 2757 3283 2842 3283 2842 3282 2684 3286 2843 3286 2843 3287 2685 3288 2930 3287 2685 3290 2844 3291 2931 3289 2686 3296 2932 3290 2844 3289 2686 3295 2845 3296 2932 3294 2687 3293 2933 3295 2845 3294 2687 3060 2846 3297 2934 3059 2935 3060 2846 3035 2688 3298 2936 3035 2688 3034 2847 1079 2759 1080 2937 1076 2848 1011 2849 1010 2938 1079 2759 1011 2849 1095 2691 1097 2939 1093 2850 1094 2940 1095 2691 1100 2941 1093 2850 1098 2760 1098 2760 1102 2761 1101 2942 1102 2761 1192 2762 1108 2943 1192 2762 1196 2763 1112 2944 1114 2945 1196 2763 1197 2851 1197 2851 1195 2692 1198 2852 1198 2852 1194 2693 1199 2853 1199 2853 1193 2764 1200 2854 1200 2854 1193 2764 1058 2695 1201 2765 1204 2946 1200 2854 1201 2765 1203 2855 1204 2946 1203 2855 1209 2766 1210 2947 1209 2766 1215 2767 1216 2948 1215 2767 1221 2768 1222 2949 1221 2768 1229 2856 1230 2950 1228 2769 1237 2951 1229 2856 1035 2613 1236 2857 1228 2769 1035 2613 1031 2614 1236 2857 1236 2857 1244 2770 1245 2952 1244 2770 1252 2771 1253 2953 1252 2771 1179 2772 1177 2954 1179 2772 1182 2858 1183 2955 1018 2617 1181 2773 1182 2858 1181 2773 1542 2859 1182 2858 1546 2956 1545 2860 1755 2774 1755 2774 1543 2861 1546 2956 1754 2701 1541 2957 1543 2861 1538 2862 1540 2958 1754 2701 1536 2863 1538 2862 1663 2707 1536 2863 1577 2775 1537 2959 1577 2775 1535 2776 1578 2960 1578 2960 1535 2776 1531 2777 1531 2777 1534 2778 1574 2961 1573 2962 1534 2778 1416 2780 1416 2780 1415 2864 1417 2963 1414 2711 1410 2964 1415 2864 1412 2865 1410 2964 1414 2711 1412 2865 1670 2781 1667 2866 1665 2712 1666 2867 1667 2866 1943 2627 1413 2868 1666 2867 1412 2865 1413 2868 1408 2782 1408 2782 1409 2869 1410 2964 1941 2783 1411 2965 1409 2869 1944 2870 1405 2966 1941 2783 2444 2784 1948 2967 1944 2870 2593 2785 2443 2968 2444 2784 2573 2786 2592 2969 2593 2785 2553 2787 2572 2970 2573 2786 2533 2871 2552 2971 2553 2787 2361 2788 2533 2871 2358 2714 2364 2872 2513 2972 2361 2788 2365 2873 2364 2872 2363 2789 2365 2873 2268 2790 2366 2973 2366 2973 2268 2790 2270 2874 2270 2874 2269 2717 2271 2974 2271 2974 2269 2717 2272 2975 2277 2976 2272 2975 2346 2793 2701 2645 2702 2644 2285 2096 7739 2040 7737 2223 2317 2039 3792 2977 3740 2879 3821 2878 3804 2978 3821 2878 3725 2880 3723 2979 3724 2980 3725 2880 3810 2981 2716 2982 3790 2983 3723 2979 3820 2984 3819 2802 3726 2985 3819 2802 3817 2884 3817 2884 3736 2804 3735 2885 2721 2642 2283 2424 2720 2727 2292 2892 2293 2986 2290 2729 2294 2987 2989 2897 2990 2896 2615 2733 2617 2898 2990 2896 2617 2898 2614 2813 2618 2988 2614 2813 2685 2814 2686 2989 2685 2814 2624 2899 2686 2989 2628 2900 2624 2899 2688 2734 2629 2990 2628 2900 2630 2815 2631 2991 2630 2815 2632 2816 2638 2992 2632 2816 2636 2817 2639 2993 2636 2817 2637 2818 2637 2818 3604 2901 2640 2994 3603 2995 3604 2901 3605 2663 3605 2663 3623 2902 3603 2995 3622 2738 3871 2903 3623 2902 3869 2739 3870 2996 3871 2903 3869 2739 3903 2904 3870 2996 3901 2740 3863 2905 3903 2904 3899 2906 3863 2905 3900 2819 3896 2907 3899 2906 3897 2741 3890 2997 3896 2907 3889 2820 3889 2820 3888 2821 3883 2998 3888 2821 3881 2908 3883 2998 3879 2822 3880 2999 3881 2908 3979 3000 3879 2822 3981 2823 3980 2909 3979 3000 3981 2823 3953 2743 3963 3001 3980 2909 3952 2910 3961 3002 3953 2743 4037 2745 3952 2910 3954 2824 3962 3003 4037 2745 4038 2911 4062 3004 4038 2911 4063 2825 4071 3005 4063 2825 4072 2826 4079 3006 4072 2826 4035 2827 984 3007 4035 2827 986 2912 967 2746 982 2913 986 2912 4033 2914 982 2913 985 2828 950 1944 4506 2915 4501 3008 4507 2829 7495 3009 4506 2915 4507 2829 4508 2916 7495 3009 4494 3010 4508 2916 4496 2747 4496 2747 4495 2917 4494 3010 7246 2830 7195 3011 4495 2917 7247 2918 7192 3012 7246 2830 7248 2831 7192 3012 7247 2918 7249 2919 7244 3013 7248 2831 7249 2919 7278 2832 7243 3014 7278 2832 7277 2920 7243 3014 7277 2920 7276 2833 7242 3015 7276 2833 7275 2921 7241 3016 7275 2921 7274 2834 7240 3017 7274 2834 7273 2922 7239 3018 7272 3019 7273 2922 7552 2749 7551 2923 7272 3019 7552 2749 7567 2924 7551 2923 7566 2750 7560 2925 7567 2924 7559 2751 7544 3020 7560 2925 7543 2835 4339 3021 7543 2835 4341 2836 4342 2926 4340 3022 4341 2836 4550 1995 4554 1995 4356 2119 1004 1995 1005 1995 806 1896 7745 2681 3280 2756 7746 2927 7746 2927 3278 2840 3277 2928 3277 2928 3285 2841 7746 2927 7746 2927 3284 2757 7760 2929 7760 2929 3283 2842 3286 2843 3286 2843 3288 2930 7760 2929 3287 2685 3291 2931 3288 2930 7760 2929 3291 2931 3290 2844 3296 2932 7758 3023 3290 2844 3296 2932 3295 2845 7758 3023 7758 3023 3295 2845 3293 2933 3292 3024 3293 2933 3294 2687 3294 2687 3297 2934 3292 3024 3060 2846 7757 3025 3297 2934 3059 2935 7757 3025 3060 2846 3059 2935 3035 2688 3298 2936 3298 2936 3034 2847 3299 3026 1079 2759 1014 3027 1080 2937 1079 2759 1010 2938 1014 3027 1010 2938 1011 2849 1012 3028 1011 2849 1097 2939 1012 3028 1095 2691 1096 3029 1097 2939 1095 2691 1094 2940 1096 3029 1098 2760 1099 3030 1100 2941 1098 2760 1101 2942 1099 3030 1101 2942 1102 2761 1103 3031 1102 2761 1108 2943 1104 3032 1192 2762 1112 2944 1108 2943 1114 2945 1112 2944 1196 2763 1197 2851 1208 3033 1114 2945 1198 2852 1207 3034 1197 2851 1199 2853 1206 3035 1198 2852 1200 2854 1205 3036 1199 2853 1200 2854 1204 2946 1205 3036 1203 2855 1210 2947 1204 2946 1209 2766 1216 2948 1210 2947 1215 2767 1222 2949 1216 2948 1221 2768 1230 2950 1222 2949 1229 2856 1238 3037 1230 2950 1229 2856 1237 2951 1238 3037 1228 2769 1236 2857 1237 2951 1236 2857 1245 2952 1237 2951 1244 2770 1253 2953 1245 2952 1252 2771 1177 2954 1253 2953 1178 3038 1177 2954 1179 2772 1179 2772 1183 2955 1180 3039 1182 2858 1580 3040 1183 2955 1542 2859 1580 3040 1182 2858 1542 2859 1545 2860 1546 2956 1542 2859 1546 2956 1543 2861 1541 2957 1542 2859 1543 2861 1540 2958 1541 2957 1754 2701 1538 2862 1539 3041 1540 2958 1536 2863 1537 2959 1538 2862 1537 2959 1577 2775 1578 2960 1578 2960 1531 2777 1579 3042 1531 2777 1574 2961 1576 3043 1534 2778 1573 2962 1574 2961 1416 2780 1418 3044 1573 2962 1416 2780 1417 2963 1418 3044 1415 2864 1478 3045 1417 2963 1410 2964 1477 3046 1415 2864 1412 2865 1408 2782 1410 2964 1412 2865 1667 2866 1666 2867 1412 2865 1666 2867 1413 2868 1410 2964 1409 2869 1411 2965 1941 2783 1405 2966 1411 2965 1944 2870 1401 3047 1405 2966 1948 2967 1402 3048 1944 2870 2443 2968 1948 2967 2444 2784 2592 2969 2443 2968 2593 2785 2572 2970 2592 2969 2573 2786 2552 2971 2572 2970 2553 2787 2532 3049 2552 2971 2533 2871 2513 2972 2533 2871 2361 2788 2493 3050 2513 2972 2364 2872 2367 3051 2364 2872 2365 2873 2365 2873 2366 2973 2367 3051 2366 2973 2270 2874 2368 3052 2368 3052 2270 2874 2271 2974 2271 2974 2272 2975 2273 3053 2276 3054 2272 2975 2277 2976 7345 3055 6272 2798 6273 3056 3808 3057 3791 3058 3792 2977 3806 3059 3792 2977 3821 2878 3806 3059 3821 2878 3804 2978 3804 2978 3725 2880 3802 3060 3802 3060 3725 2880 3724 2980 3724 2980 3723 2979 3726 2985 3726 2985 3723 2979 3819 2802 3816 3061 3726 2985 3817 2884 3818 3062 3817 2884 3735 2885 2325 3063 2319 3064 2317 2039 2990 2896 2730 2100 2295 3065 2294 2987 2990 2896 2295 3065 2292 2892 2989 2897 2293 2986 2510 3066 2490 2568 2509 3067 2619 3068 2990 2896 2617 2898 2617 2898 2618 2988 2619 3068 2614 2813 2686 2989 2618 2988 2686 2989 2624 2899 2625 3069 2622 3070 2624 2899 2628 2900 2626 3071 2628 2900 2629 2990 2629 2990 2630 2815 2631 2991 2631 2991 2632 2816 2633 3072 2633 3072 2632 2816 2638 2992 2638 2992 2636 2817 2639 2993 2639 2993 2637 2818 2640 2994 3786 3073 2640 2994 3604 2901 3603 2995 3859 3074 3604 2901 3623 2902 3870 2996 3603 2995 3623 2902 3871 2903 3870 2996 3870 2996 3903 2904 3860 3075 3903 2904 3863 2905 3862 3076 3899 2906 3861 3077 3863 2905 3896 2907 3898 3078 3899 2906 3890 2997 3893 3079 3896 2907 3889 2820 3883 2998 3890 2997 3881 2908 3882 3080 3883 2998 3881 2908 3880 2999 3882 3080 3979 3000 3880 2999 3879 2822 3978 3081 3979 3000 3980 2909 3980 2909 3963 3001 3959 3082 3953 2743 3961 3002 3963 3001 3961 3002 3952 2910 4037 2745 3961 3002 4037 2745 3962 3003 4038 2911 3964 3083 3962 3003 4062 3004 4039 3084 4038 2911 4071 3005 4062 3004 4063 2825 4079 3006 4071 3005 4072 2826 4030 3085 4079 3006 4035 2827 4030 3085 4035 2827 984 3007 986 2912 982 2913 984 3007 4033 2914 4032 3086 982 2913 4501 3008 4500 3087 950 1944 4506 2915 7494 3088 4501 3008 7495 3009 7494 3088 4506 2915 4508 2916 7414 3089 7495 3009 7414 3089 4508 2916 4494 3010 4495 2917 7195 3011 4494 3010 7192 3012 7195 3011 7246 2830 7248 2831 7245 3090 7192 3012 7244 3013 7245 3090 7248 2831 7243 3014 7244 3013 7249 2919 7243 3014 7277 2920 7242 3015 7242 3015 7276 2833 7241 3016 7241 3016 7275 2921 7240 3017 7240 3017 7274 2834 7239 3018 7239 3018 7273 2922 7238 3091 7273 2922 7272 3019 7238 3091 7237 3092 7272 3019 7551 2923 7550 3093 7551 2923 7567 2924 7568 3094 7567 2924 7560 2925 7561 3095 7560 2925 7544 3020 7544 3020 7543 2835 4336 3096 4336 3096 7543 2835 4339 3021 4341 2836 4340 3022 4339 3021 4554 1995 4553 1995 4356 2119 806 1896 1003 1995 1004 1995 7760 2929 3288 2930 3291 2931 3290 2844 7758 3023 7760 2929 7758 3023 3293 2933 3292 3024 3297 2934 7758 3023 3292 3024 3297 2934 7757 3025 7758 3023 3298 2936 7757 3025 3059 2935 3299 3026 7759 3097 3298 2936 1010 2938 1013 3098 1014 3027 7688 11 1100 2941 1099 3030 1099 3030 1101 2942 1103 3031 1103 3031 1102 2761 1104 3032 1104 3032 1108 2943 1109 3099 1108 2943 1112 2944 1113 3100 1116 3101 1112 2944 1114 2945 1114 2945 1208 3033 1120 3102 1197 2851 1207 3034 1208 3033 1198 2852 1206 3035 1207 3034 1199 2853 1205 3036 1206 3035 1204 2946 1211 3103 1205 3036 1204 2946 1210 2947 1211 3103 1210 2947 1216 2948 1217 3104 1216 2948 1222 2949 1223 3105 1222 2949 1230 2950 1231 3106 1230 2950 1238 3037 1239 3107 1237 2951 1246 3108 1238 3037 1237 2951 1245 2952 1246 3108 1245 2952 1253 2953 1254 3109 1253 2953 1177 2954 1174 3110 1176 3111 1177 2954 1178 3038 1178 3038 1179 2772 1180 3039 1183 2955 1580 3040 1180 3039 1542 2859 1579 3042 1580 3040 7696 3112 1545 2860 1542 2859 1541 2957 1539 3041 1542 2859 1540 2958 1539 3041 1541 2957 1538 2862 1537 2959 1539 3041 1537 2959 1578 2960 1539 3041 1539 3041 1578 2960 1579 3042 1579 3042 1531 2777 1576 3043 1548 3113 1576 3043 1574 2961 1574 2961 1573 2962 1575 3114 1573 2962 1418 3044 1419 3115 1418 3044 1417 2963 1419 3115 1417 2963 1478 3045 1479 3116 1415 2864 1477 3046 1478 3045 1410 2964 1404 3117 1477 3046 1411 2965 1404 3117 1410 2964 1405 2966 1404 3117 1411 2965 1404 3117 1405 2966 1401 3047 1944 2870 1402 3048 1401 3047 1948 2967 1406 3118 1402 3048 2443 2968 1947 3119 1948 2967 2592 2969 2442 3120 2443 2968 2572 2970 2591 3121 2592 2969 2552 2971 2571 3122 2572 2970 2532 3049 2551 3123 2552 2971 2513 2972 2532 3049 2533 2871 2493 3050 2512 3124 2513 2972 2367 3051 2493 3050 2364 2872 2368 3052 2367 3051 2366 2973 2368 3052 2271 2974 2369 3125 2369 3125 2271 2974 2273 3053 2275 3126 2273 3053 2272 2975 7288 3127 7369 3128 7344 3129 2277 2976 2711 3130 2276 3054 3744 3131 2711 3130 2710 3132 2716 2982 3744 3131 2710 3132 3810 2981 3791 3058 3808 3057 3808 3057 3792 2977 3806 3059 3804 2978 3805 3133 3806 3059 3802 3060 3803 3134 3804 2978 3802 3060 3724 2980 3813 3135 3726 2985 3727 3136 3724 2980 3727 3136 3726 2985 3816 3061 3816 3061 3817 2884 3818 3062 3818 3062 3735 2885 3734 3137 2990 2896 2731 2101 2730 2100 2619 3068 2733 3138 2990 2896 2619 3068 2618 2988 2620 3139 2618 2988 2686 2989 2687 3140 2686 2989 2625 3069 2687 3140 2624 2899 2623 3141 2625 3069 2622 3070 2623 3141 2624 2899 2628 2900 2627 3142 2622 3070 2626 3071 2627 3142 2628 2900 2629 2990 3788 3143 2626 3071 2631 2991 3787 3144 2629 2990 2631 2991 2633 3072 3787 3144 2638 2992 3787 3144 2633 3072 2638 2992 2639 2993 3728 3145 3786 3073 2639 2993 2640 2994 3604 2901 3781 3146 3786 3073 3604 2901 3859 3074 3781 3146 3603 2995 3870 2996 3859 3074 3870 2996 3860 3075 3859 3074 3903 2904 3862 3076 3860 3075 3861 3077 3862 3076 3863 2905 3898 3078 3861 3077 3899 2906 3893 3079 3898 3078 3896 2907 3891 3147 3893 3079 3890 2997 3890 2997 3883 2998 3885 3148 3883 2998 3882 3080 3884 3149 3977 3150 3882 3080 3880 2999 3977 3150 3880 2999 3979 3000 3978 3081 3977 3150 3979 3000 3980 2909 3959 3082 3978 3081 3963 3001 3964 3083 3959 3082 3961 3002 3962 3003 3963 3001 3963 3001 3962 3003 3964 3083 4038 2911 3965 3151 3964 3083 4039 3084 3965 3151 4038 2911 4061 3152 4039 3084 4062 3004 4070 3153 4062 3004 4071 3005 4078 3154 4071 3005 4079 3006 4086 3155 4079 3006 4030 3085 984 3007 983 3156 4030 3085 982 2913 983 3156 984 3007 977 3157 982 2913 4032 3086 4057 3158 4032 3086 4033 2914 4500 3087 4536 3159 950 1944 4501 3008 7494 3088 4500 3087 7495 3009 7499 3160 7494 3088 7495 3009 7414 3089 7498 3161 4494 3010 7416 3162 7414 3089 7195 3011 7416 3162 4494 3010 7192 3012 7196 3163 7195 3011 7245 3090 7236 3164 7192 3012 7245 3090 7244 3013 7235 3165 7244 3013 7243 3014 7234 3166 7243 3014 7242 3015 7233 3167 7242 3015 7241 3016 7232 3168 7241 3016 7240 3017 7231 3169 7240 3017 7239 3018 7230 3170 7239 3018 7238 3091 7229 3171 7238 3091 7272 3019 7237 3092 7157 3172 7237 3092 7551 2923 7551 2923 7550 3093 7156 3173 7568 3094 7550 3093 7567 2924 7561 3095 7568 3094 7560 2925 7545 3174 7561 3095 7544 3020 4334 3175 7544 3020 4336 3096 4339 3021 4338 3176 4336 3096 4340 3022 4338 3176 4339 3021 4553 1995 4552 1995 4356 2119 1001 1995 1003 1995 806 1896 3298 2936 7759 3097 7757 3025 1013 3098 1092 3177 1014 3027 7688 11 1099 3030 7680 11 1099 3030 1103 3031 7680 11 1103 3031 1104 3032 1105 3178 1104 3032 1109 3099 1105 3178 1108 2943 1107 3179 1109 3099 1108 2943 1113 3100 1106 3180 1112 2944 1111 3181 1113 3100 1116 3101 1110 3182 1112 2944 1114 2945 1115 3183 1116 3101 1114 2945 1120 3102 1115 3183 1208 3033 1125 3184 1120 3102 1207 3034 1214 3185 1208 3033 1206 3035 1213 3186 1207 3034 1205 3036 1212 3187 1206 3035 1205 3036 1211 3103 1212 3187 1210 2947 1217 3104 1211 3103 1216 2948 1223 3105 1217 3104 1222 2949 1231 3106 1223 3105 1230 2950 1239 3107 1231 3106 1238 3037 1247 3188 1239 3107 1238 3037 1246 3108 1247 3188 1245 2952 1254 3109 1246 3108 1253 2953 1174 3110 1254 3109 1176 3111 1174 3110 1177 2954 1547 3189 1176 3111 1178 3038 1547 3189 1178 3038 1180 3039 1180 3039 1580 3040 1581 3190 1579 3042 1576 3043 1580 3040 1539 3041 1579 3042 1542 2859 7698 3191 1576 3043 1548 3113 1548 3113 1574 2961 1549 3192 1549 3192 1574 2961 1575 3114 1573 2962 1419 3115 1575 3114 1419 3115 1417 2963 1420 3193 1417 2963 1479 3116 1420 3193 1478 3045 1486 3194 1479 3116 1477 3046 1485 3195 1478 3045 1404 3117 1484 3196 1477 3046 1401 3047 1403 3197 1404 3117 1401 3047 1402 3048 1403 3197 1402 3048 1406 3118 1403 3197 1947 3119 1406 3118 1948 2967 2442 3120 1947 3119 2443 2968 2591 3121 2442 3120 2592 2969 2571 3122 2591 3121 2572 2970 2551 3123 2571 3122 2552 2971 2531 3198 2551 3123 2532 3049 2512 3124 2532 3049 2513 2972 2492 3199 2512 3124 2493 3050 2476 3200 2493 3050 2367 3051 2370 3201 2367 3051 2368 3052 2368 3052 2369 3125 2370 3201 2369 3125 2273 3053 2439 3202 2274 3203 2273 3053 2275 3126 3744 3131 3745 3204 2712 3205 2716 2982 3743 3206 3744 3131 2729 2805 3736 2804 3737 2803 3808 3057 3809 3207 3810 2981 3806 3059 3807 3208 3808 3057 3806 3059 3805 3133 3807 3208 3804 2978 3803 3134 3805 3133 3796 3209 3803 3134 3802 3060 3797 3210 3802 3060 3813 3135 3813 3135 3724 2980 3727 3136 3814 3211 3727 3136 3816 3061 3815 3212 3816 3061 3818 3062 3789 3213 3818 3062 3734 3137 6214 3214 6213 3215 6209 3216 2733 3138 2731 2101 2990 2896 2735 3217 2733 3138 2619 3068 2619 3068 2620 3139 2621 3218 2618 2988 2687 3140 2620 3139 2625 3069 3789 3213 2687 3140 2625 3069 2623 3141 3789 3213 2622 3070 3789 3213 2623 3141 2627 3142 3788 3143 2622 3070 2627 3142 2626 3071 3788 3143 3787 3144 3788 3143 2629 2990 3728 3145 3787 3144 2638 2992 3786 3073 3728 3145 2639 2993 3781 3146 3728 3145 3786 3073 3782 3219 3781 3146 3859 3074 3859 3074 3860 3075 3783 3220 3860 3075 3862 3076 3785 3221 3861 3077 3776 3222 3862 3076 3898 3078 3904 3223 3861 3077 3893 3079 3943 3224 3898 3078 3891 3147 3892 3225 3893 3079 3890 2997 3885 3148 3891 3147 3883 2998 3884 3149 3885 3148 3975 3226 3884 3149 3882 3080 3975 3226 3882 3080 3977 3150 3976 3227 3977 3150 3978 3081 3978 3081 3959 3082 3957 3228 3959 3082 3964 3083 3965 3151 4039 3084 3960 3229 3965 3151 4061 3152 4026 3230 4039 3084 4070 3153 4061 3152 4062 3004 4078 3154 4070 3153 4071 3005 4086 3155 4078 3154 4079 3006 4031 3231 4086 3155 4030 3085 981 3232 4030 3085 983 3156 982 2913 981 3232 983 3156 977 1995 979 1995 982 1995 4032 3086 4034 3233 977 3157 4057 3158 4056 3234 4032 3086 4536 3159 4535 3235 950 1944 4500 3087 7586 3236 4536 3159 7494 3088 7586 3236 4500 3087 7494 3088 7499 3160 7586 3236 7500 3237 7499 3160 7495 3009 7498 3161 7500 3237 7495 3009 7414 3089 7534 3238 7498 3161 7416 3162 7424 3239 7414 3089 7195 3011 7196 3163 7416 3162 7197 3240 7196 3163 7192 3012 7192 3012 7236 3164 7190 3241 7236 3164 7245 3090 7235 3165 7235 3165 7244 3013 7234 3166 7234 3166 7243 3014 7233 3167 7233 3167 7242 3015 7232 3168 7232 3168 7241 3016 7231 3169 7231 3169 7240 3017 7230 3170 7230 3170 7239 3018 7229 3171 7229 3171 7238 3091 7158 3242 7238 3091 7237 3092 7158 3242 7158 3242 7237 3092 7157 3172 7157 3172 7551 2923 7156 3173 7156 3173 7550 3093 7212 3243 7535 3244 7550 3093 7568 3094 7569 3245 7568 3094 7561 3095 7562 3246 7561 3095 7545 3174 7545 3174 7544 3020 4331 3247 4331 3247 7544 3020 4334 3175 4336 3096 4335 3248 4334 3175 4338 3176 4337 3249 4336 3096 4552 1995 4551 1995 4356 2119 806 1896 1000 1995 1001 1995 1013 3098 1091 3250 1092 3177 7687 11 7688 11 7680 11 1103 3031 7684 11 7680 11 1103 3031 1105 3178 1106 3180 1105 3178 1109 3099 1106 3180 1109 3099 1107 3179 1106 3180 1106 3180 1107 3179 1108 2943 1106 3180 1113 3100 1111 3181 1110 3182 1111 3181 1112 2944 1117 3251 1110 3182 1116 3101 1118 3252 1116 3101 1115 3183 1115 3183 1120 3102 1122 3253 1120 3102 1125 3184 1126 3254 1208 3033 1214 3185 1125 3184 1207 3034 1213 3186 1214 3185 1206 3035 1212 3187 1213 3186 1211 3103 1218 3255 1212 3187 1211 3103 1217 3104 1218 3255 1217 3104 1223 3105 1224 3256 1223 3105 1231 3106 1232 3257 1231 3106 1239 3107 1240 3258 1239 3107 1247 3188 1248 3259 1246 3108 1255 3260 1247 3188 1246 3108 1254 3109 1255 3260 1254 3109 1174 3110 1170 3261 1175 3262 1174 3110 1176 3111 1549 3192 1176 3111 1547 3189 1580 3040 1576 3043 1581 3190 1547 3189 1548 3113 1549 3192 1549 3192 1575 3114 1572 3263 1575 3114 1419 3115 1572 3263 1419 3115 1420 3193 1421 3264 1420 3193 1479 3116 1480 3265 1479 3116 1486 3194 1487 3266 1478 3045 1485 3195 1486 3194 1477 3046 1484 3196 1485 3195 1404 3117 1403 3197 1484 3196 1403 3197 1406 3118 1407 3267 1947 3119 1407 3267 1406 3118 2442 3120 1945 3268 1947 3119 2591 3121 2445 3269 2442 3120 2571 3122 2590 3270 2591 3121 2551 3123 2570 3271 2571 3122 2531 3198 2550 3272 2551 3123 2476 3200 2492 3199 2493 3050 2370 3201 2476 3200 2367 3051 2438 3273 2370 3201 2369 3125 2438 3273 2369 3125 2439 3202 2439 3202 2273 3053 2274 3203 2473 3274 2414 3275 2406 3276 3810 2981 3809 3207 3811 3277 3808 3057 3807 3208 3809 3207 3828 3278 3807 3208 3805 3133 3826 3279 3805 3133 3803 3134 3795 3280 3803 3134 3796 3209 3796 3209 3802 3060 3797 3210 3797 3210 3813 3135 3799 3281 3813 3135 3727 3136 3814 3211 3814 3211 3816 3061 3815 3212 3815 3212 3818 3062 3789 3213 3789 3213 3734 3137 2687 3140 3734 3137 2732 2102 2734 3282 3734 3137 2621 3218 2620 3139 2687 3140 3734 3137 2620 3139 3788 3143 3789 3213 2622 3070 3787 3144 3801 3283 3788 3143 3728 3145 3800 3284 3787 3144 3781 3146 3782 3219 3728 3145 3859 3074 3783 3220 3782 3219 3784 3285 3783 3220 3860 3075 3860 3075 3785 3221 3784 3285 3862 3076 3793 3286 3785 3221 3862 3076 3776 3222 3793 3286 3861 3077 3904 3223 3776 3222 3898 3078 3902 3287 3904 3223 3943 3224 3902 3287 3898 3078 3892 3225 3943 3224 3893 3079 3936 3288 3892 3225 3891 3147 3971 3289 3891 3147 3885 3148 3973 3290 3885 3148 3884 3149 3973 3290 3884 3149 3975 3226 3976 3227 3975 3226 3977 3150 3978 3081 3957 3228 3976 3227 3958 3291 3957 3228 3959 3082 3959 3082 3965 3151 3960 3229 3958 3291 3960 3229 4039 3084 4026 3230 3933 3292 4039 3084 4060 3293 4026 3230 4061 3152 4069 3294 4061 3152 4070 3153 4077 3295 4070 3153 4078 3154 4085 3296 4078 3154 4086 3155 4094 3297 4086 3155 4031 3231 4031 3231 4030 3085 981 3232 980 3298 981 3232 982 2913 982 2913 979 3299 990 3300 977 3301 978 3301 979 3301 977 3157 4034 3233 978 3302 4032 3086 4101 3303 4034 3233 4056 3234 4101 3303 4032 3086 4055 3304 4056 3234 4057 3158 950 1944 4535 3235 4522 3305 4536 3159 7586 3236 4535 3235 7499 3160 7500 3237 7586 3236 7501 3306 7500 3237 7498 3161 7498 3161 7534 3238 7497 3307 7414 3089 7424 3239 7534 3238 7415 3308 7424 3239 7416 3162 7196 3163 7197 3240 7416 3162 7193 3309 7197 3240 7192 3012 7190 3241 7193 3309 7192 3012 7236 3164 7227 3310 7190 3241 7236 3164 7235 3165 7225 3311 7235 3165 7234 3166 7223 3312 7234 3166 7233 3167 7221 3313 7233 3167 7232 3168 7219 3314 7232 3168 7231 3169 7217 3315 7231 3169 7230 3170 7215 3316 7230 3170 7229 3171 7213 3317 7229 3171 7158 3242 7209 3318 7158 3242 7157 3172 7156 3173 7207 3319 7156 3173 7212 3243 7212 3243 7550 3093 7211 3320 7550 3093 7535 3244 7211 3320 7569 3245 7535 3244 7568 3094 7562 3246 7569 3245 7561 3095 7546 3321 7562 3246 7545 3174 4329 3322 7545 3174 4331 3247 4334 3175 4333 3323 4331 3247 4335 3248 4333 3323 4334 3175 4336 3096 4337 3249 4335 3248 4551 1995 4549 1995 4356 2119 1008 1995 1000 1995 806 1896 1090 3324 1091 3250 1013 3098 7689 11 7688 11 7687 11 7686 11 7687 11 7680 11 7680 11 7684 11 7677 3325 1103 3031 1111 3181 7684 11 1106 3180 1111 3181 1103 3031 1111 3181 1110 3182 1121 3326 1117 3251 1118 3252 1110 3182 1117 3251 1116 3101 1118 3252 1118 3252 1115 3183 1119 3327 1115 3183 1122 3253 1119 3327 1120 3102 1121 3326 1122 3253 1120 3102 1126 3254 1121 3326 1125 3184 1124 3328 1126 3254 1214 3185 1131 3329 1125 3184 1213 3186 1220 3330 1214 3185 1212 3187 1219 3331 1213 3186 1212 3187 1218 3255 1219 3331 1217 3104 1224 3256 1218 3255 1223 3105 1232 3257 1224 3256 1231 3106 1240 3258 1232 3257 1239 3107 1248 3259 1240 3258 1247 3188 1256 3332 1248 3259 1247 3188 1255 3260 1256 3332 1254 3109 1170 3261 1255 3260 1173 3333 1170 3261 1174 3110 1173 3333 1174 3110 1175 3262 1549 3192 1175 3262 1176 3111 1571 3334 1549 3192 1572 3263 1571 3334 1572 3263 1419 3115 1569 3335 1419 3115 1421 3264 1421 3264 1420 3193 1422 3336 1420 3193 1480 3265 1423 3337 1479 3116 1487 3266 1480 3265 1486 3194 1494 3338 1487 3266 1485 3195 1493 3339 1486 3194 1484 3196 1492 3340 1485 3195 1403 3197 1491 3341 1484 3196 1403 3197 1407 3267 1400 3342 1945 3268 1407 3267 1947 3119 1946 3343 1945 3268 2442 3120 1952 3344 2442 3120 2445 3269 2590 3270 2445 3269 2591 3121 2570 3271 2590 3270 2571 3122 2550 3272 2570 3271 2551 3123 2530 3345 2550 3272 2531 3198 2475 3346 2492 3199 2476 3200 2433 3347 2476 3200 2370 3201 2437 3348 2370 3201 2438 3273 2713 3349 3746 3350 2705 3351 2713 3349 2714 3352 3746 3350 3745 3204 2708 3353 2712 3205 3824 3354 3745 3204 3744 3131 3824 3354 3744 3131 3825 3355 3834 3356 3812 3357 3811 3277 3832 3358 3811 3277 3809 3207 3830 3359 3809 3207 3807 3208 3830 3359 3807 3208 3828 3278 3828 3278 3805 3133 3826 3279 3826 3279 3803 3134 3767 3360 3767 3360 3803 3134 3795 3280 3795 3280 3796 3209 3794 3361 3796 3209 3797 3210 3798 3362 3798 3362 3797 3210 3799 3281 3799 3281 3813 3135 3814 3211 3801 3283 3814 3211 3815 3212 3788 3143 3815 3212 3789 3213 2732 2102 2733 3138 2734 3282 2491 3363 2473 3274 2490 2568 3801 3283 3815 3212 3788 3143 3800 3284 3801 3283 3787 3144 3730 3364 3800 3284 3728 3145 3782 3219 3783 3220 3728 3145 3728 3145 3783 3220 3784 3285 3729 3365 3784 3285 3785 3221 3785 3221 3793 3286 3729 3365 3729 3365 3793 3286 3776 3222 3904 3223 3777 3366 3776 3222 3902 3287 3777 3366 3904 3223 3943 3224 3895 3367 3902 3287 3892 3225 3942 3368 3943 3224 3935 3369 3892 3225 3936 3288 3936 3288 3891 3147 3971 3289 3971 3289 3885 3148 3973 3290 3974 3370 3973 3290 3975 3226 3974 3370 3975 3226 3976 3227 3976 3227 3957 3228 3934 3371 3956 3372 3957 3228 3958 3291 3958 3291 3959 3082 3960 3229 4039 3084 3956 3372 3958 3291 4039 3084 3933 3292 3956 3372 4026 3230 3906 3373 3933 3292 4060 3293 4040 3374 4026 3230 4069 3294 4060 3293 4061 3152 4077 3295 4069 3294 4070 3153 4085 3296 4077 3295 4078 3154 4094 3297 4085 3296 4086 3155 4034 3233 4094 3297 4031 3231 981 3232 980 3298 4031 3231 982 2913 990 3300 980 3298 990 3300 979 3299 4034 3233 4034 3233 979 3299 978 3302 4101 3303 4094 3297 4034 3233 4056 3234 4100 3375 4101 3303 4055 3304 4054 3376 4056 3234 4522 3305 4521 3377 950 1944 7578 3378 4522 3305 4535 3235 4535 3235 7586 3236 7578 3378 7586 3236 7500 3237 7577 3379 7500 3237 7501 3306 7577 3379 7496 3380 7501 3306 7498 3161 7498 3161 7497 3307 7496 3380 7534 3238 7533 3381 7497 3307 7424 3239 7422 3382 7534 3238 7425 3383 7424 3239 7415 3308 7416 3162 7194 3384 7415 3308 7416 3162 7197 3240 7193 3309 7194 3384 7193 3309 7190 3241 7190 3241 7227 3310 7188 3385 7227 3310 7236 3164 7225 3311 7225 3311 7235 3165 7223 3312 7223 3312 7234 3166 7221 3313 7221 3313 7233 3167 7219 3314 7219 3314 7232 3168 7217 3315 7217 3315 7231 3169 7215 3316 7215 3316 7230 3170 7213 3317 7213 3317 7229 3171 7209 3318 7209 3318 7158 3242 7207 3319 7158 3242 7156 3173 7207 3319 7207 3319 7212 3243 7206 3386 7212 3243 7211 3320 7206 3386 7211 3320 7535 3244 7210 3387 7549 3388 7535 3244 7569 3245 7570 3389 7569 3245 7562 3246 7548 3390 7562 3246 7546 3321 7546 3321 7545 3174 4326 3391 4326 3391 7545 3174 4329 3322 4331 3247 4330 3392 4329 3322 4333 3323 4332 3393 4331 3247 4549 1995 4548 1995 4356 2119 1007 3394 1000 3394 1008 3394 1090 3395 1089 3395 1091 3395 7679 11 7680 11 7677 3325 1309 3396 7684 11 1111 3181 1111 3181 1121 3326 1302 3397 1110 3182 1118 3252 1121 3326 1118 3252 1119 3327 1122 3253 1122 3253 1121 3326 1118 3252 1126 3254 1124 3328 1121 3326 1123 3398 1124 3328 1125 3184 1125 3184 1131 3329 1130 3399 1214 3185 1220 3330 1131 3329 1213 3186 1219 3331 1220 3330 1218 3255 1225 3400 1219 3331 1218 3255 1224 3256 1225 3400 1224 3256 1232 3257 1233 3401 1232 3257 1240 3258 1241 3402 1240 3258 1248 3259 1249 3403 1248 3259 1256 3332 1257 3404 1255 3260 1166 3405 1256 3332 1255 3260 1170 3261 1166 3405 1168 3406 1170 3261 1173 3333 1551 3407 1173 3333 1175 3262 1551 3407 1175 3262 1549 3192 1571 3334 1551 3407 1549 3192 1571 3334 1419 3115 1569 3335 1569 3335 1421 3264 1422 3336 1422 3336 1420 3193 1423 3337 1423 3337 1480 3265 1481 3408 1480 3265 1487 3266 1488 3409 1487 3266 1494 3338 1495 3410 1486 3194 1493 3339 1494 3338 1485 3195 1492 3340 1493 3339 1484 3196 1491 3341 1492 3340 1403 3197 1396 3411 1491 3341 1400 3342 1396 3411 1403 3197 1945 3268 1400 3342 1407 3267 1397 3412 1945 3268 1946 3343 1946 3343 2442 3120 1952 3344 1952 3344 2445 3269 1951 3413 2590 3270 2446 3414 2445 3269 2570 3271 2589 3415 2590 3270 2550 3272 2569 3416 2570 3271 2530 3345 2549 3417 2550 3272 2511 3418 2530 3345 2531 3198 2475 3346 2491 3363 2492 3199 2433 3347 2475 3346 2476 3200 2437 3348 2433 3347 2370 3201 2705 3351 2706 3419 2707 2801 2705 3351 3746 3350 3551 3420 3746 3350 2714 3352 2709 3421 5823 3422 6266 3423 6265 3424 3823 3425 3745 3204 3824 3354 3840 3426 3824 3354 3825 3355 3840 3426 3825 3355 3838 3427 3834 3356 3811 3277 3832 3358 3832 3358 3809 3207 3830 3359 3828 3278 3829 3428 3830 3359 3826 3279 3827 3429 3828 3278 3767 3360 3763 3430 3826 3279 3767 3360 3795 3280 3765 3431 3794 3361 3733 3432 3795 3280 3794 3361 3796 3209 3798 3362 3798 3362 3799 3281 3800 3284 3799 3281 3814 3211 3801 3283 3800 3284 3799 3281 3801 3283 3730 3364 3798 3362 3800 3284 3728 3145 3729 3365 3730 3364 3728 3145 3784 3285 3729 3365 3729 3365 3776 3222 3730 3364 3731 3433 3776 3222 3777 3366 3902 3287 3778 3434 3777 3366 3895 3367 3780 3435 3902 3287 3942 3368 3895 3367 3943 3224 3941 3436 3942 3368 3892 3225 3935 3369 3941 3436 3892 3225 3854 3437 3935 3369 3936 3288 3970 3438 3936 3288 3971 3289 3972 3439 3971 3289 3973 3290 3972 3439 3973 3290 3974 3370 3976 3227 3934 3371 3974 3370 3956 3372 3934 3371 3957 3228 3933 3292 3934 3371 3956 3372 3933 3292 3906 3373 3934 3371 3907 3440 3906 3373 4026 3230 3909 3441 4026 3230 4040 3374 4059 3442 4040 3374 4060 3293 4068 3443 4060 3293 4069 3294 4076 3444 4069 3294 4077 3295 4084 3445 4077 3295 4085 3296 4093 3446 4085 3296 4094 3297 4034 3233 4031 3231 990 3300 990 3300 4031 3231 980 3298 4101 3303 4093 3446 4094 3297 4100 3375 4093 3446 4101 3303 4054 3376 4100 3375 4056 3234 4053 3447 4054 3376 4055 3304 4521 3377 4520 3448 950 1944 4522 3305 7578 3378 4521 3377 7586 3236 7577 3379 7578 3378 7577 3379 7501 3306 7496 3380 7497 3307 7516 3449 7496 3380 7497 3307 7533 3381 7505 3450 7534 3238 7422 3382 7533 3381 7424 3239 7423 3451 7422 3382 7425 3383 7423 3451 7424 3239 7427 3452 7425 3383 7415 3308 7194 3384 7191 3453 7415 3308 7193 3309 7194 3384 7416 3162 7191 3453 7194 3384 7190 3241 7190 3241 7188 3385 7189 3454 7227 3310 7228 3455 7188 3385 7227 3310 7225 3311 7226 3456 7225 3311 7223 3312 7224 3457 7223 3312 7221 3313 7222 3458 7221 3313 7219 3314 7220 3459 7219 3314 7217 3315 7218 3460 7217 3315 7215 3316 7216 3461 7215 3316 7213 3317 7214 3462 7214 3462 7213 3317 7209 3318 7209 3318 7207 3319 7208 3463 7208 3463 7207 3319 7206 3386 7206 3386 7211 3320 7203 3464 7211 3320 7210 3387 7203 3464 7535 3244 7202 3465 7210 3387 7535 3244 7549 3388 7204 3466 7570 3389 7549 3388 7569 3245 7548 3390 7570 3389 7562 3246 7547 3467 7548 3390 7546 3321 4323 3468 7546 3321 4326 3391 4329 3322 4328 3469 4326 3391 4330 3392 4328 3469 4329 3322 4331 3247 4332 3393 4330 3392 4556 1995 4356 2119 4548 1995 1007 3470 949 3470 1000 3470 1088 3471 1089 3471 1090 3471 7676 3472 7679 11 7677 3325 1321 3473 7684 11 1309 3396 1302 3397 1309 3396 1111 3181 1121 3326 1124 3328 1302 3397 1124 3328 1123 3398 1130 3399 1125 3184 1130 3399 1123 3398 1129 3474 1130 3399 1131 3329 1220 3330 1227 3475 1131 3329 1219 3331 1226 3476 1220 3330 1219 3331 1225 3400 1226 3476 1224 3256 1233 3401 1225 3400 1232 3257 1241 3402 1233 3401 1240 3258 1249 3403 1241 3402 1248 3259 1257 3404 1249 3403 1256 3332 1163 3477 1257 3404 1256 3332 1166 3405 1163 3477 1170 3261 1171 3478 1166 3405 1168 3406 1169 3479 1170 3261 1550 3480 1168 3406 1173 3333 1550 3480 1173 3333 1551 3407 1569 3335 1551 3407 1571 3334 1570 3481 1569 3335 1422 3336 1422 3336 1423 3337 1424 3482 1423 3337 1481 3408 1426 3483 1480 3265 1488 3409 1481 3408 1487 3266 1495 3410 1488 3409 1494 3338 1502 3484 1495 3410 1493 3339 1501 3485 1494 3338 1492 3340 1500 3486 1493 3339 1491 3341 1499 3487 1492 3340 1396 3411 1498 3488 1491 3341 1397 3412 1396 3411 1400 3342 1397 3412 1400 3342 1945 3268 1946 3343 1398 3489 1397 3412 1952 3344 7667 3490 1946 3343 1951 3413 7669 3491 1952 3344 1951 3413 2445 3269 2446 3414 2589 3415 2446 3414 2590 3270 2569 3416 2589 3415 2570 3271 2549 3417 2569 3416 2550 3272 2529 3492 2549 3417 2530 3345 2510 3066 2530 3345 2511 3418 2474 3493 2491 3363 2475 3346 6539 3494 6540 3495 6575 2655 2434 3496 2433 3347 2437 3348 3553 3497 2707 2801 2706 3419 2705 3351 3551 3420 2706 3419 3822 3498 3551 3420 3746 3350 7299 3499 7374 3500 7375 3501 3823 3425 3746 3350 3745 3204 3749 2652 3824 3354 3840 3426 3836 3502 3837 3503 3838 3427 3834 3356 3835 3504 3836 3502 3832 3358 3833 3505 3834 3356 3830 3359 3831 3506 3832 3358 3830 3359 3829 3428 3831 3506 3828 3278 3827 3429 3829 3428 3826 3279 3763 3430 3827 3429 3767 3360 3761 3507 3763 3430 3765 3431 3766 3508 3767 3360 3765 3431 3795 3280 3733 3432 3794 3361 3731 3433 3733 3432 3794 3361 3798 3362 3730 3364 3730 3364 3776 3222 3731 3433 3777 3366 3778 3434 3731 3433 3779 3509 3778 3434 3902 3287 3902 3287 3780 3435 3779 3509 3895 3367 3843 3510 3780 3435 3942 3368 3894 3511 3895 3367 3941 3436 3940 3512 3942 3368 3938 3513 3941 3436 3935 3369 3854 3437 3851 3514 3935 3369 3969 3515 3854 3437 3936 3288 3969 3515 3936 3288 3970 3438 3970 3438 3971 3289 3972 3439 3974 3370 3923 3516 3972 3439 3974 3370 3934 3371 3923 3516 3934 3371 3906 3373 3905 3517 3905 3517 3906 3373 3907 3440 3908 3518 3907 3440 4026 3230 3908 3518 4026 3230 3909 3441 3909 3441 4040 3374 3911 3519 4059 3442 4041 3520 4040 3374 4068 3443 4059 3442 4060 3293 4076 3444 4068 3443 4069 3294 4084 3445 4076 3444 4077 3295 4093 3446 4084 3445 4085 3296 4100 3375 4092 3521 4093 3446 4054 3376 4099 3522 4100 3375 4053 3447 4052 3523 4054 3376 950 1944 4520 3448 4516 3524 7579 3525 4520 3448 4521 3377 4521 3377 7578 3378 7579 3525 7578 3378 7577 3379 7614 3526 7577 3379 7496 3380 7516 3449 7517 3527 7516 3449 7497 3307 7505 3450 7517 3527 7497 3307 7533 3381 7532 3528 7505 3450 7422 3382 7423 3451 7533 3381 7425 3383 7436 3529 7423 3451 7428 3530 7425 3383 7427 3452 7415 3308 7417 3531 7427 3452 7191 3453 7417 3531 7415 3308 7191 3453 7190 3241 7189 3454 7189 3454 7188 3385 7187 3532 7188 3385 7228 3455 7184 3533 7228 3455 7227 3310 7226 3456 7226 3456 7225 3311 7224 3457 7224 3457 7223 3312 7222 3458 7222 3458 7221 3313 7220 3459 7220 3459 7219 3314 7218 3460 7218 3460 7217 3315 7216 3461 7216 3461 7215 3316 7214 3462 7214 3462 7209 3318 7254 3534 7209 3318 7208 3463 7253 3535 7208 3463 7206 3386 7271 3536 7206 3386 7203 3464 7269 3537 7203 3464 7210 3387 7202 3465 7202 3465 7535 3244 7201 3538 7201 3538 7535 3244 7204 3466 7204 3466 7549 3388 7199 3539 7396 3540 7549 3388 7570 3389 7397 3541 7570 3389 7548 3390 7399 3542 7548 3390 7547 3467 7547 3467 7546 3321 4319 3543 4319 3543 7546 3321 4323 3468 4326 3391 4325 3544 4323 3468 4328 3469 4327 3545 4326 3391 4556 3394 4548 3394 4555 3394 975 3546 949 3546 1007 3546 1088 3547 1087 3547 1089 3547 7677 3325 7674 3548 7676 3472 7682 11 7684 11 1321 3473 1309 3396 1314 3549 1321 3473 1302 3397 1305 3550 1309 3396 1124 3328 1293 3551 1302 3397 1124 3328 1130 3399 1293 3551 1129 3474 1128 3552 1130 3399 1131 3329 1132 3553 1129 3474 1131 3329 1227 3475 1132 3553 1220 3330 1226 3476 1227 3475 1225 3400 1234 3554 1226 3476 1225 3400 1233 3401 1234 3554 1233 3401 1241 3402 1242 3555 1241 3402 1249 3403 1250 3556 1249 3403 1257 3404 1258 3557 1257 3404 1163 3477 1159 3558 1165 3559 1163 3477 1166 3405 1166 3405 1171 3478 1172 3560 1170 3261 1169 3479 1171 3478 1169 3479 1168 3406 1550 3480 1569 3335 1550 3480 1551 3407 1528 3561 1569 3335 1570 3481 1570 3481 1422 3336 1567 3562 1567 3562 1422 3336 1424 3482 1425 3563 1423 3337 1426 3483 1426 3483 1481 3408 1482 3564 1481 3408 1488 3409 1489 3565 1488 3409 1495 3410 1496 3566 1495 3410 1502 3484 1503 3567 1494 3338 1501 3485 1502 3484 1493 3339 1500 3486 1501 3485 1492 3340 1499 3487 1500 3486 1491 3341 1498 3488 1499 3487 1396 3411 7668 3568 1498 3488 1396 3411 1397 3412 1398 3489 1946 3343 7670 3569 1398 3489 1946 3343 7667 3490 1395 3570 1952 3344 7669 3491 7667 3490 1951 3413 1391 3571 7669 3491 1951 3413 2446 3414 1950 3572 2589 3415 2447 3573 2446 3414 2569 3416 2588 3574 2589 3415 2549 3417 2568 3575 2569 3416 2529 3492 2548 3576 2549 3417 2510 3066 2529 3492 2530 3345 3586 3577 3588 3578 3596 3579 2330 3580 2329 3581 2328 3582 2433 3347 2434 3496 2435 3583 3553 3497 2706 3419 3551 3420 3552 3584 3551 3420 3822 3498 3822 3498 3746 3350 3823 3425 3840 3426 3841 2653 3749 2652 3838 3427 3837 3503 3839 3585 3836 3502 3835 3504 3837 3503 3834 3356 3833 3505 3835 3504 3832 3358 3831 3506 3833 3505 3756 3586 3831 3506 3829 3428 3758 3587 3829 3428 3827 3429 3760 3588 3827 3429 3763 3430 3761 3507 3762 3589 3763 3430 3769 3590 3761 3507 3767 3360 3767 3360 3766 3508 3768 3591 3765 3431 3774 3592 3766 3508 3765 3431 3733 3432 3773 3593 3731 3433 3732 3594 3733 3432 3730 3364 3731 3433 3794 3361 3731 3433 3778 3434 3779 3509 3732 3594 3779 3509 3780 3435 3843 3510 3732 3594 3780 3435 3773 3593 3843 3510 3895 3367 3894 3511 3773 3593 3895 3367 3940 3512 3894 3511 3942 3368 3939 3595 3940 3512 3941 3436 3938 3513 3939 3595 3941 3436 3851 3514 3938 3513 3935 3369 3852 3596 3851 3514 3854 3437 3855 3597 3854 3437 3969 3515 3970 3438 3927 3598 3969 3515 3972 3439 3925 3599 3970 3438 3972 3439 3923 3516 3925 3599 3934 3371 3905 3517 3923 3516 3907 3440 3908 3518 3905 3517 3905 3517 3908 3518 3909 3441 3909 3441 3911 3519 3910 3600 4040 3374 3912 3601 3911 3519 3858 3602 4040 3374 4041 3520 4058 3603 4041 3520 4059 3442 4067 3604 4059 3442 4068 3443 4075 3605 4068 3443 4076 3444 4083 3606 4076 3444 4084 3445 4092 3521 4084 3445 4093 3446 4099 3522 4092 3521 4100 3375 4052 3523 4099 3522 4054 3376 4051 3607 4052 3523 4053 3447 4516 3524 4515 3608 950 1944 4520 3448 7579 3525 4516 3524 7578 3378 7614 3526 7579 3525 7577 3379 7587 3609 7614 3526 7517 3527 7577 3379 7516 3449 7518 3610 7517 3527 7505 3450 7505 3450 7532 3528 7503 3611 7533 3381 7423 3451 7532 3528 7423 3451 7436 3529 7532 3528 7437 3612 7436 3529 7425 3383 7428 3530 7437 3612 7425 3383 7427 3452 7426 3613 7428 3530 7417 3531 7426 3613 7427 3452 7191 3453 7189 3454 7417 3531 7189 3454 7187 3532 7417 3531 7188 3385 7184 3533 7187 3532 7184 3533 7228 3455 7268 3614 7228 3455 7226 3456 7267 3615 7226 3456 7224 3457 7266 3616 7224 3457 7222 3458 7264 3617 7222 3458 7220 3459 7262 3618 7220 3459 7218 3460 7260 3619 7218 3460 7216 3461 7258 3620 7216 3461 7214 3462 7256 3621 7256 3621 7214 3462 7254 3534 7254 3534 7209 3318 7253 3535 7253 3535 7208 3463 7271 3536 7271 3536 7206 3386 7269 3537 7269 3537 7203 3464 7205 3622 7203 3464 7202 3465 7201 3538 7205 3622 7201 3538 7204 3466 7204 3466 7199 3539 7155 3623 7549 3388 7394 3624 7199 3539 7396 3540 7395 3625 7549 3388 7397 3541 7396 3540 7570 3389 7398 3626 7397 3541 7548 3390 7399 3542 7398 3626 7548 3390 7400 3627 7399 3542 7547 3467 4320 3628 7547 3467 4319 3543 4323 3468 4322 3629 4319 3543 4325 3544 4324 3630 4323 3468 4326 3391 4327 3545 4325 3544 4548 3631 4499 3631 4555 3631 975 1995 976 1995 949 1995 1086 3632 1087 3632 1088 3632 7674 3548 7675 3633 7676 3472 7682 11 7683 11 7684 11 7690 11 7682 11 1321 3473 1314 3549 1313 3634 1321 3473 1309 3396 1308 3635 1314 3549 1305 3550 1311 3636 1309 3396 1302 3397 1300 3637 1305 3550 1296 3638 1302 3397 1293 3551 1130 3399 1286 3639 1293 3551 1130 3399 1128 3552 1127 3640 1127 3640 1128 3552 1129 3474 1227 3475 1137 3641 1132 3553 1226 3476 1235 3642 1227 3475 1226 3476 1234 3554 1235 3642 1233 3401 1242 3555 1234 3554 1241 3402 1250 3556 1242 3555 1249 3403 1258 3557 1250 3556 1257 3404 1159 3558 1258 3557 1162 3643 1159 3558 1163 3477 1164 3644 1163 3477 1165 3559 1165 3559 1166 3405 1167 3645 1166 3405 1172 3560 1167 3645 1172 3560 1171 3478 1528 3561 1171 3478 1169 3479 1528 3561 1528 3561 1169 3479 1550 3480 1528 3561 1550 3480 1569 3335 1528 3561 1570 3481 1567 3562 1567 3562 1424 3482 1568 3646 7671 3647 1423 3337 1425 3563 1425 3563 1426 3483 1427 3648 1426 3483 1482 3564 1429 3649 1481 3408 1489 3565 1482 3564 1488 3409 1496 3566 1489 3565 1495 3410 1503 3567 1496 3566 1502 3484 1510 3650 1503 3567 1501 3485 1509 3651 1502 3484 1500 3486 1508 3652 1501 3485 1499 3487 1507 3653 1500 3486 1498 3488 1506 3654 1499 3487 1398 3489 7668 3568 1396 3411 1399 3655 7670 3569 1946 3343 1946 3343 1395 3570 1399 3655 7667 3490 7668 3568 1395 3570 1391 3571 1390 3656 7669 3491 1950 3572 1391 3571 1951 3413 1950 3572 2446 3414 2447 3573 2588 3574 2447 3573 2589 3415 2568 3575 2588 3574 2569 3416 2548 3576 2568 3575 2549 3417 2528 3657 2548 3576 2529 3492 2509 3067 2529 3492 2510 3066 3551 3420 3552 3584 3553 3497 3747 3658 3552 3584 3822 3498 3748 3659 3822 3498 3823 3425 3749 2652 3592 3660 3748 3659 3751 3661 3841 2653 3839 3585 3752 3662 3839 3585 3837 3503 3753 3663 3837 3503 3835 3504 3754 3664 3835 3504 3833 3505 3755 3665 3833 3505 3831 3506 3755 3665 3831 3506 3756 3586 3756 3586 3829 3428 3758 3587 3758 3587 3827 3429 3760 3588 3760 3588 3763 3430 3842 3666 3763 3430 3762 3589 3764 3667 3762 3589 3761 3507 3853 3668 3761 3507 3769 3590 3937 3669 3767 3360 3768 3591 3769 3590 3766 3508 3772 3670 3768 3591 3766 3508 3774 3592 3775 3671 3765 3431 3773 3593 3774 3592 3773 3593 3733 3432 3732 3594 3731 3433 3779 3509 3732 3594 3773 3593 3732 3594 3843 3510 3894 3511 3774 3592 3773 3593 3940 3512 3775 3671 3894 3511 3939 3595 3772 3670 3940 3512 3937 3669 3939 3595 3938 3513 3851 3514 3937 3669 3938 3513 3851 3514 3852 3596 3853 3668 3854 3437 3855 3597 3852 3596 3969 3515 3929 3672 3855 3597 3969 3515 3927 3598 3929 3672 3970 3438 3925 3599 3927 3598 3923 3516 3924 3673 3925 3599 3923 3516 3905 3517 3910 3600 3905 3517 3909 3441 3910 3600 3910 3600 3911 3519 3912 3601 4040 3374 3913 3674 3912 3601 3857 3675 4040 3374 3858 3602 4041 3520 3914 3676 3858 3602 4058 3603 4025 3677 4041 3520 4067 3604 4058 3603 4059 3442 4075 3605 4067 3604 4068 3443 4083 3606 4075 3605 4076 3444 4092 3521 4083 3606 4084 3445 4099 3522 4091 3678 4092 3521 4052 3523 4098 3679 4099 3522 4051 3607 4050 3680 4052 3523 4515 3608 4533 3681 950 1944 7585 3682 4515 3608 4516 3524 4516 3524 7579 3525 7585 3682 7579 3525 7614 3526 7622 3683 7614 3526 7587 3609 7613 3684 7587 3609 7577 3379 7517 3527 7518 3610 7587 3609 7517 3527 7504 3685 7518 3610 7505 3450 7505 3450 7503 3611 7504 3685 7532 3528 7531 3686 7503 3611 7532 3528 7436 3529 7531 3686 7437 3612 7429 3687 7436 3529 7438 3688 7437 3612 7428 3530 7426 3613 7447 3689 7428 3530 7426 3613 7417 3531 7418 3690 7417 3531 7187 3532 7182 3691 7187 3532 7184 3533 7182 3691 7180 3692 7184 3533 7268 3614 7268 3614 7228 3455 7267 3615 7267 3615 7226 3456 7266 3616 7266 3616 7224 3457 7264 3617 7264 3617 7222 3458 7262 3618 7262 3618 7220 3459 7260 3619 7260 3619 7218 3460 7258 3620 7258 3620 7216 3461 7256 3621 7256 3621 7254 3534 7255 3693 7255 3693 7254 3534 7253 3535 7253 3535 7271 3536 7270 3694 7271 3536 7269 3537 7270 3694 7269 3537 7205 3622 7164 3695 7203 3464 7201 3538 7205 3622 7205 3622 7204 3466 7155 3623 7155 3623 7199 3539 7154 3696 7199 3539 7394 3624 7198 3697 7549 3388 7395 3625 7394 3624 7396 3540 6499 3698 7395 3625 7397 3541 6495 3699 7396 3540 7398 3626 6339 3700 7397 3541 7399 3542 6298 3701 7398 3626 7399 3542 7400 3627 6335 3702 7400 3627 7547 3467 4314 3703 4314 3703 7547 3467 4320 3628 4320 3628 4319 3543 4316 3704 4322 3629 4321 3705 4319 3543 4323 3468 4324 3630 4322 3629 4555 1995 4499 1995 4523 1995 976 3706 989 3706 949 3706 1086 3707 1085 3707 1087 3707 7676 3472 7675 3633 7678 3708 7685 3709 7684 3709 7683 3709 1313 3634 1317 3710 1321 3473 1312 3711 1313 3634 1314 3549 1308 3635 1310 3712 1314 3549 1308 3635 1309 3396 1310 3712 1310 3712 1309 3396 1311 3636 1304 3713 1311 3636 1305 3550 1307 3714 1305 3550 1300 3637 1301 3715 1300 3637 1302 3397 1296 3638 1303 3716 1302 3397 1298 3717 1296 3638 1293 3551 1286 3639 1291 3718 1293 3551 1133 3719 1286 3639 1130 3399 1130 3399 1127 3640 1133 3719 1129 3474 1134 3720 1127 3640 1132 3553 1137 3641 1138 3721 1227 3475 1235 3642 1137 3641 1234 3554 1243 3722 1235 3642 1234 3554 1242 3555 1243 3722 1242 3555 1250 3556 1251 3723 1250 3556 1258 3557 1259 3724 1258 3557 1159 3558 1154 3725 1157 3726 1159 3558 1162 3643 1162 3643 1163 3477 1164 3644 1552 3727 1164 3644 1165 3559 1552 3727 1165 3559 1167 3645 1553 3728 1167 3645 1172 3560 1172 3560 1528 3561 1553 3728 1553 3728 1528 3561 1567 3562 1552 3727 1567 3562 1568 3646 1568 3646 1424 3482 1425 3563 1564 3729 1425 3563 1427 3648 1427 3648 1426 3483 1428 3730 1428 3730 1426 3483 1429 3649 1429 3649 1482 3564 1483 3731 1482 3564 1489 3565 1490 3732 1489 3565 1496 3566 1497 3733 1496 3566 1503 3567 1504 3734 1503 3567 1510 3650 1511 3735 1502 3484 1509 3651 1510 3650 1501 3485 1508 3652 1509 3651 1500 3486 1507 3653 1508 3652 1499 3487 1506 3654 1507 3653 1498 3488 1505 3736 1506 3654 7668 3568 7670 3569 1399 3655 7668 3568 1399 3655 1395 3570 1390 3656 1391 3571 1392 3737 1950 3572 1392 3737 1391 3571 1950 3572 2447 3573 1949 3738 2588 3574 2448 3739 2447 3573 2568 3575 2587 3740 2588 3574 2548 3576 2567 3741 2568 3575 2528 3657 2547 3742 2548 3576 2509 3067 2528 3657 2529 3492 2430 3743 2423 3744 2431 3745 2431 3745 2436 3746 2432 3747 2372 0 2371 0 2374 0 3553 3497 3552 3584 3554 3748 3554 3748 3552 3584 3747 3658 3747 3658 3822 3498 3748 3659 3748 3659 3592 3660 3588 3578 3749 2652 3590 3749 3592 3660 3750 2651 3841 2653 3751 3661 3751 3661 3839 3585 3752 3662 3752 3662 3837 3503 3753 3663 3753 3663 3835 3504 3754 3664 3754 3664 3833 3505 3755 3665 3756 3586 3568 3750 3755 3665 3559 3751 3756 3586 3758 3587 3759 3752 3758 3587 3760 3588 3842 3666 3922 3753 3760 3588 3842 3666 3763 3430 3764 3667 3853 3668 3764 3667 3762 3589 3853 3668 3761 3507 3937 3669 3937 3669 3769 3590 3939 3595 3769 3590 3768 3591 3939 3595 3939 3595 3768 3591 3772 3670 3766 3508 3771 3754 3772 3670 3766 3508 3775 3671 3770 3755 3775 3671 3774 3592 3894 3511 3770 3755 3775 3671 3940 3512 3940 3512 3772 3670 3771 3754 3853 3668 3937 3669 3851 3514 3852 3596 3932 3756 3853 3668 3855 3597 3931 3757 3852 3596 3855 3597 3929 3672 3931 3757 3927 3598 3928 3758 3929 3672 3925 3599 3926 3759 3927 3598 3925 3599 3924 3673 3926 3759 3923 3516 3910 3600 3924 3673 3910 3600 3912 3601 3856 3760 3856 3760 3912 3601 3913 3674 3857 3675 3913 3674 4040 3374 3856 3760 3857 3675 3858 3602 3914 3676 3915 3761 3858 3602 4041 3520 3917 3762 3914 3676 3920 3763 4041 3520 4025 3677 4024 3764 4025 3677 4058 3603 4066 3765 4058 3603 4067 3604 4074 3766 4067 3604 4075 3605 4082 3767 4075 3605 4083 3606 4091 3678 4083 3606 4092 3521 4098 3679 4091 3678 4099 3522 4050 3680 4098 3679 4052 3523 4049 3768 4050 3680 4051 3607 7583 3769 950 1944 4533 3681 4530 3770 4533 3681 4515 3608 4534 3771 4515 3608 7585 3682 7579 3525 7622 3683 7585 3682 7614 3526 7613 3684 7622 3683 7587 3609 7588 3772 7613 3684 7518 3610 7504 3685 7587 3609 7504 3685 7503 3611 7502 3773 7503 3611 7531 3686 7530 3774 7436 3529 7429 3687 7531 3686 7431 3775 7429 3687 7437 3612 7438 3688 7431 3775 7437 3612 7439 3776 7438 3688 7428 3530 7428 3530 7447 3689 7439 3776 7426 3613 7450 3777 7447 3689 7418 3690 7451 3778 7426 3613 7417 3531 7183 3779 7418 3690 7417 3531 7182 3691 7183 3779 7184 3533 7183 3779 7182 3691 7186 3780 7184 3533 7180 3692 7180 3692 7268 3614 7250 3781 7268 3614 7267 3615 7251 3782 7267 3615 7266 3616 7252 3783 7266 3616 7264 3617 7265 3784 7264 3617 7262 3618 7263 3785 7262 3618 7260 3619 7261 3786 7260 3619 7258 3620 7259 3787 7258 3620 7256 3621 7257 3788 7257 3788 7256 3621 7255 3693 7253 3535 7162 3789 7255 3693 7270 3694 6215 3790 7253 3535 7270 3694 7269 3537 7164 3695 7164 3695 7205 3622 7163 3791 7205 3622 7155 3623 7163 3791 7155 3623 7154 3696 7153 3792 7154 3696 7199 3539 7200 3793 7200 3793 7199 3539 7198 3697 7394 3624 6507 3794 7198 3697 7395 3625 6502 3795 7394 3624 6499 3698 6501 3796 7395 3625 7396 3540 6497 3797 6499 3698 6495 3699 6497 3797 7396 3540 6494 3798 6495 3699 7397 3541 6339 3700 6491 3799 7397 3541 6298 3701 6339 3700 7398 3626 6298 3701 7399 3542 6300 3800 6300 3800 7399 3542 6335 3702 6335 3702 7400 3627 6297 3801 4312 3802 7400 3627 4314 3703 4314 3703 4320 3628 4316 3704 4316 3704 4319 3543 4317 3803 4319 3543 4321 3705 4318 3804 4499 3805 4524 3805 4523 3805 949 3806 989 3806 947 3806 1084 3807 1085 3807 1086 3807 7676 3472 7678 3708 7692 3808 7685 3809 7683 3809 7695 3809 1316 3810 1321 3473 1317 3710 1318 3811 1317 3710 1313 3634 1312 3711 1318 3811 1313 3634 1314 3549 1315 3812 1312 3711 1314 3549 1310 3712 1315 3812 1306 3813 1310 3712 1311 3636 1306 3813 1311 3636 1304 3713 1304 3713 1305 3550 1306 3813 1306 3813 1305 3550 1307 3714 1299 3814 1307 3714 1300 3637 1299 3814 1300 3637 1301 3715 1301 3715 1302 3397 1303 3716 1296 3638 1295 3815 1303 3716 1297 3816 1296 3638 1298 3717 1292 3817 1298 3717 1293 3551 1288 3818 1293 3551 1291 3718 1286 3639 1471 3819 1291 3718 1133 3719 1140 3820 1286 3639 1134 3720 1133 3719 1127 3640 1132 3553 1138 3721 1133 3719 1137 3641 1136 3821 1138 3721 1235 3642 1139 3822 1137 3641 1235 3642 1243 3722 1139 3822 1242 3555 1251 3723 1243 3722 1250 3556 1259 3724 1251 3723 1258 3557 1154 3725 1259 3724 1159 3558 1160 3823 1154 3725 1157 3726 1158 3824 1159 3558 1526 3825 1157 3726 1162 3643 1527 3826 1162 3643 1164 3644 1527 3826 1164 3644 1552 3727 1552 3727 1167 3645 1553 3728 1553 3728 1567 3562 1552 3727 1552 3727 1568 3646 1563 3827 1568 3646 1425 3563 1563 3827 1563 3827 1425 3563 1564 3729 1564 3729 1427 3648 1565 3828 1565 3828 1427 3648 1428 3730 1428 3730 1429 3649 1430 3829 1429 3649 1483 3731 1432 3830 1482 3564 1490 3732 1483 3731 1489 3565 1497 3733 1490 3732 1496 3566 1504 3734 1497 3733 1503 3567 1511 3735 1504 3734 1510 3650 1518 3831 1511 3735 1509 3651 1517 3832 1510 3650 1508 3652 1516 3833 1509 3651 1507 3653 1515 3834 1508 3652 1506 3654 1514 3835 1507 3653 1505 3736 1513 3836 1506 3654 1394 3837 1505 3736 1498 3488 1393 3838 1392 3737 1950 3572 1949 3738 1393 3838 1950 3572 1949 3738 2447 3573 2448 3739 2587 3740 2448 3739 2588 3574 2567 3741 2587 3740 2568 3575 2547 3742 2567 3741 2548 3576 2527 3839 2547 3742 2528 3657 2508 2567 2528 3657 2509 3067 2424 3840 2423 3744 2430 3743 2430 3743 2431 3745 2432 3747 2374 3841 2375 3842 2376 3843 2371 3844 2373 3845 2374 3841 2371 3844 2372 3846 2373 3845 3553 3497 3554 3748 3555 3847 3595 3848 3554 3748 3747 3658 3747 3658 3748 3659 3585 3849 3748 3659 3588 3578 3586 3577 3591 3850 3590 3749 3750 2651 3751 3661 3582 3851 3750 2651 3752 3662 3571 3852 3751 3661 3574 3853 3752 3662 3753 3663 3576 3854 3753 3663 3754 3664 3755 3665 3565 3855 3754 3664 3755 3665 3568 3750 3566 3856 3756 3586 3569 3857 3568 3750 3558 3858 3756 3586 3559 3751 3559 3751 3758 3587 3560 3859 3757 3860 3758 3587 3759 3752 3760 3588 3922 3753 3759 3752 3932 3756 3922 3753 3842 3666 3932 3756 3842 3666 3764 3667 3853 3668 3932 3756 3764 3667 3770 3755 3771 3754 3766 3508 3940 3512 3771 3754 3770 3755 3852 3596 3931 3757 3932 3756 3929 3672 3930 3861 3931 3757 3929 3672 3928 3758 3930 3861 3927 3598 3926 3759 3928 3758 3924 3673 3856 3760 3926 3759 3924 3673 3910 3600 3856 3760 3856 3760 3913 3674 3857 3675 3858 3602 3916 3862 3856 3760 3858 3602 3915 3761 3916 3862 3914 3676 3917 3762 3915 3761 3918 3863 3917 3762 4041 3520 3918 3863 4041 3520 3920 3763 3920 3763 4025 3677 3921 3864 4024 3764 3557 3865 4025 3677 4066 3765 4024 3764 4058 3603 4074 3766 4066 3765 4067 3604 4082 3767 4074 3766 4075 3605 4091 3678 4082 3767 4083 3606 4098 3679 4090 3866 4091 3678 4050 3680 4097 3867 4098 3679 4049 3768 4048 3868 4050 3680 4533 3681 4530 3770 7583 3769 4534 3771 4530 3770 4515 3608 4534 3771 7585 3682 4532 3869 7585 3682 7622 3683 7629 3870 7622 3683 7613 3684 7621 3871 7613 3684 7588 3772 7612 3872 7588 3772 7587 3609 7512 3873 7504 3685 7502 3773 7587 3609 7503 3611 7511 3874 7502 3773 7530 3774 7513 3875 7503 3611 7531 3686 7529 3876 7530 3774 7531 3686 7429 3687 7529 3876 7431 3775 7430 3877 7429 3687 7433 3878 7431 3775 7438 3688 7433 3878 7438 3688 7439 3776 7447 3689 7446 3879 7439 3776 7450 3777 7449 3880 7447 3689 7451 3778 7450 3777 7426 3613 7419 3881 7451 3778 7418 3690 7418 3690 7183 3779 7185 3882 7185 3882 7183 3779 7184 3533 7186 3780 7185 3882 7184 3533 7181 3883 7186 3780 7180 3692 7177 3884 7180 3692 7250 3781 7250 3781 7268 3614 7251 3782 7251 3782 7267 3615 7252 3783 7252 3783 7266 3616 7265 3784 7265 3784 7264 3617 7263 3785 7263 3785 7262 3618 7261 3786 7261 3786 7260 3619 7259 3787 7259 3787 7258 3620 7257 3788 7255 3693 7168 3885 7257 3788 7162 3789 7168 3885 7255 3693 6215 3790 7162 3789 7253 3535 7164 3695 6215 3790 7270 3694 7164 3695 7163 3791 6226 3886 7163 3791 7155 3623 7166 3887 7155 3623 7153 3792 7166 3887 7154 3696 6512 3888 7153 3792 7200 3793 6510 3889 7154 3696 7198 3697 6510 3889 7200 3793 6507 3794 6508 3890 7198 3697 6502 3795 6507 3794 7394 3624 7395 3625 6501 3796 6502 3795 6498 3891 6501 3796 6499 3698 6499 3698 6497 3797 6498 3891 6497 3797 6495 3699 6496 3892 6495 3699 6494 3798 6493 3893 6492 3894 6494 3798 7397 3541 7397 3541 6491 3799 6492 3894 6339 3700 6310 3895 6491 3799 6339 3700 6298 3701 6310 3895 6300 3800 6299 3896 6298 3701 6300 3800 6335 3702 6301 3897 6335 3702 6297 3801 6301 3897 7400 3627 4312 3802 6297 3801 4314 3703 4313 3898 4312 3802 4316 3704 4315 3899 4314 3703 4319 3543 4318 3804 4317 3803 4499 3900 4537 3900 4524 3900 947 1995 948 1995 949 1995 7691 3901 7692 3808 7678 3708 1316 3810 1320 3902 1321 3473 1316 3810 1317 3710 1312 3711 1312 3711 1317 3710 1318 3811 1315 3812 1440 3903 1312 3711 1454 3904 1315 3812 1310 3712 1454 3904 1310 3712 1306 3813 1299 3814 1306 3813 1307 3714 1451 3905 1299 3814 1301 3715 1297 3816 1301 3715 1303 3716 1297 3816 1303 3716 1295 3815 1295 3815 1296 3638 1297 3816 1292 3817 1297 3816 1298 3717 1292 3817 1293 3551 1294 3906 1288 3818 1294 3906 1293 3551 1289 3907 1288 3818 1291 3718 1287 3908 1291 3718 1471 3819 1287 3908 1471 3819 1286 3639 1270 3909 1286 3639 1140 3820 1133 3719 1136 3821 1140 3820 1132 3553 1133 3719 1134 3720 1133 3719 1138 3721 1136 3821 1135 3910 1136 3821 1137 3641 1137 3641 1139 3822 1141 3911 1243 3722 1142 3912 1139 3822 1243 3722 1251 3723 1142 3912 1251 3723 1259 3724 1147 3913 1259 3724 1154 3725 1150 3914 1154 3725 1160 3823 1161 3915 1159 3558 1158 3824 1160 3823 1526 3825 1158 3824 1157 3726 1526 3825 1162 3643 1527 3826 1552 3727 1565 3828 1527 3826 1563 3827 1564 3729 1552 3727 1552 3727 1564 3729 1565 3828 1565 3828 1428 3730 1566 3916 1430 3829 1560 3917 1428 3730 1430 3829 1429 3649 1431 3918 1431 3918 1429 3649 1432 3830 1432 3830 1483 3731 1263 3919 1483 3731 1490 3732 1266 3920 1490 3732 1497 3733 1269 3921 1497 3733 1504 3734 1274 3922 1504 3734 1511 3735 1276 3923 1511 3735 1518 3831 1279 3924 1510 3650 1517 3832 1518 3831 1509 3651 1516 3833 1517 3832 1508 3652 1515 3834 1516 3833 1507 3653 1514 3835 1515 3834 1506 3654 1513 3836 1514 3835 1505 3736 1512 3925 1513 3836 1394 3837 1390 3656 1505 3736 1949 3738 1389 3926 1393 3838 1949 3738 2448 3739 1954 3927 2587 3740 2451 3928 2448 3739 2567 3741 2586 3929 2587 3740 2547 3742 2566 3930 2567 3741 2527 3839 2546 3931 2547 3742 2508 2567 2527 3839 2528 3657 2333 3932 2331 3933 2330 3580 2423 3744 2425 3934 2426 3935 2423 3744 2424 3840 2425 3934 2376 3843 2377 3936 2378 3937 2376 3843 2375 3842 2377 3936 2374 3841 2373 3845 2375 3842 3595 3848 3553 3497 3555 3847 3555 3847 3554 3748 3595 3848 3595 3848 3747 3658 3594 3938 3594 3938 3747 3658 3585 3849 3585 3849 3748 3659 3586 3577 3579 3939 3591 3850 3750 2651 3750 2651 3582 3851 3580 3940 3751 3661 3583 3941 3582 3851 3751 3661 3571 3852 3583 3941 3752 3662 3572 3942 3571 3852 3573 3943 3752 3662 3574 3853 3574 3853 3753 3663 3575 3944 3575 3944 3753 3663 3576 3854 3576 3854 3754 3664 3563 3945 3754 3664 3565 3855 3564 3946 3755 3665 3566 3856 3565 3855 3567 3947 3566 3856 3568 3750 3557 3865 3568 3750 3569 3857 3558 3858 3569 3857 3756 3586 3558 3858 3559 3751 3556 3948 3556 3948 3559 3751 3560 3859 3560 3859 3758 3587 3757 3860 3922 3753 3757 3860 3759 3752 3931 3757 3922 3753 3932 3756 3931 3757 3930 3861 3922 3753 3928 3758 3915 3761 3930 3861 3926 3759 3916 3862 3928 3758 3926 3759 3856 3760 3916 3862 3928 3758 3916 3862 3915 3761 3915 3761 3917 3762 3918 3863 3919 3949 3918 3863 3920 3763 3757 3860 3920 3763 3921 3864 3921 3864 4025 3677 3556 3948 3557 3865 3556 3948 4025 3677 3567 3947 3557 3865 4024 3764 4065 3950 4024 3764 4066 3765 4073 3951 4066 3765 4074 3766 4081 3952 4074 3766 4082 3767 4090 3866 4082 3767 4091 3678 4097 3867 4090 3866 4098 3679 4048 3868 4097 3867 4050 3680 4047 3953 4048 3868 4049 3768 4530 3770 7582 3954 7583 3769 4532 3869 4530 3770 4534 3771 4532 3869 7585 3682 7580 3955 7585 3682 7629 3870 7580 3955 7622 3683 7621 3871 7629 3870 7613 3684 7612 3872 7621 3871 7588 3772 7589 3956 7612 3872 7512 3873 7514 3957 7588 3772 7512 3873 7587 3609 7511 3874 7587 3609 7502 3773 7511 3874 7513 3875 7511 3874 7503 3611 7509 3958 7513 3875 7530 3774 7530 3774 7529 3876 7528 3959 7429 3687 7430 3877 7529 3876 7432 3960 7430 3877 7431 3775 7433 3878 7432 3960 7431 3775 7440 3961 7433 3878 7439 3776 7439 3776 7446 3879 7440 3961 7447 3689 7449 3880 7446 3879 7450 3777 7413 3962 7449 3880 7451 3778 7413 3962 7450 3777 7453 3963 7451 3778 7419 3881 7186 3780 7419 3881 7418 3690 7418 3690 7185 3882 7186 3780 7181 3883 7419 3881 7186 3780 7178 3964 7181 3883 7180 3692 7178 3964 7180 3692 7177 3884 7250 3781 7161 3965 7177 3884 7251 3782 7175 3966 7250 3781 7252 3783 7176 3967 7251 3782 7265 3784 7174 3968 7252 3783 7263 3785 7172 3969 7265 3784 7261 3786 7171 3970 7263 3785 7259 3787 7170 3971 7261 3786 7257 3788 7169 3972 7259 3787 7168 3885 7169 3972 7257 3788 7162 3789 6217 3973 7168 3885 7162 3789 6215 3790 6216 3974 6224 3975 6215 3790 7164 3695 6226 3886 6224 3975 7164 3695 7166 3887 6226 3886 7163 3791 7166 3887 7153 3792 7165 3976 6512 3888 6506 3977 7153 3792 6510 3889 6512 3888 7154 3696 7198 3697 6508 3890 6510 3889 6508 3890 6507 3794 6503 3978 6503 3978 6507 3794 6502 3795 6502 3795 6501 3796 6498 3891 6498 3891 6497 3797 6496 3892 6496 3892 6495 3699 6493 3893 6493 3893 6494 3798 6492 3894 6492 3894 6491 3799 6358 3979 6310 3895 6311 3980 6491 3799 6298 3701 6299 3896 6310 3895 6301 3897 6299 3896 6300 3800 6301 3897 6297 3801 6331 3981 6297 3801 4312 3802 6296 3982 4315 3899 4313 3898 4314 3703 4497 1995 4537 1995 4499 1995 949 3983 948 3983 954 3983 7693 3984 7691 3901 7678 3708 1319 3985 1320 3902 1316 3810 1312 3711 1441 3986 1316 3810 1312 3711 1440 3903 1441 3986 1453 3987 1440 3903 1315 3812 1453 3987 1315 3812 1454 3904 1449 3988 1454 3904 1306 3813 1449 3988 1306 3813 1299 3814 1450 3989 1299 3814 1451 3905 1451 3905 1301 3715 1297 3816 1476 3990 1297 3816 1292 3817 1290 3991 1292 3817 1294 3906 1290 3991 1294 3906 1288 3818 1288 3818 1289 3907 1290 3991 1290 3991 1289 3907 1291 3718 1439 3992 1291 3718 1287 3908 1286 3639 1285 3993 1287 3908 1262 3994 1286 3639 1270 3909 1140 3820 1143 3995 1270 3909 1141 3911 1140 3820 1136 3821 1136 3821 1135 3910 1141 3911 1137 3641 1141 3911 1135 3910 1139 3822 1140 3820 1141 3911 1139 3822 1142 3912 1144 3996 1251 3723 1147 3913 1142 3912 1259 3724 1150 3914 1147 3913 1154 3725 1155 3997 1150 3914 1154 3725 1161 3915 1155 3997 1554 3998 1161 3915 1160 3823 1554 3998 1160 3823 1158 3824 1554 3998 1158 3824 1526 3825 1525 3999 1526 3825 1527 3826 1527 3826 1565 3828 1566 3916 1428 3730 1525 3999 1566 3916 1428 3730 1560 3917 1525 3999 1430 3829 1561 4000 1560 3917 1431 3918 1561 4000 1430 3829 1431 3918 1432 3830 1433 4001 1432 3830 1263 3919 1435 4002 1483 3731 1266 3920 1263 3919 1490 3732 1269 3921 1266 3920 1497 3733 1274 3922 1269 3921 1504 3734 1276 3923 1274 3922 1511 3735 1279 3924 1276 3923 1518 3831 1282 4003 1279 3924 1517 3832 1465 4004 1518 3831 1516 3833 1464 4005 1517 3832 1515 3834 1462 4006 1516 3833 1514 3835 1460 4007 1515 3834 1513 3836 1458 4008 1514 3835 1512 3925 1456 4009 1513 3836 1390 3656 1512 3925 1505 3736 1388 4010 1393 3838 1389 3926 1949 3738 1385 4011 1389 3926 1954 3927 1385 4011 1949 3738 2448 3739 1953 4012 1954 3927 2451 3928 1955 4013 2448 3739 2586 3929 2451 3928 2587 3740 2566 3930 2586 3929 2567 3741 2546 3931 2566 3930 2547 3742 2526 4014 2546 3931 2527 3839 2507 2566 2527 3839 2508 2567 2425 3934 2427 4015 2426 3935 2378 3937 2377 3936 2379 4016 2375 3842 2463 4017 2377 3936 2373 3845 2462 4018 2375 3842 3594 3938 3553 3497 3595 3848 3587 4019 3593 4020 4021 4021 6279 4022 6260 4023 7295 4024 3589 4025 3590 3749 3581 4026 3750 2651 3580 3940 3579 3939 3581 4026 3580 3940 3582 3851 3581 4026 3582 3851 3583 3941 3571 3852 3570 4027 3583 3941 3570 4027 3571 3852 3572 3942 3573 3943 3572 3942 3752 3662 3570 4027 3573 3943 3574 3853 3570 4027 3574 3853 3575 3944 3576 3854 3577 4028 3575 3944 3563 3945 3562 4029 3576 3854 3754 3664 3564 3946 3563 3945 3564 3946 3565 3855 3562 4029 3562 4029 3565 3855 3566 3856 3562 4029 3566 3856 3567 3947 3567 3947 3568 3750 3557 3865 3557 3865 3569 3857 3558 3858 3556 3948 3557 3865 3558 3858 3556 3948 3560 3859 3561 4030 3560 3859 3757 3860 3561 4030 3922 3753 3919 3949 3757 3860 3930 3861 3919 3949 3922 3753 3930 3861 3915 3761 3919 3949 3915 3761 3918 3863 3919 3949 3919 3949 3920 3763 3757 3860 3757 3860 3921 3864 3561 4030 3921 3864 3556 3948 3561 4030 3562 4029 3567 3947 4024 3764 4065 3950 3562 4029 4024 3764 4073 3951 4065 3950 4066 3765 4081 3952 4073 3951 4074 3766 4090 3866 4081 3952 4082 3767 4097 3867 4089 4031 4090 3866 4048 3868 4096 4032 4097 3867 4047 3953 4046 4033 4048 3868 7583 3769 7582 3954 7607 4034 7582 3954 4530 3770 4525 4035 4532 3869 4531 4036 4530 3770 7580 3955 4531 4036 4532 3869 7580 3955 7629 3870 7636 4037 7629 3870 7621 3871 7628 4038 7621 3871 7612 3872 7620 4039 7612 3872 7589 3956 7611 4040 7588 3772 7515 4041 7589 3956 7514 3957 7515 4041 7588 3772 7514 3957 7512 3873 7513 3875 7513 3875 7512 3873 7511 3874 7509 3958 7514 3957 7513 3875 7528 3959 7509 3958 7530 3774 7529 3876 7527 4042 7528 3959 7529 3876 7430 3877 7527 4042 7430 3877 7432 3960 7527 4042 7434 4043 7432 3960 7433 3878 7435 4044 7433 3878 7440 3961 7446 3879 7443 4045 7440 3961 7449 3880 7448 4046 7446 3879 7413 3962 7411 4047 7449 3880 7453 3963 7413 3962 7451 3778 7420 4048 7453 3963 7419 3881 7178 3964 7419 3881 7181 3883 7161 3965 7178 3964 7177 3884 7175 3966 7161 3965 7250 3781 7176 3967 7175 3966 7251 3782 7252 3783 7173 4049 7176 3967 7174 3968 7173 4049 7252 3783 7172 3969 7174 3968 7265 3784 7171 3970 7172 3969 7263 3785 7170 3971 7171 3970 7261 3786 7169 3972 7170 3971 7259 3787 7168 3885 6211 4050 7169 3972 6217 3973 6219 4051 7168 3885 6216 3974 6217 3973 7162 3789 6152 4052 6216 3974 6215 3790 6224 3975 6223 4053 6215 3790 6226 3886 6225 4054 6224 3975 6227 4055 6226 3886 7166 3887 7167 4056 7166 3887 7165 3976 7153 3792 6506 3977 7165 3976 6506 3977 6512 3888 6505 4057 6512 3888 6510 3889 6511 4058 6510 3889 6508 3890 6509 4059 6509 4059 6508 3890 6503 3978 6503 3978 6502 3795 6498 3891 6498 3891 6496 3892 6520 4060 6496 3892 6493 3893 6518 4061 6493 3893 6492 3894 6358 3979 6358 3979 6491 3799 6312 4062 6491 3799 6311 3980 6312 4062 6305 4063 6311 3980 6310 3895 6310 3895 6299 3896 6305 4063 6299 3896 6301 3897 6305 4063 6301 3897 6331 3981 6303 4064 6297 3801 6295 4065 6331 3981 6297 3801 6296 3982 6295 4065 6296 3982 4312 3802 6746 4066 4499 4067 4498 4067 4497 4067 953 1995 949 1995 954 1995 7694 4068 7693 3984 7678 3708 1316 3810 1442 4069 1319 3985 1316 3810 1441 3986 1442 4069 1440 3903 1348 4070 1441 3986 1452 4071 1440 3903 1453 3987 1447 4072 1453 3987 1454 3904 1447 4072 1454 3904 1449 3988 1450 3989 1449 3988 1299 3814 1475 4073 1450 3989 1451 3905 1476 3990 1451 3905 1297 3816 1470 4074 1476 3990 1292 3817 1470 4074 1292 3817 1290 3991 1439 3992 1290 3991 1291 3718 1285 3993 1439 3992 1287 3908 1261 4075 1285 3993 1286 3639 1262 3994 1261 4075 1286 3639 1270 3909 1273 4076 1262 3994 1143 3995 1264 4077 1270 3909 1140 3820 1144 3996 1143 3995 1139 3822 1144 3996 1140 3820 1142 3912 1143 3995 1144 3996 1142 3912 1147 3913 1148 4078 1147 3913 1150 3914 1149 4079 1150 3914 1155 3997 1156 4080 1556 4081 1155 3997 1161 3915 1556 4081 1161 3915 1554 3998 1526 3825 1561 4000 1554 3998 1525 3999 1560 3917 1526 3825 1527 3826 1566 3916 1525 3999 1526 3825 1560 3917 1561 4000 1431 3918 1562 4082 1561 4000 1433 4001 1562 4082 1431 3918 1433 4001 1432 3830 1434 4083 1434 4083 1432 3830 1435 4002 1435 4002 1263 3919 1265 4084 1263 3919 1266 3920 1268 4085 1266 3920 1269 3921 1271 4086 1269 3921 1274 3922 1275 4087 1274 3922 1276 3923 1278 4088 1276 3923 1279 3924 1281 4089 1279 3924 1282 4003 1284 4090 1518 3831 1465 4004 1282 4003 1517 3832 1464 4005 1465 4004 1516 3833 1462 4006 1464 4005 1515 3834 1460 4007 1462 4006 1514 3835 1458 4008 1460 4007 1513 3836 1456 4009 1458 4008 1512 3925 1379 4091 1456 4009 1390 3656 1388 4010 1512 3925 7666 4092 1393 3838 1388 4010 1388 4010 1389 3926 1385 4011 1954 3927 1386 4093 1385 4011 1953 4012 1386 4093 1954 3927 2448 3739 1955 4013 1953 4012 2451 3928 1956 4094 1955 4013 2586 3929 2450 4095 2451 3928 2566 3930 2585 4096 2586 3929 2546 3931 2565 4097 2566 3930 2526 4014 2545 4098 2546 3931 2507 2566 2526 4014 2527 3839 2426 3935 2428 4099 2421 4100 2426 3935 2427 4015 2428 4099 2428 4101 2427 4101 2425 4101 2379 4016 2380 4102 2381 4103 2379 4016 2377 3936 2380 4102 2377 3936 2463 4017 2464 4104 2375 3842 2462 4018 2463 4017 3594 3938 3596 3579 3553 3497 4043 4105 3587 4019 4021 4021 3593 4020 3589 4025 4021 4021 3589 4025 3581 4026 4087 4106 3579 3939 3580 3940 3581 4026 3583 3941 3584 4107 3581 4026 3583 3941 3570 4027 3584 4107 3572 3942 3573 3943 3570 4027 3575 3944 3578 4108 3570 4027 3575 3944 3577 4028 3578 4108 3576 3854 3562 4029 3577 4028 3562 4029 3563 3945 3564 3946 3577 4028 3562 4029 4065 3950 4023 4109 4065 3950 4073 3951 4080 4110 4073 3951 4081 3952 4089 4031 4081 3952 4090 3866 4096 4032 4089 4031 4097 3867 4046 4033 4096 4032 4048 3868 4045 4111 4046 4033 4047 3953 7582 3954 7606 4112 7607 4034 4525 4035 7584 4113 7582 3954 4530 1995 4527 1995 4525 1995 4531 4036 4529 4114 4530 3770 4531 4036 7580 3955 4529 4114 7580 3955 7636 4037 7581 4115 7629 3870 7628 4038 7636 4037 7621 3871 7620 4039 7628 4038 7612 3872 7611 4040 7620 4039 7589 3956 7576 4116 7611 4040 7515 4041 7510 4117 7589 3956 7515 4041 7514 3957 7509 3958 7507 4118 7509 3958 7528 3959 7528 3959 7527 4042 7526 4119 7527 4042 7432 3960 7525 4120 7432 3960 7434 4043 7525 4120 7435 4044 7434 4043 7433 3878 7441 4121 7435 4044 7440 3961 7440 3961 7443 4045 7441 4121 7446 3879 7448 4046 7443 4045 7449 3880 7411 4047 7448 4046 7413 3962 7412 4122 7411 4047 7412 4122 7413 3962 7453 3963 7410 4123 7453 3963 7420 4048 7421 4124 7420 4048 7419 3881 7421 4124 7419 3881 7178 3964 7179 4125 7178 3964 7161 3965 7161 3965 7175 3966 6192 4126 7176 3967 6200 4127 7175 3966 7173 4049 6199 4128 7176 3967 7174 3968 6206 4129 7173 4049 7172 3969 6203 4130 7174 3968 7172 3969 7171 3970 6208 4131 7171 3970 7170 3971 6207 4132 7170 3971 7169 3972 6214 3214 6211 4050 6212 4133 7169 3972 6220 4134 6211 4050 7168 3885 7168 3885 6219 4051 6220 4134 6219 4051 6217 3973 6218 4135 6217 3973 6216 3974 6152 4052 6215 3790 6222 4136 6152 4052 6223 4053 6222 4136 6215 3790 6225 4054 6223 4053 6224 3975 6227 4055 6225 4054 6226 3886 6229 4137 6227 4055 7166 3887 6229 4137 7166 3887 7167 4056 7165 3976 6504 4138 7167 4056 6506 3977 6504 4138 7165 3976 6506 3977 6505 4057 6504 4138 6512 3888 6511 4058 6505 4057 6511 4058 6510 3889 6509 4059 6509 4059 6503 3978 6524 4139 6503 3978 6498 3891 6522 4140 6522 4140 6498 3891 6520 4060 6520 4060 6496 3892 6518 4061 6518 4061 6493 3893 6516 4141 6493 3893 6358 3979 6516 4141 6358 3979 6312 4062 6313 4142 6305 4063 6312 4062 6311 3980 6305 4063 6301 3897 6303 4064 6303 4064 6331 3981 6302 4143 6331 3981 6295 4065 6332 4144 6296 3982 6746 4066 6295 4065 4312 3802 7854 4145 6746 4066 4503 1995 4498 1995 4499 1995 953 1995 955 1995 949 1995 1319 3985 1442 4069 1323 4146 1441 3986 1345 4147 1442 4069 1441 3986 1348 4070 1345 4147 1452 4071 1348 4070 1440 3903 1445 4148 1452 4071 1453 3987 1445 4148 1453 3987 1447 4072 1448 4149 1447 4072 1449 3988 1448 4149 1449 3988 1450 3989 1474 4150 1450 3989 1475 4073 1475 4073 1451 3905 1476 3990 1469 4151 1476 3990 1470 4074 1463 4152 1470 4074 1290 3991 1463 4152 1290 3991 1439 3992 1285 3993 1260 4153 1439 3992 1261 4075 1260 4153 1285 3993 1260 4153 1261 4075 1262 3994 1273 4076 1283 4154 1262 3994 1270 3909 1275 4087 1273 4076 1264 4155 1267 4155 1270 4155 1145 4156 1264 4077 1143 3995 1142 3912 1148 4078 1143 3995 1147 3913 1146 4157 1148 4078 1147 3913 1149 4079 1145 4156 1149 4079 1150 3914 1151 4158 1150 3914 1156 4080 1152 4159 1555 4160 1156 4080 1155 3997 1555 4160 1155 3997 1556 4081 1559 4161 1556 4081 1554 3998 1554 3998 1561 4000 1562 4082 1433 4001 1559 4161 1562 4082 1434 4083 1559 4161 1433 4001 1434 4083 1435 4002 1436 4162 1435 4002 1265 4084 1437 4163 1263 3919 1264 4077 1265 4084 1263 3919 1268 4085 1264 4077 1266 3920 1267 4164 1268 4085 1266 3920 1271 4086 1267 4164 1269 3921 1270 3909 1271 4086 1269 3921 1275 4087 1270 3909 1274 3922 1273 4076 1275 4087 1274 3922 1278 4088 1272 4165 1276 3923 1277 4166 1278 4088 1276 3923 1281 4089 1277 4166 1279 3924 1280 4167 1281 4089 1279 3924 1284 4090 1280 4167 1282 4003 1283 4154 1284 4090 1465 4004 1260 4153 1282 4003 1464 4005 1439 3992 1465 4004 1462 4006 1463 4152 1464 4005 1460 4007 1461 4168 1462 4006 1458 4008 1459 4169 1460 4007 1456 4009 1457 4170 1458 4008 1379 4091 1455 4171 1456 4009 1388 4010 1379 4091 1512 3925 7666 4092 1388 4010 1390 3656 1385 4011 1386 4093 1381 4172 1953 4012 1387 4173 1386 4093 1382 4174 1953 4012 1955 4013 1384 4175 1955 4013 1956 4094 2450 4095 1956 4094 2451 3928 2585 4096 2450 4095 2586 3929 2565 4097 2585 4096 2566 3930 2545 4098 2565 4097 2546 3931 2525 4176 2545 4098 2526 4014 2506 4177 2526 4014 2507 2566 2421 4100 2428 4099 2429 4178 2429 4178 2428 4099 2707 2801 2384 0 2383 0 2381 0 2380 4102 2385 4179 2381 4103 2377 3936 2464 4104 2380 4102 2463 4017 2478 4180 2464 4104 2462 4018 2477 4181 2463 4017 4042 4182 3553 3497 3596 3579 3596 3579 3587 4019 4043 4105 4043 4105 4021 4021 4044 4183 4021 4021 3589 4025 4087 4106 4087 4106 3581 4026 4022 4184 3581 4026 3584 4107 4022 4184 3584 4107 3570 4027 4022 4184 3570 4027 3578 4108 4023 4109 3578 4108 3577 4028 4023 4109 4023 4109 3577 4028 4065 3950 4080 4110 4023 4109 4073 3951 4089 4031 4080 4110 4081 3952 4096 4032 4088 4185 4089 4031 4046 4033 4095 4186 4096 4032 4045 4111 4044 4183 4046 4033 7607 4034 7606 4112 7605 4187 7582 3954 7651 4188 7606 4112 7584 4113 7651 4188 7582 3954 4526 4189 7584 4113 4525 4035 4527 1995 4526 1995 4525 1995 4538 4190 4527 4191 4530 3770 4530 3770 4529 4114 4528 4192 4529 4114 7580 3955 7581 4115 7581 4115 7636 4037 7644 4193 7636 4037 7628 4038 7635 4194 7628 4038 7620 4039 7627 4195 7620 4039 7611 4040 7619 4196 7611 4040 7576 4116 7610 4197 7589 3956 7483 4198 7576 4116 7589 3956 7510 4117 7508 4199 7510 4117 7515 4041 7509 3958 7509 3958 7507 4118 7508 4199 7526 4119 7507 4118 7528 3959 7527 4042 7525 4120 7526 4119 7525 4120 7434 4043 7523 4200 7434 4043 7435 4044 7523 4200 7435 4044 7441 4121 7521 4201 7443 4045 7442 4202 7441 4121 7448 4046 7493 4203 7443 4045 7411 4047 7454 4204 7448 4046 7412 4122 7331 4205 7411 4047 7410 4123 7412 4122 7453 3963 7409 4206 7410 4123 7420 4048 7420 4048 7421 4124 7179 4125 7179 4125 7421 4124 7178 3964 7159 4207 7179 4125 7161 3965 6194 4208 7161 3965 6192 4126 6192 4126 7175 3966 6191 4209 6200 4127 6201 4210 7175 3966 7176 3967 6199 4128 6200 4127 6206 4129 6199 4128 7173 4049 6203 4130 6206 4129 7174 3968 6210 4211 6203 4130 7172 3969 6210 4211 7172 3969 6208 4131 6208 4131 7171 3970 6207 4132 6207 4132 7170 3971 6214 3214 7169 3972 6212 4133 6214 3214 6213 3215 6212 4133 6211 4050 6220 4134 6218 4135 6211 4050 6220 4134 6219 4051 6218 4135 6218 4135 6217 3973 6154 4212 6154 4212 6217 3973 6152 4052 6222 4136 6221 4213 6152 4052 6223 4053 6255 4214 6222 4136 6225 4054 6256 4215 6223 4053 6228 4216 6225 4054 6227 4055 6229 4137 6228 4216 6227 4055 6251 4217 6229 4137 7167 4056 6504 4138 6251 4217 7167 4056 6505 4057 6406 4218 6504 4138 6505 4057 6511 4058 6406 4218 6511 4058 6509 4059 6526 4219 6526 4219 6509 4059 6524 4139 6524 4139 6503 3978 6522 4140 6522 4140 6520 4060 6521 4220 6520 4060 6518 4061 6519 4221 6518 4061 6516 4141 6517 4222 6516 4141 6358 3979 6357 4223 6358 3979 6313 4142 6357 4223 6313 4142 6312 4062 6305 4063 6305 4063 6303 4064 6304 4224 6304 4224 6303 4064 6302 4143 6331 3981 6329 4225 6302 4143 6332 4144 6330 4226 6331 3981 6295 4065 6746 4066 6332 4144 6746 4066 7854 4145 6745 4227 4312 3802 7855 4228 7854 4145 4503 1995 4499 1995 4502 1995 949 4229 955 4229 956 4229 1319 3985 1323 4146 1443 4230 1442 4069 1342 4231 1323 4146 1442 4069 1345 4147 1342 4231 1345 4147 1348 4070 1349 4232 1359 4233 1348 4070 1452 4071 1362 4234 1452 4071 1445 4148 1446 4235 1445 4148 1447 4072 1446 4235 1447 4072 1448 4149 1474 4150 1448 4149 1450 3989 1468 4236 1474 4150 1475 4073 1469 4151 1475 4073 1476 3990 1461 4168 1469 4151 1470 4074 1461 4168 1470 4074 1463 4152 1464 4005 1463 4152 1439 3992 1465 4004 1439 3992 1260 4153 1282 4003 1260 4153 1262 3994 1282 4003 1262 3994 1283 4154 1284 4090 1283 4154 1273 4076 1267 4164 1271 4086 1270 3909 1264 4077 1268 4085 1267 4164 1145 4156 1151 4158 1264 4077 1143 3995 1148 4078 1145 4156 1146 4157 1145 4156 1148 4078 1145 4156 1146 4157 1147 3913 1145 4156 1149 4079 1151 4158 1151 4158 1150 3914 1152 4159 1152 4159 1156 4080 1555 4160 1558 4237 1555 4160 1556 4081 1558 4237 1556 4081 1559 4161 1554 3998 1562 4082 1559 4161 1434 4083 1558 4237 1559 4161 1524 4238 1434 4083 1436 4162 1436 4162 1435 4002 1437 4163 1265 4084 1264 4077 1437 4163 1272 4165 1273 4076 1274 3922 1272 4165 1278 4088 1277 4166 1277 4166 1281 4089 1280 4167 1273 4076 1280 4167 1284 4090 1462 4006 1461 4168 1463 4152 1460 4007 1459 4169 1461 4168 1458 4008 1457 4170 1459 4169 1456 4009 1455 4171 1457 4170 1379 4091 1383 4239 1455 4171 1388 4010 1381 4172 1379 4091 1381 4172 1386 4093 1387 4173 1380 4240 1387 4173 1953 4012 1378 4241 1953 4012 1382 4174 1382 4174 1955 4013 1384 4175 1384 4175 1956 4094 1374 4242 2450 4095 1959 4243 1956 4094 2585 4096 2449 4244 2450 4095 2565 4097 2584 4245 2585 4096 2545 4098 2564 4246 2565 4097 2525 4176 2544 4247 2545 4098 2506 4177 2525 4176 2526 4014 2489 4248 2505 4249 2506 4177 2285 2096 2324 2498 2304 2042 2421 4100 2429 4178 2422 4250 2422 4250 2429 4178 2707 2801 2383 4251 2382 4252 2386 4253 2382 4252 2383 4251 2384 4254 2381 4255 2385 4255 2384 4255 2380 4102 2384 4254 2385 4179 2380 4102 2464 4104 2465 4256 2464 4104 2478 4180 2479 4257 2463 4017 2477 4181 2478 4180 3596 3579 4043 4105 4042 4182 4042 4182 4043 4105 4044 4183 4044 4183 4021 4021 4095 4186 4021 4021 4087 4106 4095 4186 4087 4106 4022 4184 4088 4185 4022 4184 3570 4027 4023 4109 4022 4184 4023 4109 4080 4110 4088 4185 4080 4110 4089 4031 4095 4186 4088 4185 4096 4032 4044 4183 4095 4186 4046 4033 4042 4182 4044 4183 4045 4111 7606 4112 7604 4258 7605 4187 7651 4188 7650 4259 7606 4112 7584 4113 7644 4193 7651 4188 4526 4189 4527 4191 7584 4113 7584 4113 4527 4191 4538 4190 4528 4192 4538 4190 4530 3770 7581 4115 4528 4192 4529 4114 7581 4115 7644 4193 7584 4113 7636 4037 7635 4194 7644 4193 7628 4038 7627 4195 7635 4194 7620 4039 7619 4196 7627 4195 7611 4040 7610 4197 7619 4196 7576 4116 7590 4260 7610 4197 7483 4198 7456 4261 7576 4116 7506 4262 7483 4198 7589 3956 7508 4199 7506 4262 7589 3956 7510 4117 7509 3958 7508 4199 7508 4199 7507 4118 7506 4262 7484 4263 7507 4118 7526 4119 7526 4119 7525 4120 7524 4264 7525 4120 7523 4200 7524 4264 7523 4200 7435 4044 7521 4201 7521 4201 7441 4121 7486 4265 7441 4121 7442 4202 7486 4265 7443 4045 7493 4203 7442 4202 7448 4046 7452 4266 7493 4203 7454 4204 7452 4266 7448 4046 7331 4205 7454 4204 7411 4047 7348 4267 7331 4205 7412 4122 7340 4268 7412 4122 7410 4123 7338 4269 7410 4123 7409 4206 7409 4206 7420 4048 7159 4207 7159 4207 7420 4048 7179 4125 7161 3965 7160 4270 7159 4207 7160 4270 7161 3965 6194 4208 6194 4208 6192 4126 6193 4271 6193 4271 6192 4126 6191 4209 7175 3966 6201 4210 6191 4209 6201 4210 6200 4127 6198 4272 6200 4127 6199 4128 6198 4272 6199 4128 6206 4129 6205 4273 6206 4129 6203 4130 6205 4273 6203 4130 6210 4211 6202 4274 6210 4211 6208 4131 6202 4274 6209 3216 6208 4131 6207 4132 6207 4132 6214 3214 6209 3216 6211 4050 6231 4275 6213 3215 6211 4050 6218 4135 6231 4275 6218 4135 6154 4212 6231 4275 6154 4212 6152 4052 6153 4276 6152 4052 6221 4213 6151 4277 6255 4214 6221 4213 6222 4136 6256 4215 6255 4214 6223 4053 6257 4278 6256 4215 6225 4054 6228 4216 6257 4278 6225 4054 6228 4216 6229 4137 6252 4279 6252 4279 6229 4137 6251 4217 6252 4279 6251 4217 6504 4138 6504 4138 6406 4218 6407 4280 6511 4058 6514 4281 6406 4218 6371 4282 6511 4058 6526 4219 6526 4219 6524 4139 6525 4283 6524 4139 6522 4140 6523 4284 6523 4284 6522 4140 6521 4220 6521 4220 6520 4060 6519 4221 6519 4221 6518 4061 6517 4222 6517 4222 6516 4141 6515 4285 6516 4141 6357 4223 6515 4285 6357 4223 6313 4142 6309 4286 6309 4286 6313 4142 6305 4063 6305 4063 6304 4224 6309 4286 6304 4224 6302 4143 6336 4287 6302 4143 6329 4225 6334 4288 6331 3981 6330 4226 6329 4225 6332 4144 6743 4289 6330 4226 6746 4066 6745 4227 6332 4144 6744 4290 6745 4227 7854 4145 4499 4291 4504 4291 4502 4291 1443 4230 1323 4146 1322 4292 1323 4146 1342 4231 1340 4293 1345 4147 1346 4294 1342 4231 1349 4232 1352 4295 1345 4147 1359 4233 1349 4232 1348 4070 1362 4234 1359 4233 1452 4071 1444 4296 1362 4234 1445 4148 1444 4296 1445 4148 1446 4235 1473 4297 1446 4235 1448 4149 1473 4297 1448 4149 1474 4150 1467 4298 1474 4150 1468 4236 1468 4236 1475 4073 1469 4151 1459 4169 1469 4151 1461 4168 1437 4163 1264 4077 1151 4158 1151 4158 1152 4159 1153 4299 1523 4300 1152 4159 1555 4160 1557 4301 1555 4160 1558 4237 1557 4301 1558 4237 1434 4083 1557 4301 1434 4083 1524 4238 1524 4238 1436 4162 1438 4302 1436 4162 1437 4163 1438 4302 1272 4165 1277 4166 1273 4076 1273 4076 1277 4166 1280 4167 1457 4170 1468 4236 1459 4169 1455 4171 1467 4298 1457 4170 1383 4239 1466 4303 1455 4171 1378 4241 1383 4239 1379 4091 1380 4240 1379 4091 1381 4172 1953 4012 1378 4241 1380 4240 1378 4241 1382 4174 1383 4239 1383 4239 1382 4174 1384 4175 1383 4239 1384 4175 1374 4242 1956 4094 1375 4304 1374 4242 1959 4243 1377 4305 1956 4094 2449 4244 1959 4243 2450 4095 2584 4245 2449 4244 2585 4096 2564 4246 2584 4245 2565 4097 2544 4247 2564 4246 2545 4098 2524 4306 2544 4247 2525 4176 2505 4249 2525 4176 2506 4177 2488 4307 2505 4249 2489 4248 2420 4308 2421 4100 2422 4250 2420 4308 2422 4250 2707 2801 2386 4253 2387 4309 2388 4310 2386 4253 2382 4252 2387 4309 2382 4252 2384 4254 2380 4102 2380 4102 2465 4256 2382 4252 2464 4104 2479 4257 2465 4256 2478 4180 2495 4311 2479 4257 2477 4181 2494 4312 2478 4180 4095 4186 4087 4106 4088 4185 4088 4185 4022 4184 4080 4110 7605 4187 7604 4258 7603 4313 7606 4112 7650 4259 7604 4258 7651 4188 7643 4314 7650 4259 7644 4193 7643 4314 7651 4188 4538 4190 7581 4115 7584 4113 4528 4192 7581 4115 4538 4190 7644 4193 7635 4194 7643 4314 7635 4194 7627 4195 7634 4315 7627 4195 7619 4196 7626 4316 7619 4196 7610 4197 7618 4317 7610 4197 7590 4260 7609 4318 7590 4260 7576 4116 7459 4319 7576 4116 7456 4261 7457 4320 7484 4263 7456 4261 7483 4198 7506 4262 7484 4263 7483 4198 7507 4118 7484 4263 7506 4262 7524 4264 7484 4263 7526 4119 7524 4264 7523 4200 7522 4321 7523 4200 7521 4201 7522 4321 7521 4201 7486 4265 7520 4322 7486 4265 7442 4202 7485 4323 7493 4203 7492 4324 7442 4202 7452 4266 7445 4325 7493 4203 7454 4204 7332 4326 7452 4266 7331 4205 7332 4326 7454 4204 7331 4205 7348 4267 7283 4327 7340 4268 7348 4267 7412 4122 7339 4328 7340 4268 7410 4123 7410 4123 7338 4269 7339 4328 7337 4329 7338 4269 7409 4206 7160 4270 7409 4206 7159 4207 6197 4330 7160 4270 6194 4208 6194 4208 6193 4271 6196 4331 6191 4209 6241 4332 6193 4271 6201 4210 6241 4332 6191 4209 6198 4272 6241 4332 6201 4210 6205 4273 6198 4272 6199 4128 6205 4273 6203 4130 6204 4333 6204 4333 6203 4130 6202 4274 6202 4274 6208 4131 6209 3216 6213 3215 6231 4275 6230 4334 6231 4275 6154 4212 6230 4334 6155 4335 6154 4212 6153 4276 6153 4276 6152 4052 6151 4277 6221 4213 6556 4336 6151 4277 6255 4214 6557 4337 6221 4213 6256 4215 6557 4337 6255 4214 6257 4278 6558 4338 6256 4215 6249 4339 6257 4278 6228 4216 6253 4340 6228 4216 6252 4279 6253 4340 6252 4279 6504 4138 6407 4280 6559 4341 6504 4138 6408 4342 6407 4280 6406 4218 6406 4218 6514 4281 6409 4343 6514 4281 6511 4058 6371 4282 6371 4282 6526 4219 6527 4344 6527 4344 6526 4219 6525 4283 6525 4283 6524 4139 6523 4284 6521 4220 6471 4345 6523 4284 6519 4221 6473 4346 6521 4220 6517 4222 6475 4347 6519 4221 6515 4285 6477 4348 6517 4222 6515 4285 6357 4223 6500 4349 6357 4223 6309 4286 6308 4350 6309 4286 6304 4224 6308 4350 6337 4351 6304 4224 6336 4287 6336 4287 6302 4143 6333 4352 6334 4288 6333 4352 6302 4143 7010 4353 6334 4288 6329 4225 6330 4226 6743 4289 6329 4225 6745 4227 6743 4289 6332 4144 6745 4227 6744 4290 6743 4289 7840 4354 6744 4290 7854 4145 4505 1995 4504 1995 4499 1995 1322 4292 1323 4146 1324 4355 1323 4146 1340 4293 1335 4356 1341 4357 1340 4293 1342 4231 1342 4231 1346 4294 1347 4358 1345 4147 1353 4359 1346 4294 1345 4147 1352 4295 1353 4359 1349 4232 1351 4360 1352 4295 1354 4361 1349 4232 1359 4233 1357 4362 1359 4233 1362 4234 1363 4363 1362 4234 1444 4296 1472 4364 1444 4296 1446 4235 1472 4364 1446 4235 1473 4297 1467 4298 1473 4297 1474 4150 1457 4170 1467 4298 1468 4236 1459 4169 1468 4236 1469 4151 1151 4158 7681 11 1437 4163 1153 4299 1152 4159 7697 4365 1523 4300 1555 4160 1521 4366 1557 4301 1522 4367 1555 4160 1524 4238 1522 4367 1557 4301 1524 4238 1438 4302 1522 4367 1523 4300 1438 4302 1437 4163 1455 4171 1466 4303 1467 4298 1383 4239 1376 4368 1466 4303 1378 4241 1379 4091 1380 4240 1374 4242 1376 4368 1383 4239 1374 4242 1375 4304 1376 4368 1956 4094 1377 4305 1375 4304 1959 4243 1371 4369 1377 4305 2449 4244 1958 4370 1959 4243 2584 4245 2452 4371 2449 4244 2564 4246 2583 4372 2584 4245 2544 4247 2563 4373 2564 4246 2524 4306 2543 4374 2544 4247 2505 4249 2524 4306 2525 4176 2488 4307 2504 4375 2505 4249 2329 3581 2332 2348 2319 3064 2416 4376 2418 4377 2414 3275 2416 4376 2417 4378 2418 4377 2387 4309 2392 4379 2388 4310 2382 4252 2466 4380 2387 4309 2382 4252 2465 4256 2466 4380 2465 4256 2479 4257 2480 4381 2479 4257 2495 4311 2496 4382 2478 4180 2494 4312 2495 4311 7604 4258 7602 4383 7603 4313 7650 4259 7649 4384 7604 4258 7643 4314 7642 4385 7650 4259 7635 4194 7634 4315 7643 4314 7627 4195 7626 4316 7634 4315 7619 4196 7618 4317 7626 4316 7610 4197 7609 4318 7618 4317 7590 4260 7591 4386 7609 4318 7461 4387 7590 4260 7459 4319 7459 4319 7576 4116 7458 4388 7576 4116 7457 4320 7458 4388 7457 4320 7456 4261 7455 4389 7455 4389 7456 4261 7484 4263 7473 4390 7484 4263 7524 4264 7522 4321 7473 4390 7524 4264 7522 4321 7521 4201 7520 4322 7520 4322 7486 4265 7519 4391 7486 4265 7485 4323 7404 4392 7442 4202 7491 4393 7485 4323 7442 4202 7492 4324 7491 4393 7493 4203 7445 4325 7492 4324 7452 4266 7335 4394 7445 4325 7332 4326 7333 4395 7452 4266 7332 4326 7331 4205 7285 4396 7284 2891 7331 4205 7283 4327 7283 4327 7348 4267 7340 4268 7340 4268 7339 4328 7283 4327 7339 4328 7338 4269 7282 4397 7282 4397 7338 4269 7337 4329 7409 4206 7336 4398 7337 4329 7336 4398 7409 4206 7160 4270 7160 4270 6197 4330 7341 4399 6197 4330 6194 4208 6196 4331 6196 4331 6193 4271 6195 4400 6241 4332 6240 4401 6193 4271 6248 4402 6241 4332 6198 4272 6236 4403 6198 4272 6205 4273 6204 4333 6236 4403 6205 4273 6202 4274 6232 4404 6204 4333 6209 3216 6233 4405 6202 4274 6213 3215 6234 4406 6209 3216 6230 4334 6235 4407 6213 3215 6154 4212 6156 4408 6230 4334 6156 4408 6154 4212 6155 4335 6155 4335 6153 4276 6554 4409 6554 4409 6153 4276 6151 4277 6556 4336 6554 4409 6151 4277 6557 4337 6556 4336 6221 4213 6558 4338 6557 4337 6256 4215 6249 4339 6558 4338 6257 4278 6228 4216 6250 4410 6249 4339 6250 4410 6228 4216 6253 4340 6504 4138 6254 4411 6253 4340 6559 4341 6254 4411 6504 4138 6408 4342 6559 4341 6407 4280 6409 4343 6408 4342 6406 4218 6514 4281 6513 4412 6409 4343 6369 4413 6514 4281 6371 4282 6430 4414 6371 4282 6527 4344 6525 4283 6467 4415 6527 4344 6523 4284 6469 4416 6525 4283 6471 4345 6469 4416 6523 4284 6473 4346 6471 4345 6521 4220 6475 4347 6473 4346 6519 4221 6477 4348 6475 4347 6517 4222 6479 4417 6477 4348 6515 4285 6500 4349 6479 4417 6515 4285 6357 4223 6308 4350 6500 4349 6304 4224 6307 4418 6308 4350 6307 4418 6304 4224 6337 4351 6336 4287 7010 4353 6337 4351 6336 4287 6333 4352 7010 4353 6333 4352 6334 4288 7010 4353 6329 4225 6743 4289 7010 4353 6747 4419 6743 4289 6744 4290 6747 4419 6744 4290 7840 4354 1324 4355 1323 4146 1325 4420 1335 4356 1336 4421 1323 4146 1335 4356 1340 4293 1339 4422 1339 4422 1340 4293 1341 4357 1341 4357 1342 4231 1343 4423 1342 4231 1347 4358 1344 4424 1964 4425 1346 4294 1353 4359 1350 4426 1351 4360 1349 4232 1354 4361 1355 4427 1349 4232 1359 4233 1358 4428 1354 4361 1357 4362 1358 4428 1359 4233 1362 4234 1361 4429 1357 4362 1363 4363 1360 4430 1362 4234 1366 4431 1363 4363 1444 4296 1366 4431 1444 4296 1472 4364 1466 4303 1472 4364 1473 4297 1466 4303 1473 4297 1467 4298 7681 11 1523 4300 1437 4163 1523 4300 1521 4366 1438 4302 1521 4366 1555 4160 1522 4367 1521 4366 1522 4367 1438 4302 1376 4368 1472 4364 1466 4303 1376 4368 1375 4304 1377 4305 1376 4368 1377 4305 1371 4369 1372 4432 1371 4369 1959 4243 1958 4370 1372 4432 1959 4243 1957 4433 1958 4370 2449 4244 1960 4434 2449 4244 2452 4371 2583 4372 2452 4371 2584 4245 2563 4373 2583 4372 2564 4246 2543 4374 2563 4373 2544 4247 2523 4435 2543 4374 2524 4306 2504 4375 2524 4306 2505 4249 2487 4436 2504 4375 2488 4307 2414 3275 2418 4377 2419 4437 2418 0 2417 0 2419 0 2392 4438 2391 4438 2390 4438 2387 4309 2391 4439 2392 4379 2387 4309 2466 4380 2467 4440 2465 4256 2480 4381 2466 4380 2479 4257 2496 4382 2480 4381 2495 4311 2515 4441 2496 4382 2494 4312 2514 4442 2495 4311 7603 4313 7602 4383 7601 4443 7604 4258 7649 4384 7602 4383 7650 4259 7642 4385 7649 4384 7643 4314 7634 4315 7642 4385 7634 4315 7626 4316 7633 4444 7626 4316 7618 4317 7625 4445 7618 4317 7609 4318 7617 4446 7609 4318 7591 4386 7608 4447 7591 4386 7590 4260 7408 4448 7461 4387 7462 4449 7590 4260 7460 4450 7461 4387 7459 4319 7459 4319 7458 4388 7455 4389 7455 4389 7458 4388 7457 4320 7473 4390 7455 4389 7484 4263 7475 4451 7473 4390 7522 4321 7520 4322 7475 4451 7522 4321 7519 4391 7477 4452 7520 4322 7486 4265 7404 4392 7519 4391 7485 4323 7401 4453 7404 4392 7485 4323 7491 4393 7488 4454 7492 4324 7490 4455 7491 4393 7445 4325 7444 4456 7492 4324 7335 4394 7393 4457 7445 4325 7334 4458 7335 4394 7452 4266 7452 4266 7333 4395 7334 4458 7285 4396 7333 4395 7332 4326 7285 4396 7331 4205 7284 2891 7284 2891 7283 4327 7282 4397 7283 4327 7339 4328 7282 4397 7282 4397 7337 4329 7336 4398 7341 4399 7336 4398 7160 4270 6197 4330 6196 4331 7341 4399 7282 4397 6196 4331 6195 4400 6193 4271 6189 4459 6195 4400 6193 4271 6240 4401 6189 4459 6241 4332 6248 4402 6240 4401 6236 4403 6248 4402 6198 4272 6237 4460 6236 4403 6204 4333 6232 4404 6237 4460 6204 4333 6233 4405 6232 4404 6202 4274 6234 4406 6233 4405 6209 3216 6235 4407 6234 4406 6213 3215 6230 4334 6156 4408 6235 4407 6157 4461 6156 4408 6155 4335 3812 3357 3838 3427 3743 3206 6556 4336 6571 4462 6554 4409 6557 4337 6572 4463 6556 4336 6558 4338 6573 4464 6557 4337 6562 4465 6558 4338 6249 4339 6250 4410 6563 4466 6249 4339 6254 4411 6250 4410 6253 4340 6250 4410 6254 4411 6559 4341 6564 4467 6559 4341 6408 4342 6408 4342 6409 4343 6413 4468 6409 4343 6513 4412 6411 4469 6513 4412 6514 4281 6369 4413 6371 4282 6370 4470 6369 4413 6370 4470 6371 4282 6430 4414 6527 4344 6465 4471 6430 4414 6467 4415 6465 4471 6527 4344 6469 4416 6467 4415 6525 4283 6471 4345 6470 4472 6469 4416 6473 4346 6472 4473 6471 4345 6475 4347 6474 4474 6473 4346 6477 4348 6476 4475 6475 4347 6479 4417 6478 4476 6477 4348 6481 4477 6479 4417 6500 4349 6500 4349 6308 4350 6306 4478 6308 4350 6307 4418 6306 4478 6338 4479 6307 4418 6337 4351 6337 4351 7010 4353 6588 4480 6743 4289 6748 4481 7010 4353 6748 4481 6743 4289 6747 4419 6749 4482 6747 4419 7840 4354 1324 4355 1325 4420 1326 4483 1323 4146 1337 4484 1325 4420 1323 4146 1336 4421 1337 4484 1343 4423 1342 4231 1344 4424 1353 4359 7718 4485 1964 4425 1349 4232 1356 4486 1350 4426 1349 4232 1355 4427 1356 4486 1961 4487 1355 4427 1354 4361 1961 4487 1354 4361 1358 4428 1961 4487 1358 4428 1357 4362 1962 4488 1357 4362 1361 4429 1360 4430 1361 4429 1362 4234 1368 4489 1363 4363 1366 4431 1376 4368 1366 4431 1472 4364 1371 4369 1366 4431 1376 4368 1371 4369 1372 4432 1366 4431 1958 4370 1373 4490 1372 4432 1957 4433 1373 4490 1958 4370 1957 4433 2449 4244 1960 4434 1960 4434 2452 4371 1963 4491 2583 4372 2453 4492 2452 4371 2563 4373 2582 4493 2583 4372 2543 4374 2562 4494 2563 4373 2523 4435 2542 4495 2543 4374 2504 4375 2523 4435 2524 4306 2487 4436 2503 4496 2504 4375 6552 4497 6575 2655 6540 3495 2414 3275 2419 4437 2415 2800 2390 4498 2389 4499 2393 4500 2389 4499 2390 4498 2391 4439 2389 4499 2391 4439 2387 4309 2387 4309 2467 4440 2389 4499 2466 4380 2481 4501 2467 4440 2466 4380 2480 4381 2481 4501 2480 4381 2496 4382 2497 4502 2496 4382 2515 4441 2516 4503 2495 4311 2514 4442 2515 4441 7602 4383 7600 4504 7601 4443 7649 4384 7648 4505 7602 4383 7642 4385 7641 4506 7649 4384 7634 4315 7633 4444 7642 4385 7626 4316 7625 4445 7633 4444 7618 4317 7617 4446 7625 4445 7609 4318 7608 4447 7617 4446 7591 4386 7575 4507 7608 4447 7408 4448 7464 4508 7591 4386 7408 4448 7590 4260 7407 4509 7462 4449 7463 4510 7590 4260 7462 4449 7461 4387 7460 4450 7460 4450 7459 4319 7455 4389 7460 4450 7455 4389 7473 4390 7475 4451 7474 4511 7473 4390 7477 4452 7475 4451 7520 4322 7479 4512 7477 4452 7519 4391 7519 4391 7404 4392 7405 4513 7404 4392 7401 4453 7402 4514 7485 4323 7488 4454 7401 4453 7491 4393 7489 4515 7488 4454 7491 4393 7490 4455 7489 4515 7492 4324 7444 4456 7490 4455 7445 4325 7328 4516 7444 4456 7445 4325 7393 4457 7328 4516 7335 4394 7286 4517 7393 4457 7335 4394 7334 4458 7286 4517 7334 4458 7333 4395 7285 4396 7349 4518 7285 4396 7284 2891 6179 4519 7344 3129 7343 4520 7341 4399 7282 4397 7336 4398 6196 4331 7282 4397 7341 4399 6195 4400 6189 4459 6190 4521 6240 4401 6239 4522 6189 4459 6248 4402 6247 4523 6240 4401 6247 4523 6248 4402 6236 4403 6237 4460 6247 4523 6236 4403 6232 4404 6165 4524 6237 4460 6233 4405 6164 4525 6232 4404 6234 4406 6161 4526 6233 4405 6235 4407 6159 4527 6234 4406 6156 4408 6159 4527 6235 4407 6158 4528 6156 4408 6157 4461 6554 4409 6570 2654 6555 2656 6571 4462 6570 2654 6554 4409 6572 4463 6571 4462 6556 4336 6573 4464 6572 4463 6557 4337 6574 4529 6573 4464 6558 4338 6562 4465 6574 4529 6558 4338 6563 4466 6562 4465 6249 4339 6564 4467 6563 4466 6250 4410 6559 4341 6564 4467 6250 4410 6413 4468 6564 4467 6408 4342 6413 4468 6409 4343 6412 4530 6409 4343 6411 4469 6412 4530 6411 4469 6513 4412 6415 4531 6415 4531 6513 4412 6369 4413 6414 4532 6369 4413 6370 4470 6428 4533 6370 4470 6430 4414 6465 4471 6442 4534 6430 4414 6467 4415 6466 4535 6465 4471 6469 4416 6468 4536 6467 4415 6470 4472 6468 4536 6469 4416 6472 4473 6470 4472 6471 4345 6474 4474 6472 4473 6473 4346 6476 4475 6474 4474 6475 4347 6478 4476 6476 4475 6477 4348 6480 4537 6478 4476 6479 4417 6481 4477 6480 4537 6479 4417 6349 4538 6481 4477 6500 4349 6306 4478 6346 4539 6500 4349 6307 4418 6346 4539 6306 4478 6338 4479 6356 4540 6307 4418 6588 4480 6338 4479 6337 4351 7010 4353 7056 4541 6588 4480 7010 4353 6748 4481 7056 4541 6749 4482 6748 4481 6747 4419 7840 4354 6754 4542 6749 4482 1325 4420 1329 4543 1326 4483 1325 4420 1337 4484 1338 4544 1964 4425 7718 4485 7719 4545 1964 4425 1350 4426 1356 4486 1965 4546 1356 4486 1355 4427 1965 4546 1355 4427 1961 4487 1961 4487 1357 4362 1962 4488 1361 4429 1360 4430 1962 4488 1368 4489 1369 4547 1363 4363 1366 4431 1367 4548 1368 4489 1366 4431 1372 4432 1373 4490 1957 4433 1367 4548 1373 4490 1368 4489 1957 4433 1960 4434 1963 4491 7717 4549 1960 4434 1963 4491 2452 4371 2453 4492 2582 4493 2453 4492 2583 4372 2562 4494 2582 4493 2563 4373 2542 4495 2562 4494 2543 4374 2522 4550 2542 4495 2523 4435 2503 4496 2523 4435 2504 4375 2486 4551 2503 4496 2487 4436 2413 2799 2414 3275 2415 2800 2393 4500 2394 4552 2395 4553 2393 4500 2389 4499 2394 4552 2389 4499 2467 4440 2468 4554 2467 4440 2481 4501 2482 4555 2480 4381 2497 4502 2481 4501 2496 4382 2516 4503 2497 4502 2515 4441 2535 4556 2516 4503 2514 4442 2534 4557 2515 4441 7601 4443 7600 4504 7599 4558 7602 4383 7648 4505 7600 4504 7649 4384 7641 4506 7648 4505 7642 4385 7633 4444 7641 4506 7633 4444 7625 4445 7632 4559 7625 4445 7617 4446 7624 4560 7617 4446 7608 4447 7616 4561 7608 4447 7575 4507 7574 4562 7575 4507 7591 4386 7470 4563 7464 4508 7467 4564 7591 4386 7408 4448 7465 4565 7464 4508 7408 4448 7407 4509 7406 4566 7590 4260 7463 4510 7407 4509 7463 4510 7462 4449 7406 4566 7406 4566 7462 4449 7460 4450 7474 4511 7460 4450 7473 4390 7476 4567 7474 4511 7475 4451 7477 4452 7476 4567 7475 4451 7479 4512 7478 4568 7477 4452 7405 4513 7479 4512 7519 4391 7402 4514 7405 4513 7404 4392 7403 4569 7402 4514 7401 4453 7488 4454 7487 4570 7401 4453 7488 4454 7489 4515 7487 4570 7490 4455 7327 4571 7489 4515 7444 4456 7330 4572 7490 4455 7328 4516 7329 4573 7444 4456 7393 4457 7286 4517 7328 4516 7286 4517 7334 4458 7285 4396 7287 4574 7285 4396 7349 4518 7284 2891 7353 2890 7349 4518 6190 4521 7342 4575 6195 4400 6190 4521 6189 4459 6188 4576 6189 4459 6239 4522 6187 4577 6240 4401 6247 4523 6239 4522 6246 4578 6247 4523 6237 4460 6165 4524 6169 4579 6237 4460 6164 4525 6165 4524 6232 4404 6161 4526 6164 4525 6233 4405 6159 4527 6161 4526 6234 4406 6159 4527 6156 4408 6158 4528 6158 4528 6157 4461 6553 4580 7389 4581 7127 4582 7307 4583 6570 2654 6571 4462 6579 4584 6571 4462 6572 4463 6578 4585 6572 4463 6573 4464 6577 4586 6573 4464 6574 4529 6535 4587 6567 4588 6574 4529 6562 4465 6563 4466 6561 4589 6562 4465 6563 4466 6564 4467 6412 4530 6412 4530 6564 4467 6413 4468 6412 4530 6411 4469 6410 4590 6417 4591 6411 4469 6415 4531 6415 4531 6369 4413 6414 4532 6370 4470 6421 4592 6414 4532 6421 4592 6370 4470 6428 4533 6430 4414 6429 4593 6428 4533 6430 4414 6442 4534 6429 4593 6465 4471 6450 4594 6442 4534 6466 4535 6450 4594 6465 4471 6468 4536 6466 4535 6467 4415 6470 4472 6485 4595 6468 4536 6472 4473 6486 4596 6470 4472 6474 4474 6487 4597 6472 4473 6476 4475 6488 4598 6474 4474 6478 4476 6489 4599 6476 4475 6480 4537 6490 4600 6478 4476 6362 4601 6480 4537 6481 4477 6350 4602 6481 4477 6349 4538 6500 4349 6347 4603 6349 4538 6346 4539 6347 4603 6500 4349 6347 4603 6346 4539 6307 4418 6356 4540 6355 4604 6307 4418 6588 4480 6356 4540 6338 4479 6588 4480 7056 4541 7018 4605 6748 4481 6752 4606 7056 4541 6749 4482 6754 4542 6748 4481 7840 4354 6753 4607 6754 4542 1325 4420 1328 4608 1329 4543 1325 4420 1338 4544 1327 4609 1964 4425 7719 4545 1350 4426 1964 4425 1356 4486 1965 4546 1961 4487 2455 4610 1965 4546 1962 4488 2454 4611 1961 4487 1962 4488 1360 4430 7716 4612 1363 4363 1369 4547 1370 4613 1368 4489 1960 4434 1369 4547 1367 4548 1957 4433 1368 4489 1366 4431 1373 4490 1367 4548 1960 4434 7717 4549 1370 4613 1963 4491 7716 4612 7717 4549 1963 4491 2453 4492 1962 4488 2582 4493 2454 4611 2453 4492 2562 4494 2581 4614 2582 4493 2542 4495 2561 4615 2562 4494 2522 4550 2541 4616 2542 4495 2503 4496 2522 4550 2523 4435 2486 4551 2502 4617 2503 4496 2472 4618 2486 4551 2487 4436 2406 3276 2408 4619 2409 4620 2406 3276 2407 4621 2408 4619 2395 4553 2394 4552 2396 4622 2389 4499 2468 4554 2394 4552 2467 4440 2482 4555 2468 4554 2481 4501 2498 4623 2482 4555 2481 4501 2497 4502 2498 4623 2497 4502 2516 4503 2517 4624 2516 4503 2535 4556 2536 4625 2515 4441 2534 4557 2535 4556 7600 4504 7598 4626 7599 4558 7648 4505 7647 4627 7600 4504 7641 4506 7640 4628 7648 4505 7633 4444 7632 4559 7641 4506 7625 4445 7624 4560 7632 4559 7617 4446 7616 4561 7624 4560 7608 4447 7574 4562 7616 4561 7575 4507 7113 4629 7574 4562 7471 4630 7575 4507 7470 4563 7470 4563 7591 4386 7468 4631 7591 4386 7467 4564 7468 4631 7465 4565 7467 4564 7464 4508 7466 4632 7465 4565 7408 4448 7406 4566 7466 4632 7408 4448 7407 4509 7463 4510 7406 4566 7406 4566 7460 4450 7474 4511 7476 4567 7406 4566 7474 4511 7478 4568 7476 4567 7477 4452 7480 4633 7478 4568 7479 4512 7481 4634 7479 4512 7405 4513 7402 4514 7481 4634 7405 4513 7403 4569 7482 4635 7402 4514 7401 4453 7487 4570 7403 4569 7489 4515 7324 4636 7487 4570 7327 4571 7323 4637 7489 4515 7326 4638 7327 4571 7490 4455 7490 4455 7330 4572 7325 4639 7444 4456 7329 4573 7330 4572 7329 4573 7328 4516 7320 4640 7286 4517 7287 4574 7328 4516 7287 4574 7286 4517 7285 4396 7350 4641 7287 4574 7349 4518 7353 2890 7351 4642 7349 4518 3023 1935 2982 1934 3022 1877 6189 4459 6187 4577 6188 4576 6239 4522 6238 4643 6187 4577 6247 4523 6246 4578 6239 4522 6173 4644 6246 4578 6237 4460 6237 4460 6169 4579 6173 4644 6165 4524 6170 4645 6169 4579 6165 4524 6164 4525 6163 4646 6164 4525 6161 4526 6163 4646 6161 4526 6159 4527 6160 4647 6160 4647 6159 4527 6158 4528 6158 4528 6553 4580 6160 4647 6553 4580 6555 2656 6575 2655 6579 4584 6571 4462 6578 4585 6578 4585 6572 4463 6577 4586 6577 4586 6573 4464 6535 4587 6535 4587 6574 4529 6534 4648 6574 4529 6567 4588 6534 4648 6560 4649 6567 4588 6562 4465 6562 4465 6561 4589 6560 4649 6561 4589 6563 4466 6410 4590 6410 4590 6563 4466 6412 4530 6410 4590 6411 4469 6417 4591 6417 4591 6415 4531 6416 4650 6416 4650 6415 4531 6414 4532 6421 4592 6420 4651 6414 4532 6426 4652 6421 4592 6428 4533 6429 4593 6427 4653 6428 4533 6442 4534 6440 4654 6429 4593 6450 4594 6448 4655 6442 4534 6466 4535 6483 4656 6450 4594 6468 4536 6484 4657 6466 4535 6485 4595 6484 4657 6468 4536 6486 4596 6485 4595 6470 4472 6487 4597 6486 4596 6472 4473 6488 4598 6487 4597 6474 4474 6489 4599 6488 4598 6476 4475 6490 4600 6489 4599 6478 4476 6361 4658 6490 4600 6480 4537 6362 4601 6361 4658 6480 4537 6481 4477 6316 4659 6362 4601 6350 4602 6318 4660 6481 4477 6350 4602 6349 4538 6319 4661 6349 4538 6347 4603 6348 4662 6348 4662 6347 4603 6307 4418 6307 4418 6355 4604 6348 4662 6355 4604 6356 4540 6588 4480 7018 4605 7017 4663 6588 4480 7056 4541 7055 4664 7018 4605 7056 4541 6752 4606 7055 4664 6748 4481 6753 4607 6752 4606 6754 4542 6753 4607 6748 4481 6751 4665 6753 4607 7840 4354 1327 4609 1328 4608 1325 4420 2455 4610 1964 4425 1965 4546 1961 4487 2454 4611 2455 4610 1962 4488 2453 4492 2454 4611 1962 4488 7716 4612 1963 4491 1363 4363 1370 4613 1364 4666 1960 4434 1370 4613 1369 4547 2581 4614 2454 4611 2582 4493 2561 4615 2581 4614 2562 4494 2541 4616 2561 4615 2542 4495 2521 4667 2541 4616 2522 4550 2502 4617 2522 4550 2503 4496 2485 4668 2502 4617 2486 4551 2471 4669 2486 4551 2472 4618 2408 4619 2410 4670 2409 4620 2396 4622 2397 4671 2398 4672 2396 4622 2394 4552 2397 4671 2394 4552 2468 4554 2469 4673 2468 4554 2482 4555 2483 4674 2482 4555 2498 4623 2499 4675 2497 4502 2517 4624 2498 4623 2516 4503 2536 4625 2517 4624 2535 4556 2555 4676 2536 4625 2534 4557 2554 4677 2535 4556 7599 4558 7598 4626 7597 4678 7600 4504 7647 4627 7598 4626 7648 4505 7640 4628 7647 4627 7641 4506 7632 4559 7640 4628 7632 4559 7624 4560 7631 4679 7624 4560 7616 4561 7623 4680 7616 4561 7574 4562 7615 4681 7574 4562 7113 4629 7123 4682 7575 4507 7112 4683 7113 4629 7112 4683 7575 4507 7471 4630 7471 4630 7470 4563 7312 4684 7470 4563 7468 4631 7469 4685 7468 4631 7467 4564 7465 4565 7465 4565 7466 4632 7478 4568 7466 4632 7406 4566 7476 4567 7478 4568 7466 4632 7476 4567 7480 4633 7465 4565 7478 4568 7481 4634 7480 4633 7479 4512 7482 4635 7481 4634 7402 4514 7319 4686 7482 4635 7403 4569 7487 4570 7316 4687 7403 4569 7487 4570 7324 4636 7316 4687 7489 4515 7323 4637 7324 4636 7323 4637 7327 4571 7321 4688 7327 4571 7326 4638 7321 4688 7325 4639 7326 4638 7490 4455 7325 4639 7330 4572 7321 4688 7330 4572 7329 4573 7321 4688 7321 4688 7329 4573 7320 4640 7328 4516 7287 4574 7320 4640 7287 4574 7350 4641 7320 4640 7349 4518 7351 4642 7350 4641 7353 2890 7352 2291 7351 4642 6188 4576 6187 4577 6186 4689 6187 4577 6238 4643 6185 4690 6239 4522 6246 4578 6238 4643 6245 4691 6246 4578 6173 4644 6169 4579 6167 2811 6173 4644 6170 4645 6168 4692 6169 4579 7145 4693 7149 4694 7571 4695 6166 4696 6165 4524 6163 4646 6163 4646 6161 4526 6162 4697 6162 4697 6161 4526 6160 4647 2275 3126 2709 3421 2714 3352 6579 4584 6539 3494 6575 2655 6578 4585 6531 4698 6579 4584 6577 4586 6538 4699 6578 4585 6535 4587 6576 4700 6577 4586 6534 4648 5860 4701 6535 4587 6534 4648 6567 4588 6533 4702 6569 4703 6567 4588 6560 4649 6560 4649 6561 4589 6528 4704 6528 4704 6561 4589 6410 4590 6366 4705 6410 4590 6417 4591 6366 4705 6417 4591 6416 4650 6414 4532 6420 4651 6416 4650 6420 4651 6421 4592 6426 4652 6428 4533 6427 4653 6426 4652 6429 4593 6433 4706 6427 4653 6429 4593 6440 4654 6433 4706 6442 4534 6441 4707 6440 4654 6442 4534 6448 4655 6441 4707 6450 4594 6449 4708 6448 4655 6483 4656 6482 4709 6450 4594 6484 4657 6483 4656 6466 4535 6485 4595 6384 4710 6484 4657 6486 4596 6383 4711 6485 4595 6487 4597 6382 4712 6486 4596 6488 4598 6381 4713 6487 4597 6489 4599 6380 4714 6488 4598 6490 4600 6379 4715 6489 4599 6361 4658 6377 4716 6490 4600 6360 4717 6361 4658 6362 4601 6316 4659 6314 4718 6362 4601 6318 4660 6316 4659 6481 4477 6318 4660 6350 4602 6319 4661 6319 4661 6349 4538 6348 4662 6355 4604 6354 4719 6348 4662 7017 4663 6355 4604 6588 4480 7019 4720 7017 4663 7018 4605 7018 4605 7055 4664 7020 4721 6752 4606 6755 4722 7055 4664 6753 4607 6751 4665 6752 4606 7841 4723 6751 4665 7840 4354 1327 4609 1330 4724 1328 4608 2455 4610 1970 4725 1964 4425 2581 4614 2455 4610 2454 4611 1363 4363 1364 4666 1365 4726 2561 4615 2580 4727 2581 4614 2541 4616 2560 4728 2561 4615 2521 4667 2540 4729 2541 4616 2502 4617 2521 4667 2522 4550 2485 4668 2501 4730 2502 4617 2471 4669 2485 4668 2486 4551 5830 2796 5877 2812 5879 2220 6551 4731 6542 4732 6550 4733 2409 4620 2410 4670 2411 4734 2410 0 2408 0 2411 0 2402 4735 2400 4735 2398 4735 2397 4671 2402 4736 2398 4672 2394 4552 2469 4673 2397 4671 2468 4554 2483 4674 2469 4673 2482 4555 2499 4675 2483 4674 2498 4623 2518 4737 2499 4675 2498 4623 2517 4624 2518 4737 2517 4624 2536 4625 2537 4738 2536 4625 2555 4676 2556 4739 2535 4556 2554 4677 2555 4676 7598 4626 7596 4740 7597 4678 7647 4627 7646 4741 7598 4626 7640 4628 7639 4742 7647 4627 7632 4559 7631 4679 7640 4628 7624 4560 7623 4680 7631 4679 7616 4561 7615 4681 7623 4680 7574 4562 7118 4743 7615 4681 7574 4562 7123 4682 7118 4743 7113 4629 7124 4744 7123 4682 7114 4745 7113 4629 7112 4683 7117 4746 7112 4683 7471 4630 7117 4746 7471 4630 7312 4684 7312 4684 7470 4563 7469 4685 7469 4685 7468 4631 7465 4565 7469 4685 7465 4565 7480 4633 7472 4747 7480 4633 7481 4634 7482 4635 7472 4747 7481 4634 7319 4686 7392 4748 7482 4635 7317 4749 7319 4686 7403 4569 7403 4569 7316 4687 7317 4749 7322 4750 7316 4687 7324 4636 7324 4636 7323 4637 7322 4750 7323 4637 7321 4688 7322 4750 7321 4688 7326 4638 7325 4639 7322 4750 7321 4688 7320 4640 7320 4640 7350 4641 7322 4750 7351 4642 7358 4751 7350 4641 6187 4577 6185 4690 6186 4689 6238 4643 6245 4691 6185 4690 6246 4578 6245 4691 6238 4643 6242 4752 6245 4691 6173 4644 6173 4644 6167 2811 6172 2810 6169 4579 6168 4692 6167 2811 6168 4692 6170 4645 6547 4753 6550 4733 6163 4646 6551 4731 2292 2892 2991 4754 2989 2897 2984 2103 2983 2046 3019 1985 6531 4698 6539 3494 6579 4584 6538 4699 6531 4698 6578 4585 6576 4700 6538 4699 6577 4586 6536 4755 6576 4700 6535 4587 5860 4701 6536 4755 6535 4587 5859 4756 5860 4701 6534 4648 6403 4757 6534 4648 6533 4702 6567 4588 6565 4758 6533 4702 6569 4703 6568 4759 6567 4588 6569 4703 6560 4649 6372 4760 6372 4760 6560 4649 6528 4704 6528 4704 6410 4590 6366 4705 6416 4650 6419 4761 6366 4705 6420 4651 6419 4761 6416 4650 6424 4762 6420 4651 6426 4652 6427 4653 6425 4763 6426 4652 6433 4706 6432 4764 6427 4653 6440 4654 6438 4765 6433 4706 6441 4707 6439 4766 6440 4654 6448 4655 6446 4767 6441 4707 6449 4708 6447 4768 6448 4655 6450 4594 6482 4709 6449 4708 6483 4656 6386 4769 6482 4709 6484 4657 6385 4770 6483 4656 6384 4710 6385 4770 6484 4657 6383 4711 6384 4710 6485 4595 6382 4712 6383 4711 6486 4596 6381 4713 6382 4712 6487 4597 6380 4714 6381 4713 6488 4598 6379 4715 6380 4714 6489 4599 6377 4716 6379 4715 6490 4600 6378 4771 6377 4716 6361 4658 6361 4658 6360 4717 6359 4772 6321 4773 6360 4717 6362 4601 6362 4601 6314 4718 6320 4774 6316 4659 6315 4775 6314 4718 6318 4660 6317 4776 6316 4659 6319 4661 6317 4776 6318 4660 6348 4662 6354 4719 6319 4661 6354 4719 6355 4604 7017 4663 7017 4663 7019 4720 6586 4777 7020 4721 7019 4720 7018 4605 7055 4664 7054 4778 7020 4721 7055 4664 6755 4722 7054 4778 6752 4606 6757 4779 6755 4722 6752 4606 6751 4665 6750 4780 6750 4780 6751 4665 7841 4723 1328 4608 1330 4724 1331 4781 1970 4725 7727 4782 1964 4425 2458 4783 1970 4725 2455 4610 2580 4727 2455 4610 2581 4614 1365 4726 7672 4784 1363 4363 2560 4728 2580 4727 2561 4615 2540 4729 2560 4728 2541 4616 2520 4785 2540 4729 2521 4667 2501 4730 2521 4667 2502 4617 2484 4786 2501 4730 2485 4668 2470 4787 2485 4668 2471 4669 2400 4788 2399 4789 2403 4790 2401 4791 2400 4791 2402 4791 2397 4671 2469 4673 2470 4787 2469 4673 2483 4674 2484 4786 2483 4674 2499 4675 2500 4792 2499 4675 2518 4737 2519 4793 2517 4624 2537 4738 2518 4737 2536 4625 2556 4739 2537 4738 2555 4676 2575 4794 2556 4739 2554 4677 2574 4795 2555 4676 7597 4678 7596 4740 7595 4796 7598 4626 7646 4741 7596 4740 7647 4627 7639 4742 7646 4741 7640 4628 7631 4679 7639 4742 7631 4679 7623 4680 7630 4797 7623 4680 7615 4681 7573 4798 7615 4681 7118 4743 7133 4799 7123 4682 7122 4800 7118 4743 7124 4744 7122 4800 7123 4682 7125 4801 7124 4744 7113 4629 7114 4745 7125 4801 7113 4629 7112 4683 7115 4802 7114 4745 7117 4746 7116 4803 7112 4683 7117 4746 7312 4684 7116 4803 7312 4684 7469 4685 7472 4747 7472 4747 7469 4685 7480 4633 7392 4748 7472 4747 7482 4635 7319 4686 7318 4804 7392 4748 7319 4686 7317 4749 7318 4804 7318 4804 7317 4749 7316 4687 7318 4804 7316 4687 7322 4750 7350 4641 7358 4751 7322 4750 5835 2888 5850 4805 5849 4806 5886 4807 5885 4808 5881 4809 6183 4810 7343 4520 6186 4689 6186 4689 6185 4690 6183 4810 6245 4691 6181 4811 6185 4690 6181 4811 6245 4691 6242 4752 6171 4812 6242 4752 6173 4644 6173 4644 6172 2810 6171 4812 6170 4645 6548 4813 6547 4753 6549 4814 6548 4813 6170 4645 6541 4815 6552 4497 6540 3495 6530 4816 5845 4817 6540 3495 6539 3494 5856 2571 6530 4816 6531 4698 5856 2571 6539 3494 6538 4699 5852 2569 6531 4698 6538 4699 6576 4700 6537 4818 6537 4818 6576 4700 6536 4755 5862 4819 6536 4755 5860 4701 5861 4820 5860 4701 5859 4756 5865 4821 5859 4756 6534 4648 7839 4822 6534 4648 6403 4757 6403 4757 6533 4702 6402 4823 6533 4702 6565 4758 6532 4824 6567 4588 6566 4825 6565 4758 6568 4759 6566 4825 6567 4588 6568 4759 6569 4703 6367 4826 6367 4826 6569 4703 6372 4760 6372 4760 6528 4704 6366 4705 6419 4761 6418 4827 6366 4705 6419 4761 6420 4651 6424 4762 6426 4652 6425 4763 6424 4762 6427 4653 6432 4764 6425 4763 6433 4706 6438 4765 6432 4764 6440 4654 6439 4766 6438 4765 6441 4707 6446 4767 6439 4766 6448 4655 6447 4768 6446 4767 6449 4708 6453 4828 6447 4768 6482 4709 6460 4829 6449 4708 6386 4769 6387 4830 6482 4709 6385 4770 6386 4769 6483 4656 6384 4710 5668 4831 6385 4770 6383 4711 5672 4832 6384 4710 6383 4711 6382 4712 5674 4833 6381 4713 5680 4834 6382 4712 6381 4713 6380 4714 5683 4835 6379 4715 5687 4836 6380 4714 6377 4716 4270 4837 6379 4715 6377 4716 6378 4771 5696 4838 6359 4772 6378 4771 6361 4658 6359 4772 6360 4717 6342 4839 6323 4840 6360 4717 6321 4773 6362 4601 6320 4774 6321 4773 6314 4718 6315 4775 6320 4774 6317 4776 6315 4775 6316 4659 6319 4661 6353 4841 6317 4776 6354 4719 6353 4841 6319 4661 6353 4841 6354 4719 7017 4663 6352 4842 7017 4663 6586 4777 6586 4777 7019 4720 7091 4843 7021 4844 7019 4720 7020 4721 7020 4721 7054 4778 7022 4845 6755 4722 6759 4846 7054 4778 6757 4779 6756 4847 6755 4722 6758 4848 6757 4779 6752 4606 6750 4780 6758 4848 6752 4606 6758 4848 6750 4780 7841 4723 1328 4608 1331 4781 1332 4849 1964 4425 7727 4782 7728 4850 1970 4725 7726 4851 7727 4782 2458 4783 1969 4852 1970 4725 2580 4727 2458 4783 2455 4610 2560 4728 2579 4853 2580 4727 2540 4729 2559 4854 2560 4728 2520 4785 2539 4855 2540 4729 2501 4730 2520 4785 2521 4667 2484 4786 2500 4792 2501 4730 2470 4787 2484 4786 2485 4668 2403 4790 2399 4789 2404 4856 2404 4856 2412 4857 2405 4858 2403 4790 2404 4856 2405 4858 2399 4789 2400 4788 2401 4859 2469 4673 2484 4786 2470 4787 2483 4674 2500 4792 2484 4786 2499 4675 2519 4793 2500 4792 2518 4737 2538 4860 2519 4793 2518 4737 2537 4738 2538 4860 2537 4738 2556 4739 2557 4861 2556 4739 2575 4794 2576 4862 2555 4676 2574 4795 2575 4794 7596 4740 7594 4863 7595 4796 5883 2288 5830 2796 5879 2220 7631 4679 7630 4797 7639 4742 7615 4681 7133 4799 7573 4798 7133 4799 7118 4743 7132 4864 7122 4800 7121 4865 7118 4743 7122 4800 7124 4744 7310 4866 7124 4744 7125 4801 7311 4867 7311 4867 7125 4801 7114 4745 7115 4802 7311 4867 7114 4745 7116 4803 7115 4802 7112 4683 7312 4684 7313 4868 7116 4803 7314 4869 7312 4684 7472 4747 7315 4870 7472 4747 7392 4748 7392 4748 7318 4804 7315 4870 7377 1983 7318 4804 7322 4750 7322 4750 7358 4751 7377 1983 7361 4871 7362 4872 7363 2726 7343 4520 6183 4810 6184 4873 6185 4690 6184 4873 6183 4810 6185 4690 6181 4811 6179 4519 6243 4874 6181 4811 6242 4752 6243 4874 6242 4752 6171 4812 6174 4875 6171 4812 6172 2810 6545 2809 6546 4876 6172 2810 2992 2732 2973 2650 2988 2730 3823 3425 3749 2652 3748 3659 6551 4731 6552 4497 6541 4815 6541 4815 6540 3495 5847 4877 6540 3495 5845 4817 5846 4878 6530 4816 5858 4879 5845 4817 5856 2571 5857 2570 6530 4816 6531 4698 5852 2569 5856 2571 5852 2569 6538 4699 5854 4880 5854 4880 6538 4699 6537 4818 6537 4818 6536 4755 5863 4881 5863 4881 6536 4755 5862 4819 5862 4819 5860 4701 5861 4820 5859 4756 5865 4821 5861 4820 6403 4757 6402 4823 5563 4882 6402 4823 6533 4702 6532 4824 6532 4824 6565 4758 6401 4883 6565 4758 6566 4825 6401 4883 6566 4825 6568 4759 6368 4884 6368 4884 6568 4759 6367 4826 6372 4760 6366 4705 6367 4826 6366 4705 6418 4827 6368 4884 6418 4827 6419 4761 6422 4885 6422 4885 6419 4761 6424 4762 6425 4763 6423 4886 6424 4762 6432 4764 6431 4887 6425 4763 6438 4765 6436 4888 6432 4764 6439 4766 6437 4889 6438 4765 6446 4767 6444 4890 6439 4766 6447 4768 6445 4891 6446 4767 6453 4828 6452 4892 6447 4768 6449 4708 6460 4829 6453 4828 6482 4709 6387 4830 6460 4829 6386 4769 5664 4893 6387 4830 6386 4769 6385 4770 5661 4894 5668 4831 5669 4895 6385 4770 5666 4896 5668 4831 6384 4710 5672 4832 5670 4897 6384 4710 5677 4898 5672 4832 6383 4711 5676 4899 6383 4711 5674 4833 5674 4833 6382 4712 5673 4900 5680 4834 5678 4901 6382 4712 5685 4902 5680 4834 6381 4713 5684 4903 6381 4713 5683 4835 5683 4835 6380 4714 5682 4904 5687 4836 5686 4905 6380 4714 5623 4906 5687 4836 6379 4715 4270 4837 4272 4907 6379 4715 7764 4908 4270 4837 6377 4716 4289 4909 6377 4716 5696 4838 5696 4838 6378 4771 5695 4910 6404 4911 6378 4771 6359 4772 6343 4912 6359 4772 6342 4839 6342 4839 6360 4717 6323 4840 6323 4840 6321 4773 6322 4913 6322 4913 6321 4773 6320 4774 6320 4774 6315 4775 6322 4913 6317 4776 6352 4842 6315 4775 6353 4841 6352 4842 6317 4776 6353 4841 7017 4663 6352 4842 6352 4842 6586 4777 6351 4914 7091 4843 6587 4915 6586 4777 7019 4720 7021 4844 7091 4843 7022 4845 7021 4844 7020 4721 7054 4778 7053 4916 7022 4845 7054 4778 6759 4846 7053 4916 6755 4722 6760 4917 6759 4846 6756 4847 6761 4918 6755 4722 7841 4723 6756 4847 6757 4779 7841 4723 6757 4779 6758 4848 1332 4919 1331 4919 1333 4919 1969 4852 7726 4851 1970 4725 2457 4920 1969 4852 2458 4783 2579 4853 2458 4783 2580 4727 2559 4854 2579 4853 2560 4728 2539 4855 2559 4854 2540 4729 2519 4793 2539 4855 2520 4785 2500 4792 2520 4785 2501 4730 2500 4792 2519 4793 2520 4785 2519 4793 2538 4860 2539 4855 2537 4738 2557 4861 2538 4860 2556 4739 2576 4862 2557 4861 2575 4794 2460 4921 2576 4862 2574 4795 2461 4922 2575 4794 7596 4740 7645 4923 7594 4863 7639 4742 7630 4797 7638 4924 7573 4798 7133 4799 7134 4925 7592 4926 7595 4796 7594 4863 7132 4864 7118 4743 7119 4927 7118 4743 7121 4865 7120 4928 7121 4865 7122 4800 7310 4866 7310 4866 7124 4744 7311 4867 7313 4868 7311 4867 7115 4802 7116 4803 7313 4868 7115 4802 7314 4869 7313 4868 7312 4684 7314 4869 7472 4747 7315 4870 7318 4804 7378 4929 7315 4870 7378 4929 7318 4804 7377 1983 7358 4751 7359 1984 7377 1983 5825 4930 5824 4931 6268 4932 6166 4696 6170 4645 6165 4524 6180 4933 7344 3129 6179 4519 6179 4519 7343 4520 6184 4873 6179 4519 6184 4873 6185 4690 6181 4811 6180 4933 6179 4519 6182 4934 6181 4811 6243 4874 6175 4935 6243 4874 6171 4812 6175 4935 6171 4812 6174 4875 6546 4876 6174 4875 6172 2810 6546 4876 6545 2809 5843 4936 6545 2809 6547 4753 6529 4937 5848 4938 6541 4815 5847 4877 5847 4877 6540 3495 5846 4878 5835 2888 5846 4878 5845 4817 5853 1819 5845 4817 5858 4879 6530 4816 5857 2570 5858 4879 2304 2042 2314 1980 2306 2098 5854 4880 5853 1819 5852 2569 5854 4880 6537 4818 5855 4939 5855 4939 6537 4818 5863 4881 5863 4881 5862 4819 5853 1819 5865 4821 5864 4940 5861 4820 5565 4941 6403 4757 5563 4882 5563 4882 6402 4823 6399 4942 6401 4883 6402 4823 6532 4824 6401 4883 6566 4825 6400 4943 6400 4943 6566 4825 6368 4884 6368 4884 6367 4826 6366 4705 6368 4884 6418 4827 6399 4942 6399 4942 6418 4827 6422 4885 6424 4762 6423 4886 6422 4885 6425 4763 6431 4887 6423 4886 6432 4764 6436 4888 6431 4887 6438 4765 6437 4889 6436 4888 6439 4766 6444 4890 6437 4889 6446 4767 6445 4891 6444 4890 6447 4768 6452 4892 6445 4891 6453 4828 6455 4944 6452 4892 6460 4829 6458 4945 6453 4828 6387 4830 6461 4946 6460 4829 5664 4893 5626 4947 6387 4830 5663 4948 5664 4893 6386 4769 5662 4949 6386 4769 5661 4894 5661 4894 6385 4770 5659 4950 6385 4770 5669 4895 5659 4950 5669 4895 5668 4831 5658 4951 5668 4831 5666 4896 5667 4952 5665 4953 5666 4896 6384 4710 6384 4710 5670 4897 5665 4953 5672 4832 5671 4954 5670 4897 5672 4832 5677 4898 5671 4954 5676 4899 5677 4898 6383 4711 5676 4899 5674 4833 5675 4955 5675 4955 5674 4833 5673 4900 6382 4712 5678 4901 5673 4900 5680 4834 5679 4956 5678 4901 5680 4834 5685 4902 5679 4956 5684 4903 5685 4902 6381 4713 5679 4956 5684 4903 5683 4835 5683 4835 5682 4904 5679 4956 6380 4714 5686 4905 5682 4904 5687 4836 4160 4957 5686 4905 5623 4906 4162 4958 5687 4836 5625 4959 5623 4906 6379 4715 6379 4715 4272 4907 4274 4960 4272 4907 4270 4837 4271 4961 4282 4962 7764 4908 6377 4716 4290 4963 6377 4716 4289 4909 5696 4838 4288 4964 4289 4909 5695 4910 4287 4965 5696 4838 6378 4771 5694 4966 5695 4910 6404 4911 5693 4967 6378 4771 6344 4968 6404 4911 6359 4772 6344 4968 6359 4772 6343 4912 6343 4912 6342 4839 6322 4913 6322 4913 6342 4839 6323 4840 6315 4775 6328 4969 6322 4913 6352 4842 6351 4914 6315 4775 6586 4777 6328 4969 6351 4914 6587 4915 6327 4970 6586 4777 7078 4971 6587 4915 7091 4843 7091 4843 7021 4844 7092 4972 7023 4973 7021 4844 7022 4845 7022 4845 7053 4916 7024 4974 6759 4846 6764 4975 7053 4916 6760 4917 6766 4976 6759 4846 6761 4918 6760 4917 6755 4722 6761 4918 6756 4847 7841 4723 1332 4977 1333 4977 1334 4977 1969 4852 7725 4978 7726 4851 2457 4920 1968 4979 1969 4852 2579 4853 2457 4920 2458 4783 2559 4854 2578 4980 2579 4853 2539 4855 2558 4981 2559 4854 2538 4860 2558 4981 2539 4855 2538 4860 2557 4861 2558 4981 2557 4861 2576 4862 2577 4982 2576 4862 2460 4921 2459 4983 2575 4794 2461 4922 2460 4921 7645 4923 7571 4695 7594 4863 7294 4984 7280 4985 7279 4986 7630 4797 7572 4987 7638 4924 7573 4798 7126 4988 7572 4987 7645 4923 7646 4741 7639 4742 7132 4864 7308 4989 7131 4990 7119 4927 7309 4991 7132 4864 7120 4928 7119 4927 7118 4743 7120 4928 7121 4865 7309 4991 7309 4991 7121 4865 7310 4866 7311 4867 7382 4992 7310 4866 7313 4868 7380 4993 7311 4867 7315 4870 7313 4868 7314 4869 7315 4870 7378 4929 7313 4868 7379 1982 7378 4929 7377 1983 7357 2290 7351 4642 7352 2291 3841 2653 3838 3427 3839 3585 6182 4934 6180 4933 6181 4811 6244 4994 6182 4934 6243 4874 6244 4994 6243 4874 6175 4935 6176 4995 6175 4935 6174 4875 6174 4875 6546 4876 6176 4995 5844 4996 6546 4876 5843 4936 6545 2809 6529 4937 5841 4997 6529 4937 6544 4998 5851 4999 6544 4998 6543 5000 5850 4805 6543 5000 6542 4732 5849 4806 6542 4732 6541 4815 5848 4938 2296 2231 2285 2096 2304 2042 5858 4879 5857 2570 5853 1819 2324 2498 2325 3063 2315 2041 5865 4821 7837 5001 5864 4940 5565 4941 5865 4821 6403 4757 5565 4941 5563 4882 5564 5002 5562 5003 5563 4882 6399 4942 6402 4823 6401 4883 6399 4942 6399 4942 6401 4883 6400 4943 6400 4943 6368 4884 6399 4942 6422 4885 6398 5004 6399 4942 6423 4886 6398 5004 6422 4885 6431 4887 6373 5005 6423 4886 6436 4888 6396 5006 6431 4887 6437 4889 6435 5007 6436 4888 6444 4890 6434 5008 6437 4889 6445 4891 6443 5009 6444 4890 6452 4892 6451 5010 6445 4891 6455 4944 6454 5011 6452 4892 6453 4828 6458 4945 6455 4944 6460 4829 6459 5012 6458 4945 6460 4829 6461 4946 6459 5012 6463 5013 6461 4946 6387 4830 5626 4947 5627 5014 6387 4830 5626 4947 5664 4893 5628 5015 5664 4893 5663 4948 5628 5015 5662 4949 5663 4948 6386 4769 5660 5016 5662 4949 5661 4894 5661 4894 5659 4950 5660 5016 5659 4950 5669 4895 5658 4951 5658 4951 5668 4831 5667 4952 5667 4952 5666 4896 5665 4953 5670 4897 5667 4952 5665 4953 5671 4954 5667 4952 5670 4897 5677 4898 5676 4899 5671 4954 5671 4954 5676 4899 5675 4955 5678 4901 5675 4955 5673 4900 5679 4956 5675 4955 5678 4901 5685 4902 5684 4903 5679 4956 5679 4956 5682 4904 5681 5017 5686 4905 4157 5018 5682 4904 4160 4957 4157 5018 5686 4905 4162 4958 4160 4957 5687 4836 4311 5019 4162 4958 5623 4906 5625 4959 5624 5020 5623 4906 6379 4715 4265 5021 5625 4959 6379 4715 4274 4960 4276 5022 4274 4960 4272 4907 4273 5023 4273 5023 4272 4907 4271 4961 4271 4961 4270 4837 4269 5024 6377 4716 4290 4963 4282 4962 4290 4963 4289 4909 4135 5025 4289 4909 4288 4964 4133 5026 4287 4965 4288 4964 5696 4838 4286 5027 4287 4965 5695 4910 5695 4910 5694 4966 4283 5028 5693 4967 5694 4966 6378 4771 5620 5029 5693 4967 6404 4911 6340 5030 6404 4911 6344 4968 6344 4968 6343 4912 6294 5031 6294 5031 6343 4912 6322 4913 6322 4913 6328 4969 6327 4970 6315 4775 6351 4914 6328 4969 6586 4777 6327 4970 6328 4969 6327 4970 6587 4915 6326 5032 7078 4971 6742 5033 6587 4915 7092 4972 7078 4971 7091 4843 7021 4844 7023 4973 7092 4972 7024 4974 7023 4973 7022 4845 7053 4916 7052 5034 7024 4974 7053 4916 6764 4975 7052 5034 6759 4846 6765 5035 6764 4975 6766 4976 6765 5035 6759 4846 6766 4976 6760 4917 7853 5036 6760 4917 6761 4918 7853 5036 7853 5036 6761 4918 7841 4723 1968 4979 7725 4978 1969 4852 2456 5037 1968 4979 2457 4920 2578 4980 2457 4920 2579 4853 2558 4981 2578 4980 2559 4854 2557 4861 2577 4982 2558 4981 2576 4862 2459 4983 2577 4982 1972 5038 2459 4983 2460 4921 1974 5039 2460 4921 2461 4922 7592 4926 7593 5040 7152 5041 5853 1819 5862 4819 5861 4820 7347 5042 7296 5043 7346 5044 7572 4987 7126 4988 7140 5045 2281 5046 2715 2875 2278 2794 7131 4990 7308 4989 7130 5047 7309 4991 7308 4989 7132 4864 7119 4927 7120 4928 7309 4991 7310 4866 7384 5048 7309 4991 7382 4992 7384 5048 7310 4866 7380 4993 7382 4992 7311 4867 7378 4929 7380 4993 7313 4868 7380 4993 7378 4929 7379 1982 5957 5049 5960 5050 6264 5051 6287 5052 7289 5053 7288 3127 6177 5054 6244 4994 6175 4935 6177 5054 6175 4935 6176 4995 6546 4876 6288 2881 6176 4995 5844 4996 6284 5055 6546 4876 5881 4809 5878 2161 5868 2573 5841 4997 6529 4937 5840 5056 5836 5057 6529 4937 5851 4999 5851 4999 6544 4998 5850 4805 5850 4805 6543 5000 5849 4806 5849 4806 6542 4732 5848 4938 7735 2292 7738 2094 2315 2041 5564 5002 5865 4821 5565 4941 5564 5002 5563 4882 5538 5058 5563 4882 5562 5003 5538 5058 6399 4942 5540 5059 5562 5003 6398 5004 5540 5059 6399 4942 6423 4886 6373 5005 6398 5004 6431 4887 6396 5006 6373 5005 6436 4888 6435 5007 6396 5006 6437 4889 6434 5008 6435 5007 6444 4890 6443 5009 6434 5008 6445 4891 6451 5010 6443 5009 6452 4892 6454 5011 6451 5010 6455 4944 6456 5060 6454 5011 6458 4945 6456 5060 6455 4944 6459 5012 6457 5061 6458 4945 6461 4946 6365 5062 6459 5012 6462 5063 6461 4946 6463 5013 6387 4830 5627 5014 6463 5013 5628 5015 5627 5014 5626 4947 5628 5015 5663 4948 5660 5016 5663 4948 5662 4949 5660 5016 5660 5016 5659 4950 5658 4951 5658 4951 5667 4952 5786 5064 5667 4952 5671 4954 5785 5065 5671 4954 5675 4955 5784 5066 5675 4955 5679 4956 5783 5067 5679 4956 5681 5017 5782 5068 5682 4904 4307 5069 5681 5017 4157 5018 4303 5070 5682 4904 4160 4957 4159 5071 4157 5018 4162 4958 4161 5072 4160 4957 4162 5073 4311 5073 4149 5073 5624 5020 4311 5019 5623 4906 5624 5020 5625 4959 4266 5074 4266 5074 5625 4959 4265 5021 4277 5075 4265 5021 6379 4715 4276 5022 4277 5075 6379 4715 4276 5022 4274 4960 4275 5076 4275 5076 4274 4960 4273 5023 4271 4961 4281 5077 4273 5023 4269 5024 4142 5078 4271 4961 4270 4837 4141 5079 4269 5024 4282 4962 4290 4963 4135 5025 4135 5025 4289 4909 4133 5026 4133 5026 4288 4964 4125 5080 4288 4964 4287 4965 4125 5080 4287 4965 4286 5027 4128 5081 4285 5082 4286 5027 5695 4910 4284 5083 5695 4910 4283 5028 4283 5028 5694 4966 4252 5084 5694 4966 5693 4967 4252 5084 4252 5084 5693 4967 5620 5029 6405 5085 5620 5029 6404 4911 6341 5086 6404 4911 6340 5030 6340 5030 6344 4968 6294 5031 6322 4913 6325 5087 6294 5031 6327 4970 6326 5032 6322 4913 6587 4915 6325 5087 6326 5032 6742 5033 6324 5088 6587 4915 6741 5089 6742 5033 7078 4971 7079 5090 7078 4971 7092 4972 7092 4972 7023 4973 7093 5091 7025 5092 7023 4973 7024 4974 7024 4974 7052 5034 7026 5093 6764 4975 6767 5094 7052 5034 6765 5035 6763 5095 6764 4975 7853 5036 6765 5035 6766 4976 1968 4979 7724 5096 7725 4978 2456 5037 1967 5097 1968 4979 2578 4980 2456 5037 2457 4920 2558 4981 2577 4982 2578 4980 2577 4982 2459 4983 2456 5037 1971 5098 2459 4983 1972 5038 1972 5038 2460 4921 1974 5039 1974 5039 2461 4922 1973 5099 7152 5041 7109 5100 7592 4926 7593 5040 7143 5101 7152 5041 7571 4695 7143 5101 7593 5040 7637 5102 7145 4693 7571 4695 7572 4987 7137 2423 7637 5102 7572 4987 7140 5045 7137 2423 7309 4991 7386 5103 7308 4989 7142 5104 7109 5100 7144 5105 7384 5048 7382 4992 7383 5106 7382 4992 7380 4993 7381 5107 7381 5107 7380 4993 7379 1982 6551 4731 6162 4697 6160 4647 6287 5052 6285 5108 7289 5053 6289 2883 6287 5052 7288 3127 6177 5054 6178 5109 7288 3127 6178 5109 6177 5054 6176 4995 6176 4995 6288 2881 6291 5110 6546 4876 6286 2882 6288 2881 6284 5055 6286 2882 6546 4876 2321 1869 2245 1870 2318 1871 5839 5111 5842 5112 5841 4997 5841 4997 5840 5056 5839 5111 6529 4937 5837 5113 5840 5056 5837 5113 6529 4937 5836 5057 5851 4999 5835 2888 5836 5057 2326 2791 2329 3581 2325 3063 5538 5058 5562 5003 5540 5059 6398 5004 5558 5114 5540 5059 6373 5005 5552 5115 6398 5004 6396 5006 5569 5116 6373 5005 6435 5007 6374 5117 6396 5006 6434 5008 6395 5118 6435 5007 6443 5009 6375 5119 6434 5008 6451 5010 6394 5120 6443 5009 6454 5011 6394 5120 6451 5010 6456 5060 6393 5121 6454 5011 6458 4945 6457 5061 6456 5060 6459 5012 6365 5062 6457 5061 6462 5063 6365 5062 6461 4946 6464 5122 6462 5063 6463 5013 5627 5014 6388 5123 6463 5013 5627 5014 5628 5015 5655 5124 5628 5015 5660 5016 5788 5125 5660 5016 5658 4951 5787 5126 5787 5126 5658 4951 5786 5064 5786 5064 5667 4952 5785 5065 5785 5065 5671 4954 5784 5066 5784 5066 5675 4955 5783 5067 5783 5067 5679 4956 5782 5068 5782 5068 5681 5017 5688 5127 4307 5069 4301 5128 5681 5017 4306 5129 4307 5069 5682 4904 5682 4904 4303 5070 4304 5130 4303 5070 4157 5018 4302 5131 4159 5071 4158 5132 4157 5018 4161 5072 4159 5071 4160 4957 4161 5072 4162 4958 4147 5133 4147 5133 4162 4958 4149 5134 4149 5134 4311 5019 4151 5135 4310 5136 4311 5019 5624 5020 4308 5137 5624 5020 4266 5074 4267 5138 4266 5074 4265 5021 4265 5021 4277 5075 4267 5138 4277 5075 4276 5022 4267 5138 4267 5138 4276 5022 4275 5076 4273 5023 4280 5139 4275 5076 4281 5077 4280 5139 4273 5023 4142 5078 4281 5077 4271 4961 4141 5079 4142 5078 4269 5024 4137 5140 4282 4962 4135 5025 4135 5025 4133 5026 4134 5141 4133 5026 4125 5080 4132 5142 4125 5080 4287 4965 4128 5081 4128 5081 4286 5027 4123 5143 4286 5027 4285 5082 4123 5143 4285 5082 5695 4910 4284 5083 4284 5083 4283 5028 4119 5144 4119 5144 4283 5028 4252 5084 4254 5145 4252 5084 5620 5029 5619 5146 5620 5029 6405 5085 6405 5085 6404 4911 6341 5086 6294 5031 6341 5086 6340 5030 6325 5087 6324 5088 6294 5031 6326 5032 6325 5087 6322 4913 6587 4915 6324 5088 6325 5087 6324 5088 6742 5033 6293 5147 6741 5089 4489 5148 6742 5033 7079 5090 6741 5089 7078 4971 7093 5091 7079 5090 7092 4972 7023 4973 7025 5092 7093 5091 7026 5093 7025 5092 7024 4974 7052 5034 7051 5149 7026 5093 7052 5034 6767 5094 7051 5149 6764 4975 6768 5150 6767 5094 6764 4975 6763 5095 6762 5151 6763 5095 6765 5035 7853 5036 7723 5152 7724 5096 1968 4979 1967 5097 7723 5152 1968 4979 1966 5153 1967 5097 2456 5037 2577 4982 2456 5037 2578 4980 1971 5098 2456 5037 2459 4983 7730 5154 1971 5098 1972 5038 1974 5039 7733 5155 1972 5038 1973 5099 7732 5156 1974 5039 6549 4814 6550 4733 6542 4732 7836 2224 5874 2163 5864 4940 7571 4695 7149 4694 7143 5101 7637 5102 7137 2423 7145 4693 2281 5046 2280 2720 2715 2875 7308 4989 7387 5157 7307 4583 2734 3282 2735 3217 2621 3218 7573 4798 7630 4797 7623 4680 7383 5106 7382 4992 7381 5107 6548 4813 6529 4937 6547 4753 7289 5053 6285 5108 6281 5158 5870 5159 5867 2350 5793 5160 6291 5110 6178 5109 6176 4995 5840 5056 5837 5113 5839 5111 5838 5161 5837 5113 5836 5057 5863 4881 5854 4880 5855 4939 7737 2223 2325 3063 2317 2039 7834 5162 5864 4940 7835 5163 5540 5059 5539 5164 5538 5058 5558 5114 5539 5164 5540 5059 5556 5165 5558 5114 6398 5004 6398 5004 5552 5115 5556 5165 6373 5005 5551 5166 5552 5115 6373 5005 5569 5116 5551 5166 6396 5006 5568 5167 5569 5116 6396 5006 6374 5117 6397 5168 6435 5007 6395 5118 6374 5117 6434 5008 6375 5119 6395 5118 6394 5120 6375 5119 6443 5009 6454 5011 6393 5121 6394 5120 6456 5060 6376 5169 6393 5121 6457 5061 6376 5169 6456 5060 6365 5062 6363 5170 6457 5061 6364 5171 6365 5062 6462 5063 6392 5172 6462 5063 6464 5122 6463 5013 6388 5123 6464 5122 5627 5014 5657 5173 6388 5123 5657 5173 5627 5014 5655 5124 5655 5124 5628 5015 5788 5125 5788 5125 5660 5016 5787 5126 5787 5126 5786 5064 5774 5174 5786 5064 5785 5065 5618 5175 5785 5065 5784 5066 5617 5176 5784 5066 5783 5067 5716 5177 5783 5067 5782 5068 5718 5178 5782 5068 5688 5127 5735 5179 5681 5017 4296 5180 5688 5127 5681 5017 4301 5128 4298 5181 4301 5128 4307 5069 4163 5182 4307 5069 4306 5129 4163 5182 4305 5183 4306 5129 5682 4904 5682 4904 4304 5130 4305 5183 4304 5130 4303 5070 4169 5184 4169 5184 4303 5070 4302 5131 4302 5131 4157 5018 4158 5132 4158 5132 4159 5071 7661 5185 7661 5185 4159 5071 4161 5072 4161 5072 4147 5133 7661 5185 4149 5134 4148 5186 4147 5133 4151 5135 4150 5187 4149 5134 4311 5019 4310 5136 4151 5135 4309 5188 4310 5136 5624 5020 4309 5188 5624 5020 4308 5137 4155 5189 4308 5137 4266 5074 4155 5189 4266 5074 4267 5138 4275 5076 4279 5190 4267 5138 4280 5139 4279 5190 4275 5076 7660 5191 4280 5139 4281 5077 4281 5077 4142 5078 7660 5191 4143 5192 4142 5078 4141 5079 4137 5140 4135 5025 4136 5193 4136 5193 4135 5025 4134 5141 4134 5141 4133 5026 4132 5142 4132 5142 4125 5080 4126 5194 4128 5081 4127 5195 4125 5080 4123 5143 4130 5196 4128 5081 4123 5143 4285 5082 4121 5197 4285 5082 4284 5083 4121 5197 4121 5197 4284 5083 4119 5144 4118 5198 4119 5144 4252 5084 4254 5145 4253 5199 4252 5084 5621 5200 4254 5145 5620 5029 5621 5200 5620 5029 5619 5146 5697 5201 5619 5146 6405 5085 6345 5202 6405 5085 6341 5086 6341 5086 6294 5031 4468 5203 6294 5031 6324 5088 6293 5147 6293 5147 6742 5033 6292 5204 4489 5148 4490 5205 6742 5033 4476 5206 4489 5148 6741 5089 6740 5207 6741 5089 7079 5090 7080 5208 7079 5090 7093 5091 7093 5091 7025 5092 7094 5209 7027 5210 7025 5092 7026 5093 7026 5093 7051 5149 7028 5211 6767 5094 6772 5212 7051 5149 6768 5150 6774 5213 6767 5094 6769 5214 6768 5150 6764 4975 6762 5151 6769 5214 6764 4975 6762 5151 6763 5095 7853 5036 1967 5097 7722 5215 7723 5152 1966 5153 7722 5215 1967 5097 1966 5153 2456 5037 1971 5098 7729 5216 1971 5098 7730 5154 7730 5154 1972 5038 7731 5217 1972 5038 7733 5155 7734 5218 1974 5039 7732 5156 7733 5155 7151 5219 7109 5100 7150 5220 5868 2573 5874 2163 5866 2226 7149 4694 7146 2422 7143 5101 7137 2423 7146 2422 7145 4693 7139 5221 7138 5222 7137 2423 7139 5221 7127 4582 7306 2895 7126 4988 7129 5223 7128 5224 7307 4583 7128 5224 7129 5223 7387 5157 7389 4581 7307 4583 3741 2721 3792 2977 3791 3058 2991 4754 2611 2657 2610 2658 2286 2352 2297 2294 2298 2295 7360 5225 7359 1984 7357 2290 7363 2726 7383 5106 7361 4871 6282 2887 6283 2886 7290 5226 6178 5109 6291 5110 6290 5227 5839 5111 5837 5113 5838 5161 5873 1817 5874 2163 5875 2162 7291 5228 5834 1818 6258 5229 7836 2224 5864 4940 7834 5162 5558 5114 5559 5230 5539 5164 5556 5165 5560 5231 5558 5114 5548 5232 5556 5165 5552 5115 5548 5232 5552 5115 5551 5166 5551 5166 5569 5116 5548 5232 5569 5116 5568 5167 5548 5232 6397 5168 5568 5167 6396 5006 6374 5117 5570 5233 6397 5168 6395 5118 5576 5234 6374 5117 6375 5119 5572 5235 6395 5118 6394 5120 5535 5236 6375 5119 6393 5121 5580 5237 6394 5120 6376 5169 5587 5238 6393 5121 6457 5061 6363 5170 6376 5169 6365 5062 6364 5171 6363 5170 6392 5172 6364 5171 6462 5063 6391 5239 6392 5172 6464 5122 6388 5123 6389 5240 6464 5122 5657 5173 5656 5241 6388 5123 5657 5173 5655 5124 5656 5241 5655 5124 5788 5125 5770 5242 5788 5125 5787 5126 5772 5243 5772 5243 5787 5126 5774 5174 5774 5174 5786 5064 5618 5175 5618 5175 5785 5065 5617 5176 5617 5176 5784 5066 5716 5177 5716 5177 5783 5067 5718 5178 5718 5178 5782 5068 5735 5179 5735 5179 5688 5127 5736 5244 5688 5127 4296 5180 4295 5245 5681 5017 4297 5246 4296 5180 4298 5181 4299 5247 5681 5017 4298 5181 4301 5128 4175 5248 4301 5128 4163 5182 4175 5248 4163 5182 4306 5129 4165 5249 4306 5129 4305 5183 4165 5249 4305 5183 4304 5130 4167 5250 4167 5250 4304 5130 4169 5184 7661 5185 4169 5184 4302 5131 4302 5131 4158 5132 7661 5185 4147 5133 4148 5186 7661 5185 4150 5187 4148 5186 4149 5134 4152 5251 4150 5187 4151 5135 4151 5135 4310 5136 4153 5252 4310 5136 4309 5188 4153 5252 4309 5253 4308 5253 4155 5253 4268 5254 4155 5189 4267 5138 4279 5190 4278 5255 4267 5138 4279 5190 4280 5139 7660 5191 4142 5078 4144 5256 7660 5191 4142 5078 4143 5192 7761 5257 4138 5258 4137 5140 4136 5193 7660 5191 4136 5193 4134 5141 4134 5141 4132 5142 7660 5191 4132 5142 4126 5194 7660 5191 4127 5195 4126 5194 4125 5080 4128 5081 4129 5259 4127 5195 4130 5196 4129 5259 4128 5081 4131 5260 4130 5196 4123 5143 4123 5143 4121 5197 4122 5261 4121 5197 4119 5144 4120 5262 4120 5262 4119 5144 4118 5198 4253 5199 4118 5198 4252 5084 4255 5263 4253 5199 4254 5145 4264 5264 4254 5145 5621 5200 5621 5200 5619 5146 4467 5265 4467 5265 5619 5146 5697 5201 5697 5201 6405 5085 6345 5202 6345 5202 6341 5086 4468 5203 4468 5203 6294 5031 4469 5266 6294 5031 6293 5147 6292 5204 6742 5033 4492 5267 6292 5204 6742 5033 4490 5205 4492 5267 4490 5205 4489 5148 4488 5268 4489 5148 4476 5206 4488 5268 4487 5269 4476 5206 6741 5089 6740 5207 4487 5269 6741 5089 7080 5208 6740 5207 7079 5090 7094 5209 7080 5208 7093 5091 7025 5092 7027 5210 7094 5209 7028 5211 7027 5210 7026 5093 7051 5149 7050 5270 7028 5211 7051 5149 6772 5212 7050 5270 6767 5094 6773 5271 6772 5212 6774 5213 6773 5271 6767 5094 6774 5213 6768 5150 7852 5272 6768 5150 6769 5214 7853 5036 7853 5036 6769 5214 6762 5151 1966 5153 7721 5273 7722 5215 7729 5216 1966 5153 1971 5098 1972 5038 7734 5218 7731 5217 7111 5274 7109 5100 7151 5219 7150 5220 7302 5275 7151 5219 7141 5276 7302 5275 7150 5220 3579 3939 3590 3749 3591 3850 7138 5222 7136 5277 7137 2423 7138 5222 7139 5221 7306 2895 7127 4582 7128 5224 7307 4583 7389 4581 7387 5157 7388 5278 5834 1818 5845 4817 5853 1819 3739 2641 3740 2879 2724 5279 3723 2979 3725 2880 3739 2641 7293 5280 7372 5281 7280 4985 2473 3274 2472 4618 2489 4248 5833 2637 5832 5282 5831 2497 2319 3064 2006 1820 2317 2039 5560 5231 5559 5230 5558 5114 5561 5283 5560 5231 5556 5165 5557 5284 5556 5165 5548 5232 5548 5232 5568 5167 5545 5285 5567 5286 5568 5167 6397 5168 6397 5168 5570 5233 5566 5287 6374 5117 5571 5288 5570 5233 6374 5117 5576 5234 5571 5288 6395 5118 5575 5289 5576 5234 6395 5118 5572 5235 5573 5290 6375 5119 5579 5291 5572 5235 5535 5236 5536 5292 6375 5119 5583 5293 5535 5236 6394 5120 6394 5120 5580 5237 5581 5294 6393 5121 5590 5295 5580 5237 6393 5121 5587 5238 5589 5296 6376 5169 5585 5297 5587 5238 6363 5170 5584 5298 6376 5169 6364 5171 5593 5299 6363 5170 5597 5300 6364 5171 6392 5172 5601 5301 6392 5172 6391 5239 6464 5122 6389 5240 6391 5239 6389 5240 6388 5123 5650 5302 6388 5123 5656 5241 5654 5303 5656 5241 5655 5124 5654 5303 5759 5304 5655 5124 5770 5242 5770 5242 5788 5125 5772 5243 5774 5174 5773 5305 5772 5243 5618 5175 5775 5306 5774 5174 5618 5175 5617 5176 5616 5307 5716 5177 5616 5307 5617 5176 5718 5178 5717 5308 5716 5177 5718 5178 5735 5179 5728 5309 5736 5244 5731 5310 5735 5179 5688 5127 5689 5311 5736 5244 4295 5245 4294 5312 5688 5127 4296 5180 4179 5313 4295 5245 4297 5246 4173 5314 4296 5180 4300 5315 4297 5246 5681 5017 4299 5247 4300 5315 5681 5017 4299 5247 4298 5181 4175 5248 4165 5249 4164 5316 4163 5182 4165 5249 4305 5183 4167 5250 4169 5184 4168 5317 4167 5250 4168 5317 4169 5184 7661 5185 7661 5185 4148 5186 4150 5187 4150 5187 4152 5251 7661 5185 4153 5252 4152 5251 4151 5135 4153 5252 4309 5188 4155 5189 4156 5318 4155 5189 4268 5254 4267 5138 4278 5255 4268 5254 4278 5255 4279 5190 7661 5185 7661 5185 4279 5190 7660 5191 7660 5191 4144 5256 4140 5319 4145 5320 4144 5256 4142 5078 7762 5321 4142 5078 7761 5257 4139 5322 4137 5140 4138 5258 4138 5258 4136 5193 7660 5191 7660 5191 4126 5194 4127 5195 4127 5195 4129 5259 7660 5191 4129 5259 4130 5196 7660 5191 7660 5191 4130 5196 4131 5260 4124 5323 4131 5260 4123 5143 4124 5323 4123 5143 4122 5261 4122 5261 4121 5197 4120 5262 7659 5324 4120 5262 4118 5198 4118 5198 4253 5199 7659 5324 4253 5199 4255 5263 7659 5324 4254 5145 4264 5264 4255 5263 4263 5325 4264 5264 5621 5200 4434 5326 5621 5200 4467 5265 4467 5265 5697 5201 4451 5327 4450 5328 5697 5201 6345 5202 4449 5329 6345 5202 4468 5203 4469 5266 4448 5330 4468 5203 4469 5266 6294 5031 4470 5331 6294 5031 6292 5204 4493 5332 6292 5204 4492 5267 4472 5333 4490 5205 4488 5268 4492 5267 4488 5268 4476 5206 4478 5334 4487 5269 4481 5335 4476 5206 4485 5336 4487 5269 6740 5207 6739 5337 6740 5207 7080 5208 7081 5338 7080 5208 7094 5209 7094 5209 7027 5210 7095 5339 7029 5340 7027 5210 7028 5211 7028 5211 7050 5270 7030 5341 6772 5212 6776 5342 7050 5270 6773 5271 6771 5343 6772 5212 6773 5271 6774 5213 7852 5272 7852 5272 6768 5150 7853 5036 7720 5344 7721 5273 1966 5153 7720 5344 1966 5153 7729 5216 7111 5274 7110 5345 7109 5100 7151 5219 7110 5345 7111 5274 7302 5275 7110 5345 7151 5219 7141 5276 7303 5346 7302 5275 7142 5104 7303 5346 7141 5276 5826 5347 5895 2227 5896 5348 7148 5349 7146 2422 7304 5350 7305 2894 7146 2422 7147 5351 7137 2423 7136 5277 7135 2421 7136 5277 7138 5222 7305 2894 7305 2894 7138 5222 7306 2895 7389 4581 7391 2893 7306 2895 7390 5352 7389 4581 7388 5278 7571 4695 7645 4923 7638 4924 5832 5282 6278 5353 5831 2497 7385 2725 7386 5103 7384 5048 6259 5354 7292 5355 6258 5229 6259 5354 6280 2496 7292 5355 2399 4789 2402 4736 2397 4671 8145 1995 8156 1995 8153 1995 7838 2225 5554 2572 5866 2226 5557 5284 5561 5283 5556 5165 5553 5356 5557 5284 5548 5232 5545 5285 5549 2349 5548 5232 5568 5167 5567 5286 5545 5285 5566 5287 5567 5286 6397 5168 5570 5233 5545 5285 5566 5287 5571 5288 5543 5357 5570 5233 5571 5288 5576 5234 5543 5357 5576 5234 5575 5289 5543 5357 5573 5290 5575 5289 6395 5118 5574 5358 5573 5290 5572 5235 5579 5291 5537 5359 5572 5235 6375 5119 5536 5292 5579 5291 5537 5359 5536 5292 5535 5236 5582 5360 5535 5236 5583 5293 5581 5294 5583 5293 6394 5120 5582 5360 5581 5294 5580 5237 5588 5361 5580 5237 5590 5295 5589 5296 5590 5295 6393 5121 5589 5296 5587 5238 5588 5361 5587 5238 5585 5297 5586 5362 6376 5169 5584 5298 5585 5297 6363 5170 5591 5363 5584 5298 5593 5299 5591 5363 6363 5170 5594 5364 5593 5299 6364 5171 5597 5300 5596 5365 6364 5171 5599 5366 5597 5300 6392 5172 5601 5301 5599 5366 6392 5172 5604 5367 5601 5301 6391 5239 6389 5240 6390 5368 6391 5239 5651 5369 6389 5240 5650 5302 5650 5302 6388 5123 5654 5303 5654 5303 5655 5124 5759 5304 5770 5242 5769 5370 5759 5304 5772 5243 5771 5371 5770 5242 5773 5305 5771 5371 5772 5243 5775 5306 5773 5305 5774 5174 5776 5372 5775 5306 5618 5175 5616 5307 5727 5373 5618 5175 5717 5308 5616 5307 5716 5177 5728 5309 5717 5308 5718 5178 5735 5179 5731 5310 5728 5309 5733 5374 5731 5310 5736 5244 5736 5244 5689 5311 5737 5375 5688 5127 4116 5376 5689 5311 4294 5312 4293 5377 5688 5127 4295 5245 4177 5378 4294 5312 4179 5313 4177 5378 4295 5245 4173 5314 4179 5313 4296 5180 4297 5246 4300 5315 4173 5314 4300 5315 4299 5247 4173 5314 4173 5314 4299 5247 4175 5248 4164 5316 4172 5379 4163 5182 4166 5380 4164 5316 4165 5249 4167 5250 4166 5380 4165 5249 4168 5317 4166 5380 4167 5250 4166 5380 4168 5317 7661 5185 4152 5251 4154 5381 7661 5185 4154 5381 4152 5251 4153 5252 4155 5189 4154 5381 4153 5252 4156 5318 4154 5381 4155 5189 7661 5185 4156 5318 4268 5254 4268 5254 4278 5255 7661 5185 7660 5191 4207 5382 7661 5185 4140 5319 4138 5258 7660 5191 4144 5256 7763 5383 4140 5319 4146 5384 4144 5256 4145 5320 4145 5320 4142 5078 7762 5321 4139 5322 7764 4908 4137 5140 4140 5319 4139 5322 4138 5258 7660 5191 4131 5260 7659 5324 7659 5324 4131 5260 4124 5323 4124 5323 4122 5261 7659 5324 4122 5261 4120 5262 7659 5324 7659 5324 4255 5263 4262 5385 4264 5264 4263 5325 4255 5263 5621 5200 4261 5386 4263 5325 5692 5387 5621 5200 4434 5326 4434 5326 4467 5265 4449 5329 4449 5329 4467 5265 4451 5327 4451 5327 5697 5201 4450 5328 4450 5328 6345 5202 4449 5329 4468 5203 4434 5326 4449 5329 4448 5330 4434 5326 4468 5203 4470 5331 4448 5330 4469 5266 4470 5331 6294 5031 4493 5332 4493 5332 6292 5204 4472 5333 4492 5267 4488 5268 4472 5333 4488 5268 4478 5334 6736 5388 4478 5334 4476 5206 4477 5389 4481 5335 4486 5390 4476 5206 4485 5336 4481 5335 4487 5269 4484 5391 4485 5336 6740 5207 6739 5337 4484 5391 6740 5207 7081 5338 6739 5337 7080 5208 7095 5339 7081 5338 7094 5209 7027 5210 7029 5340 7095 5339 7030 5341 7029 5340 7028 5211 7050 5270 7049 5392 7030 5341 7050 5270 6776 5342 7049 5392 6776 5342 6772 5212 6775 5393 6772 5212 6771 5343 6770 5394 7852 5272 6771 5343 6773 5271 7110 5345 7108 5395 7109 5100 7302 5275 7108 5395 7110 5345 7303 5346 7373 5396 7302 5275 7142 5104 7144 5105 7303 5346 7146 2422 7391 2893 7304 5350 6155 4335 6554 4409 6555 2656 7305 2894 7147 5351 7135 2421 7135 2421 7136 5277 7305 2894 7391 2893 7389 4581 7390 5352 7388 5278 7376 5397 7390 5352 7364 2724 7376 5397 7388 5278 7291 5228 7370 5398 7367 5399 5554 2572 5555 2351 5867 2350 5548 5232 5554 2572 5553 5356 5549 2349 5555 2351 5548 5232 5550 5400 5549 2349 5545 5285 5545 5285 5567 5286 5566 5287 5543 5357 5545 5285 5570 5233 5543 5357 5575 5289 5574 5358 5575 5289 5573 5290 5574 5358 5572 5235 5578 5401 5574 5358 5537 5359 5578 5401 5572 5235 5536 5292 5537 5359 5579 5291 5537 5359 5535 5236 5582 5360 5583 5293 5581 5294 5582 5360 5582 5360 5580 5237 5588 5361 5590 5295 5589 5296 5588 5361 5588 5361 5587 5238 5586 5362 5586 5362 5585 5297 5584 5298 5591 5363 5586 5362 5584 5298 5593 5299 5592 5402 5591 5363 5594 5364 5592 5402 5593 5299 5596 5365 5594 5364 6364 5171 5597 5300 5595 5403 5596 5365 5599 5366 5598 5404 5597 5300 5601 5301 5600 5405 5599 5366 5601 5301 5604 5367 5600 5405 6391 5239 5603 5406 5604 5367 6391 5239 6390 5368 5602 5407 6389 5240 5647 5408 6390 5368 5651 5369 5653 5409 6389 5240 5652 5410 5651 5369 5650 5302 5650 5302 5654 5303 5759 5304 5769 5370 5644 5411 5759 5304 5771 5371 5769 5370 5770 5242 5773 5305 5761 5412 5771 5371 5775 5306 5762 5413 5773 5305 5776 5372 5763 5414 5775 5306 5727 5373 5776 5372 5618 5175 5725 5415 5727 5373 5616 5307 5717 5308 5725 5415 5616 5307 5729 5416 5717 5308 5728 5309 5728 5309 5731 5310 5730 5417 5733 5374 5732 5418 5731 5310 5737 5375 5733 5374 5736 5244 5689 5311 5622 5419 5737 5375 4116 5376 4183 5420 5689 5311 4115 5421 4116 5376 5688 5127 5688 5127 4293 5377 4292 5422 4294 5312 4177 5378 4293 5377 4179 5313 4178 5423 4177 5378 4173 5314 4180 5424 4179 5313 4175 5248 4174 5425 4173 5314 4172 5379 4171 5426 4163 5182 4172 5379 4164 5316 7661 5185 7661 5185 4164 5316 4166 5380 7661 5185 4154 5381 4156 5318 4207 5382 4208 5427 7661 5185 4205 5428 4207 5382 7660 5191 4140 5319 7763 5383 4139 5322 4144 5256 4146 5384 7763 5383 7763 5383 7764 4908 4139 5322 4224 5429 7660 5191 7659 5324 4262 5385 4260 5430 7659 5324 4255 5263 4263 5325 4262 5385 4263 5325 4261 5386 4262 5385 4259 5431 4261 5386 5621 5200 5692 5387 4248 5432 5621 5200 4424 5433 5692 5387 4434 5326 4451 5327 4450 5328 4449 5329 4448 5330 4447 5434 4434 5326 4470 5331 4493 5332 4448 5330 4493 5332 4472 5333 4448 5330 4488 5268 4491 5435 4472 5333 6734 5436 4488 5268 6736 5388 6736 5388 4478 5334 4477 5389 4477 5389 4476 5206 4475 5437 4476 5206 4486 5390 4475 5437 4486 5390 4481 5335 6735 5438 4485 5336 4484 5391 4481 5335 4483 5439 4484 5391 6739 5337 6737 5440 6739 5337 7081 5338 7082 5441 7081 5338 7095 5339 7095 5339 7029 5340 7096 5442 7031 5443 7029 5340 7030 5341 7030 5341 7049 5392 7032 5444 6776 5342 6778 5445 7049 5392 6777 5446 6776 5342 6775 5393 6775 5393 6772 5212 6770 5394 6770 5394 6771 5343 7852 5272 7109 5100 7108 5395 7107 5447 7373 5396 7108 5395 7302 5275 7374 3500 7373 5396 7303 5346 7304 5350 7374 3500 7303 5346 7304 5350 7391 2893 7390 5352 7376 5397 7375 3501 7390 5352 7369 3128 7288 3127 7289 5053 6261 5448 6276 5449 7296 5043 2281 5046 2328 3582 2247 1979 2345 2636 2334 5450 2333 3932 2621 3218 3734 3137 2734 3282 7371 5451 7292 5355 7294 4984 5555 2351 5554 2572 5548 5232 5547 5452 5550 5400 5545 5285 5545 5285 5543 5357 5544 5453 5574 5358 5577 5454 5543 5357 5578 5401 5577 5454 5574 5358 5578 5401 5537 5359 5531 5455 5531 5455 5537 5359 5582 5360 5615 5456 5582 5360 5588 5361 5586 5362 5605 5457 5588 5361 5592 5402 5586 5362 5591 5363 5595 5403 5592 5402 5594 5364 5596 5365 5595 5403 5594 5364 5598 5404 5595 5403 5597 5300 5600 5405 5598 5404 5599 5366 5604 5367 5603 5406 5600 5405 5602 5407 5603 5406 6391 5239 5602 5407 6390 5368 5533 5458 5647 5408 5648 5459 6390 5368 5653 5409 5647 5408 6389 5240 5653 5409 5651 5369 5652 5410 5650 5302 5759 5304 5652 5410 5759 5304 5644 5411 5645 5460 5769 5370 5629 5461 5644 5411 5771 5371 5760 5462 5769 5370 5761 5412 5760 5462 5771 5371 5762 5413 5761 5412 5773 5305 5763 5414 5762 5413 5775 5306 5764 5463 5763 5414 5776 5372 5777 5464 5776 5372 5727 5373 5727 5373 5725 5415 5726 5465 5723 5466 5725 5415 5717 5308 5729 5416 5723 5466 5717 5308 5730 5417 5729 5416 5728 5309 5731 5310 5732 5418 5730 5417 5734 5467 5732 5418 5733 5374 5742 5468 5733 5374 5737 5375 5737 5375 5622 5419 5741 5469 5622 5419 5689 5311 4198 5470 5689 5311 4183 5420 4206 5471 4183 5420 4116 5376 4182 5472 4117 5473 4116 5376 4115 5421 4291 5474 4115 5421 5688 5127 5688 5127 4292 5422 4291 5474 4293 5377 4189 5475 4292 5422 4177 5378 4189 5475 4293 5377 4178 5423 4191 5476 4177 5378 4180 5424 4178 5423 4179 5313 4181 5477 4180 5424 4173 5314 4174 5425 4181 5477 4173 5314 4176 5478 4174 5425 4175 5248 4163 5182 4171 5426 4170 5479 4171 5480 4172 5480 7661 5480 4208 5427 4182 5472 7661 5185 4208 5427 4207 5382 4183 5420 4207 5382 4205 5428 4206 5471 7660 5191 4203 5481 4205 5428 4210 5482 7660 5191 4224 5429 7659 5324 4223 5483 4224 5429 4260 5430 4258 5484 7659 5324 4262 5385 4261 5386 4260 5430 4261 5386 4259 5431 4260 5430 5621 5200 4257 5485 4259 5431 4248 5432 4250 5486 5621 5200 4246 5487 4248 5432 5692 5387 4424 5433 4427 5488 5692 5387 4434 5326 4433 5489 4424 5433 4447 5434 4446 5490 4434 5326 4447 5434 4448 5330 6727 5491 4448 5330 4472 5333 4456 5492 4472 5333 4491 5435 4474 5493 4491 5435 4488 5268 6734 5436 6734 5436 6736 5388 7085 5494 6736 5388 4477 5389 6735 5438 4477 5389 4475 5437 6735 5438 4475 5437 4486 5390 6735 5438 6735 5438 4481 5335 6738 5495 4484 5391 4483 5439 4481 5335 4482 5496 4483 5439 6739 5337 6737 5440 4482 5496 6739 5337 7082 5441 6737 5440 7081 5338 7096 5442 7082 5441 7095 5339 7029 5340 7031 5443 7096 5442 7032 5444 7031 5443 7030 5341 7049 5392 7048 5497 7032 5444 7049 5392 6778 5445 7048 5497 6776 5342 6779 5498 6778 5445 6777 5446 6780 5499 6776 5342 6777 5446 6775 5393 7842 5500 6775 5393 6770 5394 7842 5500 7842 5500 6770 5394 7852 5272 7107 5447 6263 5501 7109 5100 7373 5396 7107 5447 7108 5395 7374 3500 7301 5502 7373 5396 7137 2423 7140 5045 7127 4582 6276 5449 7297 5503 7296 5043 5887 5504 5886 4807 5882 5505 5870 5159 5887 5504 5882 5505 5550 5400 5547 5452 5867 2350 5547 5452 5545 5285 5546 5506 5546 5506 5545 5285 5544 5453 5544 5453 5543 5357 5542 5507 5577 5454 5541 5508 5543 5357 5577 5454 5578 5401 5529 5509 5529 5509 5578 5401 5531 5455 5531 5455 5582 5360 5615 5456 5605 5457 5615 5456 5588 5361 5606 5510 5605 5457 5586 5362 5592 5402 5606 5510 5586 5362 5595 5403 5607 5511 5592 5402 5598 5404 5608 5512 5595 5403 5600 5405 5528 5513 5598 5404 5600 5405 5603 5406 5534 5514 5603 5406 5602 5407 5534 5514 5534 5514 5602 5407 5533 5458 5533 5458 6390 5368 5532 5515 5648 5459 5649 5516 6390 5368 5645 5460 5648 5459 5647 5408 5647 5408 5653 5409 5652 5410 5759 5304 5645 5460 5652 5410 5644 5411 5331 5517 5645 5460 5629 5461 5289 5518 5644 5411 5760 5462 5629 5461 5769 5370 5761 5412 5701 5519 5760 5462 5762 5413 5703 5520 5761 5412 5763 5414 5705 5521 5762 5413 5764 5463 5707 5522 5763 5414 5777 5464 5764 5463 5776 5372 5726 5465 5777 5464 5727 5373 5726 5465 5725 5415 5724 5523 5725 5415 5723 5466 5724 5523 5722 5524 5723 5466 5729 5416 5730 5417 5722 5524 5729 5416 5730 5417 5732 5418 5746 5525 5732 5418 5734 5467 5746 5525 5734 5467 5733 5374 5742 5468 5737 5375 5741 5469 5742 5468 5622 5419 5690 5526 5741 5469 4196 5527 5622 5419 4198 5470 4198 5470 5689 5311 4200 5528 4206 5471 4204 5529 5689 5311 4183 5420 4207 5382 4206 5471 4182 5472 4208 5427 4183 5420 4116 5376 4184 5530 4182 5472 4117 5473 4185 5531 4116 5376 4291 5474 4117 5473 4115 5421 4292 5422 4187 5532 4291 5474 4189 5475 4187 5532 4292 5422 4177 5378 4190 5533 4189 5475 4191 5476 4190 5533 4177 5378 7661 5185 4191 5476 4178 5423 4178 5423 4180 5424 7661 5185 4180 5424 4181 5477 7661 5185 7661 5185 4181 5477 4174 5425 4174 5425 4176 5478 7661 5185 4170 5479 4176 5478 4175 5248 7661 5185 4170 5479 4171 5426 7661 5185 4182 5472 4184 5530 4206 5471 4205 5428 4204 5529 4205 5428 4203 5481 4204 5529 4201 5534 4203 5481 7660 5191 4210 5482 4212 5535 7660 5191 4210 5482 4224 5429 4209 5536 4224 5429 4223 5483 4209 5536 4221 5537 4223 5483 7659 5324 7659 5324 4258 5484 4256 5538 4260 5430 4259 5431 4258 5484 4259 5431 4257 5485 4258 5484 4242 5539 4257 5485 5621 5200 5621 5200 4250 5486 4251 5540 4250 5486 4248 5432 4249 5541 4248 5432 4246 5487 4247 5542 4240 5543 4246 5487 5692 5387 4427 5488 4428 5544 5692 5387 4425 5545 4427 5488 4424 5433 4433 5489 4432 5546 4424 5433 4435 5547 4433 5489 4434 5326 4434 5326 4446 5490 4445 5548 4446 5490 4447 5434 6727 5491 6727 5491 4448 5330 4455 5549 4456 5492 4455 5549 4448 5330 4472 5333 4454 5550 4456 5492 4474 5493 4473 5551 4472 5333 4474 5493 4491 5435 6734 5436 7086 5552 6734 5436 7085 5494 7085 5494 6736 5388 7084 5553 6736 5388 6735 5438 7084 5553 6735 5438 6738 5495 7083 5554 4481 5335 4479 5555 6738 5495 4481 5335 4483 5439 4482 5496 4480 5556 4482 5496 6737 5440 6738 5495 6737 5440 7082 5441 7083 5554 7082 5441 7096 5442 7096 5442 7031 5443 7097 5557 7033 5558 7031 5443 7032 5444 7032 5444 7048 5497 7034 5559 6778 5445 6783 5560 7048 5497 6779 5498 6785 5561 6778 5445 6780 5499 6779 5498 6776 5342 7842 5500 6780 5499 6777 5446 6263 5501 6264 5051 7109 5100 6263 5501 7107 5447 6262 5562 7301 5502 7107 5447 7373 5396 7300 5563 7301 5502 7374 3500 7356 5564 7355 5565 7282 4397 7837 5001 7835 5163 5864 4940 6274 5566 6272 2798 7297 5503 2331 3933 2335 2219 2332 2348 2281 5046 2333 3932 2330 3580 2001 1692 2318 1871 2002 1748 5884 2228 5885 4808 5893 5567 5885 4808 5886 4807 5892 5568 5886 4807 5887 5504 5891 5569 5872 5570 5887 5504 5870 5159 5544 5453 5870 5159 5793 5160 5867 2350 5547 5452 5793 5160 5546 5506 5793 5160 5547 5452 5546 5506 5544 5453 5793 5160 5544 5453 5542 5507 5870 5159 5543 5357 5609 5571 5542 5507 5541 5508 5609 5571 5543 5357 5433 5572 5541 5508 5577 5454 5440 5573 5577 5454 5529 5509 5531 5455 5530 5574 5529 5509 5442 5575 5531 5455 5615 5456 5614 5576 5615 5456 5605 5457 5606 5510 5614 5576 5605 5457 5607 5511 5606 5510 5592 5402 5608 5512 5607 5511 5595 5403 5528 5513 5608 5512 5598 5404 5527 5577 5528 5513 5600 5405 5534 5514 5527 5577 5600 5405 5534 5514 5533 5458 5532 5515 6390 5368 5646 5578 5532 5515 6390 5368 5649 5516 5646 5578 5649 5516 5648 5459 5645 5460 5652 5410 5645 5460 5647 5408 5645 5460 5331 5517 5332 5579 5330 5580 5331 5517 5644 5411 5644 5411 5289 5518 5330 5580 5629 5461 5288 5581 5289 5518 5760 5462 5630 5582 5629 5461 5701 5519 5643 5583 5760 5462 5703 5520 5701 5519 5761 5412 5705 5521 5703 5520 5762 5413 5707 5522 5705 5521 5763 5414 5709 5584 5707 5522 5764 5463 5765 5585 5764 5463 5777 5464 5778 5586 5777 5464 5726 5465 5724 5523 5778 5586 5726 5465 5724 5523 5723 5466 5719 5587 5723 5466 5722 5524 5719 5587 5721 5588 5722 5524 5730 5417 5746 5525 5721 5588 5730 5417 5746 5525 5734 5467 5747 5589 5745 5590 5734 5467 5742 5468 5742 5468 5741 5469 5740 5591 5741 5469 5690 5526 5739 5592 5622 5419 4215 5593 5690 5526 4194 5594 5622 5419 4196 5527 4198 5470 4197 5595 4196 5527 4200 5528 4199 5596 4198 5470 5689 5311 4202 5597 4200 5528 4204 5529 4202 5597 5689 5311 4185 5531 4184 5530 4116 5376 4186 5598 4185 5531 4117 5473 4187 5532 4117 5473 4291 5474 4189 5475 4188 5599 4187 5532 4190 5533 4188 5599 4189 5475 4190 5533 4191 5476 7661 5185 4176 5478 4170 5479 7661 5185 4184 5530 4185 5531 7661 5185 4204 5529 4203 5481 4202 5597 4203 5481 4201 5534 4202 5597 4199 5596 4201 5534 7660 5191 4212 5535 4214 5600 7660 5191 4212 5535 4210 5482 4211 5601 4211 5601 4210 5482 4209 5536 4209 5536 4223 5483 4222 5602 4223 5483 4221 5537 4222 5602 4220 5603 4221 5537 7659 5324 4256 5538 4243 5604 7659 5324 4258 5484 4257 5485 4256 5538 4257 5485 4242 5539 4256 5538 4251 5540 4242 5539 5621 5200 4251 5540 4250 5486 4244 5605 4244 5605 4250 5486 4249 5541 4249 5541 4248 5432 4247 5542 4247 5542 4246 5487 4245 5606 4246 5487 4240 5543 4245 5606 5692 5387 4114 5607 4240 5543 5692 5387 4428 5544 5691 5608 4428 5544 4427 5488 4425 5545 4426 5609 4425 5545 4424 5433 4424 5433 4432 5546 4426 5609 4433 5489 6716 5610 4432 5546 4435 5547 6717 5611 4433 5489 4436 5612 4435 5547 4434 5326 4445 5548 4444 5613 4434 5326 4446 5490 6727 5491 4445 5548 6727 5491 4455 5549 6729 5614 4457 5615 4455 5549 4456 5492 4456 5492 4454 5550 4452 5616 4472 5333 4471 5617 4454 5550 4473 5551 4471 5617 4472 5333 4473 5551 4474 5493 6733 5618 6733 5618 4474 5493 6734 5436 6733 5618 6734 5436 7086 5552 7086 5552 7085 5494 7099 5619 7085 5494 7084 5553 7098 5620 7084 5553 6735 5438 7083 5554 7083 5554 6738 5495 7082 5441 6738 5495 4479 5555 6737 5440 4481 5621 4480 5621 4479 5621 4482 5496 4480 5556 4481 5335 4479 5555 4480 5556 6737 5440 7097 5557 7083 5554 7096 5442 7031 5443 7033 5558 7097 5557 7034 5559 7033 5558 7032 5444 7048 5497 7047 5622 7034 5559 7048 5497 6783 5560 7047 5622 6778 5445 6784 5623 6783 5560 6785 5561 6784 5623 6778 5445 6785 5561 6779 5498 7842 5500 7842 5500 6779 5498 6780 5499 6264 5051 6263 5501 6262 5562 7107 5447 7301 5502 6262 5562 7300 5563 6266 3423 7301 5502 7299 3499 6269 5624 7300 5563 6273 3056 5828 5625 5825 4930 2987 2500 2301 2731 2300 2499 7297 5503 6275 5626 6274 5566 5894 2229 5884 2228 5893 5567 5893 5567 5885 4808 5892 5568 5892 5568 5886 4807 5891 5569 5891 5569 5887 5504 5890 5627 5887 5504 5872 5570 5890 5627 5869 5628 5872 5570 5870 5159 5542 5507 5609 5571 5870 5159 5609 5571 5541 5508 5869 5628 5433 5572 5435 5629 5541 5508 5432 5630 5433 5572 5577 5454 5432 5630 5577 5454 5440 5573 5529 5509 5439 5631 5440 5573 5530 5574 5438 5632 5529 5509 5530 5574 5531 5455 5442 5575 5615 5456 5441 5633 5442 5575 5614 5576 5445 5634 5615 5456 5613 5635 5614 5576 5606 5510 5607 5511 5613 5635 5606 5510 5608 5512 5612 5636 5607 5511 5528 5513 5611 5637 5608 5512 5528 5513 5527 5577 5526 5638 5321 5639 5527 5577 5534 5514 5534 5514 5532 5515 5329 5640 5532 5515 5646 5578 5328 5641 5646 5578 5649 5516 5645 5460 5325 5642 5645 5460 5332 5579 5332 5579 5331 5517 5327 5643 5331 5517 5330 5580 5290 5644 5290 5644 5330 5580 5289 5518 5290 5644 5289 5518 5288 5581 5629 5461 5335 5645 5288 5581 5630 5582 5335 5645 5629 5461 5643 5583 5630 5582 5760 5462 5642 5646 5643 5583 5701 5519 5703 5520 5702 5647 5701 5519 5705 5521 5704 5648 5703 5520 5707 5522 5706 5649 5705 5521 5709 5584 5708 5650 5707 5522 5765 5585 5709 5584 5764 5463 5778 5586 5765 5585 5777 5464 5779 5651 5778 5586 5724 5523 5719 5587 5779 5651 5724 5523 5719 5587 5722 5524 5721 5588 5746 5525 5750 5652 5721 5588 5747 5589 5751 5653 5746 5525 5747 5589 5734 5467 5745 5590 5742 5468 5740 5591 5745 5590 5741 5469 5739 5592 5740 5591 5690 5526 5691 5608 5739 5592 4215 5593 4213 5654 5690 5526 4217 5655 4215 5593 5622 5419 5622 5419 4194 5594 4192 5656 4196 5527 4195 5657 4194 5594 4197 5595 4195 5657 4196 5527 4199 5596 4197 5595 4198 5470 4201 5534 4199 5596 4200 5528 4202 5597 4201 5534 4200 5528 4185 5531 4186 5598 7661 5185 4187 5532 4186 5598 4117 5473 4188 5599 4186 5598 4187 5532 4188 5599 4190 5533 7661 5185 7660 5191 4197 5595 4199 5596 7660 5191 4214 5600 4216 5658 4214 5600 4212 5535 4213 5654 4213 5654 4212 5535 4211 5601 4211 5601 4209 5536 5690 5526 4209 5536 4222 5602 5690 5526 4222 5602 4221 5537 4220 5603 7659 5324 4228 5659 4220 5603 4243 5604 4244 5605 7659 5324 4256 5538 4242 5539 4243 5604 4242 5539 4251 5540 4244 5605 7659 5324 4244 5605 4249 5541 4249 5541 4247 5542 7659 5324 4247 5542 4245 5606 7659 5324 4245 5606 4240 5543 4241 5660 4240 5543 4114 5607 4239 5661 4238 5662 4114 5607 5692 5387 5692 5387 5691 5608 4233 5663 4428 5544 4429 5664 5691 5608 4429 5664 4428 5544 4425 5545 4426 5609 6622 5665 4425 5545 4432 5546 6621 5666 4426 5609 6716 5610 6725 5667 4432 5546 6717 5611 6716 5610 4433 5489 6718 5668 6717 5611 4435 5547 4436 5612 6711 5669 4435 5547 4434 5326 4437 5670 4436 5612 4444 5613 4443 5671 4434 5326 4445 5548 6727 5491 4444 5613 7075 5672 6727 5491 6729 5614 6729 5614 4455 5549 4457 5615 4458 5673 4457 5615 4456 5492 4452 5616 4466 5674 4456 5492 4454 5550 4453 5675 4452 5616 6733 5618 4454 5550 4471 5617 4471 5617 4473 5551 6733 5618 7087 5676 6733 5618 7086 5552 7100 5677 7086 5552 7099 5619 7099 5619 7085 5494 7098 5620 7098 5620 7084 5553 7097 5557 7084 5553 7083 5554 7097 5557 7097 5557 7033 5558 7098 5620 7035 5678 7033 5558 7034 5559 7034 5559 7047 5622 7036 5679 6783 5560 7067 5680 7047 5622 6784 5623 6782 5681 6783 5560 6784 5623 6785 5561 7843 5682 7843 5682 6785 5561 7842 5500 6262 5562 7301 5502 6270 5683 6266 3423 6271 5684 7301 5502 6265 3424 6266 3423 7300 5563 6269 5624 6265 3424 7300 5563 6268 4932 6269 5624 7299 3499 6267 5685 6268 4932 7299 3499 6272 2798 5827 2797 5828 5625 7366 5686 7281 5687 7354 2889 5885 4808 5880 2221 5881 4809 2284 2425 2326 2791 2324 2498 7134 4925 7131 4990 7130 5047 5893 5567 5811 5688 5894 2229 5892 5568 5808 5689 5893 5567 5891 5569 5805 5690 5892 5568 5890 5627 5802 5691 5891 5569 5890 5627 5872 5570 5889 5692 5430 5693 5872 5570 5869 5628 5870 5159 5609 5571 5869 5628 5541 5508 5435 5629 5869 5628 5435 5629 5433 5572 5434 5694 5420 5695 5433 5572 5432 5630 5432 5630 5440 5573 5420 5695 5440 5573 5439 5631 5420 5695 5438 5632 5439 5631 5529 5509 5437 5696 5438 5632 5530 5574 5469 5697 5530 5574 5442 5575 5443 5698 5442 5575 5441 5633 5445 5634 5441 5633 5615 5456 5444 5699 5445 5634 5614 5576 5613 5635 5418 5700 5614 5576 5612 5636 5613 5635 5607 5511 5611 5637 5612 5636 5608 5512 5610 5701 5611 5637 5528 5513 5526 5638 5610 5701 5528 5513 5527 5577 5316 5702 5526 5638 5321 5639 5320 5703 5527 5577 5324 5704 5321 5639 5534 5514 5323 5705 5534 5514 5329 5640 5329 5640 5532 5515 5328 5641 5328 5641 5646 5578 5326 5706 5646 5578 5645 5460 5325 5642 5325 5642 5332 5579 5327 5643 5327 5643 5331 5517 5290 5644 5288 5581 5335 5645 5290 5644 5630 5582 5334 5707 5335 5645 5643 5583 5286 5708 5630 5582 5642 5646 5340 5709 5643 5583 5702 5647 5642 5646 5701 5519 5704 5648 5702 5647 5703 5520 5706 5649 5704 5648 5705 5521 5708 5650 5706 5649 5707 5522 5710 5710 5708 5650 5709 5584 5711 5711 5709 5584 5765 5585 5766 5712 5765 5585 5778 5586 5779 5651 5766 5712 5778 5586 5780 5713 5779 5651 5719 5587 5721 5588 5720 5714 5719 5587 5750 5652 5749 5715 5721 5588 5751 5653 5750 5652 5746 5525 5748 5716 5751 5653 5747 5589 5744 5717 5747 5589 5745 5590 5745 5590 5740 5591 5744 5717 5740 5591 5739 5592 5738 5718 5739 5592 5691 5608 5698 5719 5690 5526 4231 5720 5691 5608 5690 5526 4213 5654 4211 5601 4215 5593 4214 5600 4213 5654 4217 5655 4216 5658 4215 5593 4192 5656 4217 5655 5622 5419 4194 5594 4193 5721 4192 5656 4195 5657 4193 5721 4194 5594 4195 5657 4197 5595 7660 5191 7661 5185 4186 5598 4188 5599 4216 5658 4218 5722 7660 5191 4216 5658 4214 5600 4215 5593 5690 5526 4222 5602 4229 5723 4220 5603 4229 5723 4222 5602 4228 5659 4230 5724 4220 5603 4226 5725 4228 5659 7659 5324 4244 5605 4243 5604 4242 5539 7659 5324 4245 5606 4241 5660 4241 5660 4240 5543 4239 5661 4239 5661 4114 5607 4112 5726 4114 5607 4238 5662 4113 5727 4237 5728 4238 5662 5692 5387 4235 5729 5692 5387 4233 5663 4233 5663 5691 5608 4232 5730 5691 5608 4429 5664 4431 5731 4429 5664 4425 5545 4431 5731 6622 5665 4430 5732 4425 5545 6621 5666 6622 5665 4426 5609 6725 5667 6621 5666 4432 5546 6725 5667 6716 5610 7653 5733 7653 5733 6716 5610 6717 5611 6717 5611 6718 5668 7653 5733 4435 5547 6719 5734 6718 5668 6711 5669 6719 5734 4435 5547 6713 5735 6711 5669 4436 5612 4437 5670 6713 5735 4436 5612 4438 5736 4437 5670 4434 5326 4434 5326 4443 5671 4442 5737 4444 5613 6728 5738 4443 5671 6727 5491 6728 5738 4444 5613 6728 5738 6727 5491 7075 5672 7075 5672 6729 5614 7090 5739 6729 5614 4457 5615 4458 5673 4456 5492 4459 5740 4458 5673 4466 5674 4465 5741 4456 5492 6733 5618 4466 5674 4452 5616 4452 5616 4453 5675 6733 5618 4453 5675 4454 5550 6733 5618 6732 5742 6733 5618 7087 5676 7087 5676 7086 5552 7100 5677 7099 5619 7037 5743 7100 5677 7098 5620 7035 5678 7099 5619 7033 5558 7035 5678 7098 5620 7036 5679 7035 5678 7034 5559 7047 5622 7046 5744 7036 5679 7047 5622 7067 5680 7046 5744 6783 5560 6618 5745 7067 5680 6783 5560 6782 5681 6781 5746 6782 5681 6784 5623 7843 5682 5923 0 5921 0 2372 0 2432 3747 2436 3746 2707 2801 7301 5502 6271 5684 6270 5683 2278 2794 2345 2636 2333 3932 6269 5624 6268 4932 5824 4931 5828 5625 5827 2797 5826 5347 5811 5688 5814 5747 5894 2229 5808 5689 5811 5688 5893 5567 5805 5690 5808 5689 5892 5568 5802 5691 5805 5690 5891 5569 5799 5748 5802 5691 5890 5627 5889 5692 5799 5748 5890 5627 5872 5570 5871 5749 5889 5692 5872 5570 5430 5693 5871 5749 5429 5750 5430 5693 5869 5628 5869 5628 5435 5629 5434 5694 5433 5572 5420 5695 5434 5694 5420 5695 5439 5631 5422 5751 5439 5631 5438 5632 5422 5751 5422 5751 5438 5632 5437 5696 5436 5752 5437 5696 5530 5574 5436 5752 5530 5574 5469 5697 5443 5698 5469 5697 5442 5575 5419 5753 5443 5698 5441 5633 5441 5633 5445 5634 5419 5753 5445 5634 5444 5699 5419 5753 5418 5700 5444 5699 5614 5576 5417 5754 5418 5700 5613 5635 5612 5636 5446 5755 5613 5635 5611 5637 5454 5756 5612 5636 5610 5701 5451 5757 5611 5637 5459 5758 5610 5701 5526 5638 5316 5702 5317 5759 5526 5638 5320 5703 5316 5702 5527 5577 5321 5639 5319 5760 5320 5703 5321 5639 5324 5704 5319 5760 5324 5704 5534 5514 5323 5705 5327 5643 5323 5705 5329 5640 5329 5640 5328 5641 5327 5643 5328 5641 5326 5706 5327 5643 5326 5706 5646 5578 5325 5642 5327 5643 5326 5706 5325 5642 5290 5644 5322 5761 5327 5643 5335 5645 5334 5707 5290 5644 5630 5582 5333 5762 5334 5707 5286 5708 5333 5762 5630 5582 5285 5763 5286 5708 5643 5583 5340 5709 5285 5763 5643 5583 5339 5764 5340 5709 5642 5646 5641 5765 5642 5646 5702 5647 5704 5648 5641 5765 5702 5647 5706 5649 5640 5766 5704 5648 5708 5650 5639 5767 5706 5649 5710 5710 5631 5768 5708 5650 5711 5711 5710 5710 5709 5584 5766 5712 5711 5711 5765 5585 5767 5769 5766 5712 5779 5651 5780 5713 5767 5769 5779 5651 5720 5714 5780 5713 5719 5587 5721 5588 5749 5715 5720 5714 5750 5652 5755 5770 5749 5715 5751 5653 5757 5771 5750 5652 5748 5716 5789 5772 5751 5653 5752 5773 5748 5716 5747 5589 5752 5773 5747 5589 5744 5717 5740 5591 5738 5718 5744 5717 5739 5592 5698 5719 5738 5718 5691 5608 4375 5774 5698 5719 4231 5720 4227 5775 5691 5608 4230 5724 4231 5720 5690 5526 4218 5722 4216 5658 4217 5655 4192 5656 4218 5722 4217 5655 4193 5721 4219 5776 4192 5656 4193 5721 4195 5657 7660 5191 4218 5722 4219 5776 7660 5191 4229 5723 4230 5724 5690 5526 4230 5724 4229 5723 4220 5603 4231 5720 4230 5724 4228 5659 4228 5659 4226 5725 4227 5775 4225 5777 4226 5725 7659 5324 4241 5660 4239 5661 7659 5324 4239 5661 4112 5726 7659 5324 4114 5607 4113 5727 4112 5726 4238 5662 4237 5728 4113 5727 4237 5728 5692 5387 4235 5729 4235 5729 4233 5663 4234 5778 4233 5663 4232 5730 4225 5777 5691 5608 4227 5775 4232 5730 4431 5731 4369 5779 5691 5608 4431 5731 4425 5545 4369 5779 4425 5545 4430 5732 4369 5779 4423 5780 4430 5732 6622 5665 6622 5665 6621 5666 6620 5781 7653 5733 6621 5666 6725 5667 6718 5668 6719 5734 7653 5733 7653 5733 6719 5734 6711 5669 6713 5735 6712 5782 6711 5669 6715 5783 6713 5735 4437 5670 4438 5736 6715 5783 4437 5670 4439 5784 4438 5736 4434 5326 4442 5737 4441 5785 4434 5326 6728 5738 4442 5737 4443 5671 7076 5786 6728 5738 7075 5672 7104 5787 7075 5672 7090 5739 7090 5739 6729 5614 6730 5788 6729 5614 4458 5673 6730 5788 6730 5788 4458 5673 4459 5740 4460 5789 4459 5740 4456 5492 4456 5492 4465 5741 4464 5790 4465 5741 4466 5674 6733 5618 6732 5742 4465 5741 6733 5618 7088 5791 6732 5742 7087 5676 7101 5792 7087 5676 7100 5677 7037 5743 7039 5793 7100 5677 7035 5678 7037 5743 7099 5619 7037 5743 7035 5678 7036 5679 7036 5679 7046 5744 7038 5794 7067 5680 7066 5795 7046 5744 6618 5745 7068 5796 7067 5680 7074 5797 6618 5745 6783 5560 6781 5746 7074 5797 6783 5560 7843 5682 6781 5746 6782 5681 5922 5798 2372 3846 5921 5799 5923 5800 5922 5798 5921 5799 5925 5801 5924 5802 5923 5800 5823 3422 5821 5803 5822 5804 2334 5450 2343 2287 2335 2219 5817 5805 5814 5747 5816 5806 5814 5747 5811 5688 5813 5807 5811 5688 5808 5689 5810 5808 5808 5689 5805 5690 5807 5809 5805 5690 5802 5691 5804 5810 5802 5691 5799 5748 5801 5811 5797 5812 5799 5748 5889 5692 5889 5692 5871 5749 5888 5813 5430 5693 5431 5814 5871 5749 5420 5695 5430 5693 5429 5750 5434 5694 5429 5750 5869 5628 5434 5694 5420 5695 5429 5750 5422 5751 5421 5815 5420 5695 5437 5696 5436 5752 5422 5751 5436 5752 5469 5697 5443 5698 5465 5816 5443 5698 5419 5753 5419 5753 5444 5699 5418 5700 5419 5753 5418 5700 5417 5754 5446 5755 5417 5754 5613 5635 5448 5817 5446 5755 5612 5636 5454 5756 5448 5817 5612 5636 5449 5818 5454 5756 5611 5637 5451 5757 5449 5818 5611 5637 5453 5819 5451 5757 5610 5701 5610 5701 5459 5758 5457 5820 5461 5821 5459 5758 5526 5638 5317 5759 5318 5822 5526 5638 5313 5823 5317 5759 5316 5702 5320 5703 5319 5760 5316 5702 5324 5704 5323 5705 5319 5760 5322 5761 5323 5705 5327 5643 5378 5824 5322 5761 5290 5644 5290 5644 5334 5707 5287 5825 5334 5707 5333 5762 5287 5825 5287 5825 5333 5762 5286 5708 5287 5825 5286 5708 5285 5763 5285 5763 5340 5709 5287 5825 5340 5709 5339 5764 5287 5825 5337 5826 5339 5764 5642 5646 5642 5646 5641 5765 5336 5827 5640 5766 5641 5765 5704 5648 5639 5767 5640 5766 5706 5649 5631 5768 5639 5767 5708 5650 5638 5828 5631 5768 5710 5710 5712 5829 5710 5710 5711 5711 5713 5830 5711 5711 5766 5712 5767 5769 5713 5830 5766 5712 5768 5831 5767 5769 5780 5713 5781 5832 5780 5713 5720 5714 5749 5715 5781 5832 5720 5714 5755 5770 5633 5833 5749 5715 5757 5771 5755 5770 5750 5652 5789 5772 5757 5771 5751 5653 4417 5834 5789 5772 5748 5716 4395 5835 5748 5716 5752 5773 5743 5836 5752 5773 5744 5717 5744 5717 5738 5718 5743 5836 5738 5718 5698 5719 5700 5837 5698 5719 4375 5774 4376 5838 5691 5608 4374 5839 4375 5774 4227 5775 4231 5720 4228 5659 4219 5776 4218 5722 4192 5656 7660 5191 4219 5776 4193 5721 4227 5775 4226 5725 4225 5777 7659 5324 4234 5778 4225 5777 7659 5324 4112 5726 4113 5727 4113 5727 4237 5728 4236 5840 4237 5728 4235 5729 4236 5840 4236 5840 4235 5729 4234 5778 4234 5778 4233 5663 4225 5777 4225 5777 4232 5730 4227 5775 4369 5779 4362 5841 5691 5608 4369 5779 4430 5732 4423 5780 6726 5842 4423 5780 6622 5665 6620 5781 6724 5843 6622 5665 6620 5781 6621 5666 7653 5733 6711 5669 6712 5782 7653 5733 6714 5844 6712 5782 6713 5735 6715 5783 6714 5844 6713 5735 6720 5845 6715 5783 4438 5736 4438 5736 4439 5784 6611 5846 4434 5326 4440 5847 4439 5784 4441 5785 4440 5847 4434 5326 6610 5848 4441 5785 4442 5737 6610 5848 4442 5737 6728 5738 6865 5849 6728 5738 7076 5786 7076 5786 7075 5672 7104 5787 7104 5787 7090 5739 6585 5850 7090 5739 6730 5788 7089 5851 4460 5789 6730 5788 4459 5740 4461 5852 4460 5789 4456 5492 4464 5790 4463 5853 4456 5492 4464 5790 4465 5741 6732 5742 6731 5854 6732 5742 7088 5791 7088 5791 7087 5676 7101 5792 7100 5677 7039 5793 7101 5792 7039 5793 7037 5743 7038 5794 7038 5794 7037 5743 7036 5679 7046 5744 7045 5855 7038 5794 7046 5744 7066 5795 7045 5855 7067 5680 7068 5796 7066 5795 6619 5856 7068 5796 6618 5745 6618 5745 7074 5797 7843 5682 7843 5682 7074 5797 6781 5746 5924 5802 5922 5798 5923 5800 5926 5857 5924 5802 5925 5801 5927 5858 5926 5857 5925 5801 5988 5859 5919 5860 5987 5861 5988 5859 5821 5803 5919 5860 5820 5862 5821 5803 5823 3422 5824 4931 5820 5862 5823 3422 5896 5348 5820 5862 5825 4930 5818 5863 5817 5805 5816 5806 5816 5806 5814 5747 5815 5864 5815 5864 5814 5747 5813 5807 5813 5807 5811 5688 5812 5865 5812 5865 5811 5688 5810 5808 5810 5808 5808 5689 5809 5866 5809 5866 5808 5689 5807 5809 5807 5809 5805 5690 5806 5867 5806 5867 5805 5690 5804 5810 5804 5810 5802 5691 5803 5868 5803 5868 5802 5691 5801 5811 5801 5811 5799 5748 5800 5869 5799 5748 5797 5812 5798 5870 5888 5813 5797 5812 5889 5692 5871 5749 5472 5871 5888 5813 5871 5749 5431 5814 5421 5815 5431 5814 5430 5693 5420 5695 5421 5815 5431 5814 5420 5695 5423 5872 5421 5815 5422 5751 5422 5751 5436 5752 5470 5873 5470 5873 5436 5752 5443 5698 5443 5698 5465 5816 5269 5874 5463 5875 5465 5816 5419 5753 5446 5755 5419 5753 5417 5754 5448 5817 5447 5876 5446 5755 5454 5756 5447 5876 5448 5817 5449 5818 5455 5877 5454 5756 5451 5757 5450 5878 5449 5818 5453 5819 5452 5879 5451 5757 5457 5820 5453 5819 5610 5701 5459 5758 5458 5880 5457 5820 5461 5821 5460 5881 5459 5758 5526 5638 5315 5882 5461 5821 5526 5638 5318 5822 5314 5883 5318 5822 5317 5759 5313 5823 5319 5760 5313 5823 5316 5702 5319 5760 5323 5705 5322 5761 5378 5824 5386 5884 5322 5761 5287 5825 5378 5824 5290 5644 5287 5825 5339 5764 5338 5885 5339 5764 5337 5826 5338 5885 5337 5826 5642 5646 5336 5827 5336 5827 5641 5765 5345 5886 5640 5766 5342 5887 5641 5765 5639 5767 5349 5888 5640 5766 5639 5767 5631 5768 5352 5889 5638 5828 5354 5890 5631 5768 5712 5829 5638 5828 5710 5710 5713 5830 5712 5829 5711 5711 5715 5891 5713 5830 5767 5769 5768 5831 5715 5891 5767 5769 5781 5832 5768 5831 5780 5713 5749 5715 5633 5833 5781 5832 5755 5770 5754 5892 5633 5833 5757 5771 5756 5893 5755 5770 5757 5771 5789 5772 5791 5894 5789 5772 4417 5834 4409 5895 4416 5896 4417 5834 5748 5716 4390 5897 5748 5716 4395 5835 4399 5898 4395 5835 5752 5773 4399 5898 5752 5773 5743 5836 5738 5718 5700 5837 5743 5836 5698 5719 4380 5899 5700 5837 4376 5838 4377 5900 5698 5719 4376 5838 4375 5774 4372 5901 4375 5774 4374 5839 4372 5901 4373 5902 4374 5839 5691 5608 4236 5840 4234 5778 7659 5324 4113 5727 4236 5840 7659 5324 5691 5608 4362 5841 4370 5903 4369 5779 4368 5904 4362 5841 4423 5780 4422 5905 4369 5779 6726 5842 4422 5905 4423 5780 6622 5665 6641 5906 6726 5842 6724 5843 6723 5907 6622 5665 6724 5843 6620 5781 7653 5733 6712 5782 6714 5844 7653 5733 7653 5733 6714 5844 6715 5783 6715 5783 6720 5845 7653 5733 6611 5846 6720 5845 4438 5736 4439 5784 4440 5847 6611 5846 4440 5847 4441 5785 6610 5848 6865 5849 6610 5848 6728 5738 7077 5908 6865 5849 7076 5786 7105 5909 7076 5786 7104 5787 6583 5910 7104 5787 6585 5850 6585 5850 7090 5739 7103 5911 7090 5739 7089 5851 7103 5911 6730 5788 6731 5854 7089 5851 6731 5854 6730 5788 4460 5789 4461 5852 6731 5854 4460 5789 4456 5492 4462 5912 4461 5852 4463 5853 4462 5912 4456 5492 4463 5853 4464 5790 6732 5742 6732 5742 6731 5854 4462 5912 7089 5851 6731 5854 7088 5791 7102 5913 7088 5791 7101 5792 7039 5793 7040 5914 7101 5792 7016 5915 7039 5793 7038 5794 7038 5794 7045 5855 7016 5915 7066 5795 7065 5916 7045 5855 7068 5796 7062 5917 7066 5795 7069 5918 7068 5796 6619 5856 6619 5856 6618 5745 6617 5919 7851 5920 6618 5745 7843 5682 5924 5802 6011 5921 5922 5798 5926 5857 6012 5922 5924 5802 5928 5923 5926 5857 5927 5858 5987 5861 5920 5924 5986 5925 5919 5860 5920 5924 5987 5861 5821 5803 5819 5926 5919 5860 5821 5803 5820 5862 5819 5926 5820 5862 5817 5805 5819 5926 5819 5926 5817 5805 5818 5863 5818 5863 5816 5806 5916 5927 5816 5806 5815 5864 5915 5928 5815 5864 5813 5807 5913 5929 5813 5807 5812 5865 5912 5930 5812 5865 5810 5808 5910 5931 5810 5808 5809 5866 5909 5932 5809 5866 5807 5809 5907 5933 5807 5809 5806 5867 5906 5934 5806 5867 5804 5810 5904 5935 5804 5810 5803 5868 5903 5936 5803 5868 5801 5811 5901 5937 5801 5811 5800 5869 5900 5938 5800 5869 5799 5748 5798 5870 5798 5870 5797 5812 5796 5939 5523 5940 5797 5812 5888 5813 5888 5813 5472 5871 5262 5941 5871 5749 5474 5942 5472 5871 5421 5815 5423 5872 5871 5749 5423 5872 5422 5751 5428 5943 5471 5944 5422 5751 5470 5873 5470 5873 5443 5698 5268 5945 5268 5945 5443 5698 5269 5874 5269 5874 5465 5816 5276 5946 5465 5816 5463 5875 5276 5946 5419 5753 5464 5947 5463 5875 5447 5876 5419 5753 5446 5755 5455 5877 5447 5876 5454 5756 5456 5948 5455 5877 5449 5818 5450 5878 5456 5948 5449 5818 5452 5879 5450 5878 5451 5757 5457 5820 5452 5879 5453 5819 5458 5880 5452 5879 5457 5820 5460 5881 5458 5880 5459 5758 5462 5949 5460 5881 5461 5821 5315 5882 5462 5949 5461 5821 5314 5883 5315 5882 5526 5638 5314 5883 5318 5822 5313 5823 5385 5950 5313 5823 5319 5760 5322 5761 5385 5950 5319 5760 5386 5884 5385 5950 5322 5761 5387 5951 5386 5884 5378 5824 5379 5952 5378 5824 5287 5825 5338 5885 5379 5952 5287 5825 5338 5885 5337 5826 5336 5827 5336 5827 5345 5886 5338 5885 5641 5765 5344 5953 5345 5886 5342 5887 5344 5953 5641 5765 5341 5954 5342 5887 5640 5766 5349 5888 5341 5954 5640 5766 5347 5955 5349 5888 5639 5767 5346 5956 5639 5767 5352 5889 5352 5889 5631 5768 5351 5957 5354 5890 5356 5958 5631 5768 5353 5959 5354 5890 5638 5828 5637 5960 5638 5828 5712 5829 5714 5961 5712 5829 5713 5830 5715 5891 5714 5961 5713 5830 5768 5831 5635 5962 5715 5891 5781 5832 5634 5963 5768 5831 5633 5833 5634 5963 5781 5832 5754 5892 5753 5964 5633 5833 5756 5893 5754 5892 5755 5770 5758 5965 5756 5893 5757 5771 5792 5966 5757 5771 5791 5894 5791 5894 5789 5772 5790 5967 5789 5772 4409 5895 5790 5967 4409 5895 4417 5834 4414 5968 4417 5834 4416 5896 4414 5968 4416 5896 5748 5716 4390 5897 4395 5835 4394 5969 4390 5897 4395 5835 4399 5898 4394 5969 5699 5970 4399 5898 5743 5836 5743 5836 5700 5837 5699 5970 5700 5837 4380 5899 4381 5971 5698 5719 4379 5972 4380 5899 4377 5900 4378 5973 5698 5719 4372 5901 4377 5900 4376 5838 4372 5901 4374 5839 4373 5902 4371 5974 4373 5902 5691 5608 5691 5608 4370 5903 4371 5974 4371 5974 4370 5903 4362 5841 4368 5904 4367 5975 4362 5841 4369 5779 4418 5976 4368 5904 4422 5905 4421 5977 4369 5779 4421 5977 4422 5905 6726 5842 6641 5906 6882 5978 6726 5842 6637 5979 6641 5906 6622 5665 6622 5665 6723 5907 6722 5980 7653 5733 6723 5907 6724 5843 6720 5845 6721 5981 7653 5733 6721 5981 6720 5845 6611 5846 6611 5846 4440 5847 6610 5848 6612 5982 6610 5848 6865 5849 6703 5983 6865 5849 7077 5908 7077 5908 7076 5786 7105 5909 7105 5909 7104 5787 6583 5910 6585 5850 6584 5984 6583 5910 7103 5911 7012 5985 6585 5850 7103 5911 7089 5851 7102 5913 4462 5912 6731 5854 4461 5852 4463 5853 6732 5742 4462 5912 7089 5851 7088 5791 7102 5913 7101 5792 7040 5914 7102 5913 7040 5914 7039 5793 7016 5915 7045 5855 7044 5986 7016 5915 7045 5855 7065 5916 7044 5986 7066 5795 7062 5917 7065 5916 7069 5918 7062 5917 7068 5796 6786 5987 7069 5918 6619 5856 6617 5919 6790 5988 6619 5856 6617 5919 6618 5745 7851 5920 6012 5922 6011 5921 5924 5802 6013 5989 6012 5922 5926 5857 5929 5990 5926 5857 5928 5923 5930 5991 5929 5990 5928 5923 5986 5925 5982 5992 5983 5993 5920 5924 5982 5992 5986 5925 5920 5924 5919 5860 5918 5994 5919 5860 5819 5926 5918 5994 5819 5926 5818 5863 5918 5994 5918 5994 5818 5863 5916 5927 5916 5927 5816 5806 5915 5928 5915 5928 5815 5864 5913 5929 5913 5929 5813 5807 5912 5930 5912 5930 5812 5865 5910 5931 5910 5931 5810 5808 5909 5932 5909 5932 5809 5866 5907 5933 5907 5933 5807 5809 5906 5934 5906 5934 5806 5867 5904 5935 5904 5935 5804 5810 5903 5936 5903 5936 5803 5868 5901 5937 5901 5937 5801 5811 5900 5938 5900 5938 5800 5869 5898 5995 5800 5869 5798 5870 5898 5995 5798 5870 5796 5939 5897 5996 5797 5812 5525 5997 5796 5939 5523 5940 5524 5998 5797 5812 5262 5941 5523 5940 5888 5813 5261 5999 5262 5941 5472 5871 5472 5871 5474 5942 5261 5999 5473 6000 5474 5942 5871 5749 5423 5872 5426 6001 5871 5749 5426 6001 5423 5872 5428 5943 5428 5943 5422 5751 5468 6002 5468 6002 5422 5751 5471 5944 5471 5944 5470 5873 5266 6003 5266 6003 5470 5873 5268 5945 5269 5874 5267 6004 5268 5945 5269 5874 5276 5946 5267 6004 5276 5946 5463 5875 5464 5947 5419 5753 5466 6005 5464 5947 5447 5876 5467 6006 5419 5753 5455 5877 5476 6007 5447 5876 5455 5877 5456 5948 5476 6007 5456 5948 5450 5878 5476 6007 5476 6007 5450 5878 5452 5879 5475 6008 5452 5879 5458 5880 5458 5880 5460 5881 5475 6008 5312 6009 5460 5881 5462 5949 5462 5949 5315 5882 5312 6009 5315 5882 5314 5883 5313 5823 5385 5950 5311 6010 5313 5823 5386 5884 5393 6011 5385 5950 5387 5951 5394 6012 5386 5884 5379 5952 5387 5951 5378 5824 5380 6013 5379 5952 5338 5885 5345 5886 5344 5953 5338 5885 5344 5953 5342 5887 5343 6014 5343 6014 5342 5887 5341 5954 5341 5954 5349 5888 5343 6014 5349 5888 5347 5955 5343 6014 5346 5956 5347 5955 5639 5767 5346 5956 5352 5889 5348 6015 5352 5889 5351 5957 5348 6015 5631 5768 5350 6016 5351 5957 5631 5768 5356 5958 5350 6016 5356 5958 5354 5890 5355 6017 5355 6017 5354 5890 5353 5959 5362 6018 5353 5959 5638 5828 5637 5960 5362 6018 5638 5828 5714 5961 5637 5960 5712 5829 5715 5891 5636 6019 5714 5961 5635 5962 5636 6019 5715 5891 5634 5963 5635 5962 5768 5831 5634 5963 5633 5833 5484 6020 5633 5833 5753 5964 5632 6021 5758 5965 5757 5771 5792 5966 5790 5967 4409 5895 4410 6022 4414 5968 4413 6023 4409 5895 4414 5968 4416 5896 4415 6024 4416 5896 4390 5897 4415 6024 4394 5969 4393 6025 4390 5897 4399 5898 4398 6026 4394 5969 4398 6026 4399 5898 5699 5970 5700 5837 4388 6027 5699 5970 4381 5971 4382 6028 5700 5837 4381 5971 4380 5899 4372 5901 4372 5901 4380 5899 4379 5972 4378 5973 4379 5972 5698 5719 4378 5973 4377 5900 4372 5901 4373 5902 4371 5974 4372 5901 4371 5974 4362 5841 4372 5901 4362 5841 4367 5975 4361 6029 6613 6030 4367 5975 4368 5904 4418 5976 6613 6030 4368 5904 4419 6031 4418 5976 4369 5779 4369 5779 4421 5977 4420 6032 6864 6033 4421 5977 6726 5842 6726 5842 6882 5978 6864 6033 6641 5906 6883 6034 6882 5978 6641 5906 6637 5979 6640 6035 6722 5980 6637 5979 6622 5665 6722 5980 6723 5907 7653 5733 7653 5733 6721 5981 6707 6036 6707 6036 6721 5981 6611 5846 6612 5982 6611 5846 6610 5848 6703 5983 6612 5982 6865 5849 6698 6037 6703 5983 7077 5908 6885 6038 7077 5908 7105 5909 6885 6038 7105 5909 6583 5910 6884 6039 6583 5910 6584 5984 6585 5850 6886 6040 6584 5984 7012 5985 6886 6040 6585 5850 7041 6041 7012 5985 7103 5911 7102 5913 7041 6041 7103 5911 7040 5914 7041 6041 7102 5913 7014 6042 7040 5914 7016 5915 7016 5915 7044 5986 7015 6043 7065 5916 7064 6044 7044 5986 7062 5917 6932 6045 7065 5916 7061 6046 7062 5917 7069 5918 7070 6047 7069 5918 6786 5987 6619 5856 6787 6048 6786 5987 6790 5988 6789 6049 6619 5856 6790 5988 6617 5919 7851 5920 6012 5922 6031 6050 6011 5921 6013 5989 6032 6051 6012 5922 5929 5990 6013 5989 5926 5857 5930 5991 5934 6052 5929 5990 5933 0 5930 0 5932 0 5984 6053 5983 5993 5982 5992 5920 5924 6030 6054 5982 5992 5918 5994 5917 6055 5920 5924 5916 5927 5917 6055 5918 5994 5917 6055 5916 5927 5915 5928 5913 5929 5914 6056 5915 5928 5914 6056 5913 5929 5912 5930 5910 5931 5911 6057 5912 5930 5911 6057 5910 5931 5909 5932 5907 5933 5908 6058 5909 5932 5908 6058 5907 5933 5906 5934 5904 5935 5905 6059 5906 5934 5905 6059 5904 5935 5903 5936 5901 5937 5902 6060 5903 5936 5902 6060 5901 5937 5900 5938 5898 5995 5899 6061 5900 5938 5898 5995 5798 5870 5897 5996 5897 5996 5796 5939 5990 6062 5796 5939 5525 5997 5990 6062 5524 5998 5525 5997 5797 5812 5524 5998 5523 5940 5263 6063 5263 6063 5523 5940 5262 5941 5263 6063 5262 5941 5261 5999 5474 5942 5473 6000 5261 5999 5424 6064 5473 6000 5871 5749 5871 5749 5426 6001 5424 6064 5428 5943 5427 6065 5426 6001 5270 6066 5428 5943 5468 6002 5270 6066 5468 6002 5471 5944 5264 6067 5471 5944 5266 6003 5268 5945 5267 6004 5266 6003 5276 5946 5253 6068 5267 6004 5464 5947 5200 6069 5276 5946 5466 6005 5199 6070 5464 5947 5467 6006 5466 6005 5419 5753 5447 5876 5476 6007 5467 6006 5476 6007 5452 5879 5475 6008 5475 6008 5460 5881 5312 6009 5313 5823 5312 6009 5315 5882 5311 6010 5312 6009 5313 5823 5393 6011 5311 6010 5385 5950 5394 6012 5393 6011 5386 5884 5395 6071 5394 6012 5387 5951 5388 6072 5387 5951 5379 5952 5380 6013 5388 6072 5379 5952 5343 6014 5380 6013 5338 5885 5338 5885 5344 5953 5343 6014 5343 6014 5347 5955 5348 6015 5348 6015 5347 5955 5346 5956 5348 6015 5351 5957 5350 6016 5350 6016 5356 5958 5355 6017 5353 5959 5362 6018 5355 6017 5361 6073 5362 6018 5637 5960 5357 6074 5637 5960 5714 5961 5636 6019 5363 6075 5714 5961 5636 6019 5635 5962 5488 6076 5635 5962 5634 5963 5486 6077 5486 6077 5634 5963 5484 6020 5484 6020 5633 5833 5483 6078 5633 5833 5632 6021 5483 6078 4411 6079 4410 6022 4409 5895 4413 6023 4412 6080 4409 5895 4413 6023 4414 5968 6857 6081 6614 6082 4414 5968 4415 6024 4415 6024 4390 5897 4391 6083 4390 5897 4393 6025 4392 6084 4393 6025 4394 5969 6859 6085 4394 5969 4398 6026 4397 6086 4387 6087 4398 6026 5699 5970 5699 5970 4388 6027 4386 6088 5700 5837 4389 6089 4388 6027 4382 6028 4383 6090 5700 5837 4382 6028 4381 5971 4372 5901 4379 5972 4378 5973 4372 5901 4372 5901 4362 5841 4363 6091 4362 5841 4361 6029 4358 6092 4361 6029 4367 5975 6863 6093 6863 6093 4367 5975 6613 6030 6864 6033 6613 6030 4418 5976 4419 6031 6864 6033 4418 5976 4420 6032 4419 6031 4369 5779 4420 6032 4421 5977 6864 6033 6882 5978 6880 6094 6864 6033 6883 6034 6881 6095 6882 5978 6645 6096 6883 6034 6641 5906 6642 6097 6641 5906 6640 6035 6640 6035 6637 5979 6635 6098 6639 6099 6637 5979 6722 5980 6639 6099 6722 5980 7653 5733 6707 6036 6708 6100 7653 5733 6611 5846 6708 6100 6707 6036 6612 5982 6709 6101 6611 5846 6706 6102 6612 5982 6703 5983 6704 6103 6703 5983 6698 6037 6698 6037 7077 5908 6885 6038 6885 6038 6583 5910 6884 6039 6584 5984 6604 6104 6884 6039 6886 6040 6604 6104 6584 5984 7012 5985 7011 6105 6886 6040 7012 5985 7041 6041 7014 6042 7041 6041 7040 5914 7014 6042 7016 5915 7015 6043 7014 6042 7044 5986 7043 6106 7015 6043 7044 5986 7064 6044 7043 6106 7065 5916 6932 6045 7064 6044 7062 5917 7061 6046 6932 6045 7070 6047 7061 6046 7069 5918 6793 6107 7070 6047 6786 5987 6787 6048 6795 6108 6786 5987 6788 6109 6787 6048 6619 5856 6619 5856 6789 6049 6788 6109 7851 5920 6789 6049 6790 5988 6032 6051 6031 6050 6012 5922 6033 6110 6032 6051 6013 5989 6014 6111 6013 5989 5929 5990 5934 6052 5933 6112 5929 5990 5934 6113 5930 6113 5933 6113 5933 6112 5932 6114 5931 6115 5935 6116 5931 6115 5932 6114 5841 4997 5843 4936 6545 2809 5985 6117 5984 6053 5980 6118 5980 6118 5984 6053 5982 5992 6030 6054 6029 6119 5982 5992 5917 6055 6030 6054 5920 5924 5915 5928 5914 6056 5917 6055 5912 5930 5911 6057 5914 6056 5909 5932 5908 6058 5911 6057 5906 5934 5905 6059 5908 6058 5903 5936 5902 6060 5905 6059 5900 5938 5899 6061 5902 6060 5899 6061 5898 5995 5897 5996 5990 6062 5989 6120 5897 5996 5990 6062 5525 5997 5491 6121 5275 6122 5525 5997 5524 5998 5274 6123 5524 5998 5263 6063 5272 6124 5263 6063 5261 5999 5261 5999 5473 6000 5425 6125 5473 6000 5424 6064 5425 6125 5426 6001 5425 6125 5424 6064 5427 6065 5425 6125 5426 6001 5427 6065 5428 5943 5270 6066 5270 6066 5471 5944 5264 6067 5266 6003 5265 6126 5264 6067 5267 6004 5265 6126 5266 6003 5267 6004 5253 6068 5202 6127 5200 6069 5253 6068 5276 5946 5199 6070 5200 6069 5464 5947 5247 6128 5199 6070 5466 6005 5467 6006 5247 6128 5466 6005 5476 6007 5252 6129 5467 6006 5248 6130 5476 6007 5475 6008 5310 6131 5475 6008 5312 6009 5312 6009 5311 6010 5310 6131 5393 6011 5403 6132 5311 6010 5394 6012 5405 6133 5393 6011 5395 6071 5407 6134 5394 6012 5388 6072 5395 6071 5387 5951 5389 6135 5388 6072 5380 6013 5381 6136 5380 6013 5343 6014 5348 6015 5381 6136 5343 6014 5355 6017 5348 6015 5350 6016 5362 6018 5359 6137 5355 6017 5362 6018 5361 6073 5359 6137 5360 6138 5361 6073 5637 5960 5357 6074 5358 6139 5637 5960 5714 5961 5363 6075 5357 6074 5636 6019 5365 6140 5363 6075 5478 6141 5636 6019 5488 6076 5488 6076 5635 5962 5487 6142 5487 6142 5635 5962 5486 6077 5485 6143 5486 6077 5484 6020 5484 6020 5483 6078 5482 6144 5483 6078 5632 6021 5482 6144 4409 5895 4412 6080 4411 6079 4412 6080 4413 6023 6857 6081 6857 6081 4414 5968 6614 6082 4415 6024 4391 6083 6614 6082 4392 6084 4391 6083 4390 5897 4392 6084 4393 6025 6859 6085 6859 6085 4394 5969 6861 6145 4394 5969 4397 6086 6861 6145 4398 6026 4387 6087 4397 6086 5699 5970 4386 6088 4387 6087 4388 6027 4387 6087 4386 6088 4389 6089 4372 5901 4388 6027 4385 6146 4389 6089 5700 5837 5700 5837 4383 6090 4384 6147 4372 5901 4383 6090 4382 6028 6862 6148 4372 5901 4363 6091 4362 5841 4364 6149 4363 6091 4358 6092 4365 6150 4362 5841 4361 6029 4360 6151 4358 6092 4360 6151 4361 6029 6863 6093 6613 6030 6878 6152 6863 6093 6864 6033 6880 6094 6613 6030 4419 6031 4420 6032 6864 6033 6882 5978 6881 6095 6880 6094 6883 6034 6902 6153 6881 6095 6645 6096 6904 6154 6883 6034 6642 6097 6645 6096 6641 5906 7654 6155 6642 6097 6640 6035 6640 6035 6635 6098 7654 6155 6637 5979 6636 6156 6635 6098 6639 6099 6638 6157 6637 5979 7653 5733 6638 6157 6639 6099 6708 6100 6709 6101 7653 5733 6709 6101 6708 6100 6611 5846 6710 6158 6709 6101 6612 5982 6706 6102 6705 6159 6612 5982 6701 6160 6706 6102 6703 5983 6704 6103 6702 6161 6703 5983 6699 6162 6704 6103 6698 6037 6692 6163 6698 6037 6885 6038 6692 6163 6885 6038 6884 6039 6604 6104 6605 6164 6884 6039 6887 6165 6604 6104 6886 6040 7011 6105 6887 6165 6886 6040 7013 6166 7011 6105 7012 5985 7014 6042 7013 6166 7012 5985 7015 6043 7013 6166 7014 6042 7015 6043 7043 6106 7013 6166 7064 6044 7063 6167 7043 6106 6932 6045 6930 6168 7064 6044 6932 6045 7061 6046 6933 6169 7060 6170 7061 6046 7070 6047 7071 6171 7070 6047 6793 6107 6786 5987 6794 6172 6793 6107 6795 6108 6794 6172 6786 5987 6787 6048 7850 6173 6795 6108 6787 6048 6788 6109 7851 5920 6788 6109 6789 6049 7851 5920 6032 6051 6051 6174 6031 6050 6033 6110 6052 6175 6032 6051 6014 6111 6033 6110 6013 5989 5931 6115 6014 6111 5929 5990 5929 5990 5933 6112 5931 6115 5936 6176 5931 6115 5935 6116 5937 6177 5936 6176 5935 6116 5981 6178 5985 6117 5980 6118 5982 5992 6029 6119 5980 6118 6030 6054 6049 6179 6029 6119 5917 6055 6050 6180 6030 6054 5914 6056 6050 6180 5917 6055 5911 6057 6070 6181 5914 6056 5908 6058 6090 6182 5911 6057 5905 6059 6110 6183 5908 6058 5902 6060 6130 6184 5905 6059 5899 6061 6150 6185 5902 6060 5897 5996 5989 6120 5899 6061 5990 6062 5490 6186 5989 6120 5491 6121 5490 6186 5990 6062 5491 6121 5525 5997 5275 6122 5275 6122 5524 5998 5274 6123 5274 6123 5263 6063 5272 6124 5261 5999 5273 6187 5272 6124 5261 5999 5425 6125 5273 6187 5425 6125 5427 6065 5271 6188 5271 6188 5427 6065 5270 6066 5270 6066 5264 6067 5272 6124 5264 6067 5265 6126 5272 6124 5265 6126 5267 6004 5203 6189 5203 6189 5267 6004 5202 6127 5253 6068 5254 6190 5202 6127 5255 6191 5253 6068 5200 6069 5201 6192 5200 6069 5199 6070 5247 6128 5201 6192 5199 6070 5467 6006 5252 6129 5247 6128 5476 6007 5251 6193 5252 6129 5248 6130 5249 6194 5476 6007 5248 6130 5475 6008 5257 6195 5309 6196 5475 6008 5310 6131 5311 6010 5308 6197 5310 6131 5403 6132 5307 6198 5311 6010 5405 6133 5403 6132 5393 6011 5407 6134 5405 6133 5394 6012 5409 6199 5407 6134 5395 6071 5396 6200 5395 6071 5388 6072 5389 6135 5396 6200 5388 6072 5381 6136 5389 6135 5380 6013 5382 6201 5381 6136 5348 6015 5377 6202 5348 6015 5355 6017 5355 6017 5359 6137 5376 6203 5361 6073 5360 6138 5359 6137 5637 5960 5358 6139 5360 6138 5359 6137 5358 6139 5357 6074 5363 6075 5359 6137 5357 6074 5365 6140 5364 6204 5363 6075 5284 6205 5365 6140 5636 6019 5478 6141 5479 6206 5636 6019 5478 6141 5488 6076 5480 6207 5488 6076 5487 6142 5480 6207 5487 6142 5486 6077 5485 6143 5485 6143 5484 6020 5482 6144 4411 6079 4412 6080 6858 6208 4412 6080 6857 6081 6858 6208 6614 6082 6867 6209 6857 6081 4391 6083 4392 6084 6614 6082 6614 6082 4392 6084 6859 6085 6861 6145 6870 6210 6859 6085 6861 6145 4397 6086 4396 6211 4397 6086 4387 6087 4396 6211 4372 5901 4387 6087 4388 6027 4385 6146 4372 5901 4389 6089 4384 6147 4385 6146 5700 5837 4384 6147 4383 6090 4372 5901 4407 6212 4372 5901 6862 6148 4363 6091 4364 6149 6862 6148 4365 6150 4364 6149 4362 5841 4366 6213 4365 6150 4358 6092 4360 6151 4359 6214 4358 6092 4360 6151 6863 6093 4359 6214 6878 6152 6876 6215 6863 6093 6880 6094 6878 6152 6613 6030 6881 6095 6879 6216 6880 6094 6902 6153 6900 6217 6881 6095 6904 6154 6902 6153 6883 6034 6648 6218 6904 6154 6645 6096 6644 6219 6645 6096 6642 6097 7654 6155 6644 6219 6642 6097 6635 6098 6636 6156 7654 6155 6638 6157 6636 6156 6637 5979 6636 6156 6638 6157 7653 5733 7653 5733 6709 6101 7654 6155 6709 6101 6710 6158 7654 6155 6705 6159 6710 6158 6612 5982 6705 6159 6706 6102 7654 6155 7654 6155 6706 6102 6701 6160 6703 5983 6702 6161 6701 6160 6702 6161 6704 6103 7655 6220 6704 6103 6699 6162 7655 6220 6700 6221 6699 6162 6698 6037 6700 6221 6698 6037 6692 6163 6884 6039 6605 6164 6692 6163 6606 6222 6605 6164 6604 6104 6887 6165 6606 6222 6604 6104 6928 6223 6887 6165 7011 6105 7013 6166 7042 6224 7011 6105 7043 6106 7042 6224 7013 6166 7043 6106 7063 6167 7042 6224 7064 6044 6930 6168 7063 6167 6933 6169 6930 6168 6932 6045 7061 6046 7060 6170 6933 6169 7071 6171 7060 6170 7070 6047 6796 6225 7071 6171 6793 6107 6794 6172 6792 6226 6793 6107 7850 6173 6794 6172 6795 6108 7851 5920 7850 6173 6787 6048 6052 6175 6051 6174 6032 6051 6053 6227 6052 6175 6033 6110 6034 6228 6033 6110 6014 6111 6015 6229 6014 6111 5931 6115 5936 6176 6015 6229 5931 6115 5937 6177 5941 6230 5936 6176 5981 6178 5980 6118 5979 6231 6029 6119 6028 6232 5980 6118 6049 6179 6048 6233 6029 6119 6050 6180 6049 6179 6030 6054 5914 6056 6070 6181 6050 6180 5911 6057 6090 6182 6070 6181 5908 6058 6110 6183 6090 6182 5905 6059 6130 6184 6110 6183 5902 6060 6150 6185 6130 6184 5899 6061 5993 6234 6150 6185 5989 6120 5993 6234 5899 6061 5490 6186 5489 6235 5989 6120 5491 6121 4956 6236 5490 6186 5244 6237 5491 6121 5275 6122 5275 6122 5274 6123 5203 6189 5203 6189 5274 6123 5272 6124 5273 6187 5271 6188 5272 6124 5273 6187 5425 6125 5271 6188 5272 6124 5271 6188 5270 6066 5272 6124 5265 6126 5203 6189 5204 6238 5203 6189 5202 6127 5202 6127 5254 6190 5204 6238 5255 6191 5254 6190 5253 6068 5201 6192 5255 6191 5200 6069 5247 6128 5252 6129 5201 6192 5252 6129 5251 6193 5201 6192 5249 6194 5251 6193 5476 6007 5250 6239 5249 6194 5248 6130 5223 6240 5248 6130 5257 6195 5257 6195 5475 6008 5207 6241 5475 6008 5309 6196 5207 6241 5310 6131 5308 6197 5309 6196 5311 6010 5307 6198 5308 6197 5403 6132 5402 6242 5307 6198 5405 6133 5404 6243 5403 6132 5407 6134 5406 6244 5405 6133 5409 6199 5408 6245 5407 6134 5396 6200 5409 6199 5395 6071 5397 6246 5396 6200 5389 6135 5390 6247 5389 6135 5381 6136 5382 6201 5390 6247 5381 6136 5377 6202 5382 6201 5348 6015 5376 6203 5377 6202 5355 6017 5359 6137 5364 6204 5376 6203 5359 6137 5360 6138 5358 6139 5364 6204 5359 6137 5363 6075 5366 6248 5364 6204 5365 6140 5284 6205 5366 6248 5365 6140 5636 6019 5481 6249 5284 6205 5479 6206 5481 6249 5636 6019 5480 6207 5479 6206 5478 6141 5480 6207 5487 6142 5485 6143 6858 6208 6857 6081 6856 6250 6867 6209 6866 6251 6857 6081 6868 6252 6867 6209 6614 6082 6859 6085 6868 6252 6614 6082 6870 6210 6868 6252 6859 6085 6872 6253 6870 6210 6861 6145 4396 6211 4402 6254 6861 6145 4387 6087 4402 6254 4396 6211 4372 5901 4408 6255 4387 6087 4385 6146 4384 6147 4372 5901 4407 6212 4408 6255 4372 5901 6860 6256 4407 6212 6862 6148 4364 6149 4365 6150 6862 6148 4365 6150 4366 6213 6863 6093 4359 6214 4366 6213 4358 6092 6863 6093 4366 6213 4359 6214 6863 6093 6876 6215 6862 6148 6878 6152 6877 6257 6876 6215 6880 6094 6879 6216 6878 6152 6881 6095 6900 6217 6879 6216 6902 6153 6901 6258 6900 6217 6904 6154 6903 6259 6902 6153 6648 6218 6905 6260 6904 6154 6643 6261 6648 6218 6645 6096 6645 6096 6644 6219 6643 6261 6643 6261 6644 6219 7654 6155 7654 6155 6636 6156 7653 5733 7654 6155 6710 6158 6705 6159 7655 6220 7654 6155 6701 6160 7655 6220 6701 6160 6702 6161 7655 6220 6699 6162 7656 6262 6699 6162 6700 6221 7656 6262 6693 6263 6700 6221 6692 6163 6605 6164 6695 6264 6692 6163 6606 6222 6689 6265 6605 6164 6687 6266 6606 6222 6887 6165 6928 6223 6687 6266 6887 6165 7042 6224 6928 6223 7011 6105 7063 6167 6929 6267 7042 6224 6930 6168 6929 6267 7063 6167 6931 6268 6930 6168 6933 6169 6933 6169 7060 6170 6934 6269 7059 6270 7060 6170 7071 6171 7072 6271 7071 6171 6796 6225 6793 6107 6800 6272 6796 6225 6793 6107 6792 6226 6791 6273 6792 6226 6794 6172 7850 6173 6052 6175 6071 6274 6051 6174 6053 6227 6072 6275 6052 6175 6034 6228 6053 6227 6033 6110 6015 6229 6034 6228 6014 6111 6016 6276 6015 6229 5936 6176 5941 6230 5940 6277 5936 6176 5939 0 5940 0 5941 0 5979 6231 5972 6278 5973 6279 5980 6118 5972 6278 5979 6231 5980 6118 6028 6232 5972 6278 6029 6119 6048 6233 6028 6232 6049 6179 6068 6280 6048 6233 6050 6180 6069 6281 6049 6179 6070 6181 6069 6281 6050 6180 6090 6182 6089 6282 6070 6181 6110 6183 6109 6283 6090 6182 6130 6184 6129 6284 6110 6183 6150 6185 6149 6285 6130 6184 5993 6234 5992 6286 6150 6185 5989 6120 5492 6287 5993 6234 5489 6235 5492 6287 5989 6120 5490 6186 4957 6288 5489 6235 4956 6236 4957 6288 5490 6186 4961 6289 4956 6236 5491 6121 5245 6290 5491 6121 5244 6237 5244 6237 5275 6122 5203 6189 5203 6189 5204 6238 5210 6291 5254 6190 5256 6292 5204 6238 5256 6292 5254 6190 5255 6191 5260 6293 5255 6191 5201 6192 5201 6192 5251 6193 5250 6239 5251 6193 5249 6194 5250 6239 5250 6239 5248 6130 5223 6240 5207 6241 5223 6240 5257 6195 5207 6241 5309 6196 5206 6294 5206 6294 5309 6196 5308 6197 5307 6198 5205 6295 5308 6197 5402 6242 5304 6296 5307 6198 5404 6243 5402 6242 5403 6132 5406 6244 5404 6243 5405 6133 5408 6245 5406 6244 5407 6134 5410 6297 5408 6245 5409 6199 5411 6298 5409 6199 5396 6200 5397 6246 5411 6298 5396 6200 5390 6247 5397 6246 5389 6135 5391 6299 5390 6247 5382 6201 5383 6300 5382 6201 5377 6202 5373 6301 5377 6202 5376 6203 5376 6203 5364 6204 5280 6302 5364 6204 5366 6248 5280 6302 5191 6303 5366 6248 5284 6205 5481 6249 5477 6304 5284 6205 5481 6249 5479 6206 5197 6305 5197 6305 5479 6206 5480 6207 6857 6081 6866 6251 6856 6250 6867 6209 6607 6306 6866 6251 6868 6252 6609 6307 6867 6209 6870 6210 6869 6308 6868 6252 6872 6253 6871 6309 6870 6210 6860 6256 6872 6253 6861 6145 4402 6254 4403 6310 6861 6145 4403 6310 4402 6254 4387 6087 4408 6255 4407 6212 4387 6087 4406 6311 4407 6212 6860 6256 6862 6148 6874 6312 6860 6256 6862 6148 4365 6150 6863 6093 6876 6215 6874 6312 6862 6148 6877 6257 6875 6313 6876 6215 6879 6216 6877 6257 6878 6152 6900 6217 6898 6314 6879 6216 6901 6258 6899 6315 6900 6217 6903 6259 6901 6258 6902 6153 6905 6260 6903 6259 6904 6154 6634 6316 6905 6260 6648 6218 6650 6317 6648 6218 6643 6261 6650 6317 6643 6261 7654 6155 6650 6317 7654 6155 7655 6220 7656 6262 6651 6318 7655 6220 7656 6262 6700 6221 6693 6263 6694 6319 6693 6263 6692 6163 6692 6163 6695 6264 6694 6319 6605 6164 6696 6320 6695 6264 6689 6265 6697 6321 6605 6164 6690 6322 6689 6265 6606 6222 6687 6266 6690 6322 6606 6222 6625 6323 6687 6266 6928 6223 6929 6267 6928 6223 7042 6224 6931 6268 6929 6267 6930 6168 6934 6269 6931 6268 6933 6169 7060 6170 7059 6270 6934 6269 7072 6271 7059 6270 7071 6171 6797 6324 7072 6271 6796 6225 6800 6272 6799 6325 6796 6225 6801 6326 6800 6272 6793 6107 6791 6273 6801 6326 6793 6107 6791 6273 6792 6226 7850 6173 6072 6275 6071 6274 6052 6175 6073 6327 6072 6275 6053 6227 6054 6328 6053 6227 6034 6228 6035 6329 6034 6228 6015 6229 6016 6276 6035 6329 6015 6229 5938 6330 6016 6276 5936 6176 5936 6176 5940 6277 5938 6330 5940 6277 5939 6331 5938 6330 5942 6332 5938 6330 5939 6331 2511 3418 2532 3049 2512 3124 5974 6333 5973 6279 5972 6278 6028 6232 6027 6334 5972 6278 6048 6233 6047 6335 6028 6232 6068 6280 6067 6336 6048 6233 6069 6281 6068 6280 6049 6179 6070 6181 6089 6282 6069 6281 6090 6182 6109 6283 6089 6282 6110 6183 6129 6284 6109 6283 6130 6184 6149 6285 6129 6284 6150 6185 5992 6286 6149 6285 5993 6234 5496 6337 5992 6286 5492 6287 5496 6337 5993 6234 5489 6235 4953 6338 5492 6287 4957 6288 4959 6339 5489 6235 4958 6340 4957 6288 4956 6236 4956 6236 4961 6289 4960 6341 5214 6342 4961 6289 5491 6121 5245 6290 5217 6343 5491 6121 5245 6290 5244 6237 5203 6189 5216 6344 5203 6189 5210 6291 5210 6291 5204 6238 5209 6345 5204 6238 5256 6292 5246 6346 5255 6191 5258 6347 5256 6292 5260 6293 5259 6348 5255 6191 5250 6239 5260 6293 5201 6192 5225 6349 5250 6239 5223 6240 5222 6350 5223 6240 5207 6241 5207 6241 5206 6294 5205 6295 5308 6197 5205 6295 5206 6294 5307 6198 5222 6350 5205 6295 5307 6198 5304 6296 5306 6351 5402 6242 5300 6352 5304 6296 5404 6243 5299 6353 5402 6242 5406 6244 5298 6354 5404 6243 5408 6245 5297 6355 5406 6244 5410 6297 5296 6356 5408 6245 5411 6298 5410 6297 5409 6199 5413 6357 5411 6298 5397 6246 5398 6358 5397 6246 5390 6247 5391 6299 5398 6358 5390 6247 5383 6300 5391 6299 5382 6201 5373 6301 5383 6300 5377 6202 5280 6302 5373 6301 5376 6203 5280 6302 5366 6248 5282 6359 5191 6303 5192 6360 5366 6248 5196 6361 5191 6303 5284 6205 5284 6205 5477 6304 5198 6362 5477 6304 5481 6249 5197 6305 6609 6307 6607 6306 6867 6209 6869 6308 6609 6307 6868 6252 6871 6309 6869 6308 6870 6210 6873 6363 6871 6309 6872 6253 6874 6312 6872 6253 6860 6256 6861 6145 4400 6364 6860 6256 6861 6145 4403 6310 4400 6364 4400 6364 4403 6310 4387 6087 4387 6087 4407 6212 4406 6311 4405 6365 4406 6311 6860 6256 6876 6215 6875 6313 6874 6312 6877 6257 6896 6366 6875 6313 6879 6216 6898 6314 6877 6257 6900 6217 6899 6315 6898 6314 6901 6258 6918 6367 6899 6315 6903 6259 6920 6368 6901 6258 6905 6260 6922 6369 6903 6259 6634 6316 6924 6370 6905 6260 6646 6371 6634 6316 6648 6218 6650 6317 6649 6372 6648 6218 6649 6372 6650 6317 7655 6220 6651 6318 6632 6373 7655 6220 6927 6374 6651 6318 7656 6262 6693 6263 6694 6319 7656 6262 6694 6319 6695 6264 7656 6262 7656 6262 6695 6264 6696 6320 6697 6321 6696 6320 6605 6164 6697 6321 6689 6265 7656 6262 6689 6265 6690 6322 7657 6375 6691 6376 6690 6322 6687 6266 6687 6266 6625 6323 6686 6377 6929 6267 6625 6323 6928 6223 6625 6323 6929 6267 6931 6268 6628 6378 6931 6268 6934 6269 6934 6269 7059 6270 6683 6379 7058 6380 7059 6270 7072 6271 7073 6381 7072 6271 6797 6324 6798 6382 6797 6324 6796 6225 6796 6225 6799 6325 6798 6382 6799 6325 6800 6272 7849 6383 6800 6272 6801 6326 7850 6173 7850 6173 6801 6326 6791 6273 6072 6275 6091 6384 6071 6274 6073 6327 6092 6385 6072 6275 6054 6328 6073 6327 6053 6227 6035 6329 6054 6328 6034 6228 6036 6386 6035 6329 6016 6276 6017 6387 6016 6276 5938 6330 5943 6388 5938 6330 5942 6332 5944 6389 5943 6388 5942 6332 5976 6390 5977 6390 5974 6390 5975 6391 5974 6333 5972 6278 5972 6278 6027 6334 5975 6391 6028 6232 6047 6335 6027 6334 6048 6233 6067 6336 6047 6335 6068 6280 6087 6392 6067 6336 6069 6281 6088 6393 6068 6280 6089 6282 6088 6393 6069 6281 6109 6283 6108 6394 6089 6282 6129 6284 6128 6395 6109 6283 6149 6285 6148 6396 6129 6284 5992 6286 5991 6397 6149 6285 5496 6337 5495 6398 5992 6286 5492 6287 4950 6399 5496 6337 4953 6338 4949 6400 5492 6287 4959 6339 4953 6338 5489 6235 4959 6339 4957 6288 4958 6340 4958 6340 4956 6236 4960 6341 4961 6289 5214 6342 4960 6341 5491 6121 5213 6401 5214 6342 5217 6343 5213 6401 5491 6121 5217 6343 5245 6290 5216 6344 5245 6290 5203 6189 5216 6344 5210 6291 5220 6402 5216 6344 5210 6291 5209 6345 5208 6403 5204 6238 5246 6346 5209 6345 5256 6292 5258 6347 5246 6346 5259 6348 5258 6347 5255 6191 5259 6348 5260 6293 5228 6404 5260 6293 5250 6239 5225 6349 5225 6349 5223 6240 5224 6405 5224 6405 5223 6240 5222 6350 5205 6295 5222 6350 5207 6241 5306 6351 5222 6350 5307 6198 5304 6296 5230 6406 5306 6351 5300 6352 5292 6407 5304 6296 5299 6353 5300 6352 5402 6242 5298 6354 5299 6353 5404 6243 5297 6355 5298 6354 5406 6244 5296 6356 5297 6355 5408 6245 5295 6408 5296 6356 5410 6297 5412 6409 5410 6297 5411 6298 5413 6357 5412 6409 5411 6298 5398 6358 5413 6357 5397 6246 5399 6410 5398 6358 5391 6299 5392 6411 5391 6299 5383 6300 5384 6412 5383 6300 5373 6301 5375 6413 5373 6301 5280 6302 5282 6359 5281 6414 5280 6302 5366 6248 5195 6415 5282 6359 5192 6360 5194 6416 5366 6248 5193 6417 5192 6360 5191 6303 5196 6361 5193 6417 5191 6303 5284 6205 5198 6362 5196 6361 5197 6305 5198 6362 5477 6304 6609 6307 6608 6418 6607 6306 6869 6308 6889 6419 6609 6307 6871 6309 6890 6420 6869 6308 6873 6363 6892 6421 6871 6309 6874 6312 6873 6363 6872 6253 4400 6364 4401 6422 6860 6256 4387 6087 4401 6422 4400 6364 4406 6311 4405 6365 4387 6087 4404 6423 4405 6365 6860 6256 6875 6313 6873 6363 6874 6312 6896 6366 6894 6424 6875 6313 6898 6314 6896 6366 6877 6257 6899 6315 6897 6425 6898 6314 6918 6367 6916 6426 6899 6315 6920 6368 6918 6367 6901 6258 6922 6369 6920 6368 6903 6259 6924 6370 6922 6369 6905 6260 6926 6427 6924 6370 6634 6316 6633 6428 6634 6316 6646 6371 6648 6218 6647 6429 6646 6371 6649 6372 6647 6429 6648 6218 7655 6220 6647 6429 6649 6372 7655 6220 6632 6373 6633 6428 6651 6318 6634 6316 6632 6373 6927 6374 6926 6427 6651 6318 6655 6430 6927 6374 7656 6262 6696 6320 6697 6321 7656 6262 7656 6262 6689 6265 7657 6375 7657 6375 6690 6322 6691 6376 6688 6431 6691 6376 6687 6266 6688 6431 6687 6266 6686 6377 6686 6377 6625 6323 6623 6432 6628 6378 6625 6323 6931 6268 6683 6379 6628 6378 6934 6269 7059 6270 7058 6380 6683 6379 7073 6381 7058 6380 7072 6271 6802 6433 7073 6381 6797 6324 6798 6382 6804 6434 6797 6324 6798 6382 6799 6325 7849 6383 7849 6383 6800 6272 7850 6173 6092 6385 6091 6384 6072 6275 6093 6435 6092 6385 6073 6327 6074 6436 6073 6327 6054 6328 6055 6437 6054 6328 6035 6329 6036 6386 6055 6437 6035 6329 6017 6387 6036 6386 6016 6276 5943 6388 6017 6387 5938 6330 5945 6438 5943 6388 5944 6389 5978 6439 5977 6440 5970 6441 5977 6440 5976 6442 5975 6391 5975 6391 5976 6442 5974 6333 6027 6334 6026 6443 5975 6391 6047 6335 6046 6444 6027 6334 6067 6336 6066 6445 6047 6335 6087 6392 6086 6446 6067 6336 6088 6393 6087 6392 6068 6280 6089 6282 6108 6394 6088 6393 6109 6283 6128 6395 6108 6394 6129 6284 6148 6396 6128 6395 6149 6285 5991 6397 6148 6396 5992 6286 5495 6398 5991 6397 5496 6337 4954 6447 5495 6398 4950 6399 4954 6447 5496 6337 4949 6400 4950 6399 5492 6287 4949 6400 4953 6338 4952 6448 4959 6339 4952 6448 4953 6338 4958 6340 4952 6448 4959 6339 4962 6449 4958 6340 4960 6341 5214 6342 5215 6450 4960 6341 5215 6450 5214 6342 5213 6401 5213 6401 5217 6343 5216 6344 5220 6402 5219 6451 5216 6344 5221 6452 5220 6402 5210 6291 5208 6403 5078 6453 5210 6291 5209 6345 5242 6454 5208 6403 5209 6345 5246 6346 5240 6455 5246 6346 5258 6347 5233 6456 5258 6347 5259 6348 5233 6456 5233 6456 5259 6348 5228 6404 5228 6404 5260 6293 5225 6349 5226 6457 5225 6349 5224 6405 5224 6405 5222 6350 5306 6351 5306 6351 5230 6406 5227 6458 5304 6296 5229 6459 5230 6406 5304 6296 5292 6407 5305 6460 5300 6352 5177 6461 5292 6407 5299 6353 5167 6462 5300 6352 5298 6354 5175 6463 5299 6353 5297 6355 5172 6464 5298 6354 5296 6356 5159 6465 5297 6355 5295 6408 5163 6466 5296 6356 5412 6409 5295 6408 5410 6297 5279 6467 5412 6409 5413 6357 5414 6468 5413 6357 5398 6358 5399 6410 5414 6468 5398 6358 5392 6411 5399 6410 5391 6299 5384 6412 5392 6411 5383 6300 5374 6469 5384 6412 5373 6301 5375 6413 5374 6469 5373 6301 5281 6414 5375 6413 5280 6302 5282 6359 5368 6470 5281 6414 5282 6359 5195 6415 5190 6471 5366 6248 5194 6416 5195 6415 5194 6416 5192 6360 5193 6417 5197 6305 5193 6417 5196 6361 5198 6362 5197 6305 5196 6361 6609 6307 6888 6472 6608 6418 6889 6419 6888 6472 6609 6307 6890 6420 6889 6419 6869 6308 6892 6421 6890 6420 6871 6309 6894 6424 6892 6421 6873 6363 6860 6256 4401 6422 4404 6423 4387 6087 4404 6423 4401 6422 4405 6365 4404 6423 4387 6087 6875 6313 6894 6424 6873 6363 6896 6366 6895 6473 6894 6424 6898 6314 6897 6425 6896 6366 6899 6315 6916 6426 6897 6425 6918 6367 6917 6474 6916 6426 6920 6368 6919 6475 6918 6367 6922 6369 6921 6476 6920 6368 6924 6370 6923 6477 6922 6369 6926 6427 6925 6478 6924 6370 6651 6318 6926 6427 6634 6316 6634 6316 6633 6428 6632 6373 6633 6428 6646 6371 7655 6220 6646 6371 6647 6429 7655 6220 6927 6374 6654 6479 6926 6427 6655 6430 6654 6479 6927 6374 7656 6262 6653 6480 6655 6430 7657 6375 7106 6481 7656 6262 6691 6376 6688 6431 7657 6375 6688 6431 6686 6377 7657 6375 7652 6482 6686 6377 6623 6432 6625 6323 6624 6483 6623 6432 6624 6483 6625 6323 6628 6378 6627 6484 6628 6378 6683 6379 6683 6379 7058 6380 6996 6485 7057 6486 7058 6380 7073 6381 6802 6433 7057 6486 7073 6381 6797 6324 6803 6487 6802 6433 6804 6434 6803 6487 6797 6324 6804 6434 6798 6382 7849 6383 6092 6385 6111 6488 6091 6384 6093 6435 6112 6489 6092 6385 6074 6436 6093 6435 6073 6327 6055 6437 6074 6436 6054 6328 6056 6490 6055 6437 6036 6386 6037 6491 6036 6386 6017 6387 6018 6492 6017 6387 5943 6388 5946 6493 5943 6388 5945 6438 5947 6494 5946 6493 5945 6438 5971 6495 5978 6439 5970 6441 5970 6441 5977 6440 5975 6391 5975 6391 6026 6443 5970 6441 6027 6334 6046 6444 6026 6443 6047 6335 6066 6445 6046 6444 6067 6336 6086 6446 6066 6445 6087 6392 6106 6496 6086 6446 6088 6393 6107 6497 6087 6392 6108 6394 6107 6497 6088 6393 6128 6395 6127 6498 6108 6394 6148 6396 6147 6499 6128 6395 5991 6397 5994 6500 6148 6396 5495 6398 5493 6501 5991 6397 4954 6447 4955 6502 5495 6398 4951 6503 4954 6447 4950 6399 4951 6503 4950 6399 4949 6400 4952 6448 4951 6503 4949 6400 5025 6504 4952 6448 4958 6340 4963 6505 4958 6340 4962 6449 4960 6341 5218 6506 4962 6449 5215 6450 5218 6506 4960 6341 5213 6401 5218 6506 5215 6450 5216 6344 5219 6451 5213 6401 5220 6402 4962 6449 5219 6451 5221 6452 4962 6449 5220 6402 5212 6507 5221 6452 5210 6291 5078 6453 5080 6508 5210 6291 5077 6509 5078 6453 5208 6403 5242 6454 5211 6510 5208 6403 5243 6511 5242 6454 5209 6345 5240 6455 5239 6512 5209 6345 5246 6346 5241 6513 5240 6455 5233 6456 5236 6514 5246 6346 5228 6404 5234 6515 5233 6456 5225 6349 5229 6459 5228 6404 5227 6458 5225 6349 5226 6457 5226 6457 5224 6405 5306 6351 5227 6458 5226 6457 5306 6351 5227 6458 5230 6406 5225 6349 5230 6406 5229 6459 5225 6349 5235 6516 5229 6459 5304 6296 5305 6460 5235 6516 5304 6296 5292 6407 5231 6517 5305 6460 5177 6461 5181 6518 5292 6407 5178 6519 5177 6461 5300 6352 5167 6462 5180 6520 5300 6352 5168 6521 5167 6462 5299 6353 5175 6463 5176 6522 5299 6353 5174 6523 5175 6463 5298 6354 5172 6464 5173 6524 5298 6354 5171 6525 5172 6464 5297 6355 5159 6465 5169 6526 5297 6355 5160 6527 5159 6465 5296 6356 5163 6466 5162 6528 5296 6356 5164 6529 5163 6466 5295 6408 5293 6530 5295 6408 5412 6409 5279 6467 5293 6530 5412 6409 5414 6468 5279 6467 5413 6357 5415 6531 5414 6468 5399 6410 5400 6532 5399 6410 5392 6411 5384 6412 5400 6532 5392 6411 5374 6469 5371 6533 5384 6412 5375 6413 5370 6534 5374 6469 5281 6414 5369 6535 5375 6413 5368 6470 5369 6535 5281 6414 5367 6536 5368 6470 5282 6359 5190 6471 5188 6537 5282 6359 5190 6471 5195 6415 5189 6538 5195 6415 5194 6416 5189 6538 5189 6538 5194 6416 5193 6417 6889 6419 6601 6539 6888 6472 6890 6420 6603 6540 6889 6419 6892 6421 6891 6541 6890 6420 6894 6424 6893 6542 6892 6421 6895 6473 6893 6542 6894 6424 6897 6425 6895 6473 6896 6366 6916 6426 6914 6543 6897 6425 6917 6474 6915 6544 6916 6426 6919 6475 6917 6474 6918 6367 6921 6476 6919 6475 6920 6368 6923 6477 6921 6476 6922 6369 6925 6478 6923 6477 6924 6370 6654 6479 6925 6478 6926 6427 6655 6430 6653 6480 6654 6479 7656 6262 6652 6545 6653 6480 7106 6481 6652 6545 7656 6262 6659 6546 7106 6481 7657 6375 7657 6375 6686 6377 7652 6482 6623 6432 6624 6483 7652 6482 6685 6547 6624 6483 6628 6378 6628 6378 6627 6484 6626 6548 6684 6549 6627 6484 6683 6379 6683 6379 6996 6485 6673 6550 7058 6380 7057 6486 6996 6485 6807 6551 7057 6486 6802 6433 6803 6487 6811 6552 6802 6433 7849 6383 6803 6487 6804 6434 6112 6489 6111 6488 6092 6385 6113 6553 6112 6489 6093 6435 6094 6554 6093 6435 6074 6436 6075 6555 6074 6436 6055 6437 6056 6490 6075 6555 6055 6437 6037 6491 6056 6490 6036 6386 6018 6492 6037 6491 6017 6387 5946 6493 6018 6492 5943 6388 5947 6494 5951 6556 5946 6493 5949 6557 5951 6557 5947 6557 5971 6495 5970 6441 5969 6558 6026 6443 6025 6559 5970 6441 6046 6444 6045 6560 6026 6443 6066 6445 6065 6561 6046 6444 6086 6446 6085 6562 6066 6445 6106 6496 6105 6563 6086 6446 6107 6497 6106 6496 6087 6392 6108 6394 6127 6498 6107 6497 6128 6395 6147 6499 6127 6498 6148 6396 5994 6500 6147 6499 5994 6500 5991 6397 5500 6564 5991 6397 5493 6501 5494 6565 5495 6398 4955 6502 5493 6501 4955 6502 4954 6447 4951 6503 5032 6566 4951 6503 4952 6448 5025 6504 5032 6566 4952 6448 4963 6505 5025 6504 4958 6340 4964 6567 4963 6505 4962 6449 4962 6449 5218 6506 5219 6451 5219 6451 5218 6506 5213 6401 4964 6567 4962 6449 5221 6452 5212 6507 4964 6567 5221 6452 5081 6568 5212 6507 5210 6291 5210 6291 5080 6508 5081 6568 5078 6453 5082 6569 5080 6508 5079 6570 5078 6453 5077 6509 5083 6571 5077 6509 5208 6403 5208 6403 5211 6510 5125 6572 5242 6454 5302 6573 5211 6510 5243 6511 5302 6573 5242 6454 5239 6512 5243 6511 5209 6345 5239 6512 5240 6455 5302 6573 5241 6513 5291 6574 5240 6455 5236 6514 5241 6513 5246 6346 5238 6575 5236 6514 5233 6456 5234 6515 5232 6576 5233 6456 5235 6516 5234 6515 5228 6404 5229 6459 5235 6516 5228 6404 5234 6515 5235 6516 5305 6460 5305 6460 5231 6517 5232 6576 5231 6517 5292 6407 5301 6577 5292 6407 5181 6518 5182 6578 4567 6579 5181 6518 5177 6461 5178 6519 4568 6580 5177 6461 5179 6581 5178 6519 5300 6352 5300 6352 5180 6520 5179 6581 5167 6462 4572 6582 5180 6520 5168 6521 4575 6583 5167 6462 5176 6522 5168 6521 5299 6353 5176 6522 5175 6463 4574 6584 5175 6463 5174 6523 4580 6585 5173 6524 5174 6523 5298 6354 5173 6524 5172 6464 4577 6586 5172 6464 5171 6525 4587 6587 5170 6588 5171 6525 5297 6355 5297 6355 5169 6526 5170 6588 5169 6526 5159 6465 7812 6589 5160 6527 4593 6590 5159 6465 5161 6591 5160 6527 5296 6356 5296 6356 5162 6528 5161 6591 5163 6466 4589 6592 5162 6528 5164 6529 4588 6593 5163 6466 5165 6594 5164 6529 5295 6408 5295 6408 5293 6530 5166 6595 5294 6596 5293 6530 5279 6467 5278 6597 5279 6467 5414 6468 5415 6531 5278 6597 5414 6468 5400 6532 5415 6531 5399 6410 5371 6533 5400 6532 5384 6412 5370 6534 5371 6533 5374 6469 5369 6535 5370 6534 5375 6413 5369 6535 5368 6470 5143 6598 5368 6470 5367 6536 5146 6599 5183 6600 5367 6536 5282 6359 5282 6359 5188 6537 5183 6600 5190 6471 5189 6538 5188 6537 6603 6540 6601 6539 6889 6419 6891 6541 6603 6540 6890 6420 6893 6542 6891 6541 6892 6421 6895 6473 6912 6601 6893 6542 6897 6425 6914 6543 6895 6473 6916 6426 6915 6544 6914 6543 6917 6474 6941 6602 6915 6544 6919 6475 6943 6603 6917 6474 6921 6476 6945 6604 6919 6475 6923 6477 6947 6605 6921 6476 6925 6478 6949 6606 6923 6477 6654 6479 6951 6607 6925 6478 6654 6479 6653 6480 6652 6545 7106 6481 6658 6608 6652 6545 6659 6546 6658 6608 7106 6481 6657 6609 6659 6546 7657 6375 7652 6482 6630 6610 7657 6375 6624 6483 6685 6547 7652 6482 6685 6547 6628 6378 6626 6548 7658 6611 6626 6548 6627 6484 6627 6484 6684 6549 7658 6611 6684 6549 6683 6379 6682 6612 6683 6379 6673 6550 6682 6612 6996 6485 6995 6613 6673 6550 6996 6485 7057 6486 7009 6614 7057 6486 6807 6551 7009 6614 6809 6615 6807 6551 6802 6433 6811 6552 6810 6616 6802 6433 6811 6552 6803 6487 7849 6383 6112 6489 6131 6617 6111 6488 6113 6553 6132 6618 6112 6489 6094 6554 6113 6553 6093 6435 6075 6555 6094 6554 6074 6436 6076 6619 6075 6555 6056 6490 6057 6620 6056 6490 6037 6491 6038 6621 6037 6491 6018 6492 6019 6622 6018 6492 5946 6493 5951 6556 5950 6623 5946 6493 5950 6624 5951 6624 5949 6624 5952 6625 5948 6626 5949 6627 5829 6628 5830 2796 6275 5626 5969 6558 5965 6629 5966 6630 5970 6441 5965 6629 5969 6558 5970 6441 6025 6559 5965 6629 6026 6443 6045 6560 6025 6559 6046 6444 6065 6561 6045 6560 6066 6445 6085 6562 6065 6561 6086 6446 6105 6563 6085 6562 6106 6496 6125 6631 6105 6563 6107 6497 6126 6632 6106 6496 6127 6498 6126 6632 6107 6497 6147 6499 6146 6633 6127 6498 5994 6500 5995 6634 6147 6499 5499 6635 5994 6500 5500 6564 5500 6564 5991 6397 5494 6565 5494 6565 5493 6501 4945 6636 4955 6502 4948 6637 5493 6501 4948 6637 4955 6502 4951 6503 5032 6566 5039 6638 4951 6503 5033 6639 5032 6566 5025 6504 5026 6640 5025 6504 4963 6505 4965 6641 4963 6505 4964 6567 5082 6569 4964 6567 5212 6507 5081 6568 5082 6569 5212 6507 5082 6569 5081 6568 5080 6508 5079 6570 5082 6569 5078 6453 5083 6571 5079 6570 5077 6509 5208 6403 5125 6572 5083 6571 5211 6510 5084 6642 5125 6572 5302 6573 5086 6643 5211 6510 5243 6511 5239 6512 5302 6573 5302 6573 5240 6455 5291 6574 5241 6513 5237 6644 5291 6574 5241 6513 5236 6514 5237 6644 5238 6575 5237 6644 5236 6514 5231 6517 5238 6575 5233 6456 5233 6456 5232 6576 5231 6517 5232 6576 5234 6515 5305 6460 5238 6575 5231 6517 5301 6577 5301 6577 5292 6407 4563 6645 5292 6407 5182 6578 7814 6646 5182 6578 5181 6518 4567 6579 5177 6461 4568 6580 4567 6579 4570 6647 4568 6580 5178 6519 5179 6581 4570 6647 5178 6519 5180 6520 4573 6648 5179 6581 4572 6582 4573 6648 5180 6520 4576 6649 4572 6582 5167 6462 4575 6583 4576 6649 5167 6462 4574 6584 4575 6583 5168 6521 5168 6521 5176 6522 4574 6584 4574 6584 5175 6463 4580 6585 4580 6585 5174 6523 4578 6650 5174 6523 5173 6524 4578 6650 4578 6650 5173 6524 4577 6586 4577 6586 5172 6464 4587 6587 4587 6587 5171 6525 4586 6651 5171 6525 5170 6588 4586 6651 5170 6588 5169 6526 7813 6652 7813 6652 5169 6526 7812 6589 7812 6589 5159 6465 4585 6653 4593 6590 4585 6653 5159 6465 4592 6654 4593 6590 5160 6527 5161 6591 4592 6654 5160 6527 5162 6528 4591 6655 5161 6591 4589 6592 4591 6655 5162 6528 4588 6593 4589 6592 5163 6466 4596 6656 4588 6593 5164 6529 5165 6594 4596 6656 5164 6529 5165 6594 5295 6408 5166 6595 5166 6595 5293 6530 5155 6657 5294 6596 5158 6658 5293 6530 5277 6659 5294 6596 5279 6467 5279 6467 5278 6597 5277 6659 5401 6660 5278 6597 5415 6531 5416 6661 5415 6531 5400 6532 5371 6533 5416 6661 5400 6532 5370 6534 5138 6662 5371 6533 5370 6534 5369 6535 5141 6663 5142 6664 5369 6535 5143 6598 5143 6598 5368 6470 5147 6665 5147 6665 5368 6470 5146 6599 5146 6599 5367 6536 5145 6666 5184 6667 5367 6536 5183 6600 5188 6537 5185 6668 5183 6600 5189 6538 5185 6668 5188 6537 6603 6540 6602 6669 6601 6539 6891 6541 6908 6670 6603 6540 6893 6542 6910 6671 6891 6541 6912 6601 6910 6671 6893 6542 6914 6543 6912 6601 6895 6473 6915 6544 6913 6672 6914 6543 6941 6602 6939 6673 6915 6544 6943 6603 6941 6602 6917 6474 6945 6604 6943 6603 6919 6475 6947 6605 6945 6604 6921 6476 6949 6606 6947 6605 6923 6477 6951 6607 6949 6606 6925 6478 6953 6674 6951 6607 6654 6479 6652 6545 6953 6674 6654 6479 6658 6608 6953 6674 6652 6545 6659 6546 6657 6609 6658 6608 7657 6375 6656 6675 6657 6609 6630 6610 6656 6675 7657 6375 6629 6676 6630 6610 7652 6482 7652 6482 6685 6547 7658 6611 6685 6547 6626 6548 7658 6611 6684 6549 6682 6612 7658 6611 6682 6612 6673 6550 6671 6677 6673 6550 6995 6613 6676 6678 6996 6485 7009 6614 6995 6613 7009 6614 6807 6551 6813 6679 6808 6680 6807 6551 6809 6615 6802 6433 6810 6616 6809 6615 6810 6616 6811 6552 7848 6681 7848 6681 6811 6552 7849 6383 6132 6618 6131 6617 6112 6489 6133 6682 6132 6618 6113 6553 6114 6683 6113 6553 6094 6554 6095 6684 6094 6554 6075 6555 6076 6619 6095 6684 6075 6555 6057 6620 6076 6619 6056 6490 6038 6621 6057 6620 6037 6491 6019 6622 6038 6621 6018 6492 5948 6626 6019 6622 5946 6493 5946 6493 5950 6623 5948 6626 5950 6623 5949 6627 5948 6626 5953 6685 5948 6626 5952 6625 5954 6686 5953 6685 5952 6625 5817 5805 5894 2229 5814 5747 5966 0 5967 0 5968 0 5967 6687 5966 6630 5965 6629 6025 6559 6024 6688 5965 6629 6045 6560 6044 6689 6025 6559 6065 6561 6064 6690 6045 6560 6085 6562 6084 6691 6065 6561 6105 6563 6104 6692 6085 6562 6125 6631 6124 6693 6105 6563 6126 6632 6125 6631 6106 6496 6127 6498 6146 6633 6126 6632 6147 6499 5995 6634 6146 6633 5995 6634 5994 6500 5499 6635 5500 6564 7768 6694 5499 6635 5494 6565 7767 6695 5500 6564 4945 6636 4946 6696 5494 6565 5493 6501 4948 6637 4945 6636 4951 6503 4944 6697 4948 6637 5039 6638 4944 6697 4951 6503 5040 6698 5039 6638 5032 6566 5033 6639 5040 6698 5032 6566 5026 6640 5033 6639 5025 6504 4965 6641 5026 6640 4963 6505 4966 6699 4965 6641 4964 6567 4964 6567 5082 6569 5121 6700 5122 6701 5082 6569 5079 6570 5079 6570 5083 6571 5126 6702 5126 6702 5083 6571 5125 6572 5085 6703 5125 6572 5084 6642 5211 6510 5086 6643 5084 6642 5302 6573 5088 6704 5086 6643 5291 6574 5301 6577 5302 6573 5237 6644 5301 6577 5291 6574 5237 6644 5238 6575 5301 6577 4563 6645 5092 6705 5301 6577 7814 6646 5182 6578 4565 6706 4565 6706 5182 6578 4567 6579 4568 6580 4566 6707 4567 6579 4568 6580 4570 6647 4569 6708 4573 6648 4570 6647 5179 6581 4573 6648 4572 6582 4571 6709 4572 6582 4576 6649 4571 6709 4576 6649 4575 6583 4571 6709 4571 6709 4575 6583 4574 6584 4574 6584 4580 6585 4579 6710 4580 6585 4578 6650 4579 6710 4579 6710 4578 6650 4577 6586 4577 6586 4587 6587 4583 6711 4587 6587 4586 6651 4583 6711 4586 6651 5170 6588 7813 6652 4593 6590 4584 6712 4585 6653 4592 6654 4594 6713 4593 6590 4591 6655 4592 6654 5161 6591 4591 6655 4589 6592 4590 6714 4590 6714 4589 6592 4588 6593 4588 6593 4596 6656 4595 6715 4599 6716 4596 6656 5165 6594 5166 6595 4599 6716 5165 6594 5155 6657 4598 6717 5166 6595 5293 6530 5154 6718 5155 6657 5158 6658 5154 6718 5293 6530 5157 6719 5158 6658 5294 6596 5150 6720 5294 6596 5277 6659 5277 6659 5278 6597 5372 6721 5372 6721 5278 6597 5401 6660 5416 6661 5401 6660 5415 6531 5283 6722 5416 6661 5371 6533 5138 6662 5137 6723 5371 6533 5139 6724 5138 6662 5370 6534 5140 6725 5370 6534 5141 6663 5141 6663 5369 6535 5142 6664 5143 6598 7803 6726 5142 6664 5143 6598 5147 6665 7804 6727 5147 6665 5146 6599 7804 6727 5146 6599 5145 6666 7807 6728 5145 6666 5367 6536 5144 6729 5184 6667 5187 6730 5367 6536 5185 6668 5184 6667 5183 6600 6603 6540 6906 6731 6602 6669 6908 6670 6906 6731 6603 6540 6910 6671 6908 6670 6891 6541 6912 6601 6911 6732 6910 6671 6914 6543 6913 6672 6912 6601 6915 6544 6939 6673 6913 6672 6941 6602 6940 6733 6939 6673 6943 6603 6942 6734 6941 6602 6945 6604 6944 6735 6943 6603 6947 6605 6946 6736 6945 6604 6949 6606 6948 6737 6947 6605 6951 6607 6950 6738 6949 6606 6953 6674 6952 6739 6951 6607 6658 6608 6954 6740 6953 6674 6658 6608 6657 6609 6656 6675 6630 6610 6631 6741 6656 6675 6631 6741 6630 6610 6629 6676 6663 6742 6629 6676 7652 6482 7658 6611 6660 6743 7652 6482 7658 6611 6682 6612 6671 6677 6673 6550 6672 6744 6671 6677 6673 6550 6676 6678 6677 6745 6995 6613 6994 6746 6676 6678 7009 6614 7008 6747 6995 6613 6813 6679 6815 6748 7009 6614 6807 6551 6805 6749 6813 6679 6808 6680 6806 6750 6807 6551 6808 6680 6809 6615 7848 6681 6809 6615 6810 6616 7848 6681 6132 6618 6010 6751 6131 6617 6133 6682 6009 6752 6132 6618 6114 6683 6133 6682 6113 6553 6095 6684 6114 6683 6094 6554 6096 6753 6095 6684 6076 6619 6077 6754 6076 6619 6057 6620 6058 6755 6057 6620 6038 6621 6039 6756 6038 6621 6019 6622 6020 6757 6019 6622 5948 6626 5953 6685 6020 6757 5948 6626 5954 6686 5961 6758 5953 6685 5964 6759 5968 6760 5963 6761 5968 6760 5967 6687 5963 6761 5963 6761 5967 6687 5965 6629 5965 6629 6024 6688 5963 6761 6025 6559 6044 6689 6024 6688 6045 6560 6064 6690 6044 6689 6065 6561 6084 6691 6064 6690 6085 6562 6104 6692 6084 6691 6105 6563 6124 6693 6104 6692 6125 6631 6144 6762 6124 6693 6126 6632 6145 6763 6125 6631 6146 6633 6145 6763 6126 6632 5995 6634 5996 6764 6146 6633 5498 6765 5995 6634 5499 6635 7768 6694 4939 6766 5499 6635 7767 6695 7768 6694 5500 6564 4943 6767 7767 6695 5494 6565 4946 6696 7769 6768 5494 6565 4946 6696 4945 6636 4944 6697 4948 6637 4944 6697 4945 6636 5039 6638 5046 6769 4944 6697 5040 6698 5047 6770 5039 6638 5041 6771 5040 6698 5033 6639 5034 6772 5033 6639 5026 6640 5027 6773 5026 6640 4965 6641 4967 6774 4965 6641 4966 6699 5121 6700 4966 6699 4964 6567 5122 6701 5121 6700 5082 6569 5124 6775 5122 6701 5079 6570 5127 6776 5079 6570 5126 6702 5126 6702 5125 6572 5085 6703 5086 6643 5085 6703 5084 6642 5088 6704 5087 6777 5086 6643 5302 6573 5089 6778 5088 6704 5301 6577 5092 6705 5302 6573 5092 6705 4563 6645 4564 6779 4567 6579 4566 6707 4565 6706 4569 6708 4566 6707 4568 6580 4573 6648 4569 6708 4570 6647 4571 6709 4569 6708 4573 6648 4579 6710 4571 6709 4574 6584 4583 6711 4586 6651 4582 6780 4581 6781 4585 6653 4584 6712 4594 6713 4584 6712 4593 6590 4590 6714 4594 6713 4592 6654 4592 6654 4591 6655 4590 6714 4595 6715 4590 6714 4588 6593 4596 6656 4599 6716 4595 6715 4598 6717 4599 6716 5166 6595 4597 6782 4598 6717 5155 6657 5155 6657 5154 6718 4601 6783 5154 6718 5158 6658 4605 6784 5158 6658 5157 6719 4605 6784 5294 6596 5156 6785 5157 6719 5150 6720 5149 6786 5294 6596 5153 6787 5150 6720 5277 6659 5130 6788 5277 6659 5372 6721 5401 6660 5283 6722 5372 6721 5283 6722 5401 6660 5416 6661 5136 6789 5283 6722 5371 6533 5371 6533 5137 6723 5136 6789 5138 6662 4621 6790 5137 6723 5139 6724 7799 6791 5138 6662 5140 6725 5139 6724 5370 6534 5141 6663 7800 6792 5140 6725 5142 6664 7802 6793 5141 6663 7803 6726 7802 6793 5142 6664 7804 6727 7803 6726 5143 6598 7804 6727 5146 6599 7807 6728 7807 6728 5145 6666 7805 6794 5145 6666 5144 6729 7805 6794 5367 6536 5187 6730 5144 6729 5184 6667 5185 6668 5187 6730 6908 6670 6907 6795 6906 6731 6910 6671 6909 6796 6908 6670 6911 6732 6909 6796 6910 6671 6913 6672 6911 6732 6912 6601 6939 6673 6937 6797 6913 6672 6940 6733 6938 6798 6939 6673 6942 6734 6940 6733 6941 6602 6944 6735 6942 6734 6943 6603 6946 6736 6944 6735 6945 6604 6948 6737 6946 6736 6947 6605 6950 6738 6948 6737 6949 6606 6952 6739 6950 6738 6951 6607 6954 6740 6952 6739 6953 6674 6631 6741 6954 6740 6658 6608 6656 6675 6631 6741 6658 6608 6629 6676 6662 6799 6631 6741 6663 6742 6662 6799 6629 6676 7652 6482 6661 6800 6663 6742 6660 6743 6661 6800 7652 6482 6670 6801 6660 6743 7658 6611 6671 6677 6672 6744 7658 6611 6674 6802 6672 6744 6673 6550 6678 6803 6673 6550 6677 6745 6677 6745 6676 6678 6675 6804 6676 6678 6994 6746 6993 6805 6995 6613 7008 6747 6994 6746 7009 6614 6815 6748 7008 6747 6815 6748 6813 6679 6814 6806 6813 6679 6805 6749 6812 6807 6807 6551 6806 6750 6805 6749 7848 6681 6806 6750 6808 6680 6009 6752 6010 6751 6132 6618 6008 6808 6009 6752 6133 6682 6134 6809 6133 6682 6114 6683 6115 6810 6114 6683 6095 6684 6096 6753 6115 6810 6095 6684 6077 6754 6096 6753 6076 6619 6058 6755 6077 6754 6057 6620 6039 6756 6058 6755 6038 6621 6020 6757 6039 6756 6019 6622 6021 6811 6020 6757 5953 6685 5961 6758 5960 5050 5953 6685 5964 6759 5963 6761 5962 6812 6024 6688 6023 6813 5963 6761 6044 6689 6043 6814 6024 6688 6064 6690 6063 6815 6044 6689 6084 6691 6083 6816 6064 6690 6104 6692 6103 6817 6084 6691 6124 6693 6123 6818 6104 6692 6144 6762 6143 6819 6124 6693 6145 6763 6144 6762 6125 6631 6146 6633 5996 6764 6145 6763 5996 6764 5995 6634 5498 6765 5499 6635 4939 6766 5498 6765 7768 6694 4938 6820 4939 6766 4943 6767 7766 6821 7767 6695 4947 6822 4943 6767 5494 6565 5494 6565 7769 6768 4947 6822 4944 6697 7766 6821 4946 6696 5046 6769 7766 6821 4944 6697 5047 6770 5046 6769 5039 6638 5048 6823 5047 6770 5040 6698 5041 6771 5048 6823 5040 6698 5034 6772 5041 6771 5033 6639 5027 6773 5034 6772 5026 6640 4968 6824 5027 6773 4965 6641 4968 6824 4965 6641 4967 6774 4967 6774 4966 6699 5121 6700 5123 6825 5121 6700 5122 6701 5122 6701 5124 6775 5096 6826 5124 6775 5079 6570 5127 6776 5127 6776 5126 6702 5087 6777 5087 6777 5126 6702 5085 6703 5087 6777 5085 6703 5086 6643 5089 6778 5087 6777 5088 6704 5091 6827 5089 6778 5302 6573 5302 6573 5092 6705 5303 6828 4729 6829 5092 6705 4564 6779 4565 6706 4564 6779 4563 6645 4566 6707 4564 6779 4565 6706 4727 6830 4566 6707 4569 6708 4800 6831 4569 6708 4571 6709 4792 6832 4571 6709 4579 6710 4583 6711 4582 6780 4581 6781 4594 6713 4776 6833 4584 6712 4769 6834 4594 6713 4590 6714 4763 6835 4590 6714 4595 6715 4599 6716 4598 6717 4595 6715 4595 6715 4598 6717 4597 6782 4601 6783 4597 6782 5155 6657 4601 6783 5154 6718 4605 6784 4605 6784 5157 6719 4603 6836 5157 6719 5156 6785 4603 6836 5149 6786 5156 6785 5294 6596 5150 6720 4608 6837 5149 6786 5150 6720 5153 6787 4611 6838 5153 6787 5277 6659 5152 6839 5151 6840 5277 6659 5130 6788 5372 6721 5131 6841 5130 6788 5283 6722 5133 6842 5372 6721 5135 6843 5283 6722 5136 6789 5137 6723 4622 6844 5136 6789 4621 6790 4622 6844 5137 6723 7799 6791 4621 6790 5138 6662 5140 6725 7799 6791 5139 6724 7800 6792 7799 6791 5140 6725 5141 6663 7801 6845 7800 6792 7802 6793 7801 6845 5141 6663 7805 6794 5144 6729 7806 6846 5144 6729 5187 6730 5148 6847 5187 6730 5185 6668 5186 6848 6909 6796 6907 6795 6908 6670 6911 6732 6582 6849 6909 6796 6913 6672 6937 6797 6911 6732 6939 6673 6938 6798 6937 6797 6940 6733 6955 6850 6938 6798 6942 6734 6957 6851 6940 6733 6944 6735 6959 6852 6942 6734 6946 6736 6961 6853 6944 6735 6948 6737 6963 6854 6946 6736 6950 6738 6965 6855 6948 6737 6952 6739 6967 6856 6950 6738 6954 6740 6969 6857 6952 6739 6631 6741 6971 6858 6954 6740 6662 6799 6971 6858 6631 6741 6663 6742 6661 6800 6662 6799 6662 6799 6661 6800 6660 6743 6670 6801 6668 6859 6660 6743 6669 6860 6670 6801 7658 6611 6672 6744 6674 6802 7658 6611 6674 6802 6673 6550 6678 6803 6678 6803 6677 6745 7658 6611 6677 6745 6675 6804 7658 6611 6676 6678 6679 6861 6675 6804 6676 6678 6993 6805 6666 6862 6994 6746 6992 6863 6993 6805 7008 6747 7007 6864 6994 6746 6815 6748 6817 6865 7008 6747 6816 6866 6815 6748 6814 6806 6814 6806 6813 6679 6812 6807 6812 6807 6805 6749 7847 6867 6805 6749 6806 6750 7848 6681 6010 6751 6009 6752 5522 6868 6009 6752 6008 6808 5520 6869 6134 6809 6008 6808 6133 6682 6115 6810 6134 6809 6114 6683 6116 6870 6115 6810 6096 6753 6097 6871 6096 6753 6077 6754 6078 6872 6077 6754 6058 6755 6059 6873 6058 6755 6039 6756 6040 6874 6039 6756 6020 6757 6021 6811 6040 6874 6020 6757 5958 6875 6021 6811 5953 6685 5953 6685 5960 5050 5958 6875 5959 0 5960 0 5957 0 5962 6812 5955 6876 5956 6877 5963 6761 5955 6876 5962 6812 5963 6761 6023 6813 5955 6876 6024 6688 6043 6814 6023 6813 6044 6689 6063 6815 6043 6814 6064 6690 6083 6816 6063 6815 6084 6691 6103 6817 6083 6816 6104 6692 6123 6818 6103 6817 6124 6693 6143 6819 6123 6818 6144 6762 6000 6878 6143 6819 6145 6763 5997 6879 6144 6762 5996 6764 5997 6879 6145 6763 5497 6880 5996 6764 5498 6765 4939 6766 4940 6881 5498 6765 4940 6881 4939 6766 4938 6820 4943 6767 4947 6822 7766 6821 4947 6822 7769 6768 7766 6821 5047 6770 5054 6882 5046 6769 5048 6823 5055 6883 5047 6770 5049 6884 5048 6823 5041 6771 5042 6885 5041 6771 5034 6772 5035 6886 5034 6772 5027 6773 5028 6887 5027 6773 4968 6824 4969 6888 4968 6824 4967 6774 5123 6825 4967 6774 5121 6700 5123 6825 5122 6701 5097 6889 5097 6889 5122 6701 5096 6826 5096 6826 5124 6775 7797 6890 5128 6891 5124 6775 5127 6776 5090 6892 5127 6776 5087 6777 5090 6892 5087 6777 5089 6778 5091 6827 5090 6892 5089 6778 5303 6828 5091 6827 5302 6573 5092 6705 5093 6893 5303 6828 5090 6892 5092 6705 4729 6829 4566 6707 4729 6829 4564 6779 4727 6830 4730 6894 4566 6707 4800 6831 4727 6830 4569 6708 4792 6832 4800 6831 4571 6709 4784 6895 4792 6832 4579 6710 4776 6833 4583 6711 4584 6712 4777 6896 4776 6833 4594 6713 4769 6834 4777 6896 4594 6713 4763 6835 4769 6834 4590 6714 4757 6897 4763 6835 4595 6715 4600 6898 4595 6715 4597 6782 4597 6782 4601 6783 4600 6898 4605 6784 4600 6898 4601 6783 4605 6784 4603 6836 4604 6899 4603 6836 5156 6785 4602 6900 5156 6785 5149 6786 4602 6900 5149 6786 4608 6837 4750 6901 4608 6837 5150 6720 4607 6902 4607 6902 5150 6720 4611 6838 4611 6838 5153 6787 4610 6903 5153 6787 5152 6839 4610 6903 5277 6659 5151 6840 5152 6839 4609 6904 5151 6840 5130 6788 5131 6841 4616 6905 5130 6788 5132 6906 5131 6841 5372 6721 5372 6721 5133 6842 5132 6906 5133 6842 5283 6722 5134 6907 5283 6722 5135 6843 5134 6907 5136 6789 4617 6908 5135 6843 4622 6844 4617 6908 5136 6789 4623 6909 4622 6844 4621 6790 5144 6729 7808 6910 7806 6846 5148 6847 7809 6911 5144 6729 5187 6730 5186 6848 5148 6847 5185 6668 5067 6912 5186 6848 6909 6796 6580 6913 6907 6795 6582 6849 6580 6913 6909 6796 6937 6797 6582 6849 6911 6732 6938 6798 6936 6914 6937 6797 6955 6850 6597 6915 6938 6798 6957 6851 6955 6850 6940 6733 6959 6852 6957 6851 6942 6734 6961 6853 6959 6852 6944 6735 6963 6854 6961 6853 6946 6736 6965 6855 6963 6854 6948 6737 6967 6856 6965 6855 6950 6738 6969 6857 6967 6856 6952 6739 6971 6858 6969 6857 6954 6740 6662 6799 6972 6916 6971 6858 6660 6743 6668 6859 6662 6799 6670 6801 6669 6860 6668 6859 7658 6611 6667 6917 6669 6860 7658 6611 6674 6802 6678 6803 7658 6611 6675 6804 6679 6861 6680 6918 6679 6861 6676 6678 6664 6919 6676 6678 6666 6862 6666 6862 6993 6805 6668 6859 6993 6805 6992 6863 6991 6920 6994 6746 7007 6864 6992 6863 7008 6747 6817 6865 7007 6864 6815 6748 6818 6921 6817 6865 6816 6866 6821 6922 6815 6748 7847 6867 6816 6866 6814 6806 6814 6806 6812 6807 7847 6867 7847 6867 6805 6749 7848 6681 5521 6923 6010 6751 5522 6868 5522 6868 6009 6752 5520 6869 5520 6869 6008 6808 5519 6924 6005 6925 6008 6808 6134 6809 6135 6926 6134 6809 6115 6810 6116 6870 6135 6926 6115 6810 6097 6871 6116 6870 6096 6753 6078 6872 6097 6871 6077 6754 6059 6873 6078 6872 6058 6755 6040 6874 6059 6873 6039 6756 6041 6927 6040 6874 6021 6811 6022 6928 6021 6811 5958 6875 5960 5050 5959 6929 5958 6875 5958 6875 5959 6929 5957 5049 5957 5049 5956 6877 5955 6876 6023 6813 6022 6928 5955 6876 6043 6814 6042 6930 6023 6813 6063 6815 6062 6931 6043 6814 6083 6816 6082 6932 6063 6815 6103 6817 6102 6933 6083 6816 6123 6818 6122 6934 6103 6817 6143 6819 6142 6935 6123 6818 6000 6878 5999 6936 6143 6819 5997 6879 6000 6878 6144 6762 5997 6879 5996 6764 5497 6880 5498 6765 4941 6937 5497 6880 5498 6765 4940 6881 4941 6937 5054 6882 5053 6938 5046 6769 5055 6883 5054 6882 5047 6770 5056 6939 5055 6883 5048 6823 5049 6884 5056 6939 5048 6823 5042 6885 5049 6884 5041 6771 5035 6886 5042 6885 5034 6772 5028 6887 5035 6886 5027 6773 4971 6940 5028 6887 4968 6824 4970 6941 4968 6824 4969 6888 4969 6888 4967 6774 5117 6942 5120 6943 4967 6774 5123 6825 5120 6943 5123 6825 5097 6889 5097 6889 5096 6826 5095 6944 5129 6945 5124 6775 5128 6891 5128 6891 5127 6776 5090 6892 5091 6827 5094 6946 5090 6892 5094 6946 5091 6827 5303 6828 5303 6828 5093 6893 5094 6946 4730 6894 5090 6892 4729 6829 4730 6894 4729 6829 4566 6707 4731 6947 4730 6894 4727 6830 4725 6948 4727 6830 4800 6831 4801 6949 4800 6831 4792 6832 4793 6950 4792 6832 4784 6895 4784 6895 4579 6710 4583 6711 4776 6833 4784 6895 4583 6711 4777 6896 4785 6951 4776 6833 4778 6952 4777 6896 4769 6834 4770 6953 4769 6834 4763 6835 4764 6954 4763 6835 4757 6897 4757 6897 4595 6715 4600 6898 4604 6899 4600 6898 4605 6784 4604 6899 4603 6836 4602 6900 4602 6900 5149 6786 4750 6901 4750 6901 4608 6837 4604 6899 4608 6837 4607 6902 4606 6955 4607 6902 4611 6838 4606 6955 4611 6838 4610 6903 4606 6955 4610 6903 5152 6839 4609 6904 5152 6839 5151 6840 4609 6904 5130 6788 4616 6905 4609 6904 4615 6956 4616 6905 5131 6841 5132 6906 4615 6956 5131 6841 5133 6842 4613 6957 5132 6906 5134 6907 7798 6958 5133 6842 5135 6843 4618 6959 5134 6907 4617 6908 4618 6959 5135 6843 4617 6908 4622 6844 4623 6909 4621 6790 4734 6960 4623 6909 7809 6911 7808 6910 5144 6729 7810 6961 7809 6911 5148 6847 5148 6847 5186 6848 5068 6962 5186 6848 5067 6912 5068 6962 6582 6849 6581 6963 6580 6913 6937 6797 6936 6914 6582 6849 6938 6798 6597 6915 6936 6914 6955 6850 6600 6964 6597 6915 6957 6851 6956 6965 6955 6850 6959 6852 6958 6966 6957 6851 6961 6853 6960 6967 6959 6852 6963 6854 6962 6968 6961 6853 6965 6855 6964 6969 6963 6854 6967 6856 6966 6970 6965 6855 6969 6857 6968 6971 6967 6856 6971 6858 6970 6972 6969 6857 6972 6916 6970 6972 6971 6858 6668 6859 6972 6916 6662 6799 6669 6860 6667 6917 6668 6859 6665 6973 6667 6917 7658 6611 6679 6861 6680 6918 7658 6611 6681 6974 6680 6918 6676 6678 6681 6974 6676 6678 6664 6919 6666 6862 6665 6973 6664 6919 6668 6859 6667 6917 6666 6862 6993 6805 6991 6920 6668 6859 6992 6863 6990 6975 6991 6920 7007 6864 7006 6976 6992 6863 6817 6865 6824 6977 7007 6864 6818 6921 6826 6978 6817 6865 6819 6979 6818 6921 6815 6748 6821 6922 6820 6980 6815 6748 6821 6922 6816 6866 7847 6867 5522 6868 7831 6981 5521 6923 5520 6869 7832 6982 5522 6868 5520 6869 5519 6924 7829 6983 6008 6808 6005 6925 5519 6924 6135 6926 6005 6925 6134 6809 6136 6984 6135 6926 6116 6870 6117 6985 6116 6870 6097 6871 6098 6986 6097 6871 6078 6872 6079 6987 6078 6872 6059 6873 6060 6988 6059 6873 6040 6874 6041 6927 6060 6988 6040 6874 6022 6928 6041 6927 6021 6811 5955 6876 6022 6928 5958 6875 5958 6875 5957 5049 5955 6876 6023 6813 6042 6930 6022 6928 6043 6814 6062 6931 6042 6930 6063 6815 6082 6932 6062 6931 6083 6816 6102 6933 6082 6932 6103 6817 6122 6934 6102 6933 6123 6818 6142 6935 6122 6934 6143 6819 5999 6936 6142 6935 6000 6878 5504 6989 5999 6936 5997 6879 5503 6990 6000 6878 5502 6991 5997 6879 5497 6880 4941 6937 4937 6992 5497 6880 5046 6769 5053 6938 4942 6993 5054 6882 5061 6994 5053 6938 5055 6883 5062 6995 5054 6882 5056 6939 5063 6996 5055 6883 5057 6997 5056 6939 5049 6884 5050 6998 5049 6884 5042 6885 5043 6999 5042 6885 5035 6886 5036 7000 5035 6886 5028 6887 5029 7001 5028 6887 4971 6940 4971 6940 4968 6824 4970 6941 4970 6941 4969 6888 5117 6942 5117 6942 4967 6774 5119 7002 4967 6774 5120 6943 5119 7002 5120 6943 5097 6889 5119 7002 5095 6944 4724 7003 5097 6889 5129 6945 5128 6891 4728 7004 4730 6894 5128 6891 5090 6892 5094 6946 5093 6893 5090 6892 4731 6947 5128 6891 4730 6894 4728 7004 4731 6947 4727 6830 4727 6830 4725 6948 4726 7005 4801 6949 4725 6948 4800 6831 4793 6950 4801 6949 4792 6832 4785 6951 4793 6950 4784 6895 4785 6951 4784 6895 4776 6833 4786 7006 4785 6951 4777 6896 4778 6952 4786 7006 4777 6896 4770 6953 4778 6952 4769 6834 4764 6954 4770 6953 4763 6835 4758 7007 4764 6954 4757 6897 4751 7008 4757 6897 4600 6898 4751 7008 4600 6898 4604 6899 4602 6900 4750 6901 4604 6899 4604 6899 4608 6837 4749 7009 4608 6837 4606 6955 4749 7009 4606 6955 4610 6903 4609 6904 4609 6904 4616 6905 4614 7010 4616 6905 4615 6956 4614 7010 4613 6957 4615 6956 5132 6906 7798 6958 4613 6957 5133 6842 5134 6907 4620 7011 7798 6958 4618 6959 4620 7011 5134 6907 4619 7012 4618 6959 4617 6908 4623 6909 4619 7012 4617 6908 4734 6960 4631 7013 4623 6909 5068 6962 7810 6961 5148 6847 7772 7014 5068 6962 5067 6912 6582 6849 6935 7015 6581 6963 6936 6914 6935 7015 6582 6849 6597 6915 6595 7016 6936 6914 6600 6964 6598 7017 6597 6915 6956 6965 6600 6964 6955 6850 6958 6966 6956 6965 6957 6851 6960 6967 6958 6966 6959 6852 6962 6968 6960 6967 6961 6853 6964 6969 6962 6968 6963 6854 6966 6970 6964 6969 6965 6855 6968 6971 6966 6970 6967 6856 6970 6972 6968 6971 6969 6857 6972 6916 6989 7018 6970 6972 6668 6859 6991 6920 6972 6916 6667 6917 6665 6973 6666 6862 7658 6611 6664 6919 6665 6973 6680 6918 6681 6974 7658 6611 6681 6974 6664 6919 7658 6611 6991 6920 6990 6975 6989 7018 6992 6863 7006 6976 6990 6975 7007 6864 6824 6977 7006 6976 6817 6865 6825 7019 6824 6977 6826 6978 6825 7019 6817 6865 7846 7020 6826 6978 6818 6921 7846 7020 6818 6921 6819 6979 6815 6748 6820 6980 6819 6979 6820 6980 6821 6922 7846 7020 7846 7020 6821 6922 7847 6867 7832 6982 7831 6981 5522 6868 7833 7021 7832 6982 5520 6869 7830 7022 5520 6869 7829 6983 7829 6983 5519 6924 7828 7023 5519 6924 6005 6925 5514 7024 6006 7025 6005 6925 6135 6926 6136 6984 6006 7025 6135 6926 6117 6985 6136 6984 6116 6870 6098 6986 6117 6985 6097 6871 6079 6987 6098 6986 6078 6872 6060 6988 6079 6987 6059 6873 6061 7026 6060 6988 6041 6927 6042 6930 6041 6927 6022 6928 6062 6931 6061 7026 6042 6930 6082 6932 6081 7027 6062 6931 6102 6933 6101 7028 6082 6932 6122 6934 6121 7029 6102 6933 6142 6935 6141 7030 6122 6934 5999 6936 5998 7031 6142 6935 5504 6989 5507 7032 5999 6936 5503 6990 5504 6989 6000 6878 5501 7033 5503 6990 5997 6879 5502 6991 5501 7033 5997 6879 5497 6880 4933 7034 5502 6991 4937 6992 4933 7034 5497 6880 4937 6992 4941 6937 4936 7035 5053 6938 4938 6820 4942 6993 5061 6994 5060 7036 5053 6938 5062 6995 5061 6994 5054 6882 5063 6996 5062 6995 5055 6883 5064 7037 5063 6996 5056 6939 5057 6997 5064 7037 5056 6939 5050 6998 5057 6997 5049 6884 5043 6999 5050 6998 5042 6885 5036 7000 5043 6999 5035 6886 5029 7001 5036 7000 5028 6887 4974 7038 5029 7001 4971 6940 4972 7039 4971 6940 4970 6941 4970 6941 5117 6942 5118 7040 5119 7002 5099 7041 5117 6942 5097 6889 5099 7041 5119 7002 4724 7003 4723 7042 5097 6889 4726 7005 4724 7003 5095 6944 4728 7004 5128 6891 4731 6947 5090 6892 5093 6893 7795 7043 4728 7004 4727 6830 4726 7005 4726 7005 4725 6948 4724 7003 4722 7044 4725 6948 4801 6949 4802 7045 4801 6949 4793 6950 4794 7046 4793 6950 4785 6951 4786 7006 4794 7046 4785 6951 4787 7047 4786 7006 4778 6952 4779 7048 4778 6952 4770 6953 4771 7049 4770 6953 4764 6954 4765 7050 4764 6954 4758 7007 4758 7007 4757 6897 4751 7008 4749 7009 4751 7008 4604 6899 4749 7009 4606 6955 4748 7051 4614 7010 4606 6955 4609 6904 4614 7010 4615 6956 4613 6957 4620 7011 4618 6959 4619 7012 4735 7052 4619 7012 4623 6909 4623 6909 4631 7013 4733 7053 7811 7054 7810 6961 5068 6962 7772 7014 7811 7054 5068 6962 6936 6914 6595 7016 6935 7015 6597 6915 6596 7055 6595 7016 6597 6915 6598 7017 6596 7055 6600 6964 6599 7056 6598 7017 6956 6965 6974 7057 6600 6964 6958 6966 6975 7058 6956 6965 6960 6967 6977 7059 6958 6966 6962 6968 6979 7060 6960 6967 6964 6969 6981 7061 6962 6968 6966 6970 6983 7062 6964 6969 6968 6971 6985 7063 6966 6970 6970 6972 6987 7064 6968 6971 6989 7018 6987 7064 6970 6972 6991 6920 6989 7018 6972 6916 6990 6975 6988 7065 6989 7018 7006 6976 7005 7066 6990 6975 6824 6977 6828 7067 7006 6976 6825 7019 6823 7068 6824 6977 6825 7019 6826 6978 7846 7020 6819 6979 6820 6980 7846 7020 7830 7022 7833 7021 5520 6869 5519 6924 5514 7024 7828 7023 6005 6925 5515 7069 5514 7024 6006 7025 5516 7070 6005 6925 6007 7071 6006 7025 6136 6984 6137 7072 6136 6984 6117 6985 6118 7073 6117 6985 6098 6986 6099 7074 6098 6986 6079 6987 6080 7075 6079 6987 6060 6988 6061 7026 6080 7075 6060 6988 6042 6930 6061 7026 6041 6927 6062 6931 6081 7027 6061 7026 6082 6932 6101 7028 6081 7027 6102 6933 6121 7029 6101 7028 6122 6934 6141 7030 6121 7029 6142 6935 5998 7031 6141 7030 5999 6936 5507 7032 5998 7031 5504 6989 4925 7076 5507 7032 5504 6989 5503 6990 4932 7077 5503 6990 5501 7033 4930 7078 5502 6991 4934 7079 5501 7033 4933 7034 4934 7079 5502 6991 4933 7034 4937 6992 4936 7035 4936 7035 4941 6937 7765 7080 5053 6938 5060 7036 4938 6820 5061 6994 5004 7081 5060 7036 5062 6995 5006 7082 5061 6994 5063 6996 5008 7083 5062 6995 5064 7037 5010 7084 5063 6996 5065 7085 5064 7037 5057 6997 5058 7086 5057 6997 5050 6998 5051 7087 5050 6998 5043 6999 5044 7088 5043 6999 5036 7000 5037 7089 5036 7000 5029 7001 5030 7090 5029 7001 4974 7038 4974 7038 4971 6940 4973 7091 4972 7039 4970 6941 5115 7092 5115 7092 4970 6941 5118 7040 5118 7040 5117 6942 5076 7093 5099 7041 5098 7094 5117 6942 5097 6889 4723 7042 5099 7041 4724 7003 4722 7044 4723 7042 4728 7004 4726 7005 5095 6944 4725 6948 4722 7044 4724 7003 4802 7045 4722 7044 4801 6949 4794 7046 4802 7045 4793 6950 4795 7095 4794 7046 4786 7006 4787 7047 4795 7095 4786 7006 4779 7048 4787 7047 4778 6952 4771 7049 4779 7048 4770 6953 4765 7050 4771 7049 4764 6954 4759 7096 4765 7050 4758 7007 4752 7097 4758 7007 4751 7008 4752 7097 4751 7008 4749 7009 4748 7051 4752 7097 4749 7009 4606 6955 4741 7098 4748 7051 4741 7098 4606 6955 4614 7010 4614 7010 4613 6957 4612 7099 4619 7012 4737 7100 4620 7011 4735 7052 4738 7101 4619 7012 4733 7053 4735 7052 4623 6909 4631 7013 4626 7102 4733 7053 6600 6964 6973 7103 6599 7056 6974 7057 6973 7103 6600 6964 6975 7058 6974 7057 6956 6965 6977 7059 6975 7058 6958 6966 6979 7060 6977 7059 6960 6967 6981 7061 6979 7060 6962 6968 6983 7062 6981 7061 6964 6969 6985 7063 6983 7062 6966 6970 6987 7064 6985 7063 6968 6971 6989 7018 6988 7065 6987 7064 6990 6975 7005 7066 6988 7065 7006 6976 6828 7067 7005 7066 6828 7067 6824 6977 6827 7104 6824 6977 6823 7068 6822 7105 6823 7068 6825 7019 7844 7106 7844 7106 6825 7019 7846 7020 7828 7023 5514 7024 7820 7107 5515 7069 7821 7108 5514 7024 5516 7070 5515 7069 6005 6925 5517 7109 5516 7070 6006 7025 6007 7071 5517 7109 6006 7025 6137 7072 6007 7071 6136 6984 6118 7073 6137 7072 6117 6985 6099 7074 6118 7073 6098 6986 6080 7075 6099 7074 6079 6987 6081 7027 6080 7075 6061 7026 6101 7028 6100 7110 6081 7027 6121 7029 6120 7111 6101 7028 6141 7030 6140 7112 6121 7029 5998 7031 6001 7113 6141 7030 5507 7032 5506 7114 5998 7031 4925 7076 4919 7115 5507 7032 4923 7116 4925 7076 5504 6989 4922 7117 5504 6989 4932 7077 4932 7077 5503 6990 4930 7078 4930 7078 5501 7033 4926 7118 4934 7079 4935 7119 5501 7033 4929 7120 4934 7079 4933 7034 4938 6820 4936 7035 7765 7080 5060 7036 4936 7035 4938 6820 5004 7081 4927 7121 5060 7036 5006 7082 5004 7081 5061 6994 5008 7083 5006 7082 5062 6995 5010 7084 5008 7083 5063 6996 5012 7122 5010 7084 5064 7037 5065 7085 5012 7122 5064 7037 5058 7086 5065 7085 5057 6997 5051 7087 5058 7086 5050 6998 5044 7088 5051 7087 5043 6999 5037 7089 5044 7088 5036 7000 5030 7090 5037 7089 5029 7001 4977 7123 5030 7090 4974 7038 4975 7124 4974 7038 4973 7091 4973 7091 4971 6940 7770 7125 5116 7126 4972 7039 5115 7092 5115 7092 5118 7040 5076 7093 5117 6942 5098 7094 5076 7093 5099 7041 4721 7127 5098 7094 4723 7042 4721 7127 5099 7041 4723 7042 4722 7044 4721 7127 4718 7128 4722 7044 4802 7045 4803 7129 4802 7045 4794 7046 4795 7095 4803 7129 4794 7046 4796 7130 4795 7095 4787 7047 4788 7131 4787 7047 4779 7048 4780 7132 4779 7048 4771 7049 4772 7133 4771 7049 4765 7050 4766 7134 4765 7050 4759 7096 4759 7096 4758 7007 4752 7097 4753 7135 4752 7097 4748 7051 4748 7051 4741 7098 4747 7136 4737 7100 4741 7098 4614 7010 4620 7011 4614 7010 4612 7099 4737 7100 4614 7010 4620 7011 4738 7101 4737 7100 4619 7012 4739 7137 4738 7101 4735 7052 4736 7138 4735 7052 4733 7053 4733 7053 4626 7102 4732 7139 4631 7013 4630 7140 4626 7102 6974 7057 6592 7141 6973 7103 6975 7058 6594 7142 6974 7057 6977 7059 6976 7143 6975 7058 6979 7060 6978 7144 6977 7059 6981 7061 6980 7145 6979 7060 6983 7062 6982 7146 6981 7061 6985 7063 6984 7147 6983 7062 6987 7064 6986 7148 6985 7063 6988 7065 6986 7148 6987 7064 7005 7066 7004 7149 6988 7065 6828 7067 6830 7150 7005 7066 6829 7151 6828 7067 6827 7104 6827 7104 6824 6977 6822 7105 6822 7105 6823 7068 7844 7106 5514 7024 7819 7152 7820 7107 7821 7108 7819 7152 5514 7024 7822 7153 7821 7108 5515 7069 5516 7070 7822 7153 5515 7069 5517 7109 7824 7154 5516 7070 5518 7155 5517 7109 6007 7071 6004 7156 6007 7071 6137 7072 6138 7157 6137 7072 6118 7073 6119 7158 6118 7073 6099 7074 6100 7110 6099 7074 6080 7075 6081 7027 6100 7110 6080 7075 6101 7028 6120 7111 6100 7110 6121 7029 6140 7112 6120 7111 6141 7030 6001 7113 6140 7112 6001 7113 5998 7031 5508 7159 5998 7031 5506 7114 5505 7160 5507 7032 4920 7161 5506 7114 5507 7032 4919 7115 4920 7161 4919 7115 4925 7076 4924 7162 4925 7076 4923 7116 4924 7162 4922 7117 4923 7116 5504 6989 4922 7117 4932 7077 4931 7163 4932 7077 4930 7078 4931 7163 4931 7163 4930 7078 4926 7118 4928 7164 4926 7118 5501 7033 5501 7033 4935 7119 4928 7164 4935 7119 4934 7079 4929 7120 5060 7036 4927 7121 4936 7035 5004 7081 5003 7165 4927 7121 5006 7082 5005 7166 5004 7081 5008 7083 5007 7167 5006 7082 5010 7084 5009 7168 5008 7083 5012 7122 5011 7169 5010 7084 5013 7170 5012 7122 5065 7085 5066 7171 5065 7085 5058 7086 5059 7172 5058 7086 5051 7087 5052 7173 5051 7087 5044 7088 5045 7174 5044 7088 5037 7089 5038 7175 5037 7089 5030 7090 5031 7176 5030 7090 4977 7123 4977 7123 4974 7038 4976 7177 4976 7177 4974 7038 4975 7124 4975 7124 4973 7091 5112 7178 4973 7091 4972 7039 5116 7126 5116 7126 5115 7092 5100 7179 5115 7092 5076 7093 5101 7180 5098 7094 4717 7181 5076 7093 4721 7127 4716 7182 5098 7094 4722 7044 4718 7128 4721 7127 4803 7129 4718 7128 4802 7045 4804 7183 4803 7129 4795 7095 4796 7130 4804 7183 4795 7095 4788 7131 4796 7130 4787 7047 4780 7132 4788 7131 4779 7048 4772 7133 4780 7132 4771 7049 4766 7134 4772 7133 4765 7050 4760 7184 4766 7134 4759 7096 4753 7135 4759 7096 4752 7097 4747 7136 4753 7135 4748 7051 4741 7098 4742 7185 4747 7136 4742 7185 4741 7098 4737 7100 4738 7101 4742 7185 4737 7100 4739 7137 4743 7186 4738 7101 4736 7138 4739 7137 4735 7052 4732 7139 4736 7138 4733 7053 4626 7102 4643 7187 4732 7139 4630 7140 4629 7188 4626 7102 6594 7142 6592 7141 6974 7057 6976 7143 6594 7142 6975 7058 6978 7144 6976 7143 6977 7059 6980 7145 6978 7144 6979 7060 6982 7146 6980 7145 6981 7061 6984 7147 6982 7146 6983 7062 6986 7148 6984 7147 6985 7063 6988 7065 7004 7149 6986 7148 7005 7066 6830 7150 7004 7149 6828 7067 6831 7189 6830 7150 6829 7151 6832 7190 6828 7067 6829 7151 6827 7104 7844 7106 7844 7106 6827 7104 6822 7105 5516 7070 7823 7191 7822 7153 7824 7154 7823 7191 5516 7070 7825 7192 7824 7154 5517 7109 5518 7155 7825 7192 5517 7109 6004 7156 5518 7155 6007 7071 6138 7157 6004 7156 6137 7072 6119 7158 6138 7157 6118 7073 6100 7110 6119 7158 6099 7074 6120 7111 6119 7158 6100 7110 6140 7112 6139 7193 6120 7111 6001 7113 6002 7194 6140 7112 5511 7195 6001 7113 5508 7159 5508 7159 5998 7031 5505 7160 5506 7114 4921 7196 5505 7160 4920 7161 4921 7196 5506 7114 4914 7197 4920 7161 4919 7115 4924 7162 4914 7197 4919 7115 4924 7162 4923 7116 4922 7117 4931 7163 4924 7162 4922 7117 4927 7121 4931 7163 4926 7118 4928 7164 4927 7121 4926 7118 4927 7121 4929 7120 4936 7035 5003 7165 4931 7163 4927 7121 5005 7166 5003 7165 5004 7081 5007 7167 5005 7166 5006 7082 5009 7168 5007 7167 5008 7083 5011 7169 5009 7168 5010 7084 4987 7198 5011 7169 5012 7122 5013 7170 4987 7198 5012 7122 5066 7171 5013 7170 5065 7085 5059 7172 5066 7171 5058 7086 5052 7173 5059 7172 5051 7087 5045 7174 5052 7173 5044 7088 5038 7175 5045 7174 5037 7089 5031 7176 5038 7175 5030 7090 4980 7199 5031 7176 4977 7123 4978 7200 4977 7123 4976 7177 4976 7177 4975 7124 5113 7201 5113 7201 4975 7124 5112 7178 5112 7178 4973 7091 5111 7202 5111 7202 4973 7091 5116 7126 5111 7202 5116 7126 5100 7179 5100 7179 5115 7092 5101 7180 5101 7180 5076 7093 4720 7203 5076 7093 4717 7181 4719 7204 5098 7094 4716 7182 4717 7181 4721 7127 4718 7128 4716 7182 4714 7205 4718 7128 4803 7129 4804 7183 4714 7205 4803 7129 4805 7206 4804 7183 4796 7130 4797 7207 4796 7130 4788 7131 4789 7208 4788 7131 4780 7132 4781 7209 4780 7132 4772 7133 4773 7210 4772 7133 4766 7134 4767 7211 4766 7134 4760 7184 4760 7184 4759 7096 4753 7135 4754 7212 4753 7135 4747 7136 4747 7136 4742 7185 4746 7213 4743 7186 4742 7185 4738 7101 4744 7214 4743 7186 4739 7137 4740 7215 4739 7137 4736 7138 4650 7216 4736 7138 4732 7139 4732 7139 4643 7187 4646 7217 4643 7187 4626 7102 4627 7218 4626 7102 4629 7188 4625 7219 6594 7142 6593 7220 6592 7141 6976 7143 6998 7221 6594 7142 6978 7144 6999 7222 6976 7143 6980 7145 7000 7223 6978 7144 6982 7146 7001 7224 6980 7145 6984 7147 7002 7225 6982 7146 6986 7148 7003 7226 6984 7147 7004 7149 7003 7226 6986 7148 6830 7150 6835 7227 7004 7149 6831 7189 6837 7228 6830 7150 6832 7190 6831 7189 6828 7067 6832 7190 6829 7151 7844 7106 7826 7229 7825 7192 5518 7155 5512 7230 5518 7155 6004 7156 6003 7231 6004 7156 6138 7157 6139 7193 6138 7157 6119 7158 6120 7111 6139 7193 6119 7158 6140 7112 6002 7194 6139 7193 6002 7194 6001 7113 5511 7195 5508 7159 7816 7232 5511 7195 5508 7159 5505 7160 4916 7233 4921 7196 4915 7234 5505 7160 4921 7196 4920 7161 4914 7197 5020 7235 4914 7197 4924 7162 5014 7236 4924 7162 4931 7163 4929 7120 4927 7121 4928 7164 5003 7165 5014 7236 4931 7163 5005 7166 5015 7237 5003 7165 5007 7167 5016 7238 5005 7166 5009 7168 5017 7239 5007 7167 5011 7169 5018 7240 5009 7168 4987 7198 4838 7241 5011 7169 4808 7242 4987 7198 5013 7170 4830 7243 5013 7170 5066 7171 4827 7244 5066 7171 5059 7172 4824 7245 5059 7172 5052 7173 4822 7246 5052 7173 5045 7174 4817 7247 5045 7174 5038 7175 4814 7248 5038 7175 5031 7176 4811 7249 5031 7176 4980 7199 4980 7199 4977 7123 4979 7250 4979 7250 4977 7123 4978 7200 4976 7177 5108 7251 4978 7200 5114 7252 4976 7177 5113 7201 5113 7201 5112 7178 5100 7179 5100 7179 5112 7178 5111 7202 5101 7180 4715 7253 5100 7179 4720 7203 4715 7253 5101 7180 5076 7093 4719 7204 4720 7203 4719 7204 4717 7181 4718 7128 4718 7128 4717 7181 4716 7182 4714 7205 4719 7204 4718 7128 4711 7254 4714 7205 4804 7183 4805 7206 4711 7254 4804 7183 4797 7207 4805 7206 4796 7130 4789 7208 4797 7207 4788 7131 4781 7209 4789 7208 4780 7132 4773 7210 4781 7209 4772 7133 4767 7211 4773 7210 4766 7134 4761 7255 4767 7211 4760 7184 4754 7212 4760 7184 4753 7135 4746 7213 4754 7212 4747 7136 4742 7185 4743 7186 4746 7213 4743 7186 4744 7214 4745 7256 4740 7215 4744 7214 4739 7137 4650 7216 4740 7215 4736 7138 4646 7217 4650 7216 4732 7139 4643 7187 4641 7257 4646 7217 4559 7258 4643 7187 4627 7218 4627 7218 4626 7102 4624 7259 4626 7102 4625 7219 4624 7259 6594 7142 6997 7260 6593 7220 6998 7221 6997 7260 6594 7142 6999 7222 6998 7221 6976 7143 7000 7223 6999 7222 6978 7144 7001 7224 7000 7223 6980 7145 7002 7225 7001 7224 6982 7146 7003 7226 7002 7225 6984 7147 7004 7149 6835 7227 7003 7226 6830 7150 6836 7261 6835 7227 6837 7228 6836 7261 6830 7150 7844 7106 6837 7228 6831 7189 6831 7189 6832 7190 7844 7106 5512 7230 7826 7229 5518 7155 5513 7262 5512 7230 6004 7156 6004 7156 6003 7231 5509 7263 6139 7193 6003 7231 6138 7157 6002 7194 6003 7231 6139 7193 5510 7264 6002 7194 5511 7195 7816 7232 7815 7265 5511 7195 4918 7266 7816 7232 5508 7159 4917 7267 5508 7159 4916 7233 4916 7233 5505 7160 4915 7234 4915 7234 4921 7196 4914 7197 5020 7235 4992 7268 4914 7197 5014 7236 5020 7235 4924 7162 5015 7237 5014 7236 5003 7165 5016 7238 5015 7237 5005 7166 5017 7239 5016 7238 5007 7167 5018 7240 5017 7239 5009 7168 4838 7241 5018 7240 5011 7169 4839 7269 4838 7241 4987 7198 4987 7198 4808 7242 4833 7270 4830 7243 4808 7242 5013 7170 4827 7244 4830 7243 5066 7171 4824 7245 4827 7244 5059 7172 4822 7246 4824 7245 5052 7173 4817 7247 4822 7246 5045 7174 4814 7248 4817 7247 5038 7175 4811 7249 4814 7248 5031 7176 4983 7271 4811 7249 4980 7199 4981 7272 4980 7199 4979 7250 4978 7200 5109 7273 4979 7250 5108 7251 5109 7273 4978 7200 5073 7274 5108 7251 4976 7177 5114 7252 5073 7274 4976 7177 5114 7252 5113 7201 5075 7275 5075 7275 5113 7201 5100 7179 4715 7253 4713 7276 5100 7179 4715 7253 4720 7203 4714 7205 4720 7203 4719 7204 4714 7205 4714 7205 4711 7254 4713 7276 4707 7277 4711 7254 4805 7206 4806 7278 4805 7206 4797 7207 4798 7279 4797 7207 4789 7208 4790 7280 4789 7208 4781 7209 4782 7281 4781 7209 4773 7210 4774 7282 4773 7210 4767 7211 4768 7283 4767 7211 4761 7255 4761 7255 4760 7184 4754 7212 4755 7284 4754 7212 4746 7213 4746 7213 4743 7186 4745 7256 4745 7256 4744 7214 4662 7285 4660 7286 4744 7214 4740 7215 4656 7287 4740 7215 4650 7216 4649 7288 4650 7216 4646 7217 4646 7217 4641 7257 4648 7289 4643 7187 4642 7290 4641 7257 4645 7291 4643 7187 4559 7258 4627 7218 4558 7292 4559 7258 4624 7259 4628 7293 4627 7218 6998 7221 6589 7294 6997 7260 6999 7222 6591 7295 6998 7221 7000 7223 6850 7296 6999 7222 7001 7224 6845 7297 7000 7223 7002 7225 6843 7298 7001 7224 7003 7226 6838 7299 7002 7225 6835 7227 6838 7299 7003 7226 6836 7261 6834 7300 6835 7227 6836 7261 6837 7228 7844 7106 7827 7301 7826 7229 5512 7230 5513 7262 4904 7302 5512 7230 5513 7262 6004 7156 5509 7263 5509 7263 6003 7231 5510 7264 6003 7231 6002 7194 5510 7264 5511 7195 7815 7265 5510 7264 4917 7267 4918 7266 5508 7159 4911 7303 4917 7267 4916 7233 4916 7233 4915 7234 4914 7197 4992 7268 4911 7303 4914 7197 4994 7304 4992 7268 5020 7235 5021 7305 5020 7235 5014 7236 5015 7237 5021 7305 5014 7236 5016 7238 5022 7306 5015 7237 5017 7239 5023 7307 5016 7238 5018 7240 5024 7308 5017 7239 4838 7241 4840 7309 5018 7240 4839 7269 4837 7310 4838 7241 4835 7311 4839 7269 4987 7198 4835 7311 4987 7198 4833 7270 4833 7270 4808 7242 4809 7312 4810 7313 4808 7242 4830 7243 4832 7314 4830 7243 4827 7244 4829 7315 4827 7244 4824 7245 4826 7316 4824 7245 4822 7246 4823 7317 4822 7246 4817 7247 4819 7318 4817 7247 4814 7248 4816 7319 4814 7248 4811 7249 4813 7320 4811 7249 4983 7271 4983 7271 4980 7199 4982 7321 4982 7321 4980 7199 4981 7272 4979 7250 5110 7322 4981 7272 5109 7273 5110 7322 4979 7250 5109 7273 5108 7251 5074 7323 5074 7323 5108 7251 5073 7274 5073 7274 5114 7252 5075 7275 5100 7179 4712 7324 5075 7275 4713 7276 4712 7324 5100 7179 4715 7253 4714 7205 4713 7276 4713 7276 4711 7254 4712 7324 4711 7254 4707 7277 4710 7325 4806 7278 4707 7277 4805 7206 4798 7279 4806 7278 4797 7207 4790 7280 4798 7279 4789 7208 4782 7281 4790 7280 4781 7209 4774 7282 4782 7281 4773 7210 4768 7283 4774 7282 4767 7211 4762 7326 4768 7283 4761 7255 4755 7284 4761 7255 4754 7212 4745 7256 4755 7284 4746 7213 4662 7285 4756 7327 4745 7256 4744 7214 4660 7286 4662 7285 4656 7287 4660 7286 4740 7215 4652 7328 4656 7287 4650 7216 4651 7329 4650 7216 4649 7288 4647 7330 4649 7288 4646 7217 4648 7289 4647 7330 4646 7217 4644 7331 4642 7290 4643 7187 4645 7291 4644 7331 4643 7187 4560 7332 4645 7291 4559 7258 4560 7332 4559 7258 4558 7292 4562 7333 4558 7292 4627 7218 4628 7293 4562 7333 4627 7218 6591 7295 6589 7294 6998 7221 6850 7296 6591 7295 6999 7222 6845 7297 6850 7296 7000 7223 6843 7298 6845 7297 7001 7224 6838 7299 6843 7298 7002 7225 6835 7227 6840 7334 6838 7299 6835 7227 6834 7300 6833 7335 6834 7300 6836 7261 7845 7336 7845 7336 6836 7261 7844 7106 4904 7302 4898 7337 5512 7230 4903 7338 4904 7302 5513 7262 5509 7263 4903 7338 5513 7262 5510 7264 4905 7339 5509 7263 7815 7265 4908 7340 5510 7264 4918 7266 4917 7267 4911 7303 4914 7197 4911 7303 4916 7233 4992 7268 4910 7341 4911 7303 4994 7304 4993 7342 4992 7268 5021 7305 4994 7304 5020 7235 5022 7306 5021 7305 5015 7237 5023 7307 5022 7306 5016 7238 5024 7308 5023 7307 5017 7239 4840 7309 5024 7308 5018 7240 4842 7343 4840 7309 4838 7241 4838 7241 4837 7310 4836 7344 4837 7310 4839 7269 4836 7344 5019 7345 4839 7269 4835 7311 4835 7311 4833 7270 4834 7346 4834 7346 4833 7270 4809 7312 4810 7313 4809 7312 4808 7242 4831 7347 4810 7313 4830 7243 4832 7314 4831 7347 4830 7243 4828 7348 4832 7314 4827 7244 4829 7315 4828 7348 4827 7244 4825 7349 4829 7315 4824 7245 4826 7316 4825 7349 4824 7245 4820 7350 4826 7316 4822 7246 4823 7317 4821 7351 4822 7246 4818 7352 4823 7317 4817 7247 4819 7318 4818 7352 4817 7247 4815 7353 4819 7318 4814 7248 4816 7319 4815 7353 4814 7248 4812 7354 4816 7319 4811 7249 4813 7320 4812 7354 4811 7249 4985 7355 4813 7320 4983 7271 4984 7356 4983 7271 4982 7321 4981 7272 5107 7357 4982 7321 5110 7322 5107 7357 4981 7272 5110 7322 5109 7273 5102 7358 5102 7358 5109 7273 5074 7323 5075 7275 5074 7323 5073 7274 4712 7324 4710 7325 5075 7275 4712 7324 4711 7254 4710 7325 4710 7325 4707 7277 4705 7359 4702 7360 4707 7277 4806 7278 4807 7361 4806 7278 4798 7279 4799 7362 4798 7279 4790 7280 4791 7363 4790 7280 4782 7281 4783 7364 4782 7281 4774 7282 4775 7365 4774 7282 4768 7283 4679 7366 4768 7283 4762 7326 4762 7326 4761 7255 4755 7284 4756 7327 4755 7284 4745 7256 4668 7367 4756 7327 4662 7285 4662 7285 4660 7286 4664 7368 4661 7369 4660 7286 4656 7287 4657 7370 4656 7287 4652 7328 4652 7328 4650 7216 4651 7329 4649 7288 4647 7330 4651 7329 4648 7289 7787 11 4647 7330 4562 7333 4561 7371 4558 7292 6591 7295 6590 7372 6589 7294 6850 7296 6616 7373 6591 7295 6845 7297 6851 7374 6850 7296 6843 7298 6846 7375 6845 7297 6843 7298 6838 7299 6842 7376 6840 7334 6839 7377 6838 7299 6841 7378 6840 7334 6835 7227 6833 7335 6841 7378 6835 7227 6833 7335 6834 7300 7845 7336 4898 7337 7818 7379 5512 7230 4898 7337 4904 7302 4897 7380 4904 7302 4903 7338 4897 7380 4902 7381 4903 7338 5509 7263 4905 7339 4906 7382 5509 7263 4909 7383 4905 7339 5510 7264 5510 7264 4908 7340 4909 7383 4912 7384 4918 7266 4911 7303 4910 7341 4908 7340 4911 7303 4993 7342 4910 7341 4992 7268 4995 7385 4993 7342 4994 7304 4996 7386 4994 7304 5021 7305 5022 7306 4996 7386 5021 7305 5023 7307 4998 7387 5022 7306 5024 7308 4999 7388 5023 7307 4840 7309 4845 7389 5024 7308 4842 7343 4841 7390 4840 7309 4836 7344 4842 7343 4838 7241 4841 7390 4836 7344 4839 7269 5019 7345 4834 7346 4839 7269 4834 7346 5019 7345 4835 7311 4809 7312 4810 7313 4834 7346 4831 7347 4821 7351 4810 7313 4821 7351 4831 7347 4832 7314 4832 7314 4828 7348 4821 7351 4828 7348 4829 7315 4825 7349 4825 7349 4826 7316 4820 7350 4822 7246 4821 7351 4820 7350 4823 7317 4818 7352 4821 7351 4819 7318 4815 7353 4818 7352 4816 7319 4812 7354 4815 7353 4812 7354 4813 7320 4985 7355 4985 7355 4983 7271 4984 7356 4984 7356 4982 7321 5072 7391 5107 7357 5106 7392 4982 7321 5107 7357 5110 7322 5102 7358 5074 7323 4706 7393 5102 7358 5075 7275 4710 7325 5074 7323 4710 7325 4705 7359 5074 7323 4707 7277 4706 7393 4705 7359 4702 7360 4708 7394 4707 7277 4807 7361 4702 7360 4806 7278 4799 7362 4807 7361 4798 7279 4791 7363 4799 7362 4790 7280 4783 7364 4791 7363 4782 7281 4775 7365 4783 7364 4774 7282 4679 7366 4775 7365 4768 7283 4673 7395 4679 7366 4762 7326 4756 7327 4762 7326 4755 7284 4668 7367 4673 7395 4756 7327 4663 7396 4668 7367 4662 7285 4664 7368 4663 7396 4662 7285 4660 7286 4658 7397 4664 7368 4661 7369 4659 7398 4660 7286 4654 7399 4661 7369 4656 7287 4657 7370 4655 7400 4656 7287 4653 7401 4657 7370 4652 7328 4653 7401 4652 7328 4651 7329 4651 7329 4647 7330 7778 11 7787 11 7778 11 4647 7330 4562 7333 4640 7402 4561 7371 6590 7372 6591 7295 6854 7403 6591 7295 6616 7373 6615 7404 6853 7405 6616 7373 6850 7296 6851 7374 6849 7406 6850 7296 6852 7407 6851 7374 6845 7297 6846 7375 6852 7407 6845 7297 6847 7408 6846 7375 6843 7298 6844 7409 6843 7298 6842 7376 6842 7376 6838 7299 6839 7377 6839 7377 6840 7334 7859 7410 6840 7334 6841 7378 7845 7336 7845 7336 6841 7378 6833 7335 7818 7379 7817 7411 5512 7230 4897 7380 4899 7412 4898 7337 4897 7380 4903 7338 4902 7381 4906 7382 4902 7381 5509 7263 4907 7413 4906 7382 4905 7339 4905 7339 4909 7383 4910 7341 4910 7341 4909 7383 4908 7340 4913 7414 4912 7384 4911 7303 4993 7342 5000 7415 4910 7341 4995 7385 5001 7416 4993 7342 4996 7386 4995 7385 4994 7304 4998 7387 4996 7386 5022 7306 4999 7388 4998 7387 5023 7307 4845 7389 4999 7388 5024 7308 4846 7417 4845 7389 4840 7309 4841 7390 4846 7417 4840 7309 4842 7343 4836 7344 4841 7390 4839 7269 4834 7346 4841 7390 4834 7346 4810 7313 4818 7352 4810 7313 4821 7351 4818 7352 4828 7348 4825 7349 4821 7351 4821 7351 4825 7349 4820 7350 4815 7418 4812 7418 4818 7418 4985 7355 4699 7419 4812 7354 4986 7420 4985 7355 4984 7356 4986 7420 4984 7356 5072 7391 5072 7391 4982 7321 5105 7421 4982 7321 5106 7392 5105 7421 5107 7357 5104 7422 5106 7392 5102 7358 5104 7422 5107 7357 4706 7393 4708 7394 5102 7358 4705 7359 4706 7393 5074 7323 4708 7394 4706 7393 4707 7277 4709 7423 4708 7394 4702 7360 4698 7424 4702 7360 4807 7361 4695 7425 4807 7361 4799 7362 4690 7426 4799 7362 4791 7363 4687 7427 4791 7363 4783 7364 4685 7428 4783 7364 4775 7365 4680 7429 4775 7365 4679 7366 4678 7430 4679 7366 4673 7395 4673 7395 4762 7326 4756 7327 4674 7431 4673 7395 4668 7367 4670 7432 4668 7367 4663 7396 4663 7396 4664 7368 4666 7433 4664 7368 4658 7397 4665 7434 4660 7286 4659 7398 4658 7397 4661 7369 4654 7399 4659 7398 4656 7287 4655 7400 4654 7399 4655 7400 4657 7370 4654 7399 4654 7399 4657 7370 4653 7401 4653 7401 4651 7329 4654 7399 4651 7329 7778 11 7783 11 7787 11 7785 11 7778 11 4640 7402 4639 7435 4561 7371 6855 7436 6590 7372 6854 7403 6854 7403 6591 7295 6615 7404 6616 7373 7856 7437 6615 7404 6853 7405 7856 7437 6616 7373 6848 7438 6853 7405 6850 7296 6850 7296 6849 7406 6848 7438 6849 7406 6851 7374 7857 7439 7857 7439 6851 7374 6852 7407 6846 7375 7857 7439 6852 7407 6846 7375 6847 7408 7859 7410 6844 7409 6847 7408 6843 7298 7859 7410 6844 7409 6842 7376 6842 7376 6839 7377 7859 7410 7859 7410 6840 7334 7845 7336 5512 7230 7817 7411 4901 7440 4900 7441 4899 7412 4897 7380 4907 7413 4897 7380 4902 7381 4902 7381 4906 7382 4907 7413 4910 7341 4907 7413 4905 7339 4911 7303 7771 7442 4913 7414 5000 7415 4907 7413 4910 7341 5001 7416 5000 7415 4993 7342 5002 7443 5001 7416 4995 7385 4997 7444 4995 7385 4996 7386 4998 7387 4997 7444 4996 7386 4999 7388 4847 7445 4998 7387 4845 7389 4849 7446 4999 7388 4846 7417 4844 7447 4845 7389 4844 7447 4846 7417 4841 7390 4841 7390 4834 7346 4678 7430 4818 7352 4688 7448 4834 7346 4818 7352 4812 7354 4691 7449 4699 7419 4693 7450 4812 7354 7780 11 4699 7419 4985 7355 4986 7420 5071 7451 4985 7355 5072 7391 5070 7452 4986 7420 5105 7421 5070 7452 5072 7391 5106 7392 5103 7453 5105 7421 5104 7422 5103 7453 5106 7392 5102 7358 4709 7423 5104 7422 4708 7394 4709 7423 5102 7358 4703 7454 4709 7423 4702 7360 4698 7424 4703 7454 4702 7360 4695 7425 4698 7424 4807 7361 4690 7426 4695 7425 4799 7362 4687 7427 4690 7426 4791 7363 4685 7428 4687 7427 4783 7364 4680 7429 4685 7428 4775 7365 4677 7455 4680 7429 4679 7366 4679 7366 4678 7430 4677 7455 4671 7456 4678 7430 4673 7395 4674 7431 4672 7457 4673 7395 4669 7458 4674 7431 4668 7367 4670 7432 4669 7458 4668 7367 4667 7459 4670 7432 4663 7396 4667 7459 4663 7396 4666 7433 4666 7433 4664 7368 4665 7434 4665 7434 4658 7397 4666 7433 4658 7397 4659 7398 4669 7458 4659 7398 4654 7399 4651 7329 4659 7398 4651 7329 7783 11 7777 7460 7783 11 7778 11 7785 7461 7786 7461 7778 7461 7787 7462 7788 7462 7785 7462 4561 7371 4639 7435 4638 7463 6854 7403 7858 7464 6855 7436 6615 7404 7856 7437 6854 7403 7857 7439 7856 7437 6853 7405 6848 7438 7857 7439 6853 7405 6848 7438 6849 7406 7857 7439 7859 7410 7857 7439 6846 7375 6847 7408 6844 7409 7859 7410 4901 7440 4894 7465 5512 7230 4893 7466 4900 7441 4897 7380 4896 7467 4897 7380 4907 7413 5000 7415 4896 7467 4907 7413 5001 7416 4988 7468 5000 7415 5002 7443 4863 7469 5001 7416 4997 7444 5002 7443 4995 7385 4847 7445 4997 7444 4998 7387 4849 7446 4847 7445 4999 7388 4851 7470 4849 7446 4845 7389 4845 7389 4844 7447 4843 7471 4850 7472 4844 7447 4841 7390 4678 7430 4672 7457 4841 7390 4834 7346 4681 7473 4678 7430 4688 7448 4681 7473 4834 7346 4691 7449 4688 7448 4818 7352 4812 7354 4693 7450 4691 7449 4697 7474 4693 7450 4699 7419 4985 7355 5071 7451 7780 11 5069 7475 5071 7451 4986 7420 5070 7452 5069 7475 4986 7420 5103 7453 5070 7452 5105 7421 5104 7422 4703 7454 5103 7453 4709 7423 4703 7454 5104 7422 4704 7476 4703 7454 4698 7424 4697 7474 4698 7424 4695 7425 4696 7477 4695 7425 4690 7426 4692 7478 4690 7426 4687 7427 4689 7479 4687 7427 4685 7428 4686 7480 4685 7428 4680 7429 4678 7430 4676 7481 4677 7455 4671 7456 4672 7457 4678 7430 4673 7395 4672 7457 4671 7456 4672 7457 4674 7431 4669 7458 4670 7432 4666 7433 4669 7458 4667 7459 4666 7433 4670 7432 4666 7433 4658 7397 4669 7458 4669 7458 4659 7398 4850 7472 7783 11 4857 7482 4659 7398 7778 11 7779 11 7777 7460 4639 7483 4637 7483 4638 7483 7856 7437 7858 7464 6854 7403 4894 7465 4901 7440 4893 7466 4901 7440 4900 7441 4893 7466 4897 7380 4896 7467 4893 7466 4988 7468 4896 7467 5000 7415 4863 7469 4988 7468 5001 7416 4858 7484 4863 7469 5002 7443 4854 7485 5002 7443 4997 7444 4847 7445 4854 7485 4997 7444 4849 7446 4848 7486 4847 7445 4851 7470 4850 7472 4849 7446 4843 7471 4851 7470 4845 7389 4843 7471 4844 7447 4851 7470 4851 7470 4844 7447 4850 7472 4841 7390 4672 7457 4850 7472 4675 7487 4678 7430 4681 7473 4684 7488 4681 7473 4688 7448 4692 7478 4688 7448 4691 7449 4696 7477 4691 7449 4693 7450 4693 7450 4697 7474 4695 7425 4699 7419 4698 7424 4697 7474 5069 7475 5103 7453 5071 7451 5070 7452 5103 7453 5069 7475 4703 7454 4704 7476 5103 7453 4700 7489 4704 7476 4698 7424 4696 7477 4694 7490 4695 7425 4691 7449 4696 7477 4690 7426 4692 7478 4691 7449 4690 7426 4688 7448 4692 7478 4687 7427 4689 7479 4688 7448 4687 7427 4683 7491 4689 7479 4685 7428 4686 7480 4684 7488 4685 7428 4681 7473 4686 7480 4680 7429 4677 7455 4676 7481 4675 7487 4676 7481 4678 7430 4675 7487 4850 7472 4672 7457 4669 7458 4850 7472 4659 7398 4857 7482 7783 11 4869 7492 4857 7482 7777 7460 7779 11 7775 7493 4638 7494 4637 7494 4636 7494 4890 7495 4894 7465 4893 7466 4893 7466 4896 7467 4989 7496 4989 7496 4896 7467 4988 7468 4860 7497 4988 7468 4863 7469 4863 7469 4858 7484 4862 7498 4854 7485 4858 7484 5002 7443 4855 7499 4854 7485 4847 7445 4848 7486 4855 7499 4847 7445 4850 7472 4848 7486 4849 7446 4682 7500 4675 7487 4681 7473 4686 7480 4681 7473 4684 7488 4688 7448 4689 7479 4684 7488 4694 7490 4696 7477 4693 7450 4695 7425 4694 7490 4693 7450 4700 7489 4698 7424 4699 7419 5103 7453 4700 7489 5071 7451 5103 7453 4704 7476 4700 7489 4683 7491 4684 7488 4689 7479 4685 7428 4684 7488 4683 7491 4682 7500 4681 7473 4680 7429 4675 7487 4682 7500 4677 7455 4853 7501 4850 7472 4857 7482 4862 7498 4857 7482 4869 7492 7783 11 7782 11 4869 7492 7777 7460 7775 7493 7774 7502 4637 7503 4635 7503 4636 7503 4895 7504 4894 7465 4890 7495 4890 7495 4893 7466 4990 7505 4990 7505 4893 7466 4989 7496 4989 7496 4988 7468 4860 7497 4860 7497 4863 7469 4862 7498 4862 7498 4858 7484 4856 7506 4859 7507 4858 7484 4854 7485 4855 7499 4853 7501 4854 7485 4855 7499 4848 7486 4853 7501 4848 7486 4850 7472 4853 7501 4701 7508 4700 7489 4699 7419 4857 7482 4859 7507 4853 7501 4856 7506 4857 7482 4862 7498 4861 7509 4862 7498 4869 7492 7789 11 4869 7492 7782 11 7781 11 7782 11 7783 11 7773 7510 7774 7502 7775 7493 4636 7511 4635 7511 4634 7511 4892 7512 4895 7504 4890 7495 4871 7513 4890 7495 4990 7505 4990 7505 4989 7496 4864 7514 4864 7514 4989 7496 4860 7497 4862 7498 4861 7509 4860 7497 4858 7484 4857 7482 4856 7506 4859 7507 4857 7482 4858 7484 4852 7515 4859 7507 4854 7485 4854 7485 4853 7501 4852 7515 7796 7516 4700 7489 4701 7508 4859 7507 4852 7515 4853 7501 4869 7492 4865 7517 4861 7509 7784 7518 7781 7518 7783 7518 7776 7519 7773 7510 7775 7493 4635 7520 4633 7520 4634 7520 4892 7512 4890 7495 4891 7521 4888 7522 4890 7495 4871 7513 4871 7513 4990 7505 4867 7523 4867 7523 4990 7505 4864 7514 4860 7497 4865 7517 4864 7514 4861 7509 4866 7524 4860 7497 4865 7517 4866 7524 4861 7509 4865 7517 4869 7492 4864 7514 7794 11 7781 11 7784 11 7775 7493 7790 7525 7776 7519 4634 7526 4633 7526 4632 7526 4891 7521 4890 7495 4889 7527 4890 7495 4888 7522 4889 7527 4883 7528 4888 7522 4871 7513 4991 7529 4871 7513 4867 7523 4864 7514 4868 7530 4867 7523 4866 7524 4865 7517 4860 7497 4869 7492 4868 7530 4864 7514 7790 7525 7791 7531 7776 7519 4889 7527 4888 7522 4887 7532 4887 7532 4888 7522 4883 7528 4871 7513 4884 7533 4883 7528 4870 7534 4871 7513 4991 7529 7791 7531 7792 7535 7776 7519 4885 7536 4884 7533 4871 7513 4872 7537 4871 7513 4870 7534 7792 7535 7793 7538 7776 7519 4873 7539 4885 7536 4871 7513 4873 7539 4871 7513 4872 7537 4886 7540 4885 7536 4873 7539 4874 7541 4873 7539 4872 7537 4875 7542 4886 7540 4873 7539 4874 7541 4877 7543 4873 7539 4873 7539 4876 7544 4875 7542 4877 7543 4876 7544 4873 7539 4876 7544 4878 7545 4875 7542 4879 7546 4878 7545 4876 7544 4880 7547 4879 7546 4876 7544 4881 7548 4879 7548 4880 7548 4882 7549 4881 7549 4880 7549 7860 7550 7868 7550 7863 7550 7860 7551 7867 7552 7868 7553 7862 7554 7867 7552 7860 7551 7860 7551 7861 7555 7862 7554 7860 7551 7866 7556 7861 7555 7860 7551 7865 7557 7866 7556 7864 7558 7865 7557 7860 7551 7869 7559 7870 7560 7871 7561 7869 7559 7872 7562 7870 7560 7873 7563 7875 7564 7876 7565 7874 7566 7875 7564 7873 7563 7877 7567 7881 7568 7882 7569 7883 7570 7881 7568 7877 7567 7878 7571 7883 7570 7877 7567 7879 7572 7878 7571 7877 7567 7877 7567 7884 7573 7879 7572 7885 7574 7884 7573 7877 7567 7880 7575 7885 7575 7877 7575 7887 7576 7889 7577 7886 7578 7888 7579 7887 7576 7886 7578 7890 7580 7891 7581 7892 7582 7893 7583 7891 7581 7890 7580 7894 7584 7896 7585 7909 7586 7910 7587 7913 7588 7909 7586 7910 7587 7912 7589 7913 7588 7911 7590 7916 7591 7912 7589 7911 7590 7915 7592 7916 7591 7914 7593 7915 7592 7911 7590 7914 7593 7918 7594 7919 7595 7919 7595 7918 7594 7920 7596 7918 7594 7925 7597 7920 7596 7918 7594 7924 7598 7925 7597 7923 7599 7922 7600 7924 7598 7921 7601 7933 7602 7922 7600 7921 7601 7932 7603 7933 7602 7931 7604 7932 7603 7921 7601 7921 7601 7930 7605 7931 7604 7921 7601 7929 7606 7930 7605 7928 7607 7929 7606 7921 7601 7921 7601 7927 7608 7928 7607 7926 7609 7927 7608 7921 7601 7921 7601 7922 7600 7923 7599 7923 7599 7924 7598 7918 7594 7914 7593 7917 7610 7918 7594 7911 7590 7917 7610 7914 7593 7911 7590 7912 7589 7910 7587 7909 7586 7896 7585 7910 7587 7896 7585 7895 7611 7907 7612 7906 7613 7899 7614 7907 7612 7899 7614 7898 7615 7904 7616 7903 7617 7902 7618 7904 7616 7900 7619 7901 7620 7902 7618 7900 7619 7902 7618 7903 7617 7904 7616 7905 7621 7903 7617 7904 7616 7898 7615 7905 7621 7897 7622 7898 7615 7899 7614 7897 7622 7899 7614 7906 7613 7907 7612 7908 7623 7906 7613 7907 7612 7895 7611 7908 7623 7894 7584 7895 7611 7896 7585 7950 7624 7934 7625 7949 7626 7950 7624 7951 7627 7952 7628 7955 7629 7957 7630 7952 7628 7958 7631 7957 7630 7955 7629 7958 7631 7964 7632 7961 7633 7961 7633 7962 7634 7963 7635 7963 7635 7966 7636 7967 7637 7968 7638 7966 7636 7963 7635 7963 7635 7969 7639 7968 7638 7970 7640 7969 7639 7963 7635 7971 7641 7970 7640 7963 7635 7963 7635 7972 7642 7971 7641 7973 7643 7972 7642 7963 7635 7962 7634 7973 7643 7963 7635 7964 7632 7962 7634 7961 7633 7965 7644 7964 7632 7958 7631 7960 7645 7965 7644 7958 7631 7960 7645 7958 7631 7959 7646 7959 7646 7958 7631 7955 7629 7952 7628 7954 7647 7955 7629 7956 7648 7954 7647 7952 7628 7951 7627 7956 7648 7952 7628 7953 7649 7951 7627 7950 7624 7949 7626 7953 7649 7950 7624 7949 7626 7934 7625 7936 7650 7934 7625 7935 7651 7936 7650 7948 7652 7935 7651 7947 7653 7946 7654 7948 7652 7947 7653 7946 7654 7937 7655 7939 7656 7937 7655 7938 7657 7939 7656 7945 7658 7938 7657 7944 7659 7943 7660 7945 7658 7944 7659 7943 7660 7940 7661 7942 7662 7940 7661 7941 7663 7942 7662 7944 7659 7940 7661 7943 7660 7944 7659 7938 7657 7937 7655 7947 7653 7937 7655 7946 7654 7947 7653 7935 7651 7934 7625 7984 7664 7974 7664 7978 7664 7977 1995 7978 1995 7974 1995 7976 1995 7983 1995 7977 1995 7982 7664 7983 7664 7976 7664 7991 1995 7996 1995 7976 1995 7995 1995 7996 1995 7991 1995 7990 7665 7991 7665 7976 7665 7993 1995 8003 1995 7990 1995 7992 1995 7993 1995 7994 1995 7986 1995 7994 1995 7993 1995 7985 1995 7986 1995 7987 1995 7989 7666 7985 7666 7987 7666 7981 1995 8005 1995 7987 1995 7988 7666 7981 7666 7980 7666 7979 1995 7980 1995 7981 1995 8001 1995 7979 1995 7998 1995 7997 1995 7998 1995 7979 1995 8004 1995 7997 1995 8000 1995 7999 7667 8000 7667 7975 7667 8002 1995 7999 1995 7975 1995 7974 7668 7975 7668 7976 7668 7976 1995 7977 1995 7974 1995 7976 1995 7975 1995 7990 1995 7993 1995 7990 1995 7986 1995 7981 1995 7987 1995 7986 1995 7979 1995 7981 1995 7975 1995 7997 1995 7979 1995 7975 1995 8000 1995 7997 1995 7975 1995 7981 1995 7990 1995 7975 1995 7986 7669 7990 7669 7981 7669 8015 7670 8016 7670 8006 7670 8010 7671 8015 7671 8006 7671 8009 7672 8010 7672 8008 7672 8014 7673 8009 7673 8008 7673 8027 7674 8008 7674 8013 7674 8030 7675 8027 7675 8026 7675 8025 7675 8026 7675 8027 7675 8037 7675 8025 7675 8029 7675 8028 7675 8029 7675 8012 7675 8031 7675 8028 7675 8012 7675 8011 7675 8012 7675 8013 7675 8017 7676 8011 7676 8013 7676 8023 7675 8024 7675 8013 7675 8036 7676 8023 7676 8019 7676 8018 7675 8019 7675 8020 7675 8021 7675 8022 7675 8018 7675 8020 7675 8021 7675 8018 7675 8033 7677 8020 7677 8007 7677 8032 7678 8033 7678 8007 7678 8007 7675 8035 7675 8032 7675 8034 7675 8035 7675 8007 7675 8006 7675 8007 7675 8008 7675 8010 7675 8006 7675 8008 7675 8012 7675 8027 7675 8013 7675 8008 7679 8007 7679 8013 7679 8025 7675 8027 7675 8029 7675 8029 7675 8027 7675 8012 7675 8023 7675 8013 7675 8020 7675 8019 7675 8023 7675 8020 7675 8007 7675 8020 7675 8013 7675 8038 7680 8039 7681 8072 7681 8038 7680 8072 7681 8071 7680 8039 7681 8040 7682 8073 7682 8039 7681 8073 7682 8072 7681 8040 7682 8041 7683 8074 7683 8040 7682 8074 7683 8073 7682 8041 7683 8042 7684 8075 7684 8041 7683 8075 7684 8074 7683 8042 7684 8043 7685 8076 7685 8042 7684 8076 7685 8075 7684 8043 7685 8044 7686 8077 7686 8043 7685 8077 7686 8076 7685 8044 7686 8045 7687 8078 7687 8044 7686 8078 7687 8077 7686 8045 7687 8046 0 8079 0 8045 7687 8079 0 8078 7687 8046 0 8047 7688 8080 7688 8046 0 8080 7688 8079 0 8047 7688 8048 7689 8081 7689 8047 7688 8081 7689 8080 7688 8048 7689 8049 7690 8082 7690 8048 7689 8082 7690 8081 7689 8049 7690 8050 7691 8083 7691 8049 7690 8083 7691 8082 7690 8050 7691 8051 7692 8084 7692 8050 7691 8084 7692 8083 7691 8051 7692 8052 7693 8085 7693 8051 7692 8085 7693 8084 7692 8052 7693 8053 7694 8086 7694 8052 7693 8086 7694 8085 7693 8053 7694 8054 277 8087 277 8053 7694 8087 277 8086 7694 8054 277 8055 7695 8088 7695 8054 277 8088 7695 8087 277 8055 7695 8056 7696 8089 7696 8055 7695 8089 7696 8088 7695 8056 7696 8057 7697 8090 7697 8056 7696 8090 7697 8089 7696 8057 7697 8058 7698 8091 7698 8057 7697 8091 7698 8090 7697 8058 7698 8059 7699 8092 7699 8058 7698 8092 7699 8091 7698 8059 7699 8060 7700 8093 7700 8059 7699 8093 7700 8092 7699 8060 7700 8061 7701 8094 7701 8060 7700 8094 7701 8093 7700 8061 7701 8062 11 8095 11 8061 7701 8095 11 8094 7701 8062 11 8063 7702 8096 7702 8062 11 8096 7702 8095 11 8063 7702 8064 7703 8097 7703 8063 7702 8097 7703 8096 7702 8064 7703 8065 7704 8098 7704 8064 7703 8098 7704 8097 7703 8065 7704 8066 7705 8099 7705 8065 7704 8099 7705 8098 7704 8066 7705 8067 7706 8100 7706 8066 7705 8100 7706 8099 7705 8067 7706 8068 7707 8101 7707 8067 7706 8101 7707 8100 7706 8068 7707 8069 7708 8102 7708 8068 7707 8102 7708 8101 7707 8069 7708 8070 7709 8103 7709 8069 7708 8103 7709 8102 7708 8107 7670 8104 7670 8106 7670 8124 7675 8125 7675 8106 7675 8134 7670 8124 7670 8112 7670 8111 7675 8112 7675 8113 7675 8116 7675 8111 7675 8113 7675 8133 7710 8113 7710 8112 7710 8132 7675 8133 7675 8118 7675 8117 7675 8118 7675 8119 7675 8119 7675 8118 7675 8110 7675 8115 7711 8122 7711 8110 7711 8121 7712 8122 7712 8123 7712 8123 7675 8122 7675 8115 7675 8114 7675 8115 7675 8109 7675 8120 7712 8114 7712 8109 7712 8108 7675 8109 7675 8110 7675 8130 7675 8108 7675 8127 7675 8126 7675 8127 7675 8108 7675 8135 7675 8126 7675 8129 7675 8128 7713 8129 7713 8105 7713 8131 7675 8128 7675 8105 7675 8104 7675 8105 7675 8106 7675 8124 7675 8106 7675 8112 7675 8133 7675 8112 7675 8106 7675 8118 7675 8133 7675 8110 7675 8109 7714 8115 7714 8110 7714 8108 7715 8110 7715 8106 7715 8126 7675 8108 7675 8105 7675 8129 7675 8126 7675 8105 7675 8106 7675 8105 7675 8108 7675 8110 7716 8133 7716 8106 7716 2272 2975 2345 2636 2346 2793 5820 5862 5895 2227 5817 5805 5873 1817 5833 2637 5834 1818 2327 2792 2724 5279 2246 7717 2703 1977 3741 2721 2704 1978 2704 1978 2719 2718 2247 1979 2247 1979 2327 2792 2246 7717 2246 7717 2703 1977 2247 1979 7359 1984 7361 4871 7381 5107 7381 5107 7379 1982 7359 1984 2725 2097 3738 2643 2726 2728 2282 2095 2284 2425 2285 2096 2725 2097 2726 2728 2282 2095 3734 3137 3735 2885 2732 2102 3735 2885 2728 2806 2727 2807 2728 2806 2289 2648 2727 2807 2727 2807 2290 2729 2295 3065 2290 2729 2293 2986 2294 2987 2295 3065 2290 2729 2294 2987 2293 2986 2989 2897 2294 2987 3735 2885 2727 2807 2732 2102 2727 2807 2295 3065 2732 2102 2295 3065 2730 2100 2732 2102 2731 2101 2733 3138 2732 2102 2995 2106 2996 2165 2603 2104 2996 2165 2997 1986 2603 2104 2997 1986 2601 1987 2603 2104 5878 2161 5877 2812 5875 2162 5879 2220 5877 2812 5878 2161 5895 2227 5883 2288 5884 2228 5883 2288 5879 2220 5880 2221 7353 2890 7354 2889 7365 2289 7365 2289 7279 4986 7357 2290 7352 2291 7353 2890 7365 2289 2318 1871 2319 3064 2332 2348 2332 2348 2335 2219 2336 2217 5549 2349 5550 5400 5867 2350 7135 2421 7147 5351 7146 2422 6277 7718 7292 5355 6280 2496 5834 1818 5833 2637 5831 2497 5831 2497 6277 7718 6280 2496 2324 2498 2315 2041 2312 1932 2606 2296 2609 2427 2994 2426 2609 2427 2993 2574 2994 2426 2994 2426 2995 2106 2606 2296 2490 2568 2489 4248 2507 2566 2489 4248 2506 4177 2507 2566 5852 2569 5853 1819 5857 2570 5554 2572 5867 2350 5868 2573 5833 2637 5873 1817 5875 2162 3750 2651 3590 3749 3749 2652 6570 2654 6579 4584 6575 2655 2719 2718 3741 2721 3742 2719 5795 2723 6276 5449 6261 5448 6261 5448 7296 5043 6260 4023 5794 2722 6279 4022 5876 2638 6261 5448 6260 4023 5795 2723 6260 4023 5794 2722 5795 2723 7362 4872 6273 3056 7298 7719 7298 7719 7376 5397 7364 2724 7364 2724 7388 5278 7385 2725 7363 2726 7362 4872 7364 2724 7362 4872 7298 7719 7364 2724 2613 2575 2611 2657 2992 2732 2611 2657 2991 4754 2992 2732 2992 2732 2993 2574 2609 2427 2609 2427 2608 2355 2613 2575 2247 1979 2328 3582 2326 2791 2711 3130 2277 2976 2710 3132 2277 2976 2346 2793 2279 2795 2710 3132 2277 2976 2716 2982 2278 2794 2715 2875 2279 2795 2279 2795 2716 2982 2277 2976 5830 2796 5826 5347 5827 2797 2412 4857 2404 4856 2409 4620 2411 4734 2408 4619 2707 2801 2408 4619 2407 4621 2707 2801 2412 4857 2409 4620 2411 4734 2400 4788 2403 4790 2707 2801 2403 4790 2405 4858 2707 2801 2405 4858 2412 4857 2707 2801 2412 4857 2411 4734 2707 2801 2407 4621 2406 3276 2413 2799 2406 3276 2414 3275 2413 2799 2398 4672 2400 4788 2707 2801 2395 4553 2396 4622 2707 2801 2396 4622 2398 4672 2707 2801 2390 4498 2393 4500 2707 2801 2393 4500 2395 4553 2707 2801 2388 4310 2392 4379 2707 2801 2392 4379 2390 4498 2707 2801 2383 4251 2386 4253 2707 2801 2386 4253 2388 4310 2707 2801 2379 4016 2381 4103 2707 2801 2381 4103 2383 4251 2707 2801 2376 3843 2378 3937 2707 2801 2378 3937 2379 4016 2707 2801 2372 3846 2374 3841 2707 2801 2374 3841 2376 3843 2707 2801 2707 2801 3553 3497 2372 3846 2416 4376 2421 4100 2420 4308 2420 4308 2707 2801 2417 4378 2417 4378 2707 2801 2419 4437 2417 4378 2416 4376 2420 4308 2415 2800 2419 4437 2707 2801 2407 4621 2413 2799 2707 2801 2993 2574 2992 2732 2988 2730 6168 4692 6547 4753 6167 2811 6547 4753 6545 2809 6167 2811 5795 2723 5876 2638 5875 2162 6284 5055 5844 4996 6287 5052 5844 4996 6281 5158 6285 5108 6285 5108 6287 5052 5844 4996 6289 2883 7288 3127 6290 5227 7288 3127 6178 5109 6290 5227 6284 5055 6287 5052 6286 2882 6287 5052 6289 2883 6286 2882 6289 2883 6290 5227 6288 2881 6290 5227 6291 5110 6288 2881 5844 4996 5843 4936 5839 5111 5843 4936 5842 5112 5839 5111 6282 2887 7289 5053 6281 5158 6281 5158 5844 4996 5839 5111 5838 5161 5836 5057 5835 2888 6281 5158 5839 5111 5838 5161 6282 2887 6281 5158 5838 5161 5838 5161 5835 2888 6282 2887 5835 2888 7291 5228 6283 2886 7291 5228 7290 5226 6283 2886 7282 4397 7355 5565 7284 2891 7355 5565 7354 2889 7284 2891 7391 2893 7146 2422 7305 2894 2725 2097 2285 2096 2702 2644 2285 2096 2286 2352 3737 2803 2701 2645 2285 2096 3737 2803 3737 2803 3738 2643 2701 2645 2716 2982 2279 2795 2715 2875 3742 2719 3741 2721 3790 2983 2716 2982 2715 2875 3790 2983 2715 2875 3742 2719 3790 2983 3790 2983 3791 3058 3810 2981 3738 2643 3737 2803 3819 2802 3820 2984 3723 2979 2720 2727 3723 2979 3739 2641 2720 2727 3738 2643 3819 2802 3820 2984 2282 2095 2726 2728 2283 2424 2726 2728 2720 2727 2283 2424 2720 2727 3738 2643 3820 2984 3739 2641 2721 2642 2720 2727 2721 2642 2722 2640 2283 2424 7362 4872 7346 5044 7345 3055 7345 3055 7296 5043 7297 5503 6272 2798 5828 5625 6273 3056 7345 3055 7297 5503 6272 2798 6273 3056 7362 4872 7345 3055 2325 3063 2329 3581 2319 3064 2510 3066 2511 3418 2491 3363 2511 3418 2512 3124 2491 3363 2512 3124 2492 3199 2491 3363 2491 3363 2490 2568 2510 3066 2490 2568 2508 2567 2509 3067 7344 3129 6180 4933 6182 4934 6182 4934 6244 4994 7344 3129 6244 4994 6177 5054 7344 3129 6177 5054 7288 3127 7344 3129 2712 3205 2276 3054 2711 3130 2711 3130 3744 3131 2712 3205 3737 2803 2286 2352 2729 2805 2286 2352 2287 2646 2289 2648 2729 2805 2286 2352 2289 2648 6214 3214 6212 4133 6213 3215 2471 4669 2472 4618 2404 4856 2472 4618 2473 3274 2406 3276 2409 4620 2472 4618 2406 3276 2473 3274 2474 3493 2426 3935 2474 3493 2475 3346 2423 3744 2475 3346 2433 3347 2431 3745 2475 3346 2431 3745 2423 3744 2397 4671 2470 4787 2471 4669 2399 4789 2397 4671 2471 4669 2474 3493 2423 3744 2426 3935 2404 4856 2399 4789 2471 4669 2409 4620 2404 4856 2472 4618 2473 3274 2426 3935 2421 4100 2473 3274 2421 4100 2416 4376 2473 3274 2416 4376 2414 3275 2491 3363 2474 3493 2473 3274 6269 5624 5824 4931 5823 3422 5823 3422 6262 5562 6270 5683 5823 3422 6270 5683 6271 5684 6265 3424 6269 5624 5823 3422 5823 3422 6271 5684 6266 3423 6539 3494 6530 4816 6540 3495 7299 3499 7300 5563 7374 3500 7374 3500 7304 5350 7375 3501 7304 5350 7390 5352 7375 3501 7375 3501 7376 5397 7299 3499 7376 5397 7298 7719 7299 3499 3592 3660 3590 3749 3587 4019 3590 3749 3589 4025 3593 4020 3590 3749 3593 4020 3587 4019 3588 3578 3592 3660 3596 3579 3587 4019 3596 3579 3592 3660 3596 3579 3594 3938 3585 3849 3586 3577 3596 3579 3585 3849 2330 3580 2331 3933 2329 3581 2333 3932 2334 5450 2331 3933 7295 4024 7293 5280 6279 4022 7293 5280 6277 7718 6278 5353 6277 7718 5831 2497 6278 5353 5832 5282 5833 2637 5876 2638 7293 5280 6278 5353 6279 4022 6278 5353 5832 5282 5876 2638 6279 4022 5794 2722 6260 4023 6278 5353 5876 2638 6279 4022 7296 5043 7295 4024 6260 4023 2285 2096 2284 2425 2324 2498 2329 3581 2331 3933 2332 2348 2716 2982 3810 2981 3743 3206 3810 2981 3811 3277 3812 3357 3812 3357 3834 3356 3836 3502 3810 2981 3812 3357 3743 3206 3825 3355 3744 3131 3743 3206 3812 3357 3836 3502 3838 3427 3838 3427 3825 3355 3743 3206 6552 4497 6553 4580 6575 2655 7344 3129 7369 3128 7343 4520 7369 3128 7356 5564 7343 4520 7356 5564 7342 4575 7343 4520 7342 4575 6190 4521 6188 4576 6188 4576 6186 4689 7342 4575 6186 4689 7343 4520 7342 4575 7389 4581 7306 2895 7127 4582 3023 1935 2975 2044 2982 1934 7145 4693 7146 2422 7149 4694 2713 3349 2705 3351 2275 3126 2275 3126 2272 2975 2276 3054 2276 3054 2712 3205 2275 3126 2712 3205 2708 3353 2275 3126 2708 3353 3745 3204 2709 3421 3745 3204 3746 3350 2709 3421 2714 3352 2713 3349 2275 3126 2275 3126 2708 3353 2709 3421 5830 2796 5795 2723 5877 2812 6551 4731 6541 4815 6542 4732 6550 4733 6549 4814 6166 4696 6163 4646 6162 4697 6551 4731 6550 4733 6166 4696 6163 4646 2292 2892 2973 2650 2991 4754 2984 2103 2974 2164 2983 2046 5847 4877 5846 4878 5835 2888 5835 2888 5851 4999 5850 4805 5849 4806 5848 4938 5835 2888 5848 4938 5847 4877 5835 2888 5868 2573 5867 2350 5881 4809 5867 2350 5882 5505 5881 4809 5882 5505 5886 4807 5881 4809 5883 2288 5826 5347 5830 2796 7361 4871 7360 5225 7362 4872 2992 2732 2991 4754 2973 2650 3823 3425 3824 3354 3749 2652 7571 4695 7593 5040 7594 4863 7593 5040 7592 4926 7594 4863 5825 4930 5820 5862 5824 4931 6166 4696 6549 4814 6170 4645 2306 2098 2305 2043 2304 2042 2304 2042 2313 1933 2314 1980 7365 2289 7281 5687 7279 4986 7281 5687 7294 4984 7279 4986 7639 4742 7638 4924 7645 4923 7645 4923 7596 4740 7646 4741 7357 2290 7358 4751 7351 4642 3841 2653 3840 3426 3838 3427 2296 2231 2286 2352 2285 2096 2324 2498 2326 2791 2325 3063 5861 4820 5864 4940 5873 1817 5873 1817 5853 1819 5861 4820 7362 4872 7360 5225 7347 5042 7360 5225 7372 5281 7347 5042 7347 5042 7295 4024 7296 5043 7296 5043 7345 3055 7346 5044 7346 5044 7362 4872 7347 5042 6262 5562 5823 3422 5822 5804 5822 5804 5821 5803 5988 5859 5987 5861 5986 5925 6262 5562 5986 5925 5983 5993 6262 5562 6262 5562 5983 5993 6264 5051 5822 5804 5988 5859 6262 5562 5988 5859 5987 5861 6262 5562 2372 3846 7109 5100 6264 5051 5925 5801 5923 5800 6264 5051 5923 5800 2372 3846 6264 5051 5928 5923 5927 5858 6264 5051 5927 5858 5925 5801 6264 5051 5932 6114 5930 5991 6264 5051 5930 5991 5928 5923 6264 5051 5937 6177 5935 6116 6264 5051 5935 6116 5932 6114 6264 5051 5939 6331 5941 6230 6264 5051 5941 6230 5937 6177 6264 5051 5944 6389 5942 6332 6264 5051 5942 6332 5939 6331 6264 5051 5947 6494 5945 6438 6264 5051 5945 6438 5944 6389 6264 5051 5952 6625 5949 6627 6264 5051 5949 6627 5947 6494 6264 5051 5960 5050 5961 6758 6264 5051 5961 6758 5954 6686 6264 5051 5954 6686 5952 6625 6264 5051 5983 5993 5984 6053 6264 5051 5984 6053 5985 6117 6264 5051 5985 6117 5981 6178 6264 5051 5981 6178 5979 6231 6264 5051 5979 6231 5973 6279 6264 5051 5973 6279 5974 6333 6264 5051 5974 6333 5977 6440 6264 5051 5977 6440 5978 6439 6264 5051 5978 6439 5971 6495 6264 5051 5971 6495 5969 6558 6264 5051 5969 6558 5966 6630 6264 5051 5966 6630 5968 6760 6264 5051 5968 6760 5964 6759 6264 5051 5964 6759 5962 6812 6264 5051 5962 6812 5956 6877 6264 5051 5956 6877 5957 5049 6264 5051 5881 4809 5880 2221 5878 2161 7148 5349 7304 5350 7303 5346 7148 5349 7303 5346 7144 5105 7143 5101 7146 2422 7148 5349 7150 5220 7109 5100 7141 5276 7109 5100 7152 5041 7144 5105 7141 5276 7109 5100 7142 5104 7152 5041 7143 5101 7148 5349 7152 5041 7148 5349 7144 5105 6553 4580 6552 4497 6160 4647 6552 4497 6551 4731 6160 4647 1999 1816 2318 1871 2245 1870 2318 1871 2336 2217 2321 1869 2336 2217 2337 2038 2321 1869 2326 2791 2328 3582 2329 3581 6542 4732 6543 5000 6549 4814 6543 5000 6544 4998 6549 4814 6544 4998 6548 4813 6549 4814 7836 2224 5866 2226 5874 2163 2247 1979 2719 2718 2280 2720 2280 2720 3742 2719 2718 2877 2718 2877 2717 2876 2280 2720 2717 2876 2715 2875 2280 2720 2281 5046 2247 1979 2280 2720 2734 3282 2733 3138 2735 3217 2735 3217 2619 3068 2621 3218 7573 4798 7572 4987 7630 4797 6548 4813 6544 4998 6529 4937 5870 5159 5882 5505 5867 2350 5863 4881 5853 1819 5854 4880 7737 2223 2315 2041 2325 3063 5868 2573 5878 2161 5874 2163 3791 3058 3790 2983 3741 2721 3741 2721 3740 2879 3792 2977 2615 2733 2989 2897 2610 2658 2989 2897 2991 4754 2610 2658 2298 2295 2299 2353 2286 2352 2299 2353 2300 2499 2286 2352 2301 2731 2302 2649 2286 2352 2302 2649 2287 2646 2286 2352 2300 2499 2301 2731 2286 2352 7361 4871 7359 1984 7360 5225 7359 1984 7358 4751 7357 2290 7385 2725 7383 5106 7363 2726 7383 5106 7381 5107 7361 4871 5873 1817 5864 4940 5874 2163 7291 5228 5835 2888 5834 1818 5834 1818 6280 2496 6259 5354 6258 5229 7292 5355 7291 5228 5834 1818 6259 5354 6258 5229 3579 3939 3581 4026 3590 3749 5834 1818 5835 2888 5845 4817 3740 2879 3741 2721 2703 1977 2703 1977 2246 7717 2724 5279 2724 5279 2327 2792 2723 2639 2327 2792 2284 2425 2283 2424 2283 2424 2722 2640 2327 2792 2722 2640 2723 2639 2327 2792 3740 2879 2703 1977 2724 5279 2723 2639 3739 2641 2724 5279 7293 5280 7295 4024 7372 5281 7295 4024 7347 5042 7372 5281 7372 5281 7360 5225 7280 4985 7360 5225 7357 2290 7280 4985 7280 4985 7294 4984 7293 5280 7357 2290 7279 4986 7280 4985 2487 4436 2488 4307 2472 4618 2488 4307 2489 4248 2472 4618 2489 4248 2490 2568 2473 3274 2319 3064 2318 1871 2006 1820 5826 5347 5883 2288 5895 2227 7572 4987 7637 5102 7638 4924 7637 5102 7571 4695 7638 4924 7385 2725 7388 5278 7387 5157 7387 5157 7308 4989 7386 5103 7386 5103 7309 4991 7384 5048 7384 5048 7383 5106 7385 2725 7385 2725 7387 5157 7386 5103 2399 4789 2401 4859 2402 4736 8153 1995 8147 1995 8148 1995 8148 7664 8154 7664 8142 7664 8142 7720 8143 7720 8161 7720 8143 1995 8163 1995 8161 1995 8163 7721 8160 7721 8161 7721 8161 1995 8167 1995 8157 1995 8157 1995 8158 1995 8161 1995 8158 1995 8162 1995 8161 1995 8162 1995 8140 1995 8145 1995 8140 7722 8141 7722 8145 7722 8141 7723 8151 7723 8145 7723 8145 1995 8146 1995 8138 1995 8138 7666 8139 7666 8136 7666 8136 7724 8137 7724 8156 7724 8137 1995 8159 1995 8156 1995 8159 7725 8155 7725 8156 7725 8156 1995 8149 1995 8150 1995 8150 1995 8166 1995 8156 1995 8166 1995 8164 1995 8156 1995 8164 1995 8165 1995 8153 1995 8165 7726 8144 7726 8153 7726 8144 7727 8152 7727 8153 7727 8153 1995 8148 1995 8161 1995 8148 7728 8142 7728 8161 7728 8145 1995 8138 1995 8156 1995 8138 7729 8136 7729 8156 7729 8161 1995 8162 1995 8145 1995 8156 1995 8164 1995 8153 1995 8153 1995 8161 1995 8145 1995 6555 2656 6553 4580 6157 4461 6157 4461 6155 4335 6555 2656 7356 5564 7369 3128 7368 7730 7368 7730 7290 5226 7291 5228 7291 5228 7371 5451 7370 5398 7370 5398 7281 5687 7367 5399 7367 5399 7366 5686 7356 5564 7356 5564 7368 7730 7367 5399 7368 7730 7291 5228 7367 5399 7289 5053 6282 2887 7369 3128 6282 2887 7290 5226 7368 7730 7369 3128 6282 2887 7368 7730 2281 5046 2330 3580 2328 3582 2345 2636 2344 2495 2334 5450 7281 5687 7370 5398 7371 5451 7371 5451 7291 5228 7292 5355 7292 5355 6277 7718 7294 4984 6277 7718 7293 5280 7294 4984 7294 4984 7281 5687 7371 5451 7126 4988 7128 5224 7140 5045 7128 5224 7127 4582 7140 5045 7127 4582 7139 5221 7137 2423 6276 5449 5829 6628 7297 5503 6195 4400 7342 4575 7282 4397 7342 4575 7356 5564 7282 4397 2331 3933 2334 5450 2335 2219 2281 5046 2278 2794 2333 3932 2001 1692 2007 1749 2318 1871 5896 5348 5825 4930 5828 5625 5825 4930 6268 4932 6267 5685 6267 5685 7299 3499 6273 3056 7299 3499 7298 7719 6273 3056 5825 4930 6267 5685 6273 3056 5828 5625 5826 5347 5896 5348 2987 2500 2988 2730 2301 2731 7366 5686 7367 5399 7281 5687 7281 5687 7365 2289 7354 2889 7354 2889 7355 5565 7366 5686 7355 5565 7356 5564 7366 5686 5885 4808 5884 2228 5880 2221 2284 2425 2327 2792 2326 2791 7308 4989 7307 4583 7130 5047 7307 4583 7129 5223 7130 5047 7129 5223 7126 4988 7130 5047 7126 4988 7573 4798 7134 4925 7134 4925 7133 4799 7132 4864 7126 4988 7134 4925 7130 5047 7134 4925 7132 4864 7131 4990 2439 3202 2274 3203 2705 3351 2274 3203 2275 3126 2705 3351 2705 3351 2707 2801 2434 3496 2438 3273 2705 3351 2437 3348 2707 2801 2428 4099 2425 3934 2425 3934 2424 3840 2707 2801 2424 3840 2430 3743 2707 2801 2430 3743 2432 3747 2707 2801 2705 3351 2438 3273 2439 3202 2434 3496 2437 3348 2705 3351 2431 3745 2433 3347 2436 3746 2433 3347 2435 3583 2436 3746 2435 3583 2434 3496 2707 2801 2435 3583 2707 2801 2436 3746 2278 2794 2346 2793 2345 2636 2334 5450 2344 2495 2343 2287 5841 4997 5842 5112 5843 4936 2511 3418 2531 3198 2532 3049 5829 6628 6276 5449 5795 2723 5830 2796 6272 2798 6274 5566 6275 5626 7297 5503 5829 6628 5830 2796 6274 5566 6275 5626 5829 6628 5795 2723 5830 2796 5817 5805 5895 2227 5894 2229 2272 2975 2269 2717 2345 2636 5820 5862 5896 5348 5895 2227</p>
        </triangles>
        <triangles material="Material_011-material" count="64">
          <input semantic="VERTEX" source="#Mesh-1_006-mesh-vertices" offset="0"/>
          <input semantic="NORMAL" source="#Mesh-1_006-mesh-normals" offset="1"/>
          <p>8223 7689 8191 7688 8224 7688 8219 7693 8187 7692 8220 7692 8215 7696 8183 7695 8216 7695 8231 7682 8199 7681 8232 7681 8227 7686 8195 7685 8228 7685 8212 7699 8180 7698 8213 7698 8204 7706 8172 7705 8205 7705 8210 7701 8178 7700 8211 7700 8229 7684 8197 7683 8230 7683 8213 7698 8181 7697 8214 7697 8206 7704 8174 7703 8207 7703 8208 7702 8176 11 8209 11 8224 7688 8192 0 8225 0 8211 7700 8179 7699 8212 7699 8203 7707 8171 7706 8204 7706 8216 7695 8184 277 8217 277 8201 7709 8169 7708 8202 7708 8226 7687 8194 7686 8227 7686 8225 0 8193 7687 8226 7687 8218 7694 8186 7693 8219 7693 8222 7690 8190 7689 8223 7689 8232 7681 8200 7680 8233 7680 8209 11 8177 7701 8210 7701 8207 7703 8175 7702 8208 7702 8221 7691 8189 7690 8222 7690 8228 7685 8196 7684 8229 7684 8220 7692 8188 7691 8221 7691 8205 7705 8173 7704 8206 7704 8230 7683 8198 7682 8231 7682 8214 7697 8182 7696 8215 7696 8202 7708 8170 7707 8203 7707 8217 277 8185 7694 8218 7694 8223 7689 8190 7689 8191 7688 8219 7693 8186 7693 8187 7692 8215 7696 8182 7696 8183 7695 8231 7682 8198 7682 8199 7681 8227 7686 8194 7686 8195 7685 8212 7699 8179 7699 8180 7698 8204 7706 8171 7706 8172 7705 8210 7701 8177 7701 8178 7700 8229 7684 8196 7684 8197 7683 8213 7698 8180 7698 8181 7697 8206 7704 8173 7704 8174 7703 8208 7702 8175 7702 8176 11 8224 7688 8191 7688 8192 0 8211 7700 8178 7700 8179 7699 8203 7707 8170 7707 8171 7706 8216 7695 8183 7695 8184 277 8201 7709 8168 7709 8169 7708 8226 7687 8193 7687 8194 7686 8225 0 8192 0 8193 7687 8218 7694 8185 7694 8186 7693 8222 7690 8189 7690 8190 7689 8232 7681 8199 7681 8200 7680 8209 11 8176 11 8177 7701 8207 7703 8174 7703 8175 7702 8221 7691 8188 7691 8189 7690 8228 7685 8195 7685 8196 7684 8220 7692 8187 7692 8188 7691 8205 7705 8172 7705 8173 7704 8230 7683 8197 7683 8198 7682 8214 7697 8181 7697 8182 7696 8202 7708 8169 7708 8170 7707 8217 277 8184 277 8185 7694</p>
        </triangles>
      </mesh>
    </geometry>
  </library_geometries>
  <library_visual_scenes>
    <visual_scene id="Scene" name="Scene">
      <node id="Object-1" name="Object-1" type="NODE">
        <matrix sid="transform">1 0 0 0 0 1 0 0 0 0 1 0 0 0 0 1</matrix>
        <instance_geometry url="#Mesh-1_006-mesh" name="Object-1">
          <bind_material>
            <technique_common>
              <instance_material symbol="Material_010-material" target="#Material_010-material"/>
              <instance_material symbol="Material_011-material" target="#Material_011-material"/>
            </technique_common>
          </bind_material>
        </instance_geometry>
      </node>
    </visual_scene>
  </library_visual_scenes>
  <scene>
    <instance_visual_scene url="#Scene"/>
  </scene>
</COLLADA>