<?xml version="1.0" encoding="utf-8"?>
<COLLADA xmlns="http://www.collada.org/2005/11/COLLADASchema" version="1.4.1" xmlns:xsi="http://www.w3.org/2001/XMLSchema-instance">
  <asset>
    <contributor>
      <author>Blender User</author>
      <authoring_tool>Blender 3.0.1</authoring_tool>
    </contributor>
    <created>2025-05-21T09:16:01</created>
    <modified>2025-05-21T09:16:01</modified>
    <unit name="meter" meter="1"/>
    <up_axis>Z_UP</up_axis>
  </asset>
  <library_effects>
    <effect id="Material_002-effect">
      <profile_COMMON>
        <technique sid="common">
          <lambert>
            <emission>
              <color sid="emission">0 0 0 1</color>
            </emission>
            <diffuse>
              <color sid="diffuse">0 0 0 1</color>
            </diffuse>
            <index_of_refraction>
              <float sid="ior">1.45</float>
            </index_of_refraction>
          </lambert>
        </technique>
      </profile_COMMON>
    </effect>
    <effect id="Material_003-effect">
      <profile_COMMON>
        <technique sid="common">
          <lambert>
            <emission>
              <color sid="emission">0 0 0 1</color>
            </emission>
            <diffuse>
              <color sid="diffuse">0.7991031 0.1046163 0 1</color>
            </diffuse>
            <index_of_refraction>
              <float sid="ior">1.45</float>
            </index_of_refraction>
          </lambert>
        </technique>
      </profile_COMMON>
    </effect>
  </library_effects>
  <library_images/>
  <library_materials>
    <material id="Material_002-material" name="Material.002">
      <instance_effect url="#Material_002-effect"/>
    </material>
    <material id="Material_003-material" name="Material.003">
      <instance_effect url="#Material_003-effect"/>
    </material>
  </library_materials>
  <library_geometries>
    <geometry id="Mesh-1_002-mesh" name="Mesh-1.002">
      <mesh>
        <source id="Mesh-1_002-mesh-positions">
          <float_array id="Mesh-1_002-mesh-positions-array" count="18276">0 0.05249989 0.049012 0.003662109 0.05237203 0.049012 -0.01795601 0.04933387 0.049012 -0.01091533 0.05135273 0.049012 -0.003662109 0.05237203 0.049012 -0.03646951 0.03776526 0.049012 -0.03085869 0.04247331 0.049012 -0.02464729 0.04635477 0.049012 -0.0486772 0.01966679 0.049012 -0.0454663 0.02625 0.049012 -0.04137057 0.0323221 0.049012 -0.052468 -0.001832187 0.049012 -0.05221229 0.00548774 0.049012 -0.05094045 0.01270079 0.049012 -0.04718667 -0.02301448 0.049012 -0.04993045 -0.01622337 0.049012 -0.05170238 -0.00911653 0.049012 -0.03374636 -0.04021728 0.049012 -0.03901505 -0.0351293 0.049012 -0.0435245 -0.02935755 0.049012 -0.01447099 -0.05046612 0.049012 -0.02135366 -0.04796099 0.049012 -0.02782076 -0.04452246 0.049012 0.007306516 -0.05198901 0.049012 0 -0.05249989 0.049012 -0.007306516 -0.05198901 0.049012 0.02782076 -0.04452246 0.049012 0.02135366 -0.04796099 0.049012 0.01447099 -0.05046612 0.049012 0.0435245 -0.02935755 0.049012 0.03901505 -0.0351293 0.049012 0.03374636 -0.04021728 0.049012 0.05170238 -0.00911653 0.049012 0.04993045 -0.01622337 0.049012 0.04718667 -0.02301448 0.049012 0.05094045 0.01270079 0.049012 0.05221229 0.00548774 0.049012 0.052468 -0.001832187 0.049012 0.04137057 0.0323221 0.049012 0.0454663 0.02625 0.049012 0.0486772 0.01966679 0.049012 0.02464729 0.04635477 0.049012 0.03085869 0.04247331 0.049012 0.03646951 0.03776526 0.049012 0.01091533 0.05135273 0.049012 0.01795601 0.04933387 0.049012 0.04944878 0.02600073 0.150978 0.04946082 0.02599996 0.150978 0.04949408 0.02600115 0.14977 0.04941177 0.02600044 0.151966 0.03018927 -0.04295176 0.0555166 0.0302143 -0.0429328 0.05551689 0.02808851 -0.0443539 0.05551189 -0.04944878 0.02600073 0.150978 -0.04946082 0.02599996 0.150978 -0.04941177 0.02600044 0.151966 -0.04949408 0.02600115 0.14977 0.02531898 -0.04600369 0.05364996 0.0250532 -0.0461573 0.05386489 0.02515614 -0.04608052 0.05376577 0.04225009 0.0267378 0.07182198 0.04227799 0.02668982 0.07239699 0.04242295 0.02646285 0.07167577 0.0438714 0.03205251 0.0890038 0.04375529 0.0323131 0.08907735 0.043168 0.03257137 0.08746927 0.03295528 -0.04086798 0.0555582 0.0280348 -0.04438799 0.05498659 0.0337308 -0.04019922 0.05557143 0.05169475 -0.009114921 0.05620646 0.05245608 -0.002147555 0.05561232 0.05174648 -0.008862495 0.05621182 0.05249989 -3.73344e-4 0.05339449 0.0524975 -5.08186e-4 0.0534228 0.05249851 -3.72749e-4 0.05339777 0.05249929 -2.73231e-4 0.05337929 0.05249989 0.00107491 0.05364996 0.0524944 7.60887e-4 0.053501 0.05249989 7.35344e-4 0.05349159 0.05249989 7.35344e-4 0.05349159 0.05249816 4.32436e-4 0.05340588 0.05249476 7.34795e-4 0.05349344 0.0524944 7.60889e-4 0.053501 0.05249989 3.73344e-4 0.05339449 0.05249989 9.8206e-5 0.05336409 0.0524984 3.72864e-4 0.05339843 0.05249816 4.32434e-4 0.05340588 0.02601468 -0.0456013 0.05337911 0.02592658 -0.04565292 0.05339449 0.02592682 -0.04565101 0.05340009 0.02572321 -0.04576635 0.05344915 0.02572321 -0.04576635 0.05344915 0.02561312 -0.045834 0.05349159 0.02561247 -0.04582816 0.05349755 0.02544838 -0.04591971 0.05356913 0.02531898 -0.04600369 0.05364996 0.02515614 -0.04608052 0.05376577 0.02531623 -0.04599249 0.0536555 0.02541291 -0.04593932 0.0535888 0.02515614 -0.04608052 0.05376577 0.0249297 -0.04620337 0.05398339 0.0250532 -0.0461573 0.05386483 0.0250476 -0.04613929 0.05386996 0.02688676 -0.04509866 0.05349159 0.02671849 -0.04519253 0.05343157 0.0268833 -0.04509449 0.05349475 0.02694159 -0.0450598 0.05351728 0.02671849 -0.04519253 0.05343157 0.0265733 -0.04527968 0.05339449 0.02648556 -0.04532945 0.05337923 0.02657181 -0.04527872 0.0533986 -0.02557587 -0.0458489 0.05350649 -0.02561312 -0.045834 0.05349159 -0.02561128 -0.04582899 0.05349439 -0.02585721 -0.04569077 0.05341005 -0.02585721 -0.04569077 0.05341005 -0.02592658 -0.04565292 0.05339449 -0.02589643 -0.0456686 0.05340087 -0.02592658 -0.04565292 0.05339449 -0.02618783 -0.045502 0.0533632 -0.02592617 -0.04565155 0.05339694 -0.02589637 -0.0456686 0.05340087 -0.02648633 -0.04532897 0.05337929 -0.0265733 -0.04527968 0.05339449 -0.02657198 -0.0452786 0.05339789 -0.02669048 -0.0452091 0.05342322 -0.04911339 0.02600008 0.1551859 -0.0490899 0.02600008 0.155373 -0.04866695 0.02599996 0.158055 -0.0490846 0.02600008 0.155372 -0.04911339 0.02600008 0.1551859 -0.04866695 0.02599996 0.158055 0.0490899 0.02600008 0.155373 0.04911339 0.02600008 0.1551859 0.0490846 0.02600008 0.155372 0.04866695 0.02599996 0.158055 0.02196639 -0.02167439 0.08316797 0.02092385 -0.01680719 0.08546215 0.02046144 -0.01699209 0.08558666 0.02139449 -0.0166645 0.0853157 0.0218693 -0.01656472 0.08514827 0.01957786 -0.01748055 0.08576518 0.01916438 -0.01778006 0.08581769 0.02001148 -0.01721709 0.08568799 0.01841205 -0.018476 0.08584678 0.01807981 -0.01886659 0.08582317 0.0187745 -0.01811283 0.08584499 0.0175181 -0.01971548 0.08570057 0.01729339 -0.02016639 0.0856027 0.01778101 -0.01928097 0.0857743 0.01696628 -0.02110147 0.08533799 0.0168668 -0.02157729 0.08517348 0.01710891 -0.02062976 0.0854814 0.01679998 -0.02252489 0.0847876 0.01683336 -0.0229882 0.08456945 0.01681119 -0.02205318 0.08498948 0.01703226 -0.02387398 0.08409255 0.01719599 -0.02428835 0.0838381 0.01691102 -0.02343922 0.08433717 0.017645 -0.02504247 0.0833078 0.01792609 -0.02537548 0.08303678 0.01740086 -0.02467906 0.08357566 0.01858979 -0.02593863 0.08249479 0.01896619 -0.02616387 0.0822286 0.018242 -0.02567499 0.08276498 0.01979231 -0.02649194 0.08171749 0.0202347 -0.02659183 0.0814771 0.01936835 -0.02634882 0.08196866 0.02115833 -0.02665895 0.0810371 0.02163159 -0.02662557 0.0808413 0.02069139 -0.02664762 0.08124959 0.02258026 -0.02642649 0.08050698 0.0230472 -0.02626246 0.08037126 0.022107 -0.02654778 0.08066409 0.02394628 -0.0258128 0.08016896 0.02437025 -0.02553105 0.08010399 0.02350389 -0.0260573 0.0802583 0.0251488 -0.02486616 0.08004945 0.02549666 -0.02448886 0.08006048 0.0247724 -0.02521455 0.08006405 0.02609366 -0.02366101 0.08015805 0.0263378 -0.02321773 0.080244 0.0258125 -0.02408593 0.08009678 0.02670633 -0.02229213 0.08048617 0.02682757 -0.02181786 0.08064025 0.0265426 -0.02276015 0.08035367 0.02693861 -0.0208671 0.08100789 0.02692747 -0.02039909 0.08121818 0.02690523 -0.0213415 0.08081477 0.02677232 -0.01949805 0.08168226 0.02662968 -0.019073 0.08193206 0.02687186 -0.01994132 0.0814436 0.0262205 -0.01829266 0.08245629 0.02595758 -0.01794403 0.08272606 0.02644515 -0.01867008 0.08219087 0.02532655 -0.01734548 0.08326905 0.02496397 -0.01710087 0.08353757 0.02565878 -0.01762741 0.08299779 0.0241608 -0.01673126 0.08405667 0.02372699 -0.0166096 0.08430278 0.02457422 -0.01689547 0.08380091 0.02281475 -0.01649808 0.08475726 0.02234417 -0.01650917 0.08496159 0.02327716 -0.0165317 0.08453696 0.0433889 0 0.0724585 0.04461485 -0.001747608 0.07117849 0.04595047 0 0.0694645 0.0380572 0 0.0777055 0.03780019 -3.7738e-4 0.07793438 0.03930371 -0.001783967 0.07672059 0.002068758 0 0.09187436 0.004648387 -0.002598345 0.09176808 0.006528735 -9.92668e-4 0.09163647 0 0 0.09201198 -4.77623e-4 0 0.09198015 -0.001130819 -6.43112e-4 0.09199738 -0.01563018 -0.0022614 0.08983057 -0.02193909 -0.003094971 0.0876345 -0.02950948 0 0.0839858 -0.0313782 0 0.08271408 -0.03235352 -0.002379894 0.08214437 -0.03663975 0 0.07897478 -0.04079908 0 0.07525026 -0.04158169 -0.002605855 0.074476 0.0469349 -0.0195505 0.06205505 0.04679208 -0.01967298 0.0623486 0.04644083 -0.02063626 0.06208086 0.04838013 -8.1839e-4 0.06620168 0.04930949 -0.003587067 0.0645743 0.04900711 0 0.06502211 0.05108308 -0.001380622 0.06161767 0.05088841 0 0.0621187 0.05118292 0 0.06158381 0.04995799 -0.006474733 0.06301939 0.05016762 -0.00902301 0.06180346 0.05017626 -0.008978128 0.06180232 0.0507493 -0.006000757 0.06173056 0.05077421 -0.005653858 0.06172204 0.05087447 -0.004267454 0.0616883 0.04742467 -0.01425921 0.06444185 0.04960238 -0.01196002 0.06187427 0.04736119 -0.01159381 0.06563919 0.05006808 -0.00954014 0.06181591 0.04704469 -0.008987486 0.06692308 0.04776275 -0.01773089 0.06201189 0.0481531 -0.01650649 0.06198275 0.04723441 -0.01696026 0.06334179 0.04906255 -0.01365363 0.06191468 0.04921638 -0.01317083 0.06190311 0.0475229 -0.01825809 0.06202447 0.0454933 -0.0227192 0.06213015 0.04291611 -0.022762 0.06591379 0.04525119 -0.02325129 0.06214272 0.04212611 -0.02502006 0.06527465 0.04113805 -0.02722793 0.06474548 0.0429911 -0.02697569 0.06223088 0.04419451 -0.02499258 0.06218391 0.03996038 -0.02936637 0.06433105 0.0421127 -0.02842319 0.06226503 0.04270595 -0.02744567 0.06224197 0.03860366 -0.03141641 0.06403499 0.04008764 -0.03101158 0.06232625 0.04111868 -0.02969378 0.06229501 0.03679662 -0.03478837 0.06241571 0.03774857 -0.03382951 0.06239295 0.03707975 -0.0333603 0.06385976 0.03838253 -0.0331909 0.06237787 0.03945738 -0.03181719 0.06234532 0.03590399 -0.03568732 0.06243711 0.03540199 -0.03518062 0.06380707 0.03414839 -0.03745561 0.06247913 0.0335853 -0.03686159 0.0638774 0.03405696 -0.03752821 0.0624808 0.03313481 -0.0382604 0.06249839 0.03164553 -0.03838849 0.06406998 0.03199481 -0.03916579 0.06252008 0.0295996 -0.03974777 0.06438326 0.02991271 -0.0408191 0.06255966 0.02941167 -0.0412169 0.0625692 0.02746576 -0.04092741 0.06481438 0.02913033 -0.04139059 0.06257337 0.02763229 -0.04231536 0.06259578 0.02526247 -0.04191726 0.06535959 0.02524703 -0.04378753 0.06263148 0.02477836 -0.0440768 0.06263846 0.0230093 -0.04270851 0.06601411 0.02427536 -0.04438728 0.06264597 0.02072596 -0.04329419 0.06677216 0.02014899 -0.04630315 0.06269329 0.02266669 -0.04513412 0.06266438 0.01843249 -0.04366916 0.06762719 0.01935482 -0.0466718 0.06270235 0.01990765 -0.04641515 0.06269598 0.01720339 -0.04705119 0.06349307 0.0169124 -0.04754829 0.06272429 0.01880353 -0.0469278 0.06270867 0.0153073 -0.04807478 0.06273758 0.01450818 -0.04724115 0.06460767 0.01370793 -0.04859936 0.06275075 0.01307868 -0.04880577 0.062756 0.01184868 -0.04717689 0.06581807 0.01030319 -0.04936599 0.0627706 0.009248316 -0.04685902 0.06711339 0.007628977 -0.04990589 0.06278455 0.01017469 -0.0493921 0.0627712 0.003840625 -0.04914635 0.0648033 0.005186378 -0.05016708 0.06279146 0.006721854 -0.04979693 0.06323719 0.006418824 -0.05006223 0.06278866 0.007171273 -0.04999828 0.06278699 -6.47209e-4 -0.05049818 0.0628004 0 -0.0505023 0.06280046 0.001078367 -0.04821431 0.06643986 0.001500546 -0.0504803 0.06279987 0.002316772 -0.05041092 0.06279808 -0.00154072 -0.04700928 0.06813269 -0.00234133 -0.05042225 0.06279808 -0.002075076 -0.05043429 0.06279838 -0.005093038 -0.0491805 0.0645681 -0.005158901 -0.05021727 0.06279236 -0.003955483 -0.05034989 0.06279587 -0.01146835 -0.04917871 0.06276559 -0.01051348 -0.04941278 0.06277155 -0.007832884 -0.04754132 0.06650489 -0.01025885 -0.04945772 0.06277281 -0.007266581 -0.04998505 0.06278628 -0.006760001 -0.0500409 0.06278771 -0.01169031 -0.0491243 0.06276416 -0.01160269 -0.04912012 0.06285315 -0.01387912 -0.04858762 0.06275045 -0.0143755 -0.04701828 0.06500756 -0.01523697 -0.04815626 0.06273961 -0.01679247 -0.04766201 0.06272715 -0.01712828 -0.04755532 0.06272447 -0.0168941 -0.04462945 0.06717491 -0.01994591 -0.04644399 0.06269657 -0.02044135 -0.04624879 0.06269168 -0.02005892 -0.04639959 0.0626955 -0.02097731 -0.0454204 0.06360548 -0.02666026 -0.04301863 0.06261247 -0.02464759 -0.04415369 0.06263995 -0.02339589 -0.04255676 0.06593656 -0.02361685 -0.04473489 0.06265407 -0.02195739 -0.0455259 0.0626738 -0.02549517 -0.03943115 0.06824058 -0.02776277 -0.04229503 0.062595 -0.02707421 -0.04274696 0.06260585 -0.0295003 -0.04115456 0.06256759 -0.02898037 -0.0414958 0.06257575 -0.02968209 -0.03943651 0.06470388 -0.03486829 -0.03679072 0.06246358 -0.0347203 -0.03693568 0.06246703 -0.03155642 -0.03586155 0.06710505 -0.0329948 -0.03842616 0.06250226 -0.03217107 -0.03913784 0.06251919 -0.031991 -0.03927379 0.06252241 -0.0371524 -0.03134661 0.065867 -0.03997021 -0.03126072 0.06233209 -0.0392856 -0.03213918 0.06235283 -0.03655421 -0.03513979 0.06242418 -0.03557699 -0.03533428 0.06341767 -0.0366829 -0.03501397 0.0624212 -0.03688216 -0.0348187 0.06241655 -0.03831887 -0.02716469 0.06821966 -0.0410698 -0.0298497 0.06229853 -0.04062819 -0.03041648 0.06231188 -0.04330587 -0.0266149 0.0622223 -0.0428754 -0.02725052 0.06223726 -0.04213428 -0.02599829 0.06446176 -0.0414195 -0.029401 0.06228792 -0.04615759 -0.0213887 0.06209886 -0.04535967 -0.02301239 0.0621373 -0.04291135 -0.0214855 0.06678646 -0.04514056 -0.02345848 0.06214797 -0.04411959 -0.02521479 0.06218928 -0.04672098 -0.01518148 0.06507235 -0.04908883 -0.0138213 0.06191909 -0.04901838 -0.01403331 0.06192404 -0.04797279 -0.01717609 0.0619989 -0.04739499 -0.01858448 0.06203228 -0.04637676 -0.01995533 0.06282556 -0.04695951 -0.01964569 0.06205749 -0.04668289 -0.02031993 0.0620734 -0.04910445 -0.01377445 0.0619179 -0.04660618 -0.01032179 0.06715279 -0.0497722 -0.01118683 0.06185579 -0.04966568 -0.008423447 0.0630207 -0.05016255 -0.009383499 0.06181228 -0.0499652 -0.01043891 0.06183779 -0.04908168 -0.003423333 0.0649541 -0.05109369 -0.001877248 0.06162995 -0.0510174 -0.00348556 0.0616694 -0.05087649 -0.004692554 0.06169879 -0.05060619 -0.007010102 0.06175506 -0.0504474 -0.007859587 0.06177556 -0.05118292 0 0.06158381 -0.05088841 0 0.06211858 -0.04831022 0 0.06609755 -0.0466848 0 0.06860619 -0.04165923 0 0.07447999 -0.04477488 0 0.07083851 -0.04500776 -5.16907e-4 0.07074278 -0.04575586 0 0.06969189 -0.04603338 -0.005419254 0.06904846 -0.02259898 0 0.08745038 -0.02604329 0 0.08572357 -0.02641916 -6.20094e-4 0.08567386 -0.02756398 0 0.08496105 -0.02800571 -0.004604995 0.08463138 -0.001981735 0 0.0918802 -0.006751537 0 0.0915631 -0.003022313 -0.002866983 0.09186279 -0.004724264 -0.005226612 0.09158438 0.002899289 -0.00435096 0.0917769 0.007899761 0 0.09146147 0.007713258 0 0.09149909 0.005594015 0 0.09163999 0.014921 -0.002214848 0.0900253 0.01135563 0 0.09076386 0.0131607 -0.003095448 0.09042155 0.008719027 0 0.09129607 0.01146429 -0.004125893 0.09072369 0.009846687 -0.005297303 0.09092897 0.02228593 -3.25821e-4 0.08758008 0.02027547 0 0.08825141 0.02042841 -5.43358e-4 0.08831036 0.0182473 0 0.08895045 0.01857089 -9.33258e-4 0.08896499 0.0161904 0 0.08965951 0.01672977 -0.001492083 0.08953839 0.01529073 0 0.08996957 0.01390373 0 0.09024959 0.02409839 0 0.08669871 0.02259898 0 0.08745038 0.02225571 0 0.0875687 0.02408742 -3.15178e-4 0.08669418 0.02590346 -4.54132e-4 0.08581298 0.02595067 0 0.08576995 0.02769619 -7.18849e-4 0.08500277 0.02782189 0 0.08483177 0.02950948 0 0.0839858 0.0293926 -0.001194477 0.0840401 0.02969837 0 0.08385729 0.03101027 -0.001836836 0.08303928 0.03164905 0 0.08252978 0.03253483 -0.002640247 0.08200919 0.03367507 0 0.08115118 0.03395313 -0.003597497 0.0809589 0.03575259 0 0.07973736 0.03590035 0 0.07963675 0.03525257 -0.004700303 0.07989758 0.03730309 0 0.0783807 0.04165637 -0.005286753 0.07413846 0.0431019 0 0.0727939 0.04057222 -0.003465712 0.07541906 0.04165923 0 0.07447999 0.04047918 0 0.07553678 0.0466848 0 0.06860619 0.04566538 -0.004042685 0.06970489 0.0478968 0 0.06673568 -0.04324555 -0.01684886 0.06896865 -0.04313409 -0.012129 0.07098931 -0.04257786 -0.007367312 0.07283037 -0.03906613 -0.02282553 0.07045495 -0.03938758 -0.01836717 0.07255327 -0.03928035 -0.01382875 0.0744962 -0.03874546 -0.009250223 0.07626658 -0.03778749 -0.004671812 0.07784891 -0.0364151 -1.33705e-4 0.07922929 -0.03633981 0 0.0792433 -0.03590035 0 0.07963675 -0.03305488 -0.03206855 0.06943476 -0.03416442 -0.02809089 0.07167255 -0.03487515 -0.02396357 0.07379865 -0.0351808 -0.01972293 0.07579445 -0.035079 -0.01540619 0.0776425 -0.03457009 -0.01105123 0.07932651 -0.0336591 -0.006696343 0.08083146 -0.0272566 -0.0360713 0.07049727 -0.028665 -0.03250658 0.07268667 -0.02970767 -0.02876836 0.07478976 -0.03037554 -0.02488952 0.076788 -0.03066295 -0.02090418 0.0786637 -0.03056699 -0.01684725 0.08040046 -0.03008896 -0.01275438 0.08198297 -0.02923268 -0.008661687 0.0833975 -0.0191363 -0.04197448 0.06933605 -0.02108258 -0.0390768 0.0714721 -0.02271562 -0.0359618 0.07356429 -0.0240212 -0.0326569 0.07559406 -0.02498799 -0.02919137 0.07754385 -0.0256071 -0.02559518 0.07939636 -0.0258736 -0.02190035 0.08113539 -0.02578479 -0.01813918 0.08274549 -0.02534145 -0.01434475 0.08421266 -0.02454751 -0.01055032 0.08552408 -0.0234102 -0.006789386 0.08666795 -0.0103631 -0.04562336 0.06847077 -0.01266121 -0.0434435 0.07044845 -0.01470732 -0.04102075 0.07242059 -0.0164833 -0.03837651 0.07436978 -0.0179736 -0.0355342 0.07627886 -0.01916491 -0.03251838 0.07813119 -0.02004712 -0.02935588 0.07991039 -0.02061218 -0.02607429 0.0816009 -0.02085518 -0.02270275 0.08318769 -0.02077418 -0.01927053 0.08465695 -0.02036958 -0.0158081 0.08599579 -0.01964527 -0.01234567 0.08719247 -0.01860731 -0.008913755 0.08823639 -0.01726508 -0.005542457 0.0891183 -0.00399369 -0.04554188 0.06986665 -0.006258845 -0.04382479 0.07162678 -0.008316457 -0.04187303 0.07339739 -0.01014822 -0.03970408 0.07516288 -0.0117383 -0.0373367 0.07690799 -0.01307249 -0.03479188 0.07861715 -0.01413899 -0.03209209 0.08027547 -0.01492881 -0.02926069 0.08186841 -0.0154348 -0.0263229 0.08338189 -0.01565229 -0.02330428 0.0848025 -0.01557976 -0.02023148 0.08611798 -0.01521766 -0.0171315 0.08731657 -0.0145691 -0.01403158 0.0883879 -0.0136398 -0.01095908 0.0893225 -0.01243811 -0.007940888 0.09011209 -0.0109744 -0.005003452 0.0907498 -0.009261667 -0.002172768 0.09123009 -0.007720232 0 0.09149765 -0.007713258 0 0.09149909 0.04647761 -0.006462991 0.0682823 0.006729543 -0.04629021 0.06848245 0.00431478 -0.0454756 0.0699132 0.002025187 -0.04442209 0.07139295 -1.19148e-4 -0.04313921 0.07290887 -0.002099335 -0.04163813 0.07444745 -0.003897964 -0.03993207 0.07599526 -0.005499303 -0.03803592 0.07753878 -0.006889343 -0.03596657 0.0790643 -0.008055686 -0.03374189 0.08055835 -0.008988082 -0.0313816 0.08200806 -0.009678483 -0.02890658 0.0834006 -0.01012068 -0.02633821 0.08472359 -0.01031088 -0.02369946 0.08596557 -0.01024752 -0.02101331 0.08711546 -0.009930968 -0.01830345 0.08816325 -0.009364008 -0.01559352 0.08909988 -0.008551657 -0.01290756 0.08991688 -0.007501125 -0.01026898 0.0906071 0.04254639 -0.007231116 0.0728901 0.0432347 -0.009281754 0.07168465 0.043715 -0.01142048 0.07053315 0.04398316 -0.01362878 0.06944537 0.04403698 -0.01588696 0.06843107 0.04387575 -0.01817536 0.06749898 0.04350101 -0.02047371 0.06665748 0.04563468 -0.0224083 0.06212288 0.01614928 -0.04383009 0.0685715 0.01389598 -0.04377573 0.069597 0.01169288 -0.0435065 0.07069438 0.009558916 -0.04302453 0.07185435 0.007513046 -0.04233431 0.07306647 0.005573213 -0.04144179 0.07432019 0.003756403 -0.0403549 0.07560449 0.002078711 -0.03908318 0.07690811 5.54874e-4 -0.03763777 0.07821935 -8.01838e-4 -0.0360313 0.07952708 -0.001979351 -0.03427791 0.08081948 -0.002967536 -0.03239321 0.08208537 -0.003757536 -0.0303936 0.0833137 -0.004342496 -0.02829653 0.08449339 -0.004717171 -0.02612066 0.08561426 -0.004878342 -0.02388495 0.08666646 -0.004824519 -0.0216093 0.08764076 -0.004556298 -0.01931327 0.08852845 -0.004076004 -0.01701748 0.08932197 -0.003387749 -0.01474171 0.09001415 -0.002497673 -0.0125063 0.090599 -0.001413643 -0.01033079 0.0910713 0.001296699 -0.006235063 0.09166276 0.03642159 -0.005938947 0.07883465 0.03745025 -0.007302582 0.07777935 0.0383293 -0.008779168 0.07674098 0.03905093 -0.01035565 0.07572877 0.03960889 -0.01201838 0.07475149 0.03999847 -0.01375252 0.07381767 0.04021579 -0.0155431 0.07293576 0.04025954 -0.01737403 0.07211327 0.04012882 -0.01922959 0.0713576 0.03982496 -0.02109313 0.07067519 0.03935068 -0.02294856 0.07007229 0.03871011 -0.02477943 0.06955397 0.03790897 -0.02656966 0.06912499 0.03695416 -0.02830356 0.06878888 0.0358541 -0.02996581 0.06854879 0.03461843 -0.031542 0.06840676 0.03325808 -0.03301799 0.06836408 0.03178507 -0.03438097 0.06842106 0.03021216 -0.03561896 0.06857717 0.02855318 -0.03672111 0.0688312 0.0268231 -0.0376777 0.06918078 0.02503657 -0.03848028 0.06962287 0.02320969 -0.0391218 0.07015359 0.02135825 -0.03959673 0.07076829 0.0194987 -0.03990072 0.07146149 0.01764726 -0.04003137 0.07222718 0.01582038 -0.0399872 0.0730586 0.01403385 -0.03976887 0.0739485 0.01230365 -0.03937798 0.074889 0.01064479 -0.03881841 0.07587188 0.009071886 -0.03809469 0.07688838 0.007598817 -0.0372135 0.07792979 0.00623852 -0.03618228 0.0789867 0.005002856 -0.03501021 0.08004999 0.003902733 -0.03370773 0.08111029 0.002947986 -0.03228598 0.08215826 0.002146661 -0.0307579 0.08318465 0.001506209 -0.02913641 0.08418059 0.001031935 -0.02743613 0.08513706 7.28138e-4 -0.02567183 0.08604598 5.97454e-4 -0.0238592 0.08689916 6.41048e-4 -0.0220139 0.0876891 8.58536e-4 -0.02015227 0.08840888 0.001247942 -0.01829063 0.08905225 0.001805961 -0.01644551 0.08961349 0.002527654 -0.01463294 0.09008771 0.003406584 -0.012869 0.09047067 0.004435241 -0.01116901 0.09075909 0.005604386 -0.009548068 0.09095031 0.006903707 -0.008020341 0.09104275 0.00832206 -0.006599247 0.09103566 0.02109688 -0.005952239 0.08773088 0.0225045 -0.005787432 0.08717745 0.02389997 -0.00575459 0.08657157 0.0252707 -0.005854249 0.08591866 0.02660465 -0.006085216 0.08522427 0.02789026 -0.006445825 0.0844947 0.02911627 -0.006932616 0.0837363 0.03027158 -0.007541418 0.08295559 0.03134644 -0.008266925 0.08215969 0.03233122 -0.009102702 0.08135539 0.03321725 -0.01004129 0.08054977 0.03399676 -0.01107478 0.07975006 0.03466296 -0.01219373 0.07896316 0.03520989 -0.01338857 0.07819598 0.03563272 -0.01464861 0.0774554 0.03592795 -0.01596283 0.07674765 0.03609269 -0.01731973 0.0760793 0.03612571 -0.01870745 0.07545596 0.03602671 -0.02011352 0.07488328 0.03579646 -0.02152591 0.07436621 0.03543698 -0.02293205 0.07390916 0.03495162 -0.02431952 0.07351648 0.03434449 -0.02567625 0.07319128 0.03362077 -0.02699035 0.07293659 0.0327872 -0.02825003 0.07275468 0.03185063 -0.02944457 0.07264709 0.03081977 -0.03056317 0.07261466 0.02970343 -0.03159606 0.07265788 0.02851146 -0.03253436 0.07277619 0.02725428 -0.0333696 0.07296866 0.02594298 -0.03409445 0.0732336 0.02458918 -0.03470271 0.0735687 0.02320456 -0.03518897 0.07397085 0.02180147 -0.0355488 0.07443666 0.02039223 -0.03577923 0.07496196 0.0189892 -0.03587818 0.07554239 0.01760452 -0.0358448 0.07617247 0.01625072 -0.03567928 0.07684689 0.01493942 -0.03538316 0.07755959 0.01368218 -0.03495889 0.07830446 0.01249039 -0.03441053 0.07907485 0.01137393 -0.0337426 0.07986396 0.01034307 -0.03296118 0.08066499 0.009406626 -0.03207296 0.08147078 0.008572936 -0.03108578 0.08227437 0.007849335 -0.03000849 0.0830686 0.007242023 -0.02885031 0.0838465 0.006756663 -0.0276215 0.08460116 0.006397247 -0.02633297 0.08532607 0.006166934 -0.02499598 0.08601486 0.006067872 -0.02362215 0.08666145 0.006101012 -0.02222365 0.08726006 0.006265819 -0.0208128 0.08780568 0.006560981 -0.01940202 0.08829319 0.006983876 -0.01800376 0.08871847 0.007530808 -0.01663017 0.08907788 0.008196949 -0.0152933 0.0893681 0.008976459 -0.01400488 0.08958667 0.009862482 -0.01277649 0.08973157 0.01084727 -0.01161879 0.08980166 0.01192206 -0.01054173 0.0897963 0.01307743 -0.009555101 0.08971548 0.01430338 -0.008667349 0.08955985 0.01558899 -0.007886409 0.08933091 0.01692301 -0.007219076 0.08903056 0.01829373 -0.006671309 0.08866161 0.0196892 -0.006247699 0.08822709 0.02157855 -0.01130855 0.08667379 0.02252399 -0.01119786 0.0863021 0.02346116 -0.01117587 0.08589518 0.02438169 -0.01124262 0.0854566 0.02527779 -0.01139783 0.08499026 0.0261411 -0.01164007 0.08450025 0.0269646 -0.011967 0.08399087 0.02774053 -0.01237589 0.08346658 0.0284624 -0.01286309 0.08293199 0.0291239 -0.01342439 0.08239179 0.02971899 -0.01405495 0.08185076 0.0302425 -0.01474899 0.08131366 0.03068989 -0.0155006 0.08078515 0.03105711 -0.016303 0.08026987 0.03134125 -0.0171492 0.07977247 0.03153944 -0.01803195 0.07929718 0.03165012 -0.01894325 0.0788483 0.03167229 -0.01987522 0.07842969 0.03160583 -0.02081966 0.07804501 0.0314511 -0.02176827 0.07769769 0.0312097 -0.02271252 0.07739078 0.03088372 -0.02364438 0.07712697 0.03047597 -0.02455568 0.07690858 0.02998989 -0.02543818 0.07673758 0.02943009 -0.02628433 0.07661539 0.02880108 -0.02708655 0.07654309 0.02810877 -0.02783787 0.07652139 0.02735888 -0.02853155 0.07655036 0.02655833 -0.02916169 0.07662987 0.02571403 -0.02972269 0.07675909 0.02483338 -0.0302096 0.07693707 0.02392405 -0.03061807 0.07716208 0.02299416 -0.0309447 0.07743215 0.02205187 -0.0311864 0.07774507 0.02110528 -0.03134101 0.07809787 0.02016294 -0.03140759 0.07848769 0.01923298 -0.03138506 0.07891088 0.01832371 -0.03127396 0.07936376 0.01744318 -0.03107506 0.0798425 0.01659876 -0.03079015 0.08034276 0.01579815 -0.03042185 0.08086019 0.0150485 -0.0299732 0.0813902 0.01435601 -0.02944839 0.08192819 0.013727 -0.0288518 0.0824694 0.0131672 -0.02818888 0.08300906 0.01268112 -0.02746528 0.08354246 0.01227337 -0.0266875 0.0840649 0.01194739 -0.02586209 0.08457177 0.01170599 -0.02499669 0.08505868 0.01155126 -0.02409875 0.08552128 0.0114848 -0.02317607 0.0859555 0.01150697 -0.02223688 0.08635759 0.01161766 -0.02128928 0.08672398 0.01181578 -0.02034175 0.08705139 0.01209998 -0.01940268 0.08733707 0.0124672 -0.01848006 0.08757847 0.01291459 -0.01758211 0.08777338 0.0134381 -0.01671689 0.08792018 0.01403319 -0.01589179 0.08801746 0.01469469 -0.01511418 0.08806461 0.01541656 -0.014391 0.08806097 0.01619255 -0.01372826 0.08800655 0.01701599 -0.01313203 0.08790218 0.0178793 -0.01260757 0.0877484 0.0187754 -0.01215928 0.0875467 0.01969593 -0.0117914 0.08729881 0.0206331 -0.01150709 0.08700698 0.04941177 0.02600044 0.151966 0.04911339 0.02600008 0.1551859 0.04946082 0.02599996 0.150978 0.04949718 0.02599996 0.148494 0.04949408 0.02600115 0.14977 0.04027962 0.0226643 0.07866549 0.04070132 0.02333295 0.07915449 0.03784608 0.02353131 0.0813356 0.02943229 0.02577 0.08935868 0.02962416 0.02590543 0.0899223 0.02590179 0.02591729 0.09101605 0.02561515 0.02562439 0.0900126 0.0252943 0.02511197 0.08905619 0 0.02518296 0.09239989 0 0.02509808 0.09234768 0.003574728 0.02505505 0.09225028 0 0.024293 0.09203368 0 0.02418071 0.09202539 0.003519535 0.02408874 0.09191405 0 0.02597475 0.09369295 0 0.02596819 0.09366577 0.007281959 0.02596443 0.09354287 0.03130519 0.02599996 0.09056007 0.03039789 0.02599996 0.09083926 0.03688186 0.02588284 0.08697146 0.03746289 0.02599996 0.08819955 0.0374425 0.02599996 0.08820968 0.0399934 0.02593195 0.08575999 0.03997576 0.02591788 0.08568608 0.03989833 0.02585637 0.0853601 0.03974723 0.02573627 0.0847246 0.03655058 0.02571535 0.0863142 0.03973203 0.02568984 0.0845648 0.03967779 0.02552479 0.0839954 0.03951597 0.02542418 0.08373057 0.03964865 0.0254361 0.08368968 0.03965073 0.02541947 0.08364516 0.03966152 0.0253303 0.08340579 0.03908663 0.02507323 0.0830723 0.03969496 0.02505552 0.08266866 0.0396983 0.02502828 0.08259588 0.0386604 0.02463942 0.08244538 0.03977459 0.0248599 0.08221995 0.03824466 0.02412426 0.0818628 0.04002118 0.02431541 0.08100587 0.03990393 0.02457433 0.08158338 0.0407266 0.02337312 0.07918888 0.04050016 0.02367568 0.07977217 0.04025906 0.02399766 0.08039319 0.04165667 0.02229315 0.07719206 0.04139542 0.02257579 0.07770198 0.04101693 0.02298521 0.07844096 0.04076147 0.02332657 0.07909905 0.03988903 0.0219047 0.07826167 0.04224187 0.02169829 0.07613676 0.04193109 0.0219962 0.0766564 0.0424112 0.02153587 0.07585346 0.04210627 0.02086049 0.07556807 0.0431841 0.02079492 0.07456129 0.04326045 0.02072179 0.07443368 0.04390585 0.01887369 0.07263249 0.04418039 0.01976156 0.07284569 0.04178982 0.01998662 0.07531446 0.0442003 0.01982069 0.0728622 0.04399001 0.02002215 0.07321357 0.04560899 0.01846992 0.07050657 0.04527449 0.01879078 0.0710659 0.04480195 0.01924389 0.0718562 0.04427105 0.01975286 0.07274389 0.04582023 0.01691025 0.06980246 0.04592579 0.01783907 0.06987619 0.04371649 0.01794886 0.07251757 0.04597401 0.01811337 0.06990808 0.04582846 0.0182597 0.0701397 0.04713773 0.01692837 0.06806457 0.04698663 0.01709586 0.06829786 0.04640889 0.01767647 0.06921666 0.04623997 0.0178461 0.0694853 0.046669 0.01602631 0.06859457 0.04600381 0.01600211 0.06950008 0.04577618 0.01601308 0.0697773 0.04401659 0.01609712 0.07192009 0.04786986 0.01606988 0.06695997 0.04744338 0.0165894 0.06759256 0.0471735 0.01688861 0.06800937 0 0.02599996 0.09401196 0.01466053 0.02594953 0.09302556 0.01048189 0.02599996 0.09385806 0.00729382 0.02599996 0.09390485 0.02215069 0.02592879 0.09188359 0.01759713 0.02599996 0.09334117 0.01470965 0.02599996 0.09355098 0.02611231 0.02599996 0.09188109 0.02403569 0.02599996 0.092386 0.02229386 0.02599996 0.09264439 0.02994292 0.02599996 0.09094989 0.02259135 0.02076876 0.08743309 0.0239526 0.02095866 0.08688455 0.02185481 0.02094787 0.08775758 0.02069306 0.02166128 0.0882337 0.02060192 0.02123188 0.08822166 0.01860278 0.02168518 0.08896219 0.01735728 0.02232468 0.08938419 0.01728308 0.02195572 0.08936375 0.01530408 0.02236133 0.08996599 0.01395887 0.02292352 0.09033006 0.01529061 0.02236378 0.08996915 0.01051086 0.0234335 0.09106791 0.01182687 0.02297377 0.09079885 0.01390117 0.02260839 0.09030199 0.007000923 0.0235973 0.09156531 0.00771147 0.02352678 0.09148406 0.00702697 0.02383029 0.0915963 0.008329212 0.02346557 0.09141349 0.01046997 0.02316457 0.09103739 0.004891455 0.02380645 0.09180629 0.00350672 0.02387845 0.09188336 0.001583099 0.02397859 0.09199047 0 0.02399992 0.09201198 0.02512669 0.02477538 0.08861947 0.02545779 0.02539515 0.08952367 0.02495759 0.02438819 0.0882222 0.02160328 0.02494645 0.0897876 0.02147859 0.02461338 0.08943778 0.0180298 0.02510821 0.09075015 0.0179423 0.02482622 0.09044826 0.01442998 0.0252543 0.09150999 0.01437187 0.02501869 0.09125369 0.02576392 0.02579861 0.09051316 0.02205651 0.02582675 0.09144508 0.02195316 0.0256769 0.091008 0.02184218 0.02547967 0.09058046 0.02172499 0.02523595 0.09017086 0.01819336 0.02555948 0.09143149 0.01811385 0.02535325 0.09107995 0.01453596 0.02563166 0.09208619 0.014485 0.02545917 0.09178918 0.007245004 0.0257408 0.09287559 0.007228255 0.0256195 0.092664 0.007209539 0.02547556 0.0924645 0 0.02555805 0.092763 0 0.02542632 0.09260976 0.01078355 0.0251823 0.09186035 0.007189035 0.0253098 0.09228068 0 0.02542191 0.092606 0 0.0257706 0.09308189 0 0.02567642 0.09293138 0 0.02560645 0.09281939 0.007272005 0.02591359 0.09331905 0 0.02592277 0.09347885 0 0.02590185 0.0933932 0.01826745 0.02572631 0.0917977 0.01462429 0.02587723 0.09271019 0.01458269 0.0257712 0.09239518 0.007259607 0.02583885 0.0930953 0 0.02585947 0.09329259 0.04359203 0.01703369 0.07246667 0.0435189 0.01615405 0.07246428 0.0411036 0.01647102 0.0750094 0.04165238 0.01638072 0.0744729 0.04120135 0.01731717 0.07499951 0.0419265 0.01633578 0.07420486 0.03865647 0.01773309 0.07739049 0.03854411 0.01692789 0.07741069 0.03949517 0.01673555 0.07658177 0.03954213 0.02110219 0.07793217 0.0358414 0.01750671 0.07964867 0.03588408 0.017497 0.07961565 0.03596657 0.01825761 0.07962989 0.03703558 0.01723337 0.07872557 0.03314125 0.01886659 0.08170807 0.03301185 0.01817435 0.08172518 0.03419303 0.01788389 0.08092278 0.02949625 0.01905107 0.08396357 0.03006231 0.0189079 0.08362728 0.03018975 0.01953613 0.08361548 0.03125387 0.01860636 0.08291947 0.02510058 0.02015852 0.08632755 0.02712249 0.02024179 0.08534318 0.0282312 0.01937127 0.08471518 0 0.02459532 0.09210228 0 0.02436608 0.09205025 0.003541529 0.02448099 0.09198629 0.003530383 0.024284 0.09194046 0.007072806 0.0242747 0.0916745 0.007049441 0.0240513 0.09162425 0.01058578 0.02395778 0.09115457 0.01054739 0.02369409 0.09109807 0.01406848 0.02355062 0.09042561 0.01401203 0.02323508 0.09036207 0.01750653 0.02307236 0.0894863 0.01742929 0.02269589 0.0894165 0.02088475 0.02254265 0.08833926 0.02078443 0.02209883 0.08826446 0.02406299 0.02146655 0.08691281 0.0273953 0.021411 0.08545029 0.03033 0.02018839 0.08363807 0 0.02489709 0.092224 0 0.02473902 0.09216016 0.00356394 0.02486968 0.09214079 0.003552794 0.02467721 0.09205269 0.00712043 0.0247156 0.0918467 0.007096529 0.02449727 0.09174817 0.01066529 0.02447897 0.09135299 0.01062518 0.02422076 0.09123897 0.01418817 0.02417469 0.09065538 0.01412737 0.02386546 0.0905227 0.01767456 0.02381753 0.08974909 0.01758867 0.02344805 0.08959627 0.02110809 0.02342206 0.08863407 0.02099287 0.02298599 0.08846145 0.02446949 0.02300363 0.08731639 0.03068417 0.02151048 0.08387428 0.0304948 0.02084976 0.08372271 0.0334692 0.02031886 0.08181649 0.03328919 0.01958787 0.08172929 0.03611671 0.01904237 0.07965189 0.03747081 0.0228722 0.08087056 0.03482162 0.02372282 0.0833534 0.03515774 0.02426981 0.08386188 0.03972959 0.02568227 0.0845384 0 0.02526438 0.0924701 0.003585219 0.0252304 0.09237927 0.007167041 0.0251255 0.09211498 0.007143974 0.02492618 0.09196966 0.0107451 0.02496409 0.0916661 0.01070559 0.02472811 0.09149616 0.01431137 0.02475655 0.0910238 0.0142498 0.02447348 0.09082341 0.01785296 0.024513 0.09017848 0.01776313 0.02417457 0.0899443 0.02135306 0.02424317 0.08912616 0.02122879 0.02384352 0.08885699 0.02478992 0.0239579 0.08786946 0.02462625 0.02349352 0.08756607 0.02814143 0.02366775 0.08641159 0.02793449 0.02313739 0.08607649 0.03113269 0.02278798 0.0843932 0.03089749 0.02216005 0.0840978 0.03392618 0.02176553 0.08221006 0.03368157 0.02104848 0.0819751 0.0365386 0.02062988 0.07990688 0.03630709 0.0198372 0.07974237 0.03899896 0.0194233 0.0775125 0.03880333 0.01857316 0.07741689 0.04133963 0.01820152 0.07503515 0.04153501 0.01909589 0.0751385 0.03924477 0.02027058 0.07768249 0.03681159 0.02140843 0.0801506 0.03712409 0.02216029 0.08047366 0.0342009 0.02245855 0.08252185 0.03450101 0.02311491 0.08290487 0.04239225 0.02155417 0.07588529 0.05042093 0.0111792 0.06271785 0.05036199 0.01111835 0.06283807 0.05096936 0.008459091 0.06180238 0.05232137 0.003210484 0.05792737 0.05202853 0.006368756 0.05845522 0.05180811 0.00603199 0.05974805 0.05141162 0.005703449 0.0610007 0.05077129 0.005958557 0.0623278 0.05084276 0.005386233 0.06219947 0.05220085 0.005486369 0.05697 0.05205959 0.006692349 0.0572043 0.05198019 0.007368445 0.05733567 0.05155915 0.009862482 0.05800181 0.05155867 0.009410977 0.05926072 0.0509358 0.01269978 0.05894804 0.0508936 0.01288783 0.05901193 0.05092793 0.01260393 0.0596593 0.05151808 0.01010608 0.05806696 0.05094075 0.01249897 0.05989867 0.05227559 0.004847705 0.0568459 0.05237555 0.003391981 0.05666536 0.05242472 -2.6901e-5 0.05766177 0.0524252 -1.37e-7 0.05765998 0.0524131 -2.7267e-5 0.0577206 0.05242919 3.13774e-4 0.057639 0.05243045 3.72475e-4 0.05762547 0.05243563 6.41823e-4 0.0575639 0.0524367 6.85333e-4 0.05754977 0.05243819 7.3394e-4 0.05752897 0.05244612 9.99987e-4 0.05741512 0.05244857 0.001072227 0.05736958 0.05245578 0.001285195 0.05723541 0.05245697 0.001320183 0.05720871 0.0524587 0.001378715 0.05715537 0.0524643 0.001571834 0.05697876 0.05246526 0.001642346 0.05689018 0.05246698 0.001780629 0.05671668 0.05246692 0.001807749 0.05667579 0.05246609 0.001859784 0.05658572 0.0524652 0.001909971 0.05649906 0.05244797 0.002337217 0.05653452 0.05208349 0.003030002 0.05923438 0.05214846 -3.5622e-5 0.05905663 0.05167853 0.002863228 0.06050175 0.05171662 -2.4132e-5 0.06034505 0.05209869 -3.7193e-5 0.05930805 0.05115872 0.001960635 0.0616284 0.05146932 -1.5686e-5 0.06101608 0.05041193 0.007954955 0.0629571 0.05040138 0.007999181 0.06297487 0.05035859 0.01111471 0.06284511 0.04978919 0.01052689 0.06400626 0.04988205 0.01018601 0.06385308 0.05090588 0.0123232 0.06028383 0.05090361 0.01231229 0.06030768 0.05136013 0.008933901 0.06055337 0.050888 0.005024671 0.06211847 0.0510208 0.003960788 0.06188005 0.05110692 0.002710223 0.06172263 0.05081218 0.01185119 0.06131786 0.05073791 0.01172369 0.06158334 0.05073362 0.0117163 0.06159883 0 -0.05133426 0.06102722 0.05153459 -0.00435096 0.0604152 0.05196416 -0.004396617 0.05906707 0.05229157 -0.004385769 0.0563085 0.05246269 -0.001975119 0.05636119 0.05246382 -0.00185734 0.05658453 0.05222743 -0.004408717 0.05767613 0.05246418 -0.001816332 0.05666238 0.05246055 -0.001644313 0.05689191 0.05245995 -0.001614928 0.05693113 0.05245906 -0.001584291 0.05696535 0.05245208 -0.001379132 0.0571559 0.05245059 -0.001333594 0.05719822 0.05244195 -0.001073956 0.05737239 0.05244123 -0.001053512 0.0573861 0.05243998 -0.001016378 0.05740648 0.05243241 -7.34367e-4 0.0575301 0.0524317 -7.03316e-4 0.05754369 0.05242604 -3.77754e-4 0.05762845 0.05242598 -3.73337e-4 0.05762922 0.05242556 -3.31856e-4 0.0576362 0.05158478 -0.009260654 0.05762743 0.05169475 -0.009114921 0.05620646 0.05174648 -0.008862495 0.05621182 0.05221509 -0.005461335 0.05628508 0.05047816 -0.0140807 0.05758029 0.05105733 -0.01222258 0.05614048 0.0516678 -0.009245932 0.05620366 0.04991275 -0.01621729 0.05605673 0.0490337 -0.01876026 0.05600392 0.04890441 -0.01882195 0.05753487 0.0501514 -0.01552677 0.05607116 0.05055063 -0.0140708 0.05610162 0.04694443 -0.02344268 0.0559079 0.0471639 -0.0230031 0.0559169 0.04686528 -0.02343517 0.0574916 0.0477097 -0.02190959 0.05593913 0.04900467 -0.01882928 0.05600249 0.04349803 -0.02933979 0.05578839 0.04446816 -0.02790105 0.0558173 0.04436689 -0.02787059 0.05745065 0.04452425 -0.0278179 0.05581909 0.04618638 -0.02496105 0.05587685 0.04248231 -0.03084629 0.05575811 0.04142242 -0.03207856 0.0574122 0.04150223 -0.03210633 0.0557329 0.0380488 -0.03600978 0.0573768 0.0381447 -0.03606581 0.05565387 0.03899437 -0.03511089 0.055673 0.04035353 -0.03358328 0.05570346 0.0337308 -0.04019922 0.05557143 0.0343489 -0.03966629 0.0555821 0.03427416 -0.03961592 0.05734443 0.03557908 -0.03860539 0.0556032 0.0380488 -0.0361737 0.05565178 0.02719783 -0.04476398 0.05731433 0.02721637 -0.04475498 0.0572986 0.03012967 -0.0428496 0.05731558 0.02738463 -0.04467326 0.05715525 0.02743929 -0.04464673 0.0571087 0.02746629 -0.0446338 0.05708116 0.02762418 -0.04456019 0.05689042 0.0276761 -0.04453599 0.0568279 0.02782171 -0.04447007 0.05658519 0.02784538 -0.04445946 0.05654585 0.02786487 -0.0444507 0.05650609 0.02796661 -0.04440599 0.0562458 0.02798753 -0.04439693 0.05619221 0.02805835 -0.04436653 0.05588489 0.02806258 -0.0443648 0.05586671 0.0302143 -0.0429328 0.05551689 0.03295528 -0.04086798 0.0555582 0.02806967 -0.04436182 0.0558176 0.02808851 -0.0443539 0.05551189 0.02809 -0.04435318 0.05548852 0.02553611 -0.04569602 0.05752617 0.02563256 -0.04563516 0.05756855 0.02546828 -0.04535281 0.05914986 0.02565765 -0.0456193 0.05757951 0.02569782 -0.04559457 0.05759245 0.02584356 -0.04550659 0.05762267 0.02598476 -0.04542148 0.05765181 0.02616429 -0.04531759 0.05765575 0.0262745 -0.04525375 0.05765813 0.02631688 -0.04522979 0.05765461 0.0264886 -0.04513508 0.05762279 0.02661132 -0.04506731 0.05759996 0.02991724 -0.04256051 0.0591433 0.02680695 -0.04496383 0.05752688 0.02689355 -0.04491806 0.05749464 0.0269289 -0.04489988 0.05747747 0.02710849 -0.04480916 0.05736851 0.0251336 -0.04595637 0.05728787 0.02514207 -0.04595077 0.05729472 0.02073299 -0.0476942 0.0591557 0.02525097 -0.04587936 0.05736804 0.02539116 -0.04578757 0.05746245 0.02135157 -0.04795676 0.05541598 0.02436769 -0.0465027 0.05544525 0.02437019 -0.0465008 0.05551165 0.021214 -0.04802292 0.05541473 0.02437978 -0.04649221 0.05578529 0.02094638 -0.04813081 0.05541259 0.0244345 -0.04645001 0.05611371 0.02444529 -0.04644197 0.05615758 0.02088648 -0.04803311 0.05726909 0.0243963 -0.04647958 0.05588418 0.02447396 -0.04642069 0.0562452 0.02454888 -0.0463649 0.0564748 0.02460259 -0.0463261 0.05658376 0.02469068 -0.0462622 0.05676347 0.02471095 -0.04624778 0.05679708 0.02477777 -0.04620087 0.05688977 0.02489668 -0.0461173 0.05705463 0.02499598 -0.04604989 0.05715388 0.02511209 -0.04597073 0.05726999 0.0179978 -0.04931855 0.05538839 0.01587957 -0.04991012 0.05725198 0.01446902 -0.0504589 0.05536472 0.01134735 -0.05125898 0.05534803 0.0106917 -0.05127173 0.05723947 0.01470392 -0.0503987 0.05536603 0.01592081 -0.04999977 0.05537426 0.005380213 -0.0520963 0.05723166 0.007942855 -0.05189561 0.05533438 0.01072239 -0.0513758 0.05534559 0.004505217 -0.05230629 0.0553255 0.005394876 -0.05220001 0.05532789 0.00730443 -0.05197185 0.05533283 0 -0.05249989 0.05532121 0.001049578 -0.05248939 0.05532145 0 -0.05248701 0.05592572 0 -0.052329 0.05722349 0.04072993 -0.03154349 0.0607717 0.03739398 -0.03539127 0.06082212 0.0461322 -0.02306962 0.06066089 0.0436486 -0.0274204 0.06071776 0.05086892 -0.00913304 0.0604785 0.04974722 -0.01387763 0.06054085 0.04816752 -0.0185393 0.06060189 0 -0.05220443 0.05824536 0.01576113 -0.04955238 0.05916035 0.01061093 -0.05089986 0.0591638 0.005339324 -0.05171579 0.05916619 0.05131185 -0.00922203 0.05907529 0.05019855 -0.01401335 0.05908399 0.04862165 -0.0187242 0.05909281 0.04658299 -0.02330547 0.05910181 0.04408967 -0.02770805 0.0591107 0.04115438 -0.03188306 0.05911946 0.03779453 -0.03578168 0.0591278 0.0340386 -0.03935647 0.05913585 0.01557785 -0.04896312 0.06100535 0.01048648 -0.05028939 0.06102418 0.005276322 -0.05109208 0.06103605 0 -0.05152988 0.06061017 0 -0.0519452 0.05915415 0.02049469 -0.04713386 0.06097978 0.02518028 -0.04482764 0.06094819 0.03366869 -0.03891736 0.06086874 0.02958506 -0.04207623 0.06091094 -0.03350526 -0.03905689 0.0608704 -0.00524497 -0.05109542 0.06103599 -0.05173438 -2.6253e-5 0.06035023 -0.05079299 -0.009531259 0.06048369 -0.02514207 -0.04595077 0.05729472 -0.02513295 -0.04595679 0.05728721 -0.02076959 -0.04808378 0.05726808 -0.02511209 -0.04597073 0.05726999 -0.02499598 -0.04604989 0.05715388 -0.02489668 -0.0461173 0.05705463 -0.02477777 -0.04620087 0.05688977 -0.02471095 -0.04624778 0.05679708 -0.02469068 -0.0462622 0.05676347 -0.02460259 -0.0463261 0.05658376 -0.02454888 -0.0463649 0.0564748 -0.0244739 -0.04642069 0.0562452 -0.02444529 -0.04644197 0.05615758 -0.0244345 -0.04645001 0.05611371 -0.0243963 -0.04647958 0.05588418 -0.02436769 -0.0465027 0.05544537 -0.02379643 -0.04679709 0.05543947 -0.02437019 -0.0465008 0.05551165 -0.0213468 -0.04794669 0.05541622 -0.02437978 -0.04649221 0.05578529 -0.02083176 -0.04818832 0.05541133 -0.02533113 -0.0454294 0.05914968 -0.02539116 -0.04578757 0.05746245 -0.02525097 -0.04587936 0.05736804 -0.02061688 -0.04774445 0.0591554 -0.02721709 -0.04475468 0.057298 -0.02719783 -0.04476398 0.05731433 -0.02976346 -0.04266798 0.05914312 -0.02710849 -0.04480916 0.05736851 -0.0269289 -0.04489988 0.05747747 -0.0264886 -0.04513508 0.05762279 -0.02631688 -0.04522979 0.05765461 -0.02689355 -0.04491806 0.05749464 -0.02680695 -0.04496383 0.05752688 -0.02661132 -0.04506731 0.05759996 -0.0262745 -0.04525375 0.05765813 -0.02616429 -0.04531759 0.05765575 -0.02598476 -0.04542148 0.05765181 -0.02584356 -0.04550659 0.05762267 -0.02569782 -0.04559457 0.05759245 -0.02565765 -0.0456193 0.05757951 -0.02553611 -0.04569602 0.05752617 -0.02549898 -0.04571956 0.05750983 -0.02806967 -0.04436182 0.0558176 -0.03004515 -0.04302078 0.05551517 -0.02808851 -0.0443539 0.05551189 -0.02809 -0.04435318 0.05548852 -0.02798753 -0.04439693 0.05619221 -0.02997499 -0.0429579 0.05731403 -0.02805835 -0.04436653 0.05588489 -0.02806258 -0.0443648 0.05586671 -0.02796661 -0.04440599 0.0562458 -0.02786487 -0.0444507 0.05650609 -0.02784538 -0.04445946 0.05654585 -0.02782171 -0.04447007 0.05658519 -0.0276761 -0.04453599 0.0568279 -0.02762418 -0.04456019 0.05689042 -0.02746629 -0.0446338 0.05708116 -0.02743929 -0.04464673 0.0571087 -0.02738463 -0.04467326 0.05715525 -0.0338118 -0.0401622 0.05557227 -0.03374457 -0.04021507 0.05557113 -0.0341084 -0.0397588 0.05734258 -0.03100496 -0.0423668 0.05552828 -0.03787761 -0.03618967 0.05737453 -0.03646165 -0.03777289 0.05561983 -0.03419137 -0.03982007 0.055579 -0.03901237 -0.03512698 0.05567252 -0.0412417 -0.03248643 0.05572533 -0.04125201 -0.03229707 0.05740976 -0.03894191 -0.03521037 0.05567091 -0.03795588 -0.03622919 0.05565065 -0.04428213 -0.02814537 0.05581253 -0.04351633 -0.02935248 0.05578809 -0.04420369 -0.0281285 0.05744779 -0.04335033 -0.02961397 0.05578297 -0.04134947 -0.03233969 0.05572819 -0.0471667 -0.023005 0.05591672 -0.04681575 -0.02375108 0.05590152 -0.04671531 -0.02373218 0.05748826 -0.04676175 -0.02386581 0.0558992 -0.04525876 -0.0266062 0.05584359 -0.04820501 -0.02079695 0.0559619 -0.048774 -0.01915699 0.05753123 -0.04884731 -0.0191546 0.055996 -0.05037283 -0.01445168 0.05757611 -0.05045807 -0.0144456 0.05609387 -0.04990339 -0.01621478 0.05605679 -0.04952442 -0.01742339 0.0560317 -0.05167365 -0.009111702 0.0562067 -0.0515834 -0.009649693 0.05619513 -0.05151027 -0.009664952 0.0576229 -0.0514484 -0.01045531 0.05617785 -0.05060726 -0.0139696 0.0561037 -0.05204492 -0.006896853 0.05625402 -0.05218869 -0.004842936 0.05767118 -0.052248 -0.004819571 0.05629909 -0.05249989 0 0.05640447 -0.05246543 -0.001832067 0.05636429 -0.05248081 -1.5503e-5 0.05703228 -0.05246269 -0.001975119 0.05636119 -0.0524255 -2.6901e-5 0.05766165 -0.05239546 -0.003310561 0.05633187 -0.007305324 -0.05198168 0.05533266 -0.005348265 -0.05209976 0.05723088 -0.01059657 -0.05141943 0.0553447 -0.01062893 -0.05128479 0.05723869 -0.007077932 -0.0520206 0.0553317 -0.005362272 -0.05219489 0.05532795 -0.003525257 -0.05238139 0.05532389 -0.01582837 -0.05002528 0.05537372 -0.01446712 -0.05045413 0.05536478 -0.01578813 -0.04993909 0.05725109 -0.01406455 -0.05058091 0.05536228 -0.01066213 -0.05140358 0.05534493 -0.02078568 -0.04820996 0.05541098 -0.01746612 -0.0495094 0.05538439 -0.03722488 -0.03556728 0.06082439 -0.04056131 -0.03175747 0.0607742 -0.04598301 -0.0233612 0.06066465 -0.04348665 -0.02767318 0.06072086 -0.04964125 -0.0142427 0.0605455 -0.04803705 -0.01886856 0.060606 -0.0514934 -0.004779279 0.06042087 -0.05213242 -3.3707e-5 0.05905073 -0.05231171 -3.4981e-5 0.05839115 -0.0524162 -2.7565e-5 0.05772089 -0.005307555 -0.051719 0.05916571 -0.01567029 -0.04958105 0.05916005 -0.01054865 -0.05091273 0.05916357 -0.05184859 -3.1685e-5 0.06009495 -0.0519244 -0.004828572 0.05906742 -0.05123662 -0.009624004 0.05907577 -0.05009281 -0.01438206 0.05908429 -0.04849112 -0.01905697 0.05909311 -0.04643338 -0.02360033 0.05910199 -0.04392689 -0.02796399 0.05911082 -0.04098469 -0.03209978 0.05911958 -0.03762423 -0.03596001 0.0591278 -0.03387349 -0.03949797 0.05913579 -0.01042497 -0.05030208 0.06102418 -0.01548808 -0.0489915 0.06100559 -0.02037996 -0.04718327 0.06098026 -0.0250445 -0.04490309 0.0609489 -0.02943277 -0.04218202 0.06091219 0.04890716 0.01334637 0.06541186 -0.01390343 0.02261275 0.09030997 -0.0466746 0.01602023 0.06859827 -0.04702085 0.01601845 0.06815159 -0.04786986 0.01606988 0.06695997 -0.04889965 0.01333999 0.065418 -0.04901379 0.01303756 0.06524717 -0.04978919 0.01052689 0.06400626 -0.05037301 0.008140325 0.0630241 -0.05039882 0.007997632 0.06297886 -0.05078768 0.005850136 0.06229853 -0.04576647 0.01602482 0.06977027 -0.04505157 0.01602858 0.07069295 -0.04351449 0.01615935 0.072461 -0.04285115 0.01621586 0.07322418 -0.0381304 0.01700228 0.07780128 -0.038549 0.01692366 0.07741791 -0.0405234 0.01655328 0.07561028 -0.04110592 0.01646876 0.07501316 -0.04164218 0.01639103 0.07446336 -0.0324465 0.01830917 0.0821408 -0.03301542 0.0181728 0.08173185 -0.03552049 0.01757258 0.07993149 -0.0358501 0.01750051 0.0796625 -0.0358929 0.01749116 0.07962757 -0.02272838 0.02073931 0.08739578 -0.02616029 0.01989501 0.08580845 -0.02934432 0.0190882 0.08408248 -0.0295065 0.01904749 0.08398097 -0.01728349 0.02195686 0.08936589 -0.01943117 0.02150338 0.08867615 -0.02060157 0.02123218 0.0882216 -0.02259755 0.02076977 0.08744657 -0.01303672 0.02277386 0.09053468 -0.01047068 0.02316802 0.09104228 -0.01528602 0.02235585 0.08995175 -0.01618248 0.02218931 0.08971947 -0.006489217 0.02366727 0.09164947 -0.007003009 0.02360707 0.09157788 -0.007710516 0.02352428 0.09147948 -0.009566426 0.02330708 0.09122115 -0.003169775 0.02391648 0.09192568 -0.003507733 0.02389109 0.09189748 -0.05084425 0.005387008 0.06219691 -0.050888 0.005029499 0.06211847 -0.05102878 0.003875911 0.06186527 -0.05110466 0.002709746 0.06172692 -0.05116623 0.001762092 0.06161445 -0.05035865 0.01111471 0.06284517 -0.05036205 0.01111835 0.06283819 -0.05096936 0.008459091 0.06180238 -0.05167853 0.002863228 0.06050175 -0.05246508 0.001909971 0.05649906 -0.05237358 0.003391861 0.05666798 -0.05232137 0.003210425 0.05792737 -0.05230188 0.004556 0.05680078 -0.05219703 0.005486011 0.05697548 -0.0520609 0.006693065 0.05720233 -0.05202853 0.006368756 0.05845522 -0.05200278 0.007207155 0.05729889 -0.05155867 0.009410977 0.0592609 -0.05160009 0.009678304 0.05793935 -0.05156064 0.00986284 0.05799967 -0.05089342 0.01288783 0.05901193 -0.05093973 0.01270061 0.05894315 -0.05092847 0.01260399 0.0596593 -0.05094128 0.01249957 0.05989748 -0.050906 0.0123232 0.06028389 -0.05103802 0.01230305 0.05879688 -0.05208337 0.003030002 0.05923438 -0.05141162 0.005703449 0.0610007 -0.05136013 0.008933901 0.06055337 -0.05180811 0.00603199 0.05974817 -0.05080956 0.0118429 0.06133556 -0.05090373 0.01231229 0.06030768 -0.05041509 0.011173 0.06272995 -0.05073493 0.0117163 0.06159919 -0.05073928 0.01172369 0.06158369 -0.04210627 0.02086049 0.07556807 -0.04178982 0.01998662 0.07531446 -0.03924477 0.02027058 0.07768249 -0.007272005 0.02591359 0.09331905 -0.007228255 0.0256195 0.092664 -0.007209539 0.02547556 0.0924645 -0.02879697 0.02498579 0.08773016 -0.03626579 0.02599996 0.08872735 -0.03965276 0.0254749 0.0838046 -0.03965765 0.02541548 0.08364129 -0.03951597 0.02542418 0.08373057 -0.04478901 0.01924467 0.07184815 -0.04525792 0.01880031 0.07107669 -0.04390585 0.01887369 0.07263249 -0.04623848 0.01784676 0.06948745 -0.04592579 0.01783907 0.06987619 -0.04597425 0.018112 0.06990766 -0.04717278 0.01687961 0.06801599 -0.04712861 0.01693093 0.06808286 -0.04582023 0.01691025 0.06980246 -0.04698663 0.01709586 0.06829786 -0.04640877 0.01767581 0.0692169 -0.0458014 0.01828545 0.07018256 -0.04371649 0.01794886 0.07251757 -0.04560583 0.0184707 0.0705043 -0.0423851 0.02155488 0.07587969 -0.04240489 0.02153456 0.07584315 -0.0427857 0.02114301 0.0751447 -0.04315209 0.02079576 0.0745418 -0.04318171 0.02076762 0.07449299 -0.04396766 0.02002298 0.0731998 -0.04417586 0.01978087 0.0728302 -0.0441876 0.01981467 0.072838 -0.04422342 0.01978057 0.07277888 -0.04138815 0.02258002 0.0777086 -0.04166662 0.02229362 0.07719761 -0.03988903 0.0219047 0.07826167 -0.04101699 0.02300512 0.0784884 -0.04124516 0.02272707 0.07797086 -0.04027962 0.0226643 0.07866549 -0.04074269 0.02333962 0.0791108 -0.03987681 0.02459466 0.08159816 -0.0400424 0.02430856 0.08099907 -0.04022258 0.0240224 0.08041769 -0.03784608 0.02353131 0.0813356 -0.04035538 0.02381181 0.07998961 -0.04045987 0.0236845 0.0797525 -0.0396648 0.02532958 0.08340579 -0.0396853 0.0250777 0.0827139 -0.03973543 0.02568966 0.08456426 -0.03973233 0.02568179 0.08453625 -0.03655058 0.02571535 0.0863142 -0.03967213 0.02552527 0.0839827 -0.0399903 0.02593261 0.08574998 -0.04036861 0.02599996 0.0867691 -0.03997462 0.0259208 0.0856859 -0.03989559 0.02586108 0.08536088 -0.03976261 0.02576047 0.08481478 -0.02590179 0.02591729 0.09101605 -0.02611196 0.02599996 0.0918796 -0.02398931 0.02599996 0.09239476 -0.02215069 0.02592879 0.09188359 -0.02229362 0.02599996 0.0926426 -0.01728016 0.02599996 0.09337496 -0.01466053 0.02594953 0.09302556 -0.01470988 0.02599996 0.09355199 -0.007293999 0.02599996 0.09391421 -0.009973585 0.02599996 0.09387826 -0.007281959 0.02596443 0.09354287 -0.0239526 0.02095866 0.08688455 -0.02069306 0.02166128 0.0882337 -0.01735728 0.02232468 0.08938419 -0.01395887 0.02292352 0.09033006 -0.01051086 0.0234335 0.09106791 -0.00702697 0.02383029 0.0915963 -0.003519535 0.02408874 0.09191405 -0.003530383 0.024284 0.09194046 -0.003585219 0.0252304 0.09237927 -0.02857619 0.02460134 0.08724379 -0.02545779 0.02539515 0.08952367 -0.02576392 0.02579861 0.09051316 -0.02195316 0.0256769 0.091008 -0.02205651 0.02582675 0.09144508 -0.01826745 0.02572631 0.0917977 -0.01462429 0.02587723 0.09271019 -0.02172499 0.02523595 0.09017086 -0.02184218 0.02547967 0.09058046 -0.01811385 0.02535325 0.09107995 -0.01819336 0.02555948 0.09143149 -0.014485 0.02545917 0.09178918 -0.01453596 0.02563166 0.09208619 -0.007245004 0.0257408 0.09287559 -0.02160328 0.02494645 0.0897876 -0.0180298 0.02510821 0.09075015 -0.01442998 0.0252543 0.09150999 -0.01458269 0.0257712 0.09239518 -0.007259607 0.02583885 0.0930953 -0.04359203 0.01703369 0.07246667 -0.04120135 0.01731717 0.07499951 -0.03865647 0.01773309 0.07739049 -0.03596657 0.01825761 0.07962989 -0.03314125 0.01886659 0.08170807 -0.03328919 0.01958787 0.08172929 -0.03630709 0.0198372 0.07974237 -0.03611671 0.01904237 0.07965189 -0.03899896 0.0194233 0.0775125 -0.03880333 0.01857316 0.07741689 -0.04153501 0.01909589 0.0751385 -0.04133963 0.01820152 0.07503515 -0.03018975 0.01953613 0.08361548 -0.03033 0.02018839 0.08363807 -0.0334692 0.02031886 0.08181649 -0.0365386 0.02062988 0.07990688 -0.03954213 0.02110219 0.07793217 -0.04225158 0.02169209 0.07612448 -0.03681159 0.02140843 0.0801506 -0.03368157 0.02104848 0.0819751 -0.0304948 0.02084976 0.08372271 -0.02406299 0.02146655 0.08691281 -0.01742929 0.02269589 0.0894165 -0.01401203 0.02323508 0.09036207 -0.01054739 0.02369409 0.09109807 -0.007049441 0.0240513 0.09162425 -0.003541529 0.02448099 0.09198629 -0.003552794 0.02467721 0.09205269 -0.007072806 0.0242747 0.0916745 -0.007096529 0.02449727 0.09174817 -0.01058578 0.02395778 0.09115457 -0.01062518 0.02422076 0.09123897 -0.01406848 0.02355062 0.09042561 -0.01412737 0.02386546 0.0905227 -0.01750653 0.02307236 0.0894863 -0.01758867 0.02344805 0.08959627 -0.02088475 0.02254265 0.08833926 -0.02099287 0.02298599 0.08846145 -0.02418649 0.02198207 0.0869916 -0.02432227 0.02249699 0.08712488 -0.02755868 0.02199923 0.08559346 -0.03068417 0.02151048 0.08387428 -0.03089749 0.02216005 0.0840978 -0.03392618 0.02176553 0.08221006 -0.03712409 0.02216029 0.08047366 -0.03747081 0.0228722 0.08087056 -0.04070258 0.02334547 0.07914805 -0.04071748 0.0233705 0.07916808 -0.00356394 0.02486968 0.09214079 -0.003574728 0.02505505 0.09225028 -0.00712043 0.0247156 0.0918467 -0.007143974 0.02492618 0.09196966 -0.01066529 0.02447897 0.09135299 -0.01070559 0.02472811 0.09149616 -0.01418817 0.02417469 0.09065538 -0.0142498 0.02447348 0.09082341 -0.01767456 0.02381753 0.08974909 -0.01776313 0.02417457 0.0899443 -0.02110809 0.02342206 0.08863407 -0.02122879 0.02384352 0.08885699 -0.02446949 0.02300363 0.08731639 -0.02462625 0.02349352 0.08756607 -0.02773898 0.02257788 0.08580219 -0.02793449 0.02313739 0.08607649 -0.03113269 0.02278798 0.0843932 -0.02835655 0.02415919 0.08680236 -0.02814143 0.02366775 0.08641159 -0.02147859 0.02461338 0.08943778 -0.02135306 0.02424317 0.08912616 -0.0179423 0.02482622 0.09044826 -0.01785296 0.024513 0.09017848 -0.01437187 0.02501869 0.09125369 -0.01431137 0.02475655 0.0910238 -0.01078355 0.0251823 0.09186035 -0.0107451 0.02496409 0.0916661 -0.007189035 0.0253098 0.09228068 -0.007167041 0.0251255 0.09211498 -0.0406993 0.02599996 0.177184 -0.0422905 0.02599996 0.174718 -0.0424562 0.02599996 0.174461 -0.03150033 0.02599996 0.187196 -0.03264278 0.02599996 0.186186 -0.04065388 0.02599996 0.08737576 -0.04928046 0.02599996 0.129012 -0.04901427 0.02599996 0.121728 -0.04898405 0.02599996 0.121317 -0.04934269 0.02599996 0.132613 -0.04937613 0.02599996 0.139389 -0.04940885 0.02599996 0.14601 -0.04785811 0.02599996 0.161655 -0.04693019 0.02599996 0.164757 -0.04658079 0.02599996 0.165691 -0.04573965 0.02599996 0.167941 -0.03946411 0.02599996 0.178843 -0.03865826 0.02599996 0.179926 0.04041308 0.02599996 0.1775929 0.03943336 0.02599996 0.178817 0.04866695 0.02599996 0.158055 0.04675132 0.02599996 0.1043519 0.04706728 0.02599996 0.106057 0.04800069 0.02599996 0.111098 0.0482732 0.02599996 0.113652 0.04883033 0.02599996 0.118876 0.04157239 0.02599996 0.08939397 -0.04861867 0.02599996 0.116353 -0.04830825 0.02599996 0.113649 -0.04808169 0.02599996 0.111675 -0.04911339 0.02600008 0.1551859 -0.04946082 0.02599996 0.150978 -0.04949718 0.02599996 0.148494 -0.04805326 0.02599996 0.160892 -0.04866695 0.02599996 0.158055 -0.0490899 0.02600008 0.155373 -0.04270803 0.02599996 0.174037 -0.04433137 0.02599996 0.171038 -0.04465579 0.02599996 0.170324 -0.03405547 0.02599996 0.184937 -0.03625196 0.02599996 0.182705 -0.03643971 0.02599996 0.182515 0.03252118 0.02599996 0.186331 0.0287069 0.02599996 0.189271 0.02783197 0.02599996 0.189945 0.0244795 0.02599996 0.191943 0.02274703 0.02599996 0.1929759 0.01999825 0.02599996 0.1941969 0.0173518 0.02599996 0.195372 0.0367347 0.02599996 0.18219 0.03623169 0.02599996 0.182685 0.03265446 0.02599996 0.1862 0.0490899 0.02600008 0.155373 0.04893875 0.02599996 0.121319 0.04928046 0.02599996 0.129012 0.04934793 0.02599996 0.133015 0.04618585 0.02599996 0.102324 -0.01990288 0.02599996 0.1943359 -0.02003198 0.02599996 0.1942729 8.56453e-4 0.02599996 0.1984609 0 0.02599996 0.198512 -8.58299e-4 0.02599996 0.198482 0.04805326 0.02599996 0.160892 0.04740738 0.02599996 0.163253 0.04652231 0.02599996 0.16567 0.04538303 0.02599996 0.168781 0.04461008 0.02599996 0.1703 -0.01674145 0.02599996 0.195596 -0.022969 0.02599996 0.19286 -0.02450567 0.02599996 0.191986 -0.02593696 0.02599996 0.191172 -0.02878415 0.02599996 0.189282 -0.003409743 0.02599996 0.198394 -0.005588114 0.02599996 0.198168 -0.006803691 0.02599996 0.198042 0.01533108 0.02599996 0.195993 0.01169359 0.02599996 0.197111 0.04270803 0.02599996 0.174037 0.04227495 0.02599996 0.174708 0.04937779 0.02599996 0.139389 0.04940885 0.02599996 0.14601 -0.01016312 0.02599996 0.197457 -0.0105322 0.02599996 0.1973659 -0.01348453 0.02599996 0.19664 -0.01534622 0.02599996 0.196043 0.0105248 0.02599996 0.197322 0.005889177 0.02599996 0.1981599 0.005589902 0.02599996 0.1981779 -0.04949408 0.02600115 0.14977 -0.04941177 0.02600044 0.151966 -0.0494163 0.02873027 0.166707 -0.0493505 0.02899998 0.1666859 -0.05096298 0.02899998 0.161611 -0.04887723 0.02899998 0.1681759 -0.04186993 0.02873027 0.180662 -0.0418576 0.02899998 0.180654 -0.04478657 0.02899998 0.176231 -0.0260002 0.02873027 0.194607 -0.02596569 0.02899998 0.194553 -0.0304566 0.02899998 0.191716 -0.02567416 0.0271089 0.1940349 -0.02557092 0.02687937 0.193854 -0.02089273 0.02687937 0.196218 -0.02097702 0.0271089 0.196408 -0.01601308 0.02687937 0.198088 -0.01114881 0.02817451 0.200196 -0.01116269 0.028454 0.20026 -0.0162701 0.028454 0.198875 -0.01607763 0.0271089 0.1982859 -0.01098638 0.02687937 0.19945 -0.01103079 0.0271089 0.199654 -0.005830407 0.02687937 0.200303 -0.00585401 0.0271089 0.20051 -8.95878e-4 0.02687937 0.200626 0 0.02656489 0.200262 0 0.02667886 0.200397 -8.91876e-4 0.02667206 0.200395 0 0.0263046 0.1998299 0 0.02633917 0.199888 -8.8298e-4 0.026335 0.199883 0 0.02602857 0.198924 0 0.02605766 0.1990579 -8.68534e-4 0.02605038 0.199052 0 0.02687937 0.200633 0 0.02711248 0.200838 -8.9949e-4 0.0271089 0.200834 -9.07471e-4 0.02789568 0.201294 0 0.02789986 0.201292 0 0.02809846 0.2013739 -9.09119e-4 0.02817451 0.201388 0 0.02817577 0.201391 -9.10259e-4 0.028454 0.201454 0 0.02762049 0.201176 -9.05308e-4 0.02762186 0.201169 0 0.02736353 0.201014 0 0.02612739 0.199378 -8.73394e-4 0.02611595 0.199331 0 0.02601861 0.198782 -8.63731e-4 0.02601236 0.1987749 0 0.02621966 0.199614 -8.78235e-4 0.02621018 0.1996099 0 0.02649658 0.2001489 -8.8755e-4 0.02648979 0.200146 -0.005621314 0.02601236 0.198463 -0.0105924 0.02601236 0.197641 -0.01543873 0.02601236 0.196328 -0.02124339 0.02873027 0.19701 -0.0162819 0.02873027 0.198911 -0.01117086 0.02873027 0.2002969 -0.02014333 0.02601236 0.194525 -0.02465385 0.02601236 0.192246 -0.02997148 0.02687937 0.1910409 -0.03009229 0.0271089 0.19121 -0.03019779 0.02735787 0.191358 -0.02889657 0.02601236 0.1895329 -0.03406178 0.02687937 0.187802 -0.03419923 0.0271089 0.187959 -0.03431916 0.02735787 0.188095 -0.03442049 0.02762186 0.188211 -0.03284025 0.02601236 0.186411 -0.01106941 0.02735787 0.199831 -0.01613408 0.02735787 0.198458 -0.01618158 0.02762186 0.198604 -0.02111274 0.02762186 0.1967149 -0.02116316 0.02789568 0.196829 -0.02590197 0.02789568 0.194434 -0.025949 0.02817451 0.194517 -0.03041446 0.02817451 0.191662 -0.03045243 0.028454 0.191715 -0.0346086 0.028454 0.188425 -0.03463351 0.02873027 0.188453 -0.03844642 0.02873027 0.184745 -0.03781187 0.02687937 0.184156 -0.0379644 0.0271089 0.184297 -0.0380975 0.02735787 0.184421 -0.03820997 0.02762186 0.184526 -0.03830122 0.02789568 0.18461 -0.03645575 0.02601236 0.182895 -0.04117888 0.02687937 0.180139 -0.041345 0.0271089 0.180265 -0.04148983 0.02735787 0.180374 -0.04161232 0.02762186 0.180467 -0.04171168 0.02789568 0.1805419 -0.0417875 0.02817451 0.180599 -0.03970193 0.02601236 0.179023 -0.04411095 0.02687937 0.1758249 -0.04428887 0.0271089 0.175933 -0.0444442 0.02735787 0.1760269 -0.04457539 0.02762186 0.176107 -0.04468172 0.02789568 0.176172 -0.04476279 0.02817451 0.176221 -0.04481869 0.028454 0.176255 -0.0425288 0.02601236 0.174863 -0.04658949 0.02687937 0.171247 -0.04677742 0.0271089 0.1713359 -0.04694139 0.02735787 0.171415 -0.04708003 0.02762186 0.171481 -0.04719245 0.02789568 0.171534 -0.04727798 0.02817451 0.171575 -0.04733717 0.028454 0.171603 -0.04737132 0.02873027 0.17162 -0.04491853 0.02601236 0.170449 -0.04685765 0.02601236 0.165791 -0.005684196 0.02611595 0.199017 -0.005652666 0.02605038 0.1987389 -0.01071095 0.02611595 0.198186 -0.01065135 0.02605038 0.197912 -0.01561152 0.02611595 0.196857 -0.0155248 0.02605038 0.196591 -0.02036875 0.02611595 0.195034 -0.02025556 0.02605038 0.194778 -0.02492976 0.02611595 0.19273 -0.02479106 0.02605038 0.192486 -0.02921986 0.02611595 0.189987 -0.02905738 0.02605038 0.189759 -0.03320777 0.02611595 0.18683 -0.03302299 0.02605038 0.186619 -0.03686368 0.02611595 0.183274 -0.0366587 0.02605038 0.183084 -0.04014629 0.02611595 0.179359 -0.03992295 0.02605038 0.17919 -0.04300475 0.02611595 0.175152 -0.04276549 0.02605038 0.175007 -0.04542118 0.02611595 0.170689 -0.04516851 0.02605038 0.170568 -0.04738193 0.02611595 0.165978 -0.04711848 0.02605038 0.165884 -0.05011266 0.02687937 0.161401 -0.04860067 0.02687937 0.166415 -0.05031085 0.02711248 0.16145 -0.04879665 0.0271089 0.166485 -0.0503748 0.0271877 0.161466 -0.04896771 0.02735787 0.166546 -0.0493189 0.02817451 0.166672 -0.05083113 0.02809846 0.161579 -0.04922968 0.02789568 0.16664 -0.0507515 0.02789986 0.161559 -0.04911231 0.02762186 0.166598 -0.05063951 0.02762049 0.161531 -0.05048245 0.02736353 0.161493 -0.04831492 0.02601861 0.160957 -0.0488944 0.02612739 0.1611 -0.04858279 0.02605766 0.161023 -0.04845279 0.02602857 0.160991 -0.04790109 0.026335 0.166164 -0.04938882 0.02633917 0.161222 -0.04933315 0.0263046 0.161208 -0.005746543 0.026335 0.1995649 -0.005715668 0.02621018 0.199293 -0.01082819 0.026335 0.198724 -0.0107702 0.02621018 0.198458 -0.01578259 0.026335 0.197381 -0.01569795 0.02621018 0.197122 -0.02059209 0.026335 0.195538 -0.02048152 0.02621018 0.195289 -0.02520292 0.026335 0.1932089 -0.02506762 0.02621018 0.192971 -0.02954006 0.026335 0.190436 -0.02938157 0.02621018 0.190213 -0.0335716 0.026335 0.1872439 -0.03339159 0.02621018 0.187039 -0.0372675 0.026335 0.18365 -0.03706765 0.02621018 0.183464 -0.04058605 0.026335 0.179691 -0.04036831 0.02621018 0.179527 -0.04347592 0.026335 0.175439 -0.04324275 0.02621018 0.175297 -0.04591888 0.026335 0.170927 -0.04567253 0.02621018 0.170809 -0.04764413 0.02621018 0.166072 -0.04912275 0.02621966 0.1611559 -0.04838335 0.02667206 0.166337 -0.049883 0.02667886 0.161344 -0.04975259 0.02656489 0.161312 -0.005804419 0.02667206 0.200074 -0.005776286 0.02648979 0.199826 -0.01093739 0.02667206 0.199225 -0.01088428 0.02648979 0.198981 -0.01594156 0.02667206 0.197868 -0.01586425 0.02648979 0.197631 -0.02079933 0.02667206 0.196007 -0.02069848 0.02648979 0.195779 -0.0254566 0.02667206 0.193654 -0.02533328 0.02648979 0.193437 -0.02983742 0.02667206 0.1908529 -0.02969282 0.02648979 0.19065 -0.03390961 0.02667206 0.187629 -0.03374522 0.02648979 0.187442 -0.03764283 0.02667206 0.183999 -0.03746032 0.02648979 0.183829 -0.04099476 0.02667206 0.18 -0.0407961 0.02648979 0.17985 -0.04391366 0.02667206 0.175705 -0.04370087 0.02648979 0.175576 -0.04638111 0.02667206 0.171147 -0.04615628 0.02648979 0.1710399 -0.04814887 0.02648979 0.166253 -0.0496428 0.02649658 0.161285 0 0.02899998 0.201512 -9.10278e-4 0.02899998 0.20148 0 0.0287308 0.201492 -9.10919e-4 0.02873027 0.201492 0 0.02855509 0.201479 0 0.02845531 0.201456 -0.003693938 0.02899998 0.201382 -0.00591433 0.02899998 0.201067 -0.005928277 0.02873027 0.201164 -0.005924046 0.028454 0.201126 -0.005916655 0.02817451 0.201061 -0.005905926 0.02789568 0.200967 -0.01100873 0.02899998 0.200345 0 0.0271877 0.200904 -9.02645e-4 0.02735787 0.201016 -0.005891859 0.02762186 0.200843 -0.01112866 0.02789568 0.200103 -0.01624977 0.02817451 0.198813 -0.02122807 0.028454 0.1969749 -0.02484375 0.02899998 0.195262 -0.0111702 0.02899998 0.200298 -0.01625758 0.02899998 0.198826 -0.01810538 0.02899998 0.198291 -0.02119487 0.02899998 0.196902 -0.005874454 0.02735787 0.20069 -0.01110208 0.02762186 0.199981 -0.01622039 0.02789568 0.198723 -0.02120155 0.02817451 0.196915 -0.0259813 0.028454 0.1945739 -0.03047448 0.02873027 0.1917459 -0.03108996 0.02899998 0.191316 -0.03456109 0.02899998 0.188368 -0.03672057 0.02899998 0.186533 -0.0383681 0.02899998 0.184676 -0.04162395 0.02899998 0.181007 -0.02105057 0.02735787 0.196574 -0.02584028 0.02762186 0.194326 -0.03035932 0.02789568 0.191585 -0.03456532 0.02817451 0.188376 -0.03841865 0.028454 0.18472 -0.0257641 0.02735787 0.194193 -0.03028702 0.02762186 0.191483 -0.0345028 0.02789568 0.188304 -0.0383706 0.02817451 0.184675 -0.04183959 0.028454 0.180639 -0.04485118 0.02873027 0.176275 -0.04570317 0.02899998 0.174847 -0.04726326 0.02899998 0.171568 -0.0493806 0.028454 0.166694 -0.05094498 0.0287308 0.161607 -0.0509333 0.02855509 0.161604 -0.05091089 0.02845531 0.161598 -0.05084836 0.02817577 0.161583 0.03108996 0.02899998 0.191316 0.0304566 0.02899998 0.191716 0.03047448 0.02873027 0.1917459 0.04879665 0.0271089 0.166485 0.04860067 0.02687937 0.166415 0.05011266 0.02687937 0.161401 8.91876e-4 0.02667206 0.200395 8.8755e-4 0.02648979 0.200146 0.005776286 0.02648979 0.199826 8.78239e-4 0.02621018 0.1996099 8.63731e-4 0.02601236 0.1987749 8.95882e-4 0.02687937 0.200626 8.9949e-4 0.0271089 0.200834 9.02645e-4 0.02735787 0.201016 9.09122e-4 0.02817451 0.201388 9.07474e-4 0.02789568 0.201294 9.05308e-4 0.02762186 0.201169 8.68538e-4 0.02605038 0.199052 8.73394e-4 0.02611595 0.199331 0.005928277 0.02873027 0.201164 9.10919e-4 0.02873027 0.201492 0.005924046 0.028454 0.201126 9.10259e-4 0.028454 0.201454 0.005916655 0.02817451 0.201061 0.005905926 0.02789568 0.200967 0.005891859 0.02762186 0.200843 0.005874454 0.02735787 0.20069 0.00585401 0.0271089 0.20051 0.005830526 0.02687937 0.200303 8.8298e-4 0.026335 0.199883 0.005746543 0.026335 0.1995649 0.005621314 0.02601236 0.198463 0.0105924 0.02601236 0.197641 0.01543873 0.02601236 0.196328 0.02124339 0.02873027 0.19701 0.0162819 0.02873027 0.198911 0.02122807 0.028454 0.1969749 0.0162701 0.028454 0.198875 0.02120155 0.02817451 0.196915 0.01624977 0.02817451 0.198813 0.02116316 0.02789568 0.196829 0.01622039 0.02789568 0.198723 0.02111274 0.02762186 0.1967149 0.01618158 0.02762186 0.198604 0.02105057 0.02735787 0.196574 0.01613408 0.02735787 0.198458 0.02097702 0.0271089 0.196408 0.01607763 0.0271089 0.1982859 0.02089273 0.02687937 0.196218 0.01601308 0.02687937 0.198088 0.02465385 0.02601236 0.192246 0.02014338 0.02601236 0.194525 0.02889657 0.02601236 0.1895329 0.03284025 0.02601236 0.186411 0.03844642 0.02873027 0.184745 0.03463351 0.02873027 0.188453 0.03841865 0.028454 0.18472 0.0346086 0.028454 0.188425 0.0383706 0.02817451 0.184675 0.03456532 0.02817451 0.188376 0.03830122 0.02789568 0.18461 0.0345028 0.02789568 0.188304 0.03820997 0.02762186 0.184526 0.03442049 0.02762186 0.188211 0.0380975 0.02735787 0.184421 0.03431916 0.02735787 0.188095 0.0379644 0.0271089 0.184297 0.03419923 0.0271089 0.187959 0.03781187 0.02687937 0.184156 0.03406178 0.02687937 0.187802 0.03645575 0.02601236 0.182895 0.03970193 0.02601236 0.179023 0.0425288 0.02601236 0.174863 0.04737132 0.02873027 0.17162 0.04485118 0.02873027 0.176275 0.04733717 0.028454 0.171603 0.04481869 0.028454 0.176255 0.04727798 0.02817451 0.171575 0.04476279 0.02817451 0.176221 0.04719245 0.02789568 0.171534 0.04468172 0.02789568 0.176172 0.04708003 0.02762186 0.171481 0.04457539 0.02762186 0.176107 0.04694139 0.02735787 0.171415 0.0444442 0.02735787 0.1760269 0.04677742 0.0271089 0.1713359 0.04428887 0.0271089 0.175933 0.04658949 0.02687937 0.171247 0.04411095 0.02687937 0.1758249 0.04491853 0.02601236 0.170449 0.04922968 0.02789568 0.16664 0.05083101 0.02809846 0.161579 0.0493189 0.02817451 0.166672 0.05084836 0.02817577 0.161583 0.04938066 0.028454 0.166694 0.0503109 0.02711248 0.16145 0.0503748 0.0271877 0.161466 0.04896771 0.02735787 0.166546 0.05048245 0.02736353 0.161493 0.04911231 0.02762186 0.166598 0.05063951 0.02762049 0.161531 0.0507515 0.02789986 0.161559 0.04685765 0.02601236 0.165791 0.005652666 0.02605038 0.1987389 0.005684196 0.02611595 0.199017 0.01065135 0.02605038 0.197912 0.01071095 0.02611595 0.198186 0.0155248 0.02605038 0.196591 0.01561152 0.02611595 0.196857 0.02025556 0.02605038 0.194778 0.02036875 0.02611595 0.195034 0.02479106 0.02605038 0.192486 0.02492976 0.02611595 0.19273 0.02905738 0.02605038 0.189759 0.02921986 0.02611595 0.189987 0.03302299 0.02605038 0.186619 0.03320777 0.02611595 0.18683 0.0366587 0.02605038 0.183084 0.03686368 0.02611595 0.183274 0.03992295 0.02605038 0.17919 0.04014629 0.02611595 0.179359 0.04276549 0.02605038 0.175007 0.04300475 0.02611595 0.175152 0.04516851 0.02605038 0.170568 0.04542118 0.02611595 0.170689 0.04711848 0.02605038 0.165884 0.04738193 0.02611595 0.165978 0.04858279 0.02605766 0.161023 0.0488944 0.02612739 0.1611 0.04845279 0.02602857 0.160991 0.04831492 0.02601861 0.160957 0.04764413 0.02621018 0.166072 0.04912275 0.02621966 0.1611559 0.04933315 0.0263046 0.161208 0.005715668 0.02621018 0.199293 0.0107702 0.02621018 0.198458 0.01082819 0.026335 0.198724 0.01569795 0.02621018 0.197122 0.01578259 0.026335 0.197381 0.02048152 0.02621018 0.195289 0.02059209 0.026335 0.195538 0.02506762 0.02621018 0.192971 0.02520287 0.026335 0.1932089 0.02938157 0.02621018 0.190213 0.02954006 0.026335 0.190436 0.03339141 0.02621018 0.187039 0.0335716 0.026335 0.1872439 0.03706765 0.02621018 0.183464 0.0372675 0.026335 0.18365 0.04036831 0.02621018 0.179527 0.04058605 0.026335 0.179691 0.04324275 0.02621018 0.175297 0.04347592 0.026335 0.175439 0.04567253 0.02621018 0.170809 0.04591888 0.026335 0.170927 0.04790109 0.026335 0.166164 0.04938882 0.02633917 0.161222 0.04814887 0.02648979 0.166253 0.0496428 0.02649658 0.161285 0.04975259 0.02656489 0.161312 0.005804419 0.02667206 0.200074 0.01088428 0.02648979 0.198981 0.01093739 0.02667206 0.199225 0.01586425 0.02648979 0.197631 0.01594156 0.02667206 0.197868 0.02069848 0.02648979 0.195779 0.02079933 0.02667206 0.196007 0.02533328 0.02648979 0.193437 0.0254566 0.02667206 0.193654 0.02969282 0.02648979 0.19065 0.02983742 0.02667206 0.1908529 0.03374522 0.02648979 0.187442 0.03390961 0.02667206 0.187629 0.03746032 0.02648979 0.183829 0.03764283 0.02667206 0.183999 0.0407961 0.02648979 0.17985 0.04099476 0.02667206 0.18 0.04370087 0.02648979 0.175576 0.04391366 0.02667206 0.175705 0.04615628 0.02648979 0.1710399 0.04638111 0.02667206 0.171147 0.04838335 0.02667206 0.166337 0.049883 0.02667886 0.161344 0.01100873 0.02899998 0.200345 0.00591433 0.02899998 0.201067 0.003693938 0.02899998 0.201382 9.10278e-4 0.02899998 0.20148 0.0111702 0.02899998 0.200298 0.01117086 0.02873027 0.2002969 0.01116269 0.028454 0.20026 0.01114881 0.02817451 0.200196 0.01112866 0.02789568 0.200103 0.01110213 0.02762186 0.199981 0.01106941 0.02735787 0.199831 0.01103079 0.0271089 0.199654 0.01098638 0.02687937 0.19945 0.02484375 0.02899998 0.195262 0.02119499 0.02899998 0.196902 0.01810538 0.02899998 0.198291 0.01625758 0.02899998 0.198826 0.02596569 0.02899998 0.194553 0.0260002 0.02873027 0.194607 0.0259813 0.028454 0.1945739 0.025949 0.02817451 0.194517 0.02590197 0.02789568 0.194434 0.02584028 0.02762186 0.194326 0.0257641 0.02735787 0.194193 0.02567416 0.0271089 0.1940349 0.02557092 0.02687937 0.193854 0.03045243 0.028454 0.191715 0.03041446 0.02817451 0.191662 0.03035932 0.02789568 0.191585 0.03028702 0.02762186 0.191483 0.03019779 0.02735787 0.191358 0.03009229 0.0271089 0.19121 0.02997148 0.02687937 0.1910409 0.04162395 0.02899998 0.181007 0.0383681 0.02899998 0.184676 0.03672057 0.02899998 0.186533 0.03456109 0.02899998 0.188368 0.0418576 0.02899998 0.180654 0.04186993 0.02873027 0.180662 0.04183959 0.028454 0.180639 0.0417875 0.02817451 0.180599 0.04171168 0.02789568 0.1805419 0.04161232 0.02762186 0.180467 0.04148983 0.02735787 0.180374 0.041345 0.0271089 0.180265 0.04117888 0.02687937 0.180139 0.04887723 0.02899998 0.1681759 0.04726326 0.02899998 0.171568 0.04570317 0.02899998 0.174847 0.04478657 0.02899998 0.176231 0.0493505 0.02899998 0.1666859 0.0494163 0.02873027 0.166707 0.05096298 0.02899998 0.161611 0.05094498 0.0287308 0.161607 0.0509333 0.02855515 0.161604 0.05091089 0.02845531 0.161598 0.0519039 0.02733159 0.14977 0.05197525 0.0274614 0.14977 0.05159288 0.02740705 0.155678 0.05174309 0.02767968 0.155696 0.05186283 0.02796185 0.1557109 0.04990327 0.02611982 0.155472 0.0501843 0.02621752 0.155506 0.04968655 0.02602183 0.14977 0.0490846 0.02600008 0.155372 0.04934108 0.02601271 0.155403 0.04962062 0.02605211 0.1554369 0.0507248 0.02650749 0.1555719 0.0504598 0.02634698 0.1555399 0.05195188 0.02824831 0.155721 0.05203646 0.02757292 0.14977 0.05237448 0.02859896 0.14977 0.05201053 0.02853447 0.1557289 0.0521506 0.02778077 0.14977 0.05219048 0.02789628 0.14977 0.05223745 0.02803272 0.14977 0.0523197 0.02827185 0.14977 0.04995918 0.0260511 0.14977 0.05009853 0.02608811 0.14977 0.04974609 0.02602827 0.14977 0.05074769 0.02632308 0.14977 0.05127555 0.02665269 0.14977 0.05097508 0.0266968 0.155602 0.05085647 0.02637189 0.14977 0.05106246 0.02650988 0.14977 0.0510984 0.02653408 0.14977 0.05026131 0.02613145 0.14977 0.05040717 0.02617025 0.14977 0.05054759 0.02623337 0.14977 0.05204105 0.0288164 0.155732 0.05200153 0.02908736 0.1559399 0.05163663 0.0290566 0.157932 0.05141341 0.02714949 0.155656 0.05120617 0.02691167 0.155631 0.05208271 0.02909868 0.1551949 0.05205649 0.02909195 0.155641 0.0520398 0.02909058 0.155732 0.05237758 0.0286172 0.14977 0.05239719 0.02873468 0.14977 0.05239951 0.0289036 0.14977 0.05240029 0.0289548 0.14977 0.05240345 0.02918171 0.14977 0.05233049 0.02916288 0.151005 0.0522235 0.0291351 0.152814 0.05215728 0.02911806 0.153934 0.051355 0.0267266 0.14977 0.05136305 0.02673417 0.14977 0.05162847 0.02698135 0.14977 0.05179709 0.02719575 0.14977 0.05185258 0.02726626 0.14977 0.04973888 0.02601939 0.139388 0.05238139 0.02860569 0.139387 0.05240803 0.0289638 0.139388 0.05231183 0.02825075 0.139385 0.05204463 0.02757257 0.139383 0.05219703 0.02789956 0.139384 0.05185467 0.02726686 0.139383 0.05106395 0.02650278 0.139383 0.0504322 0.02618199 0.139385 0.05074548 0.026317 0.139384 0.05009335 0.02608108 0.1393859 0.0524019 0.029208 0.139389 0.0524013 0.02921772 0.135517 0.05239266 0.02908158 0.129007 0.05239492 0.02931809 0.129012 0.05236738 0.0287289 0.129001 0.05239051 0.02886503 0.129003 0.05239218 0.02902776 0.129006 0.0523644 0.02871119 0.129001 0.05231565 0.02842307 0.128996 0.05229943 0.0283271 0.128994 0.05222743 0.02811872 0.128992 0.05201613 0.02764111 0.128987 0.05211055 0.02781629 0.128988 0.05214506 0.02788019 0.128989 0.05217868 0.02797758 0.1289899 0.05176329 0.02724903 0.128984 0.05182135 0.02732414 0.128984 0.05190086 0.02742713 0.128985 0.05195313 0.02752429 0.128986 0.05163949 0.02699935 0.139383 0.05136448 0.02673125 0.139383 0.05148422 0.0269103 0.128983 0.05157828 0.02700901 0.128983 0.05109232 0.0265783 0.128985 0.05130547 0.02675879 0.128984 0.05131518 0.02676719 0.128984 0.05100631 0.0265271 0.128986 0.0507608 0.02638053 0.128988 0.05020141 0.02613866 0.128995 0.05034911 0.02619791 0.128993 0.0504654 0.02624458 0.128992 0.05067139 0.02632725 0.128989 0.0499987 0.02609348 0.1289989 0.04956912 0.02601939 0.129006 0.04963237 0.0260235 0.129005 0.04970782 0.02602869 0.129003 0.04986447 0.02606356 0.129001 0.04868185 0.02601599 0.113606 0.04666543 0.02602028 0.102198 0.05094611 0.02873629 0.10543 0.0510782 0.02917999 0.105431 0.05185508 0.02867192 0.11337 0.05115681 0.0296235 0.105443 0.05042868 0.0294823 0.101444 0.05021333 0.03140532 0.100925 0.05035352 0.03132826 0.101589 0.05049735 0.03088831 0.101524 0.05169659 0.03040647 0.110463 0.05178189 0.03033918 0.111146 0.05199199 0.02979373 0.113411 0.05190342 0.03019952 0.112865 0.05114489 0.03084236 0.106036 0.05117309 0.03048199 0.105494 0.0511868 0.03005987 0.105464 0.05093276 0.03100997 0.104333 0.05098879 0.03096586 0.104781 0.05108273 0.03089153 0.105536 0.04965579 0.03171163 0.09828436 0.0495842 0.03132766 0.09756445 0.04951596 0.03178852 0.09762215 0.0505234 0.03043442 0.101486 0.05050241 0.02996319 0.101458 0.0496279 0.03103268 0.09752756 0.05194079 0.02905148 0.113379 0.05198538 0.02942728 0.113393 0.05029696 0.0289992 0.101445 0.05010592 0.02852356 0.101463 0.04896813 0.02827185 0.09753596 0.0489692 0.02827388 0.09753578 0.04923611 0.02877396 0.09748548 0.0494129 0.02929228 0.0974664 0.04949146 0.02952241 0.09745788 0.0495401 0.02981549 0.0974642 0.04962241 0.03031289 0.09747469 0.04962652 0.03084248 0.09751355 0.04962652 0.03084599 0.09751385 0.04789829 0.02699685 0.0977931 0.04883831 0.02690738 0.101685 0.04790961 0.02700483 0.09779 0.04829645 0.02737897 0.0976904 0.04875993 0.02635389 0.105731 0.04798877 0.02638745 0.101873 0.04916805 0.0265659 0.10566 0.04955732 0.02682709 0.105596 0.04991799 0.02713656 0.105541 0.05024182 0.02749127 0.105496 0.0495637 0.0276367 0.101544 0.05052381 0.02788233 0.105463 0.05076009 0.0283007 0.105441 0.04792582 0.02608048 0.105886 0.04751741 0.02601861 0.105967 0.04709982 0.02608793 0.102088 0.0483427 0.02619177 0.105807 0.04754388 0.02620965 0.101979 0.04652571 0.02623945 0.09818977 0.04904085 0.02606832 0.113567 0.04940629 0.02616167 0.113529 0.0497716 0.02629727 0.113493 0.05012929 0.02647465 0.11346 0.0504713 0.02669292 0.113431 0.05079007 0.02695149 0.113407 0.05107861 0.02724796 0.113389 0.05133312 0.02757567 0.113375 0.05154979 0.02792716 0.113368 0.05172497 0.02829504 0.113366 0.05089741 0.02659839 0.121228 0.05059206 0.02641016 0.121239 0.05118316 0.02682119 0.12122 0.05144363 0.02707678 0.121214 0.05027353 0.02625721 0.121252 0.04994845 0.02614027 0.121267 0.04962307 0.0260595 0.121283 0.04930269 0.02601408 0.121299 0.05236399 0.02947431 0.124259 0.05237203 0.02945291 0.124701 0.05232596 0.02930128 0.121243 0.05238562 0.02937299 0.127258 0.05225408 0.02864503 0.121223 0.05230659 0.0289765 0.121232 0.05203968 0.02798342 0.121212 0.05216598 0.02831238 0.1212159 0.05187505 0.02766382 0.12121 0.05219209 0.02982747 0.117859 0.05229276 0.02966272 0.120379 0.05194383 0.03015339 0.113434 0.05200785 0.03007996 0.114338 0.05210793 0.02996516 0.115752 0.05230695 0.02962535 0.12115 0.05230879 0.02962023 0.121255 0.05167531 0.02735966 0.121211 0.04844677 0.02752435 0.09765166 0.04865711 0.02780437 0.09760338 0.04876989 0.03074949 0.09426748 0.0485776 0.03230541 0.09446406 0.04448956 0.02627545 0.09202057 0.04603379 0.02720487 0.09147447 0.04678189 0.03169673 0.08796596 0.04782009 0.03120136 0.09109658 0.0477814 0.03059095 0.09105926 0.04675287 0.0332874 0.0890609 0.04755169 0.0328601 0.09134936 0.04770839 0.03233861 0.09124076 0.04661709 0.03290939 0.08815115 0.04779309 0.03178733 0.0911585 0.04673016 0.03232401 0.08804708 0.04627746 0.03354018 0.08786785 0.04628789 0.03353476 0.08789396 0.04644143 0.03345298 0.0882793 0.04565769 0.03223901 0.08488076 0.04565769 0.0322414 0.084881 0.0456562 0.03236448 0.08489388 0.04557281 0.03290742 0.08498698 0.04557251 0.03290957 0.08498728 0.04553157 0.0331766 0.08503305 0.04542118 0.03352242 0.0851196 0.04523915 0.03409242 0.085262 0.0467633 0.03103846 0.08791315 0.04767036 0.02996909 0.09105026 0.0466656 0.03036326 0.0878936 0.04748338 0.0293495 0.09107238 0.04648447 0.0296868 0.08791077 0.04621928 0.02902621 0.08796638 0.04688537 0.02817779 0.0912134 0.0458728 0.0283997 0.08806097 0.0455392 0.0305553 0.08477056 0.04557085 0.03079879 0.08477956 0.04513531 0.029347 0.0848425 0.04530119 0.02971243 0.08480006 0.0454005 0.03006392 0.08478778 0.04566621 0.03153043 0.08480679 0.04456853 0.02833098 0.08501058 0.04457217 0.02833646 0.08500939 0.04434871 0.02801918 0.08508378 0.04409915 0.02774405 0.08517485 0.0462659 0.02742296 0.09139919 0.0466932 0.02791088 0.09126818 0.04435247 0.0280233 0.08508247 0.04440367 0.02807962 0.08506375 0.04328984 0.02700376 0.08548498 0.043796 0.02740985 0.08528536 0.04384607 0.0274651 0.08526718 0.04384803 0.02746725 0.08526641 0.04409629 0.02774089 0.08517587 0.04210519 0.02634871 0.08598119 0.04502159 0.02651172 0.09182518 0.04210203 0.02634763 0.08598256 0.04092353 0.0260418 0.08651047 0.04121375 0.02609539 0.08637839 0.04150569 0.02614945 0.08624547 0.04150938 0.0261501 0.08624368 0.04300338 0.02680128 0.08560067 0.04311889 0.02686649 0.08555239 0.04743891 0.0275067 0.09449529 0.04781997 0.02797788 0.09439295 0.04876422 0.03129595 0.09431397 0.04870408 0.0318138 0.09437817 0.0482282 0.032498 0.09328746 0.04842615 0.03238898 0.09395396 0.04848188 0.03235822 0.09414148 0.04859316 0.02961176 0.0942403 0.04871463 0.0301842 0.09424197 0.04840248 0.02904433 0.09426456 0.04081922 0.02602249 0.08655798 0.04513359 0.02934283 0.08484286 0.0449118 0.02885395 0.08489966 0.04478037 0.0286538 0.0849421 0.04478389 0.02865928 0.08494096 0.04434365 0.02949279 0.07053017 0.04397928 0.03040939 0.07177859 0.04427278 0.02997642 0.07211047 0.04511708 0.0196017 0.07159936 0.04498493 0.02804625 0.068807 0.04493099 0.02816808 0.06895208 0.04517686 0.0277788 0.06930994 0.04719781 0.02138489 0.06800907 0.04776144 0.02025896 0.06671857 0.0478391 0.0209189 0.06599807 0.0451138 0.03246372 0.08330059 0.04516655 0.03172928 0.08331358 0.04477477 0.03173685 0.08183699 0.04461157 0.02871257 0.08433628 0.04405462 0.02811199 0.07953625 0.04403847 0.02828967 0.08015847 0.04388409 0.02794349 0.08032208 0.04327481 0.02723807 0.08428859 0.04404646 0.02843737 0.08077007 0.04407852 0.02855569 0.08137315 0.04390853 0.02820611 0.08151841 0.04055768 0.02596789 0.08544707 0.04026079 0.0259357 0.08556866 0.04191005 0.02244907 0.07710677 0.04128116 0.02314597 0.07840657 0.04074728 0.0238018 0.07967931 0.04033297 0.02440387 0.0809226 0.0400632 0.02493649 0.0821346 0.04002469 0.0257222 0.08446079 0.03995776 0.02538233 0.083314 0.04033339 0.02576678 0.08435225 0.04027312 0.02544611 0.08321875 0.04037892 0.02502363 0.08204978 0.04064226 0.02451545 0.08084338 0.04104435 0.02393627 0.07960069 0.04156148 0.02329957 0.07832425 0.0421704 0.02261728 0.07701796 0.0418381 0.02346718 0.078233 0.04133909 0.02408659 0.07951319 0.04095095 0.02464449 0.08075571 0.04069572 0.02512931 0.08195716 0.04059141 0.02552938 0.08311706 0.04064649 0.02583116 0.08423876 0.04086029 0.02601915 0.08532226 0.04267567 0.02298939 0.07681357 0.04237532 0.02384388 0.07802277 0.0421099 0.02364861 0.07813251 0.04191607 0.02443486 0.07931089 0.0416302 0.02425265 0.07941657 0.04155987 0.0249558 0.0805546 0.0412575 0.02479118 0.08065938 0.04132568 0.02539891 0.08174937 0.04101198 0.0252543 0.08185708 0.0412293 0.02575695 0.08289515 0.04091084 0.02563261 0.08300918 0.04127866 0.02602225 0.08399868 0.0409621 0.02591598 0.08412081 0.04147577 0.02618378 0.0850656 0.04116678 0.0260908 0.08519488 0.04315298 0.02340799 0.07657378 0.0428816 0.0242756 0.07777577 0.04263299 0.02405279 0.07790386 0.0424652 0.0248475 0.07907199 0.0421949 0.0246331 0.07919597 0.04214572 0.02534067 0.0803191 0.0418564 0.02513897 0.08044105 0.0419386 0.02574968 0.08151155 0.04163527 0.02556389 0.08163416 0.04185658 0.02607131 0.08265 0.04154527 0.0259028 0.08277535 0.04190719 0.02630335 0.08374369 0.0415942 0.02615106 0.08387285 0.04209429 0.02643835 0.08480346 0.04459732 0.02548116 0.07528477 0.0442484 0.02616566 0.07664579 0.04393708 0.0255751 0.0770055 0.0436123 0.02692109 0.07942515 0.04381299 0.02644538 0.07815116 0.04379498 0.02723759 0.07925486 0.04397761 0.02675509 0.0779733 0.04395622 0.02756595 0.07908028 0.04412186 0.02707391 0.0777902 0.04409468 0.02790415 0.07890278 0.04480326 0.02606827 0.07489746 0.0444839 0.02678388 0.07626408 0.0442447 0.02740025 0.07760298 0.04359298 0.02387118 0.07629865 0.04334568 0.02476036 0.07749235 0.04311972 0.02451157 0.07763856 0.04297369 0.02532392 0.0787968 0.04272556 0.02507799 0.07893878 0.04269385 0.02579987 0.08004975 0.04242557 0.02556115 0.08018845 0.04251831 0.02618449 0.08124518 0.04223376 0.02595669 0.08138179 0.0424571 0.02647745 0.08238387 0.04216146 0.02626293 0.08251929 0.04251605 0.0266804 0.08347797 0.04221528 0.02647978 0.08361178 0.04270052 0.0267896 0.08454179 0.04355818 0.02502119 0.07733786 0.04342687 0.02585929 0.0784884 0.043208 0.02558463 0.07864648 0.04318726 0.02632921 0.07975018 0.04294836 0.02605623 0.07990348 0.04304611 0.02670043 0.08095437 0.04278981 0.02643275 0.08110249 0.04301059 0.02697366 0.08210235 0.04274088 0.02671468 0.08224469 0.0430848 0.02715337 0.08320808 0.04280668 0.02690523 0.08334308 0.04299283 0.02700179 0.0844137 0.04370629 0.02760928 0.08048456 0.04371511 0.02787095 0.08166486 0.04350626 0.0272898 0.08064466 0.0434997 0.0275529 0.08181166 0.04403072 0.02835899 0.08268415 0.04425555 0.02840209 0.0838375 0.04382348 0.02802795 0.08281099 0.0440365 0.02808046 0.0839411 0.04359537 0.02771568 0.08294105 0.04379886 0.0277782 0.08405137 0.04413497 0.02864503 0.08196979 0.04434263 0.02928709 0.08109158 0.04354417 0.02749717 0.08416748 0.04441237 0.03006672 0.07607805 0.0443238 0.030712 0.0775004 0.04440796 0.03001886 0.07783555 0.04443508 0.02991312 0.08017349 0.04439818 0.029747 0.07951539 0.04442197 0.03048795 0.07921355 0.0443874 0.02954596 0.07885289 0.04539149 0.02735298 0.0696929 0.04453486 0.02949446 0.07247579 0.04371362 0.03182208 0.07507878 0.04401016 0.03128105 0.0753864 0.04396188 0.0325706 0.07844835 0.04391759 0.03199958 0.0768972 0.04366326 0.03317147 0.0782538 0.04361432 0.03257155 0.07663875 0.04348379 0.03185278 0.07397216 0.04338765 0.03230005 0.07480889 0.04332488 0.03259181 0.07535475 0.04330039 0.03270673 0.07556968 0.04388713 0.03064119 0.0720942 0.04382926 0.03078699 0.0722928 0.04364883 0.0313434 0.07316941 0.04429489 0.02916407 0.08046495 0.0442717 0.0290088 0.07983237 0.04427319 0.02882099 0.0791921 0.0442993 0.02860099 0.07854318 0.04362899 0.02614647 0.07832306 0.0434091 0.026618 0.07959049 0.0432856 0.02698642 0.08080148 0.04326421 0.02725332 0.08195775 0.04334849 0.02742379 0.08307379 0.04449778 0.03004401 0.0808286 0.04454797 0.03080809 0.08058899 0.04450166 0.03156167 0.08037579 0.04478132 0.02945697 0.08357548 0.04445374 0.02874076 0.08374148 0.04463362 0.0294637 0.08295398 0.04432171 0.02873826 0.08315116 0.04451161 0.02943718 0.08233445 0.04421561 0.02870607 0.08256179 0.04441481 0.02937799 0.08171415 0.04495418 0.02941608 0.08420246 0.04470068 0.03019887 0.08213657 0.04478561 0.0309717 0.08197045 0.04484099 0.0302217 0.08279126 0.04494607 0.0309922 0.08266466 0.04500722 0.03020691 0.08344906 0.04513347 0.03097075 0.0833624 0.04519891 0.03015387 0.0841127 0.04534679 0.03090626 0.08406579 0.04465293 0.03090989 0.08127838 0.04458636 0.03013932 0.08148247 0.04387491 0.03359276 0.07992237 0.04415476 0.03296858 0.08004057 0.04425168 0.03380733 0.08163648 0.04337769 0.0338965 0.07870477 0.04339092 0.03391402 0.07878649 0.04356056 0.03414022 0.07983487 0.04498183 0.03315508 0.08332169 0.044676 0.03247582 0.0817368 0.0440362 0.03439897 0.08191448 0.0447818 0.03379029 0.08337301 0.0444976 0.03317028 0.08167046 0.04363381 0.03423798 0.08028769 0.04364985 0.03424429 0.0803523 0.04396551 0.03437066 0.08162838 0.04328215 0.0330733 0.0764181 0.04326623 0.03339326 0.07715827 0.0433337 0.03369778 0.07809406 0.04896229 0.01816713 0.06379455 0.04841107 0.01960092 0.0648235 0.04893952 0.01789742 0.0642504 0.04833257 0.0190559 0.06552261 0.0489965 0.01857477 0.0631057 0.0484001 0.02013075 0.06411427 0.04674685 0.02330559 0.0685867 0.04671925 0.02287775 0.06897407 0.04577249 0.02542376 0.0713157 0.04575502 0.02593088 0.07090491 0.0449779 0.02785229 0.07367098 0.04668039 0.02413767 0.06780356 0.04450756 0.02874267 0.07683426 0.0444231 0.02806758 0.07722055 0.04470819 0.02805465 0.07546478 0.04463857 0.0274176 0.07586789 0.04499381 0.02726298 0.07408428 0.04493641 0.02666538 0.07449507 0.04573339 0.0249083 0.07172256 0.04563659 0.02438986 0.0721209 0.0461263 0.0234481 0.07073086 0.0490027 0.0186488 0.06298071 0.04830205 0.02063739 0.06340616 0.0489273 0.01895833 0.06241536 0.04883617 0.019333 0.06173151 0.04850023 0.02018356 0.06217259 0.04842513 0.02037358 0.06227111 0.04812073 0.02110046 0.06273078 0.04766458 0.02216887 0.06453669 0.04780519 0.02155941 0.06526577 0.04436767 0.03228759 0.08019196 0.04435133 0.0312159 0.07893186 0.04419517 0.03191518 0.07867521 0.04415768 0.03137671 0.07718557 0.04424613 0.03069335 0.0757209 0.0448929 0.02842587 0.07326126 0.04474371 0.02897578 0.07286089 0.04568403 0.02642476 0.07049447 0.0455619 0.02690047 0.07008898 0.04506129 0.02787435 0.0686022 0.04646092 0.02491915 0.06702959 0.04629802 0.02528429 0.06665331 0.04595607 0.02594679 0.06659185 0.04660356 0.02454626 0.06532526 0.0462895 0.02522569 0.06593978 0.04610639 0.02562147 0.0662977 0.0477057 0.02209109 0.06335717 0.04742485 0.02272289 0.06384265 0.04688102 0.02394616 0.06478255 0.04738438 0.01715093 0.06773507 0.04811602 0.0163514 0.06657636 0.04757827 0.01741427 0.0674507 0.04820615 0.01648378 0.06638538 0.04589533 0.01880311 0.07024985 0.0466578 0.01798856 0.06894648 0.04791146 0.01795375 0.06684619 0.04727798 0.01893448 0.06806635 0.04688626 0.01829648 0.068668 0.04709357 0.0186122 0.06837427 0.04816478 0.01850378 0.06620025 0.04849332 0.0169059 0.0657761 0.04863226 0.01710999 0.06548148 0.04871779 0.01732927 0.06513857 0.04888343 0.0177536 0.06447529 0.04757267 0.019593 0.06741255 0.0469774 0.02061688 0.06872075 0.04616487 0.0191453 0.06997907 0.0464102 0.01949959 0.06968957 0.04662877 0.01986443 0.06938236 0.04681849 0.02023768 0.06905889 0.04433923 0.02038568 0.07296627 0.04284906 0.02189898 0.07568556 0.0435779 0.02115297 0.07433229 0.0433079 0.0222842 0.07546639 0.04373735 0.02270758 0.07521408 0.04470139 0.0207681 0.07271766 0.04543167 0.0199685 0.07133847 0.04503506 0.02117377 0.07244277 0.04571956 0.0203529 0.07105517 0.04533535 0.0216006 0.0721426 0.04597729 0.02075225 0.07075035 0.04559797 0.02204525 0.07181859 0.0462014 0.02116429 0.07042568 0.0458191 0.02250409 0.07147347 0.04638952 0.02158606 0.07008326 0.04599595 0.02297306 0.07110989 0.0465396 0.02201443 0.06972539 0.04412978 0.02316659 0.07492917 0.04447758 0.02365773 0.07461339 0.0439859 0.02437531 0.07598978 0.0443229 0.02491426 0.07565045 0.04477369 0.02417546 0.07426959 0.04501318 0.02471387 0.07390159 0.04548341 0.0238747 0.07250601 0.0452767 0.02336895 0.07287317 0.0450192 0.02287817 0.07321888 0.0447154 0.02240705 0.07353985 0.04436969 0.02196031 0.07383346 0.04398852 0.02154147 0.07409775 0.04664999 0.02244615 0.06935465 0.04450178 0.0294128 0.07645136 0.04440236 0.0293107 0.0781852 0.04430788 0.03437721 0.08274817 0.04453521 0.03435909 0.0834459 0.04458177 0.03435546 0.08358848 0.04923737 0.01370292 0.06484609 0.04951596 0.01406699 0.0642482 0.04973852 0.01443451 0.0636236 0.04990118 0.01480191 0.0629782 0.05000239 0.01516568 0.06231802 0.05004262 0.01552236 0.06165021 0.0500226 0.01586836 0.06098145 0.05021876 0.01525068 0.05994117 0.04904043 0.01875203 0.06147032 0.04993873 0.0161975 0.06032168 0.04998993 0.01605182 0.0602563 -0.02782076 -0.04452246 0.05438697 -0.02784359 -0.04450809 0.05443835 -0.02793478 -0.04445093 0.05464357 -0.02797627 -0.04442489 0.05477821 -0.02801865 -0.04439812 0.05491608 -0.02805966 -0.04437226 0.0551393 -0.02807039 -0.0443654 0.05519795 -0.02439719 -0.04648685 0.05513882 -0.02440035 -0.04648512 0.05510532 -0.0244795 -0.04644346 0.0547806 -0.02448081 -0.04644268 0.0547766 -0.02449369 -0.04643607 0.0547381 -0.02462142 -0.04636836 0.05443716 -0.0246247 -0.04636669 0.05442959 -0.02479428 -0.04627627 0.05415242 -0.02481079 -0.04626739 0.05413001 -0.02481955 -0.04626268 0.05411791 -0.02503252 -0.04614776 0.05387598 -0.02504462 -0.04614108 0.0538659 -0.02527219 -0.04601699 0.05367791 -0.02530616 -0.04599827 0.05365473 -0.02531379 -0.0459941 0.05365061 -0.02557587 -0.0458489 0.05350649 -0.02561128 -0.04582899 0.05349439 -0.02585721 -0.04569077 0.05341005 -0.02589643 -0.0456686 0.05340087 -0.02592617 -0.04565155 0.05339694 -0.02618783 -0.045502 0.0533632 -0.02625 -0.0454663 0.05336195 -0.02648633 -0.04532897 0.05337929 -0.02657198 -0.0452786 0.05339789 -0.02669048 -0.0452091 0.05342322 -0.0268628 -0.04510682 0.05348277 -0.02688348 -0.04509449 0.05349344 -0.02715039 -0.04493445 0.05363339 -0.02717459 -0.04491972 0.05365157 -0.02734816 -0.04481428 0.05378228 -0.02743649 -0.04476022 0.05386668 -0.02748411 -0.04473108 0.05391228 -0.02766305 -0.04462069 0.05413031 -0.02766788 -0.04461765 0.05413609 0.02752858 -0.04470378 0.05396068 0.02766191 -0.04462122 0.05413138 0.02768641 -0.04460602 0.05416291 0.0274353 -0.04476088 0.05386829 0.02735078 -0.04481273 0.05378448 0.02717465 -0.04491961 0.05365139 0.02715319 -0.04493278 0.05363512 0.02694159 -0.0450598 0.05351728 0.0268833 -0.04509449 0.05349475 0.02671849 -0.04519253 0.05343157 0.02657181 -0.04527872 0.0533986 0.02648556 -0.04532945 0.05337923 0.02625 -0.0454663 0.05336195 0.02601468 -0.0456013 0.05337911 0.02592682 -0.04565101 0.05340009 0.02572321 -0.04576635 0.05344915 0.02561247 -0.04582816 0.05349755 0.02544838 -0.04591971 0.05356913 0.02541291 -0.04593932 0.0535888 0.02531623 -0.04599249 0.0536555 0.02515614 -0.04608052 0.05376577 0.0250476 -0.04613929 0.05386996 0.0249297 -0.04620337 0.05398339 0.02490198 -0.04621839 0.0540151 0.02481526 -0.04626482 0.05413419 0.02470976 -0.04632139 0.05427902 0.02462583 -0.04636591 0.0544402 0.02455866 -0.04640161 0.05456948 0.02454131 -0.04641079 0.05461055 0.02448648 -0.0464397 0.05477899 0.02443677 -0.04646605 0.05493146 0.02440029 -0.04648512 0.05513978 0.02437895 -0.04649639 0.05526185 0.02437466 -0.04649859 0.0553075 0.0280705 -0.0443654 0.05519902 0.02806049 -0.04437178 0.05513906 0.0280348 -0.04438799 0.05498659 0.02797573 -0.04442518 0.05477833 0.02794677 -0.04444342 0.05467617 0.02784323 -0.04450833 0.05443859 0.02782076 -0.04452246 0.05438697 0.052468 -0.001832187 0.05438697 0.05246692 -0.001859486 0.05443817 0.05246365 -0.001953125 0.05461329 0.05245739 -0.002115428 0.05513882 0.0524562 -0.002144277 0.0553559 0.05246108 -0.002017199 0.0547778 0.05246007 -0.002046108 0.05485183 0.05245757 -0.002110481 0.05510199 0.05245608 -0.002146244 0.05551195 0.05245608 -0.002147555 0.05561232 0.05245715 -0.002120018 0.05586916 0.05245727 -0.002116382 0.05588501 0.05245941 -0.002062499 0.05611896 0.05246108 -0.002016603 0.05624598 0.05246108 0.002019107 0.0547769 0.0524612 0.002014636 0.05476135 0.05246108 0.002016305 0.0562455 0.05246025 0.002042353 0.05618363 0.05245739 0.00211519 0.05588471 0.05245709 0.002122104 0.05585628 0.05245673 0.002128899 0.0558117 0.05245608 0.002147078 0.05551177 0.05245596 0.002149522 0.05547022 0.05245727 0.002116978 0.05513858 0.05245727 0.00211668 0.05513507 0.05245769 0.002108216 0.0550903 0.05246657 0.001872599 0.05445569 0.05246692 0.001861751 0.05443698 0.0524674 0.001850128 0.05441689 0.05247396 0.001652956 0.05413717 0.0524742 0.001646459 0.05413049 0.05248081 0.001417756 0.05389565 0.05248177 0.001383662 0.05386632 0.05248177 0.001381874 0.05386507 0.05248832 0.00110507 0.05366766 0.05248886 0.001073837 0.0536521 0.05249387 8.0336e-4 0.05351763 0.0524944 7.60887e-4 0.053501 0.05249476 7.34795e-4 0.05349344 0.05249816 4.32434e-4 0.05340588 0.0524984 3.72864e-4 0.05339843 0.05249989 9.8206e-5 0.05336409 0.05249989 5.2322e-5 0.05336248 0.05249989 0 0.05336195 0.05249929 -2.73232e-4 0.05337929 0.05249851 -3.72749e-4 0.05339777 0.0524975 -5.08186e-4 0.0534228 0.05249518 -7.10403e-4 0.05348265 0.05249476 -7.34489e-4 0.05349344 0.05248951 -0.001044452 0.05363261 0.05248898 -0.001073837 0.05365169 0.05248445 -0.001276016 0.0537815 0.05248177 -0.001380503 0.0538668 0.05248028 -0.001436889 0.05391258 0.0524742 -0.001646578 0.05413019 0.05247396 -0.001650929 0.0541346 -0.05023795 0.01524448 0.05901193 -0.04629898 0.0247519 0.05901193 -0.0485019 0.02009487 0.05901193 -0.04865759 0.01965981 0.05901193 -0.04133296 0.03229439 0.05901193 -0.04365009 0.02917045 0.05901193 -0.0454182 0.02622103 0.05901193 -0.04058092 0.03330808 0.05901193 -0.03712093 0.03712517 0.05901193 -0.03082257 0.04242449 0.05901193 -0.03330361 0.04058468 0.05901193 -0.03644478 0.0377379 0.05901193 -0.02916556 0.0436533 0.05901193 -0.02474659 0.04630166 0.05901193 -0.02464485 0.04634988 0.05901193 -0.02008938 0.04850417 0.05901193 -0.01793491 0.0492751 0.05901193 -0.01523888 0.05023968 0.05901193 -0.01090818 0.0513243 0.05901193 -0.01024138 0.05149132 0.05901193 0.003659605 0.05232018 0.05901193 0 0.05249989 0.05901193 -0.003659546 0.05232018 0.05901193 -0.00514549 0.0522471 0.05901193 0.00514549 0.0522471 0.05901193 0.01024138 0.05149132 0.05901193 0.01090818 0.0513243 0.05901193 0.01523888 0.05023968 0.05901193 0.01793491 0.0492751 0.05901193 0.02008938 0.04850417 0.05901193 0.02916556 0.0436533 0.05901193 0.02474659 0.04630166 0.05901193 0.02464485 0.04634988 0.05901193 0.03082257 0.04242449 0.05901193 0.03330361 0.04058468 0.05901193 0.04058092 0.03330808 0.05901193 0.03712093 0.03712517 0.05901193 0.03644478 0.0377379 0.05901193 0.0454182 0.02622103 0.05901193 0.04365009 0.02917045 0.05901193 0.04133296 0.03229439 0.05901193 0.05023795 0.01524448 0.05901193 0.04865759 0.01965981 0.05901193 0.0485019 0.02009487 0.05901193 0.04629898 0.0247519 0.05901193 -0.05022299 0.0152508 0.05993723 -0.04923737 0.01370292 0.06484609 -0.04819458 0.01648497 0.06637847 -0.04951596 0.01406699 0.0642482 -0.04847395 0.0168417 0.06587857 -0.048505 0.016905 0.06578236 -0.04871428 0.01732999 0.06513607 -0.04973852 0.01443451 0.0636236 -0.04990118 0.01480191 0.0629782 -0.04893749 0.01896131 0.06241428 -0.04892122 0.01909697 0.06217378 -0.04993516 0.01619511 0.06032425 -0.04883617 0.019333 0.06173151 -0.04899042 0.01892817 0.06154078 -0.04903966 0.01878595 0.06147748 -0.05000239 0.01516568 0.06231802 -0.0489661 0.01816838 0.06379389 -0.05004262 0.01552236 0.06165021 -0.04900723 0.01838195 0.0634427 -0.0489844 0.01857167 0.063106 -0.0500226 0.01586836 0.06098145 -0.05004578 0.0158751 0.06018173 -0.04886263 0.01763147 0.06467735 -0.04888606 0.01775288 0.06447768 -0.04709357 0.0186122 0.06837427 -0.04688626 0.01829648 0.068668 -0.04616487 0.0191453 0.06997907 -0.04589533 0.01880311 0.07024985 -0.04671925 0.02287775 0.06897407 -0.04674685 0.02330559 0.0685867 -0.04719781 0.02138489 0.06800907 -0.04474371 0.02897578 0.07286089 -0.0448929 0.02842587 0.07326126 -0.04441225 0.03006672 0.07607805 -0.0436123 0.02692109 0.07942515 -0.04379498 0.02723759 0.07925486 -0.04397761 0.02675509 0.0779733 -0.04393708 0.0255751 0.0770055 -0.0443229 0.02491426 0.07565045 -0.0439859 0.02437531 0.07598978 -0.04086029 0.02601915 0.08532226 -0.04055768 0.02596789 0.08544707 -0.04092556 0.0260514 0.08651047 -0.0428816 0.0242756 0.07777577 -0.04263299 0.02405279 0.07790386 -0.0421949 0.0246331 0.07919597 -0.04033297 0.02440387 0.0809226 -0.04064226 0.02451545 0.08084338 -0.04104435 0.02393627 0.07960069 -0.0400632 0.02493649 0.0821346 -0.04128116 0.02314597 0.07840657 -0.04074728 0.0238018 0.07967931 -0.04217022 0.02261728 0.07701796 -0.04191005 0.02244907 0.07710677 -0.04156148 0.02329957 0.07832425 -0.0418381 0.02346718 0.078233 -0.0421099 0.02364861 0.07813251 -0.04267567 0.02298939 0.07681357 -0.04237532 0.02384388 0.07802277 -0.04315298 0.02340799 0.07657378 -0.04359298 0.02387118 0.07629865 -0.04191607 0.02443486 0.07931089 -0.0416302 0.02425265 0.07941657 -0.04133909 0.02408659 0.07951319 -0.04095095 0.02464449 0.08075571 -0.0412575 0.02479118 0.08065938 -0.04155987 0.0249558 0.0805546 -0.04002469 0.0257222 0.08446079 -0.03995776 0.02538233 0.083314 -0.04026079 0.0259357 0.08556866 -0.04064261 0.02602529 0.0866419 -0.04180634 0.02623987 0.08611196 -0.04147577 0.02618378 0.0850656 -0.04150736 0.02615857 0.08624559 -0.04116678 0.0260908 0.08519488 -0.04150325 0.02615743 0.08624738 -0.04294836 0.02605623 0.07990348 -0.043208 0.02558463 0.07864648 -0.04269385 0.02579987 0.08004975 -0.04297369 0.02532392 0.0787968 -0.04242557 0.02556115 0.08018845 -0.04272556 0.02507799 0.07893878 -0.0421456 0.02534067 0.0803191 -0.0424652 0.0248475 0.07907199 -0.0418564 0.02513897 0.08044105 -0.04318726 0.02632921 0.07975018 -0.04342687 0.02585929 0.0784884 -0.04355818 0.02502119 0.07733786 -0.04334568 0.02476036 0.07749235 -0.04311972 0.02451157 0.07763856 -0.04362899 0.02614647 0.07832306 -0.04480326 0.02606827 0.07489746 -0.04459732 0.02548116 0.07528477 -0.0444839 0.02678388 0.07626408 -0.0442484 0.02616566 0.07664579 -0.0434091 0.026618 0.07959049 -0.04381299 0.02644538 0.07815116 -0.04412186 0.02707391 0.0777902 -0.04395622 0.02756595 0.07908028 -0.0442447 0.02740025 0.07760298 -0.04388409 0.02794349 0.08032208 -0.04370629 0.02760928 0.08048456 -0.04350626 0.0272898 0.08064466 -0.0432856 0.02698642 0.08080148 -0.04304611 0.02670043 0.08095437 -0.04278981 0.02643275 0.08110249 -0.04251831 0.02618449 0.08124518 -0.04223376 0.02595669 0.08138179 -0.0419386 0.02574968 0.08151155 -0.04163527 0.02556389 0.08163416 -0.04132568 0.02539891 0.08174937 -0.04101198 0.0252543 0.08185708 -0.04069572 0.02512931 0.08195716 -0.04327476 0.02723807 0.08428859 -0.04299283 0.02700179 0.0844137 -0.04347443 0.02712982 0.08540999 -0.04270052 0.0267896 0.08454179 -0.04027312 0.02544611 0.08321875 -0.04059141 0.02552938 0.08311706 -0.04091084 0.02563261 0.08300918 -0.04154527 0.0259028 0.08277535 -0.04216146 0.02626293 0.08251929 -0.0424571 0.02647745 0.08238387 -0.04274088 0.02671468 0.08224469 -0.04326415 0.02725332 0.08195775 -0.0434997 0.0275529 0.08181166 -0.04371511 0.02787095 0.08166486 -0.04390853 0.02820611 0.08151841 -0.04407852 0.02855569 0.08137315 -0.04403072 0.02835899 0.08268415 -0.04382348 0.02802795 0.08281099 -0.04359537 0.02771568 0.08294105 -0.04334849 0.02742379 0.08307379 -0.0430848 0.02715337 0.08320808 -0.04280668 0.02690523 0.08334308 -0.04251605 0.0266804 0.08347797 -0.04221528 0.02647978 0.08361178 -0.0415942 0.02615106 0.08387285 -0.04127866 0.02602225 0.08399868 -0.0409621 0.02591598 0.08412081 -0.04033339 0.02576678 0.08435225 -0.04433995 0.0280261 0.08508867 -0.0440365 0.02808046 0.0839411 -0.04379886 0.0277782 0.08405137 -0.04445374 0.02874076 0.08374148 -0.04432171 0.02873826 0.08315116 -0.04421561 0.02870607 0.08256179 -0.04413497 0.02864503 0.08196979 -0.04357409 0.0272246 0.0853722 -0.04383826 0.02747607 0.08527189 -0.04354417 0.02749717 0.08416748 -0.04384028 0.02747792 0.08527106 -0.04199755 0.0262919 0.0860266 -0.04210335 0.02634 0.0859813 -0.04178541 0.02629923 0.08493489 -0.0421065 0.02634143 0.08597987 -0.04209429 0.02643835 0.08480346 -0.04240018 0.02660167 0.08467209 -0.04575502 0.02593088 0.07090491 -0.04577249 0.02542376 0.0713157 -0.04499381 0.02726298 0.07408428 -0.04493641 0.02666538 0.07449507 -0.04470819 0.02805465 0.07546478 -0.04463857 0.0274176 0.07586789 -0.04409468 0.02790415 0.07890278 -0.0442993 0.02860099 0.07854318 -0.0444231 0.02806758 0.07722055 -0.04450756 0.02874267 0.07683426 -0.04440236 0.0293107 0.0781852 -0.04440796 0.03001886 0.07783555 -0.04450178 0.0294128 0.07645136 -0.0443238 0.030712 0.0775004 -0.04442197 0.03048795 0.07921355 -0.0443874 0.02954596 0.07885289 -0.04439818 0.029747 0.07951539 -0.04427319 0.02882099 0.0791921 -0.0442717 0.0290088 0.07983237 -0.04405462 0.02811199 0.07953625 -0.04403847 0.02828967 0.08015847 -0.04371362 0.03182208 0.07507878 -0.04333055 0.03258657 0.07535678 -0.04335415 0.03239417 0.07494968 -0.0433765 0.03230977 0.07480287 -0.04360663 0.03143751 0.07328575 -0.04364931 0.0313186 0.0731101 -0.04454797 0.03080809 0.08058899 -0.04450166 0.03156167 0.08037579 -0.04435133 0.0312159 0.07893186 -0.04419517 0.03191518 0.07867521 -0.04415768 0.03137671 0.07718557 -0.04391759 0.03199958 0.0768972 -0.04401016 0.03128105 0.0753864 -0.04427278 0.02997642 0.07211047 -0.04443508 0.02991312 0.08017349 -0.04449778 0.03004401 0.0808286 -0.04429489 0.02916407 0.08046495 -0.04434263 0.02928709 0.08109158 -0.04404646 0.02843737 0.08077007 -0.04477477 0.03173685 0.08183699 -0.04465293 0.03090989 0.08127838 -0.04478561 0.0309717 0.08197045 -0.04458636 0.03013932 0.08148247 -0.04478901 0.02865469 0.0849381 -0.04503077 0.02908062 0.08486568 -0.04495418 0.02941608 0.08420246 -0.04519891 0.03015387 0.0841127 -0.04478132 0.02945697 0.08357548 -0.04500722 0.03020691 0.08344906 -0.0446338 0.0294637 0.08295398 -0.04484099 0.0302217 0.08279126 -0.04451161 0.02943718 0.08233445 -0.04470068 0.03019887 0.08213657 -0.04441481 0.02937799 0.08171415 -0.04534679 0.03090626 0.08406579 -0.04513347 0.03097075 0.0833624 -0.04494607 0.0309922 0.08266466 -0.04513615 0.02934086 0.08484148 -0.04513776 0.02934479 0.08484119 -0.04537642 0.0299344 0.08478629 -0.04540729 0.0300616 0.08478426 -0.0455836 0.03078997 0.08477276 -0.04558426 0.03079718 0.08477318 -0.04436767 0.03228759 0.08019196 -0.04396188 0.0325706 0.07844835 -0.04361432 0.03257155 0.07663875 -0.04326921 0.0330857 0.07641297 -0.04364889 0.0342161 0.08028519 -0.0435487 0.03415489 0.07983326 -0.04387491 0.03359276 0.07992237 -0.04353588 0.0341472 0.07977628 -0.04567438 0.03175026 0.08482456 -0.04516655 0.03172928 0.08331358 -0.0456537 0.03153139 0.08481276 -0.04564756 0.03223758 0.08488547 -0.0451138 0.03246372 0.08330059 -0.044676 0.03247582 0.0817368 -0.0444976 0.03317028 0.08167046 -0.04415476 0.03296858 0.08004057 -0.04366326 0.03317147 0.0782538 -0.0434038 0.03390127 0.0787934 -0.04498183 0.03315508 0.08332169 -0.0447818 0.03379029 0.08337301 -0.04425168 0.03380733 0.08163648 -0.0456475 0.03223979 0.08488565 -0.04562389 0.03266716 0.08493906 -0.04557317 0.03290688 0.0849868 -0.04544866 0.03349483 0.0851038 -0.04543668 0.0335291 0.08511286 -0.04453849 0.03434956 0.08344268 -0.04440218 0.0343917 0.08307689 -0.0442999 0.0343877 0.0827403 -0.043962 0.03437477 0.0816276 -0.04390579 0.03437262 0.08144247 -0.04333007 0.0337643 0.07824546 -0.04332375 0.03370857 0.0780918 -0.0432614 0.03314918 0.0765472 -0.0484001 0.02013075 0.06411427 -0.04841107 0.01960092 0.0648235 -0.04833257 0.0190559 0.06552261 -0.04497778 0.02785229 0.07367098 -0.04573339 0.0249083 0.07172256 -0.04812109 0.02111279 0.06271129 -0.04813241 0.02108645 0.06269305 -0.04830205 0.02063739 0.06340616 -0.04849386 0.02018582 0.06219929 -0.0455619 0.02690047 0.07008898 -0.04568403 0.02642476 0.07049447 -0.04646092 0.02491915 0.06702959 -0.04668039 0.02413767 0.06780356 -0.04466748 0.02874708 0.06961029 -0.04493498 0.028162 0.06895995 -0.04517686 0.0277788 0.06930994 -0.04499936 0.02802127 0.06880366 -0.04424613 0.03069335 0.0757209 -0.04453486 0.02949446 0.07247579 -0.04539149 0.02735298 0.0696929 -0.04629802 0.02528429 0.06665331 -0.04738128 0.02283245 0.06389695 -0.04555255 0.02681154 0.06745916 -0.04610931 0.0256161 0.0663039 -0.04629361 0.02522045 0.06592136 -0.04644888 0.0248872 0.06559926 -0.04659759 0.02455919 0.06532758 -0.04738438 0.01715093 0.06773507 -0.04757827 0.01741427 0.0674507 -0.04791146 0.01795375 0.06684619 -0.0466578 0.01798856 0.06894648 -0.04511708 0.0196017 0.07159936 -0.04816478 0.01850378 0.06620025 -0.0464102 0.01949959 0.06968957 -0.04662877 0.01986443 0.06938236 -0.04727798 0.01893448 0.06806635 -0.04681849 0.02023768 0.06905889 -0.04757267 0.019593 0.06741255 -0.0469774 0.02061688 0.06872075 -0.04776144 0.02025896 0.06671857 -0.0478391 0.0209189 0.06599807 -0.04780519 0.02155941 0.06526577 -0.04766458 0.02216887 0.06453669 -0.04742383 0.0227335 0.06382876 -0.04543167 0.0199685 0.07133847 -0.04571956 0.0203529 0.07105517 -0.04597729 0.02075225 0.07075035 -0.0462014 0.02116429 0.07042568 -0.04433923 0.02038568 0.07296627 -0.04284906 0.02189898 0.07568556 -0.0435779 0.02115297 0.07433229 -0.04398852 0.02154147 0.07409775 -0.04563659 0.02438986 0.0721209 -0.0461263 0.0234481 0.07073086 -0.04548341 0.0238747 0.07250601 -0.04599595 0.02297306 0.07110989 -0.0452767 0.02336895 0.07287317 -0.0458191 0.02250409 0.07147347 -0.04501932 0.02287817 0.07321888 -0.04559797 0.02204525 0.07181859 -0.0447154 0.02240705 0.07353985 -0.04533535 0.0216006 0.0721426 -0.04436969 0.02196031 0.07383346 -0.04503506 0.02117377 0.07244277 -0.04470139 0.0207681 0.07271766 -0.04501318 0.02471387 0.07390159 -0.04477369 0.02417546 0.07426959 -0.04447758 0.02365773 0.07461339 -0.04412978 0.02316659 0.07492917 -0.04373747 0.02270758 0.07521408 -0.0433079 0.0222842 0.07546639 -0.04638952 0.02158606 0.07008326 -0.0465396 0.02201443 0.06972539 -0.04664999 0.02244615 0.06935465 -0.04501265 0.03420341 0.08471339 -0.04523915 0.03409242 0.085262 -0.04434347 0.02803075 0.08508747 -0.04457068 0.0283308 0.08500945 -0.04425555 0.02840209 0.0838375 -0.04457449 0.0283358 0.0850082 -0.04470849 0.02851241 0.0849623 -0.04461157 0.02871257 0.08433628 -0.04478573 0.02864885 0.08493906 -0.04389619 0.03063148 0.07209545 -0.04397463 0.03041338 0.07177346 -0.04403305 0.03025072 0.0715332 -0.04755008 0.03286051 0.09134989 -0.04694133 0.03318715 0.08956807 -0.04661709 0.03290939 0.08815115 -0.0464335 0.03345721 0.0882833 -0.04628401 0.03353679 0.08790528 -0.0462684 0.03354501 0.08786535 -0.04678189 0.03169673 0.08796596 -0.0467301 0.03232401 0.08804708 -0.04621922 0.02902621 0.08796638 -0.04648447 0.0296868 0.08791077 -0.0466656 0.03036326 0.0878936 -0.0467633 0.03103846 0.08791315 -0.0458728 0.0283997 0.08806097 -0.04770839 0.03233861 0.09124076 -0.04779309 0.03178733 0.0911585 -0.04782009 0.03120136 0.09109658 -0.0477814 0.03059095 0.09105926 -0.04767036 0.02996909 0.09105026 -0.04748338 0.0293495 0.09107238 -0.0472207 0.0287472 0.09112668 -0.04688537 0.02817779 0.0912134 -0.0462659 0.02742296 0.09139919 -0.04648619 0.02765858 0.09133028 -0.04554092 0.02682209 0.0916413 -0.04603379 0.02720487 0.09147447 -0.04448956 0.02627545 0.09202057 -0.04395866 0.0261147 0.09222209 -0.04781997 0.02797788 0.09439295 -0.04743891 0.0275067 0.09449529 -0.04838228 0.02745217 0.09766757 -0.0474525 0.02669394 0.09791755 -0.04787868 0.0269798 0.09779828 -0.04789751 0.0269975 0.0977934 -0.0459035 0.0260654 0.09838247 -0.0469954 0.02643781 0.0980494 -0.04722493 0.02654135 0.09798127 -0.04951596 0.03178852 0.09762215 -0.04859006 0.03230047 0.09445947 -0.04955935 0.03157967 0.09759187 -0.04870408 0.0318138 0.09437817 -0.04958647 0.03132861 0.09756386 -0.04849869 0.03235089 0.0941472 -0.0484572 0.0323739 0.0940057 -0.04843378 0.03238648 0.09393697 -0.04876422 0.03129595 0.09431397 -0.0496363 0.03086739 0.0975123 -0.04876989 0.03074949 0.09426748 -0.04961377 0.03033792 0.09747946 -0.04961359 0.03033417 0.09747916 -0.04871463 0.0301842 0.09424197 -0.04960542 0.0301432 0.09746736 -0.04941809 0.02929079 0.09746456 -0.04946285 0.02941429 0.09745919 -0.04859316 0.02961176 0.0942403 -0.04954147 0.02981579 0.09746366 -0.04840248 0.02904433 0.09426456 -0.04922956 0.02877008 0.09748739 -0.04884243 0.02804523 0.0975604 -0.04896736 0.02827239 0.09753626 -0.04814386 0.02849525 0.09431546 -0.04896855 0.02827459 0.09753608 -0.04920732 0.02870899 0.09749007 -0.04559785 0.02603876 0.09848159 -0.04868185 0.02601599 0.113606 -0.05094611 0.02873629 0.10543 -0.0510782 0.02917999 0.105431 -0.05042868 0.0294823 0.101444 -0.05170476 0.03040659 0.110466 -0.05199199 0.02979373 0.113411 -0.0519064 0.03020101 0.112816 -0.05195945 0.03014689 0.113433 -0.0516088 0.03050458 0.109347 -0.05119138 0.03082865 0.106104 -0.05117309 0.03048199 0.105494 -0.05111771 0.03088587 0.105531 -0.05108559 0.03091078 0.105281 -0.0509935 0.03096807 0.104761 -0.05042845 0.0313189 0.101572 -0.05049735 0.03088831 0.101524 -0.05040943 0.0313307 0.101465 -0.05031269 0.03138011 0.101049 -0.0496636 0.03171283 0.09825706 -0.0511868 0.03005987 0.105464 -0.0505234 0.03043442 0.101486 -0.05050241 0.02996319 0.101458 -0.05115681 0.0296235 0.105443 -0.05198538 0.02942728 0.113393 -0.05194079 0.02905148 0.113379 -0.05029696 0.0289992 0.101445 -0.05076009 0.0283007 0.105441 -0.05010592 0.02852356 0.101463 -0.04986006 0.02806568 0.101496 -0.05052381 0.02788233 0.105463 -0.05172497 0.02829504 0.113366 -0.05154979 0.02792716 0.113368 -0.05133312 0.02757567 0.113375 -0.05107861 0.02724796 0.113389 -0.04842388 0.02662032 0.101775 -0.0495637 0.0276367 0.101544 -0.04709982 0.02608793 0.102088 -0.04991799 0.02713656 0.105541 -0.04955732 0.02682709 0.105596 -0.04875993 0.02635389 0.105731 -0.04798877 0.02638745 0.101873 -0.0483427 0.02619177 0.105807 -0.05079007 0.02695149 0.113407 -0.0504713 0.02669292 0.113431 -0.05012935 0.02647465 0.11346 -0.0497716 0.02629727 0.113493 -0.04940629 0.02616167 0.113529 -0.04904085 0.02606832 0.113567 -0.05076158 0.02637898 0.128988 -0.0510056 0.02652812 0.128986 -0.05059206 0.02641016 0.121239 -0.05089741 0.02659839 0.121228 -0.0510441 0.02655178 0.128986 -0.05111825 0.02659696 0.128985 -0.05118316 0.02682119 0.12122 -0.05130642 0.02675753 0.128984 -0.05144363 0.02707678 0.121214 -0.05131626 0.026766 0.128984 -0.05147719 0.02690327 0.128983 -0.04994845 0.02614027 0.121267 -0.05034899 0.02619791 0.128993 -0.05027353 0.02625721 0.121252 -0.0504648 0.02624535 0.128992 -0.0507012 0.02634227 0.128989 -0.04974889 0.02603459 0.129003 -0.04986482 0.02606147 0.129001 -0.04962307 0.0260595 0.121283 -0.04999876 0.02609258 0.1289989 -0.05021452 0.02614277 0.128995 -0.04930269 0.02601408 0.121299 -0.04963219 0.02602595 0.129005 -0.04956895 0.0260213 0.129006 -0.05239778 0.0290817 0.129007 -0.05240118 0.02912288 0.1290079 -0.05232596 0.02930128 0.121243 -0.05239492 0.02931809 0.129012 -0.0523836 0.02937275 0.127258 -0.05236583 0.0294575 0.1245419 -0.0523597 0.02947217 0.12426 -0.05225408 0.02864503 0.121223 -0.05236279 0.02863228 0.1289989 -0.05236881 0.02871 0.129 -0.05230659 0.0289765 0.121232 -0.05237025 0.02872782 0.129001 -0.05239379 0.02902811 0.129006 -0.05216598 0.02831238 0.1212159 -0.05203968 0.02798342 0.121212 -0.05217492 0.02797955 0.1289899 -0.05187505 0.02766382 0.12121 -0.05167531 0.02735966 0.121211 -0.0518223 0.02732247 0.128984 -0.05195111 0.02752614 0.128986 -0.05205065 0.02768331 0.128987 -0.05210679 0.02781718 0.128988 -0.05225133 0.02816176 0.128992 -0.05229425 0.02834278 0.128995 -0.05231338 0.02842396 0.128996 -0.05229341 0.02962774 0.121256 -0.05229061 0.02963429 0.121128 -0.0522421 0.02974843 0.118925 -0.05218982 0.02982437 0.117865 -0.05201661 0.0300759 0.114353 -0.05198729 0.0301187 0.113757 -0.05155062 0.02698785 0.128984 -0.05160009 0.02704489 0.128984 -0.0517714 0.02724206 0.128984 -0.05074548 0.026317 0.139384 -0.05204463 0.02757257 0.139383 -0.05219703 0.02789956 0.139384 -0.05054855 0.02623111 0.14977 -0.05074775 0.02632248 0.14977 -0.05086046 0.02637416 0.14977 -0.05106276 0.02650946 0.14977 -0.05106395 0.02650278 0.139383 -0.05197638 0.02746087 0.14977 -0.05203789 0.02757215 0.14977 -0.05213999 0.02775698 0.14977 -0.05219036 0.02789646 0.14977 -0.04973888 0.02601939 0.139388 -0.04974639 0.02602738 0.14977 -0.04968667 0.02602118 0.14977 -0.05240243 0.02919775 0.139389 -0.05240803 0.0289638 0.139388 -0.05240309 0.02918857 0.140178 -0.05239826 0.02895486 0.14977 -0.05240345 0.02918171 0.14977 -0.0523765 0.02859878 0.14977 -0.0523799 0.02861678 0.14977 -0.052392 0.02868133 0.14977 -0.05239707 0.02890366 0.14977 -0.05223929 0.0280323 0.14977 -0.05230367 0.02821063 0.14977 -0.05231183 0.02825075 0.139385 -0.05232501 0.0283246 0.14977 -0.05238139 0.02860569 0.139387 -0.0519101 0.02734082 0.14977 -0.05185192 0.02726668 0.14977 -0.05185467 0.02726686 0.139383 -0.05179667 0.02719599 0.14977 -0.05163949 0.02699935 0.139383 -0.05162847 0.02698135 0.14977 -0.05136448 0.02673125 0.139383 -0.05126971 0.0266481 0.14977 -0.05135458 0.0267269 0.14977 -0.05136275 0.02673447 0.14977 -0.05109876 0.0265336 0.14977 -0.05044639 0.02618438 0.14977 -0.0504322 0.02618199 0.139385 -0.05026066 0.02613425 0.14977 -0.05009335 0.02608108 0.1393859 -0.050098 0.02609038 0.14977 -0.04993808 0.02604722 0.14977 -0.05195188 0.02824831 0.155721 -0.04934108 0.02601271 0.155403 -0.0490846 0.02600008 0.155372 -0.04962062 0.02605211 0.1554369 -0.0507248 0.02650749 0.1555719 -0.0504598 0.02634698 0.1555399 -0.04990327 0.02611982 0.155472 -0.0501843 0.02621752 0.155506 -0.05159288 0.02740705 0.155678 -0.05141341 0.02714949 0.155656 -0.05201053 0.02853447 0.1557289 -0.05186283 0.02796185 0.1557109 -0.05174309 0.02767968 0.155696 -0.05120617 0.02691167 0.155631 -0.05204105 0.0288164 0.155732 -0.05097508 0.0266968 0.155602 -0.05164992 0.02904999 0.158377 -0.0517587 0.02906197 0.1576049 -0.05199831 0.02908819 0.155905 -0.05202305 0.029091 0.15573 -0.05213212 0.02910298 0.154956 -0.05214238 0.02910405 0.154883 -0.052235 0.02912449 0.153531 -0.05231791 0.02914279 0.152323 -0.05237519 0.02915555 0.1514869 -0.05238741 0.02916681 0.150745 0.048909 0.03054291 0.1680949 0.05086261 0.02908468 0.161967 0.050022 0.02979457 0.164951 0.04940289 0.03021097 0.1667 -0.04939508 0.03021097 0.166697 -0.04999929 0.02980762 0.165003 -0.05086189 0.02908468 0.161967 -0.04886841 0.03056228 0.168173 -0.04881459 0.03059828 0.1683239 -0.04752993 0.03130275 0.171283 -0.04645246 0.03182435 0.173474 -0.04741233 0.03136736 0.171554 -0.04238909 0.03337472 0.179986 -0.04250979 0.03333252 0.179809 -0.04435759 0.03268635 0.1770949 -0.04472702 0.0325455 0.176504 -0.04520887 0.03234416 0.175658 -0.04567831 0.03214788 0.1748329 -0.03789621 0.0346505 0.185344 -0.0394023 0.03425061 0.183665 -0.04023152 0.03403049 0.182741 -0.04160255 0.0336138 0.18099 -0.03669977 0.0349285 0.1865119 -0.0359649 0.03509908 0.187229 -0.0353955 0.03523159 0.187785 -0.03273767 0.03577178 0.1900539 -0.03220593 0.0358662 0.19045 -0.02815169 0.03654307 0.193293 -0.02994 0.03626793 0.192138 -0.03107327 0.036067 0.191294 -0.0238645 0.03713279 0.19577 -0.02082735 0.03747427 0.1972039 -0.01934206 0.03761339 0.197788 -0.02397423 0.03712046 0.195718 -0.0248323 0.03700685 0.195241 -0.02701789 0.03671759 0.1940259 -0.01759666 0.03777682 0.198475 -0.01809996 0.03772968 0.1982769 -0.009847044 0.0382722 0.200555 -0.007501423 0.03837168 0.200973 -0.004945278 0.03843909 0.201256 -0.004055023 0.03846251 0.201355 -0.01091468 0.0382269 0.200365 -0.01100796 0.03822129 0.2003419 -0.01428699 0.03802818 0.19953 -0.01466381 0.03799957 0.19941 0.004946589 0.03844183 0.201269 0.00805509 0.03835189 0.20089 0.00984615 0.03827118 0.200552 0.004621386 0.03845137 0.201308 0.003692626 0.03846359 0.201359 0.001168489 0.03849685 0.201499 0 0.03849995 0.201512 -7.75166e-4 0.03849858 0.201506 -0.003693461 0.03846657 0.201372 0.01100647 0.03821915 0.2003329 0.01143205 0.03819996 0.2002519 0.01466679 0.03800153 0.199419 0.0193423 0.03761357 0.19779 0.01810449 0.03773236 0.198289 0.01802337 0.03774017 0.198321 0.01475185 0.03799635 0.199397 0.02121925 0.03743332 0.197033 0.02385818 0.03712993 0.195758 0.02442628 0.03706455 0.195484 0.02483701 0.037009 0.19525 0.02744555 0.03665578 0.193767 0.03107625 0.03606796 0.191298 0.03030878 0.03620636 0.1918799 0.0281552 0.03654438 0.1932989 0.03304678 0.03571259 0.189806 0.03220218 0.03586488 0.190446 0.03596866 0.0351001 0.187232 0.03554958 0.03519815 0.187645 0.0380333 0.03461647 0.185202 0.03670042 0.03492861 0.186513 0.04029977 0.034011 0.18266 0.03940296 0.03425061 0.183666 0.04568421 0.0321477 0.174836 0.0452035 0.03234285 0.175655 0.04435759 0.03268635 0.1770949 0.04251027 0.03333252 0.179809 0.0424003 0.03337109 0.179971 0.0416035 0.03361386 0.1809909 0.04645246 0.03182435 0.173474 0.04613232 0.03196567 0.174073 0.04887473 0.0305621 0.168175 0.04760557 0.0312699 0.171147 0.04753667 0.03130298 0.171286 0.05046439 0.035335 0.161885 0.05045789 0.03533369 0.161915 0.05025798 0.0336464 0.163573 0.04673135 0.03528749 0.172626 0.04635208 0.03532165 0.17334 0.04625946 0.03500676 0.173616 0.04791158 0.03232944 0.170436 0.04575192 0.03361028 0.174713 0.04319447 0.0348429 0.178795 0.0402261 0.03599923 0.182632 0.04014241 0.03603667 0.182734 0.03924328 0.03615427 0.183827 0.03923845 0.0361548 0.183833 0.03698146 0.03645622 0.186235 0.03664582 0.03650087 0.1865479 0.03165477 0.03715401 0.1908749 0.0320754 0.03709959 0.190533 0.03274309 0.03701335 0.18999 0.03439962 0.03679925 0.188643 0.03579539 0.03661388 0.187342 0.02421009 0.0380178 0.195558 0.02884775 0.03749996 0.19286 0.0285992 0.03752875 0.193013 0.0280649 0.03759038 0.193342 0.0260635 0.03782159 0.194572 0.02380746 0.03806042 0.1957719 0.02315646 0.03812938 0.1961179 0.02016633 0.03841245 0.197474 0.01487797 0.03882002 0.1993229 0.01732301 0.0386489 0.198562 0.01963239 0.03845679 0.197678 0.0193277 0.03848212 0.197795 0 0.03891557 0.20151 0.01466071 0.03883522 0.199391 0.01384568 0.03889232 0.199644 0.01067507 0.03906863 0.200406 0.009998917 0.03909707 0.200527 0.009856343 0.03910309 0.200552 0.007697999 0.03919368 0.200935 0.00502187 0.03926676 0.201239 0.004951894 0.03926879 0.201247 0.004126906 0.03929126 0.20134 8.84834e-4 0.03932929 0.201496 0 0.03933101 0.201503 0.0435093 0.03561168 0.178252 0.04346305 0.03561687 0.178327 0.04230058 0.03576046 0.1799539 0.04145079 0.03586542 0.181143 0.0402382 0.03602409 0.182618 0.04502689 0.03544366 0.1758 0.04621279 0.03533411 0.173602 0.04564708 0.03538519 0.174667 0.0451588 0.03542906 0.1755869 0.04829573 0.03520709 0.169037 0.04811209 0.03520876 0.169534 0.04827356 0.03346407 0.169471 0.0473023 0.03525495 0.171348 0.04989719 0.03188997 0.1651999 0.0491594 0.03519946 0.166701 0.04871207 0.03520333 0.1679109 0.05010658 0.03526407 0.163496 0.04989022 0.03524935 0.164228 0.04921358 0.03520309 0.166518 0.05148667 0.03407049 0.1571429 0.05104947 0.03552198 0.158653 0.05144566 0.03281736 0.158386 0.05096423 0.03548383 0.159215 0.05076342 0.03539419 0.160538 0.05132591 0.03571707 0.156231 0.0512923 0.0356785 0.15665 0.05122321 0.03559947 0.157508 0.05139851 0.03580003 0.15533 0.05144941 0.0353136 0.15589 0.05211108 0.03101867 0.1540679 0.05149042 0.03623545 0.151449 0.05146872 0.03592842 0.154058 0.052051 0.0325697 0.152508 0.05146688 0.03590065 0.154294 0.05146509 0.03587615 0.154502 0.05208355 0.03259897 0.150583 0.0520668 0.03270202 0.150608 0.05183851 0.03410112 0.150941 0.05204802 0.02945762 0.155619 0.05209493 0.0302391 0.1548449 0.05112951 0.03029131 0.16083 0.05132657 0.03155678 0.1596159 0.05049568 0.0353412 0.1617439 0.0520339 0.03269875 0.129012 0.05191379 0.03382295 0.129012 0.05149245 0.0362358 0.129012 0.05191379 0.0308004 0.114067 0.04967248 0.03299599 0.0998103 0.0438919 0.04226255 0.09252059 0.04396122 0.04222881 0.09264057 0.04582387 0.0398094 0.0945236 0.05056279 0.03751039 0.114065 0.05073285 0.03730463 0.115455 0.05099982 0.03637742 0.115776 0.05125498 0.03661245 0.121095 0.05135279 0.03645932 0.123281 0.05191379 0.03345572 0.12371 0.05146282 0.03628516 0.126905 0.05191379 0.03377223 0.127037 0.0514388 0.03632479 0.125202 0.05139082 0.03639996 0.12413 0.05112648 0.03679186 0.119503 0.05191379 0.03285139 0.120422 0.05109918 0.03682988 0.119165 0.05191379 0.03196418 0.1172 0.05099743 0.03697168 0.117906 0.05092889 0.03706759 0.117056 0.04900413 0.03903329 0.105761 0.04904752 0.03899449 0.105955 0.04967248 0.03748035 0.106761 0.04966688 0.0384413 0.10873 0.05099982 0.0334692 0.10888 0.04968279 0.03842705 0.108802 0.04980432 0.03831845 0.109346 0.05099982 0.03507333 0.112265 0.05008465 0.03802698 0.110993 0.05044889 0.03764826 0.113134 0.04688012 0.04057425 0.098993 0.04721873 0.0403431 0.0999704 0.04794239 0.03908538 0.100803 0.0479381 0.03985196 0.102047 0.04967248 0.03538936 0.103188 0.04804468 0.0397793 0.102354 0.04834038 0.03954935 0.103404 0.0458154 0.04121798 0.09644538 0.04794239 0.03647112 0.09711378 0.04644167 0.04083937 0.09794378 0.04409658 0.04216295 0.092875 0.04556149 0.04137158 0.09583747 0.04331433 0.04101222 0.08967369 0.04061722 0.04376983 0.08729737 0.04234671 0.04300868 0.08987498 0.04247003 0.04295438 0.09005868 0.04331976 0.0425409 0.0915299 0.04365009 0.04066896 0.08996945 0.04579025 0.03796458 0.09230005 0.04629898 0.0373218 0.09285396 0.04789698 0.03476274 0.09505915 0.0485019 0.03379392 0.09589397 0.05099982 0.0315774 0.105647 -0.0369504 0.04579591 0.0835154 -0.03668445 0.04594099 0.08324736 -0.03712093 0.045623 0.08347767 -0.02834415 0.04965895 0.07714706 -0.0281704 0.04972845 0.07703977 -0.02916556 0.0492286 0.07734817 0.003365695 0.05497646 0.06989389 0.005142807 0.0548579 0.07003998 0.00514549 0.05450308 0.06924688 0.009964048 0.05439496 0.07061439 0.0102396 0.05435258 0.07066786 0.01024138 0.05381715 0.06956458 0.04365009 0.03525429 0.08225029 0.04365009 0.03098332 0.07199877 -0.04365009 0.03010785 0.06839418 -0.04058092 0.03601676 0.07408326 -0.04058092 0.03731888 0.07720869 -0.0485019 0.03379392 0.09589397 -0.04629898 0.0359137 0.09114766 -0.04789698 0.03476274 0.09505915 -0.04365009 0.03719717 0.08541017 -0.04365009 0.03525429 0.08225029 -0.04058092 0.03886127 0.08022266 -0.04365009 0.03098332 0.07199877 -0.04058092 0.03496289 0.07086569 -0.04629898 0.02513039 0.06526517 -0.04365009 0.02951663 0.06473219 -0.0485019 0.02014631 0.06142228 -0.04629898 0.02479898 0.06122362 -0.04365009 0.0292136 0.06103509 -0.04058092 0.03334748 0.06085848 -0.03712093 0.03716105 0.0606957 -0.03330361 0.0406174 0.06054812 -0.02916556 0.04368335 0.06041729 -0.02474659 0.0463292 0.06030428 -0.02008938 0.0485298 0.06021028 -0.00514549 0.05226933 0.0600506 -0.01024138 0.05151408 0.06008285 -0.01523888 0.0502637 0.06013619 0 0.052522 0.06003981 0.00514549 0.05226933 0.0600506 0.01024138 0.05151408 0.06008285 0.02008938 0.0485298 0.06021028 0.01523888 0.0502637 0.06013619 0.02916556 0.04368335 0.06041729 0.02474659 0.0463292 0.06030428 0.03330361 0.0406174 0.06054812 0.03712093 0.03716105 0.0606957 0.04058092 0.03334748 0.06085848 0.0485019 0.02014631 0.06142228 0.04629898 0.02479898 0.06122362 0.04365009 0.0292136 0.06103509 0.04365009 0.02951663 0.06473219 0.04629898 0.02513039 0.06526517 0.04365009 0.03010785 0.06839418 0.04058092 0.03601676 0.07408326 0.04058092 0.03496289 0.07086569 0.04058092 0.03731888 0.07720869 0.04058092 0.03886127 0.08022266 0.04629898 0.0359137 0.09114766 0.04365009 0.03719717 0.08541017 0.04365009 0.0393809 0.0884087 0.0388267 0.0448029 0.0853067 0.03885751 0.04478508 0.08534115 0.04058092 0.04262775 0.0858438 0.04057973 0.04379147 0.08725565 0.03710496 0.045726 0.08362507 0.03712093 0.045623 0.08347767 0.03697192 0.04579722 0.08349519 0.03670209 0.04594188 0.08323156 0.03497838 0.04679805 0.08174806 0.03649169 0.04605478 0.08302599 0.03712093 0.04380548 0.0809822 0.03068858 0.04874593 0.07854038 0.0311374 0.04856383 0.07882308 0.03330361 0.04667931 0.07905638 0.03288537 0.04778289 0.08009427 0.03329116 0.04760164 0.08038938 0.03385639 0.04734915 0.08080047 0.02821445 0.04973518 0.07701426 0.02837842 0.04967546 0.07710295 0.02916556 0.0492286 0.07734817 0.02857685 0.0496031 0.0772103 0.02915579 0.04936808 0.0775749 0.02595335 0.05055999 0.07579118 0.02916556 0.04787921 0.07515329 0.02008938 0.05210775 0.07277625 0.02008295 0.05236655 0.07325279 0.02079385 0.05216628 0.07352697 0.02267408 0.05163651 0.07425218 0.02342498 0.0513941 0.07459688 0.02474659 0.05018782 0.07385557 0.024737 0.05097019 0.07519906 0.02554196 0.0507102 0.07556855 0.01681566 0.05317068 0.07218128 0.018067 0.05287122 0.07257789 0.01956057 0.05251371 0.07305127 0.01326996 0.05388599 0.07125627 0.01523172 0.0534994 0.07175439 0.01523888 0.0526815 0.07009077 0.01524382 0.05349689 0.07175749 0.01642465 0.05326426 0.07205736 0.02008938 0.05110687 0.07082039 0.012326 0.05403137 0.07107299 0.006257176 0.0547837 0.07013148 0.006729245 0.05475217 0.07017028 0.009324967 0.05446559 0.07052659 -0.00514549 0.05450308 0.06924688 -0.003137648 0.05492979 0.06994926 0 0.05473238 0.06914055 0 0.05505108 0.06980198 0.003142654 0.05498135 0.06988787 -0.006253004 0.05477005 0.07014518 -0.005723178 0.05482971 0.07007068 -0.005143642 0.05485212 0.0700435 -0.009313464 0.05442488 0.07057517 -0.01024138 0.05381715 0.06956458 -0.0102325 0.05432111 0.0707044 -0.01523125 0.05347168 0.0717923 -0.01522058 0.05347359 0.07178968 -0.01523888 0.0526815 0.07009077 -0.01231628 0.05401372 0.07109481 -0.01132851 0.05419749 0.07085835 -0.02006125 0.05233687 0.07330191 -0.01805412 0.05285733 0.07260125 -0.02008938 0.05210775 0.07277625 -0.01684248 0.05317157 0.07217836 -0.01683741 0.05317282 0.07217657 -0.02470809 0.05094629 0.07524788 -0.0234031 0.05137723 0.07463067 -0.02474659 0.05018782 0.07385557 -0.02209329 0.05180978 0.0740112 -0.02078151 0.05215007 0.07355326 -0.0271058 0.05015432 0.07638186 -0.02916556 0.04787921 0.07515329 -0.02593153 0.05054211 0.07582646 -0.03286296 0.04777801 0.0801177 -0.03184658 0.0482577 0.07931119 -0.03330361 0.04667931 0.07905638 -0.03065997 0.04873239 0.07857805 -0.02911889 0.049349 0.07762581 -0.03622955 0.04618912 0.08278906 -0.03712093 0.04380548 0.0809822 -0.03495377 0.04679119 0.08177679 -0.03325521 0.04759281 0.08042895 -0.04058057 0.04379159 0.08725488 -0.04002749 0.04411751 0.08661586 -0.04058092 0.04262775 0.0858438 -0.038809 0.04478228 0.085388 -0.03708136 0.04572445 0.08364737 -0.04061722 0.04376983 0.08729737 -0.04365009 0.0393809 0.0884087 -0.04331433 0.04101222 0.08967369 -0.04629898 0.0373218 0.09285396 -0.04579025 0.03796458 0.09230005 -0.04365009 0.04066896 0.08996945 -0.04058092 0.04063445 0.08310699 -0.03330361 0.04520428 0.07665699 -0.03712093 0.04218858 0.07835227 -0.02008938 0.05110687 0.07082039 -0.02474659 0.0491085 0.07174628 -0.02916556 0.04670548 0.07285958 -0.03330361 0.04392105 0.07414966 -0.03712093 0.04078215 0.07560396 0.01024138 0.05245095 0.06588619 0.00514549 0.05272847 0.0638287 0.00514549 0.05317795 0.06567919 0 0.05297619 0.06377869 0 0.05342096 0.06560999 -0.00514549 0.05272847 0.0638287 -0.00514549 0.05317795 0.06567919 -0.01024138 0.0519874 0.06397819 -0.01024138 0.05245095 0.06588619 -0.01523888 0.0507605 0.06422579 -0.01523888 0.05124711 0.06622898 -0.02008938 0.04905945 0.06456917 -0.02008938 0.04957795 0.06670415 -0.02474659 0.04690045 0.06500488 -0.02474659 0.04745966 0.06730735 -0.02916556 0.04430449 0.06552886 -0.02916556 0.04491251 0.06803268 -0.03330361 0.04129636 0.066136 -0.03330361 0.04196119 0.06887298 -0.03712093 0.03790521 0.06682038 -0.03712093 0.038634 0.0698204 -0.04058092 0.03416377 0.06757557 -0.04058092 0.03362417 0.06423306 -0.03712093 0.03741329 0.06377267 -0.03330361 0.04084753 0.06335538 -0.02916556 0.04389387 0.06298518 -0.02474659 0.04652279 0.06266576 -0.02008938 0.04870927 0.0624001 -0.01523888 0.05043202 0.06219077 -0.01024138 0.0516746 0.06203979 -0.00514549 0.0524249 0.06194853 0 0.0526759 0.06191813 0.00514549 0.0524249 0.06194853 0.01523888 0.05188876 0.06818795 0.01024138 0.05306208 0.06775218 0.00514549 0.05377066 0.06748896 0 0.05400753 0.06740099 -0.00514549 0.05377066 0.06748896 -0.01024138 0.05306208 0.06775218 -0.01523888 0.05188876 0.06818795 -0.02008938 0.05026185 0.06879216 -0.02474659 0.04819715 0.06955909 -0.02916556 0.04571449 0.07048118 -0.03330361 0.04283779 0.07154965 -0.03712093 0.03959482 0.07275426 0.01024138 0.0519874 0.06397819 0.01024138 0.0516746 0.06203979 0.01523888 0.0507605 0.06422579 0.01523888 0.05043202 0.06219077 0.01523888 0.05124711 0.06622898 0.02008938 0.05026185 0.06879216 0.02474659 0.0491085 0.07174628 0.02008938 0.04957795 0.06670415 0.02474659 0.04819715 0.06955909 0.02916556 0.04670548 0.07285958 0.03330361 0.04520428 0.07665699 0.02008938 0.04905945 0.06456917 0.02474659 0.04745966 0.06730735 0.02916556 0.04571449 0.07048118 0.03330361 0.04392105 0.07414966 0.03712093 0.04218858 0.07835227 0.04058092 0.04063445 0.08310699 0.03712093 0.04078215 0.07560396 0.03330361 0.04283779 0.07154965 0.03712093 0.03959482 0.07275426 0.02916556 0.04491251 0.06803268 0.03330361 0.04196119 0.06887298 0.03712093 0.038634 0.0698204 0.02474659 0.04690045 0.06500488 0.02916556 0.04430449 0.06552886 0.03330361 0.04129636 0.066136 0.03712093 0.03790521 0.06682038 0.04058092 0.03416377 0.06757557 0.02008938 0.04870927 0.0624001 0.02474659 0.04652279 0.06266576 0.02916556 0.04389387 0.06298518 0.03330361 0.04084753 0.06335538 0.03712093 0.03741329 0.06377267 0.04058092 0.03362417 0.06423306 -0.05191379 0.0308004 0.114067 -0.05203396 0.03269869 0.129012 -0.05191379 0.03382295 0.129012 -0.05191379 0.03377223 0.127037 -0.04967248 0.03299599 0.0998103 -0.04794239 0.03647112 0.09711378 -0.0439248 0.04223811 0.09261727 -0.04582387 0.0398094 0.0945236 -0.04388028 0.04226255 0.0925256 -0.04369091 0.04236572 0.09213709 -0.04331237 0.0425387 0.09154087 -0.04228097 0.04300981 0.08991688 -0.04713988 0.04037106 0.09990531 -0.04642879 0.04084116 0.09794765 -0.0461573 0.04102087 0.09719967 -0.04580247 0.04121428 0.0964713 -0.04792892 0.0398491 0.102078 -0.04794239 0.03908538 0.100803 -0.04813808 0.03971081 0.102654 -0.04967248 0.03538936 0.103188 -0.04833096 0.03955215 0.103407 -0.04896289 0.03903234 0.105872 -0.05072516 0.03731548 0.115444 -0.05063962 0.03742915 0.114529 -0.05099982 0.03507333 0.112265 -0.05056208 0.03750991 0.114066 -0.05003756 0.03805553 0.110941 -0.05099982 0.0334692 0.10888 -0.04967868 0.03842908 0.108802 -0.04967248 0.03748035 0.106761 -0.049667 0.0384413 0.108732 -0.0496121 0.0384984 0.108405 -0.05098831 0.03696572 0.118261 -0.05099982 0.03637742 0.115776 -0.05107337 0.03685283 0.119171 -0.05191379 0.03196418 0.1172 -0.05110216 0.03681463 0.119478 -0.05125719 0.03660863 0.121138 -0.05191379 0.03285139 0.120422 -0.05133002 0.03649318 0.123264 -0.05191379 0.03345572 0.12371 -0.05135989 0.03644609 0.124133 -0.05145478 0.03629577 0.1269 -0.05149245 0.0362358 0.129012 -0.05148732 0.03624415 0.127851 -0.05099982 0.0315774 0.105647 -0.05149042 0.03623545 0.151449 -0.05184108 0.03410142 0.150941 -0.05206078 0.03276479 0.150623 -0.0520668 0.03270208 0.150608 -0.05204808 0.02945816 0.155619 -0.05112969 0.03029227 0.160829 -0.05132669 0.0315575 0.159615 -0.04020476 0.03598326 0.182618 -0.02857851 0.03752738 0.1929759 -0.052051 0.03257 0.152507 -0.05148667 0.0340709 0.1571429 -0.05144941 0.03531408 0.15589 -0.05139648 0.03595167 0.154058 -0.05138438 0.03591513 0.154393 -0.05135732 0.03583329 0.155145 -0.05090409 0.03549998 0.159206 -0.05097526 0.03552997 0.158753 -0.05130255 0.03566753 0.156669 -0.05131828 0.03571546 0.156229 -0.04982948 0.03526729 0.164212 -0.0504558 0.03532445 0.161952 -0.0502581 0.03364729 0.163572 -0.05049222 0.03532785 0.161821 -0.04989749 0.0318911 0.165199 -0.04827404 0.03346568 0.1694689 -0.04869878 0.03520977 0.167877 -0.0490629 0.03519719 0.166977 -0.04915088 0.0352053 0.16666 -0.04917788 0.03520768 0.166562 -0.04633486 0.03533035 0.1732929 -0.04700028 0.03526812 0.172071 -0.04729419 0.03525805 0.171346 -0.04823839 0.03522557 0.169013 -0.04348087 0.03562098 0.178191 -0.0443139 0.03551948 0.177004 -0.04575276 0.03361237 0.174711 -0.04498302 0.03545683 0.175776 -0.04550737 0.0354079 0.174813 -0.04626011 0.0350086 0.173614 -0.0461775 0.03534501 0.173582 -0.04101192 0.03592205 0.181709 -0.04319542 0.03484535 0.178793 -0.04226267 0.03576958 0.179927 -0.03711938 0.0364378 0.186098 -0.03917753 0.03616511 0.183777 -0.04005378 0.03604888 0.182789 -0.04022616 0.03602612 0.182595 -0.03663659 0.03650152 0.186531 -0.03576719 0.03661608 0.187309 -0.0327531 0.03701347 0.190008 -0.03206515 0.03709906 0.190517 -0.03262925 0.0370298 0.190119 -0.02418589 0.0380122 0.195508 -0.02770549 0.03763467 0.193592 -0.0280624 0.03759086 0.19334 -0.02378249 0.03805541 0.195727 -0.02237367 0.03820651 0.196494 -0.01960551 0.03844559 0.1976079 -0.01930063 0.03847181 0.197731 -0.01673239 0.03869348 0.198764 -0.01486569 0.03880995 0.199275 -0.01464563 0.03882366 0.199335 -0.01087599 0.0390588 0.200365 -0.009995162 0.03909069 0.2004989 -0.009851872 0.03909581 0.2005209 -0.005023837 0.03927069 0.201257 -0.004954278 0.03927326 0.201267 -0.00492084 0.03927445 0.201272 -0.04791206 0.03233098 0.1704339 -0.05211108 0.03101897 0.1540679 -0.05209499 0.03023946 0.1548449 -0.05144566 0.0328179 0.158385 -0.05049502 0.03532809 0.1618109 -0.05050516 0.03533238 0.161746 0.04662418 0.04539579 0.151449 0.04598516 0.0459457 0.151449 0.0459426 0.0459131 0.155559 0.04446011 0.04725801 0.151449 0.04423958 0.04739373 0.151449 0.04413753 0.04741221 0.1552799 0.04803431 0.03776067 0.168565 0.0464611 0.04255795 0.16724 0.04718828 0.04240673 0.165076 0.04503995 0.04386407 0.168911 0.04994076 0.04076999 0.151449 0.04890173 0.0424928 0.151449 0.04889005 0.04226672 0.1560699 0.0484665 0.04321473 0.151449 0.04754525 0.04430526 0.151449 0.04753583 0.04418796 0.155824 0 0.04766118 0.199244 0 0.04607909 0.199975 0.005044639 0.04602885 0.199783 0 0.05030959 0.197476 0 0.04911637 0.198292 0.004989862 0.04907059 0.198104 0.03132969 0.04723328 0.186586 0.03088712 0.0484358 0.185657 0.02716368 0.04920387 0.188288 0 0.05422949 0.193031 0 0.05397588 0.193372 0.004689455 0.0539149 0.193175 0.01411741 0.0522378 0.192821 0.009511768 0.0526393 0.193913 0.009676575 0.05148506 0.1951889 0 0.05649662 0.187545 0 0.05614572 0.188648 0.004321098 0.05612099 0.188479 0 0.05692428 0.184587 0 0.05682957 0.1852419 0.004023373 0.05679988 0.185084 0.02500057 0.0541507 0.176331 0.02592337 0.0538733 0.177613 0.02686196 0.05371785 0.175078 0.02889609 0.05313479 0.1754209 0.02789658 0.05345273 0.1742579 0.0249406 0.05416452 0.176371 0.02431625 0.05430972 0.176792 0.02271413 0.05457758 0.179562 0.02188587 0.05481421 0.178175 0.02161389 0.05487078 0.17833 0.0192908 0.05522358 0.181251 0.01877057 0.05538713 0.1796849 0.01856845 0.05541849 0.179764 0.0156762 0.05578655 0.182663 0.015827 0.05584329 0.180837 0.0127725 0.05623292 0.181793 0.01190131 0.05624699 0.183782 0.01504349 0.05594319 0.181082 0.01507008 0.05593979 0.181074 0.01143068 0.0563668 0.182114 0.009649872 0.0565443 0.1825399 0.008004128 0.056589 0.184593 0.007682979 0.05668497 0.1828719 0.006469786 0.05677175 0.183076 0.005027592 0.0568338 0.183221 0 0.056957 0.183507 0.003246009 0.05691045 0.183399 0.003861129 0.05688399 0.183338 0.02670609 0.05032867 0.187213 0.02275913 0.05105733 0.1894429 0.02315038 0.04992169 0.190585 0.01855021 0.05170261 0.191321 0.01436156 0.05108773 0.194064 0.004786789 0.05288773 0.194575 0.004869759 0.05173122 0.195872 0 0.05560123 0.190361 0.004455626 0.0555396 0.190113 0.008591413 0.05588728 0.187924 0.008857011 0.05529838 0.189528 0.0127629 0.05550885 0.187008 0.01315289 0.05490803 0.188563 0.01679027 0.05500143 0.185747 0.01729553 0.05438536 0.1872349 0.0206303 0.05438458 0.184162 0.02123928 0.05375152 0.185568 0.02424919 0.05368155 0.182273 0.02494859 0.05303102 0.183585 0.02762413 0.05291962 0.180102 0.02840155 0.05225247 0.181308 0.03073358 0.05212628 0.177669 0.03157621 0.05144435 0.1787599 0.03445112 0.05063563 0.175963 0.0352863 0.04983717 0.176904 0.03223598 0.03865259 0.190284 0.02398115 0.03969752 0.195576 0.02824026 0.03918772 0.193121 0.004937708 0.05045527 0.197052 0.009811878 0.05021369 0.196353 0.009916126 0.04883569 0.197392 0.01471918 0.04845678 0.196219 0.01482921 0.04699891 0.197109 0.01949352 0.04651439 0.1954759 0.01958268 0.04500108 0.196217 0.02404958 0.044447 0.194151 0.02409821 0.04290348 0.194754 0.02832871 0.04231792 0.192284 0.0283246 0.04076737 0.192761 0.03229951 0.04018986 0.189915 0.0359407 0.03811919 0.187086 0 0.05052286 0.197271 0.009988367 0.04736381 0.198297 0.01489186 0.04546368 0.197862 0.01961123 0.0434274 0.196826 0.02407532 0.04131585 0.19523 0 0.04785519 0.199154 0.005025625 0.04759049 0.199017 0.010028 0.04581218 0.1990579 0.01490676 0.04386538 0.198474 0.01957917 0.04180747 0.197297 0.01479452 0.04053837 0.199253 0 0.04512661 0.200415 0.005047023 0.04440087 0.200396 0.01003468 0.04419559 0.199671 0.01000875 0.04252892 0.20013 0.01487421 0.04221868 0.198939 0.01948678 0.04015529 0.197627 0.005032718 0.0427221 0.20085 0.005001842 0.04100769 0.201143 0.009950339 0.04082769 0.200431 0 0.04445993 0.200597 0.04865527 0.04222559 0.158362 0.04695636 0.04424893 0.160148 0.04244196 0.04547965 0.172331 0.04438173 0.04492396 0.168434 0.04589456 0.04450339 0.164364 0.04779887 0.04229849 0.162872 0.04828941 0.0422371 0.160632 0.04686641 0.03912955 0.170521 0.04653608 0.04037433 0.170168 0.04444569 0.04076778 0.174427 0.0440725 0.04202228 0.173964 0.04160696 0.04257369 0.177926 0.04118978 0.0438227 0.177343 0.03837925 0.04449343 0.180985 0.03791999 0.04571861 0.180271 0.03479379 0.04646879 0.183573 0.03429883 0.04764848 0.1827189 0.0481767 0.04012548 0.165704 0.0474146 0.04022991 0.16796 0.05092698 0.03817105 0.1539739 0.05009233 0.04032987 0.1538749 0.05079007 0.03797 0.156486 0.04998081 0.04018205 0.156292 0.05050581 0.03782576 0.158978 0.04972696 0.04009038 0.158691 0.05008167 0.0377357 0.161439 0.04933738 0.04005211 0.161065 0.04952466 0.03769689 0.163861 0.04881888 0.04006499 0.163405 0.04884076 0.03770655 0.1662369 0.05100995 0.03812277 0.151449 0.0450254 0.03680408 0.175536 0.0449233 0.03815078 0.175216 0.0423159 0.03856253 0.179339 0.04217129 0.03993499 0.178927 0.03922367 0.0404793 0.182738 0.03903305 0.04186457 0.182223 0.03576892 0.04250621 0.185702 0.03553158 0.04388797 0.18507 0.03197228 0.04458993 0.188197 0.03169232 0.0459479 0.187434 0.02786225 0.04667043 0.190186 0.02755028 0.0479815 0.189283 0.02347779 0.04868239 0.191636 0.01887005 0.05055862 0.19252 0.04607129 0.03798663 0.173057 0.03520566 0.04521209 0.184358 0.038751 0.04320573 0.181637 0.04193472 0.04127496 0.1784549 0.04472959 0.03947478 0.174845 0.04710978 0.0378552 0.170839 0.03932738 0.0376147 0.183546 0.0145629 0.04982399 0.195201 0.01913565 0.04930561 0.193619 0.01934409 0.04795342 0.194607 0.0237382 0.04734903 0.192586 0.02392929 0.04593312 0.193427 0.02809709 0.0452817 0.1909919 0.02825284 0.04382693 0.191693 0.03216749 0.04317015 0.188868 0.03227669 0.04169952 0.189442 0.0359168 0.04107701 0.186251 0.0359742 0.03961122 0.1867139 0.03932189 0.0390594 0.18318 0.04236721 0.03716629 0.179688 0.0461201 0.04158288 0.16978 0.04361236 0.04323059 0.173458 0.04068619 0.0450139 0.1767089 0.03737688 0.04687285 0.1795 0.0337252 0.04874366 0.181804 0.0303688 0.04954725 0.184657 0.04215127 0.0486592 0.15499 0.04230499 0.04858469 0.151449 0.04021966 0.04955708 0.152606 0.04202896 0.04875469 0.151449 0.04024922 0.04954588 0.151449 0.04000717 0.04963785 0.154693 0.03998047 0.04964792 0.154955 0.0415259 0.0488938 0.158484 0.03949522 0.04983013 0.15735 0.03933233 0.04989033 0.157887 0.04047858 0.04928797 0.161885 0.03877419 0.05009645 0.159723 0.03825759 0.05028241 0.160987 0.03780698 0.05044478 0.16209 0.03903883 0.04981559 0.16516 0.0368278 0.05078601 0.163973 0.03656208 0.0508787 0.164484 0.03723067 0.05044823 0.168287 0.0350995 0.05136758 0.166774 0.03336411 0.05191928 0.169032 0.03507828 0.05115747 0.1712419 0.03464078 0.05151349 0.167371 0.03506189 0.05137956 0.166823 0.03160977 0.05238693 0.173002 0.03404158 0.05165433 0.170374 0.0329492 0.05204331 0.1694869 0.03141129 0.05250352 0.171174 0.0305534 0.0527426 0.171972 0.02924203 0.05310779 0.173193 0.0326063 0.05191445 0.174005 0 0.05658012 0.186968 0.004176557 0.05654221 0.186797 0.008306205 0.0563187 0.186274 0.01234436 0.05595648 0.18541 0.01624888 0.05546975 0.184219 0.019979 0.05487668 0.1827189 0.02350217 0.0541985 0.180929 0.02679586 0.05346125 0.178867 0.02983796 0.05269116 0.176553 0.0335555 0.05132937 0.174994 0.03700447 0.04985517 0.17294 0.03921341 0.0491324 0.169714 0.04105496 0.04849731 0.166311 0.04250591 0.04797965 0.162753 0.04354321 0.04760915 0.1590639 0.03869181 0.04816776 0.174549 0.04096388 0.0474627 0.171073 0.04284858 0.04685443 0.16741 0.0443232 0.04637378 0.163585 0.04536443 0.04605078 0.159622 0 0.05483078 0.191861 0.004578769 0.05480211 0.1916829 0.009100317 0.05455589 0.19107 0.009319126 0.05366617 0.192535 0.01351076 0.05415779 0.1900579 0.01383298 0.05326443 0.1914809 0.01775991 0.05362546 0.188668 0.01817911 0.05272799 0.190033 0.02179998 0.05298131 0.186924 0.02230787 0.05208027 0.188219 0.02559465 0.05225098 0.184852 0.02618181 0.05134737 0.186064 0.02912163 0.05146366 0.182475 0.02977883 0.05055928 0.183594 0.03235936 0.0506491 0.179817 0.03307718 0.04974645 0.1808339 0.0360555 0.0489391 0.177811 0.03675377 0.04794871 0.178678 0.03943276 0.04719305 0.175307 0.04009896 0.04613953 0.176029 0.04306775 0.04438537 0.172913 0.0456205 0.04274827 0.16936 0 0.0410636 0.201323 0 0.04226547 0.201198 0 0.04277878 0.201058 0 0.05177915 0.196063 0 0.05244719 0.195421 0 0.05293387 0.194769 0.0500378 0.0405296 0.151449 0.05088853 0.03842318 0.151449 0.04024922 0.04954588 0.129012 0.05100995 0.03812277 0.129012 0.05088841 0.03842353 0.129012 0.05003738 0.0405308 0.129012 0.04994076 0.04076999 0.129012 0.0489012 0.04249376 0.129012 0.0484665 0.04321473 0.129012 0.04754537 0.0443052 0.129012 0.04662418 0.04539579 0.129012 0.04598546 0.0459454 0.129012 0.04446011 0.04725801 0.129012 0.04423916 0.04739403 0.129012 0.04230475 0.04858493 0.129012 0.04202896 0.04875469 0.129012 0.03726959 0.05063402 0.105207 0.03777879 0.0504539 0.106919 0.03959679 0.04968839 0.106409 0.04164099 0.044604 0.0905463 0.04591161 0.04603749 0.124372 0.04223239 0.04863739 0.124496 0.0419746 0.04874575 0.119971 0.04149395 0.04894328 0.1154389 0.0395202 0.04982078 0.1156769 0.03987073 0.04968935 0.118972 0.03993928 0.04966348 0.120112 0.04016029 0.04957973 0.1245599 0.04013735 0.0495885 0.123412 0.04415261 0.04745167 0.124433 0.04386395 0.04759269 0.119833 0.04333448 0.04784119 0.115207 0.04072767 0.0492509 0.110908 0.04250377 0.04821383 0.110557 0.04564052 0.045556 0.109886 0.04656022 0.04502063 0.114766 0.04695683 0.04396796 0.109576 0.04789656 0.04333949 0.114563 0.04807972 0.04223275 0.109289 0.04902058 0.04150688 0.114377 0.04899609 0.0403757 0.109029 0.04991888 0.03955131 0.1142089 0.04748129 0.04441648 0.1243129 0.04883402 0.042611 0.124259 0.04715389 0.04464221 0.119572 0.04850125 0.04288583 0.119453 0.04962068 0.04097431 0.119343 0.04994803 0.04064762 0.12421 0.05049788 0.03893893 0.119246 0.05080878 0.03855997 0.124166 0.04228967 0.0454393 0.09378075 0.03906786 0.04673886 0.08887737 0.03811883 0.04807358 0.08975255 0.0412575 0.04685527 0.09449619 0.03988558 0.04529231 0.08806645 0.03944629 0.04620665 0.08852839 0.04317367 0.04390203 0.09311819 0.0476346 0.04139119 0.103734 0.04572397 0.04257637 0.09839677 0.0400874 0.04813307 0.09525686 0.04372739 0.04573506 0.09946477 0.04480886 0.04421579 0.0989089 0.03317308 0.05182838 0.09370148 0.03174865 0.05240529 0.09474235 0.03225368 0.05225622 0.09541016 0.03589016 0.0510137 0.09772396 0.0337181 0.05180925 0.09757751 0.034289 0.05162668 0.09859246 0.03464102 0.05151402 0.0992183 0.03513509 0.05135589 0.100097 0.03628402 0.05097323 0.102582 0.03800958 0.0502749 0.101992 0.03738802 0.05022275 0.09687995 0.03401362 0.05148798 0.09308725 0.03879237 0.04925888 0.09605455 0.03454571 0.05113893 0.09267288 0.03609263 0.0501247 0.09146845 0.035847 0.05028563 0.09165966 0.03792273 0.04834938 0.08993339 0.03701776 0.04922723 0.09069246 0.0363143 0.0509628 0.102663 0.0381121 0.050336 0.10804 0.03882163 0.05007898 0.111156 0.03883939 0.05007249 0.111265 0.0394501 0.049847 0.115018 0.03961431 0.04939669 0.101329 0.04129421 0.04872715 0.105912 0.04111415 0.04833912 0.100682 0.04287379 0.04757726 0.105428 0.04249101 0.04711455 0.100058 0.04559928 0.04621803 0.119699 0.04503142 0.0465275 0.114981 0.04414886 0.04697686 0.110214 0.04431563 0.0462526 0.104963 0.04559993 0.04476749 0.104521 0.04671025 0.04313969 0.10411 0.0363056 0.047163 0.08430618 0.0336315 0.05058091 0.08714008 0.01173412 0.05507379 0.072999 0.02033948 0.05292081 0.0744608 0.02292025 0.05222237 0.07553148 0.01766449 0.05355465 0.07351398 0.008871674 0.05541497 0.07245087 0.005950689 0.0556668 0.07205009 0.01722395 0.05415099 0.07450777 0.01452159 0.05465 0.07368689 0.01371401 0.05550909 0.07574635 0.0110796 0.05584293 0.07504236 0 0.05585986 0.07172727 0.002987921 0.05582273 0.0718041 0.01754379 0.05540549 0.07971709 0.01523178 0.05575919 0.07873839 0.01504331 0.05594211 0.08138066 0.008199453 0.05665916 0.07890748 0.01037722 0.0563355 0.07715409 0.00530225 0.05683255 0.0783053 0.005262732 0.05670547 0.0761373 0.005028009 0.05684202 0.07827198 0.002820312 0.056432 0.07380867 0.002642393 0.05680269 0.07586985 0.00561738 0.05630958 0.07406419 0.0111038 0.05641019 0.07976496 0.0139122 0.05609732 0.08084249 0.01412642 0.056068 0.08094435 0.03255558 0.05145937 0.08817619 0.02888089 0.05259191 0.08500456 0.02982938 0.05186188 0.08393186 0.02484816 0.05366683 0.08216971 0.02565956 0.05307471 0.08108097 0.02344083 0.05364197 0.07979786 0.02046996 0.05464369 0.0797016 0.02113497 0.05417543 0.07861536 0.01874387 0.05466878 0.07754069 0.03140228 0.05219185 0.08924275 0.0296362 0.05300158 0.09221529 0.03018337 0.0527727 0.0903297 0.02681696 0.05366045 0.08722186 0.02787387 0.05319279 0.08610427 0.0231046 0.05451077 0.0844087 0.02399456 0.0541464 0.08328145 0.01905715 0.05528867 0.08192527 0.0197761 0.05501538 0.08080708 0.0249418 0.05416923 0.08768707 0.02570062 0.05398905 0.08836799 0.02734637 0.0535981 0.08984428 0.02889156 0.05319553 0.09144425 0.03817105 0.04624456 0.08612835 0.0373578 0.04759645 0.08698529 0.03433322 0.04807198 0.08258146 0.03462058 0.04956489 0.08614397 0.03551465 0.04842203 0.08519637 0.03152287 0.05004 0.08190047 0.03225529 0.04896396 0.08095747 0.0300734 0.04983228 0.07943725 0.02778917 0.05066955 0.07802408 0.02540415 0.05146878 0.07672089 0.02713489 0.05157059 0.0790013 0.009629189 0.05653667 0.0793296 0.01284223 0.05607098 0.07788079 0.01626968 0.05511558 0.07658177 0.01930588 0.05416893 0.07648408 0.01983869 0.05358529 0.07545566 0.02176713 0.0536133 0.0775544 0.02236348 0.05296105 0.07652449 0.02414029 0.05301249 0.078736 0.02479612 0.0522868 0.07770818 0.02642339 0.05237406 0.08002257 0.03071212 0.0510087 0.08289456 0 0.05597877 0.07201039 0 0.05641639 0.07373595 0 0.05671131 0.07489907 0 0.05678457 0.07578235 0 0.056957 0.07786309 0.002438127 0.05693078 0.07795798 0.002456605 0.05693018 0.07796025 0.004889667 0.05684673 0.07825529 0.01681149 0.0556994 0.0822221 0.0183047 0.05545693 0.08307117 0.01942265 0.05527538 0.08370685 0.02222216 0.0547505 0.08557039 0.0248689 0.05418658 0.08762168 -0.002987921 0.05582273 0.0718041 -0.02778917 0.05066955 0.07802408 -0.0300734 0.04983228 0.07943725 -0.03071212 0.0510087 0.08289456 -0.03152292 0.05004 0.08190047 -0.03551465 0.04842203 0.08519637 -0.03817105 0.04624456 0.08612835 -0.03988611 0.04529285 0.08806616 -0.02344083 0.05364197 0.07979786 -0.02565956 0.05307471 0.08108097 -0.02484816 0.05366683 0.08216971 -0.01452159 0.05465 0.07368689 -0.005950689 0.0556668 0.07205009 -0.02292025 0.05222237 0.07553148 -0.02033948 0.05292081 0.0744608 -0.01766449 0.05355465 0.07351398 -0.008871674 0.05541497 0.07245087 -0.01173412 0.05507379 0.072999 -0.01626968 0.05511558 0.07658177 -0.01371401 0.05550909 0.07574635 -0.0110796 0.05584293 0.07504236 -0.02046996 0.05464369 0.0797016 -0.0197761 0.05501538 0.08080708 -0.01754379 0.05540549 0.07971709 -0.01905715 0.05528867 0.08192527 -0.01881223 0.0553801 0.08333867 -0.01830935 0.05545878 0.08306396 -0.01611512 0.05580198 0.08186531 -0.01504349 0.05594307 0.0813772 -0.01523178 0.05575919 0.07873839 -0.005367696 0.05682957 0.07831609 -0.005262732 0.05670547 0.0761373 -0.008025884 0.05667161 0.07886439 -0.01037722 0.0563355 0.07715409 -0.005028009 0.05684155 0.07827335 -0.004889488 0.05684649 0.07825595 -0.002642393 0.05680269 0.07586985 -0.002672076 0.05692541 0.077977 -0.002456307 0.05692803 0.07796776 -0.02113497 0.05417543 0.07861536 -0.01874387 0.05466878 0.07754069 -0.01284223 0.05607098 0.07788079 -0.00561738 0.05630958 0.07406419 -0.002820312 0.056432 0.07380867 -0.01412051 0.0560646 0.08095675 -0.01337069 0.05616325 0.08061516 -0.01071858 0.0564475 0.07963639 -0.009630978 0.0565381 0.0793246 -0.0370171 0.04922616 0.09069269 -0.03609216 0.05012506 0.09146881 -0.0336315 0.05058091 0.08714008 -0.03255558 0.05145937 0.08817619 -0.02982938 0.05186188 0.08393186 -0.03401297 0.05148828 0.09308779 -0.03317326 0.05182838 0.09370136 -0.03018337 0.0527727 0.0903297 -0.03584718 0.05028551 0.09165948 -0.03140228 0.05219185 0.08924275 -0.03454589 0.05113869 0.09267276 -0.03174865 0.05240529 0.09474235 -0.03091561 0.05264568 0.09370166 -0.02642387 0.05382412 0.088979 -0.02570325 0.05398899 0.08836597 -0.02681696 0.05366045 0.08722186 -0.02494037 0.05416333 0.08771699 -0.0231046 0.05451077 0.0844087 -0.02399456 0.0541464 0.08328145 -0.02787387 0.05319279 0.08610427 -0.02888077 0.05259191 0.08500456 -0.02890413 0.05319625 0.09143179 -0.02873861 0.05324155 0.09124499 -0.0373578 0.04759645 0.08698529 -0.03945297 0.0461952 0.08852177 -0.0363056 0.047163 0.08430618 -0.03433322 0.04807198 0.08258146 -0.03225529 0.04896396 0.08095747 -0.03462058 0.04956489 0.08614397 -0.03793907 0.04833018 0.08991909 -0.03812009 0.04807496 0.08975195 -0.03906762 0.0467388 0.08887749 -0.02540427 0.05146878 0.07672089 -0.01722395 0.05415099 0.07450777 -0.01983869 0.05358529 0.07545566 -0.01930588 0.05416893 0.07648408 -0.02236348 0.05296105 0.07652449 -0.02176713 0.0536133 0.0775544 -0.02479612 0.0522868 0.07770818 -0.02414029 0.05301249 0.078736 -0.02713489 0.05157059 0.0790013 -0.02642339 0.05237406 0.08002257 -0.02395308 0.05438911 0.0868771 -0.02217018 0.05475413 0.08556228 -0.02136236 0.05491948 0.08496659 -0.037014 0.05072289 0.104469 -0.03629612 0.05096799 0.102671 -0.03800958 0.0502749 0.101992 -0.03333908 0.05192697 0.09697985 -0.0476346 0.04139119 0.103734 -0.04899609 0.0403757 0.109029 -0.04807972 0.04223275 0.109289 -0.04446011 0.04725801 0.129012 -0.04423928 0.04739403 0.129012 -0.04415261 0.04745167 0.124433 -0.04002869 0.04962962 0.121214 -0.03993946 0.04966336 0.120112 -0.0419746 0.04874575 0.119971 -0.04149395 0.04894328 0.1154389 -0.03969395 0.04975587 0.117079 -0.03951209 0.0498237 0.115678 -0.04072767 0.0492509 0.110908 -0.0392161 0.04993391 0.113398 -0.03882378 0.05007779 0.1112689 -0.04223239 0.04863739 0.124496 -0.04230475 0.04858493 0.129012 -0.04202896 0.04875469 0.129012 -0.04015451 0.04958182 0.124561 -0.04022639 0.04955452 0.126474 -0.04024922 0.04954588 0.129012 -0.04598546 0.0459454 0.129012 -0.04591155 0.04603749 0.124372 -0.04559928 0.04621803 0.119699 -0.04386395 0.04759269 0.119833 -0.04503142 0.0465275 0.114981 -0.04333448 0.04784119 0.115207 -0.04414886 0.04697686 0.110214 -0.04250377 0.04821383 0.110557 -0.04564052 0.045556 0.109886 -0.04656022 0.04502063 0.114766 -0.04715389 0.04464221 0.119572 -0.04991888 0.03955131 0.1142089 -0.04902058 0.04150688 0.114377 -0.05049788 0.03893893 0.119246 -0.04962068 0.04097431 0.119343 -0.04994803 0.04064762 0.12421 -0.05080878 0.03855997 0.124166 -0.05088841 0.03842353 0.129012 -0.05003738 0.0405308 0.129012 -0.04994076 0.04076999 0.129012 -0.04883402 0.042611 0.124259 -0.0400874 0.04813307 0.09525686 -0.04228967 0.0454393 0.09378075 -0.04164099 0.044604 0.0905463 -0.04317367 0.04390203 0.09311819 -0.04572397 0.04257637 0.09839677 -0.04671025 0.04313969 0.10411 -0.04695683 0.04396796 0.109576 -0.04789656 0.04333949 0.114563 -0.04850125 0.04288583 0.119453 -0.04480886 0.04421579 0.0989089 -0.04559993 0.04476749 0.104521 -0.03596431 0.05108118 0.10184 -0.03474265 0.05148357 0.09934806 -0.03589016 0.0510137 0.09772396 -0.0346415 0.05151551 0.09917747 -0.03429359 0.05162549 0.09859037 -0.03738802 0.05022275 0.09687995 -0.03879237 0.04925888 0.09605455 -0.03779006 0.0504502 0.1069149 -0.03863567 0.05014693 0.110248 -0.03791111 0.0504077 0.107297 -0.03959679 0.04968839 0.106409 -0.04129421 0.04872715 0.105912 -0.03961431 0.04939669 0.101329 -0.04287379 0.04757726 0.105428 -0.04111415 0.04833912 0.100682 -0.04431563 0.0462526 0.104963 -0.04249101 0.04711455 0.100058 -0.04372739 0.04573506 0.09946477 -0.0412575 0.04685527 0.09449619 -0.05100995 0.03812277 0.129012 -0.0489012 0.04249376 0.129012 -0.0484665 0.04321473 0.129012 -0.04748129 0.04441648 0.1243129 -0.04754537 0.0443052 0.129012 -0.04662418 0.04539579 0.129012 -0.04024922 0.04954588 0.151449 -0.05139899 0.03667688 0.151449 -0.04292899 0.04826158 0.151449 -0.04229766 0.04856413 0.151449 -0.042005 0.0487045 0.151449 -0.04536849 0.04654818 0.151449 -0.04442638 0.04720979 0.151449 -0.04421389 0.0473591 0.151449 -0.04748666 0.04446095 0.151449 -0.04658162 0.04535263 0.151449 -0.04598039 0.04594522 0.151449 -0.04891157 0.04249507 0.151449 -0.04841619 0.04317843 0.151449 -0.04757839 0.04433447 0.151449 -0.05095672 0.03810638 0.151449 -0.05086076 0.03841656 0.151449 -0.05056339 0.03937768 0.151449 -0.05000108 0.04050976 0.151449 -0.04988545 0.04074239 0.151449 -0.04923987 0.04204213 0.151449 -0.0359407 0.03811919 0.187086 -0.04096388 0.0474627 0.171073 -0.03869181 0.04816776 0.174549 -0.03700447 0.04985517 0.17294 -0.0443232 0.04637378 0.163585 -0.04536443 0.04605078 0.159622 -0.04695636 0.04424893 0.160148 -0.03926688 0.04991519 0.1581929 -0.0393399 0.04988783 0.15789 -0.0415259 0.0488938 0.158484 -0.04413753 0.04741221 0.1552799 -0.04215127 0.0486592 0.15499 -0.04710978 0.0378552 0.170839 -0.0450254 0.03680408 0.175536 -0.0449233 0.03815078 0.175216 -0.04607129 0.03798663 0.173057 -0.009950339 0.04082769 0.200431 -0.004786789 0.05288773 0.194575 -0.004578769 0.05480211 0.1916829 -0.004176557 0.05654221 0.186797 -0.006148397 0.05678963 0.183118 -0.0076828 0.05668413 0.18287 -0.008004128 0.056589 0.184593 -0.00935477 0.05656909 0.182599 -0.01143133 0.05636733 0.182116 -0.01190131 0.05624699 0.183782 -0.01504373 0.0559448 0.181087 -0.01507169 0.0559414 0.181079 -0.0156762 0.05578655 0.182663 -0.02499908 0.05415028 0.176329 -0.02668565 0.05376082 0.175206 -0.02889609 0.05313479 0.1754209 -0.02188307 0.0548132 0.178171 -0.02414768 0.05434674 0.176896 -0.02592337 0.0538733 0.177613 -0.02494049 0.05416375 0.1763679 -0.01856607 0.05542147 0.179773 -0.02142989 0.05490642 0.178426 -0.02271413 0.05457758 0.179562 -0.01250106 0.05626338 0.181867 -0.005027711 0.05683463 0.183223 -0.003860652 0.05688142 0.183332 -0.004023373 0.05679988 0.185084 -0.002910315 0.05691957 0.183421 -0.0360555 0.0489391 0.177811 -0.0337252 0.04874366 0.181804 -0.03307718 0.04974645 0.1808339 -0.02977883 0.05055928 0.183594 -0.02912163 0.05146366 0.182475 -0.02559465 0.05225098 0.184852 -0.02494859 0.05303102 0.183585 -0.02123928 0.05375152 0.185568 -0.0206303 0.05438458 0.184162 -0.01679027 0.05500143 0.185747 -0.01624888 0.05546975 0.184219 -0.01234436 0.05595648 0.18541 -0.03429883 0.04764848 0.1827189 -0.03088712 0.0484358 0.185657 -0.0303688 0.04954725 0.184657 -0.02670609 0.05032867 0.187213 -0.02618181 0.05134737 0.186064 -0.02230787 0.05208027 0.188219 -0.02179998 0.05298131 0.186924 -0.01775979 0.05362546 0.188668 -0.01729553 0.05438536 0.1872349 -0.01315289 0.05490803 0.188563 -0.0127629 0.05550885 0.187008 -0.008591413 0.05588728 0.187924 -0.008306205 0.0563187 0.186274 -0.02716368 0.04920387 0.188288 -0.02275913 0.05105733 0.1894429 -0.01817911 0.05272799 0.190033 -0.01351076 0.05415779 0.1900579 -0.008857011 0.05529838 0.189528 -0.004321098 0.05612099 0.188479 -0.02315038 0.04992169 0.190585 -0.01887005 0.05055862 0.19252 -0.01855021 0.05170261 0.191321 -0.01411741 0.0522378 0.192821 -0.01383298 0.05326443 0.1914809 -0.009319126 0.05366617 0.192535 -0.009100317 0.05455589 0.19107 -0.004455626 0.0555396 0.190113 -0.01436156 0.05108773 0.194064 -0.009676575 0.05148506 0.1951889 -0.009511768 0.0526393 0.193913 -0.004689455 0.0539149 0.193175 -0.03223598 0.03865259 0.190284 -0.02824026 0.03918772 0.193121 -0.02398115 0.03969752 0.195576 -0.009916126 0.04883569 0.197392 -0.009811878 0.05021369 0.196353 -0.0145629 0.04982399 0.195201 -0.004989743 0.04907059 0.198104 -0.005025625 0.04759049 0.199017 -0.010028 0.04581218 0.1990579 -0.009988367 0.04736381 0.198297 -0.01482921 0.04699891 0.197109 -0.01948678 0.04015529 0.197627 -0.01479452 0.04053837 0.199253 -0.01000875 0.04252892 0.20013 -0.01003468 0.04419559 0.199671 -0.01490676 0.04386538 0.198474 -0.005047023 0.04440087 0.200396 -0.005044639 0.04602885 0.199783 -0.04889005 0.04226672 0.1560699 -0.04753583 0.04418796 0.155824 -0.04828941 0.0422371 0.160632 -0.04779887 0.04229849 0.162872 -0.04589456 0.04450339 0.164364 -0.04998081 0.04018205 0.156292 -0.04881888 0.04006499 0.163405 -0.04933738 0.04005211 0.161065 -0.04972696 0.04009038 0.158691 -0.04009896 0.04613953 0.176029 -0.04068619 0.0450139 0.1767089 -0.03791999 0.04571861 0.180271 -0.03737688 0.04687285 0.1795 -0.03479379 0.04646879 0.183573 -0.03132969 0.04723328 0.186586 -0.02755028 0.0479815 0.189283 -0.02347779 0.04868239 0.191636 -0.01913565 0.04930561 0.193619 -0.04118978 0.0438227 0.177343 -0.04160696 0.04257369 0.177926 -0.038751 0.04320573 0.181637 -0.03837925 0.04449343 0.180985 -0.03553158 0.04388797 0.18507 -0.03520566 0.04521209 0.184358 -0.03197228 0.04458993 0.188197 -0.03169232 0.0459479 0.187434 -0.02809709 0.0452817 0.1909919 -0.02786225 0.04667043 0.190186 -0.02392929 0.04593312 0.193427 -0.0237382 0.04734903 0.192586 -0.01949352 0.04651439 0.1954759 -0.01934409 0.04795342 0.194607 -0.01471918 0.04845678 0.196219 -0.0474146 0.04022991 0.16796 -0.0461201 0.04158288 0.16978 -0.0464611 0.04255795 0.16724 -0.0456205 0.04274827 0.16936 -0.04503995 0.04386407 0.168911 -0.05009233 0.04032987 0.1538749 -0.05092698 0.03817105 0.1539739 -0.04952466 0.03769689 0.163861 -0.05008167 0.0377357 0.161439 -0.05050581 0.03782576 0.158978 -0.05079007 0.03797 0.156486 -0.04884076 0.03770655 0.1662369 -0.04718828 0.04240673 0.165076 -0.0481767 0.04012548 0.165704 -0.04803431 0.03776067 0.168565 -0.04686641 0.03912955 0.170521 -0.04653608 0.04037433 0.170168 -0.04193472 0.04127496 0.1784549 -0.04217129 0.03993499 0.178927 -0.03922367 0.0404793 0.182738 -0.03903305 0.04186457 0.182223 -0.0359168 0.04107701 0.186251 -0.0357691 0.04250621 0.185702 -0.03227669 0.04169952 0.189442 -0.03216749 0.04317015 0.188868 -0.02832871 0.04231792 0.192284 -0.02825284 0.04382693 0.191693 -0.02409821 0.04290348 0.194754 -0.02404958 0.044447 0.194151 -0.01961123 0.0434274 0.196826 -0.01958268 0.04500108 0.196217 -0.01489186 0.04546368 0.197862 -0.04472959 0.03947478 0.174845 -0.0423159 0.03856253 0.179339 -0.03932738 0.0376147 0.183546 -0.03932189 0.0390594 0.18318 -0.0359742 0.03961122 0.1867139 -0.03229951 0.04018986 0.189915 -0.0283246 0.04076737 0.192761 -0.02407532 0.04131585 0.19523 -0.01957917 0.04180747 0.197297 -0.01487421 0.04221868 0.198939 -0.04236721 0.03716629 0.179688 -0.0401389 0.0495879 0.153688 -0.03999292 0.04964303 0.15469 -0.0398128 0.04971122 0.155928 -0.03850823 0.05019319 0.160439 -0.04047858 0.04928797 0.161885 -0.038266 0.05027973 0.160991 -0.0375005 0.05055308 0.162732 -0.03903883 0.04981559 0.16516 -0.03682249 0.05078727 0.163969 -0.0459426 0.0459131 0.155559 -0.04354321 0.04760915 0.1590639 -0.04250591 0.04797965 0.162753 -0.04105496 0.04849731 0.166311 -0.04865527 0.04222559 0.158362 -0.03723067 0.05044823 0.168287 -0.0346412 0.05151486 0.167392 -0.03481888 0.05145889 0.167167 -0.035052 0.05138158 0.1668159 -0.0362721 0.05097723 0.164974 -0.03160977 0.05238693 0.173002 -0.0311954 0.05256575 0.1713899 -0.03404158 0.05165433 0.170374 -0.03295809 0.0520426 0.169495 -0.03310519 0.05199897 0.169337 -0.027897 0.05345267 0.1742579 -0.0290414 0.0531615 0.173364 -0.03055644 0.05274248 0.171975 -0.02983796 0.05269116 0.176553 -0.0326063 0.05191445 0.174005 -0.03507828 0.05115747 0.1712419 -0.02679586 0.05346125 0.178867 -0.03073358 0.05212628 0.177669 -0.0335555 0.05132937 0.174994 -0.03921341 0.0491324 0.169714 -0.04284858 0.04685443 0.16741 -0.04438173 0.04492396 0.168434 -0.01559418 0.05587583 0.180918 -0.01929068 0.05522358 0.181251 -0.019979 0.05487668 0.1827189 -0.02350217 0.0541985 0.180929 -0.02424919 0.05368155 0.182273 -0.02762413 0.05291962 0.180102 -0.02840155 0.05225247 0.181308 -0.03157621 0.05144435 0.1787599 -0.03235936 0.0506491 0.179817 -0.03445112 0.05063563 0.175963 -0.0352863 0.04983717 0.176904 -0.04444569 0.04076778 0.174427 -0.0440725 0.04202228 0.173964 -0.04361236 0.04323059 0.173458 -0.04306775 0.04438537 0.172913 -0.04244196 0.04547965 0.172331 -0.03943276 0.04719305 0.175307 -0.03675377 0.04794871 0.178678 -0.005001842 0.04100769 0.201143 -0.005032718 0.0427221 0.20085 -0.004937708 0.05045527 0.197052 -0.004869759 0.05173122 0.195872 -0.03897488 0.0500229 0.115738 0.002445459 0.0569306 0.07805919 0.03950065 0.04982817 0.117913 0.05249989 -7.35344e-4 0.05349159 0.05249989 -3.73344e-4 0.05339449 0.05249989 3.73344e-4 0.05339449 0.05249989 -0.001646935 0.05412989 0.05249989 -0.001381993 0.05386489 0.05249989 -0.00107491 0.05364996 0.05249989 -0.002117276 0.05513852 0.05249989 -0.002020299 0.05477648 0.05249989 -0.00186187 0.05443698 0.05249989 -0.002020299 0.05624729 0.05249989 -0.002117276 0.05588519 0.05249989 -0.002149999 0.05551195 0.05249989 -0.001381993 0.05715882 0.05249989 -0.001646935 0.05689388 0.05249989 -0.00186187 0.05658698 0.05249989 -3.73344e-4 0.05762922 0.05249989 -7.35344e-4 0.05753225 0.05249989 -0.00107491 0.05737388 0.05249989 7.35344e-4 0.05753225 0.05249989 3.73344e-4 0.05762922 0.05249989 0 0.05766195 0.05249989 0.001646935 0.05689388 0.05249989 0.001381993 0.05715882 0.05249989 0.00107491 0.05737388 0.05249989 0.002117276 0.05588519 0.05249989 0.002020299 0.05624729 0.05249989 0.00186187 0.05658698 0.05249989 0.002020299 0.05477648 0.05249989 0.002117276 0.05513852 0.05249989 0.002149999 0.05551195 0.05249989 0.001381993 0.05386489 0.05249989 0.001646935 0.05412989 0.05249989 0.00186187 0.05443698 0.05249989 7.35344e-4 0.05349159 0.05249989 0.00107491 0.05364996 0.02592658 -0.04565292 0.05339449 0.02561312 -0.045834 0.05349159 0.02688676 -0.04509866 0.05349159 0.0265733 -0.04527968 0.05339449 -0.02688676 -0.04509866 0.05349159 -0.0265733 -0.04527968 0.05339449 -0.02625 -0.0454663 0.05551195 -0.02592658 -0.04565292 0.05339449 -0.02767628 -0.0446428 0.05412989 -0.0274468 -0.04477518 0.05386489 -0.02718091 -0.04492872 0.05364996 -0.02808368 -0.0444076 0.05513852 -0.02799963 -0.04445618 0.05477648 -0.02786242 -0.04453533 0.05443698 -0.02799963 -0.04445618 0.05624729 -0.02808368 -0.0444076 0.05588519 -0.02811199 -0.04439127 0.05551195 -0.0274468 -0.04477518 0.05715882 -0.02767628 -0.0446428 0.05689388 -0.02786242 -0.04453533 0.05658698 -0.0265733 -0.04527968 0.05762922 -0.02688676 -0.04509866 0.05753225 -0.02718091 -0.04492872 0.05737388 -0.02561312 -0.045834 0.05753225 -0.02592658 -0.04565292 0.05762922 -0.02625 -0.0454663 0.05766195 -0.02482366 -0.0462898 0.05689388 -0.0250532 -0.0461573 0.05715882 -0.02531898 -0.04600369 0.05737388 -0.0244162 -0.046525 0.05588519 -0.02450025 -0.04647648 0.05624729 -0.02463746 -0.0463972 0.05658698 -0.02450025 -0.04647648 0.05477648 -0.0244162 -0.046525 0.05513852 -0.02438795 -0.04654127 0.05551195 -0.0250532 -0.0461573 0.05386489 -0.02482366 -0.0462898 0.05412989 -0.02463746 -0.0463972 0.05443698 -0.02561312 -0.045834 0.05349159 -0.02531898 -0.04600369 0.05364996 0.03018927 -0.04295176 0.0555166 0.04944878 0.02600073 0.150978 -0.0435245 -0.02935755 0.049012 -0.04718667 -0.02301448 0.049012 -0.05170238 -0.00911653 0.049012 0.0435245 -0.02935755 0.049012 0.03374636 -0.04021728 0.049012 -0.02135366 -0.04796099 0.049012 -0.02782076 -0.04452246 0.049012 -0.03374636 -0.04021728 0.049012 -0.01447099 -0.05046612 0.049012 -0.007306516 -0.05198901 0.049012 0 -0.05249989 0.049012 0.007306516 -0.05198901 0.049012 0.01447099 -0.05046612 0.049012 0.02135366 -0.04796099 0.049012 0.02782076 -0.04452246 0.049012 0.03901505 -0.0351293 0.049012 0.04718667 -0.02301448 0.049012 0.04993045 -0.01622337 0.049012 0.05170238 -0.00911653 0.049012 0.052468 -0.001832187 0.049012 0.05221229 0.00548774 0.049012 0.05094045 0.01270079 0.049012 -0.05094045 0.01270079 0.049012 -0.0486772 0.01966679 0.049012 -0.05221229 0.00548774 0.049012 -0.052468 -0.001832187 0.049012 -0.04993045 -0.01622337 0.049012 -0.03901505 -0.0351293 0.049012 -0.0454663 0.02625 0.049012 -0.04137057 0.0323221 0.049012 -0.03646951 0.03776526 0.049012 -0.03085869 0.04247331 0.049012 -0.02464729 0.04635477 0.049012 -0.01795601 0.04933387 0.049012 -0.01091533 0.05135273 0.049012 -0.003662109 0.05237203 0.049012 0.003662109 0.05237203 0.049012 0 0.05249989 0.049012 0.01091533 0.05135273 0.049012 0.01795601 0.04933387 0.049012 0.02464729 0.04635477 0.049012 0.03085869 0.04247331 0.049012 0.03646951 0.03776526 0.049012 0.04137057 0.0323221 0.049012 0.0454663 0.02625 0.049012 0.0486772 0.01966679 0.049012 -0.04944878 0.02600073 0.150978 0.02718091 -0.04492872 0.05364996 0.0274468 -0.04477518 0.05715882 0.02718091 -0.04492872 0.05737388 0.0250532 -0.0461573 0.05715882 0.02799963 -0.04445618 0.05624729 0.02786242 -0.04453533 0.05658698 0.02811199 -0.04439127 0.05551195 0.02625 -0.0454663 0.05766195 0.02592658 -0.04565292 0.05762922 0.02531898 -0.04600369 0.05737388 0.02808368 -0.0444076 0.05588519 0.02767628 -0.0446428 0.05412989 0.02786242 -0.04453533 0.05443698 0.02688676 -0.04509866 0.05753225 0.0265733 -0.04527968 0.05762922 0.02561312 -0.045834 0.05753225 0.0274468 -0.04477518 0.05386489 0.02463746 -0.0463972 0.05658698 0.02450025 -0.04647648 0.05624729 0.02482366 -0.0462898 0.05689388 0.02463746 -0.0463972 0.05443698 0.02482366 -0.0462898 0.05412989 0.02450025 -0.04647648 0.05477648 0.02438807 -0.04654127 0.05551195 0.0244162 -0.046525 0.05513852 0.0250532 -0.0461573 0.05386489 0.02531898 -0.04600369 0.05364996 0.02799963 -0.04445618 0.05477648 0.02808368 -0.0444076 0.05513852 0.0244162 -0.046525 0.05588519 0.02767628 -0.0446428 0.05689388 0.02561312 -0.045834 0.05349159 0.02531898 -0.04600369 0.05364996 0.02544838 -0.04591971 0.05356913 0.02541291 -0.04593932 0.0535888 0.0250532 -0.0461573 0.05386489 0.02482366 -0.0462898 0.05412989 0.02463746 -0.0463972 0.05443698 0.02450025 -0.04647648 0.05477648 0.0244162 -0.046525 0.05513852 0.02438807 -0.04654127 0.05551195 0.0244162 -0.046525 0.05588519 0.02450025 -0.04647648 0.05624729 0.02463746 -0.0463972 0.05658698 0.02482366 -0.0462898 0.05689388 0.0250532 -0.0461573 0.05715882 0.02531898 -0.04600369 0.05737388 0.02561312 -0.045834 0.05753225 0.02592658 -0.04565292 0.05762922 0.0265733 -0.04527968 0.05762922 0.02625 -0.0454663 0.05766195 0.02688676 -0.04509866 0.05753225 0.02718091 -0.04492872 0.05737388 0.02767628 -0.0446428 0.05689388 0.0274468 -0.04477518 0.05715882 0.02799963 -0.04445618 0.05624729 0.02786242 -0.04453533 0.05658698 0.02808368 -0.0444076 0.05588519 0.02811199 -0.04439127 0.05551195 0.02808368 -0.0444076 0.05513852 0.02799963 -0.04445618 0.05477648 0.02786242 -0.04453533 0.05443698 0.02767628 -0.0446428 0.05412989 0.0274468 -0.04477518 0.05386489 0.02718091 -0.04492872 0.05364996 0.02688676 -0.04509866 0.05349159 0.02481526 -0.04626482 0.05413419 0.02490198 -0.04621839 0.0540151 0.0249297 -0.04620337 0.05398339 0.02470976 -0.04632139 0.05427902 0.02462583 -0.04636591 0.0544402 0.02455866 -0.04640161 0.05456948 0.02454131 -0.04641079 0.05461055 0.02437895 -0.04649639 0.05526185 0.02440029 -0.04648512 0.05513978 0.02443677 -0.04646605 0.05493146 0.02448648 -0.0464397 0.05477899 0.02437466 -0.04649859 0.0553075 0.02436769 -0.0465027 0.05544525 0.02437978 -0.04649221 0.05578529 0.02437019 -0.0465008 0.05551165 0.02447396 -0.04642069 0.0562452 0.02444529 -0.04644197 0.05615758 0.0244345 -0.04645001 0.05611371 0.0243963 -0.04647958 0.05588418 0.02454888 -0.0463649 0.0564748 0.02460259 -0.0463261 0.05658376 0.02469068 -0.0462622 0.05676347 0.02471095 -0.04624778 0.05679708 0.02489668 -0.0461173 0.05705463 0.02477777 -0.04620087 0.05688977 0.02514207 -0.04595077 0.05729472 0.0251336 -0.04595637 0.05728787 0.02511209 -0.04597073 0.05726999 0.02499598 -0.04604989 0.05715388 0.02539116 -0.04578757 0.05746245 0.02525097 -0.04587936 0.05736804 0.02565765 -0.0456193 0.05757951 0.02563256 -0.04563516 0.05756855 0.02553611 -0.04569602 0.05752617 0.02569782 -0.04559457 0.05759245 0.02584356 -0.04550659 0.05762267 0.0264886 -0.04513508 0.05762279 0.02631688 -0.04522979 0.05765461 0.0262745 -0.04525375 0.05765813 0.02616429 -0.04531759 0.05765575 0.02598476 -0.04542148 0.05765181 0.0269289 -0.04489988 0.05747747 0.02710849 -0.04480916 0.05736851 0.02719783 -0.04476398 0.05731433 0.02689355 -0.04491806 0.05749464 0.02680695 -0.04496383 0.05752688 0.02661132 -0.04506731 0.05759996 0.02762418 -0.04456019 0.05689042 0.02746629 -0.0446338 0.05708116 0.02743929 -0.04464673 0.0571087 0.02738463 -0.04467326 0.05715525 0.02721637 -0.04475498 0.0572986 0.02796661 -0.04440599 0.0562458 0.02786487 -0.0444507 0.05650609 0.02784538 -0.04445946 0.05654585 0.02782171 -0.04447007 0.05658519 0.0276761 -0.04453599 0.0568279 0.02806967 -0.04436182 0.0558176 0.02808851 -0.0443539 0.05551189 0.02809 -0.04435318 0.05548852 0.02806258 -0.0443648 0.05586671 0.02805835 -0.04436653 0.05588489 0.02798753 -0.04439693 0.05619221 0.0280705 -0.0443654 0.05519902 0.02806049 -0.04437178 0.05513906 0.0280348 -0.04438799 0.05498659 0.02797573 -0.04442518 0.05477833 0.02794677 -0.04444342 0.05467617 0.02784323 -0.04450833 0.05443859 0.02768641 -0.04460602 0.05416291 0.02782076 -0.04452246 0.05438697 0.02752858 -0.04470378 0.05396068 0.02766191 -0.04462122 0.05413138 0.02735078 -0.04481273 0.05378448 0.0274353 -0.04476088 0.05386829 0.02694159 -0.0450598 0.05351728 0.02715319 -0.04493278 0.05363512 0.02717465 -0.04491961 0.05365139 0.001499891 0.02599996 0.08899158 0.001499891 0 0.08899158 0.001499891 -0.0034464 0.08888399 0.001662909 0 0.08898025 0.05245709 0.002122104 0.05585628 0.05245739 0.00211519 0.05588471 0.05249989 0.002117276 0.05588519 0.05244123 -0.001053512 0.0573861 0.05244195 -0.001073956 0.05737239 0.05249989 -0.00107491 0.05737388 0.05245995 -0.001614928 0.05693113 0.05246055 -0.001644313 0.05689191 0.05249989 -0.001646935 0.05689388 0.05249476 -7.34489e-4 0.05349344 0.05249518 -7.10403e-4 0.05348265 0.05249989 -7.35344e-4 0.05349159 0.0524975 -5.08186e-4 0.0534228 0.05248951 -0.001044452 0.05363261 0.05249989 -0.00107491 0.05364996 0.05248898 -0.001073837 0.05365169 0.05248445 -0.001276016 0.0537815 0.05249989 -0.001381993 0.05386489 0.05248177 -0.001380503 0.0538668 0.05248028 -0.001436889 0.05391258 0.05249989 -0.001646935 0.05412989 0.0524742 -0.001646578 0.05413019 0.05249989 -0.00186187 0.05443698 0.052468 -0.001832187 0.05438697 0.05247396 -0.001650929 0.0541346 0.05246007 -0.002046108 0.05485183 0.05246108 -0.002017199 0.0547778 0.05249989 -0.002020299 0.05477648 0.05246365 -0.001953125 0.05461329 0.05246692 -0.001859486 0.05443817 0.05245757 -0.002110481 0.05510199 0.05249989 -0.002117276 0.05513852 0.05245739 -0.002115428 0.05513882 0.0524562 -0.002144277 0.0553559 0.05249989 -0.002149999 0.05551195 0.05245608 -0.002146244 0.05551195 0.05249989 -0.002117276 0.05588519 0.05245727 -0.002116382 0.05588501 0.05245715 -0.002120018 0.05586916 0.05245608 -0.002147555 0.05561232 0.05245941 -0.002062499 0.05611896 0.05249989 -0.002020299 0.05624729 0.05246108 -0.002016603 0.05624598 0.05246269 -0.001975119 0.05636119 0.05249989 -0.00186187 0.05658698 0.05246382 -0.00185734 0.05658453 0.05246418 -0.001816332 0.05666238 0.05249989 -0.001381993 0.05715882 0.05245059 -0.001333594 0.05719822 0.05245208 -0.001379132 0.0571559 0.05245906 -0.001584291 0.05696535 0.05242598 -3.73337e-4 0.05762922 0.05242604 -3.77754e-4 0.05762845 0.05249989 -3.73344e-4 0.05762922 0.0524317 -7.03316e-4 0.05754369 0.05249989 -7.35344e-4 0.05753225 0.05243241 -7.34367e-4 0.0575301 0.05243998 -0.001016378 0.05740648 0.05249989 0 0.05766195 0.05242472 -2.6901e-5 0.05766177 0.05242556 -3.31856e-4 0.0576362 0.05249989 3.73344e-4 0.05762922 0.05242919 3.13774e-4 0.057639 0.0524252 -1.37e-7 0.05765998 0.05243819 7.3394e-4 0.05752897 0.0524367 6.85333e-4 0.05754977 0.05249989 7.35344e-4 0.05753225 0.05243563 6.41823e-4 0.0575639 0.05243045 3.72475e-4 0.05762547 0.05244612 9.99987e-4 0.05741512 0.05249989 0.00107491 0.05737388 0.05244857 0.001072227 0.05736958 0.05245578 0.001285195 0.05723541 0.05249989 0.001381993 0.05715882 0.05245697 0.001320183 0.05720871 0.05249989 0.001646935 0.05689388 0.0524643 0.001571834 0.05697876 0.0524587 0.001378715 0.05715537 0.05246609 0.001859784 0.05658572 0.05246692 0.001807749 0.05667579 0.05249989 0.00186187 0.05658698 0.05246698 0.001780629 0.05671668 0.05246526 0.001642346 0.05689018 0.0524652 0.001909971 0.05649906 0.05249989 0.002020299 0.05624729 0.05246108 0.002016305 0.0562455 0.05246025 0.002042353 0.05618363 0.05249989 0.002149999 0.05551195 0.05245608 0.002147078 0.05551177 0.05245673 0.002128899 0.0558117 0.05249989 0.002020299 0.05477648 0.05246108 0.002019107 0.0547769 0.05249989 0.002117276 0.05513852 0.05245769 0.002108216 0.0550903 0.05245727 0.00211668 0.05513507 0.05245727 0.002116978 0.05513858 0.05245596 0.002149522 0.05547022 0.0524674 0.001850128 0.05441689 0.05246692 0.001861751 0.05443698 0.05249989 0.00186187 0.05443698 0.05246657 0.001872599 0.05445569 0.0524612 0.002014636 0.05476135 0.05247396 0.001652956 0.05413717 0.05249989 0.001646935 0.05412989 0.0524742 0.001646459 0.05413049 0.05248081 0.001417756 0.05389565 0.05249989 0.001381993 0.05386489 0.05248177 0.001383662 0.05386632 0.05249989 0.00107491 0.05364996 0.05248832 0.00110507 0.05366766 0.05248177 0.001381874 0.05386507 0.05249387 8.0336e-4 0.05351763 0.05248886 0.001073837 0.0536521 -0.02438795 -0.04654127 0.05551195 -0.0244162 -0.046525 0.05513852 -0.02439719 -0.04648685 0.05513882 -0.02450025 -0.04647648 0.05477648 -0.02448081 -0.04644268 0.0547766 -0.0244795 -0.04644346 0.0547806 -0.02440035 -0.04648512 0.05510532 -0.02482366 -0.0462898 0.05412989 -0.02481079 -0.04626739 0.05413001 -0.02479428 -0.04627627 0.05415242 -0.02463746 -0.0463972 0.05443698 -0.0246247 -0.04636669 0.05442959 -0.02462142 -0.04636836 0.05443716 -0.02449369 -0.04643607 0.0547381 -0.0250532 -0.0461573 0.05386489 -0.02503252 -0.04614776 0.05387598 -0.02481955 -0.04626268 0.05411791 -0.02531379 -0.0459941 0.05365061 -0.02530616 -0.04599827 0.05365473 -0.02531898 -0.04600369 0.05364996 -0.02527219 -0.04601699 0.05367791 -0.02504462 -0.04614108 0.0538659 -0.02557587 -0.0458489 0.05350649 -0.02561312 -0.045834 0.05349159 -0.02669048 -0.0452091 0.05342322 -0.02688676 -0.04509866 0.05349159 -0.0268628 -0.04510682 0.05348277 -0.02718091 -0.04492872 0.05364996 -0.02715039 -0.04493445 0.05363339 -0.02688348 -0.04509449 0.05349344 -0.0274468 -0.04477518 0.05386489 -0.02734816 -0.04481428 0.05378228 -0.02717459 -0.04491972 0.05365157 -0.02766788 -0.04461765 0.05413609 -0.02766305 -0.04462069 0.05413031 -0.02767628 -0.0446428 0.05412989 -0.02748411 -0.04473108 0.05391228 -0.02743649 -0.04476022 0.05386668 -0.02782076 -0.04452246 0.05438697 -0.02786242 -0.04453533 0.05443698 -0.02784359 -0.04450809 0.05443835 -0.02793478 -0.04445093 0.05464357 -0.02799963 -0.04445618 0.05477648 -0.02797627 -0.04442489 0.05477821 -0.02801865 -0.04439812 0.05491608 -0.02808368 -0.0444076 0.05513852 -0.02805966 -0.04437226 0.0551393 -0.02811199 -0.04439127 0.05551195 -0.02808851 -0.0443539 0.05551189 -0.02809 -0.04435318 0.05548852 -0.02807039 -0.0443654 0.05519795 -0.02806967 -0.04436182 0.0558176 -0.02808368 -0.0444076 0.05588519 -0.02806258 -0.0443648 0.05586671 -0.02799963 -0.04445618 0.05624729 -0.02798753 -0.04439693 0.05619221 -0.02805835 -0.04436653 0.05588489 -0.02782171 -0.04447007 0.05658519 -0.02784538 -0.04445946 0.05654585 -0.02786242 -0.04453533 0.05658698 -0.02786487 -0.0444507 0.05650609 -0.02796661 -0.04440599 0.0562458 -0.0276761 -0.04453599 0.0568279 -0.02767628 -0.0446428 0.05689388 -0.02762418 -0.04456019 0.05689042 -0.02746629 -0.0446338 0.05708116 -0.0274468 -0.04477518 0.05715882 -0.02743929 -0.04464673 0.0571087 -0.02710849 -0.04480916 0.05736851 -0.02719783 -0.04476398 0.05731433 -0.02718091 -0.04492872 0.05737388 -0.02721709 -0.04475468 0.057298 -0.02738463 -0.04467326 0.05715525 -0.0269289 -0.04489988 0.05747747 -0.02688676 -0.04509866 0.05753225 -0.02689355 -0.04491806 0.05749464 -0.0265733 -0.04527968 0.05762922 -0.02661132 -0.04506731 0.05759996 -0.02680695 -0.04496383 0.05752688 -0.02616429 -0.04531759 0.05765575 -0.0262745 -0.04525375 0.05765813 -0.02625 -0.0454663 0.05766195 -0.02631688 -0.04522979 0.05765461 -0.0264886 -0.04513508 0.05762279 -0.02598476 -0.04542148 0.05765181 -0.02592658 -0.04565292 0.05762922 -0.02584356 -0.04550659 0.05762267 -0.02549898 -0.04571956 0.05750983 -0.02553611 -0.04569602 0.05752617 -0.02561312 -0.045834 0.05753225 -0.02565765 -0.0456193 0.05757951 -0.02569782 -0.04559457 0.05759245 -0.0250532 -0.0461573 0.05715882 -0.02499598 -0.04604989 0.05715388 -0.02531898 -0.04600369 0.05737388 -0.02511209 -0.04597073 0.05726999 -0.02513295 -0.04595679 0.05728721 -0.02514207 -0.04595077 0.05729472 -0.02525097 -0.04587936 0.05736804 -0.02539116 -0.04578757 0.05746245 -0.02463746 -0.0463972 0.05658698 -0.02460259 -0.0463261 0.05658376 -0.02482366 -0.0462898 0.05689388 -0.02469068 -0.0462622 0.05676347 -0.02471095 -0.04624778 0.05679708 -0.02477777 -0.04620087 0.05688977 -0.02489668 -0.0461173 0.05705463 -0.0243963 -0.04647958 0.05588418 -0.0244345 -0.04645001 0.05611371 -0.0244162 -0.046525 0.05588519 -0.02450025 -0.04647648 0.05624729 -0.02444529 -0.04644197 0.05615758 -0.0244739 -0.04642069 0.0562452 -0.02454888 -0.0463649 0.0564748 -0.02436769 -0.0465027 0.05544537 -0.02437019 -0.0465008 0.05551165 -0.02437978 -0.04649221 0.05578529 -0.02009081 0.04850363 0.01899999 -0.01024216 0.0514912 0.01899999 -0.03712308 0.03712308 0.01899999 -0.02916735 0.04365211 0.01899999 0.02916735 0.04365211 0.01899999 0.03712308 0.03712308 0.01899999 0.04365211 0.02916735 0.01899999 -0.0514912 -0.01024216 0.01899999 -0.05249989 0 0.01899999 0.04365211 -0.02916735 0.01899999 0.03712308 -0.03712308 0.01899999 0.04850363 -0.02009081 0.01899999 -0.04850363 0.02009081 0.01899999 -0.04365211 0.02916735 0.01899999 -0.0514912 0.01024216 0.01899999 0.0514912 0.01024216 0.01899999 0.05249989 0 0.01899999 0.0514912 -0.01024216 0.01899999 0.02009081 -0.04850363 0.01899999 0.01024216 -0.0514912 0.01899999 0.02916735 -0.04365211 0.01899999 -0.02916735 -0.04365211 0.01899999 -0.03712308 -0.03712308 0.01899999 -0.02009081 -0.04850363 0.01899999 0 -0.05249989 0.01899999 -0.01024216 -0.0514912 0.01899999 -0.04365211 -0.02916735 0.01899999 -0.04850363 -0.02009081 0.01899999 0.01024216 0.0514912 0.01899999 0.02009081 0.04850363 0.01899999 0.04850363 0.02009081 0.01899999 0 0.05249989 0.01899999 0.02009081 0.04850363 0.04899996 0.01024216 0.0514912 0.04899996 0.03712308 0.03712308 0.04899996 0.02916735 0.04365211 0.04899996 -0.05249989 0 0.04899996 -0.0514912 -0.01024216 0.04899996 -0.01024216 0.0514912 0.04899996 -0.02009081 0.04850363 0.04899996 -0.03712308 0.03712308 0.04899996 0.02916735 -0.04365211 0.04899996 0.03712308 -0.03712308 0.04899996 0.02009081 -0.04850363 0.04899996 -0.04365211 0.02916735 0.04899996 -0.04850363 0.02009081 0.04899996 -0.02916735 0.04365211 0.04899996 0.04850363 -0.02009081 0.04899996 0.0514912 -0.01024216 0.04899996 0 0.05249989 0.04899996 0.04365211 -0.02916735 0.04899996 -0.02009081 -0.04850363 0.04899996 -0.01024216 -0.0514912 0.04899996 -0.03712308 -0.03712308 0.04899996 -0.0514912 0.01024216 0.04899996 -0.02916735 -0.04365211 0.04899996 0.0514912 0.01024216 0.04899996 0.04850363 0.02009081 0.04899996 0 -0.05249989 0.04899996 0.01024216 -0.0514912 0.04899996 0.04365211 0.02916735 0.04899996 -0.04850363 -0.02009081 0.04899996 -0.04365211 -0.02916735 0.04899996 0.05249989 0 0.04899996 0 -0.05249989 0.01899999 0.01024216 -0.0514912 0.01899999 0.02009081 -0.04850363 0.01899999 0.02916735 -0.04365211 0.01899999 0.03712308 -0.03712308 0.01899999 0.04365211 -0.02916735 0.01899999 0.04850363 -0.02009081 0.01899999 0.0514912 -0.01024216 0.01899999 0.05249989 0 0.01899999 0.0514912 0.01024216 0.01899999 0.04850363 0.02009081 0.01899999 0.04365211 0.02916735 0.01899999 0.03712308 0.03712308 0.01899999 0.02916735 0.04365211 0.01899999 0.02009081 0.04850363 0.01899999 0.01024216 0.0514912 0.01899999 0 0.05249989 0.01899999 -0.01024216 0.0514912 0.01899999 -0.02009081 0.04850363 0.01899999 -0.02916735 0.04365211 0.01899999 -0.03712308 0.03712308 0.01899999 -0.04365211 0.02916735 0.01899999 -0.04850363 0.02009081 0.01899999 -0.0514912 0.01024216 0.01899999 -0.05249989 0 0.01899999 -0.0514912 -0.01024216 0.01899999 -0.04850363 -0.02009081 0.01899999 -0.04365211 -0.02916735 0.01899999 -0.03712308 -0.03712308 0.01899999 -0.02916735 -0.04365211 0.01899999 -0.02009081 -0.04850363 0.01899999 -0.01024216 -0.0514912 0.01899999 0 -0.05249989 0.01899999 0 -0.05249989 0.04899996 0.01024216 -0.0514912 0.04899996 0.02009081 -0.04850363 0.04899996 0.02916735 -0.04365211 0.04899996 0.03712308 -0.03712308 0.04899996 0.04365211 -0.02916735 0.04899996 0.04850363 -0.02009081 0.04899996 0.0514912 -0.01024216 0.04899996 0.05249989 0 0.04899996 0.0514912 0.01024216 0.04899996 0.04850363 0.02009081 0.04899996 0.04365211 0.02916735 0.04899996 0.03712308 0.03712308 0.04899996 0.02916735 0.04365211 0.04899996 0.02009081 0.04850363 0.04899996 0.01024216 0.0514912 0.04899996 0 0.05249989 0.04899996 -0.01024216 0.0514912 0.04899996 -0.02009081 0.04850363 0.04899996 -0.02916735 0.04365211 0.04899996 -0.03712308 0.03712308 0.04899996 -0.04365211 0.02916735 0.04899996 -0.04850363 0.02009081 0.04899996 -0.0514912 0.01024216 0.04899996 -0.05249989 0 0.04899996 -0.0514912 -0.01024216 0.04899996 -0.04850363 -0.02009081 0.04899996 -0.04365211 -0.02916735 0.04899996 -0.03712308 -0.03712308 0.04899996 -0.02916735 -0.04365211 0.04899996 -0.02009081 -0.04850363 0.04899996 -0.01024216 -0.0514912 0.04899996 0 -0.05249989 0.04899996 -0.01024216 -0.006999969 0.09750878 -0.02009081 -0.006999969 0.100496 0.01024216 -0.006999969 0.09750878 0 -0.006999969 0.09649997 -0.02916735 -0.006999969 0.192652 -0.02009081 -0.006999969 0.197504 -0.03712308 -0.006999969 0.186123 0.02009081 -0.006999969 0.197504 0.02916735 -0.006999969 0.192652 0.03712308 -0.006999969 0.186123 0.04850363 -0.006999969 0.169091 0.0514912 -0.006999969 0.159242 0.04365211 -0.006999969 0.178167 -0.0514912 -0.006999969 0.138758 -0.05249989 -0.006999969 0.149 -0.03712308 -0.006999969 0.111877 -0.04365211 -0.006999969 0.119833 0.04365211 -0.006999969 0.119833 0.03712308 -0.006999969 0.111877 0.02009081 -0.006999969 0.100496 -0.02916735 -0.006999969 0.105348 -0.04850363 -0.006999969 0.128909 0.05249989 -0.006999969 0.149 0.0514912 -0.006999969 0.138758 0.02916735 -0.006999969 0.105348 -0.0514912 -0.006999969 0.159242 -0.04850363 -0.006999969 0.169091 0 -0.006999969 0.2014999 0.01024216 -0.006999969 0.200491 -0.04365211 -0.006999969 0.178167 0.04850363 -0.006999969 0.128909 -0.01024216 -0.006999969 0.200491 -0.02009081 -0.02599996 0.197504 -0.02916735 -0.02599996 0.192652 -0.03712308 -0.02599996 0.186123 -0.02009081 -0.02599996 0.100496 -0.01024216 -0.02599996 0.09750878 0.02009081 -0.02599996 0.100496 0.0514912 -0.02599996 0.159242 0.04850363 -0.02599996 0.169091 0.02009081 -0.02599996 0.197504 0 -0.02599996 0.09649997 0.01024216 -0.02599996 0.09750878 -0.04850363 -0.02599996 0.169091 -0.0514912 -0.02599996 0.159242 -0.0514912 -0.02599996 0.138758 0.03712308 -0.02599996 0.186123 0.02916735 -0.02599996 0.192652 0.04850363 -0.02599996 0.128909 0.0514912 -0.02599996 0.138758 0.04365211 -0.02599996 0.119833 -0.05249989 -0.02599996 0.149 0.04365211 -0.02599996 0.178167 -0.04850363 -0.02599996 0.128909 -0.04365211 -0.02599996 0.119833 0 -0.02599996 0.2014999 -0.01024216 -0.02599996 0.200491 -0.03712308 -0.02599996 0.111877 -0.02916735 -0.02599996 0.105348 0.02916735 -0.02599996 0.105348 0.03712308 -0.02599996 0.111877 0.05249989 -0.02599996 0.149 -0.04365211 -0.02599996 0.178167 0.01024216 -0.02599996 0.200491 0 -0.02599996 0.2014999 0.01024216 -0.02599996 0.200491 0.02009081 -0.02599996 0.197504 0.02916735 -0.02599996 0.192652 0.03712308 -0.02599996 0.186123 0.04365211 -0.02599996 0.178167 0.04850363 -0.02599996 0.169091 0.0514912 -0.02599996 0.159242 0.05249989 -0.02599996 0.149 0.0514912 -0.02599996 0.138758 0.04850363 -0.02599996 0.128909 0.04365211 -0.02599996 0.119833 0.03712308 -0.02599996 0.111877 0.02916735 -0.02599996 0.105348 0.02009081 -0.02599996 0.100496 0.01024216 -0.02599996 0.09750878 0 -0.02599996 0.09649997 -0.01024216 -0.02599996 0.09750878 -0.02009081 -0.02599996 0.100496 -0.02916735 -0.02599996 0.105348 -0.03712308 -0.02599996 0.111877 -0.04365211 -0.02599996 0.119833 -0.04850363 -0.02599996 0.128909 -0.0514912 -0.02599996 0.138758 -0.05249989 -0.02599996 0.149 -0.0514912 -0.02599996 0.159242 -0.04850363 -0.02599996 0.169091 -0.04365211 -0.02599996 0.178167 -0.03712308 -0.02599996 0.186123 -0.02916735 -0.02599996 0.192652 -0.02009081 -0.02599996 0.197504 -0.01024216 -0.02599996 0.200491 0 -0.02599996 0.2014999 0 -0.006999969 0.2014999 0.01024216 -0.006999969 0.200491 0.02009081 -0.006999969 0.197504 0.02916735 -0.006999969 0.192652 0.03712308 -0.006999969 0.186123 0.04365211 -0.006999969 0.178167 0.04850363 -0.006999969 0.169091 0.0514912 -0.006999969 0.159242 0.05249989 -0.006999969 0.149 0.0514912 -0.006999969 0.138758 0.04850363 -0.006999969 0.128909 0.04365211 -0.006999969 0.119833 0.03712308 -0.006999969 0.111877 0.02916735 -0.006999969 0.105348 0.02009081 -0.006999969 0.100496 0.01024216 -0.006999969 0.09750878 0 -0.006999969 0.09649997 -0.01024216 -0.006999969 0.09750878 -0.02009081 -0.006999969 0.100496 -0.02916735 -0.006999969 0.105348 -0.03712308 -0.006999969 0.111877 -0.04365211 -0.006999969 0.119833 -0.04850363 -0.006999969 0.128909 -0.0514912 -0.006999969 0.138758 -0.05249989 -0.006999969 0.149 -0.0514912 -0.006999969 0.159242 -0.04850363 -0.006999969 0.169091 -0.04365211 -0.006999969 0.178167 -0.03712308 -0.006999969 0.186123 -0.02916735 -0.006999969 0.192652 -0.02009081 -0.006999969 0.197504 -0.01024216 -0.006999969 0.200491 0 -0.006999969 0.2014999 -0.02009081 -0.006999969 0.197504 -0.02916735 -0.006999969 0.192652 -0.03712308 -0.006999969 0.186123 0.02916735 -0.006999969 0.192652 0.02009081 -0.006999969 0.197504 0.03712308 -0.006999969 0.186123 -0.05249989 -0.006999969 0.149 -0.0514912 -0.006999969 0.138758 -0.0514912 -0.006999969 0.159242 -0.02916735 -0.006999969 0.105348 -0.02009081 -0.006999969 0.100496 -0.03712308 -0.006999969 0.111877 0.01024216 -0.006999969 0.09750878 0.02009081 -0.006999969 0.100496 0 -0.006999969 0.09649997 0.0514912 -0.006999969 0.159242 0.04850363 -0.006999969 0.169091 0.04365211 -0.006999969 0.178167 0.04850363 -0.006999969 0.128909 0.0514912 -0.006999969 0.138758 0.04365211 -0.006999969 0.119833 -0.04850363 -0.006999969 0.128909 -0.04365211 -0.006999969 0.119833 -0.04365211 -0.006999969 0.178167 -0.04850363 -0.006999969 0.169091 0.02916735 -0.006999969 0.105348 0.03712308 -0.006999969 0.111877 0.01024216 -0.006999969 0.200491 0 -0.006999969 0.2014999 -0.01024216 -0.006999969 0.09750878 0.05249989 -0.006999969 0.149 -0.01024216 -0.006999969 0.200491 0.02009081 0.02599996 0.197504 0.02916735 0.02599996 0.192652 0.03712308 0.02599996 0.186123 -0.0514912 0.02599996 0.159242 -0.04850363 0.02599996 0.169091 -0.0514912 0.02599996 0.138758 -0.05249989 0.02599996 0.149 -0.01024216 0.02599996 0.09750878 -0.02009081 0.02599996 0.100496 0 0.02599996 0.09649997 0.05249989 0.02599996 0.149 0.0514912 0.02599996 0.138758 0.04850363 0.02599996 0.169091 0.0514912 0.02599996 0.159242 0.02009081 0.02599996 0.100496 0.01024216 0.02599996 0.09750878 -0.02009081 0.02599996 0.197504 -0.01024216 0.02599996 0.200491 0 0.02599996 0.2014999 0.04850363 0.02599996 0.128909 0.04365211 0.02599996 0.119833 -0.03712308 0.02599996 0.111877 -0.04365211 0.02599996 0.119833 -0.04365211 0.02599996 0.178167 -0.03712308 0.02599996 0.186123 -0.04850363 0.02599996 0.128909 0.03712308 0.02599996 0.111877 0.02916735 0.02599996 0.105348 -0.02916735 0.02599996 0.192652 0.01024216 0.02599996 0.200491 0.04365211 0.02599996 0.178167 -0.02916735 0.02599996 0.105348 0 0.02599996 0.09649997 0.01024216 0.02599996 0.09750878 0.02009081 0.02599996 0.100496 0.02916735 0.02599996 0.105348 0.03712308 0.02599996 0.111877 0.04365211 0.02599996 0.119833 0.04850363 0.02599996 0.128909 0.0514912 0.02599996 0.138758 0.05249989 0.02599996 0.149 0.0514912 0.02599996 0.159242 0.04850363 0.02599996 0.169091 0.04365211 0.02599996 0.178167 0.03712308 0.02599996 0.186123 0.02916735 0.02599996 0.192652 0.02009081 0.02599996 0.197504 0.01024216 0.02599996 0.200491 0 0.02599996 0.2014999 -0.01024216 0.02599996 0.200491 -0.02009081 0.02599996 0.197504 -0.02916735 0.02599996 0.192652 -0.03712308 0.02599996 0.186123 -0.04365211 0.02599996 0.178167 -0.04850363 0.02599996 0.169091 -0.0514912 0.02599996 0.159242 -0.05249989 0.02599996 0.149 -0.0514912 0.02599996 0.138758 -0.04850363 0.02599996 0.128909 -0.04365211 0.02599996 0.119833 -0.03712308 0.02599996 0.111877 -0.02916735 0.02599996 0.105348 -0.02009081 0.02599996 0.100496 -0.01024216 0.02599996 0.09750878 0 0.02599996 0.09649997 0 -0.006999969 0.09649997 0.01024216 -0.006999969 0.09750878 0.02009081 -0.006999969 0.100496 0.02916735 -0.006999969 0.105348 0.03712308 -0.006999969 0.111877 0.04365211 -0.006999969 0.119833 0.04850363 -0.006999969 0.128909 0.0514912 -0.006999969 0.138758 0.05249989 -0.006999969 0.149 0.0514912 -0.006999969 0.159242 0.04850363 -0.006999969 0.169091 0.04365211 -0.006999969 0.178167 0.03712308 -0.006999969 0.186123 0.02916735 -0.006999969 0.192652 0.02009081 -0.006999969 0.197504 0.01024216 -0.006999969 0.200491 0 -0.006999969 0.2014999 -0.01024216 -0.006999969 0.200491 -0.02009081 -0.006999969 0.197504 -0.02916735 -0.006999969 0.192652 -0.03712308 -0.006999969 0.186123 -0.04365211 -0.006999969 0.178167 -0.04850363 -0.006999969 0.169091 -0.0514912 -0.006999969 0.159242 -0.05249989 -0.006999969 0.149 -0.0514912 -0.006999969 0.138758 -0.04850363 -0.006999969 0.128909 -0.04365211 -0.006999969 0.119833 -0.03712308 -0.006999969 0.111877 -0.02916735 -0.006999969 0.105348 -0.02009081 -0.006999969 0.100496 -0.01024216 -0.006999969 0.09750878 0 -0.006999969 0.09649997 -0.02009081 0.04850363 0 -0.01024216 0.0514912 0 -0.03712308 0.03712308 0 -0.02916735 0.04365211 0 0.02916735 0.04365211 0 0.03712308 0.03712308 0 0.04365211 0.02916735 0 -0.0514912 -0.01024216 0 -0.05249989 0 0 0.04365211 -0.02916735 0 0.03712308 -0.03712308 0 0.04850363 -0.02009081 0 -0.04850363 0.02009081 0 -0.04365211 0.02916735 0 -0.0514912 0.01024216 0 0.0514912 0.01024216 0 0.05249989 0 0 0.0514912 -0.01024216 0 0.02009081 -0.04850363 0 0.01024216 -0.0514912 0 0.02916735 -0.04365211 0 -0.02916735 -0.04365211 0 -0.03712308 -0.03712308 0 -0.02009081 -0.04850363 0 0 -0.05249989 0 -0.01024216 -0.0514912 0 -0.04365211 -0.02916735 0 -0.04850363 -0.02009081 0 0.01024216 0.0514912 0 0.02009081 0.04850363 0 0.04850363 0.02009081 0 0 0.05249989 0 0.02009081 0.04850363 0.01899999 0.01024216 0.0514912 0.01899999 0.03712308 0.03712308 0.01899999 0.02916735 0.04365211 0.01899999 -0.05249989 0 0.01899999 -0.0514912 -0.01024216 0.01899999 -0.01024216 0.0514912 0.01899999 -0.02009081 0.04850363 0.01899999 -0.03712308 0.03712308 0.01899999 0.02916735 -0.04365211 0.01899999 0.03712308 -0.03712308 0.01899999 0.02009081 -0.04850363 0.01899999 -0.04365211 0.02916735 0.01899999 -0.04850363 0.02009081 0.01899999 -0.02916735 0.04365211 0.01899999 0.04850363 -0.02009081 0.01899999 0.0514912 -0.01024216 0.01899999 0 0.05249989 0.01899999 0.04365211 -0.02916735 0.01899999 -0.02009081 -0.04850363 0.01899999 -0.01024216 -0.0514912 0.01899999 -0.03712308 -0.03712308 0.01899999 -0.0514912 0.01024216 0.01899999 -0.02916735 -0.04365211 0.01899999 0.0514912 0.01024216 0.01899999 0.04850363 0.02009081 0.01899999 0 -0.05249989 0.01899999 0.01024216 -0.0514912 0.01899999 0.04365211 0.02916735 0.01899999 -0.04850363 -0.02009081 0.01899999 -0.04365211 -0.02916735 0.01899999 0.05249989 0 0.01899999 0 -0.05249989 0 0.01024216 -0.0514912 0 0.02009081 -0.04850363 0 0.02916735 -0.04365211 0 0.03712308 -0.03712308 0 0.04365211 -0.02916735 0 0.04850363 -0.02009081 0 0.0514912 -0.01024216 0 0.05249989 0 0 0.0514912 0.01024216 0 0.04850363 0.02009081 0 0.04365211 0.02916735 0 0.03712308 0.03712308 0 0.02916735 0.04365211 0 0.02009081 0.04850363 0 0.01024216 0.0514912 0 0 0.05249989 0 -0.01024216 0.0514912 0 -0.02009081 0.04850363 0 -0.02916735 0.04365211 0 -0.03712308 0.03712308 0 -0.04365211 0.02916735 0 -0.04850363 0.02009081 0 -0.0514912 0.01024216 0 -0.05249989 0 0 -0.0514912 -0.01024216 0 -0.04850363 -0.02009081 0 -0.04365211 -0.02916735 0 -0.03712308 -0.03712308 0 -0.02916735 -0.04365211 0 -0.02009081 -0.04850363 0 -0.01024216 -0.0514912 0 0 -0.05249989 0 0 -0.05249989 0.01899999 0.01024216 -0.0514912 0.01899999 0.02009081 -0.04850363 0.01899999 0.02916735 -0.04365211 0.01899999 0.03712308 -0.03712308 0.01899999 0.04365211 -0.02916735 0.01899999 0.04850363 -0.02009081 0.01899999 0.0514912 -0.01024216 0.01899999 0.05249989 0 0.01899999 0.0514912 0.01024216 0.01899999 0.04850363 0.02009081 0.01899999 0.04365211 0.02916735 0.01899999 0.03712308 0.03712308 0.01899999 0.02916735 0.04365211 0.01899999 0.02009081 0.04850363 0.01899999 0.01024216 0.0514912 0.01899999 0 0.05249989 0.01899999 -0.01024216 0.0514912 0.01899999 -0.02009081 0.04850363 0.01899999 -0.02916735 0.04365211 0.01899999 -0.03712308 0.03712308 0.01899999 -0.04365211 0.02916735 0.01899999 -0.04850363 0.02009081 0.01899999 -0.0514912 0.01024216 0.01899999 -0.05249989 0 0.01899999 -0.0514912 -0.01024216 0.01899999 -0.04850363 -0.02009081 0.01899999 -0.04365211 -0.02916735 0.01899999 -0.03712308 -0.03712308 0.01899999 -0.02916735 -0.04365211 0.01899999 -0.02009081 -0.04850363 0.01899999 -0.01024216 -0.0514912 0.01899999 0 -0.05249989 0.01899999</float_array>
          <technique_common>
            <accessor source="#Mesh-1_002-mesh-positions-array" count="6092" stride="3">
              <param name="X" type="float"/>
              <param name="Y" type="float"/>
              <param name="Z" type="float"/>
            </accessor>
          </technique_common>
        </source>
        <source id="Mesh-1_002-mesh-normals">
          <float_array id="Mesh-1_002-mesh-normals-array" count="16839">-1.45679e-6 0 -1 0 0 -1 1.01238e-6 0 -1 5.23138e-6 0 -1 -7.79479e-6 0 -1 -1.55922e-5 0 -1 -7.79599e-6 0 -1 1.28793e-6 0 -1 1.94877e-6 0 -1 -1.94877e-6 0 -1 -2.61575e-6 0 -1 2.64141e-6 0 -1 2.64137e-6 0 -1 1.04626e-5 0 -1 7.79647e-6 0 -1 7.79624e-6 0 -1 -5.2316e-6 0 -1 -2.54984e-7 0 -1 -1.30109e-7 0 -1 3.38768e-7 0 -1 -4.37925e-7 0 -1 -4.30744e-7 0 -1 3.76355e-7 0 -1 0.06883394 0.997624 0.002869546 0.06883037 0.9976242 0.002898275 0.08255124 -0.1347101 0.9874404 -0.06883037 0.9976242 0.002898275 -0.06883394 0.997624 0.002869546 -0.199315 -0.6640253 -0.7206553 0.8474953 0.530793 0.003257751 -0.8592801 -0.4509674 0.2413837 0.4444059 -0.5006025 -0.7429001 0.7368711 -0.1369495 -0.6620166 -0.9222509 -0.06397479 -0.3812621 -0.922455 -0.06276786 -0.3809685 0.3760685 0.3908485 -0.840125 -0.3563145 0.2570447 -0.8983141 -0.3547173 0.2566484 -0.8990592 -0.9355377 0.03905552 -0.3510613 -0.9359964 0.03899979 -0.3498426 -0.5218316 0.8140145 -0.2550925 -0.5216807 0.814323 -0.2544157 -0.5724101 0.5504924 -0.6077046 -0.5726377 0.5502395 -0.6077191 -0.6315394 0.2155973 -0.7447657 -0.6315086 0.2158152 -0.7447286 -0.690023 -0.008681297 -0.7237355 -0.6904665 -0.009041309 -0.7233079 -0.03820419 0.5880906 -0.8078923 -0.03901129 0.5873373 -0.8084015 -0.4205093 0.8448576 -0.3307377 -0.4209296 0.8438636 -0.3327348 0.4547552 0.2999081 -0.8386017 0.4552491 0.2997228 -0.8384 -0.05098301 -0.4629443 -0.8849201 0.4775656 0.7156309 -0.5097094 0.476809 0.7157363 -0.5102693 0.3973768 0.8255251 -0.4007495 0.3979761 0.82488 -0.4014825 0.001390039 0.9999991 -1.11607e-4 -0.04831188 -0.998802 0.00778234 -0.2906925 0.1552801 0.9441324 -8.39746e-6 1 2.68719e-5 0 1 0 0.07074338 -0.9974878 0.003692805 0.02572709 -0.9996652 0.002807676 4.57792e-4 -0.9999999 0 0.06906479 -0.9976096 -0.002288877 0.09183156 -0.995773 0.001800596 0.1071207 -0.9942392 0.003692746 0.1069702 -0.9942583 0.002807736 0.01629692 -0.9998496 0.005951106 0.09576767 -0.9953372 0.01150554 6.1037e-5 -1 0 0.04849469 -0.9987956 0.007477104 0.1068159 -0.9942734 0.003296017 0.03738528 -0.999301 3.35705e-4 0.04208606 -0.9990798 0.00827068 -0.03653079 -0.9993326 2.74668e-4 0.1856456 -0.9823684 0.02209556 0.03421193 -0.9993796 0.008362233 0.0676909 -0.9975717 0.01638865 0.1128898 -0.9936074 -6.1038e-4 -1.83116e-4 -0.9992319 0.03918671 -0.01968485 -0.9997792 0.007355093 0.1397171 -0.9896171 0.03372371 0.1837251 -0.9829598 0.005920708 0.03637868 -0.9992846 0.01034593 0.02685642 -0.9996394 -1.22075e-4 -0.02673441 -0.9996426 -1.22075e-4 -0.06683683 -0.9977615 -0.002197325 0.006988763 -0.9998511 0.01577812 0.2065219 -0.9771564 0.05014264 0.256728 -0.9664534 0.007660329 0.08246302 -0.996149 0.02978676 0.2290477 -0.9734147 -0.001068174 0.03369283 -0.9994321 -5.18821e-4 7.01947e-4 -0.9988098 0.04877007 -5.79868e-4 -0.9988687 0.04754918 -0.1127693 -0.9936211 -6.10389e-4 -0.1036118 -0.9946125 0.0032655 -4.57792e-4 -0.9999999 0 -0.01666355 -0.9997845 0.01239085 0.009064197 -0.9998435 0.01519858 0.1734117 -0.9829104 0.06177139 0.284254 -0.956313 0.06830149 0.2786991 -0.9597603 0.03445589 0.02688682 -0.9995751 0.01126134 0.1428301 -0.98974 -0.003814876 0.06726425 -0.9977329 -0.00213629 0.004882991 -0.9874081 0.1581183 0.001586973 -0.9875263 0.1574463 -0.03622597 -0.9993434 -6.71417e-4 -0.1035516 -0.9946204 0.002716183 -0.08996874 -0.9959431 0.001739501 -0.02572709 -0.9996652 0.002807676 -0.01937955 -0.9997736 0.008789479 0.005157768 -0.9998454 0.01681613 0.01339781 -0.9995593 0.0264905 0.01428288 -0.9998329 0.01141405 0.2597452 -0.961219 0.09268546 0.257187 -0.9663358 0.007080495 0.01611405 -0.9998368 0.008179068 0.07968503 -0.9960782 0.03845387 0.1657196 -0.9829952 0.07910591 0.2173901 -0.9760735 -0.004699945 0.06619477 -0.9978053 -0.001708984 0.001709043 -0.9992472 0.03875887 0.001892149 -0.9721928 0.2341747 -0.001678466 -0.9992414 0.03891122 -0.07394683 -0.9972599 -0.002166807 -0.1836661 -0.9829707 0.005951285 -0.09573739 -0.9953395 0.01156657 -0.06918597 -0.9975972 0.003662228 -0.04208606 -0.9990798 0.00827068 -0.02774149 -0.9995486 0.01153606 -0.01864731 -0.9997538 0.01202458 -0.01370322 -0.9997864 0.0154733 0.01062059 -0.9995579 0.02777224 0.03552424 -0.9961453 0.0802043 0.04394698 -0.9961022 0.07648003 0 -1 0 0.2490088 -0.9611821 0.118843 0.3484028 -0.9289928 0.1248524 0.3545997 -0.9311332 0.08514785 0.3358942 -0.9418528 0.00939989 0.3414486 -0.9398992 -0.001617491 0.2175998 -0.9760254 -0.004974544 0.1910783 -0.9815158 -0.01077312 0.09042739 -0.9958918 -0.004760921 0.03384524 -0.9994266 -0.001037597 0.01437461 -0.9877319 0.1554966 -0.004882991 -0.9875884 0.1569887 -0.03711092 -0.9993107 -9.76605e-4 -0.07333755 -0.9973058 -0.001678526 -0.1503059 -0.9886318 -0.003936946 -0.2291345 -0.9733943 -9.76599e-4 -0.185862 -0.9823219 0.02234005 -0.1034305 -0.9946303 0.003570735 -0.00137335 -0.9999991 9.15582e-5 -0.0340901 -0.9993866 0.00802654 -0.08587926 -0.9958211 0.0310679 -0.08282995 -0.9957906 0.03924804 -0.0245068 -0.9995604 0.01669389 -0.01022398 -0.9997861 0.01797592 0.02704 -0.9961177 0.08377534 0.01483231 -0.9996259 0.02298092 0.01184147 -0.9998149 0.01516813 0 -1 -3.62888e-6 0.3338848 -0.9290483 0.159343 0.373738 -0.92641 0.04565668 0.296495 -0.95501 -0.006836295 0.0230419 -0.9996543 0.01266539 0.1569578 -0.9829778 0.09549307 0.2357895 -0.9611646 0.1434087 0.01959329 -0.999808 -5.79864e-4 0.003418147 -0.9988688 0.04742711 0.02658247 -0.9629524 0.2683583 0.01071208 -0.9633293 0.2681086 9.15577e-5 -0.9716107 0.2365851 -0.01425236 -0.9877484 0.1554028 -0.003234922 -0.9988725 0.04736477 -0.09332698 -0.9956206 -0.005462884 -0.1910194 -0.9815265 -0.01083427 -0.2600534 -0.9655639 0.007660269 -0.1397171 -0.9896171 0.03372371 -0.04849469 -0.9987956 0.007477104 -0.06787329 -0.9975609 0.01629692 -0.03766065 -0.9992288 0.01110893 -0.02865725 -0.9995561 0.00814855 -0.02316403 -0.9996557 0.01232969 -0.02307248 -0.9996548 0.01257383 -0.07883083 -0.9957168 0.04831171 -0.07275772 -0.9958407 0.05484294 -0.01580899 -0.9997535 0.01559537 -0.02163827 -0.9996032 0.01803696 -0.02056992 -0.9995641 0.02118027 -0.006286978 -0.9997865 0.01968502 0.007110893 -0.9996165 0.02676504 0.07440662 -0.9829732 0.16801 0.05240035 -0.9960034 0.07232892 0.01968502 -0.9996649 0.01681619 0.01413017 -0.999796 0.01443535 0.02368271 -0.9995883 0.01620554 0.01748758 -0.9997834 0.01129215 0.3160258 -0.929064 0.1922706 0.4181671 -0.8861712 0.1995922 0.4319406 -0.8958349 0.1044372 0.4094122 -0.9122735 0.01178032 0.3720839 -0.928165 -0.007965326 0.07767099 -0.9958373 0.04770129 0.2899284 -0.9569163 -0.01590025 0.09234917 -0.9956684 -0.010773 0.02667337 -0.9996418 -0.002227842 0.00439471 -0.999259 0.03824049 0.05053943 -0.962966 0.2648439 -0.01110887 -0.9632992 0.2682003 -0.02404892 -0.9997106 -6.40899e-4 -0.2262049 -0.9740671 -0.004974544 -0.260605 -0.9654196 0.007080495 -0.2782683 -0.9599005 0.03402817 -0.2066729 -0.9771493 0.049654 -0.1731674 -0.98294 0.06198495 -0.01980662 -0.9997319 0.01199382 -0.01791465 -0.9997131 0.01590043 -0.06753903 -0.9957204 0.06308323 -0.0601229 -0.9958431 0.0684241 -0.0178231 -0.9995896 0.02243143 -0.01373368 -0.9997244 0.0190441 -0.0155645 -0.9995793 0.02447599 -5.49344e-4 -0.9997763 0.02114975 0.003356993 -0.99982 0.01867735 0.01843327 -0.9960077 0.08734446 0.05701005 -0.9829658 0.174723 0.09091621 -0.9830186 0.1594009 0.06109917 -0.9957458 0.06897306 0.01547306 -0.9997064 0.01864701 0.01544237 -0.9997573 0.01571702 0.06573855 -0.995906 0.06204575 0.07046926 -0.9960618 0.0538057 0.3955876 -0.8863335 0.240673 0.4363699 -0.8861379 0.1560164 0.4682027 -0.8818057 0.05661404 0.4093852 -0.9122813 0.01211613 0.4506151 -0.8927153 -0.002349972 0.3723381 -0.928068 -0.007355153 0.1464627 -0.9829999 0.1107245 0.2201633 -0.9611622 0.1664195 0.2954567 -0.9288836 0.2233397 0.1947736 -0.9805825 -0.02282834 0.02624607 -0.9879829 0.152319 0.06213772 -0.9159517 0.3964485 0.03643995 -0.9321796 0.3601575 5.79867e-4 -0.9497912 0.3128839 -0.02658247 -0.9629524 0.2683583 -0.004364192 -0.9992533 0.0383929 -0.02212655 -0.999754 -0.001617491 -0.1941944 -0.9806772 -0.02368295 -0.2265145 -0.9739942 -0.005157768 -0.3413848 -0.9399223 -0.001617491 -0.1657497 -0.9829926 0.07907521 -0.1569578 -0.9829778 0.09549307 -0.05374467 -0.9956961 0.07550501 -0.04513752 -0.9958342 0.0792272 -0.009766101 -0.9997482 0.0202037 -0.01321488 -0.999573 0.02606356 -0.01013231 -0.9995946 0.02661269 0 -1 5.3715e-6 0.03897243 -0.9830393 0.179206 0.08557587 -0.9611726 0.2623433 0.1116703 -0.961207 0.2522119 0.1065111 -0.9830156 0.1494513 0.3695862 -0.8862136 0.2793413 0.4704257 -0.8347354 0.2862107 0.4970602 -0.8346596 0.2372229 0.501098 -0.8568625 0.1211925 0.3857294 -0.9223752 -0.02090549 0.2957952 -0.9546505 -0.03387665 0.09390801 -0.9954192 -0.01794534 0.01944071 -0.9998089 -0.002044737 0.006714165 -0.9989486 0.04535126 0.06628721 -0.9632095 0.2604489 0.07318586 -0.9321586 0.3545761 0.01620572 -0.9324555 0.360921 4.5778e-4 -0.921602 0.3881361 -0.01635801 -0.9325616 0.3606401 -0.02603292 -0.9879692 0.1524437 -0.02700966 -0.9996325 -0.002319455 -0.09460896 -0.995439 -0.0122686 -0.2957593 -0.9546639 -0.03381496 -0.2899639 -0.956902 -0.01611417 -0.3044582 -0.9525001 -0.006988823 -0.3411712 -0.9399527 0.009552419 -0.284106 -0.9562978 0.0691266 -0.2603569 -0.9610711 0.09250283 -0.1464632 -0.9830033 0.1106943 -0.1346515 -0.9829684 0.1250684 -0.03772187 -0.995693 0.0846911 -0.00927782 -0.9997215 0.02169919 -0.02816921 -0.995841 0.08664393 0 -1 -4.55992e-5 0 -1 -2.19255e-5 0.003418087 -0.9997035 0.02410978 0.02096658 -0.9830211 0.1822907 0.05865848 -0.9611816 0.2696094 0.1368169 -0.9611058 0.2399102 0.1210693 -0.9830209 0.1378853 0.1346515 -0.9829684 0.1250684 0.4391477 -0.8348354 0.3319626 0.5181247 -0.8349752 0.1853737 0.5018298 -0.8564342 0.1211923 0.4860513 -0.8737998 0.01510703 0.4441069 -0.8959351 -0.008331537 0.2022817 -0.9611431 0.187846 0.271012 -0.9290707 0.2517543 0.3394368 -0.8862226 0.3152655 0.1981891 -0.9794401 -0.03766018 0.02832162 -0.9995891 -0.004425227 0.008423209 -0.9992814 0.03695839 0.03677505 -0.9877082 0.1519222 0.100835 -0.934677 0.340898 0.09598404 -0.8917516 0.4422287 0.07345932 -0.8917359 0.4465546 0.04910457 -0.8918171 0.4497234 -0.03640943 -0.9321806 0.3601579 -0.0505703 -0.9629724 0.2648151 -0.006622552 -0.9989436 0.04547309 -0.378807 -0.9254404 -0.008087635 -0.4163759 -0.9091114 0.01214671 -0.3740122 -0.9263173 0.04529041 -0.2490088 -0.9611821 0.118843 -0.2357885 -0.9611604 0.1434385 -0.1210693 -0.9830209 0.1378853 -0.1065111 -0.9830156 0.1494513 -0.007721304 -0.9995656 0.02844387 -0.005249142 -0.9997587 0.0213325 -0.002136349 -0.9997825 0.02075308 -0.004425168 -0.9996121 0.02749741 -7.3246e-4 -0.9997774 0.02108871 -0.001892149 -0.9995797 0.02893173 0.002349972 -0.9994129 0.03418147 0.002075254 -0.9962027 0.0870403 0.001342773 -0.9997677 0.02151578 0.00991851 -0.9957926 0.09109812 0.03158748 -0.9610534 0.2745518 0.07880109 -0.9287975 0.3621129 0.1148136 -0.9289164 0.3520402 0.149941 -0.928914 0.3385804 0.160376 -0.9610661 0.2250148 0.4032469 -0.8349374 0.3745285 0.503638 -0.7755084 0.3807041 0.5392999 -0.7755774 0.3280785 0.5694268 -0.775828 0.2717427 0.5554123 -0.8288305 0.06750762 0.5568231 -0.8304585 0.01693814 0.5556984 -0.8313808 -0.002288937 0.5123209 -0.858741 -0.009552359 0.4791187 -0.8773924 -0.02505612 0.3936918 -0.918187 -0.04403853 0.3016195 -0.9517661 -0.05627703 0.09381639 -0.9951744 -0.02874916 0.02002024 -0.9997928 -0.003692746 0.01016271 -0.9989674 0.04428255 0.07031548 -0.977184 0.2004175 0.141824 -0.8927254 0.4277001 0.02240127 -0.8925733 0.4503457 1.22078e-4 -0.8881459 0.4595616 -0.02252298 -0.8924663 0.4505516 -0.0621367 -0.9159678 0.3964117 -0.0416584 -0.9880522 0.1483833 -0.007873892 -0.9991362 0.04080408 -0.02121067 -0.9997722 -0.002410948 -0.3936955 -0.9181956 -0.04382532 -0.3794414 -0.9251802 -0.008117973 -0.450615 -0.8927152 -0.00238049 -0.3542646 -0.9311652 0.08618563 -0.3482557 -0.9291294 0.124244 -0.2201633 -0.9611622 0.1664195 -0.2022524 -0.9611491 0.1878472 -0.09091621 -0.9830186 0.1594009 -0.07440435 -0.9829743 0.168005 -0.01989829 -0.9957402 0.09003072 0 -1 -1.61349e-4 -0.01022368 -0.9958507 0.09042644 -0.003570675 -0.9959492 0.0898472 0.002075254 -0.9977063 0.06766128 0.006439447 -0.9828599 0.1842423 0.007446706 -0.960931 0.276688 0.04226875 -0.9290588 0.3675096 0.1833606 -0.9290111 0.3214305 0.1820756 -0.9611614 0.2074062 0.4623329 -0.7757635 0.4294639 0.5945431 -0.7754911 0.2124436 0.5691292 -0.8106611 0.1375517 0.2443081 -0.9289203 0.2782458 0.3055553 -0.8862997 0.3480071 0.3631803 -0.8348569 0.4136593 0.1957193 -0.9791458 -0.05447667 0.02420181 -0.9996913 -0.005646049 0.04605305 -0.9883868 0.1448124 0.1720079 -0.8403242 0.5140706 0.1205216 -0.8407523 0.5278354 0.0932362 -0.840835 0.5332013 0.06329756 -0.8409364 0.5374192 -0.04910522 -0.8918294 0.449699 -0.07526028 -0.9322387 0.3539308 -0.05737668 -0.9798599 0.1912658 -0.04489314 -0.9989423 -0.009949088 -0.2684426 -0.9619803 -0.05032533 -0.3369019 -0.9370627 -0.09171026 -0.3108713 -0.945127 -0.1004701 -0.3860605 -0.9222421 -0.02066105 -0.4167718 -0.9089263 0.0124213 -0.4319406 -0.8958349 0.1044372 -0.3338754 -0.9290526 0.1593385 -0.3160277 -0.9290694 0.1922412 -0.1820484 -0.9611789 0.207349 -0.1603463 -0.9610708 0.2250158 -0.05697959 -0.9829676 0.1747233 -0.004486262 -0.9997059 0.02383518 0 -0.9899709 0.1412718 0.01089519 -0.9301853 0.3669286 0.05295032 -0.8863008 0.4600731 0.09863704 -0.8859633 0.4531444 0.1437783 -0.8860174 0.440796 0.1876002 -0.8861798 0.4236646 0.2147301 -0.9290527 0.3012508 0.4166799 -0.7753427 0.4745751 0.5178558 -0.7074432 0.4809882 0.5632608 -0.7081351 0.4257722 0.6033263 -0.7080057 0.3670496 0.6373643 -0.7079554 0.3042466 0.6367185 -0.7672178 0.07724362 0.5571027 -0.8302826 0.01635843 0.5121443 -0.8588436 -0.009796679 0.488461 -0.8709592 -0.05325609 0.401265 -0.9130091 -0.07348996 0.3011316 -0.9503942 -0.07791513 0.06357192 -0.9880967 0.1400841 0.08600324 -0.9753344 0.2032887 0.0200206 -0.9997792 -0.006378471 0.01034593 -0.9990385 0.04260444 -0.1260156 -0.1681937 0.9776661 -0.04400813 -0.2141506 0.9758089 -0.02316397 -0.169198 0.9853099 0.02923721 -0.841898 0.5388441 3.35713e-4 -0.8479794 0.5300291 -0.02975577 -0.8419218 0.5387787 -0.07348966 -0.8917338 0.4465536 -0.01236033 -0.99896 0.04388684 -0.3925051 -0.9095582 0.136542 -0.4528716 -0.8847765 0.1098989 -0.4119809 -0.8738915 0.2580413 -0.4789053 -0.877515 -0.0248425 -0.4511947 -0.8923792 -0.009094655 -0.4892234 -0.8720262 0.01519852 -0.4682011 -0.8818026 0.05667483 -0.4365135 -0.8860892 0.1558911 -0.2954289 -0.928892 0.2233418 -0.2710424 -0.9290702 0.2517237 -0.1368169 -0.9611058 0.2399102 -0.1116996 -0.9611964 0.2522397 -0.03900307 -0.9830436 0.1791763 -0.02096658 -0.9830211 0.1822907 0.00238043 -0.956888 0.2904478 0.003051877 -0.9318697 0.3627803 0.01556462 -0.8856293 0.4641321 0.2294427 -0.8862753 0.4023336 0.4659125 -0.708055 0.5306446 0.6649218 -0.708137 0.2375309 0.6287338 -0.7625316 0.1524453 0.6222286 -0.7826383 0.01757913 0.5813215 -0.8135999 -0.01098674 0.5703715 -0.8209027 -0.02819961 0.2687236 -0.8863452 0.3770675 0.319602 -0.8347435 0.448395 0.3662598 -0.7757652 0.5138503 0.01153624 -0.9991069 0.04065155 -0.7340179 -0.6156337 -0.2867281 -0.770029 -0.5740655 -0.2783958 -0.8373038 -0.4619744 -0.2924078 0.1997499 -0.7796199 0.5935426 0.1467673 -0.7783643 0.6104166 0.1147529 -0.7785192 0.6170411 0.08227932 -0.7776253 0.623321 -0.06332635 -0.8409438 0.5374044 -0.09595251 -0.8917726 0.4421935 -0.4886105 -0.8708621 -0.05346941 -0.520598 -0.8537465 -0.009735643 -0.5559375 -0.8312205 -0.00250256 -0.5011475 -0.8568123 0.1213423 -0.4181419 -0.8861824 0.1995947 -0.3956241 -0.8863162 0.2406766 -0.244306 -0.9289124 0.2782739 -0.2147653 -0.9290425 0.3012574 -0.08557587 -0.9611726 0.2623433 -0.005279839 -0.9826941 0.1851611 -0.001037597 -0.976953 0.2134519 0 -0.8969821 0.4420669 0.01864743 -0.8361444 0.5481924 0.06296062 -0.8349073 0.5467778 0.1170104 -0.8350649 0.5375642 0.1707276 -0.8348376 0.5233529 0.2227602 -0.8350381 0.5030798 0.4100582 -0.7077136 0.5753207 0.5119888 -0.6307082 0.5831594 0.5687353 -0.6305073 0.5282051 0.6190803 -0.6306166 0.4680412 0.6630868 -0.6305231 0.403431 0.7002578 -0.6308577 0.3341522 0.6828557 -0.7115737 0.1654418 0.6830148 -0.7301666 0.01864707 0.652776 -0.7575485 -0.001953184 0.5813006 -0.8113549 -0.06158787 0.4973021 -0.862733 -0.09155607 -0.2738463 -0.356278 0.89335 -0.3568928 -0.2777562 0.8918963 -0.3850923 -0.1823527 0.9046831 0.01330637 -0.999202 0.03766077 0.03445601 -0.7786633 0.6264953 6.71422e-4 -0.8063777 0.5914006 -0.03476113 -0.7787238 0.6264033 -0.09326797 -0.8408463 0.5331779 -0.2648159 -0.7086884 0.6539368 -0.1553127 -0.7789744 0.607517 -0.231249 -0.7788977 0.58296 0.320881 0.02063107 0.9468948 0.320756 -0.00112915 0.9471613 0.255962 -0.001159667 0.9666863 -0.5563008 -0.8308194 0.01638871 -0.5554111 -0.8288288 0.06753802 -0.5180935 -0.8350352 0.1851903 -0.3695862 -0.8862136 0.2793413 -0.3394368 -0.8862226 0.3152655 -0.1833295 -0.9290385 0.3213684 -0.1499127 -0.9289278 0.3385549 -0.05865722 -0.9611918 0.2695732 -0.03155672 -0.9610462 0.2745802 -0.00878942 -0.9617422 0.2738156 -0.01364219 -0.9294098 0.3687974 7.32462e-4 -0.8580791 0.5135169 7.32453e-4 -0.8564515 0.516227 0.2726915 -0.8348907 0.4781181 0.4505514 -0.6304912 0.6320477 0.7305955 -0.6307067 0.2616093 0.7114548 -0.6973551 0.08676499 0.6827378 -0.7304082 0.0193184 0.6477148 -0.7617966 -0.01147532 0.6583041 -0.7521209 -0.0308246 0.3126729 -0.7756851 0.5482229 0.3500303 -0.7076906 0.6137205 0.2256898 -0.7031024 0.6743228 0.17332 -0.7074106 0.685223 0.1368184 -0.7076228 0.6932177 0.08340966 -0.6302881 0.7718678 7.3247e-4 -0.7589612 0.6511355 -0.08237183 -0.7776342 0.6232976 -0.1240905 -0.8423566 0.5244395 -0.3036953 -0.9489294 -0.08545339 -0.2197048 -0.9731833 -0.06814843 -0.6456626 -0.7415232 -0.1823823 -0.5880354 -0.7899475 -0.1737738 -0.5569168 -0.8195357 -0.134926 -0.5813621 -0.8112945 -0.06180155 -0.5701372 -0.821039 -0.02896308 -0.5217896 -0.8530163 -0.009949266 -0.6524969 -0.7577876 -0.002410948 -0.5017048 -0.8564902 0.1213137 -0.4970602 -0.8346596 0.2372229 -0.4704257 -0.8347354 0.2862107 -0.305588 -0.8862754 0.3480401 -0.2687236 -0.8863452 0.3770675 -0.1148437 -0.9289131 0.352039 -0.01629728 -0.8858847 0.4636192 0 -0.8125751 0.5828567 0.02319461 -0.7756466 0.6307412 0.07214814 -0.7757755 0.6268708 0.1342228 -0.7756721 0.6166985 0.1955103 -0.7761508 0.5994713 0.2555083 -0.7757722 0.5769689 0.3843241 -0.6310081 0.6738871 0.4861814 -0.5462445 0.6820884 0.5526456 -0.5463281 0.6293715 0.6134733 -0.5467576 0.5698304 0.6683303 -0.5460417 0.5051466 0.7156497 -0.5461755 0.4353595 0.7557431 -0.5465351 0.3607656 0.7312055 -0.6589059 0.1765831 0.7401105 -0.6724809 -0.002441465 0.6482566 -0.7613299 -0.01184141 0.6708196 -0.7384204 -0.06882154 0.5920214 -0.7991586 -0.1041943 -0.5334795 -0.1814074 0.8261302 -0.4946618 -0.0926575 0.8641322 -0.4679201 -0.1786593 0.865524 -0.924767 -0.2244393 -0.3072994 -0.9228787 -0.1882747 -0.335928 -0.8899765 -0.3137395 -0.330922 0.02081418 -0.9991125 0.03662323 0.0167244 -0.9991322 0.03814876 -0.590756 -0.7758842 -0.2213847 -0.6708043 -0.7074575 -0.2225434 0.1025751 -0.7080157 0.6987074 0.04184162 -0.7079205 0.7050517 0.001068174 -0.706618 0.7075946 -0.08337867 -0.6302232 0.7719241 -0.1147825 -0.7785432 0.6170054 -0.2796218 -0.5894887 0.7578356 0.4569253 -0.02243119 0.8892222 0.3860414 -0.1037968 0.9166233 0.4301326 -0.009399771 0.9027169 0.3246068 -0.7043931 0.6312375 0.3919617 -0.0904597 0.9155234 0.4092364 -0.1793938 0.8946192 0.3050976 -0.2695736 0.9133704 -0.5213205 -0.853303 -0.009949088 -0.6499997 -0.7598385 -0.01208561 -0.556585 -0.8306506 0.01525974 -0.5691292 -0.8106611 0.1375517 -0.5942132 -0.7756512 0.2127814 -0.4391433 -0.834827 0.3319898 -0.4032469 -0.8349374 0.3745285 -0.229475 -0.8862516 0.4023672 -0.1876347 -0.8861681 0.4236736 -0.07876992 -0.9287894 0.3621402 -0.04229921 -0.9290575 0.367509 -0.05298155 -0.8863118 0.4600483 -0.01937973 -0.8358309 0.5486447 0.4150626 -0.5460515 0.7277024 0.7889952 -0.5459058 0.2819104 0.7812091 -0.6169834 0.09509891 0.7364084 -0.6761932 0.02157735 0.6861374 -0.7273691 -0.01223826 0.7375884 -0.6744441 -0.03299123 -0.9885524 -0.1470117 -0.03393751 -0.9745271 -0.2201628 0.04272633 -0.967552 -0.2526689 0.001342833 0.2861202 -0.7076247 0.646067 0.314382 -0.6302596 0.7098851 0.04568636 -0.9987829 -0.0185858 -0.5065593 -0.8313763 0.228498 -0.5368257 -0.8405792 0.07242107 -0.5972317 -0.7785162 0.1929428 0.1243033 -0.9702863 0.2075893 0.1662684 -0.951313 0.259535 0.1992312 -0.6309903 0.7497722 0.1586381 -0.6313478 0.7591007 0.120216 -0.6319352 0.7656409 0.08496618 -0.6325769 0.7698229 0.0533784 -0.6330943 0.7722322 0.001159727 -0.648783 0.7609727 -0.04184162 -0.7079205 0.7050517 -0.1026356 -0.7079204 0.6987953 0.7656978 -0.6185034 -0.1765234 0.777075 -0.6281117 -0.0403766 0.8151543 -0.5759183 -0.06198346 -0.9308998 -0.3365669 -0.1419453 -0.884534 -0.4237267 -0.1950778 -0.8857503 -0.4427989 -0.1391967 -0.6706991 -0.7385442 -0.06866914 -0.6584796 -0.7519291 -0.03173983 -0.5870401 -0.8094957 -0.01004081 -0.6507337 -0.7592301 -0.01074278 -0.7035813 -0.7105091 -0.01226854 -0.6210149 -0.7835934 0.01794558 -0.636936 -0.7669785 0.07782399 -0.5694268 -0.775828 0.2717427 -0.5392999 -0.7755774 0.3280785 -0.3631803 -0.8348569 0.4136593 -0.3195976 -0.8347321 0.4484193 -0.1437783 -0.8860174 0.440796 -0.06293123 -0.8349228 0.5467574 -0.02133291 -0.7747308 0.6319313 -0.001861691 -0.7621646 0.6473806 0.02478116 -0.7077285 0.7060499 0.08078533 -0.707841 0.7017371 0.1501554 -0.7080804 0.6899824 0.2188515 -0.7083454 0.6710818 0.3390421 -0.5465754 0.7657061 0.4405458 -0.4576976 0.7722904 0.5156541 -0.4589797 0.7234905 0.5863595 -0.4583938 0.6678755 0.6513188 -0.4580076 0.6049901 0.708953 -0.4584237 0.5359416 0.7591357 -0.4586737 0.4618782 0.8023301 -0.4578552 0.3829296 0.7798576 -0.5968949 0.1885172 0.7859535 -0.6178249 0.02386575 0.7591639 -0.6507903 -0.01193296 0.7508046 -0.6563169 -0.07443648 0.6831764 -0.7206237 -0.1182016 0.2641101 -0.9593601 -0.09936934 0.1722508 -0.9847043 -0.02621603 0.007446646 -0.9991667 0.04013264 -0.213392 -0.9158887 0.3400172 -0.2110105 -0.8994347 0.3827427 -0.1530252 -0.9383248 0.3100485 0.1648619 -0.9859368 -0.02737522 0.1022073 -0.9947587 -0.002960264 0.102727 -0.9810342 0.1643755 0.184644 -0.959264 0.2138208 0.1676125 -0.9508012 0.2605441 -0.3460281 -0.930168 -0.1226876 -0.2192164 -0.9741594 0.05438446 -0.1988351 -0.9772066 -0.07437622 0.1707525 -0.9494695 0.2633465 0.1647457 -0.9349732 0.31414 0.1792976 -0.9376582 0.2977409 0.232344 -0.9064866 0.3525599 0.2055475 -0.8922014 0.4021529 0.8835926 -0.4009006 -0.2419564 0.8477818 -0.4730109 -0.2398473 0.8538557 -0.4411497 -0.2762564 -0.4722177 -0.8636827 -0.1762462 -0.5175981 -0.8409444 -0.1578125 0.241348 -0.6309598 0.7373201 0.03070211 -0.5176332 0.8550516 -0.08487325 -0.6325669 0.7698413 -0.1201252 -0.6319091 0.7656767 -0.1368458 -0.7074539 0.6933848 0.6793942 -0.6949286 -0.2355799 0.7229055 -0.6366281 -0.2685374 0.6796482 -0.6939926 -0.2375976 0.2673777 -0.8366809 0.47799 -0.08823138 -0.968653 0.2322216 -0.3614938 -0.9249299 -0.1175885 -0.362386 -0.9222012 -0.1349868 -0.3376364 -0.9343825 -0.1137154 0.3934854 -0.04550427 0.918204 -0.1874473 -0.08639907 0.9784676 -0.2144584 -0.1358104 0.9672451 -0.6528444 -0.703629 0.280536 -0.655676 -0.7365216 0.1662079 -0.7019204 -0.6610851 0.2650933 -0.7375573 -0.6744436 -0.03369313 -0.7400969 -0.6724963 -0.002349972 -0.6811271 -0.7318804 0.02041733 -0.6290379 -0.7624692 0.1514989 -0.6651632 -0.7078288 0.237774 -0.503626 -0.7755206 0.3806951 -0.462363 -0.7757627 0.429433 -0.2727198 -0.8348838 0.4781141 -0.2227602 -0.8350381 0.5030798 -0.09860682 -0.885966 0.4531458 -0.1170104 -0.8350649 0.5375642 -0.07214844 -0.7757485 0.6269042 -7.93501e-4 -0.7124727 0.7016994 0.3597017 -0.4591035 0.8123046 0.8367668 -0.4587599 0.2989325 0.8224503 -0.5327052 0.1995012 0.8420577 -0.5296623 0.1019649 0.8155966 -0.5786145 -0.002716183 0.7914522 -0.6111147 -0.01193296 0.805463 -0.5916454 -0.03442567 -0.7778924 -0.6203241 0.1004067 -0.8209711 -0.5382091 0.1906239 -0.7816252 -0.5859671 0.2137864 -0.8771523 -0.4156715 -0.2404607 -0.8422674 -0.485407 -0.234448 -0.8308491 -0.5240111 -0.1873561 0.240831 -0.6300795 0.7382414 0.2599317 -0.54553 0.7967638 0.3436515 -0.5027201 0.7932063 0.3740084 -0.6280167 0.6824317 0.2197077 -0.9736236 0.06152671 0.2731466 -0.9613541 0.03448665 0.3328437 -0.9366381 -0.1091981 0.1697475 -0.9851582 -0.02548348 0.1705073 -0.9819967 0.08130151 0.117497 -0.9877077 0.1030922 0.07110875 -0.9913723 0.1101118 0.1028788 -0.981545 0.1612002 0.2579805 -0.9119504 0.3190498 0.228742 -0.9085591 0.3495679 0.2093935 -0.912896 0.3503931 0.2424758 -0.8884474 0.3897009 0.3355885 -0.6403831 0.6908618 0.3305504 -0.7779882 0.5342947 -0.5208938 -0.04293984 0.8525409 -0.5511517 -0.02148568 0.8341285 -0.5016733 -0.01208555 0.8649728 0.2244713 -0.5495962 0.8047091 0.1802164 -0.5501103 0.8154145 0.1378843 -0.550866 0.823125 0.09857612 -0.5513857 0.8284061 0.06265538 -0.5519049 0.8315501 0.0299701 -0.5526468 0.8328766 -0.03119081 -0.5173345 0.8552148 -0.05331629 -0.6330814 0.772247 -0.1585446 -0.6313094 0.7591522 -0.1829933 -0.7080463 0.6820439 -0.4095157 -0.6284044 0.6613659 -0.3885427 -0.630104 0.6723123 -0.3048907 -0.9475722 -0.0956484 -0.2360022 -0.9697365 -0.06256359 -0.9418913 -0.3225601 0.09378623 -0.8890327 -0.4368559 0.1370325 -0.5642372 -0.5615515 -0.6052243 -0.2345093 -0.9702962 -0.05942082 -0.3223114 -0.9465171 0.01486271 -0.2972534 -0.6228588 0.7236624 -0.3172504 -0.5496871 0.7727848 -0.2897801 -0.4844624 0.8254233 -0.3768463 -0.9262459 -0.007446587 -0.7624055 -0.635048 -0.1243056 -0.818388 -0.5692337 -0.07882964 -0.5850852 -0.7830637 -0.2109187 -0.6278753 -0.7470535 -0.2183662 -0.6351636 -0.7628251 -0.1210998 -0.2435145 -0.951321 0.1889152 -0.1692903 -0.9820486 0.08319544 -0.7509875 -0.6560727 -0.07474166 -0.755137 -0.6554612 -0.01178038 -0.7370351 -0.6754782 0.02255356 -0.6812223 -0.7317928 0.02038687 -0.7115264 -0.6973044 0.08658319 -0.6831452 -0.7114366 0.164835 -0.6373643 -0.7079554 0.3042466 -0.6033393 -0.7079905 0.3670576 -0.4166739 -0.7753315 0.4745987 -0.3662598 -0.7757652 0.5138503 -0.1706952 -0.8348287 0.5233778 -0.1341953 -0.77569 0.6166821 -0.08075326 -0.7078579 0.7017236 -0.02395749 -0.7093259 0.7044734 9.76594e-4 -0.6605437 0.7507871 0.02810811 -0.6324174 0.7741177 0.08878052 -0.630345 0.7712219 0.1649896 -0.6306902 0.7582932 0.2754685 -0.459104 0.844595 0.3766744 -0.3671217 0.850493 0.4605602 -0.3684847 0.8075292 0.5395909 -0.368283 0.7571059 0.6135037 -0.3681572 0.6986227 0.6814644 -0.3675739 0.6328473 0.7418051 -0.3677896 0.5607638 0.7943878 -0.3678801 0.4833347 0.8393369 -0.3675417 0.4005329 0.7858738 -0.6178952 0.02465963 0.8183993 -0.5692721 -0.07843399 0.7634957 -0.6330571 -0.1277223 0.4153412 -0.8996263 -0.1347745 0.5990864 -0.7796363 -0.182381 0.5731112 -0.8067016 -0.1441399 -0.7899638 -0.5995534 -0.1284255 -0.5330148 -0.840433 -0.09781348 0.8229231 -0.5019209 -0.2662201 0.8696744 -0.4009609 -0.2879179 0.8521016 -0.4161015 -0.3174628 0.2350901 -0.9525071 0.1935533 0.332817 -0.8503695 0.4075596 0.3048551 -0.8444324 0.4404514 0.3392569 -0.7995854 0.4955482 -0.2986633 -0.4609047 0.8356837 -0.249862 -0.4612391 0.8513681 0.001220762 -0.5907306 0.806868 0 -0.653073 0.757295 -0.09848463 -0.5513555 0.8284371 -0.1377634 -0.5508401 0.8231625 -0.1801218 -0.5500707 0.8154621 -0.2059149 -0.6287319 0.7498636 -0.1142318 -0.987985 0.1040996 -0.08942115 -0.9959933 0.001190245 -0.01919656 -0.9996559 0.01788419 -0.2068284 -0.9471318 0.2452825 -0.1890653 -0.9417558 0.2781198 -0.1851583 -0.9591184 0.2140292 -0.1676714 -0.9525899 0.2538877 -0.1637933 -0.9540728 0.2508324 0.8042405 -0.5352447 -0.2582835 0.7160325 -0.6672329 -0.205178 -0.1157289 -0.9724338 0.202434 -0.1009573 -0.9825335 0.156319 0.9156789 -0.3197841 -0.2434546 0.9280107 -0.3146166 -0.1995308 -0.2731757 -0.9611965 0.03842341 -0.4380698 -0.8986322 -0.02356064 -0.2954607 -0.6689906 0.6820225 -0.5830995 -0.8060421 -0.1014457 -0.583188 -0.7834843 -0.2145792 -0.6197222 -0.7545864 -0.21574 -0.609566 -0.7326206 0.3028144 0.3753886 -0.9179015 -0.1286087 -0.7553181 -0.6552458 -0.01214659 -0.786693 -0.6168842 0.02383548 -0.7308496 -0.6592509 0.1767687 -0.7305859 -0.6308205 0.2613617 -0.5632681 -0.7081443 0.4257472 -0.5178182 -0.7074337 0.4810427 -0.3126655 -0.7756973 0.5482099 -0.2554813 -0.7757524 0.5770074 -0.1955385 -0.7761725 0.5994339 -0.1501522 -0.7080655 0.6899983 -0.02914565 -0.6317748 0.774604 0.2882838 -0.3684881 0.8838037 0.8754048 -0.3680582 0.3133683 0.8640934 -0.4578203 0.2091488 0.8341551 -0.5509355 0.02560573 0.791844 -0.6105921 -0.01266533 0.8633012 -0.5034779 -0.03494465 0.2609699 -0.9622712 -0.07699996 0.1782304 -0.5455864 0.8188831 0.1890054 -0.4586733 0.8682717 0.6924564 -0.7214499 0.00375384 0.6820698 -0.7180823 -0.1383427 0.6322924 -0.765996 -0.1160026 0.3018316 -0.9054642 0.2983829 0.3053731 -0.8442776 0.4403892 0.3909888 -0.7559137 0.5250927 0.378656 -0.7092132 0.5946733 0.4260177 -0.6319003 0.6474651 0.4160716 -0.5500521 0.7241045 0.4656299 -0.5505951 0.6928447 0.2497078 -0.4613888 0.8513322 0.2702183 -0.5493482 0.7906951 0.2020655 -0.4622695 0.8634098 0.1560738 -0.4630637 0.8724752 0.1127368 -0.463582 0.8788527 0.07242196 -0.4641964 0.8827666 0.03558546 -0.4649306 0.8846317 0.00149542 -0.5245889 0.8513544 -0.06262606 -0.5518847 0.8315656 -0.224529 -0.5496795 0.8046361 -0.6467652 -0.7226668 -0.2438187 -0.7013347 -0.6627888 -0.2623749 -0.7666385 -0.5810827 -0.2731455 -0.2135129 -0.9158838 0.3399543 -0.1010197 -0.9825462 0.156199 -0.07065123 -0.9917425 0.1070298 -0.4693867 -0.4090806 0.7825146 -0.4230296 -0.4237011 0.8009516 -0.4606536 -0.546473 0.6994037 -0.04101699 -0.9990271 -0.01620537 -0.05078315 -0.9986337 0.01232951 0.8460002 -0.497895 -0.1907468 0.8305835 -0.5398259 -0.1368181 0.7601005 -0.6159604 -0.2069783 -0.6451172 -0.7635931 0.02737581 -0.5355862 -0.8418797 -0.06622725 -0.6940724 -0.7198919 0.004394769 -0.6815846 -0.7190316 -0.1357797 -0.3140404 -0.8144297 0.4879376 -0.2675273 -0.8521443 0.4497547 0.336903 -0.941369 0.01791483 0.4427372 -0.888984 0.1170093 0.4289767 -0.9026335 -0.03509694 -0.7372838 -0.6247899 -0.2570025 -0.7220213 -0.6727634 -0.1614766 -0.4469161 0.09659171 0.8893459 -0.383168 -0.009308338 0.9236318 -0.4627981 0.05188316 0.8849442 -0.805469 -0.5915888 -0.03524994 -0.8021355 -0.5970162 -0.01226866 -0.8157733 -0.5783659 -0.002655148 -0.7809566 -0.6173735 0.09464013 -0.7002649 -0.630864 0.3341251 -0.6630868 -0.6305231 0.403431 -0.4659439 -0.7080565 0.5306152 -0.4100582 -0.7077136 0.5753207 -0.2189144 -0.7083208 0.6710874 -0.1650193 -0.6306869 0.7582893 -0.08874988 -0.6303135 0.7712512 0 -0.5982945 0.8012763 0.03076326 -0.5455604 0.8375067 0.0957989 -0.5461058 0.8322206 0.1976453 -0.3687691 0.9082653 0.2982658 -0.2743386 0.9142078 0.3894611 -0.2740358 0.8793318 0.47613 -0.2758019 0.8350052 0.558167 -0.2743377 0.7830635 0.6342241 -0.2755904 0.7223641 0.7042844 -0.2758297 0.6541419 0.7668889 -0.2754061 0.5796835 0.8214528 -0.2747637 0.4997202 0.8676837 -0.2749756 0.4141419 0.8920276 -0.4387806 0.1084362 0.8793863 -0.4761028 -0.002411007 0.8384168 -0.5448855 -0.01254326 0.8752782 -0.4768252 -0.08078312 0.4235475 -0.3629056 0.8300042 0.2657617 -0.5767225 0.7725036 0.2810234 -0.3723682 0.8845156 0.2869108 -0.9418831 0.1747528 0.3836219 -0.7897973 0.4785966 0.4475635 -0.7102419 0.5433632 0.5022538 -0.4625179 0.7306287 0.4511656 -0.4620304 0.7635297 0.3862506 -0.4960891 0.7776285 -3.66228e-4 -0.4520169 0.8920094 -0.03070187 -0.5528178 0.8327364 -0.112648 -0.4635629 0.8788742 -0.1559549 -0.4630122 0.8725237 -0.2019435 -0.4622086 0.863471 -0.2567605 -0.9131126 0.3167008 -0.009460747 -0.9996683 0.02395707 0.2004808 -4.27269e-4 0.9796976 0.1967552 -0.002349913 0.9804499 0.2200759 -0.04605382 0.974395 -0.3292397 -0.9303739 0.1612628 -0.5979558 -0.8002347 0.04553407 -0.7360354 -0.6766752 -0.01904404 -0.7641287 -0.6202328 -0.177253 -0.7664907 -0.5919817 -0.249098 -0.4494894 -0.2766887 0.8493543 -0.7873191 -0.6160791 0.02398759 -0.7796407 -0.5971976 0.1884554 -0.7886665 -0.5461642 0.2823293 -0.619111 -0.6305862 0.4680413 -0.5687244 -0.6305257 0.528195 -0.3500571 -0.7076831 0.613714 -0.2860921 -0.7076309 0.6460726 -0.2407976 -0.6301025 0.7382326 -0.09582996 -0.5461394 0.832195 -0.02826076 -0.5440046 0.8386063 0.2043876 -0.2754976 0.9393225 0.9053167 -0.2747933 0.323868 0.8984172 -0.3818227 0.2169287 0.8761805 -0.4812598 0.02639925 0.8762318 -0.481163 0.02645999 0.9121849 -0.4083148 -0.0346086 -0.9113945 -0.3640024 -0.1919962 -0.8868932 -0.4508628 -0.1007139 -0.8800823 -0.4407278 -0.1766756 0.1015682 -0.4591629 0.8825267 0.1063278 -0.3678748 0.9237763 -0.3258551 -0.3671783 0.8712053 0.352774 -0.8921744 0.282091 0.3386971 -0.9279837 0.1553404 0.365804 -0.8459331 0.3880525 0.4911729 -0.6912249 0.530054 0.4633122 -0.6941289 0.5509328 0.4641376 -0.6411496 0.6111492 0.5109204 -0.5515413 0.6593653 0.5509034 -0.4639845 0.6937031 0.3913825 -0.4648125 0.7942098 0.2238547 -0.368544 0.9022552 0.1744483 -0.3694971 0.9127101 0.1272348 -0.369924 0.9203085 0.08255416 -0.3705018 0.9251559 0.04065173 -0.3717256 0.9274522 6.10377e-5 -0.3739781 0.9274376 -0.03524929 -0.4653828 0.8844074 -0.07236123 -0.4641984 0.8827705 -0.3326314 -0.8540865 0.3998657 -0.3019858 -0.9044314 0.3013449 -0.7063069 -0.6946486 0.1363599 0.8454447 -0.4939848 -0.2029836 0.7122507 -0.6712027 -0.2053923 -0.7768069 -0.6283917 -0.04117047 -0.841938 -0.4870892 -0.2321304 -0.8751386 -0.4771069 -0.08063173 -0.8631692 -0.5036247 -0.03607344 -0.8449234 -0.534757 -0.01181089 -0.8339358 -0.5512674 0.02560555 -0.8422057 -0.5292321 0.1029715 -0.7557515 -0.5465411 0.3607391 -0.7156766 -0.5461422 0.4353572 -0.5119979 -0.6307194 0.5831393 -0.4505271 -0.6304693 0.6320869 -0.314382 -0.6302596 0.7098851 -0.2599033 -0.5455343 0.7967701 -0.1782333 -0.545565 0.8188968 -0.00250256 -0.5301783 0.8478825 0.03048825 -0.4569271 0.8889815 0.1099287 -0.2745472 0.9552693 0.2091199 -0.1817744 0.960847 0.3050349 -0.1815255 0.9348809 0.3980678 -0.1826601 0.8989869 0.4871181 -0.1822305 0.8541124 0.5707949 -0.1816179 0.8007548 0.6488958 -0.1810694 0.7390184 0.7204955 -0.1816193 0.6692539 0.7842912 -0.1826289 0.5929031 0.8400362 -0.1822291 0.5110106 0.8873574 -0.1823546 0.42349 0.9263461 -0.3026884 0.2241932 0.9314263 -0.3458781 0.113197 0.9143462 -0.4039481 0.02822995 0.8802713 -0.4743326 -0.01144474 0.8803538 -0.4741752 -0.01162773 0.9225931 -0.3770638 -0.08151656 0.8855817 -0.4428367 -0.1401451 0.6546363 -0.7309953 -0.1926065 0.6580005 -0.7122947 -0.2442781 0.6302196 -0.748176 -0.2074994 0.5251166 -0.8483169 -0.0679056 0.5634223 -0.8023297 -0.1970345 0.5041218 -0.8456661 -0.1752432 0.4700832 -0.8661276 -0.1698379 0.4037348 -0.8757403 0.2647211 0.4266605 -0.7781213 0.4609643 0.4166122 -0.7140485 0.5626447 0.5859386 -0.3693436 0.7212914 0.5351867 -0.3687649 0.759992 0.4831823 -0.368277 0.7942965 -0.04062151 -0.3710262 0.9277335 -0.1271411 -0.3699179 0.9203239 -0.1742975 -0.3694703 0.9127498 -0.2237025 -0.3684835 0.9023177 -0.2745498 -0.3676025 0.8885331 -0.951421 -0.1838753 -0.2469574 -0.9638427 -0.1032754 -0.2456453 -0.9501746 -0.1402342 -0.2783932 -0.2972213 -0.09463834 0.950107 -0.2660008 -0.03192251 0.9634442 -0.3533254 -0.8924848 0.2804141 -0.4075556 -0.8304319 0.379844 -0.8207138 -0.5665221 0.0740388 -0.817557 -0.5719664 -0.06674617 -0.8030075 -0.5638632 -0.1929696 -0.7367603 -0.624145 -0.2600528 -0.7330389 -0.6268934 -0.2639294 -0.8339744 -0.484954 -0.2632608 0.04916596 -0.07232981 0.9961682 0.1175295 -0.1367871 0.9836037 0.141945 -0.1123108 0.9834825 -0.9899932 -0.1210405 -0.07254493 -0.8450576 -0.534551 -0.01153635 -0.8793726 -0.4761259 -0.002838253 -0.8228254 -0.5325583 0.1983436 -0.8370565 -0.4581882 0.2989988 -0.6683135 -0.5460529 0.5051569 -0.613503 -0.5467569 0.5697991 -0.3843581 -0.6310137 0.6738626 -0.3391018 -0.5465427 0.765703 -0.1889761 -0.458676 0.8682768 -0.1016286 -0.45916 0.8825212 -0.03027462 -0.4601926 0.8873029 -1.83113e-4 -0.459828 0.888008 0.1123724 -0.1824449 0.9767735 0.9257925 -0.1823202 0.3311612 0.9472165 -0.2240701 0.2292888 0.9449031 -0.3260665 0.02896261 0.8800852 -0.4746667 -0.01190251 0.9511335 -0.306963 -0.03344911 0.5284379 -0.8264567 -0.1942234 0.6729866 -0.7011561 -0.2355193 0.6720358 -0.7019143 -0.2359755 0.6254392 -0.7492269 -0.2179103 0.07400828 -0.1903462 0.9789235 0.09515833 -0.1630937 0.982011 0.01672428 -0.1125227 0.9935085 0.03180104 -0.3697712 0.9285785 0.03473049 -0.2731443 0.961346 0.3926877 -0.9094656 0.1366335 0.4151211 -0.8295097 0.3736151 0.4840679 -0.7060353 0.5169067 0.4660021 -0.6955087 0.5469093 0.4764631 -0.6683973 0.5711637 0.5270038 -0.5979302 0.6039425 0.5758035 -0.5233411 0.6281437 0.6312647 -0.3721239 0.6804621 0.2444003 -0.2739432 0.9301739 0.1920591 -0.2750721 0.9420449 0.1413643 -0.275282 0.9509133 0.09253257 -0.2757667 0.9567604 0.04568654 -0.2764692 0.9599363 7.32459e-4 -0.2999114 0.9539667 -0.04605329 -0.2768996 0.9597947 -0.08249443 -0.3704773 0.925171 0.8167554 -0.503445 -0.2818755 0.8414837 -0.4371308 -0.3175249 0.8087164 -0.5273946 -0.260447 -0.3595799 -0.7811448 0.5104069 -0.382897 -0.7559667 0.5309468 -0.387869 -0.7910281 0.4731092 -0.4631032 -0.8092556 0.3614427 -0.5136147 -0.8535728 -0.08725559 -0.7438683 -0.6230744 0.2417404 -0.8532207 -0.4943168 0.1663287 -0.8578813 -0.5113717 0.05038636 -0.3922671 -0.5039989 -0.769488 -0.773786 -0.5663158 -0.2837988 -0.9084166 -0.3404769 -0.2426005 -0.9121996 -0.4082298 -0.03521955 -0.8749538 -0.4834845 0.02642959 -0.89173 -0.4392576 0.1089522 -0.8642389 -0.4577555 0.2086893 -0.8022893 -0.4578799 0.3829857 -0.7591699 -0.4586455 0.46185 -0.5526456 -0.5463281 0.6293715 -0.4861652 -0.5462874 0.6820656 -0.4150351 -0.5460249 0.7277382 -0.3597283 -0.4590984 0.8122957 -0.2754967 -0.4591001 0.8445879 0.002258419 -0.3839945 0.9233326 0.03534108 -0.1846709 0.9821648 0.1252484 0.08993834 0.9880405 0.2224236 -0.08139455 0.9715466 0.2953031 0.07440561 0.952502 0.4040749 0.1216192 0.9066049 0.5129982 0.03329646 0.8577437 0.5622026 -0.01916629 0.8267775 0.6502437 0.1126772 0.7513236 0.7357064 0.1012336 0.6696924 0.8072136 -0.05698013 0.5875028 0.8441568 0.05682641 0.5330762 0.8956797 0.1243355 0.4269647 0.9612139 -0.2501079 0.116249 0.9453142 -0.3249318 0.02829074 0.9301866 -0.3670818 -0.001983702 0.9155991 -0.4019346 -0.01126146 0.9451 -0.3266205 -0.01025456 0.9590609 -0.2714974 -0.08057022 -0.7196391 -0.67383 -0.1675495 0.6793525 -0.6936659 -0.2393909 0.4546521 -0.8558946 0.2464466 0.464043 -0.8102518 0.3579891 0.4731708 -0.7587395 0.4476872 0.4988149 -0.658769 0.5632116 0.5115668 -0.6132271 0.6018738 0.5056074 -0.5892598 0.6301857 0.5839883 -0.4765296 0.6571738 0.662444 -0.2753113 0.6966863 0.6134611 -0.2746704 0.7404199 0.5628412 -0.274157 0.7797741 0.510686 -0.2737311 0.8150284 -0.09244263 -0.2757409 0.9567766 -0.1412405 -0.2752788 0.9509326 -0.1918455 -0.2750112 0.9421063 -0.2444326 -0.2740979 0.9301199 0.7738467 -0.5634773 -0.2892311 0.7755468 -0.5659734 -0.2796449 -0.5107353 -0.2737858 0.8149791 -0.4080082 -0.7166466 0.5656387 -0.8883597 -0.4582493 0.02871876 -0.8468442 -0.4884278 -0.2104597 -0.8089165 -0.505981 -0.2993952 -0.9594796 -0.2007219 -0.1977616 -0.9281196 -0.3151413 -0.1981917 -0.8865779 -0.4624549 -0.01074266 -0.8749215 -0.4835446 0.02639901 -0.8980985 -0.3822572 0.2174822 -0.8754572 -0.3683421 0.3128878 -0.7089646 -0.4584312 0.5359199 -0.6512801 -0.4580324 0.605013 -0.4404616 -0.4577053 0.7723338 -0.288315 -0.3684585 0.8838059 -0.1977018 -0.3687911 0.9082441 -0.1063296 -0.3679115 0.9237614 -0.03408974 -0.3681209 0.9291529 0.03534066 -0.05426228 0.9979012 0.9469711 0.04385566 0.3183122 0.9471184 -0.2249535 0.2288295 0.9451809 -0.3264033 -0.009705066 0.978114 -0.2057002 -0.03131282 0.9306591 -0.3372701 -0.1418542 0.5880992 -0.803471 -0.09259432 0.5976259 -0.8003035 0.04855591 0.6463323 -0.7626098 0.02609378 0.6053401 -0.7739564 0.1858899 0.5465686 -0.8341511 0.07385647 0.497371 -0.8623805 0.09445685 0.5559058 -0.8050639 0.2069807 0.5053719 -0.8324491 0.2272174 0 -0.2977467 0.9546449 2.13635e-4 -0.2257822 0.9741779 0.5271342 -0.684188 0.5040004 0.5378495 -0.6327049 0.557138 0.5559475 -0.5767009 0.598614 0.5940582 -0.4913302 0.6369377 0.6786943 -0.3823798 0.6270247 0.6969667 -0.2972568 0.6525918 0.4571819 -0.2729358 0.8464579 0.2631973 -0.181589 0.9474981 0.2084768 -0.1825659 0.9608367 0.1547318 -0.1824431 0.9709648 0.1020875 -0.1825978 0.9778733 0.05072247 -0.1840292 0.9816112 -9.15579e-5 -0.2212649 0.9752138 -0.05096632 -0.183662 0.9816673 -0.1020246 -0.182564 0.9778862 -0.9637376 -0.2261783 -0.1416094 -0.3554859 0.003143429 0.9346764 -0.3998937 -0.1030024 0.9107555 -0.4228105 -0.697909 0.5780608 -0.445792 -0.716069 0.5371356 -0.4263565 -0.7820299 0.4545869 -0.4840699 -0.7060993 0.5168173 -0.5271342 -0.684188 0.5040004 -0.4726837 -0.7625566 0.4416761 -0.5122662 -0.7877944 0.3419991 -0.5186502 -0.7406193 0.4271829 -0.5617695 -0.7609387 0.3246342 -0.6093379 -0.6879542 0.3942415 -0.7372943 -0.5864967 0.3352891 -0.6946185 -0.623539 0.3587539 -0.9083785 -0.3390702 -0.2447043 -0.8858242 -0.3751744 -0.2730566 -0.812643 -0.5023816 0.2953373 -0.8460968 -0.4588632 0.2712283 -0.8769071 -0.4128022 0.2462286 -0.9046842 -0.3646448 0.2204105 -0.8338692 -0.4781709 -0.2757081 -0.8097301 -0.498833 -0.3090354 -0.9326586 -0.2624933 -0.247478 -0.921964 -0.38714 -0.0102545 -0.9108737 -0.4117335 0.0280165 -0.9313392 -0.3460323 0.1134417 -0.8393083 -0.3675731 0.4005644 -0.7944108 -0.3678765 0.4832996 -0.5863678 -0.4583697 0.6678849 -0.5157175 -0.4589514 0.7234633 -0.4605956 -0.3684887 0.8075072 -0.3765817 -0.3671512 0.8505212 0 -0.1502429 0.9886491 0.07577854 -0.1140188 0.9905844 0.2077122 -0.02545279 0.9778589 0.2741527 5.79862e-4 0.961686 0.3457807 -0.1136224 0.9314106 0.4636085 -0.09369218 0.8810727 0.5302965 0.1130115 0.8402464 0.5982939 -0.06329631 0.7987729 0.6920812 -0.1239685 0.7110946 0.7854471 -0.04751867 0.6171022 0.8311638 0.01919662 0.5556962 0.8663762 -0.1067558 0.4878478 0.9242862 -0.1058725 0.3667236 0.9613647 -0.1475313 0.2324061 0.9805693 -0.155707 0.1193285 0.9689322 -0.2455596 0.02951228 0.9676711 -0.2522104 -0.001648008 0.9690405 -0.2467159 -0.009582936 0.9858925 -0.1671537 -0.008697926 0.9829529 -0.1663891 -0.07821995 0.9638544 -0.2258719 -0.1413034 0.6793327 -0.6929749 -0.2414394 0.736029 -0.6766999 -0.01840299 0.6996484 -0.7003199 0.1415777 0.653472 -0.7389556 0.1640699 0.5126104 -0.7878989 0.3412417 2.13632e-4 -0.221323 0.9752007 0.519107 -0.7368334 0.4331334 0.5968667 -0.5515149 0.5827363 0.6439016 -0.4798589 0.5959248 0.5989457 -0.4913033 0.6323646 0.6362262 -0.4457581 0.6296951 0.6935175 -0.3525269 0.6282981 0.6617497 -0.3834748 0.6442317 0.7276761 -0.1835747 0.6608994 0.6827457 -0.1823829 0.7075273 0.6348319 -0.1819255 0.7509272 0.5850303 -0.1815611 0.7904273 0.5334148 -0.1813451 0.8261856 0.4786656 -0.1807966 0.8591809 0.3177336 -0.1803979 0.9308609 -0.154608 -0.1824411 0.9709849 -0.2082614 -0.1825339 0.9608895 -0.2643901 -0.1815603 0.9471715 -0.4619479 -0.6386882 0.6153711 -0.4273894 -0.7042281 0.5669226 -0.5695453 -0.6600646 0.4898297 -0.6551613 -0.6536048 0.3788991 -0.7777252 -0.5434585 0.315906 -0.9295307 -0.3129159 0.1950803 -0.9235051 -0.3835629 0.004242122 -0.9184454 -0.3895473 -0.06863772 -0.3560109 -0.4292883 0.8300409 -0.4306574 -0.3677267 0.8242034 -0.8416574 -0.4357525 -0.3189557 -0.8702808 -0.3781918 -0.3155668 -0.8272629 -0.4552296 -0.3292449 -0.9250856 -0.2577311 -0.2789112 -0.9768931 -0.08731579 -0.1950795 -0.04382485 -0.998938 -0.01422166 -0.9511861 -0.306716 -0.03421181 -0.9222007 -0.3865571 -0.01092588 -0.9300909 -0.3673242 -0.002014219 -0.940114 -0.3396484 0.02871853 -0.9264982 -0.3021999 0.2242237 -0.905367 -0.274668 0.3238337 -0.7418134 -0.3677632 0.5607702 -0.681435 -0.3675745 0.6328788 -0.5395909 -0.368283 0.7571059 -0.3893989 -0.274035 0.8793597 -0.2982355 -0.2743694 0.9142084 -0.2044461 -0.2754941 0.9393108 -0.1098995 -0.2745199 0.9552806 -0.03494477 -0.2732713 0.9613022 -0.007171869 -0.068484 0.9976265 0.03595191 0.02182137 0.9991154 0.1373347 0.1685249 0.9760833 0.2751933 0.1555268 0.9487255 0.4030959 0.1995337 0.8931406 0.5345175 0.06274795 0.8428249 0.6369745 0.188489 0.747486 0.7361859 0.1742345 0.6539669 0.8296298 0.1327884 0.542293 0.8858444 0.1846704 0.4256485 0.9455051 0.0991863 0.3101328 0.9691358 -0.0652194 0.2377442 0.9855765 -0.166572 0.02987796 0.9860755 -0.1661465 -0.007110953 0.9937987 -0.1073973 -0.02881014 0.7749593 -0.5693778 -0.2743121 0.7280404 -0.6335523 -0.2618565 0.7232314 -0.6728451 -0.1556147 0.7430329 -0.6586459 0.1186912 0.6550868 -0.7002547 0.2837336 0.6085841 -0.7329195 0.3040632 0.5609177 -0.7621632 0.3232319 -0.03558486 -0.1845164 0.9821851 0.5695537 -0.6600744 0.4898065 0.5765078 -0.6087972 0.5449815 0.6317904 -0.4461995 0.6338352 0.7386368 -0.3153291 0.5958048 0.7293446 -0.3059841 0.6119072 0.754764 -0.2584649 0.6029322 0.3305476 -0.1063575 0.9377775 0.2736016 -0.1127672 0.9552099 0.2157983 -0.1219836 0.9687885 0.1592792 -0.1265932 0.9790834 0.1042225 -0.1303164 0.9859794 0.05099755 -0.1334909 0.9897371 8.24001e-4 -0.1486254 0.9888933 -0.1148722 -0.1068763 0.9876142 -0.1678228 -0.1196947 0.9785239 -0.4363363 -0.6954768 0.5708965 -0.5359236 -0.632457 0.559271 -0.5785893 -0.6048057 0.5472153 -0.6139206 -0.583127 0.5320381 -0.6114599 -0.6333425 0.4743354 -0.5643666 -0.7157433 0.4113418 -0.6524062 -0.6042165 0.4574809 -0.6922404 -0.5726045 0.4392349 -0.7308551 -0.5383064 0.4196153 -0.7677573 -0.5016242 0.3986502 -0.8013405 -0.4630666 0.3787118 -0.835613 -0.4193019 0.3548761 -0.8634269 -0.3806086 0.331106 -0.8920318 -0.3336002 0.3049431 -0.9150176 -0.2909367 0.2794616 -0.9372035 -0.2416177 0.2515364 -0.9451565 -0.3253982 0.02819991 -0.9296961 -0.3404989 -0.1404478 -0.8910824 -0.3833268 -0.242967 -0.8742863 -0.3943093 -0.283097 -0.8709008 -0.3714818 -0.3217657 -0.3483453 -0.4612661 0.8160204 -0.9835885 -0.1150556 -0.1389823 -0.8990654 -0.4291306 -0.08676612 -0.9780681 -0.205758 -0.03234994 -0.9507858 -0.3096753 -0.01037639 -0.940409 -0.3389123 0.02774167 -0.9612222 -0.2497358 0.1169788 -0.8676837 -0.2749756 0.4141419 -0.8214597 -0.2747355 0.4997244 -0.6135098 -0.3681914 0.6985992 -0.5581116 -0.2743405 0.783102 -0.476229 -0.2757758 0.8349573 -0.02813881 -0.04886138 0.9984092 -0.007599294 -0.0322895 0.9994497 0.05893129 -9.15557e-5 0.9982621 0.1193903 0.008240103 0.9928132 0.153357 0.002197325 0.9881685 0.1856788 -0.005218744 0.9825966 0.2233701 0.00463891 0.9747227 0.3453826 0.01113939 0.9383959 0.4081652 0.005188226 0.9128934 0.4390522 0.001190245 0.8984608 0.4919061 0.01037645 0.8705865 0.5693007 0.02679562 0.8216926 0.603547 -0.00476098 0.7973133 0.6294547 0.009125173 0.7769836 0.6967909 -0.00262463 0.7172695 0.7229445 0.02270644 0.6905329 0.767157 0.0130316 0.641327 0.8070327 0.01709038 0.5902594 0.8458006 0.005554437 0.5334702 0.8601045 -6.4089e-4 0.5101177 0.8935608 0.007995903 0.448871 0.903156 -0.01248234 0.4291311 0.9342434 0.01120036 0.3564603 0.9901853 -0.05942022 0.1265007 0.9856776 -0.1660547 0.02942043 0.9910661 -0.133367 -0.001220703 0.985967 -0.1668151 -0.006469905 0.9951066 -0.06473106 -0.07464975 0.9836408 -0.1154854 -0.1382529 0.9588944 -0.2006051 -0.2006967 0.9541715 -0.1632147 -0.2508343 0.7332636 -0.6165872 -0.2866094 0.8066567 -0.5580462 -0.1946523 0.7836953 -0.6137659 0.09546315 0.7428656 -0.6249398 0.2400023 0.6999843 -0.664216 0.262372 0.5648136 -0.7119758 0.4172241 0.661482 -0.5079684 0.5517334 0.6976476 -0.3905593 0.6006258 0.7097331 -0.3435896 0.6150003 0.7348792 -0.3007698 0.607857 0.7520772 -0.2390545 0.6141928 0.7395105 -0.09210687 0.6668137 0.694826 -0.09555494 0.7128016 0.6488453 -0.09528195 0.7549312 0.5994659 -0.09934127 0.7942115 0.5483419 -0.1002867 0.830219 -0.3991834 -0.4619601 0.7919884 -0.001922667 -0.07095628 0.9974776 -0.06146591 -0.1046203 0.992611 -0.2241345 -0.1114264 0.9681673 -0.2784866 -0.1113336 0.9539654 -0.483212 -0.3683068 0.7942647 -0.5022239 -0.462549 0.7306296 -0.5084789 -0.5527011 0.660281 -0.4833948 -0.6683722 0.5653391 -0.5167841 -0.6425542 0.5657371 -0.6546634 -0.5515701 0.5169006 -0.9582695 -0.1827789 0.2197986 -0.9603046 -0.2561443 0.1104781 -0.9578247 -0.2840757 -0.04327666 -0.9452311 -0.3135816 -0.09058004 -0.9155254 -0.2667713 -0.3010753 -0.8883311 -0.3104749 -0.3383392 -0.9163067 -0.2238884 -0.3320482 -0.9466306 -0.102604 -0.3055537 -0.9700645 -0.02859592 -0.241158 -0.9815851 0.0202341 -0.1899507 -0.9910036 -0.01004064 -0.1334583 -0.995072 -0.06470024 -0.07513773 -0.973086 -0.2302629 -0.009094536 -0.964609 -0.2621263 0.02862662 -0.9474751 -0.2231274 0.2291397 -0.9258018 -0.182322 0.331134 -0.7668824 -0.2754343 0.5796786 -0.7042925 -0.2758634 0.6541189 -0.6342509 -0.2756193 0.7223295 -0.4871155 -0.18226 0.8541077 -0.3980935 -0.1826578 0.8989759 -0.3050072 -0.1815272 0.9348896 -0.2091199 -0.1817744 0.960847 -0.1124025 -0.1824443 0.9767701 -0.02761936 0.01620543 0.9994872 0.0343945 0.005371272 0.9993939 0.08423262 0.02053934 0.9962345 0.1850697 -9.76621e-4 0.9827249 0.2581636 0.004242181 0.9660919 0.2762277 0.01229912 0.9610136 0.367452 0.01294016 0.9299526 0.3716006 -0.001770079 0.9283911 0.4685328 0.01956284 0.8832294 0.5185746 0.01553404 0.8548913 0.5513935 -0.01223826 0.8341556 0.6076322 0.009308278 0.7941641 0.6796605 -4.88306e-4 0.7335268 0.7062972 0.00665307 0.7078841 0.7495725 3.05188e-5 0.6619225 0.7920363 0.0258193 0.6099277 0.8263773 -0.005981802 0.5630853 0.8614097 -0.008331775 0.5078426 0.8753901 0.008820116 0.4833369 0.8952018 -0.008148729 0.4455866 0.9206173 0.008514881 0.3903735 0.9415489 -0.01373362 0.3365966 0.9701837 -0.03177076 0.2402798 0.983794 -0.009369432 0.1790575 0.9955931 -0.08905464 0.02938985 0.9996922 -0.02481222 -2.44155e-4 0.9959762 -0.08938908 -0.00640887 0.9997089 -0.007355034 -0.02298074 0.7828755 -0.5831587 0.2168686 0.6964894 -0.6197629 0.361658 0.6536228 -0.6536228 0.3815165 0.609645 -0.6843246 0.4000414 -0.1252822 0.08994072 0.988036 0.6115099 -0.6333921 0.4742048 0.6162841 -0.5823462 0.5301575 0.7015489 -0.427729 0.5699799 0.7340771 -0.3583558 0.5768119 0.7684501 -0.2548987 0.5869507 0.7895306 -0.2040511 0.5787958 0.7673396 -0.2044163 0.6077862 0.7769594 -0.09293115 0.622654 0.4952742 -0.1009287 0.8628539 0.3744409 -0.005188226 0.9272364 0.2622508 0.00552392 0.9649839 0.2064331 0.0117194 0.9783906 0.1478945 0.02365213 0.9887203 0.08874881 0.03427267 0.9954643 -0.1033671 -0.003326535 0.9946377 -0.1602544 0.0114445 0.9870095 -0.2178477 -0.001892149 0.975981 0.8907418 -0.3135572 -0.3290306 -0.5351529 -0.3688236 0.7599872 -0.4630992 -0.6397141 0.6134371 -0.4594703 -0.6520175 0.6031253 -0.5991222 -0.548613 0.5831607 -0.6560116 -0.5135782 0.5530701 -0.6886404 -0.5256361 0.4994809 -0.7268206 -0.4900202 0.4812611 -0.7587106 -0.4597432 0.4615134 -0.7934527 -0.4202876 0.440217 -0.8280715 -0.3803275 0.4118842 -0.8774613 -0.3062005 0.3691924 -0.9219079 -0.2222138 0.3173436 -0.9555244 -0.1337655 0.262831 -0.9544311 -0.2466877 0.1679478 -0.9618718 -0.211223 -0.1737455 -0.9472603 -0.2333511 -0.2196479 -0.9307811 -0.2520293 -0.2648169 -0.9342157 -0.1431949 -0.3267054 -0.9613876 -0.02462905 -0.2740936 -0.9707201 -0.02728402 -0.2386591 -0.9937949 -0.1071832 -0.02972561 -0.9730883 -0.2302635 -0.008819878 -0.9677128 -0.2520527 -0.001220703 -0.9823749 -0.1845481 0.02969491 -0.980509 -0.1558291 0.1196643 -0.9471029 -0.2252318 0.2286195 -0.8873704 -0.1823815 0.4234511 -0.8400362 -0.1822291 0.5110106 -0.648867 -0.1810394 0.739051 -0.570798 -0.1815884 0.8007591 -0.07672429 -0.1147507 0.990427 0.00125128 0.001770079 0.9999977 0.08139473 0.02758938 0.9963001 0.1080989 0.03836262 0.9933998 0.1206427 0.04593151 0.9916328 0.1344373 0.06808847 0.9885802 0.1768857 0.03024387 0.9837666 0.1771345 0.02676546 0.9838227 0.2049365 0.03689771 0.9780796 0.2591971 0.04043751 0.9649775 0.319903 0.06726443 0.9450596 0.3886625 0.03759968 0.9206128 0.439684 0.03738546 0.8973742 0.4702644 0.03912508 0.8816579 0.5240394 0.04678541 0.8504081 0.6083998 0.03137367 0.7930104 0.628458 0.02820003 0.7773322 0.6367769 0.05020356 0.7694121 0.6524142 0.07352131 0.7542881 0.6853463 0.04199481 0.7270054 0.7148252 0.0468167 0.6977344 0.7604418 0.02652096 0.6488644 0.7730761 0.03531044 0.6333297 0.7745062 0.002014219 0.6325632 0.8249401 0.03424274 0.5641821 0.8739184 0.03116011 0.4850728 0.9127994 0.03116011 0.407218 0.9254808 0.05444538 0.3748617 0.9534788 0.04336768 0.2983245 0.9527822 -0.04977697 0.299547 0.9576967 -0.05398869 0.2826701 0.9833772 0.0189827 0.1805798 0.9994731 -0.01409983 0.02923738 0.9994683 -0.01437443 0.02926772 0.9999374 -0.009613573 -0.005737602 0.9963889 0.05197405 -0.06714206 0.9910364 -0.01004064 -0.1332145 0.97649 -0.0882613 -0.1966652 0.9394878 -0.2383511 -0.2460722 0.9244076 -0.2577684 -0.2811159 0.8733419 -0.38549 -0.2977774 0.9246422 -0.224286 -0.3077868 0.9244017 -0.1884877 -0.3315932 0.8580169 -0.4100865 -0.3092511 0.8117416 -0.491812 -0.314955 0.7739661 -0.565917 -0.2841029 0.8216329 -0.5654563 0.07196378 0.8201053 -0.5386595 0.1930629 0.7765056 -0.543795 0.3183175 0.7375301 -0.5831328 0.3405957 0.6529972 -0.5555481 0.5147435 0.7548567 -0.3785271 0.5356388 0.7656583 -0.2979866 0.5700626 0.7627847 -0.1730411 0.6230701 0.7567349 -0.02337801 0.6533038 0.7191007 -0.01751816 0.6946851 0.6775688 -0.02099758 0.7351595 0.633785 -0.01580876 0.7733477 0.5846584 -0.01794534 0.8110812 0.5351817 -0.01440495 0.8446142 0.4818146 -0.01410007 0.8761597 0.3365055 -0.05044829 0.9403292 0.2805911 -0.0536828 0.9583251 0.2161357 -0.07275736 0.9736487 0.2210169 -0.06469976 0.9731215 0.1633363 -0.06836199 0.9841992 0.1063893 -0.07113981 0.9917765 0.1055351 -0.07193356 0.9918104 0.05148583 -0.07556551 0.9958108 0.03445553 0.03933852 0.9986318 -0.04727339 -0.008545219 0.9988455 -0.07940995 -0.04690742 0.9957379 -0.1294623 -0.05191308 0.9902246 -0.1317212 -0.04773211 0.9901371 -0.1844297 -0.06232088 0.9808679 -0.2398809 -0.06036698 0.9689237 -0.2548346 -0.02111917 0.9667541 -0.327319 -0.003692805 0.9449067 -0.3707482 0.00149542 0.9287322 -0.5628157 -0.2741899 0.779781 -0.5506264 -0.4641351 0.6938222 -0.5352396 -0.5871217 0.6072946 -0.572542 -0.5576181 0.6010471 -0.7240614 -0.4483535 0.5241319 -0.9809788 -0.09305304 0.1703582 -0.9789913 -0.1874787 0.08017361 -0.9739893 -0.1863501 -0.128913 -0.9513006 -0.1241809 -0.282146 -0.939196 -0.1511307 -0.3083348 -0.9430956 -0.07550376 -0.3238362 -0.9411575 -0.07388746 -0.3297927 -0.9413186 -0.06521844 -0.3311583 -0.9543123 0.01644992 -0.298358 -0.9712695 0.05246227 -0.232128 -0.9761551 0.1194519 -0.1812532 -0.9879407 0.08594238 -0.1287915 -0.9969235 0.03210562 -0.07150524 -0.9969674 -0.07748794 -0.007202506 -0.9880299 -0.1540306 -0.008453786 -0.9827076 -0.1828995 0.02887082 -0.9825713 -0.1838182 0.02765053 -0.961356 -0.147591 0.2324039 -0.9458182 0.04123133 0.3220683 -0.7843127 -0.1826573 0.5928658 -0.7204701 -0.18159 0.6692891 -0.5632984 -0.0200513 0.8260102 -0.5118938 0.03244155 0.8584361 -0.4041071 0.1217113 0.9065781 -0.2914587 0.0769695 0.9534819 -0.2264209 -0.07873916 0.9708418 -0.03128206 0.01803678 0.9993479 -8.54542e-4 0.01129215 0.999936 0.02713137 0.06167888 0.9977273 0.300215 0.04385572 0.9528629 0.3066574 0.05084502 0.950461 0.3628758 0.03253364 0.9312695 0.3595499 0.0299701 0.9326444 0.4717609 0.03375387 0.8810803 0.5073229 0.01834207 0.8615608 0.5291045 0.03625631 0.8477818 0.5620669 0.0255748 0.8266963 0.6847586 0.04718261 0.7272412 0.7740639 0.04187262 0.6317214 0.9759434 0.02975618 0.2159844 0.9918869 0.03711068 0.1215863 0.9833312 0.01901346 0.1808267 0.9980599 0.06225854 -5.4934e-4 0.9999436 -0.009704887 -0.004333615 0.9983313 0.04324513 -0.03827053 0.9565353 -0.1524743 -0.2485795 0.9009417 -0.2758066 -0.3350148 0.8776185 -0.3337306 -0.3441073 0.8431218 -0.4913886 -0.2183644 0.8910374 -0.3832596 -0.2432377 0.8734537 -0.4589752 -0.1625441 0.8546335 -0.5123589 -0.08420288 0.8127202 -0.5024033 0.2950879 0.730934 -0.5384191 0.4193333 0.6923261 -0.5726912 0.4389869 0.6524513 -0.6043216 0.4572775 -0.137031 0.1687098 0.976094 0.6906602 -0.525152 0.497196 0.7255675 -0.4572717 0.5142514 0.7810468 -0.3044593 0.5452252 0.7946469 -0.2311794 0.5613311 0.8128766 -0.133399 0.5669535 0.7830063 -0.1683756 0.5987911 0.7940341 -0.1421613 0.5910162 0.7713772 -0.03091609 0.6356269 0.7362168 -0.03299134 0.6759412 0.6950841 -0.03644037 0.7180044 0.6942297 -0.03937029 0.718676 0.6522579 -0.03827112 0.7570305 0.6055005 -0.03933918 0.7948721 0.6040998 -0.04159784 0.7958223 0.5540727 -0.0433675 0.831338 0.5025549 -0.04120051 0.8635631 0.5012192 -0.04309326 0.8642467 0.1879359 -0.01837241 0.9820095 0.1972473 -0.05026555 0.9790644 0.06695884 0.02795547 0.9973641 0.06116002 -0.003051877 0.9981234 -0.006683707 -0.03769147 0.9992671 -0.06683635 0.04504585 0.9967466 -0.1269281 -0.009735524 0.9918642 -0.2044469 0.008972585 0.9788366 -0.2681087 0.02862673 0.9629633 -0.2957593 -0.05484253 0.953687 -0.3515774 -0.04941004 0.934854 -0.3826499 0.02316403 0.923603 -0.5858524 -0.369408 0.7213284 -0.5817499 -0.526694 0.6198069 -0.6928842 -0.4432346 0.5687308 -0.7854576 -0.3840001 0.4853869 -0.8400421 -0.3147449 0.441888 -0.8874703 -0.2397289 0.3936072 -0.9255024 -0.1610511 0.3427945 -0.9777951 -0.04190242 0.2053312 -0.9811362 -0.1532071 0.1178963 -0.9834381 -0.1594913 -0.08609354 -0.9746479 -0.08832132 -0.2055745 -0.9644712 -0.1246103 -0.2329539 -0.9603264 0.08853703 -0.2644514 -0.9662986 0.132789 -0.2205317 -0.9996196 0.01492375 -0.02319443 -0.9969893 -0.07727366 -0.006408929 -0.9910538 -0.1334609 -8.8506e-4 -0.9940991 -0.104589 0.0287795 -0.8957007 0.1243036 0.4269296 -0.8425416 0.05865776 0.5354276 -0.7356751 0.101264 0.6697222 -0.6502134 0.1126466 0.7513544 -0.04690808 0.02606338 0.9985591 0.1013227 0.1166737 0.9879883 0.1925433 0.1207935 0.9738255 0.2915446 0.1145059 0.949679 0.3769128 0.1183232 0.9186602 0.4636445 0.1171318 0.8782449 0.545779 0.1169199 0.8297318 0.6241775 0.1153928 0.7727141 0.6909246 0.1189029 0.7130815 0.7567738 0.125249 0.6415655 0.7778061 0.04007136 0.6272256 0.7790865 -0.01223802 0.6267971 0.8504717 0.06320476 0.5222098 0.8859965 0.08218759 0.4563503 0.9402649 0.1228091 0.3175214 0.980165 0.05600327 0.190106 0.9933864 0.004791438 0.1147201 0.9982789 -0.003601193 0.05853557 0.9991188 0.03411978 0.02444541 0.9984815 0.05508631 -5.79856e-4 0.9996753 0.02365207 -0.009491324 0.9977467 0.06006067 -0.02990823 0.998456 0.03238052 -0.0451374 0.9852023 0.1241192 -0.1181986 0.9815818 0.02011197 -0.1899806 0.9668298 -0.07361322 -0.2445839 0.9464763 -0.1024817 -0.3060719 0.9422455 -0.06305235 -0.3289344 0.9236682 -0.1888537 -0.3334239 0.9113318 -0.3640627 -0.192179 0.8564958 -0.5138853 0.04834264 0.8545714 -0.4912084 0.1685886 0.8461788 -0.458858 0.2709811 0.8026377 -0.4629533 0.3760943 0.7678631 -0.5017357 0.3983061 -0.2075937 -0.02575844 0.977876 -0.1118234 -0.009369432 0.9936839 0.8079433 -0.3163654 0.4971325 0.8266796 -0.2462002 0.505951 0.8081898 -0.2462932 0.5349477 0.8195095 -0.164378 0.5489847 0.8051549 -0.1037344 0.5839219 0.7890735 -0.02688735 0.6137102 0.7599737 0.02517777 0.649466 0.7502996 -0.01126134 0.6610022 0.7231773 -0.0190438 0.6903999 0.662025 0.0109564 0.7494018 0.6628793 -0.02124142 0.748425 0.6210733 -0.01739615 0.7835595 0.5667175 0.003235042 0.8239058 0.5566692 -0.002349972 0.830731 0.5150656 0 0.8571507 0.4479622 0.06589114 0.8916212 0.1507019 -0.03244149 0.9880469 0.007690727 -0.006439447 0.9999497 -0.06552374 0.04571706 0.9968033 -0.07132279 -0.008056998 0.9974208 -0.4931071 -0.007752001 0.8699341 -0.5849896 -0.181619 0.790444 -0.6133851 -0.2747079 0.7404691 -0.594711 -0.4673209 0.6541638 -0.6454849 -0.4745154 0.5984851 -0.7552347 -0.3786244 0.5350367 -0.9530711 -0.07812803 0.292492 -0.9938212 0.005096673 0.1108756 -0.9954384 -0.08719277 0.03872859 -0.9941079 -0.1078249 -0.01110905 -0.9918482 -0.03964459 -0.1211007 -0.9851118 -0.07965368 -0.1523491 -0.9580557 0.004669368 -0.2865439 -0.9443913 0.01364213 -0.3285409 -0.9460487 0.05896204 -0.318615 -0.9491648 0.1307119 -0.2863578 -0.9591605 0.2051202 -0.1947742 -0.9739559 0.1685875 -0.1516188 -0.9939518 0.04919707 -0.09818047 -0.9980521 0.04522866 -0.04297024 -0.9996736 -0.02554422 -5.18819e-4 -0.9910688 -0.03973549 0.1272941 -0.9680476 -0.07227009 0.2401273 -0.9235309 -0.09921675 0.3704683 -0.8090336 -0.05508714 0.5851753 -0.6001967 -0.06619679 0.7971085 -0.5345149 0.05902427 0.8430955 -0.4648663 -0.09479218 0.8802919 -0.3477041 -0.1127375 0.9308019 -0.2726236 0.1507929 0.9502304 -0.07104754 0.01739567 0.9973213 -0.01571708 0.06427234 0.9978086 -0.004242062 0.1042819 0.9945387 0.8145608 0.06796652 0.5760828 0.8481207 0.07648038 0.5242539 0.8642394 0.06973606 0.498224 0.8808001 0.1015052 0.4624803 0.8981289 0.08930015 0.4305696 0.9323386 0.1208875 0.3407801 0.9500046 0.1302563 0.2837684 0.994654 0.04822045 0.09131366 0.998253 -0.005005121 0.05887156 0.9981389 -0.01409995 0.0593298 0.9982348 0.01870793 0.05636793 0.9921025 0.1251267 0.008728325 0.9943722 0.1059316 -0.001586973 0.9988236 0.04834198 -0.003814816 0.9965145 0.0821883 -0.014283 0.9961832 0.08615618 -0.01400834 0.9869908 0.153481 -0.04788458 0.9907786 0.1213447 -0.06027561 0.9917534 0.0712319 -0.1065427 0.9610862 -0.02514797 -0.2751018 0.950077 -0.1390736 -0.279307 0.9448155 -0.03039717 -0.3261899 0.9382463 -0.1099905 -0.3280184 0.911915 -0.2722316 -0.3070846 0.9307581 -0.2519925 -0.2649325 0.9472247 -0.2334109 -0.2197383 0.9296549 -0.3405978 -0.1404813 0.887955 -0.4472888 -0.1070917 0.8919827 -0.4514695 0.0232861 0.8350359 -0.4225994 0.3523136 0.7604044 -0.4595814 0.4588794 0.7256436 -0.4938539 0.4791134 -0.2765642 -0.004333674 0.9609857 -0.1459124 0.04364246 0.9883345 0.7869301 -0.3918933 0.4766138 0.8303668 -0.1835426 0.5261207 0.8395816 -0.09610474 0.5346649 0.8345732 -0.06180101 0.5474197 0.8112629 -0.06949234 0.5805373 0.7601417 0.02752828 0.6491739 0.6670886 0.02710103 0.7444853 0.5627524 3.05197e-4 0.8266255 0.5635384 0.01190251 0.8260042 0.4414657 0.02350002 0.8969704 0.4437179 -0.01492381 0.8960422 0.4010137 -0.01815849 0.9158921 0.3807845 -0.001922667 0.9246619 0.3278982 0.03372365 0.944111 0.3284115 0.09207481 0.9400362 0.3446225 0.0676915 0.9362977 0.3229222 0.06262511 0.9443513 0.3194161 0.02353042 0.9473224 0.1066949 -0.004150569 0.9942831 -0.03592073 0.01446592 0.9992499 -0.08527123 -0.09656339 0.9916675 -0.1695004 -0.0265817 0.9851716 -0.4654815 0.006836295 0.8850312 -0.5542852 -0.09637886 0.8267279 -0.629693 -0.372359 0.6817885 -0.6090137 -0.5032336 0.6130728 -0.7319333 -0.3730012 0.570214 -0.8083873 -0.3162989 0.4964526 -0.8555036 -0.2495524 0.4536928 -0.8954907 -0.1795742 0.4072465 -0.9120756 -0.1419462 0.3846679 -0.9716166 0.006775259 0.2364645 -0.9833258 0.009796619 0.1815887 -0.99686 -0.04889076 0.06228846 -0.9984595 0.01306211 -0.05392706 -0.9738486 0.0417189 -0.2233351 -0.9481033 0.1983429 -0.2485162 -0.9593826 0.2015753 -0.1973637 -0.9621366 0.2068261 -0.177528 -0.9674214 0.2039279 -0.1500313 -0.9767858 0.1629095 -0.1391048 -0.980233 0.1646183 -0.1097456 -0.9874013 0.1394398 -0.07480126 -0.9947066 0.09363234 -0.04232984 -0.9990749 0.008545339 -0.04214692 -0.9970327 -0.07669478 -0.006622672 -0.9993527 -0.02972573 0.02026474 -0.9683406 -0.02572757 0.2483034 -0.9435901 0.1052299 0.3139501 -0.8872643 0.1878173 0.4212918 -0.8674989 -0.1097153 0.485189 -0.8261569 0.1293101 0.548401 -0.7855011 -0.04748773 0.6170356 -0.6948919 -0.1193301 0.7091443 -0.6367925 0.1889776 0.7475178 -0.5284463 0.1135938 0.8413329 -0.4004064 0.1999285 0.8942614 -0.103093 0.03729414 0.9939724 0 0.1856169 0.9826223 0.09738731 0.2147648 0.9717982 0.1966032 0.2113134 0.9574413 0.2918853 0.2088732 0.9333676 0.3830451 0.2060039 0.9004659 0.469633 0.2032288 0.8591525 0.5508397 0.2010295 0.8100387 0.6258938 0.1998721 0.7538622 0.694645 0.2004494 0.6908606 0.8125773 0.1308974 0.5679649 0.8411819 0.08402049 0.534185 0.8731713 0.1470748 0.4646944 0.8767896 0.1428609 0.4591632 0.8768352 0.1427058 0.4591246 0.9087965 0.1074881 0.4031568 0.9317526 0.1161562 0.3440129 0.9257481 0.242569 0.2900879 0.964491 0.07416105 0.2534906 0.9835104 0.08887177 0.1575093 0.9946633 0.07589983 0.06988763 0.9921445 0.1171017 0.04400849 0.9988452 0.04800581 -0.001983702 0.9899055 0.1415153 -0.00778222 0.9891638 0.1453333 -0.02081418 0.9962966 0.08462947 -0.01519846 0.9879684 0.1505208 -0.03552436 0.9868727 0.1456382 -0.06979769 0.9907678 0.1213739 -0.06039702 0.9938455 -0.01367241 -0.1099288 0.9773144 0.1873264 -0.09882098 0.9653709 0.1934282 -0.1750559 0.9716586 0.01550352 -0.23588 0.9541407 0.01654118 -0.2989014 0.946326 0.05728369 -0.3180972 0.9475077 0.03903436 -0.3173415 0.9373438 -0.1408777 -0.3186535 0.9618561 -0.2113178 -0.1737176 0.9120676 -0.4065468 -0.05340868 0.8859518 -0.4410074 0.1435334 0.8769825 -0.4128395 0.2458969 0.8643946 -0.381215 0.3278675 0.8316428 -0.37752 0.4072455 0.7927514 -0.4238282 0.438081 -0.2469289 0.010468 0.9689771 -0.1753912 0.01870799 0.9843211 -0.1373968 0.03173977 0.9900075 0.8550956 -0.2497106 0.4543744 0.8668403 -0.184886 0.4630391 0.8466759 -0.1914802 0.496463 0.8492275 -0.1215274 0.5138519 0.8076948 -0.03927838 0.5882911 0.7562068 -0.01260441 0.6542114 0.7005136 -0.06222921 0.7109207 0.662351 -0.01272636 0.7490857 0.6466417 -0.006347954 0.7627675 0.6073323 -0.07962459 0.7904476 0.5801028 -0.05929815 0.812382 0.5618197 -0.03451669 0.8265394 0.539731 -0.02368283 0.8415043 0.5028087 -0.03543311 0.8636712 0.4512506 0.02945059 0.8919112 0.2938982 -0.02792489 0.9554287 0.07501608 -0.03897297 0.9964205 -0.05484324 -0.04669457 0.9974026 -0.4615768 0.05868893 0.8851568 -0.5759646 -0.04254418 0.8163669 -0.6041899 -0.09116101 0.7916087 -0.6347445 -0.1819573 0.7509933 -0.661131 -0.2762266 0.6975706 -0.6435933 -0.4278821 0.63459 -0.6093987 -0.5033765 0.6125727 -0.6877126 -0.4084037 0.6002149 -0.7846279 -0.3174341 0.5325362 -0.9310165 -0.06744724 0.3586912 -0.9627479 0.07547312 0.2596545 -0.992648 0.1050482 0.06012344 -0.9981572 0.06051933 0.004455745 -0.9435796 0.07019317 -0.3236211 -0.9360204 0.175973 -0.3047941 -0.9285706 0.2567868 -0.2679872 -0.9610789 0.1748442 -0.2139087 -0.9433235 0.2641757 -0.2008785 -0.9454819 0.2744888 -0.1752712 -0.9685944 0.2118352 -0.1301957 -0.9802253 0.1647442 -0.109626 -0.969709 0.2169286 -0.1122792 -0.9882176 0.1322405 -0.07706141 -0.9931304 0.102423 -0.05658286 -0.9862803 0.1524115 -0.06341832 -0.9871389 0.152107 -0.04919672 -0.9942069 0.1062355 -0.01632744 -0.9969402 -0.07788497 -0.00665313 -0.9997034 -0.02291959 0.008240044 -0.992367 -0.1063599 0.06241202 -0.9805038 -0.1091958 0.1633664 -0.944696 0.02304208 0.3271369 -0.9303754 0.01287907 0.366382 -0.8336108 0.01864743 0.5520375 -0.733376 0.1780184 0.6561015 -0.6266459 0.007171928 0.7792713 -0.581873 0.05694818 0.8112834 -0.5470849 3.05191e-5 0.8370772 -0.4910869 0.0430628 0.8700456 -0.3881708 0.03018325 0.9210931 -0.3720945 0.03695917 0.9274588 -0.3403522 0.01983755 0.9400888 -0.2713794 0.05380582 0.9609674 -0.09534043 0.1158185 0.9886841 0.7564204 0.202587 0.6219219 0.8792855 0.2142134 0.4254056 0.8987464 0.209091 0.3854037 0.9209828 0.1138067 0.3726109 0.9149439 0.2312767 0.3307398 0.9353834 0.2538588 0.2461985 0.9483789 0.1429511 0.2830945 0.9660312 0.1424036 0.2156502 0.9873987 0.1579642 0.009552299 0.9716835 0.2305684 -0.05166804 0.9741368 0.2146098 -0.07071256 0.986676 0.1490543 -0.06521886 0.9707884 0.2109494 -0.1143253 0.9780775 0.1804597 -0.1039177 0.9728583 0.1852205 -0.1387094 0.9719267 0.01492357 -0.2348103 0.9582589 -0.001068115 -0.2858998 0.9524911 -0.1242114 -0.2780871 0.9636768 -0.1118836 -0.2425062 0.9761677 -0.08575987 -0.1993536 0.9739715 -0.1865051 -0.1288231 0.9451704 -0.3137648 -0.0905801 0.9218634 -0.3875025 -0.003112912 0.9172142 -0.3809365 0.1166431 -0.2056381 0.007812857 0.978597 -0.1576011 0.04510736 0.9864721 -0.1457603 0.02597194 0.9889791 0.8425081 -0.3142544 0.4375207 0.8624999 -0.133643 0.4880917 0.8640357 -0.05893301 0.4999694 0.8591062 -0.02490335 0.5111911 0.8140124 -0.06933999 0.5766938 0.8079713 -0.02029538 0.5888723 0.7163265 -0.08612638 0.6924296 0.426634 0.003143489 0.904419 0.4359679 -0.03421211 0.8993117 0.3619874 -0.1008352 0.9267133 0.3376996 -0.1059336 0.9352738 0.3136173 -0.1132269 0.9427746 0.2517193 -0.0431841 0.9668364 0.2899893 -0.1226854 0.9491336 0.2669851 -0.1341639 0.9543161 0.1944998 -0.06393802 0.9788166 0.2448218 -0.1476499 0.9582598 0.1683109 -0.08810764 0.9817885 0.2236729 -0.1629403 0.960948 -0.3718449 -0.05469024 0.9266825 -0.4796792 -0.08075529 0.8737199 -0.6032698 -0.02996969 0.7969741 -0.6736891 -0.3657466 0.6421624 -0.6725647 -0.384 0.6326143 -0.625687 -0.4591097 0.6306617 -0.5917664 -0.4973401 0.6344017 -0.7652959 -0.2977439 0.5706758 -0.8077788 -0.2461363 0.5356402 -0.8300516 -0.2577927 0.4945274 -0.8700203 -0.1947757 0.4529098 -0.9036696 -0.1294618 0.4081925 -0.9515271 0.003784358 0.3075418 -0.9686799 0.1442338 0.2021287 -0.9805794 0.08520936 0.1766447 -0.9875324 0.124792 -0.09595155 -0.9837528 0.08194375 -0.1597369 -0.9576556 0.1613234 -0.2384754 -0.9496134 0.1304402 -0.2849909 -0.9418461 0.07879996 -0.3266751 -0.9327207 0.1706926 -0.3176414 -0.9213747 0.2901461 -0.2586197 -0.9359226 0.2664299 -0.2303565 -0.9432963 0.2508397 -0.2174208 -0.9714471 0.2176302 -0.09448647 -0.9902096 0.1178937 -0.07474029 -0.9879285 0.1509466 -0.0348221 -0.9942774 0.1054735 -0.01696854 -0.9996743 -0.02505594 -0.004852473 -0.9983979 0.05658215 5.49342e-4 -0.9992955 0.03363233 0.01666355 -0.9919602 -0.1177424 0.04638892 -0.9962345 -0.05462914 0.06732505 -0.987546 0.06381601 0.1438072 -0.9743883 0.0322588 0.2225464 -0.9578418 -0.05136358 0.2826678 -0.9400763 -0.005005061 0.3409276 -0.9139861 -0.03253334 0.4044392 -0.8897242 0.008819997 0.4564135 -0.8658273 -0.006561577 0.5002999 -0.8269214 -0.008209645 0.5622577 -0.806523 0.01666331 0.590968 -0.7661637 0.01962405 0.6423457 -0.7000181 0.003173947 0.7141181 -0.6927587 0.0147103 0.7210196 -0.6779832 0.01983743 0.7348098 -0.5983248 0.01263481 0.8011541 -0.5932702 0.02942085 0.8044657 -0.5080221 0.01266545 0.8612509 -0.4573953 0.04861748 0.8879335 -0.4419211 0.03616547 0.8963246 -0.3709644 0.03531104 0.9279755 -0.30427 0.0398572 0.9517517 -0.09812021 0.2145521 0.9717715 2.44152e-4 0.2635616 0.9646427 0.09818035 0.3034527 0.9477748 0.1980668 0.3032345 0.9321043 0.2935954 0.2996993 0.9077346 0.3847582 0.2953058 0.8745031 0.4708868 0.2908213 0.8328798 0.551059 0.2864249 0.7837697 0.6246924 0.2831548 0.7277244 0.6914102 0.2813251 0.6654385 0.8110443 0.2073771 0.5469934 0.856953 0.2083556 0.4714019 0.8892418 0.375754 0.2608792 0.8976988 0.3823781 0.2189159 0.9572408 0.1453334 0.2501369 0.9652177 0.1451168 0.2174769 0.966158 0.1342555 0.2202597 0.9853685 0.1187191 0.1222898 0.9814713 0.1883958 0.03494459 0.9872488 0.1588802 0.009857475 0.9901683 0.1398699 -0.001831114 0.9753385 0.2200753 -0.01678562 0.9719476 0.2292303 -0.05264574 0.9712386 0.2326163 -0.05084472 0.9725838 0.2133898 -0.09244245 0.9735184 0.1895826 -0.1277516 0.9690049 0.2187898 -0.1147204 0.9471892 0.2752513 -0.1645281 0.9597232 0.08832126 -0.2667034 0.9489933 0.130744 -0.2869106 0.9373936 0.1749659 -0.3011317 0.9471458 0.04065078 -0.3182178 0.9842618 -0.06891143 -0.1627262 0.9577283 -0.2844099 -0.04321539 0.9388734 -0.3414224 0.04413127 0.9047637 -0.3646705 0.2200413 0.8919107 -0.3364388 0.3021662 0.8784124 -0.3119093 0.3620834 -0.2605094 0.06518834 0.9632681 -0.216901 0.04761016 0.975032 -0.156136 0.03677558 0.9870508 -0.191081 0.1115784 0.975212 0.8951163 -0.1797862 0.4079753 0.9008247 -0.1212208 0.4169179 0.8803216 -0.1343753 0.4549473 0.8757812 -0.07718324 0.4764975 0.8187633 -0.05096668 0.5718647 0.8406261 0.007324635 0.5415666 0.7845098 -0.07150775 0.6159798 0.643585 -0.124426 0.7551931 0.6258667 -0.100959 0.7733682 0.5386916 -0.1407233 0.8306673 0.5201717 -0.1282423 0.8443787 0.5002447 -0.1177441 0.8578414 0.4790925 -0.1093202 0.8709303 0.4569586 -0.1031231 0.8834899 0.431909 -0.09265655 0.8971452 0.3887542 -0.09439605 0.9164931 0.2037186 -0.1799743 0.9623451 -0.3202959 -0.1525945 0.9349468 -0.4026076 -0.1161556 0.9079731 -0.5588077 -0.03689777 0.828476 -0.5633309 0.01446628 0.8261048 -0.6239985 -0.03671473 0.7805627 -0.6523487 -0.09137457 0.7523908 -0.6826325 -0.1824158 0.707628 -0.6997209 -0.2867614 0.6543384 -0.728735 -0.3240517 0.603271 -0.8462603 -0.1914454 0.4971844 -0.9308289 -0.01614451 0.3650985 -0.940218 0.01736509 0.3401302 -0.9589807 0.1945307 0.206189 -0.9791487 0.1681915 0.1139283 -0.9853157 0.1646516 -0.04519903 -0.9626011 0.1964815 -0.1865323 -0.9193608 0.2572159 -0.2976844 -0.911606 0.2950588 -0.2862082 -0.906614 0.3401405 -0.249711 -0.926613 0.2739371 -0.257579 -0.9356644 0.2668313 -0.2309404 -0.9129831 0.3238092 -0.2482129 -0.9500986 0.2905445 -0.1135626 -0.9715903 0.2287441 -0.06073391 -0.9944564 0.1038556 -0.01644963 -0.9991808 0.03909438 -0.01046788 -0.9982512 0.05911558 0 -0.9993374 0.03555434 0.00778228 -0.9935432 0.08377438 0.0765109 -0.9953159 -0.04965436 0.08295059 -0.9880995 0.03573828 0.1496066 -0.9520195 -0.04733544 0.3023548 -0.9246886 0.06689715 0.3748012 -0.9111847 0.03528028 0.4104848 -0.9016524 -0.01178032 0.4323012 -0.8693432 0.003051877 0.4941995 -0.8556872 0.006958246 0.5174469 -0.8395057 0.003051936 0.5433424 -0.7901434 0.02743679 0.6123077 -0.7465097 0.01629745 0.665175 -0.7255407 0.005859732 0.6881543 -0.6614123 0.04849499 0.748453 -0.5736422 0.04175049 0.8180413 -0.5297883 0.04703056 0.8468251 -0.4879426 0.05780351 0.8709598 -0.4285534 0.04110962 0.9025807 -0.3756248 0.04947084 0.9254506 -0.3669281 0.05542218 0.9285969 -0.3231058 0.04974609 0.9450545 -0.2758624 0.0483728 0.9599792 -0.1968813 0.211256 0.9573968 2.44151e-4 0.2636829 0.9646095 0.7508965 0.28093 0.5976897 0.8446089 0.292462 0.4484438 0.8804772 0.3011323 0.3661686 0.8815547 0.3687056 0.294818 0.9037123 0.3900694 0.1764941 0.9432101 0.2663059 0.198585 0.969841 0.1462482 0.1949875 0.9730014 0.1670296 0.1592777 0.9826608 0.1631562 0.08807873 0.9818003 0.1797576 0.06128239 0.979634 0.1984965 0.03027498 0.9786667 0.2047854 0.01657205 0.9776627 0.2101509 -0.003509581 0.9752224 0.2209852 -0.01034575 0.9750885 0.2200129 -0.02823024 0.9715059 0.2341405 -0.03680568 0.9396239 0.3389153 -0.04736572 0.9650116 0.2544982 -0.06311333 0.9590578 0.2721069 -0.07852524 0.9457226 0.2987199 -0.1279661 0.9501082 0.2757059 -0.1458794 0.9464566 0.2696357 -0.1775293 0.9491778 0.2651203 -0.1696257 0.9690403 0.08917659 -0.2302356 0.9493976 0.1294022 -0.2861804 0.9744708 0.0335403 -0.221995 0.9928893 -0.03656226 -0.1132882 0.9833959 -0.1608677 -0.08398938 0.9674413 -0.2530912 0.001495361 0.94377 -0.3186795 0.08798629 0.9302926 -0.3094668 0.1969417 0.8870909 -0.239939 0.3943338 0.8904905 -0.08209675 0.4475342 0.8921559 -0.01245164 0.451556 0.8625608 0.03653132 0.504633 0.823712 -0.007843375 0.5669543 0.8655092 0.01318401 0.5007196 0.8243796 0.01666337 0.565792 0.7310181 -0.1233877 0.6711097 0.6587244 -0.1498488 0.7373111 0.5556913 -0.1551589 0.8167821 0.4112128 -0.08813881 0.9072683 0.3702589 -0.1927592 0.9087091 0.3539274 -0.1961753 0.9144675 0.3377525 -0.2010889 0.9195035 0.3218258 -0.2074701 0.9237881 0.3063274 -0.2151952 0.9272835 0.2913359 -0.2243158 0.9299494 0.2771459 -0.2345714 0.9317545 0.263774 -0.246012 0.9326851 0.1851924 -0.19856 0.9624332 -0.2351217 -0.1876944 0.9536712 -0.5024376 -0.1483538 0.8517909 -0.628255 -0.03076267 0.7773991 -0.649784 -0.0218212 0.7598057 -0.7010318 -0.3395899 0.6270831 -0.6943719 -0.3546937 0.6261311 -0.7942569 -0.2308762 0.5620074 -0.8299693 -0.1833287 0.5268222 -0.8621165 -0.1335231 0.4888013 -0.8799507 -0.1344356 0.4556468 -0.9082416 -0.0758394 0.4115164 -0.9463993 0.07202517 0.3148662 -0.9572721 0.128914 0.2588657 -0.9505107 0.2869386 0.1191457 -0.9668375 0.2066127 0.1501222 -0.9673368 0.246351 0.05975657 -0.9791615 0.2029492 0.007385492 -0.9632383 0.2312724 -0.1366943 -0.9268783 0.3103532 -0.2111341 -0.926818 0.2809936 -0.2491006 -0.9263151 0.2514467 -0.2805619 -0.9030026 0.3185291 -0.2883151 -0.8809388 0.3745325 -0.2892616 -0.9038666 0.3251246 -0.2780635 -0.9220219 0.3015013 -0.2428429 -0.9094346 0.3479467 -0.2277324 -0.9458701 0.2855342 -0.1542727 -0.9490053 0.2961922 -0.1079781 -0.9530708 0.2818104 -0.1106305 -0.9725739 0.2228484 -0.06662255 -0.9706833 0.2331642 -0.05838257 -0.9734404 0.2249875 -0.0423606 -0.9887161 0.1483822 -0.02056962 -0.9976156 0.0688821 -0.004303216 -0.9955682 0.09378558 0.006958365 -0.9912397 0.1252516 0.04190313 -0.9931075 0.06292945 0.09888041 -0.9901331 0.01947122 0.1387706 -0.9899612 0.02011233 0.1399014 -0.9800366 0.06140488 0.1890977 -0.9518341 0.04306262 0.3035749 -0.8746198 0.03933924 0.4832108 -0.8267542 0.06854522 0.5583719 -0.7596049 0.00726366 0.6503444 -0.7182332 0.07040721 0.6922311 -0.6726079 0.03091573 0.739353 -0.6699593 0.04968535 0.7407335 -0.6348515 0.03341805 0.7719113 -0.5830352 0.04452723 0.8112258 -0.5787985 0.02978682 0.8149264 -0.4813821 0.0531342 0.8748989 -0.1982831 0.3031471 0.9320867 -0.09885299 0.3035786 0.9476646 0 0.3417578 0.9397882 0.09878975 0.3964409 0.9127296 0.197674 0.3923878 0.8983078 0.2927392 0.3878368 0.874006 0.3831706 0.382255 0.8408695 0.468174 0.3761262 0.7995887 0.5468776 0.3699259 0.7510525 0.6186824 0.3645806 0.6959261 0.6831685 0.3601856 0.6352536 0.8030266 0.2833116 0.5242928 0.8336429 0.5030546 0.2279814 0.8404588 0.5082305 0.1879656 0.8459216 0.510672 0.1537234 0.9731241 0.1666634 0.1589117 0.9756959 0.1779264 0.1279056 0.9741538 0.1992622 0.1063911 0.9792826 0.1838806 0.08481395 0.9512531 0.3046427 0.04806774 0.9463774 0.3223463 -0.0215162 0.9740939 0.2239528 -0.03140461 0.9577532 0.2773278 -0.07614535 0.9548593 0.2805035 -0.09778398 0.9480339 0.2991446 -0.108372 0.9427422 0.297594 -0.1505823 0.9420551 0.3043032 -0.14118 0.9483798 0.2509887 -0.193857 0.9619781 0.19853 -0.1875735 0.9593138 0.1745705 -0.221906 0.9301103 0.2547152 -0.2646035 0.9135948 0.2893533 -0.285691 0.9412177 0.1196359 -0.3159061 0.9848988 0.07815831 -0.1544855 0.9893243 -0.1385548 -0.04516762 0.9744071 -0.2206515 0.04294008 0.9541879 -0.2711645 0.1264722 0.9156597 -0.2919747 0.2762574 0.9241241 -0.1617217 0.3461803 0.9228908 -0.1243644 0.3644259 0.92814 -0.05578845 0.3680271 0.9085843 -0.07568734 0.4107872 0.8994235 -0.03204482 0.4359019 0.8937789 0.04049867 0.4466758 0.8841419 0.05789494 0.4636175 0.8771802 0.03979688 0.4785091 0.8689753 0.01031547 0.4947479 0.8705541 0.01025438 0.4919661 0.829082 0.03625667 0.5579503 0.7983994 -0.1102945 0.5919405 0.5844143 -0.1891282 0.7891074 0.5709766 -0.1713326 0.8028891 0.4892854 -0.2196474 0.8440112 0.4768013 -0.2112233 0.8532556 0.4633766 -0.2041445 0.8623267 0.449146 -0.1984946 0.8711302 0.4342304 -0.1942867 0.8796004 0.4187538 -0.19163 0.8876505 0.4028558 -0.1904714 0.8952251 0.3866101 -0.190833 0.9022835 0.2512023 -0.2585879 0.9327538 0.1682215 -0.2184866 0.9612311 0.04217767 -0.2506552 0.9671573 0.05731528 -0.2202884 0.9737495 -0.05932921 -0.2526071 0.9657483 -0.1478647 -0.2211104 0.9639742 -0.2510806 -0.240521 0.9376078 -0.3381214 -0.2115891 0.9170082 -0.4221424 -0.1807655 0.8883241 -0.5782735 -0.1146597 0.8077456 -0.6098885 -0.01724314 0.7922996 -0.6708772 -0.03512781 0.7407361 -0.6982823 -0.09345018 0.7096964 -0.7258701 -0.1853435 0.66239 -0.7249369 -0.3132858 0.6134481 -0.7658206 -0.2572471 0.589358 -0.8901247 -0.08206623 0.4482669 -0.9321569 0.02575844 0.3611372 -0.9419819 0.09851664 0.3208812 -0.9528227 0.2132948 0.2159499 -0.956886 0.2742113 0.09579843 -0.9549077 0.2935313 -0.04461866 -0.960525 0.2627382 -0.09143495 -0.925346 0.3373911 -0.1729224 -0.8908185 0.3611006 -0.2757695 -0.883089 0.3827177 -0.2714427 -0.9084041 0.3240835 -0.2641437 -0.8891969 0.3924723 -0.2351477 -0.9125245 0.3590891 -0.1958418 -0.9262664 0.3367825 -0.169139 -0.9087839 0.399075 -0.121865 -0.926419 0.3670274 -0.08389806 -0.9603756 0.2680189 -0.07645034 -0.9597193 0.27254 -0.06827235 -0.939774 0.3381209 -0.04999023 -0.9757955 0.2174809 -0.02292001 -0.9896522 0.1431359 -0.01004087 -0.9976488 0.06848549 -0.002563595 -0.983529 0.126012 0.1295828 -0.9899865 0.02215701 0.1394124 -0.9613915 0.09250426 0.2591707 -0.9260948 0.1064803 0.3619537 -0.7515765 0.03463977 0.6587358 -0.6196914 0.111639 0.7768651 -0.5470957 0.1096267 0.8298605 -0.4714257 0.1020247 0.8759844 -0.3706277 0.09702116 0.9237003 -0.280992 0.10166 0.9543106 -0.2921624 0.2087223 0.9333146 -0.2938374 0.2995749 0.9076974 0.7402988 0.3577129 0.5692094 0.7898923 0.3574689 0.4982834 0.8316259 0.3600691 0.4227867 0.8613067 0.3666551 0.3517313 0.8268519 0.5019464 0.2537046 0.8468911 0.5194453 0.1138079 0.907238 0.3988832 0.1334595 0.9486202 0.2784548 0.1502752 0.9783221 0.1837253 0.09555548 0.9513365 0.2912423 0.100682 0.9507968 0.3094958 0.01406937 0.9442017 0.3259446 -0.04736572 0.9326754 0.3602825 -0.01770126 0.9271182 0.3654392 -0.08310431 0.9069463 0.4021852 -0.1252823 0.9260158 0.3474619 -0.1475301 0.9210637 0.3584762 -0.1521067 0.9171532 0.333907 -0.217569 0.9466265 0.2093034 -0.2451334 0.9330478 0.1874152 -0.307079 0.9575007 0.1614756 -0.2389937 0.9984734 0.007294118 -0.05475181 0.9945937 -0.1037046 -0.005371391 0.9788669 -0.1879971 0.0804786 0.9546566 -0.2417083 0.1738042 0.9373739 -0.2439418 0.2486418 0.9227232 -0.2268201 0.311664 0.9138841 -0.0296337 0.4048923 0.9233434 0.02352988 0.3832538 0.9211955 0.1015988 0.3756014 0.9050742 0.07544314 0.4185083 0.8935095 0.03643983 0.4475635 0.8501706 0.009369313 0.5264241 0.8463864 -0.05472075 0.5297507 0.7428671 -0.1586691 0.6503636 0.6711446 -0.1770105 0.7198835 0.5958969 -0.2084494 0.7755358 0.500708 -0.2293258 0.8346863 0.3753864 -0.2829742 0.8826158 0.3670184 -0.2847399 0.8855624 0.3587819 -0.2872147 0.8881347 0.3508436 -0.2904164 0.8902625 0.3429438 -0.2943573 0.8920446 0.3354357 -0.2989043 0.8933864 0.3282326 -0.3041225 0.8943003 0.3213639 -0.3099804 0.8947835 0.3150786 -0.3162688 0.8948181 0.2398208 -0.2719882 0.931938 0.1529621 -0.2396671 0.9587295 0.1395045 -0.2619181 0.9549542 0.1280294 -0.2849608 0.9499505 0.02975577 -0.2818712 0.9589908 -0.1618448 -0.2673202 0.9499191 -0.4357817 -0.2459531 0.8657953 -0.5171451 -0.2186689 0.8274932 -0.6630899 0.1006827 0.7417378 -0.6604357 0.1405104 0.7376189 -0.6911096 -0.02072256 0.7224529 -0.7390598 -0.2775442 0.6138078 -0.8191028 -0.1639792 0.5497105 -0.8488098 -0.1211931 0.5146206 -0.8740893 -0.07693791 0.4796336 -0.8983558 -0.02801638 0.4383742 -0.9126321 -0.02972519 0.4076997 -0.9434404 0.1348643 0.3028727 -0.9482035 0.289689 0.1303478 -0.9414492 0.3342743 0.04397779 -0.9465196 0.3226175 0.004333674 -0.9228305 0.3602756 -0.1363279 -0.8778017 0.4333463 -0.2041449 -0.8811493 0.4125885 -0.230969 -0.8854269 0.388206 -0.2555689 -0.87002 0.4162253 -0.2642381 -0.8891102 0.3662281 -0.2745184 -0.8821375 0.362603 -0.3005872 -0.8925768 0.3871719 -0.2310945 -0.887261 0.4023683 -0.2255386 -0.9250344 0.3413563 -0.1666954 -0.9424105 0.3077277 -0.13102 -0.9499135 0.2934126 -0.1075806 -0.9626754 0.2645732 -0.05707138 -0.9470841 0.3204454 -0.01861631 -0.9754095 0.2196128 -0.01861643 -0.9943482 0.106146 -0.002166867 -0.9917943 0.1275373 0.008850395 -0.9797008 0.186473 0.07358205 -0.9827539 0.09491521 0.1587007 -0.9899367 -0.02556747 0.1391823 -0.9567806 0.1449362 0.2521201 -0.9534467 0.1325749 0.2708569 -0.9390317 0.1064189 0.3269475 -0.9201073 0.1268092 0.3705699 -0.8848664 0.1334899 0.4463091 -0.8305091 0.05740588 0.554039 -0.7641752 -0.09918802 0.6373366 -0.7483004 0.00576812 0.663335 -0.7447578 0.04605329 0.6657439 -0.687451 0.1059635 0.7184588 -0.2929562 0.3877191 0.8739855 -0.1978864 0.3922938 0.8983021 -0.09747886 0.3975759 0.9123767 -0.001586973 0.4205261 0.9072791 0.0980575 0.481376 0.871012 0.195445 0.4786023 0.8560029 0.2892312 0.4731708 0.8321386 0.3781961 0.4663666 0.7996687 0.4614847 0.4587074 0.7593546 0.5382391 0.4509232 0.7120162 0.6077861 0.4435327 0.6586917 0.6699033 0.43707 0.6001662 0.8389517 0.4352697 0.3266506 0.7799826 0.564455 0.2702181 0.7601273 0.6220306 0.1878421 0.7687681 0.6269779 0.1260731 0.85541 0.5148819 0.05630707 0.9271521 0.3745048 0.01162791 0.9270226 0.3749902 -0.003387629 0.8907678 0.4523881 -0.0433374 0.9207563 0.34404 -0.1839681 0.9029338 0.3706222 -0.2176001 0.9130612 0.3226751 -0.2493996 0.9511704 0.2180922 -0.218428 0.9343138 0.272994 -0.2291989 0.9080679 0.3366266 -0.2491891 0.9010424 0.3423009 -0.2663697 0.9337375 0.1869611 -0.3052539 0.926142 0.2521819 -0.2804734 0.9624029 0.1966068 -0.1874204 0.9876831 0.1210379 -0.0991559 0.9963532 -0.08050906 0.02826052 0.980933 -0.148321 0.1255846 0.9514474 -0.07605475 0.2982677 0.9497961 0.003051936 0.312855 0.9311178 -0.01590061 0.3643717 0.9219218 0.05755907 0.3830761 0.8879182 0.06180083 0.455831 0.889483 0.04257428 0.4549807 0.9228852 0.04916721 0.3819235 0.8739807 0.007843434 0.4858975 0.8513319 -0.1251285 0.5094868 0.809597 -0.1543688 0.5663242 0.5200428 -0.2522391 0.816046 0.5110111 -0.2402154 0.8253269 0.4355106 -0.2965562 0.8499324 0.4292506 -0.2923421 0.8545643 0.4224179 -0.2887433 0.85918 0.415155 -0.285875 0.8636677 0.4076428 -0.283766 0.867931 0.3998675 -0.2824282 0.871975 0.3918108 -0.2818181 0.8758213 0.3835605 -0.2820244 0.8793997 0.3093434 -0.3230466 0.8943979 0.2295355 -0.2862403 0.9302581 0.1185988 -0.3086438 0.9437549 0.02014255 -0.3136447 0.9493268 -0.07116955 -0.2917892 0.9538313 -0.1716071 -0.3139162 0.9338136 -0.2622483 -0.2937743 0.9191967 -0.3505763 -0.2710732 0.8964462 -0.5939303 -0.1894314 0.7818968 -0.6494908 -0.07758116 0.7564014 -0.6866762 0.01641917 0.726778 -0.6676314 -0.01254326 0.7443864 -0.7124089 -0.0347613 0.7009031 -0.7418635 -0.0945183 0.6638561 -0.754316 -0.2599637 0.6028485 -0.7902787 -0.1974628 0.5800586 -0.9211823 0.02151578 0.388536 -0.9204967 0.05850571 0.3863456 -0.943434 0.1574475 0.2917922 -0.9518707 0.2208691 0.2125068 -0.9280167 0.371048 0.03329604 -0.9166952 0.3964095 -0.05029505 -0.9191629 0.3818503 -0.09659177 -0.8757615 0.4496461 -0.1756711 -0.8546267 0.4449076 -0.2677136 -0.8654271 0.4221387 -0.2698795 -0.8790444 0.3869223 -0.2785181 -0.8894457 0.3660754 -0.2736334 -0.8568729 0.3949867 -0.331292 -0.8698369 0.3898258 -0.3023569 -0.8744381 0.4068829 -0.2642053 -0.8457486 0.478053 -0.2370122 -0.8818487 0.4369111 -0.1773463 -0.8579911 0.5023183 -0.1073671 -0.8908768 0.4520457 -0.04464912 -0.990164 0.1398999 -0.001861631 -0.9865785 0.162268 0.01821964 -0.9794813 0.1953225 0.0496546 -0.9725459 0.1981592 0.1220145 -0.9654019 0.114232 0.2344151 -0.9504818 0.167671 0.2616694 -0.9510607 0.1553717 0.2671015 -0.9142948 0.2228819 0.338214 -0.9200597 0.1259219 0.3709903 -0.8853402 0.1459748 0.4414341 -0.8734883 0.08023482 0.4801881 -0.8396484 0.02716219 0.542451 -0.8189579 0.0859121 0.5673863 -0.7511929 0.1061753 0.6514876 -0.694741 0.2002065 0.6908345 -0.6261305 0.1996256 0.7537309 -0.5510565 0.2007864 0.8099517 -0.4699072 0.2029845 0.8590602 -0.3833174 0.2057889 0.9003992 -0.3850335 0.2951232 0.8744435 -0.3833797 0.3820673 0.8408595 -0.001617491 0.4211951 0.9069687 0.7245277 0.4323971 0.5367425 0.7716184 0.4296807 0.46902 0.8108595 0.4299213 0.3970828 0.8107701 0.4989871 0.3060454 0.7376187 0.6316559 0.2385991 0.7714104 0.6330961 0.06415194 0.8484456 0.5244798 0.07114124 0.9078316 0.410273 0.08670574 0.9278328 0.3729398 0.006500482 0.8990685 0.4374029 -0.01883041 0.8771534 0.4744826 -0.07394808 0.8790095 0.4432281 -0.1757591 0.9125195 0.3481918 -0.2146404 0.8881774 0.4081063 -0.2111641 0.8861212 0.3978466 -0.237713 0.9277541 0.2910924 -0.2335331 0.9243646 0.2861172 -0.252363 0.8895362 0.362901 -0.2775394 0.9136461 0.2788212 -0.2958202 0.9266183 0.2811412 -0.2496761 0.9860097 0.1607744 -0.04400843 0.9969675 -0.03918647 0.06723356 0.9592361 -0.1852185 0.2134484 0.9563183 -0.1334603 0.2600843 0.9337131 0.02285909 0.3572916 0.9426162 0.1358104 0.3050089 0.9401521 0.1625466 0.2994875 0.9117199 0.1071516 0.3965923 0.9302161 0.1181997 0.3474577 0.8780984 0.005432367 0.4784495 0.8722695 -0.04742681 0.4867203 0.8755138 -0.0553624 0.4800112 0.7511303 -0.1954733 0.6305502 0.6807652 -0.2056395 0.7030442 0.605322 -0.2290481 0.7623138 0.5277969 -0.2652413 0.8068938 0.4413084 -0.3014692 0.8452002 0.3770314 -0.3719958 0.8482137 0.3040975 -0.3302833 0.8935534 0.2204692 -0.3012226 0.9277167 0.2127521 -0.3167324 0.9243469 0.2063734 -0.3327245 0.9201655 0.1113049 -0.3327245 0.9364324 -0.07941156 -0.3312885 0.9401817 -0.3575011 -0.3305527 0.8734576 -0.4433892 -0.3111172 0.8406022 -0.5253489 -0.288951 0.8003224 -0.7130435 -0.03354024 0.7003171 -0.7331314 -0.01925754 0.6798144 -0.7621576 -0.1741124 0.623539 -0.7543827 -0.2263941 0.6161596 -0.8375765 -0.09534281 0.5379362 -0.8634502 -0.05383592 0.5015531 -0.88915 -0.0152291 0.4573626 -0.9237862 0.09772253 0.3702287 -0.9500914 0.2827293 0.1318732 -0.931964 0.359821 0.0444054 -0.9178093 0.396935 -0.008301258 -0.8741624 0.4630988 -0.1462176 -0.8257043 0.522768 -0.2119577 -0.8321033 0.4984074 -0.2432982 -0.8507604 0.4601418 -0.2539219 -0.849096 0.4580882 -0.2630421 -0.8607264 0.4328199 -0.267987 -0.8605799 0.4310529 -0.271285 -0.8310376 0.4641664 -0.3064737 -0.8321995 0.4377989 -0.3402593 -0.8772979 0.4740815 -0.07480192 -0.8993199 0.436796 -0.02081429 -0.9329317 0.3595429 -0.01916581 -0.9740426 0.2252297 -0.02264505 -0.9778108 0.2094851 -0.001464903 -0.9809958 0.1862866 0.05426239 -0.969168 0.238294 0.06268644 -0.9685004 0.2414079 0.06106913 -0.9712409 0.1777434 0.1584248 -0.9704046 0.1782295 0.1629396 -0.9465284 0.2578583 0.1938896 -0.9514529 0.1520444 0.267619 -0.9276563 0.238262 0.2875502 -0.899616 0.2073783 0.3842985 -0.8957207 0.04788362 0.4420313 -0.8706182 0.1840606 0.4562299 -0.8773045 0.07489407 0.4740545 -0.8151363 0.1180786 0.567107 -0.7565755 0.2022824 0.6218324 -0.3783761 0.4661796 0.7996926 -0.2894157 0.473051 0.8321426 -0.1956269 0.4785382 0.8559973 -0.09671527 0.4803109 0.8717498 0 0.4913592 0.8709571 0.09622669 0.564634 0.8197127 0.1914492 0.560858 0.8054723 0.2830609 0.5546773 0.7824383 0.3698005 0.54672 0.7512289 0.4508291 0.5377172 0.7124699 0.525174 0.5282259 0.6672104 0.5921952 0.5190712 0.6163359 0.6517131 0.5108657 0.5606124 0.7852256 0.4972475 0.3690063 0.7548406 0.5616517 0.3387672 0.7129074 0.6352655 0.2969863 0.6764271 0.7222365 0.1442947 0.6845386 0.7225041 0.09692794 0.6841452 0.7275738 0.05081415 0.893296 0.4493032 0.01220762 0.8951613 0.4457342 -0.002685666 0.8370781 0.5468108 -0.01727378 0.8284326 0.5588601 -0.03708028 0.8565549 0.5026224 -0.1169805 0.8298075 0.5351175 -0.1583318 0.8423486 0.4856017 -0.2337517 0.8796871 0.3925387 -0.2684474 0.9218719 0.2995794 -0.2457734 0.9227349 0.3063779 -0.2338653 0.88126 0.3745569 -0.2882498 0.8891289 0.3631228 -0.2785528 0.8905497 0.3556705 -0.2835842 0.8908492 0.3654038 -0.2699404 0.9266259 0.310442 -0.2121089 0.9630553 0.231364 -0.1378235 0.9982137 0.05929827 0.007293999 0.9818286 -0.09839344 0.1622698 0.9701159 0.01120054 0.242384 0.9464174 0.03543227 0.3209964 0.946334 0.07635855 0.3140408 0.9455763 0.1008659 0.3093731 0.9328051 0.1473749 0.3288698 0.9194902 0.07031679 0.3867731 0.9282006 0.03222787 0.3706821 0.8767278 0.001678526 0.4809841 0.8555099 -0.03418129 0.516657 0.8790315 -0.05194288 0.4739257 0.8832176 -0.1006819 0.458028 0.8572891 -0.1577241 0.4900801 0.8136149 -0.1941335 0.5480357 0.4511041 -0.3131268 0.8357373 0.4465501 -0.307049 0.8404249 0.2995157 -0.3378784 0.8922603 0.2014866 -0.348924 0.9152351 0.1062077 -0.3571082 0.9280053 0.01342844 -0.3456912 0.9382523 -0.08404952 -0.3707762 0.9249112 -0.1770426 -0.3605248 0.9157936 -0.2684809 -0.3470689 0.8985885 -0.6026669 -0.2642371 0.7529751 -0.6654772 -0.1585487 0.729385 -0.7106381 -0.05279809 0.7015739 -0.7106412 -0.008789539 0.7034997 -0.753004 -0.03833228 0.6568986 -0.7789407 -0.09842431 0.6193255 -0.8149712 -0.1226851 0.566366 -0.8925366 0.03262507 0.4497933 -0.9445291 0.2118621 0.2509568 -0.9502084 0.2045077 0.2351182 -0.9504814 0.2916694 0.1073045 -0.9085364 0.4171717 -0.02301174 -0.9018349 0.4313853 -0.02450668 -0.8883535 0.4553468 -0.05905467 -0.8783527 0.4668576 -0.1026678 -0.8263121 0.5262761 -0.2006039 -0.828565 0.5148279 -0.2200737 -0.8275529 0.5069204 -0.241222 -0.8329231 0.4903479 -0.2565118 -0.8486948 0.465366 -0.2513001 -0.8218081 0.4948611 -0.2823897 -0.8312768 0.429372 -0.3530134 -0.8486704 0.4343454 -0.3018322 -0.8465886 0.443223 -0.2946885 -0.8295998 0.535457 -0.1582719 -0.7955155 0.5989714 -0.09158831 -0.8148218 0.5761647 -0.06402844 -0.8285987 0.5585335 -0.03827118 -0.9768733 0.2134478 -0.01260417 -0.9832527 0.1798774 0.02929794 -0.9557204 0.2896612 0.05191373 -0.954997 0.278851 0.101109 -0.9710041 0.1727701 0.1652318 -0.937981 0.2425676 0.2476949 -0.8802592 0.369646 0.2974991 -0.8791334 0.3005827 0.3698306 -0.880427 0.2243489 0.4177511 -0.8656892 0.1293421 0.4835835 -0.751089 0.2806589 0.5975751 -0.6915333 0.2810203 0.6654394 -0.6248803 0.2828823 0.727669 -0.551333 0.2861499 0.7836773 -0.4710943 0.2906038 0.8328384 -0.4683493 0.3759368 0.7995753 -0.4616874 0.4584829 0.7593671 0.7037554 0.5041561 0.5005548 0.7483132 0.4993943 0.4366152 0.6612263 0.7253469 0.1914461 0.7110612 0.7030653 0.009552419 0.8133637 0.5816019 0.01336735 0.8146207 0.5765398 -0.06320542 0.7933783 0.5708625 -0.2113457 0.8794403 0.3961388 -0.2639297 0.9042173 0.3230742 -0.27931 0.8798739 0.3823774 -0.2821517 0.8840481 0.3917742 -0.2548959 0.9603826 0.262863 -0.09256511 0.9792408 0.2024952 0.009125232 0.9924339 0.1053534 0.0630533 0.9940877 0.00564593 0.1084331 0.9775851 -0.04245191 0.2062169 0.963512 0.07321482 0.2574574 0.952412 0.2122303 0.2187919 0.9501209 0.2263602 0.2145493 0.935908 0.1438074 0.3215524 0.9443151 0.1024214 0.3126964 0.9665164 0.06402951 0.2484883 0.8776643 0.002410948 0.4792698 0.8852028 -0.02206522 0.4646819 0.9247131 -0.07428467 0.3733462 0.8673833 -0.1548844 0.4729239 0.8591896 -0.1649282 0.4843471 0.7557529 -0.2334737 0.6118232 0.6874755 -0.2355166 0.6869567 0.6126183 -0.2508094 0.7495288 0.5341498 -0.2790995 0.7979897 0.4550197 -0.3196949 0.8311151 0.2955767 -0.3457805 0.890545 0.2923744 -0.3538096 0.8884459 0.2898982 -0.3619836 0.885961 0.198067 -0.3652796 0.9095824 0.009705066 -0.3777366 0.9258622 -0.2697245 -0.3998869 0.875979 -0.3589033 -0.3895139 0.8482143 -0.4449078 -0.3757514 0.8129379 -0.527005 -0.3586307 0.7704868 -0.7707383 -0.02060061 0.6368189 -0.787949 -0.1621799 0.5939984 -0.7615481 -0.2118039 0.6125224 -0.8597274 -0.02923744 0.5099157 -0.9176144 0.1162773 0.3800835 -0.9337863 0.1860736 0.3056466 -0.9516057 0.2586771 0.1659305 -0.9519516 0.2909995 0.09543317 -0.9373019 0.3443163 0.0539577 -0.9125297 0.4082273 -0.02530056 -0.8263396 0.5381157 -0.1661163 -0.8257594 0.5269454 -0.2011218 -0.7726074 0.5951351 -0.2211155 -0.8257298 0.5145551 -0.231092 -0.7734202 0.5528267 -0.3101677 -0.7744404 0.4979614 -0.3902264 -0.8034215 0.4603231 -0.3776463 -0.8288501 0.4501635 -0.3322054 -0.8507053 0.432128 -0.2992759 -0.7930973 0.5711631 -0.2115882 -0.8371088 0.5466889 -0.01950168 -0.9269583 0.3751415 -0.004181087 -0.9439038 0.3268017 -0.0473966 -0.9701247 0.2417147 0.02078378 -0.9542489 0.2597197 0.1481714 -0.8973712 0.3831315 0.218941 -0.888899 0.3765445 0.2609077 -0.8440217 0.2932941 0.4490055 -0.8516685 0.216259 0.4773812 -0.8111678 0.2071332 0.5469027 -0.8031522 0.2830077 0.5242646 -0.4509853 0.5375384 0.7125061 -0.3699809 0.5465635 0.751254 -0.2831856 0.5545604 0.7824761 -0.1915378 0.5607579 0.805521 -0.0963788 0.56457 0.8197389 0 0.5643885 0.8255094 0.09186291 0.6435899 0.7598377 0.1856168 0.637726 0.7475641 0.2743067 0.6310153 0.7256553 0.3581414 0.6221925 0.6961402 0.4362965 0.6120542 0.659572 0.507777 0.6014096 0.6168218 0.5719287 0.5908201 0.5690599 0.6287235 0.5809916 0.516871 0.7201859 0.5658821 0.401385 0.6875387 0.6284838 0.363729 0.639294 0.7323788 0.23436 0.5756323 0.8117634 0.09842604 0.5835577 0.8093693 0.06619614 0.5840815 0.8110243 0.03299152 0.6522548 0.7579731 0.006378471 0.7638971 0.6452687 0.009460926 0.8562821 0.5163268 0.01370316 0.8563598 0.5163795 3.05189e-4 0.7605323 0.6491076 -0.01580882 0.7519039 0.6585758 -0.03030562 0.794235 0.5993081 -0.1001034 0.7681751 0.6258017 -0.1352012 0.7334017 0.6554562 -0.1802756 0.8743135 0.3809404 -0.3007665 0.8822066 0.3624411 -0.3005795 0.873795 0.4042267 -0.270339 0.8632882 0.4282412 -0.2671014 0.8509393 0.4572708 -0.258468 0.8799488 0.4150252 -0.23118 0.9251052 0.3374229 -0.1741439 0.9870415 0.03082406 0.1574774 0.9785214 0.09433329 0.1832953 0.9565963 0.1273874 0.2620995 0.9601873 0.1913843 0.2035003 0.9480673 0.1879044 0.2566328 0.9465135 0.1586678 0.2809571 0.9615284 0.09775203 0.256725 0.9313758 0.01489317 0.3637548 0.8920112 0.008881032 0.4519263 0.8924512 0.002075314 0.4511392 0.9084906 -0.1701436 0.3817015 0.8772975 -0.1910181 0.4402968 0.8119405 -0.2481845 0.5283533 0.2881634 -0.3703214 0.8830764 0.1961444 -0.3816989 0.903235 0.1033688 -0.38143 0.9186 0.008942127 -0.4095373 0.9122496 -0.08496588 -0.4099667 0.9081344 -0.1781426 -0.4067034 0.8960233 -0.6044319 -0.3383659 0.7212287 -0.6746627 -0.2371665 0.6989867 -0.7311254 -0.1262897 0.6704526 -0.7719042 0.06683814 0.6322156 -0.7554723 0.1056269 0.6466102 -0.7894744 -0.03582966 0.6127369 -0.7950268 -0.1418535 0.5897542 -0.834613 -0.04590111 0.5489212 -0.8959553 0.07709175 0.4374027 -0.9225075 0.1111819 0.3696195 -0.9463768 0.1586094 0.2814501 -0.9579583 0.1985256 0.2071319 -0.9620427 0.2350554 0.1386467 -0.9586655 0.2766555 0.06650108 -0.8813031 0.4717963 -0.02670425 -0.8929044 0.4473525 -0.05096727 -0.8601754 0.5003269 -0.09885072 -0.8506751 0.5105759 -0.1251567 -0.8457082 0.5143039 -0.1423705 -0.8171805 0.5480933 -0.1783538 -0.8254883 0.5307931 -0.1919059 -0.772281 0.5762886 -0.2673457 -0.7735729 0.5264581 -0.3527421 -0.7780843 0.5064339 -0.371631 -0.7974298 0.4785372 -0.3675703 -0.8014644 0.5182158 -0.2985082 -0.7679293 0.6261362 -0.1350483 -0.7214439 0.6881169 -0.07754933 -0.7417332 0.6686402 -0.0524621 -0.7543767 0.6557077 -0.0310381 -0.8951027 0.4458575 -0.001525938 -0.9287591 0.3706247 0.006622612 -0.9552486 0.2957913 0.002777218 -0.9068879 0.4129292 0.0839287 -0.9069298 0.3995532 0.1335507 -0.9033776 0.3908023 0.1765859 -0.8256733 0.5033879 0.2546848 -0.8602842 0.3669057 0.3539654 -0.7900598 0.3571704 0.4982318 -0.7404533 0.3574392 0.5691804 -0.6833765 0.359908 0.6351873 -0.6188128 0.3643414 0.6959354 -0.5470955 0.3697152 0.7509974 -0.5384284 0.4506842 0.7120243 -0.5253858 0.5279799 0.6672385 0 0.6321436 0.7748513 0.6781073 0.5725107 0.4608712 0.6514473 0.6866368 0.3227174 0.5617304 0.8169292 0.1307123 0.5904523 0.8070461 0.006531059 0.7103342 0.703864 9.46095e-4 0.7639268 0.6452985 0.002441525 0.8130586 0.5821818 3.05191e-5 0.7383998 0.6724184 -0.05117982 0.69111 0.6852198 -0.2298715 0.7464026 0.6119055 -0.2616392 0.8577132 0.4295891 -0.2824558 0.8570722 0.3944308 -0.331439 0.8307001 0.4641654 -0.3073887 0.8578062 0.4357852 -0.2725069 0.8541752 0.4463759 -0.2667085 0.8517578 0.4572068 -0.2558722 0.833563 0.489035 -0.2569387 0.9226281 0.3603411 -0.1375198 0.9548086 0.2936511 -0.04593062 0.9785385 0.167276 0.1203374 0.9682139 0.1443547 0.2042633 0.9484512 0.2882251 0.1317827 0.9491463 0.2845302 0.1347727 0.9537456 0.2355752 0.186745 0.9579124 0.1987118 0.2071657 0.9440251 0.104773 0.312793 0.981019 0.1438689 0.1300131 0.9695953 0.02996987 0.2428718 0.8911913 0.004364192 0.4536069 0.914437 -0.01831132 0.4043141 0.95326 -0.1744769 0.2466848 0.888793 -0.2565786 0.3797559 0.7566627 -0.2723229 0.5943921 0.6912068 -0.2663136 0.6717963 0.6177124 -0.2734842 0.7373179 0.5390543 -0.2937133 0.7894004 0.4582227 -0.3266828 0.826626 0.2872205 -0.378566 0.879882 0.1027897 -0.4055129 0.9082916 -0.1748433 -0.4520779 0.8746744 -0.265978 -0.4517812 0.8515571 -0.3547252 -0.4474732 0.8209372 -0.4403365 -0.4392073 0.7830713 -0.5220674 -0.4270905 0.7382678 -0.7735434 -0.003418147 0.6337342 -0.7918854 -0.02679598 0.6100816 -0.8040667 -0.10575 0.5850588 -0.8649978 0.0237742 0.5012122 -0.9028913 0.07413202 0.4234287 -0.9452469 0.326344 0.002838253 -0.9458646 0.3199984 0.05423337 -0.9144186 0.4044719 -0.01553428 -0.8739226 0.4831219 -0.05340892 -0.8909946 0.4512806 -0.0497455 -0.8717438 0.484275 -0.07443577 -0.8589938 0.5023767 -0.09872961 -0.8571917 0.5035967 -0.1077631 -0.8456481 0.5143349 -0.1426148 -0.8185832 0.5533417 -0.1540604 -0.7735754 0.6094115 -0.1737775 -0.8282903 0.5313998 -0.1776216 -0.7076866 0.6410625 -0.297016 -0.7076876 0.6158848 -0.3462139 -0.6900351 0.6307367 -0.3549973 -0.7588274 0.5219075 -0.3896071 -0.797105 0.474088 -0.3739844 -0.7441889 0.6125581 -0.2663747 -0.7331346 0.6557377 -0.1803385 -0.7615113 0.6479499 -0.01617509 -0.8566271 0.5159355 7.93512e-4 -0.8956201 0.4448192 7.93502e-4 -0.9552978 0.2956351 0.002471983 -0.8121496 0.5802638 0.06088602 -0.838028 0.5130286 0.1857706 -0.8329566 0.5046325 0.2270007 -0.8380834 0.4354762 0.3285985 -0.8317675 0.3598201 0.42272 -0.5079044 0.6012328 0.6168892 -0.4364273 0.6119138 0.6596157 -0.3582667 0.6220453 0.6962074 -0.2743721 0.6309033 0.725728 -0.185683 0.6376825 0.7475847 0.001190245 0.6923986 0.7215143 0.08780431 0.7112545 0.6974292 0.1781696 0.7082532 0.6831055 0.2631692 0.7010928 0.6627299 0.3433747 0.6918462 0.6351715 0.4181523 0.6808976 0.6012713 0.4863798 0.6694017 0.5615479 0.5472932 0.6578627 0.5173848 0.6010727 0.6466987 0.4695661 0.6479236 0.6366314 0.4182052 0.6134921 0.6961069 0.3729111 0.6020318 0.7511817 0.2707098 0.5420513 0.8244453 0.1626977 0.4630396 0.884878 0.0508452 0.4717987 0.8810328 0.03445631 0.4764974 0.8790466 0.01507651 0.5241286 0.851625 0.004913508 0.6522839 0.7579714 0.002319395 0.6671813 0.744517 -0.02374392 0.6555857 0.7540715 -0.03979718 0.7214146 0.6880265 -0.07861763 0.6984583 0.7069426 -0.1113029 0.6663328 0.7307595 -0.1482943 0.6238974 0.7588214 -0.1869281 0.7997614 0.524171 -0.2926202 0.8403445 0.4206453 -0.3418754 0.831927 0.4384105 -0.3401381 0.8225574 0.4940472 -0.2816325 0.8307387 0.4975581 -0.2496183 0.8772819 0.4341393 -0.204694 0.9674012 0.2464129 0.05844444 0.951003 0.285658 0.1182917 0.9542776 0.2366467 0.1826274 0.9624025 0.1361171 0.2350613 0.9709392 0.1692292 0.1692292 0.9875386 0.09576904 0.1248843 0.9910936 0.04940968 0.1236616 0.962746 -0.02044755 0.2696335 0.9387484 -0.0230422 0.3438323 0.9655026 -0.08453792 0.2462892 0.9323268 -0.26341 0.2477537 0.8425812 -0.257279 0.4731432 0.8078702 -0.2891681 0.5135443 0.4607175 -0.3340629 0.8222783 0.2870083 -0.3868386 0.8763459 0.1957519 -0.3979129 0.896296 0.1044969 -0.4292187 0.8971353 0.01117002 -0.4407896 0.8975409 -0.08218747 -0.4483843 0.8900545 -0.5991578 -0.411158 0.6869928 -0.6764996 -0.3150854 0.6656346 -0.7406832 -0.2080224 0.6388389 -0.7892159 -0.09564584 0.606622 -0.7978343 -0.01916605 0.6025722 -0.809577 -0.05777239 0.5841639 -0.8421418 0.009094655 0.5391795 -0.9290296 0.121191 0.3495954 -0.9620352 0.1353234 0.2370143 -0.9708804 0.169016 0.1697789 -0.9758554 0.1893724 0.1088319 -0.9531865 0.3023266 0.005859732 -0.9309065 0.3651661 -0.008179187 -0.9171883 0.3971136 -0.03265535 -0.8313821 0.5514876 -0.06830263 -0.8765726 0.4775645 -0.05960398 -0.8745458 0.4792057 -0.07437419 -0.8266385 0.5511432 -0.1136223 -0.7076806 0.662329 -0.2459852 -0.7078428 0.5863135 -0.393948 -0.7321867 0.5283183 -0.4298633 -0.7448514 0.5257847 -0.4107884 -0.7435993 0.5517863 -0.3776136 -0.7640767 0.5417754 -0.3502374 -0.694464 0.7112495 -0.1088314 -0.6552788 0.7543749 -0.03909516 -0.6669377 0.7447619 -0.02288943 -0.6734086 0.7391777 -0.0117194 -0.8127672 0.5825884 6.40911e-4 -0.8926032 0.4507422 0.009552538 -0.8440961 0.5243174 0.1122186 -0.8435443 0.5143057 0.1546701 -0.7791633 0.5633597 0.2748282 -0.8100519 0.4991179 0.3077294 -0.8110271 0.4296545 0.3970291 -0.7718166 0.4294144 0.4689376 -0.7247006 0.4321164 0.5367351 -0.6701048 0.4368179 0.6001248 -0.6079398 0.44332 0.6586931 -0.592378 0.5188267 0.6163662 -0.5721142 0.5906088 0.5690928 -0.09317475 0.6427929 0.7603524 0.001281738 0.6922898 0.7216185 0.5748962 0.7508717 0.3250939 0.449728 0.8906361 0.06717228 0.5081188 0.8610765 0.0190441 0.5896568 0.8076538 3.66228e-4 0.6735068 0.7390629 -0.01321494 0.6393448 0.7668536 -0.05633825 0.6261341 0.73109 -0.2710419 0.6687378 0.6807013 -0.2990581 0.7600457 0.551845 -0.3432168 0.8336697 0.4143323 -0.3651349 0.8304001 0.4395697 -0.3423657 0.8315232 0.428366 -0.3536552 0.7735729 0.5264581 -0.3527421 0.7738665 0.551964 -0.3105903 0.8330212 0.4962419 -0.2445808 0.8258221 0.5102524 -0.240126 0.8760251 0.4487859 -0.176554 0.9190297 0.3817973 -0.0980587 0.9465145 0.3226463 0.003112912 0.9659712 0.2104926 0.1503083 0.9309585 0.3622937 0.04538208 0.9373909 0.3444069 0.05179071 0.9538578 0.2756742 0.1189919 0.962151 0.2343575 0.1390764 0.9702683 0.1738072 0.1684358 0.9907249 0.1350447 0.01507616 0.979676 -0.01232987 0.2002079 0.9809135 -0.01623612 0.1937656 0.975838 -0.1767037 0.1285145 0.9544205 -0.2694522 0.1283628 0.9028365 -0.3507216 0.2487584 0.842768 -0.2618275 0.4703069 0.7538962 -0.3116971 0.5783472 0.6919646 -0.297838 0.6576303 0.6205466 -0.2968601 0.7258073 0.5424804 -0.3090078 0.7811718 0.4624583 -0.3417546 0.8181297 0.1969106 -0.4138724 0.8887835 -0.07574784 -0.4858301 0.8707648 -0.1672441 -0.4962695 0.8519074 -0.2572762 -0.5022838 0.8255423 -0.3450192 -0.5038715 0.7918809 -0.4297099 -0.5010027 0.7512294 -0.510586 -0.4937089 0.7039556 -0.801842 -0.0231949 0.5970858 -0.8126636 -0.05160784 0.5804435 -0.8411602 0.01251268 0.5406412 -0.8942727 -0.004242122 0.4475026 -0.9211699 0.06644093 0.3834469 -0.9434977 0.1011403 0.3155674 -0.94317 0.103308 0.3158447 -0.9725915 0.1686195 0.1601046 -0.9703506 0.2364304 0.05020368 -0.9648271 0.2617003 0.02493399 -0.940483 0.3397715 -0.006866812 -0.9419337 0.3357378 -0.006408929 -0.937265 0.3468775 -0.03479146 -0.9216862 0.3878407 -0.008606433 -0.8318556 0.5542551 -0.02859622 -0.6349515 0.7009645 -0.3247851 -0.6349556 0.6734406 -0.3785623 -0.635926 0.6481642 -0.4189049 -0.7034168 0.5854584 -0.4030425 -0.6878377 0.6384274 -0.3453837 -0.679908 0.6738346 -0.2892615 -0.6892414 0.6858537 -0.2335619 -0.6625026 0.7348322 -0.1453001 -0.6168863 0.782545 -0.08411115 -0.6384113 0.7671434 -0.06262642 -0.7097566 0.7044463 0.001068174 -0.7644711 0.6446534 0.002441465 -0.809851 0.5863912 0.01693797 -0.8559449 0.5168142 0.01617521 -0.8467944 0.5275603 0.06796693 -0.7610579 0.6213409 0.1863504 -0.5474864 0.6574782 0.517669 -0.4864392 0.6691553 0.5617902 -0.4182395 0.6807686 0.6013568 -0.3434364 0.6917864 0.6352032 -0.2631639 0.7010787 0.662747 -0.1781437 0.7082718 0.683093 -0.08914703 0.7119252 0.696574 0 0.7490286 0.6625377 0.1690149 0.7719814 0.6127632 0.249706 0.7644998 0.5942956 0.3257367 0.7549046 0.5692228 0.3966287 0.7435415 0.5383603 0.4612948 0.7312355 0.5024955 0.518918 0.7188494 0.4625796 0.5694929 0.707044 0.4192456 0.5339409 0.7624108 0.3655641 0.5330187 0.8005504 0.2738797 0.5197723 0.8330518 0.1893715 0.4315138 0.8982165 0.0836842 0.3639433 0.9312981 0.01513755 0.3775814 0.9259166 0.01052904 0.383901 0.9233585 0.005401849 0.3871364 0.9220165 0.003326594 0.5242863 0.8515419 5.18823e-4 0.5719304 0.8201433 -0.01614463 0.562438 0.8263983 -0.02700942 0.5489125 0.8350269 -0.03775179 0.6166025 0.7828081 -0.08374363 0.588186 0.8009621 -0.1117898 0.576263 0.7868452 -0.2208977 0.6809225 0.673201 -0.288349 0.7131727 0.6161522 -0.3342768 0.8039794 0.4640514 -0.3718515 0.8066928 0.4519336 -0.3807924 0.7756407 0.4966969 -0.3894531 0.8232535 0.5152239 -0.2383238 0.8260939 0.5200168 -0.2171441 0.9566252 0.2745509 0.09741735 0.9271348 0.3733686 0.03189224 0.9590554 0.2754328 0.06595122 0.9741955 0.2002654 0.1041001 0.9856272 0.1666059 0.02795583 0.9926102 0.120063 0.01760959 0.9870274 0.1225658 -0.1037048 0.9725366 0.01220744 0.2324297 0.987977 -0.08786559 0.1272052 0.9255555 -0.3559453 0.1290351 0.8647876 -0.3370828 0.3721797 0.8569132 -0.2625857 0.4435635 0.8424543 -0.3559464 0.4044415 0.4634093 -0.3497543 0.8142014 0.2875821 -0.394857 0.8725736 0.1995947 -0.4294035 0.8807807 0.1084631 -0.4522858 0.8852533 0.01641929 -0.4711251 0.8819137 -0.586974 -0.4820493 0.6504537 -0.6709662 -0.3916538 0.6296125 -0.7425932 -0.2890474 0.6041581 -0.7991209 -0.1761887 0.5747725 -0.8380578 -0.05752867 0.5425402 -0.8517036 0.008423328 0.5239562 -0.8910681 0.03311324 0.4526603 -0.9613996 0.09830063 0.2569978 -0.9804553 0.1475291 0.1301637 -0.9793878 0.1989539 0.03488326 -0.9724318 0.2320676 0.02282828 -0.9549573 0.2967417 -0.001007139 -0.9171265 0.398395 -0.01266533 -0.8314934 0.555509 -0.005340814 -0.7735671 0.6290898 -0.07641977 -0.7735689 0.6211868 -0.1253727 -0.7076707 0.6795324 -0.1934894 -0.6349514 0.72422 -0.2689654 -0.6551575 0.6069371 -0.4498848 -0.6812801 0.5915842 -0.4311447 -0.6895504 0.6409944 -0.3371149 -0.7107089 0.5913774 -0.3810061 -0.7102435 0.6131618 -0.3458133 -0.6673049 0.676186 -0.3122126 -0.5884467 0.8007404 -0.1120066 -0.562069 0.8266689 -0.02639895 -0.5716517 0.8203511 -0.0154426 -0.5762254 0.8172628 -0.00677514 -0.6528907 0.7574485 0.00238043 -0.8096383 0.5867276 0.01538157 -0.7704026 0.6247638 0.127083 -0.7361314 0.6323344 0.241379 -0.7854444 0.4969456 0.3689477 -0.7485198 0.4991149 0.4365806 -0.7039344 0.503909 0.5005518 -0.6518896 0.5106468 0.5606067 -0.6289147 0.5807244 0.5169388 -0.6014684 0.6463313 0.4695653 0.0835008 0.7781507 0.6225023 0.4943455 0.8125358 0.308882 0.3513695 0.9360597 0.01822006 0.3577807 0.9336542 0.01681625 0.3691534 0.929262 0.01406908 0.3729783 0.927761 0.01211619 0.3800573 0.9249191 0.009003162 0.3841449 0.9232664 0.003448665 0.483151 0.8705324 0.09348058 0.5241569 0.8516215 7.32446e-4 0.5763937 0.8171325 -0.008057177 0.5496746 0.8223909 -0.1467345 0.5747099 0.7645097 -0.2919481 0.6512185 0.6816767 -0.3335137 0.7477474 0.5454976 -0.3785583 0.7884255 0.4710593 -0.3955861 0.8188134 0.4582535 -0.3457579 0.7714764 0.5080305 -0.3830525 0.7086533 0.585051 -0.3943677 0.7076876 0.6158848 -0.3462139 0.7731971 0.5757092 -0.2659419 0.82917 0.5112233 -0.2261151 0.8291848 0.5190455 -0.2074717 0.8748551 0.4619342 -0.1457583 0.9166265 0.3964194 -0.05145609 0.9404616 0.3369059 0.0450164 0.9026452 0.4297148 -0.02401882 0.9161211 0.4004406 -0.01922696 0.9467933 0.3182834 0.04773181 0.9696568 0.2443979 -0.005951225 0.9943432 0.1041922 0.02063089 0.9976216 0.06561493 0.02111881 0.9849182 0.01953232 0.1719151 0.9808904 -5.18828e-4 0.1945605 0.9853794 -0.1605319 0.0570712 0.9713869 -0.2351788 0.03314352 0.9332457 -0.3581424 0.02804708 0.8854636 -0.4461958 0.1298606 0.8647624 -0.435662 0.2497693 0.8324128 -0.3083056 0.4604746 0.8522626 -0.344659 0.393521 0.7486309 -0.3525859 0.5614579 0.6897045 -0.3298521 0.6445971 0.6211203 -0.320784 0.7150574 0.5444033 -0.3247253 0.7734201 0.4636247 -0.3578739 0.8105421 0.2889548 -0.4027299 0.8685125 0.02459841 -0.5004227 0.8654319 -0.06567746 -0.5219404 0.8504498 -0.1553752 -0.5388234 0.827966 -0.2436973 -0.5509361 0.7981736 -0.3298573 -0.558206 0.7613148 -0.4131075 -0.5605152 0.71775 -0.4926731 -0.5578929 0.6678539 -0.8398174 -6.10377e-5 0.5428691 -0.8664667 0.0125128 0.4990782 -0.8911898 0.03399831 0.4523549 -0.923067 0.05011159 0.381361 -0.9761675 0.215651 0.02432405 -0.9684043 0.2479684 0.02655166 -0.9262324 0.3769142 -0.005401909 -0.9232051 0.3842669 -0.005615472 -0.8576892 0.5141618 -0.002655148 -0.8031722 0.5957336 -0.003997981 -0.7734154 0.633058 -0.03265541 -0.5560985 0.75411 -0.3493889 -0.5579283 0.7227644 -0.407833 -0.5346611 0.760379 -0.3687297 -0.6363878 0.6401417 -0.4303827 -0.671002 0.6259858 -0.3973641 -0.6512558 0.7006669 -0.2914308 -0.571994 0.7645712 -0.2970755 -0.6267673 0.7302875 -0.2717406 -0.6229605 0.7600532 -0.1850386 -0.551261 0.8222069 -0.1417292 -0.50607 0.8591166 -0.07623702 -0.5301524 0.8459672 -0.05725437 -0.5481531 0.8352766 -0.0429098 -0.5891094 0.8080531 4.57786e-4 -0.7016068 0.7125327 0.006714224 -0.760136 0.6496573 0.01178032 -0.8095247 0.5869473 0.01275706 -0.7742738 0.6298261 0.06180149 -0.6755784 0.7230057 0.144418 -0.6603683 0.7261365 0.1914146 -0.7550647 0.5613926 0.3386972 -0.5187675 0.7190353 0.4624593 -0.4611515 0.7314028 0.5023835 -0.396535 0.7436597 0.538266 -0.325735 0.7550227 0.5690672 -0.2497067 0.7645933 0.594175 -0.1690774 0.771988 0.6127378 -0.08426517 0.7777669 0.6228789 6.40913e-4 0.8018128 0.5975751 0.1583959 0.828664 0.5368676 0.2339618 0.8212164 0.5204476 0.3053126 0.8114406 0.4983456 0.3716967 0.8000681 0.470885 0.4323078 0.7875845 0.4391136 0.4863843 0.7747601 0.403952 0.4508644 0.8569872 0.2495883 0.485158 0.845738 0.2221466 0.4202792 0.9020544 0.09830212 0.336935 0.9412512 0.02282851 0.3698302 0.9290924 -0.003601193 0.3810261 0.9245643 3.66225e-4 0.4723498 0.8814023 -0.003967523 0.4674937 0.8839592 -0.008118093 0.4608039 0.8873962 -0.01370292 0.450158 0.8927472 -0.01898288 0.5298382 0.8461969 -0.05676507 0.5058228 0.8592945 -0.07587033 0.5275265 0.8308275 -0.1773173 0.5189803 0.8206328 -0.23921 0.7024084 0.5961697 -0.3888501 0.748754 0.5286812 -0.3998298 0.7164462 0.5857616 -0.3789306 0.7076866 0.6410625 -0.297016 0.8249424 0.5286285 -0.2000554 0.9173064 0.3980885 -0.008636832 0.8903705 0.4515637 -0.05771201 0.9082447 0.4179574 -0.02008146 0.9128334 0.4075247 -0.02566671 0.9253088 0.3791999 -0.003326535 0.9392253 0.3432483 -0.006042778 0.944141 0.3294239 0.008819997 0.9732481 0.2248023 0.04745686 0.9838338 0.1606813 0.07907414 0.9939582 0.1092292 -0.01077336 0.9974835 0.07086515 0.002197325 0.9979818 0.06335806 0.004272699 0.9983359 0.05325555 0.02212619 0.9857748 0.02023428 0.1668492 0.9810149 -0.007996022 0.1937675 0.9528331 -0.04303175 0.3004288 0.9885284 -0.122166 -0.08880913 0.9834093 -0.1791762 0.0283215 0.9790902 -0.2014885 0.02801668 0.9650924 -0.2614231 0.01596122 0.943264 -0.3272293 0.05633884 0.9221985 -0.3860372 0.02291989 0.9098918 -0.4129824 0.03927785 0.8314486 -0.4129012 0.3717606 0.8036054 -0.3542688 0.4782385 0.8008282 -0.3748999 0.4670379 0.5447728 -0.3408416 0.7661917 0.4630122 -0.3662346 0.8071506 0.2910571 -0.4102937 0.8642597 0.2037481 -0.4443637 0.872369 0.11466 -0.474449 0.8727837 -0.5679061 -0.5503574 0.6120372 -0.65802 -0.4659945 0.5914886 -0.7352424 -0.3667514 0.5700106 -0.7963159 -0.2597518 0.5462692 -0.8427659 -0.1442657 0.5185877 -0.8603534 -0.01138347 0.5095711 -0.9878159 0.09424334 0.123847 -0.983999 0.1761566 0.02673476 -0.9704705 0.2410382 -0.009369254 -0.8832454 0.4688608 -0.006866693 -0.8673082 0.4977279 -0.006591975 -0.786784 0.617189 -0.006988883 -0.7076867 0.7013692 -0.0852105 -0.7076778 0.6925709 -0.1397776 -0.6349518 0.7430202 -0.211559 -0.5560865 0.7791192 -0.289381 -0.5803012 0.6709447 -0.4616102 -0.6385286 0.6436864 -0.4218403 -0.6265658 0.6620905 -0.411159 -0.4737784 0.8748909 -0.1004993 -0.460285 0.8876706 -0.01336723 -0.4671205 0.8841598 -0.007751762 -0.4718578 0.88167 -0.002899289 -0.5249639 0.8511245 4.8831e-4 -0.6420888 0.7666062 0.006073236 -0.7019019 0.7122478 0.006073236 -0.6837177 0.7232398 0.09723359 -0.6384981 0.7329558 0.2347253 -0.7134176 0.6342507 0.2979288 -0.7204093 0.5656152 0.40136 -0.6783292 0.572243 0.4608769 -0.6481356 0.6364162 0.4182041 -0.5696775 0.7069849 0.4190942 0.07831239 0.8321989 0.5489192 0.4497972 0.8251571 0.3417579 0.4366692 0.8838065 0.1679473 0.3331805 0.9425618 0.02383565 0.3339097 0.9422473 0.02597177 0.3484999 0.9373089 3.05193e-5 0.3799883 0.9249913 -2.74668e-4 0.4657816 0.8848997 -2.13633e-4 0.4757034 0.8736438 -0.1022394 0.4691701 0.8734261 -0.1304081 0.504787 0.8075066 -0.3051611 0.6221686 0.7035332 -0.3434348 0.7489144 0.5303348 -0.3973315 0.7124094 0.5884405 -0.382375 0.7030158 0.5828301 -0.4075264 0.6349556 0.6734406 -0.3785623 0.6349515 0.7009645 -0.3247851 0.7076806 0.662329 -0.2459852 0.7724952 0.5952717 -0.2211401 0.8285703 0.5276494 -0.1872363 0.8792514 0.4656889 -0.1002548 0.8742876 0.4787569 -0.08008271 0.9022648 0.4302574 -0.02823007 0.8811566 0.4720438 -0.02716225 0.9209003 0.3891257 -0.02288973 0.9301737 0.3671192 6.1039e-4 0.9417949 0.3360174 -0.01071226 0.951658 0.3071174 0.005096733 0.9676851 0.2482159 -0.04443651 0.9739022 0.2266365 0.01226872 0.997356 0.07263481 -0.002319395 0.9971864 0.07489424 0.003204464 0.9984695 0.05530095 -6.71425e-4 0.9982264 0.05209648 0.0288102 0.9893134 0.02368295 0.1438679 0.9643112 -0.03323525 0.2626777 0.9418313 -0.04196429 0.3334559 0.9970825 -0.07168883 0.02621567 0.9956397 -0.09286814 -0.00878936 0.9854164 -0.1700804 -0.005218684 0.951894 -0.3028725 0.04654175 0.951471 -0.3075434 -0.0109564 0.894246 -0.4468636 0.02523946 0.8397081 -0.5273125 0.1297375 0.8182768 -0.5172674 0.250714 0.738134 -0.3871037 0.5525476 0.684483 -0.3619263 0.6328446 0.6194206 -0.3450211 0.7051799 0.5436456 -0.3572014 0.7595108 0.4616715 -0.3745378 0.8041026 0.2939001 -0.4174724 0.8598486 0.1230513 -0.4956843 0.8597415 0.03561586 -0.528348 0.8482806 -0.05209648 -0.5563673 0.8293017 -0.1393491 -0.5794004 0.8030424 -0.2253832 -0.5973494 0.7696599 -0.3094001 -0.6100107 0.729492 -0.3906818 -0.6172901 0.6828768 -0.4685068 -0.6191212 0.6302304 -0.8510043 -0.2318257 0.4712203 -0.8606401 -0.2089951 0.4643489 -0.8818611 -0.1185683 0.4563581 -0.8889708 -0.03326618 0.4567542 -0.8759877 0.003234982 0.4823228 -0.8725724 0.007446646 0.4884281 -0.9285653 0.03189212 0.3697965 -0.9666634 0.06286942 0.2482122 -0.991288 0.1310486 0.0132147 -0.7718604 0.6357448 -0.007751822 -0.7075225 0.7057524 -0.03640913 -0.4718607 0.799975 -0.3706583 -0.4691421 0.777051 -0.4196398 -0.5441879 0.7172012 -0.4352954 -0.5296967 0.7616451 -0.3732537 -0.5887804 0.6564419 -0.4716163 -0.5983626 0.6875402 -0.411401 -0.6165582 0.7079645 -0.3444449 -0.5765974 0.7859279 -0.2232777 -0.5260263 0.8315829 -0.1782312 -0.4592856 0.8770954 -0.1405721 -0.3934603 0.9176062 -0.05646145 -0.4191451 0.9070184 -0.0404374 -0.4379174 0.8985105 -0.03012222 -0.4507029 0.8924028 -0.02200406 -0.5237739 0.8518574 2.74675e-4 -0.5747148 0.818353 0.001159727 -0.6851862 0.7266923 0.04938 -0.5746423 0.8124463 0.09857636 -0.5607602 0.8176099 0.1306222 -0.5411096 0.8251235 0.1623939 -0.6137416 0.6958689 0.372945 -0.486211 0.7749283 0.403838 -0.4322046 0.7877158 0.4389796 -0.3716608 0.8001785 0.4707255 -0.3052808 0.8115288 0.4982215 -0.2340226 0.8212767 0.520325 -0.1584875 0.8287254 0.5367457 -0.07916599 0.8325247 0.5483024 7.01946e-4 0.802294 0.5969289 0.146188 0.8781656 0.4554717 0.2160139 0.8708919 0.4414582 0.2820291 0.8613774 0.422479 0.3435259 0.8502082 0.3989185 0.399648 0.8379027 0.3717535 0.4095056 0.8693679 0.2765948 0.4042547 0.8949698 0.188699 0.3824338 0.9169438 0.1138359 0.3200203 0.9472736 0.01611393 0.3767633 0.9262976 -0.004730522 0.3823668 0.9240098 -0.001281738 0.3811516 0.9245115 -0.001464903 0.3792006 0.9253104 -0.002777218 0.4353257 0.8997972 -0.02926784 0.4161905 0.908496 -0.03769123 0.4675182 0.8730526 -0.1385861 0.4565045 0.8710759 -0.1811918 0.4546079 0.8567844 -0.2434178 0.5509998 0.7553587 -0.3547286 0.7331323 0.5200472 -0.4382557 0.6981874 0.6050734 -0.3826496 0.685734 0.5914911 -0.4241546 0.6347967 0.6433115 -0.4279994 0.6349514 0.72422 -0.2689654 0.8304557 0.5261191 -0.1831452 0.8439017 0.5152955 -0.1493331 0.865532 0.4928894 -0.08896422 0.8764488 0.476709 -0.06772196 0.8893562 0.4550088 -0.04486298 0.9419047 0.3357994 -0.007385551 0.9634983 0.2668924 0.02096682 0.9544819 0.2982317 -0.004730403 0.9981781 0.0599389 -0.006927728 0.9968369 0.07922691 -0.006286859 0.9971485 0.07544302 0.001800596 0.9992163 0.03955233 0.001586973 0.9967102 0.07409936 0.0328381 0.9910783 0.02572762 0.1307744 0.9727327 -0.04547333 0.2274277 0.9965495 -0.07455885 0.03647065 0.8986364 -0.4385297 -0.01202452 0.8942156 -0.4469247 0.02523946 0.8499653 -0.5258798 0.03177064 0.7853986 -0.4902828 0.3778519 0.8001242 -0.3525588 0.4852872 0.5409502 -0.3736143 0.7535154 0.4595919 -0.3827134 0.8014398 0.2974687 -0.4243056 0.8552644 0.2093915 -0.4586411 0.8635991 -0.5411372 -0.6136204 0.5750135 -0.635297 -0.5350095 0.5569226 -0.7151305 -0.4446371 0.5393388 -0.7855704 -0.3382164 0.518159 -0.8419631 -0.2682331 0.4681337 -0.8608249 -0.1950788 0.4700264 -0.8763611 -0.1527795 0.4567821 -0.8764613 -0.09076523 0.4728398 -0.887381 -0.0558809 0.4576379 -0.8954122 -0.01532077 0.4449746 -0.8905462 0.005798578 0.454856 -0.8758202 0.001037657 0.4826366 -0.8732318 0.003540158 0.4872922 -0.8765094 0.002533078 0.4813782 -0.9688609 0.02829122 0.2459843 -0.99304 0.116523 0.01715189 -0.7084536 0.7057068 -0.008453905 -0.6349497 0.7669143 -0.09317475 -0.6349563 0.7572781 -0.1528412 -0.5560891 0.7993571 -0.2275812 -0.471862 0.8264986 -0.3069956 -0.5030495 0.7418935 -0.4433232 -0.5310944 0.7650542 -0.3641851 -0.5467803 0.7236385 -0.4211636 -0.5054262 0.807107 -0.3051601 -0.5203846 0.818375 -0.2438492 -0.4691357 0.8734494 -0.1303765 -0.407886 0.9075121 -0.1002548 -0.353078 0.9346234 -0.04260492 -0.3763344 0.9264768 -0.00363177 -0.378897 0.9254365 -0.002105772 -0.3811257 0.9245228 -9.76619e-4 -0.4659389 0.8848169 0 -0.5060057 0.862529 0.00137335 -0.5748254 0.8182756 0.00100708 -0.5842255 0.8108597 0.03445595 -0.5826165 0.810017 0.06656295 -0.5199609 0.8331826 0.1882748 -0.6513136 0.686594 0.3230779 -0.6876989 0.6280941 0.3640992 -0.5751762 0.7506956 0.3250054 -0.5336317 0.7624967 0.3658361 0 0.8468149 0.5318877 0.07043826 0.8841105 0.4619385 0.3549991 0.9262266 0.1268072 0.3280491 0.9427939 0.05935949 0.4021239 0.9155828 0.002136349 0.3250604 0.945608 -0.01269596 0.3681828 0.929735 -0.005859673 0.3839322 0.92336 -0.001617491 0.3819204 0.9241901 -0.003112971 0.3619827 0.9321643 -0.006195247 0.3914075 0.9188386 -0.0503565 0.4099982 0.9071598 -0.0946713 0.3963825 0.9095311 -0.1250368 0.4037722 0.8953794 -0.1877861 0.4381081 0.8464596 -0.3026013 0.4779376 0.8019952 -0.3583006 0.62696 0.6689853 -0.3992243 0.6708736 0.6298252 -0.3914701 0.6660438 0.6043651 -0.4371827 0.6432608 0.6273602 -0.4389019 0.5575885 0.7225456 -0.4086846 0.5560985 0.75411 -0.3493889 0.5560865 0.7791192 -0.289381 0.6349518 0.7430202 -0.211559 0.7076707 0.6795324 -0.1934894 0.8244047 0.5376805 -0.1767955 0.8371166 0.5231635 -0.1597995 0.8480606 0.5148547 -0.1253718 0.8592215 0.5007802 -0.1046789 0.8620776 0.4985932 -0.09070324 0.8309351 0.5519934 -0.06964385 0.8884994 0.4561368 -0.05008161 0.8832454 0.4688608 -0.006866693 0.9983444 0.05685728 -0.008697926 0.9968076 0.07956272 -0.00665307 0.9970273 0.07703012 -0.001739561 0.9968324 0.07037609 0.03704971 0.9919876 0.02740597 0.123327 0.9847931 -0.04831182 0.1668789 0.9961431 -0.07056009 0.0521571 0.997141 -0.07132244 0.02496433 0.9974083 -0.07168811 0.006134212 0.9946977 -0.1018716 -0.01409965 0.873534 -0.4846659 0.04513698 0.8282997 -0.5593007 0.03320521 0.78205 -0.6092818 0.1310486 0.7635575 -0.5946953 0.25163 0.7844728 -0.3988591 0.4748831 0.8001156 -0.3525856 0.485282 0.6763138 -0.3938551 0.6224773 0.615443 -0.3694001 0.6962569 0.5367791 -0.3899187 0.7482191 0.4566911 -0.3909525 0.7991179 0.3017142 -0.4306279 0.8506046 0.2164406 -0.4720982 0.8545623 0.1335196 -0.5156757 0.8463162 0.04941058 -0.5546565 0.8306112 -0.03509753 -0.5887544 0.8075497 -0.1192995 -0.6176473 0.7773542 -0.2024363 -0.641094 0.7402825 -0.2837696 -0.6588533 0.6966974 -0.3626313 -0.670816 0.6469194 -0.4382496 -0.6768454 0.5914539 -0.6948458 -0.5230495 0.4935672 -0.7798363 -0.4077416 0.4749762 -0.7995364 -0.3780692 0.4666963 -0.8184357 -0.3194758 0.4775963 -0.8418428 -0.2688745 0.4679821 -0.8947776 -0.2583102 0.3642101 -0.9152376 -0.1744777 0.3631774 -0.876357 -0.1528093 0.4567799 -0.9276853 -0.08939003 0.3625044 -0.9126927 -0.01998972 0.4081573 -0.8938405 2.44152e-4 0.4483851 -0.891087 0.004089474 0.4538141 -0.992093 0.04577904 0.1168586 -0.9943353 0.1005597 0.03442525 -0.6960188 0.7179926 -0.006683647 -0.6348006 0.771649 -0.03982758 -0.3830794 0.8381235 -0.3883287 -0.372704 0.8362645 -0.4021858 -0.4692956 0.7644173 -0.4420723 -0.5152548 0.7468951 -0.4203097 -0.5500162 0.7584619 -0.3495969 -0.4578158 0.8526403 -0.2518124 -0.4597115 0.8703786 -0.1763707 -0.3999878 0.9092658 -0.1150888 -0.332292 0.9412094 -0.0608856 -0.3195329 0.9473372 -0.02124112 -0.3392812 0.9406302 -0.01016283 -0.3570739 0.9340382 -0.008423268 -0.3668714 0.930256 -0.005401849 -0.3732228 0.9277314 -0.004394769 -0.3777684 0.9258957 -0.002868771 -0.3806588 0.9247142 -0.001617431 -0.3810363 0.9245586 -0.001709043 -0.4324908 0.9016354 -0.002288937 -0.4629748 0.8849014 0.05102789 -0.4491838 0.8908294 0.06824123 -0.4321456 0.8980146 0.08258372 -0.4216476 0.901525 0.09729385 -0.602028 0.7512074 0.2706471 -0.4496469 0.8253141 0.3415766 -0.3995574 0.8380267 0.3715713 -0.3434973 0.8503047 0.3987377 -0.2820287 0.8614677 0.4222953 -0.2161099 0.8709407 0.4413148 -0.1463096 0.8781935 0.4553788 -0.07339841 0.8830393 0.4635239 0.1325132 0.9198713 0.3691571 0.1959661 0.9130235 0.3577504 0.2560583 0.9040477 0.3422453 0.3122088 0.893381 0.323104 0.3635175 0.8816468 0.300922 0.3662589 0.9065983 0.2096047 0.3027498 0.9508234 0.06540244 0.3007012 0.9536191 0.0137639 0.3213406 0.9469004 -0.01095652 0.3335141 0.9426779 -0.01126158 0.3581486 0.933628 -0.0082708 0.3491678 0.9370248 -0.00814855 0.347886 0.9289675 -0.1264707 0.3469668 0.9200463 -0.1820133 0.3963881 0.8859829 -0.2406467 0.5443124 0.7293512 -0.4144526 0.5913982 0.6904936 -0.4164935 0.6144559 0.6518427 -0.4444604 0.5709942 0.7030532 -0.4238889 0.5560891 0.7993571 -0.2275812 0.7734525 0.6095329 -0.1738994 0.8195002 0.5525492 -0.1520159 0.8550188 0.5043256 -0.1208245 0.8476584 0.5159806 -0.1234483 0.8749848 0.4813789 -0.05172997 0.8576892 0.5141618 -0.002655148 0.9232051 0.3842669 -0.005615472 0.927791 0.3731002 -3.96753e-4 0.9983766 0.05618596 -0.009338855 0.9969879 0.06091547 0.04800605 0.9941099 0.03207594 0.103522 0.9848133 -0.04843342 0.1667245 0.9957531 -0.06558597 0.06460934 0.9974004 -0.07104885 0.01202458 0.997422 -0.07132285 0.00790441 0.9937502 -0.1105998 -0.01510673 0.9957481 -0.08984833 -0.02032572 0.8288695 -0.5593244 -0.01147514 0.8283858 -0.5591749 0.03317445 0.8091265 -0.5864885 0.03668409 0.7274264 -0.5689094 0.3836575 0.7549199 -0.4467383 0.4801262 0.7219124 -0.4307852 0.5415411 0.609255 -0.3936063 0.6883913 0.5311515 -0.4060239 0.7436549 0.4531208 -0.3988879 0.7972264 0.306625 -0.4364531 0.8458663 -0.5015614 -0.6737537 0.5426715 -0.6038204 -0.5998224 0.5249896 -0.6950203 -0.5300624 0.4857786 -0.7085005 -0.5121712 0.4854975 -0.7707161 -0.4378978 0.462863 -0.791388 -0.3774284 0.4808878 -0.8174621 -0.3695899 0.4417682 -0.8232778 -0.3267964 0.4641314 -0.8328378 -0.2982334 0.4663025 -0.9323043 0.01214665 0.3614709 -0.977907 -0.02267599 0.2078075 -0.9942843 0.1063898 -0.008942067 -0.6715098 0.7409711 -0.006042718 -0.556089 0.825054 -0.1002553 -0.5560991 0.8146923 -0.1644095 -0.4718563 0.8479741 -0.2414368 -0.3830767 0.8659207 -0.3216111 -0.4092339 0.7879791 -0.4600182 -0.4648374 0.7621856 -0.4505544 -0.4395996 0.8458723 -0.3020798 -0.3970237 0.8835907 -0.2482733 -0.3119359 0.9497548 -0.02572757 -0.3222249 0.9465623 -0.01382529 -0.3250026 0.9456479 -0.01110911 -0.3446168 0.9386933 -0.009704887 -0.3489863 0.93709 -0.008423268 -0.3562465 0.934365 -0.007110834 -0.3712639 0.9285109 -0.005554437 -0.3432178 0.9392559 1.52596e-4 -0.378646 0.9255417 -1.22075e-4 -0.43099 0.9023567 -4.27267e-4 -0.4730809 0.8808503 0.01724344 -0.4710395 0.8814366 0.03451764 -0.4376418 0.8834933 0.1670607 -0.5334472 0.8003692 0.2735752 -0.4934925 0.812752 0.3096765 0.002594113 0.8904526 0.4550687 0.0641821 0.9234232 0.3783786 0.3204804 0.9366292 0.1414862 0.2803174 0.9597933 0.01480168 0.3435227 0.939072 -0.01165825 0.3573134 0.9339041 -0.01226848 0.3469143 0.9367938 -0.04547393 0.3271946 0.9427332 -0.06479191 0.2895669 0.9547957 -0.06720346 0.2973154 0.9462392 -0.1274165 0.3936354 0.8664373 -0.3071442 0.4299194 0.826268 -0.3639376 0.5102478 0.7513483 -0.4184771 0.6100177 0.6557355 -0.4448478 0.5657609 0.7110617 -0.4174996 0.5156853 0.7237967 -0.4584615 0.4718607 0.799975 -0.3706583 0.471862 0.8264986 -0.3069956 0.4718563 0.8479741 -0.2414368 0.5560991 0.8146923 -0.1644095 0.6349563 0.7572781 -0.1528412 0.7076778 0.6925709 -0.1397776 0.8248545 0.5542063 -0.1116713 0.8318556 0.5542551 -0.02859622 0.8673082 0.4977279 -0.006591975 0.998443 0.05484336 -0.01019346 0.9969773 0.05548423 0.05438554 0.9943883 0.03332632 0.1004062 0.9879987 -0.05032616 0.1460344 0.9952148 -0.06286847 0.07480132 0.9974085 -0.07123035 0.01013213 0.9939149 -0.1097466 -0.009430348 0.9958589 -0.08801621 -0.022767 0.7888459 -0.6143708 0.01644951 0.7196943 -0.6815459 0.132421 0.7010803 -0.6668991 0.2524524 0.7343304 -0.4945079 0.4649955 0.7533667 -0.4473201 0.4820204 0.6652858 -0.4253752 0.6135559 0.6008908 -0.417532 0.6816138 0.5241063 -0.4217754 0.7398771 0.4489117 -0.4065506 0.7957355 0.3121182 -0.4416716 0.8411353 0.2248359 -0.484586 0.8453551 0.1460021 -0.5342626 0.8326146 0.06586015 -0.5791301 0.8125705 -0.01483249 -0.6189377 0.7853 -0.0953719 -0.6532594 0.7511034 -0.1751224 -0.681781 0.7102865 -0.2532804 -0.7042961 0.6631864 -0.3291817 -0.7205924 0.6102344 -0.4800426 -0.7257254 0.4928303 -0.5574657 -0.6813742 0.4743006 -0.6132184 -0.6362297 0.4681615 -0.6266623 -0.6146681 0.4790382 -0.6950089 -0.5300843 0.4857707 -0.7300494 -0.5749509 0.3694041 -0.7343341 -0.4860259 0.4738485 -0.7568527 -0.4586163 0.4656663 -0.8286319 -0.4228156 0.3668736 -0.8651848 -0.3431563 0.3656488 -0.9518678 -0.1819563 0.2466573 -0.9653853 -0.09167987 0.2441846 -0.9428447 -0.01623594 0.3328369 -0.964914 -0.0220651 0.2616379 -0.9879259 -0.01455748 0.1542423 -0.9955228 0.08563572 0.04001009 -0.6348248 0.7726179 -0.007690727 -0.5559362 0.8301199 -0.04284882 -0.2865448 0.8725135 -0.3957425 -0.3689447 0.8316133 -0.4150894 -0.4595897 0.7706421 -0.4414612 -0.4672479 0.7727445 -0.4295874 -0.4761617 0.8032978 -0.3577469 -0.4031282 0.8957083 -0.1876015 -0.3472431 0.9292371 -0.1262564 -0.3003671 0.9535939 -0.02093595 -0.2790014 0.9601776 0.01474046 -0.3229554 0.9463123 -0.01388627 -0.3783167 0.9256491 0.007110953 -0.3933957 0.9193679 0.001648008 -0.3707498 0.9286447 0.01278764 -0.3614619 0.9322508 0.01593065 -0.344714 0.9384949 0.01999002 -0.3317077 0.9430583 0.02472013 -0.3835607 0.9164806 0.1137742 -0.4858338 0.8455016 0.2215687 -0.4093848 0.8694925 0.276382 -0.3634487 0.8817501 0.300702 -0.3122133 0.8934549 0.3228951 -0.2561173 0.9041014 0.3420594 -0.1960833 0.9130617 0.3575888 -0.1327291 0.9198868 0.3690412 -0.06470084 0.9249784 0.3744716 0.1177424 0.9527128 0.2801342 0.1742357 0.9465615 0.2714097 0.2279785 0.9384049 0.2596575 0.27843 0.9286799 0.245011 0.3246662 0.9179037 0.228133 0.2723874 0.9594445 0.07260608 0.2721973 0.9621056 0.01617497 0.2901145 0.9568956 0.01358097 0.3185634 0.9477551 -0.01666367 0.3149018 0.9488562 -0.02255398 0.2491858 0.9662552 -0.06524914 0.2505298 0.9603387 -0.1224113 0.3490443 0.9056171 -0.2408854 0.4667028 0.7785502 -0.4195809 0.5725756 0.6530249 -0.4956971 0.5910328 0.6555806 -0.469994 0.5391532 0.6861339 -0.4883996 0.5244736 0.6816172 -0.510221 0.5097035 0.7358824 -0.4457349 0.4713377 0.7695404 -0.4308694 0.4718606 0.8642487 -0.1744184 0.7735689 0.6211868 -0.1253727 0.7735671 0.6290898 -0.07641977 0.7734154 0.633058 -0.03265541 0.8314793 0.5555301 -0.005340754 0.9985281 0.05304241 -0.01132261 0.9965646 0.04776209 0.06766039 0.995453 0.03821033 0.08725512 0.9906882 -0.05221855 0.1257396 0.9940644 -0.0583828 0.0918011 0.9940024 -0.1092273 -0.005371332 0.9960097 -0.08529984 -0.02624607 0.7638347 -0.6436806 0.04724371 0.7495563 -0.6606533 0.0412622 0.6676065 -0.6384912 0.3829238 0.6976455 -0.5345492 0.4770199 0.7531234 -0.4455505 0.4840352 0.7047191 -0.4630985 0.5375043 0.5903946 -0.4409725 0.6760011 0.5157188 -0.4370089 0.7369242 0.4440585 -0.4139053 0.7946664 0.3182214 -0.446279 0.8364031 0.2345111 -0.4960625 0.8360183 -0.4006643 -0.7265247 0.5582383 -0.4849256 -0.7271291 0.4859328 -0.5404402 -0.7047879 0.4595633 -0.5763288 -0.6555572 0.4879446 -0.6127067 -0.6386176 0.4655728 -0.6260989 -0.628632 0.4613264 -0.636685 -0.6000928 0.4842737 -0.6793012 -0.5625339 0.4712808 -0.7837041 -0.5006074 0.367696 -0.930369 -0.270245 0.2477525 -0.9888375 -0.08697837 0.1209762 -0.9932023 -0.01251268 0.1157271 -0.9982441 0.05316394 0.02612417 -0.5852933 0.8107981 -0.006195306 -0.595641 0.8032318 -0.00552392 -0.4718601 0.8752347 -0.10636 -0.4718606 0.8642487 -0.1744184 -0.3830756 0.8884107 -0.2529422 -0.2905997 0.896977 -0.3331428 -0.3655625 0.8091634 -0.4600204 -0.3594527 0.8322834 -0.4220166 -0.4247024 0.8006659 -0.422566 -0.4302667 0.8260157 -0.3641 -0.3939986 0.8661866 -0.3073861 -0.3490487 0.904896 -0.2435742 -0.3447703 0.9201709 -0.1855235 -0.2879747 0.9554499 -0.0646997 -0.2783933 0.9603686 -0.01376402 -0.2885888 0.9573543 0.01376408 -0.3882983 0.9215332 0.001037657 -0.3767315 0.9262637 0.0104376 -0.3667762 0.9301856 0.01516789 -0.3555442 0.9344861 0.01800608 -0.3515222 0.9358769 0.02380508 -0.3358966 0.9415541 0.02548366 -0.3162094 0.9485672 0.01522904 -0.4827862 0.8677578 -0.1179574 -0.4023005 0.8954558 0.1905602 -0.4494524 0.857338 0.2509267 7.01931e-4 0.9236806 0.3831629 0.05874925 0.9563465 0.2862691 0.2834327 0.9465562 0.1539393 0.1848525 0.9797764 -0.07660222 0.2522075 0.9675992 0.01196336 0.2366716 0.9714675 0.01541185 0.3068697 0.9514944 -0.02212631 0.2581027 0.9659702 -0.01687723 0.2086584 0.977829 -0.01767051 0.1966313 0.9784873 -0.06244105 0.2841359 0.9415246 -0.1811023 0.3540562 0.8837825 -0.3058965 0.387048 0.8476785 -0.3628156 0.4208001 0.8047024 -0.4187858 0.4881584 0.748306 -0.4491545 0.3849768 0.8366698 -0.3895853 0.3830767 0.8659207 -0.3216111 0.3830756 0.8884107 -0.2529422 0.3830821 0.9054558 -0.1827514 0.4718616 0.8752375 -0.1063298 0.556089 0.825054 -0.1002553 0.6349497 0.7669143 -0.09317475 0.7076867 0.7013692 -0.0852105 0.8031722 0.5957336 -0.003997981 0.786784 0.617189 -0.006988883 0.9986259 0.0508148 -0.01281815 0.9960817 0.04184162 0.07791519 0.9914833 -0.05346995 0.1187509 0.9936746 -0.05707085 0.09671533 0.9940764 -0.1086794 -9.76619e-4 0.9966248 -0.08096659 -0.01355034 0.7425811 -0.669672 -0.01062047 0.7463471 -0.6647083 0.03360164 0.6464567 -0.7513816 0.1323615 0.6313515 -0.7329806 0.2532486 0.6960588 -0.5505417 0.4608753 0.698213 -0.5343872 0.4763706 0.6816003 -0.5073624 0.5272613 0.6514818 -0.4562234 0.6061615 0.5779469 -0.4635905 0.6716111 0.5060128 -0.4516576 0.7348173 0.4384094 -0.421105 0.7940201 0.3248442 -0.4502162 0.8317341 0.2454015 -0.5063675 0.8266621 0.1603783 -0.5512681 0.8187688 0.0848124 -0.6015915 0.7942888 0.008484303 -0.6465809 0.7627983 -0.06784462 -0.6858628 0.7245615 -0.1436238 -0.7190652 0.6799395 -0.2181208 -0.7459203 0.6293063 -0.2903872 -0.7643759 0.5756778 -0.4812307 -0.7211745 0.4983215 -0.5306485 -0.7616226 0.3719453 -0.5126694 -0.715259 0.4749471 -0.6031271 -0.7061001 0.371026 -0.6717002 -0.6418523 0.369925 -0.8152566 -0.5220291 0.2506839 -0.8620007 -0.441133 0.2497128 -0.9004132 -0.3568935 0.2487634 -0.9744361 -0.1846389 0.127996 -0.997839 0.03927755 0.05267524 -0.5530001 0.8331013 -0.01153606 -0.4717344 0.8805689 -0.04544299 -0.1881796 0.8984462 -0.3967153 -0.3215212 0.8368096 -0.4431408 -0.3603127 0.8380641 -0.4096626 -0.3731025 0.8212527 -0.4316697 -0.3874439 0.8474325 -0.3629674 -0.2965835 0.9464852 -0.1272947 -0.2685039 0.9631407 -0.01629698 -0.3276838 0.9430101 0.05792522 -0.2995708 0.9539511 0.0153203 -0.3839938 0.9233004 0.008087575 -0.3836505 0.9234651 0.004974544 -0.3524609 0.9268543 0.1292774 -0.3661368 0.9066898 0.2094216 -0.3246297 0.9179784 0.2278847 -0.278459 0.928736 0.2447656 -0.2280715 0.938441 0.2594454 -0.1744168 0.9465816 0.2712236 -0.1180183 0.9527227 0.2799845 -0.0567038 0.9558473 0.2883412 -0.002533078 0.952385 0.3048877 0.1019942 0.9766356 0.1891562 0.1511012 0.9713695 0.1833297 0.1980984 0.9643679 0.1753618 0.2424761 0.9559569 0.1653842 0.2399691 0.9675672 0.07892155 0.2352127 0.9718587 0.01287913 0.2767179 0.9608373 -0.0148018 0.2680827 0.9632545 -0.01651096 0.2431428 0.9698858 -0.01425224 0.2333456 0.9720805 -0.02468955 0.1846694 0.9826456 -0.01745676 0.2093927 0.9694139 -0.1280283 0.3201458 0.9153911 -0.2440615 0.4528765 0.7712543 -0.4472915 0.3910432 0.809859 -0.4372799 0.3830753 0.9169759 -0.1113946 0.7075225 0.7057524 -0.03640913 0.7718604 0.6357448 -0.007751822 0.998721 0.04840248 -0.01461839 0.9990628 -0.04229897 -0.009186148 0.7210816 -0.6922408 0.02905446 0.6823889 -0.7301827 0.03433459 0.601498 -0.7025157 0.3803576 0.6927235 -0.5786429 0.4304725 0.6350429 -0.4860789 0.6003732 0.5635727 -0.4853207 0.6684681 0.4951425 -0.4655389 0.7335581 0.4323686 -0.4276381 0.7938407 0.3317136 -0.4533937 0.8272849 0.2573747 -0.5154513 0.8173545 -0.3539667 -0.7730928 0.5263415 -0.4660027 -0.7411974 0.4831852 -0.7604191 -0.5987278 0.2515707 -0.9523105 -0.2765619 0.1289116 -0.9958935 -0.08780294 0.02206516 -0.9975904 -0.006927669 0.06903296 -0.9999503 0.0032655 0.009430289 -0.3830753 0.9169759 -0.1113946 -0.3830821 0.9054558 -0.1827514 -0.2906006 0.9202658 -0.262035 -0.1952918 0.9193882 -0.3414478 -0.2552323 0.8692792 -0.4233322 -0.2628945 0.8692852 -0.4186047 -0.3273833 0.8459106 -0.4210173 -0.3449316 0.8662965 -0.3613206 -0.3544535 0.8835702 -0.3060496 -0.3214619 0.9141505 -0.2469637 -0.2475399 0.9666905 -0.06506657 -0.2458027 0.9692026 -0.01507651 -0.2696955 0.9628103 0.01614445 -0.3203544 0.9367094 0.1412403 0.04986768 0.9803549 0.1908339 0.2253519 0.9740736 0.01992887 0.2429919 0.9699228 -0.01431334 0.2115902 0.9772277 0.0159921 0.1665708 0.9858137 -0.02063059 0.2703734 0.9335342 -0.2353978 0.3093093 0.9010103 -0.3041516 0.3425136 0.8674998 -0.3607334 0.3740771 0.827749 -0.4182083 0.4533675 0.7729374 -0.4438759 0.4098193 0.7888442 -0.45801 0.3404683 0.8252296 -0.4506413 0.2905997 0.896977 -0.3331428 0.2906006 0.9202658 -0.262035 0.2905991 0.9379312 -0.1893075 0.2905985 0.949862 -0.1153909 0.3829827 0.9225279 -0.04760956 0.4717344 0.8805689 -0.04544299 0.5559362 0.8301199 -0.04284882 0.6348006 0.771649 -0.03982758 0.7084383 0.7057221 -0.008453726 0.9988524 0.04446595 -0.01779246 0.9992427 -0.03891128 1.83112e-4 0.6525624 -0.7572739 0.02642965 0.5791319 -0.8045771 0.131385 0.5570418 -0.7899056 0.2564248 0.6321818 -0.6257421 0.4569386 0.6297357 -0.6139267 0.4759488 0.6642845 -0.5340583 0.5229799 0.6160995 -0.5147134 0.5962312 0.5473875 -0.5059428 0.666625 0.4831781 -0.4785087 0.7331905 0.4259263 -0.4336172 0.7940798 0.3390366 -0.4558637 0.8229474 0.2703438 -0.5231999 0.8081932 0.1765213 -0.5665833 0.8048749 0.1060844 -0.6217355 0.7760097 0.03470009 -0.6714485 0.7402384 -0.03692853 -0.7151937 0.6979501 -0.1082494 -0.7526193 0.649497 -0.1786279 -0.7833932 0.5953044 -0.3235606 -0.8107327 0.487874 -0.4077708 -0.7814513 0.472289 -0.4346889 -0.759111 0.4845578 -0.6979389 -0.6701972 0.2524226 -0.8360908 -0.5329484 0.1300708 -0.8820683 -0.4529672 0.1295238 -0.9226477 -0.3636328 0.1284235 -0.9778681 -0.2063713 0.03442573 -0.9907911 -0.1302235 0.03708022 -0.9993299 -0.03494369 -0.01089507 -0.4735389 0.8806982 -0.01147526 -0.3829827 0.9225279 -0.04760956 -0.09238171 0.9118539 -0.3999852 -0.2261162 0.8720843 -0.4339821 -0.2570611 0.87037 -0.4199712 -0.2910304 0.8904565 -0.3498407 -0.3132766 0.9004604 -0.30171 -0.2833064 0.9412013 -0.1840592 -0.2469879 0.9609734 -0.1246079 -0.2367976 0.9713922 -0.01800626 -0.2359707 0.9716246 -0.01623594 -0.3002159 0.9514925 0.06732499 -0.272564 0.9595131 0.07101738 -0.2834002 0.9466107 0.1536636 -0.2425374 0.9559888 0.1651098 -0.1982535 0.9643799 0.1751198 -0.1513457 0.9713717 0.1831164 -0.1023293 0.9766304 0.1890026 -0.05005055 0.9804111 0.1904973 0 0.9744247 0.2247146 0.08551293 0.9916083 0.09695738 0.126836 0.9875265 0.09329587 0.1650769 0.9822825 0.08871853 0.2037743 0.9753823 0.084293 0.1626366 0.9861968 -0.0310685 0.1863479 0.9745576 -0.1245473 0.4215861 0.7685844 -0.4811893 0.3972631 0.8038955 -0.4426445 0.3447448 0.8081178 -0.4775949 0.2892587 0.8675321 -0.4046204 0.2905073 0.955601 -0.04931819 0.6715098 0.7409711 -0.006042718 0.9990798 0.03341859 -0.02688747 0.9987374 -0.05023443 5.49344e-4 0.639649 -0.7686532 -0.00463885 0.6381889 -0.7694219 0.02655178 0.5840783 -0.7866349 -0.2001455 0.5308428 -0.7585735 0.3778524 0.6043998 -0.6544511 0.454307 0.6288979 -0.5760396 0.5221742 0.594817 -0.5418663 0.5937793 0.5296291 -0.5252344 0.6660496 0.4701831 -0.4905397 0.7336884 0.4189309 -0.4391343 0.7947693 0.3468475 -0.4576312 0.8187006 0.2841613 -0.5295636 0.799259 0.194283 -0.5800413 0.7910792 -0.2409208 -0.8022353 0.5462378 -0.3028721 -0.8249023 0.4772891 -0.3241168 -0.811238 0.4866635 -0.3892109 -0.8003345 0.4560478 -0.4503816 -0.8111264 0.3731358 -0.6283061 -0.7356128 0.2531902 -0.7782799 -0.6142066 0.1305017 -0.9648464 -0.2609648 0.031129 -0.985805 -0.1658115 0.02636867 -0.9848649 -0.1729792 -0.01092565 -0.9818924 -0.08746784 0.1680384 -0.9996905 -0.01941025 0.01556479 -0.4720963 0.8815373 -0.004150509 -0.4277896 0.9038302 -0.009338915 -0.2905985 0.949862 -0.1153909 -0.2905991 0.9379312 -0.1893075 -0.1952921 0.943256 -0.2685687 -0.09811913 0.9329102 -0.3464842 -0.1559834 0.894303 -0.4193943 -0.1593398 0.8959165 -0.414662 -0.2081067 0.9107683 -0.356641 -0.2467169 0.8957682 -0.3697703 -0.2750098 0.9318471 -0.236708 -0.2024945 0.9772534 -0.06302201 -0.2281889 0.9734271 -0.01922678 -0.2579147 0.9660434 0.01550352 -0.240334 0.9675925 0.07748675 -3.35708e-4 0.989668 0.1433779 0.04110884 0.9940288 0.1010783 0.1996864 0.9796628 0.01965427 0.1516795 0.9879919 -0.02942031 0.2405223 0.9399325 -0.2422314 0.2847753 0.8922005 -0.3505443 0.3166717 0.8522303 -0.4164404 0.3615932 0.8091899 -0.4631006 0.3064135 0.8489546 -0.4305658 0.1952918 0.9193882 -0.3414478 0.1952921 0.943256 -0.2685687 0.1952929 0.9613577 -0.1940416 0.1952908 0.9735854 -0.1182915 0.1952319 0.9794556 -0.05050939 0.3368735 0.9415246 -0.006897389 0.4277896 0.9038302 -0.009338915 0.4735389 0.8806982 -0.01147526 0.595641 0.8032318 -0.00552392 0.6960188 0.7179926 -0.006683647 0.9990872 0.03238022 -0.02786344 0.9995972 -0.02838289 -1.83116e-4 0.6106581 -0.7867842 0.08981788 0.5612762 -0.8263344 0.04626691 0.5357749 -0.8230882 0.1883376 0.4677717 -0.843283 0.2646952 0.5509948 -0.6944659 0.4627331 0.5500832 -0.6815001 0.4826656 0.613045 -0.6015392 0.5121781 0.57138 -0.5672903 0.5930486 0.5103725 -0.543028 0.6668139 0.4563854 -0.5014015 0.7350571 0.4115195 -0.4440529 0.7959076 0.3547857 -0.458612 0.8147406 0.2987843 -0.5344852 0.7906034 0.2135472 -0.5915659 0.7774621 0.129522 -0.6395225 0.7577831 0.06360161 -0.6933309 0.7178072 -0.002868771 -0.7410105 0.6714874 -0.06930881 -0.7821431 0.6192322 -0.1351091 -0.8134627 0.5657067 -0.3671728 -0.8518739 0.3734902 -0.351454 -0.8057869 0.476642 -0.5544103 -0.7916965 0.2566047 -0.716224 -0.6853386 0.1316597 -0.8226152 -0.5671998 0.0398581 -0.8879609 -0.4586449 0.03421217 -0.9179528 -0.395161 0.0347917 -0.9508529 -0.3066253 0.04312348 -0.9536501 -0.2995416 0.02874863 -0.9973688 -0.04217755 0.05896311 -0.383685 0.9234138 -0.009643971 -0.2905073 0.955601 -0.04931819 -0.00125122 0.9126924 -0.4086455 -0.1570515 0.8869476 -0.4343486 -0.146188 0.9269356 -0.3455713 -0.2431458 0.939226 -0.2423523 -0.2107033 0.9693145 -0.1266234 -0.1997465 0.9796584 -0.01925742 -0.2102448 0.9775515 -0.01379454 -0.234848 0.9718956 0.01629739 -0.2497039 0.9678697 0.02960312 -0.2380477 0.9711126 0.01654124 -0.213178 0.976865 0.01702982 -0.2049382 0.9751884 0.08371484 -0.1666316 0.9819061 0.08996886 -0.1267474 0.9874274 0.0944578 -0.08505594 0.9916176 0.09726345 -0.04168945 0.9940169 0.1009582 0.05908519 0.9979483 0.02465951 0.08991014 0.9956347 0.02505642 0.1323305 0.9909532 0.02237045 0.1619011 0.9865437 0.02279734 0.1734077 0.9846276 0.02093589 0.1477119 0.9886633 -0.02694827 0.1574805 0.9802857 -0.1193311 0.2801683 0.86489 -0.4164986 0.199843 0.8914195 -0.4067361 0.2429354 0.9700021 -0.008850634 0.2897497 0.957053 -0.009735584 0.383685 0.9234138 -0.009643971 0.5530001 0.8331013 -0.01153606 0.6348248 0.7726179 -0.007690727 0.9990501 0.03436475 -0.02679592 0.9996499 -0.02645993 -3.66228e-4 0.5869086 -0.8095134 -0.01504576 0.5716265 -0.8203282 -0.017457 0.5565788 -0.8304887 0.02255368 0.5665599 -0.822403 0.05160808 0.5396094 -0.8263981 0.160897 0.5343051 -0.8222261 0.1961184 0.514398 -0.8273707 0.225505 0.4539743 -0.8064109 0.3789579 0.5578915 -0.6916878 0.4586124 0.5573658 -0.6818218 0.4737747 0.5699169 -0.6300093 0.5275256 0.5460188 -0.5907599 0.5940255 0.4898158 -0.5592184 0.6688463 0.4417964 -0.5111056 0.7372836 0.4037067 -0.4483561 0.7974947 0.362941 -0.4588035 0.8110321 0.3140101 -0.537928 0.7823243 0.2340858 -0.6010239 0.764182 -0.1861989 -0.8890915 0.4181464 -0.2690225 -0.8348091 0.4803341 -0.2780339 -0.8847642 0.3740181 -0.4646882 -0.8452344 0.2639011 -0.6435859 -0.7538207 0.1324832 -0.8028655 -0.595763 0.0217601 -0.8438576 -0.5360403 0.0237745 -0.8645187 -0.500424 0.04672491 -0.9041374 -0.4259898 0.03268623 -0.9041655 -0.4259277 0.03271669 -0.9304635 -0.3660755 0.01504582 -0.9441984 -0.3250584 0.05316418 -0.9507953 -0.3096174 -0.01120054 -0.3368639 0.9415281 -0.006897151 -0.2897776 0.9570446 -0.009735524 -0.1952908 0.9735854 -0.1182915 -0.1952929 0.9613577 -0.1940416 -0.09811872 0.9571385 -0.2725046 0 0.9374233 -0.3481919 -0.05682671 0.9071218 -0.4170142 -0.1158196 0.8997313 -0.4207963 -0.1575692 0.9584777 -0.2376815 -0.2047516 0.9488648 -0.2402757 -0.1535731 0.9875742 -0.03335756 -0.1743874 0.9845536 -0.01559537 -0.2237685 0.9742723 0.02685707 -0.1973984 0.9800336 0.02383548 -3.66229e-4 0.9896723 0.143348 0.04492366 0.9987893 0.02005082 0.07461839 0.997018 0.01968461 0.1039486 0.9943788 0.02014267 0.1222604 0.9921526 0.02618557 0.1331855 0.9908649 0.02118027 0.1480484 0.9887292 0.02227896 0.134437 0.9904088 -0.03189253 0.1082502 0.993479 -0.03579854 0.2055497 0.9484586 -0.2411966 0.2796768 0.8643003 -0.4180503 0.2205907 0.8878564 -0.4037958 0.09811913 0.9329102 -0.3464842 0.09811872 0.9571385 -0.2725046 0.09811824 0.9755062 -0.1968774 0.09811949 0.9879094 -0.1200323 0.09808838 0.9938545 -0.05130255 0.193279 0.981075 -0.01162785 0.3422986 0.939551 -0.008697807 0.4720963 0.8815373 -0.004150509 0.5852933 0.8107981 -0.006195306 0.9990677 0.03173965 -0.0292676 0.9996913 -0.02484273 -5.18829e-4 0.5752006 -0.817739 -0.02114999 0.5895034 -0.8075305 -0.01950156 0.5826687 -0.8126294 -0.01144462 0.5435568 -0.7180078 -0.4347539 0.5554482 -0.8314633 0.01208555 0.5625534 -0.8243742 0.06277716 0.5393986 -0.8262192 0.1625154 0.5288346 -0.823069 0.2071024 0.519895 -0.8241107 0.2248351 0.5020413 -0.8374476 0.215954 0.3831722 -0.8875373 0.2558449 0.4681054 -0.7473573 0.4715236 0.5155024 -0.7183645 0.4671292 0.5118 -0.6752586 0.5311184 0.5417225 -0.6627327 0.5170322 0.5189281 -0.6120745 0.5967231 0.4681415 -0.5736176 0.6721656 0.4265398 -0.5195326 0.7403714 0.3958403 -0.451905 0.7994326 0.3712368 -0.4582168 0.8076018 0.3296958 -0.5398489 0.7745088 0.2557489 -0.6083346 0.7513465 0.1548856 -0.6547007 0.7398496 0.09482228 -0.7120372 0.6957095 0.03396785 -0.763072 0.6454203 -0.02713173 -0.8077264 0.5889328 -0.1815868 -0.8758894 0.4470393 -0.2360978 -0.8512461 0.4686554 -0.2690616 -0.8348051 0.4803189 -0.3812799 -0.8884222 0.2556007 -0.5170958 -0.8242769 0.230607 -0.574069 -0.8081525 0.1316605 -0.6887264 -0.7244644 0.02841335 -0.786042 -0.6177309 0.02337735 -0.8289076 -0.559238 -0.01284867 -0.843941 -0.5359131 0.02368271 -0.8992762 -0.4372168 -0.011994 -0.3422986 0.939551 -0.008697807 -0.2429354 0.9700021 -0.008850634 -0.1952319 0.9794556 -0.05050939 0.09689766 0.908 -0.4076112 -0.002777218 0.9085873 -0.4176859 -0.05408036 0.9160403 -0.3974238 -0.1044664 0.9322329 -0.3464515 -0.1868063 0.974927 -0.120916 -0.1470421 0.9886432 -0.03103816 -0.1634902 0.9864042 -0.01666337 -0.1729237 0.9846825 0.02230978 -0.1457901 0.9890654 0.02224844 -0.1174986 0.9927877 0.0238049 -0.08783423 0.9958106 0.02542245 -0.04638916 0.9985881 0.02588027 2.44155e-4 0.9962764 0.0862174 0.04492384 0.998793 0.01986777 0.0967465 0.9948714 -0.02951222 0.1211898 0.9848695 -0.1238754 0.2514491 0.9019694 -0.3510338 0.2396688 0.8645229 -0.4417682 0.2165629 0.8664656 -0.4498199 0.1881189 0.8915506 -0.4120061 0.1003153 0.9948831 -0.0120244 0.2057282 0.9785904 -0.006073236 0.9776325 0.09003263 -0.1900757 0.9997555 -0.02209603 -8.85063e-4 0.570801 -0.820967 -0.01413035 0.555258 -0.8316662 0.004455685 0.5570437 -0.8269284 0.07675677 0.5400635 -0.826667 0.1579661 0.5215997 -0.8239512 0.2214456 0.4995753 -0.8393195 0.2144001 0.4344147 -0.8766729 0.2067086 0.3719072 -0.8462979 0.3813987 0.4672767 -0.7457323 0.4749065 0.4689043 -0.7481593 0.4694536 0.4903771 -0.6310386 0.6010996 0.4455454 -0.5861154 0.6767261 0.4107941 -0.5265856 0.7442821 0.3877174 -0.4547379 0.8018035 0.3794177 -0.4568761 0.8045536 0.3458141 -0.5402526 0.7671635 0.2783951 -0.6134337 0.7390503 0.1819555 -0.6671501 0.7223593 -0.07928991 -0.8381293 0.5396781 -0.1874493 -0.8509685 0.4906276 -0.2281023 -0.9087777 0.3494172 -0.2904161 -0.9221842 0.2554112 -0.5181208 -0.8221204 0.2359423 -0.5211479 -0.8249371 0.2188235 -0.542269 -0.8219794 0.1740522 -0.6092172 -0.7922692 0.03412002 -0.6727875 -0.7394712 0.02322483 -0.7180914 -0.6955375 0.02392721 -0.7625269 -0.6448136 0.0526154 -0.741189 -0.6712086 -0.01086479 -0.2057282 0.9785904 -0.006073236 -0.09811949 0.9879094 -0.1200323 -0.09811824 0.9755062 -0.1968774 0 0.9617735 -0.2738463 -0.05658233 0.9321742 -0.3575613 -0.09293174 0.968169 -0.2324057 -0.1561951 0.9802935 -0.1209459 -0.1299513 0.991268 0.02237063 -0.1299818 0.9912675 0.02221804 -0.1015368 0.9946147 0.02078342 -0.07187199 0.9972049 0.02041709 -0.05362254 0.9979844 0.03393757 -0.04202485 0.9988914 0.02121078 -0.02768069 0.9993135 0.02462881 0.03039658 0.9992724 0.02304154 -0.03885114 0.9988384 -0.02850508 0.1604984 0.9585043 -0.2356052 0.1523841 0.9277332 -0.3407202 0.156868 0.8911874 -0.4256495 0.1311095 0.8911234 -0.4344071 0 0.9802377 -0.1978237 0 0.9927035 -0.120582 0 0.9986691 -0.05157685 0.04907441 0.9987624 -0.008087515 0.08554553 0.9963327 -0.001831114 0.9986479 0.02713149 -0.0443443 0.9998102 -0.01944071 -0.001312315 0.5359166 -0.8442213 -0.00915575 0.5551145 -0.8275598 0.08362269 0.5426547 -0.8282495 0.1397455 0.4917551 -0.8451363 0.2095749 0.4424017 -0.8731453 0.2046901 0.4330629 -0.8782114 0.2029811 0.2920952 -0.9216366 0.2554727 0.3785902 -0.7903853 0.4816229 0.4608119 -0.7443978 0.4832436 0.4355695 -0.717475 0.5436074 0.4669448 -0.703225 0.5361319 0.4605646 -0.647525 0.6071176 0.4222066 -0.5965949 0.6825073 0.3947718 -0.5322323 0.7489219 0.3620797 -0.5390911 0.7604467 0.3017458 -0.6163098 0.7274006 0.2105227 -0.676798 0.7054252 0.1282109 -0.7273932 0.6741374 0.07333898 -0.7811838 0.6199784 -0.03827118 -0.8770634 0.4788477 -0.1310495 -0.8704388 0.4745129 -0.1541246 -0.8609005 0.4848669 -0.188668 -0.9079688 0.3741621 -0.3874469 -0.9124154 0.1318448 -0.434075 -0.8774278 0.2042042 -0.5021371 -0.8365086 0.2193436 -0.5283501 -0.8238686 0.2051507 -0.5380249 -0.8218849 0.1871749 -0.538119 -0.8275349 0.160044 -0.6017224 -0.7838017 -0.1535741 -0.6412738 -0.766556 0.03405964 -0.7455139 -0.6650052 0.04446589 -0.193279 0.9810746 -0.01165837 -0.09808838 0.9938545 -0.05130255 0.03079366 0.8850216 -0.4645303 0.001525938 0.9214423 -0.3885122 -0.1202767 0.9849811 -0.123878 -0.1308639 0.9909399 -0.03021341 -0.1431662 0.9892846 -0.02862709 -0.09103709 0.9954263 -0.02896213 9.46084e-4 0.9998883 0.01492369 -0.02664327 0.9992308 -0.02877962 0.07794493 0.9961631 -0.03979647 0.07229918 0.9902153 -0.1193593 0.1998372 0.9137336 -0.3537742 0.09396749 0.9094004 -0.4051681 0.9989869 0.02255368 -0.03894257 0.9999991 5.49349e-4 -0.001312315 0.9998404 -0.0177927 -0.001617491 0.5295627 -0.8482708 0 0.5506539 -0.8288344 0.09906458 0.5439139 -0.828994 0.1301035 0.4868633 -0.8486612 0.2067329 0.4577561 -0.8657965 0.202128 0.4300706 -0.8822368 0.1915663 0.2990527 -0.9447368 0.1343128 0.281292 -0.879461 0.3839573 0.3713865 -0.7873309 0.49212 0.4173789 -0.7724685 0.4786307 0.4298034 -0.6613535 0.6147199 0.3982794 -0.604988 0.6894659 0.3784419 -0.5364109 0.7543507 0.3256394 -0.6168838 0.7165288 0.2403093 -0.6835418 0.6892184 0.01651066 -0.8252001 0.5645993 -0.05884152 -0.8778318 0.4753409 -0.09763222 -0.873502 0.4769301 -0.1955062 -0.9467676 0.2557511 -0.2992414 -0.9447547 0.1337659 -0.4323958 -0.8784337 0.2034409 -0.4450039 -0.8726728 0.2010315 -0.4998158 -0.8383672 0.2175421 -0.5337139 -0.8230022 0.1944662 -0.5387855 -0.8278937 0.1558919 -0.563782 -0.8256065 0.02288943 -0.5820994 -0.8126136 -0.02862733 -0.6420665 -0.7666466 -0.001892149 -0.08395719 0.9964694 1.52594e-4 0.05142492 0.8882324 -0.456507 0 0.9465502 -0.3225564 -0.04165893 0.9716461 -0.2327409 -0.06982851 0.990418 -0.119148 -0.1046811 0.9940431 -0.03033614 -0.07876938 0.9962909 -0.034639 -0.03933894 0.9987946 -0.02935922 -0.02871823 0.9931752 -0.1130418 -0.01043736 0.9994581 -0.03122061 0.0553919 0.9979396 -0.03238058 0.09109824 0.9688767 -0.2301719 0.1021176 0.9341351 -0.3419994 0.09393846 0.9088692 -0.4063647 -7.93492e-4 0.9999527 -0.009705007 0.9795495 0.05997049 -0.1920583 0.9998779 -0.0154733 -0.002197384 0.5282833 -0.8490682 0 0.548989 -0.8292213 0.1048963 0.5458093 -0.8291211 0.12104 0.4812933 -0.8522584 0.2049693 0.457602 -0.8658853 0.2020968 0.3920144 -0.9102852 0.1330621 0.2027966 -0.9699447 0.1344653 0.1966064 -0.9465309 0.2557837 0.3341584 -0.7969261 0.5032367 0.3712108 -0.7875603 0.4918857 0.3918654 -0.7340763 0.5545933 0.3983602 -0.6723873 0.6238626 0.3741014 -0.6112033 0.6974803 0.3498148 -0.6151821 0.7065271 0.271102 -0.6872921 0.6738942 0.1634289 -0.7392601 0.6532883 0.1148733 -0.795202 0.5953638 -0.04007214 -0.8762463 0.4801943 -0.09192454 -0.923152 0.3732832 -0.09763079 -0.8734893 0.4769536 -0.390191 -0.9200695 0.03497523 -0.4296557 -0.8830556 0.188703 -0.4585472 -0.8658531 0.2000822 -0.4918147 -0.8446151 0.2115276 -0.5413777 -0.8293555 0.1381292 -0.5669528 -0.8221532 0.05127203 -0.5635344 -0.8260594 -0.007416129 -0.585208 -0.8107153 -0.0165109 -0.1003153 0.9948831 -0.0120244 0.0939067 0.9094334 -0.4051082 0.0506007 0.9375786 -0.3440728 -0.0526449 0.9981478 -0.03048825 -0.003479123 0.9992211 -0.03930836 0.03793454 0.9988417 -0.02960294 0.03241074 0.99277 -0.1155739 -0.001556456 0.9999968 0.002014219 0.9881283 -0.04440575 -0.1470732 0.5270385 -0.8498415 -3.05193e-5 0.4747051 -0.8564468 0.2028651 0.4605964 -0.8642743 0.2021899 0.430785 -0.88272 0.1876959 0.3391576 -0.9402903 0.02874886 0.2158626 -0.9760668 0.02639913 0.1807945 -0.9029961 0.3897581 0.2805363 -0.8436539 0.4577637 0.3615925 -0.7859938 0.5014625 0.3558826 -0.7454583 0.5635953 0.3664419 -0.6805741 0.6344599 0.3025652 -0.6880505 0.6595764 0.2001421 -0.7475574 0.6333255 0.07190269 -0.8410114 0.5362184 -0.02655142 -0.8768994 0.4799401 0.0106818 -0.9096036 0.4153401 -0.09485226 -0.9619819 0.2561134 -0.1980068 -0.9711731 0.1327267 -0.3404672 -0.9392145 0.04425215 -0.4244021 -0.9048377 0.03393751 -0.4293135 -0.8827372 0.1909586 -0.4589815 -0.8656223 0.2000853 -0.4867179 -0.8484603 0.2078958 -0.5425987 -0.8300885 0.1286074 -0.562012 -0.8247827 0.06225925 -0.5659797 -0.8231959 0.0448938 -0.563471 -0.8261169 -0.005615472 -0.5746501 -0.8181034 -0.02200448 -0.04825043 0.9987943 -0.009064078 0.04327577 0.9715691 -0.2327676 0 0.9693129 -0.2458302 -0.00250256 0.9967827 -0.08011251 0.02264511 0.9997436 3.05191e-4 0.03769075 0.9988509 -0.02960324 0.03717213 0.9988874 -0.02902358 0.9999299 0.006225883 -0.01007127 0.9999569 -0.008301138 -0.004181087 0.5250217 -0.8510889 -1.83115e-4 0.4699081 -0.8591534 0.2025882 0.4321166 -0.8855048 0.170753 0.3853978 -0.9219272 0.03897315 0.3161506 -0.9485129 0.01928824 0.2476946 -0.9676145 0.04867827 0.1877254 -0.9820262 0.01959347 0.09805756 -0.9859167 0.1354739 0.09567755 -0.9620859 0.2554148 0.2235863 -0.8519539 0.4734807 0.2736356 -0.8356475 0.4762529 0.2943561 -0.8129661 0.5024349 0.3344312 -0.6858007 0.6464002 0.238047 -0.7521981 0.6144361 0.1582109 -0.8050326 0.5717447 0.04654157 -0.8884717 0.4565656 0.002990841 -0.8778263 0.4789698 0.007965564 -0.9351204 0.3542409 0.002929806 -0.9622021 0.2723208 -0.2638649 -0.9637206 0.04022365 -0.3002184 -0.9535145 0.02606344 -0.4055432 -0.9139677 -0.01406943 -0.4229684 -0.9048393 0.04861736 -0.4309252 -0.8858077 0.1721869 -0.462097 -0.8638568 0.2005441 -0.4815896 -0.8519375 0.2056064 -0.5445272 -0.8301583 0.1196971 -0.5561221 -0.8275911 0.07629817 -0.5640029 -0.825434 0.02365267 -0.5631666 -0.8263317 0.004425227 -0.5720731 -0.8197934 -0.02591037 0 0.9860705 -0.1663288 0.02343839 0.9992769 -0.02993893 0.9999136 0.003204405 -0.01275676 0.9986677 -0.006836175 -0.05114954 0.5227346 -0.8524956 -3.35712e-4 0.432424 -0.8871269 0.161293 0.4229667 -0.9048662 0.0481289 0.4037028 -0.9148014 -0.01275682 0.2740609 -0.9608308 0.04117017 0.2779057 -0.960554 -0.0102238 0.152502 -0.9874327 0.04147487 0.08682751 -0.9178085 0.3874127 0.1745999 -0.8510869 0.4951424 0.2770535 -0.8324729 0.4798232 0.3163982 -0.7506635 0.5799971 0.2768437 -0.7531333 0.5967811 0.1108782 -0.8524776 0.51087 0.07721281 -0.8971947 0.4348333 7.93506e-4 -0.9801935 0.1980407 -0.09558665 -0.9868135 0.1306229 -0.2305701 -0.9727893 0.02276706 -0.3001538 -0.953534 0.02609366 -0.2755548 -0.9611915 -0.01342827 -0.4261074 -0.9037312 0.04126179 -0.4287997 -0.9028599 0.0312215 -0.4208915 -0.9054462 0.05493468 -0.4312623 -0.8874585 0.1625741 -0.4704218 -0.8590523 0.2018229 -0.47479 -0.8564653 0.2025876 -0.5478191 -0.8301215 0.1038873 -0.5541344 -0.828287 0.08292025 -0.5630424 -0.8263286 0.01281791 -0.5685373 -0.8225464 -0.01351988 0.9999919 4.27269e-4 -0.004028499 0.9999923 -5.18826e-4 -0.003906428 0.5220695 -0.8529028 -4.57795e-4 0.4329444 -0.8906704 0.138801 0.4216254 -0.9051138 0.05478227 0.4295583 -0.9024541 0.03250294 0.3728511 -0.8825191 0.2866043 0.1396531 -0.9901149 -0.01303142 0.1184148 -0.9925481 0.02874916 0.1667267 -0.8562482 0.4889185 0.2004498 -0.8087881 0.552885 0.2550805 -0.8065952 0.5332337 0.1763099 -0.8759647 0.4489998 0.06674575 -0.8788652 0.4723782 -0.002014219 -0.9925001 0.1222276 -0.2037469 -0.9787238 0.02423232 -0.4377685 -0.8990675 -0.006042778 -0.4247644 -0.9024489 0.07184189 -0.4317843 -0.8910662 0.139869 -0.5495525 -0.8296848 0.09805697 -0.536195 -0.8440439 -0.009216845 0.9999528 0.002502501 -0.009399831 0.9999698 -0.001647949 -0.007599055 0.5201976 -0.8540458 -6.7142e-4 0.4326987 -0.8915827 0.1336123 0.4255572 -0.9021117 0.07138395 0.4343217 -0.9006276 0.01532071 0.1184747 -0.9925391 0.0288099 0.1516797 -0.8765379 0.4568093 0.07590168 -0.8801791 0.4685336 0.003326535 -0.9967261 0.08078426 -0.1680366 -0.9841713 0.05630719 -0.1368178 -0.9905326 -0.01123106 -0.4496975 -0.8931387 -0.008697867 -0.4297735 -0.902793 -0.01611417 -0.442926 -0.8963201 0.02066153 -0.4264773 -0.9009921 0.07956391 -0.4315726 -0.891986 0.1345593 -0.5295984 -0.8482486 3.05191e-5 0.9999943 -8.85059e-4 -0.003296077 0.5194016 -0.8545299 -8.24011e-4 0.4318743 -0.8942677 0.1173455 0.4273585 -0.9006175 0.07907485 0.4340732 -0.9008018 0.01168876 0.4399983 -0.8979726 -0.006836295 0.07703089 -0.9963659 0.03634852 0.04089552 -0.9980344 0.04748761 -0.08646017 -0.9959554 0.02444565 -0.1420986 -0.9887084 0.04757982 -0.4501836 -0.89289 -0.009064078 -0.4290754 -0.9030756 -0.018678 -0.4228094 -0.8957003 0.1376709 -0.4286777 -0.8983737 0.09570932 -0.4308044 -0.8946913 0.118047 -0.5308409 -0.8474715 6.10372e-5 0.9999982 4.8831e-4 -0.001831114 1 0 0 0.5138573 -0.8578733 -0.002044796 0.4312359 -0.8958902 0.1068476 0.4296511 -0.8979702 0.09512871 0.4342004 -0.9008123 0.002685666 0.4332869 -0.9011524 -0.01367276 0.4515562 -0.8921867 -0.01001012 -0.01178044 -0.9998742 0.01062071 -0.08566725 -0.9814654 0.1714261 -0.4558924 -0.8899332 -0.01345884 -0.4386462 -0.8985335 -0.01507622 -0.4580547 -0.8889172 0.00350964 -0.4301948 -0.8963104 0.1075181 -0.5244737 -0.8514267 -2.13635e-4 0.5119291 -0.8590239 -0.002563595 0.4342842 -0.9007658 -0.004272639 0.433583 -0.9010421 -0.01135301 0.4526965 -0.8915981 -0.01089543 -0.001648008 -0.9999238 -0.01223808 -0.4576681 -0.8889979 -0.01492393 -0.4583361 -0.8887779 -0.001403868 -0.5224533 -0.8526679 -3.96746e-4 0.5340195 -0.8310905 -0.1552801 0.434257 -0.9007727 -0.005432367 0.434192 -0.9007949 -0.00677514 0.4544045 -0.8907111 -0.01226878 -0.4585723 -0.8885181 -0.01571702 -0.5213907 -0.853318 -5.49346e-4 0.5071344 -0.8618569 -0.004181087 0.456932 -0.8893876 -0.01425242 -0.4626981 -0.8863015 -0.01950162 -0.5193793 -0.8545435 -8.24024e-4 1 2.87806e-5 0 0.5057033 -0.8607028 -0.05877995 0.4586445 -0.8884787 -0.01583951 -0.4652632 -0.8849005 -0.02194321 -0.517365 -0.8557641 -0.001220762 1 -2.87807e-5 0 1 -1.15052e-5 0 0.4996523 -0.8662125 -0.004852473 0.4615454 -0.8869252 -0.01843369 -0.4671261 -0.8838652 -0.023988 -0.5146071 -0.8574243 -0.001800596 1 5.75258e-6 0 1 4.14388e-5 0 0.486171 -0.8715371 -0.0637241 0.5011885 -0.8653145 -0.006409049 0.4622787 -0.8865302 -0.01904416 -0.4688661 -0.8828892 -0.02591073 -0.5126575 -0.8585901 -0.002349913 1 -2.07194e-5 0 1 3.81621e-5 0 1 -1.00402e-4 0 0.4986268 -0.866783 -0.007660329 0.4998554 -0.8661083 0.001042604 0.4654406 -0.8847979 -0.02230912 -0.4707571 -0.8818189 -0.02798599 -0.5324727 -0.8335775 -0.1470426 1 5.02008e-5 0 1 -3.81621e-5 0 1 -1.49131e-4 0 1 -1.49209e-4 0 0.4841174 -0.873871 -0.04449617 0.4998785 -0.8660951 -8.93438e-4 0.50002 -0.866014 -7.63273e-5 0.5010401 -0.8654133 -0.004333734 0.4682238 -0.8832529 -0.02511715 -0.4763404 -0.8785808 -0.03457796 -0.506981 -0.8619469 -0.004242122 1 1.49209e-4 0 1 2.9824e-4 0 1 -7.46269e-5 0 0.4302587 -0.8750139 -0.221874 0.4979842 -0.8671462 -0.008331775 0.5000254 -0.8660107 0 0.4702705 -0.8820967 -0.02740621 -0.4793399 -0.8767958 -0.03824096 -0.5056022 -0.8607476 -0.0589925 0.4757291 -0.8789452 -0.03372341 0.4999665 -0.8660449 6.10385e-5 0.4742999 -0.8797789 -0.0320757 -0.4429588 -0.879539 -0.1737775 -0.5001519 -0.8659269 -0.004333734 0.4998713 -0.8660997 0 0.5000322 -0.8660069 1.0503e-5 -0.5014547 -0.8651475 -0.007934868 -0.4976789 -0.867268 -0.01272654 0.5000018 -0.8660244 -2.69339e-5 0.5000369 -0.8660041 -1.71413e-4 0.4998087 -0.8661358 3.42366e-5 -0.4919946 -0.8705202 -0.01165819 -0.4999893 -0.8660317 0 -0.4981996 -0.8670272 -0.007812976 -0.4964512 -0.868019 -0.00891149 0.5002649 -0.8658724 2.67215e-4 0.5000111 -0.866019 -2.57134e-5 0.5000188 -0.8660145 -2.32484e-5 0.5002278 -0.8658938 5.2286e-4 0.5000443 -0.8659999 -4.29964e-5 -0.5008518 -0.8655267 -0.003326594 0.5010358 -0.8654255 0.001344025 0.4996018 -0.8662553 -2.9876e-4 0.5004324 -0.8657758 7.44497e-5 0.499891 -0.8660884 3.12295e-5 0.4997145 -0.8661897 8.66763e-4 0.4999987 -0.8660262 -1.00522e-4 0.4996935 -0.8662023 -1.25551e-4 0.4998255 -0.8661261 1.17519e-4 -0.5000466 -0.8659986 1.13288e-5 -0.4994439 -0.8663437 -0.002105772 0.4998187 -0.8661301 6.67251e-5 0.5000174 -0.8660154 -2.00891e-4 0.499872 -0.8660988 -0.001043856 0.4998506 -0.8661117 -1.11978e-4 0.4996874 -0.8662059 1.38051e-4 0.500444 -0.8657687 -7.03224e-4 -0.5000954 -0.8659704 6.11818e-5 -0.4998066 -0.866137 1.01975e-4 0.5004036 -0.8657924 -7.44704e-5 0.4995546 -0.8662824 2.98153e-4 0.5006647 -0.8656394 -0.001791238 0.4998509 -0.8661115 1.02611e-4 0.5008214 -0.8655501 -0.001043975 -0.4999406 -0.8660597 -1.17849e-4 -0.5001579 -0.8659343 -1.54105e-4 -0.4999019 -0.8660821 -1.58621e-4 -0.4999712 -0.8660421 3.62554e-5 -0.4999653 -0.8660454 -4.53311e-6 -0.4999529 -0.8660527 9.29e-5 -0.5000022 -0.8660242 7.25074e-5 -0.4999836 -0.8660349 -6.7994e-6 -0.5000052 -0.8660225 8.75206e-5 -0.5000108 -0.8660193 -9.06309e-5 -0.5000011 -0.8660249 -8.75383e-5 -0.4999654 -0.8660454 1.96283e-4 -0.4999983 -0.8660265 -7.25082e-5 -0.4999747 -0.8660399 -1.96321e-4 -0.499976 -0.8660394 4.53165e-6 -0.500006 -0.866022 9.06317e-5 -0.4998936 -0.8660869 1.58665e-4 -0.499984 -0.8660347 6.79726e-6 -0.4999359 -0.8660624 1.08788e-4 -0.4999495 -0.8660546 -9.29255e-5 -0.5001032 -0.8659659 -6.11822e-5 -0.4999626 -0.8660471 -4.53209e-5 -0.5000464 -0.8659986 -1.13292e-5 -0.5001684 -0.8659282 1.54106e-4 -0.5000837 -0.8659771 -3.17277e-5 -0.4998026 -0.8661395 -1.01977e-4 -0.4999275 -0.8660674 0 -0.5000917 -0.8659725 2.71948e-5 -0.4999744 -0.8660403 0 0.09064298 -0.7595395 -0.6441147 0.0954945 -0.7627356 -0.6396211 0.03674483 -0.7215299 -0.6914076 -0.1249158 -0.5801734 -0.8048571 -0.7514101 -0.2029823 -0.6278384 -0.4013595 -0.631933 -0.6630016 -0.3988211 -0.634122 -0.6624435 -0.4760733 -0.5632369 -0.6753655 -0.7694842 -0.1526578 -0.6201531 -0.5822234 -0.5903416 -0.5590285 -0.8093067 -0.3046726 -0.5021926 -0.827602 -0.25371 -0.5007057 -0.6738704 -0.6067581 -0.4215962 -0.8673678 -0.3603758 -0.3432237 -0.661693 -0.626565 -0.4117994 -0.8870662 -0.3096461 -0.3423931 -0.7552285 -0.6022052 -0.258803 -0.8925884 -0.4102971 -0.1869287 -0.9127309 -0.3602154 -0.1927883 -0.8136398 -0.5700972 -0.1139279 -0.7663862 -0.6367121 -0.0851472 -0.8924784 -0.4503135 0.02646028 -0.8541385 -0.5185809 -0.03900343 -0.913878 -0.4034687 0.04516893 -0.8138202 -0.5722316 0.1012316 -0.8785336 -0.4384733 0.1895259 -0.8991134 -0.389389 0.1999284 -0.7772578 -0.5738487 0.2580076 -0.8266142 -0.4339228 0.3583572 -0.8124862 -0.4952986 0.3074825 -0.8455455 -0.3850048 0.3698976 -0.7510997 -0.4965723 0.4350463 -0.7601144 -0.4071583 0.5064072 -0.7805972 -0.3593366 0.5114152 -0.6782867 -0.4643784 0.5694557 -0.6651736 -0.3689814 0.6491508 -0.6767052 -0.4149409 0.6081893 -0.6829321 -0.322071 0.6556478 -0.5924723 -0.3723667 0.7143667 -0.5580699 -0.3160544 0.7672469 -0.5804503 -0.2735157 0.7669855 -0.4866352 -0.3253695 0.8107534 -0.431142 -0.248211 0.8674722 -0.465049 -0.3237764 0.8239529 -0.461912 -0.2921628 0.8374236 -0.4501575 -0.2056685 0.8689413 -0.3578988 -0.2204403 0.9073668 -0.2953619 -0.1743544 0.9393412 -0.3233808 -0.1392893 0.9359612 -0.323498 -0.1393178 0.9359165 -0.2339876 -0.1628484 0.9585042 -0.1936414 -0.1422173 0.9707096 -0.1433159 -0.08310246 0.9861818 -0.1717295 -0.05307221 0.9837136 -0.01242113 -0.09399807 0.9954949 -0.04583936 -0.008331656 0.9989142 -0.02023416 0.006225883 0.9997759 0.04446679 0.01254349 0.9989321 0.1666322 -0.01675474 0.9858767 0.1075486 0.08145493 0.9908574 0.1283324 0.09628748 0.9870458 0.2604829 0.08606457 0.9616349 0.2447331 0.1620567 0.9559515 0.2766243 0.175057 0.944899 0.3230162 0.1810405 0.9289159 0.4313812 0.1535393 0.8890084 0.3827472 0.248949 0.8896791 0.4092667 0.2594464 0.8747504 0.5169665 0.2431167 0.8207557 0.5648455 0.2283431 0.7929749 0.503476 0.3184683 0.8031749 0.5371099 0.3241764 0.7787315 0.5682666 0.3277146 0.7547691 0.6628211 0.2882255 0.6910821 0.6106716 0.39453 0.686605 0.6377285 0.3955284 0.6609536 0.7236641 0.3636022 0.5866038 0.7027633 0.4410315 0.5582249 0.733165 0.4348084 0.5228871 0.7488231 0.4380444 0.4973741 0.833298 0.3693441 0.4113386 0.7653107 0.501804 0.4031035 0.7884253 0.4908049 0.3708046 0.8544797 0.4365177 0.2816322 0.8266149 0.5046364 0.2490984 0.8490656 0.4883935 0.201394 0.8465012 0.4982506 0.1875688 0.9112776 0.4031302 0.08401978 0.8481922 0.5239857 0.07751899 0.8623999 0.5055132 0.02688699 0.8731882 0.4866 -0.02761995 0.8939644 0.4350187 -0.1076407 0.8513248 0.4928498 -0.1798478 0.822461 0.5342685 -0.1952311 0.9022 0.3486785 -0.2538868 0.7710963 0.5471469 -0.3256391 0.7416172 0.5917678 -0.315935 0.8468896 0.3393784 -0.4093905 0.7330029 0.4862881 -0.475637 0.7122644 0.5335422 -0.4560836 0.7651429 0.329453 -0.5531882 0.7396628 0.3245104 -0.5895695 0.6324874 0.4056355 -0.6598634 0.5925372 0.4406109 -0.6743602 0.735001 0.07022535 -0.6744198 0.4574453 0.4715145 -0.7539349 0.4241301 0.5135219 -0.7459282 0.6565046 -0.07846558 -0.75023 0.4072212 0.3487154 -0.8441378 0.3866122 0.3979346 -0.831973 0.4583433 0.08872044 -0.884336 0.5979961 -0.3773106 -0.7071332 0.5987789 -0.3819428 -0.7039771 -0.06933838 0.01553398 -0.9974724 -0.06924718 0 -0.9975996 -0.06933861 0.01535093 -0.9974751 -0.06939929 0.03109842 -0.9971042 -0.01272654 0.9781778 0.2073794 0.1405084 0.9872821 0.07437419 -0.00714147 0.9841883 0.1769817 -0.05807805 0.9956595 0.07272732 -0.03119069 0.9989567 0.03335756 0.04406976 0.9974301 -0.05649107 -0.002410948 0.9955896 -0.09378474 0.01660257 0.9879456 -0.1539096 -0.001892149 0.9894217 -0.1450561 0.08056962 0.9644249 -0.2517802 -0.02755862 0.9636371 -0.2657899 -0.007049858 0.9466077 -0.3223111 0.008850574 0.9306256 -0.3658656 0.03515821 0.893911 -0.4468639 0.03326559 0.8657612 -0.4993508 -0.003112912 0.8656373 -0.5006621 0.04046857 0.8326576 -0.5523075 0.007171988 0.7821482 -0.6230512 -0.002960383 0.7585354 -0.6516251 -0.02969533 0.715771 -0.6977035 0.1581822 0.6921198 -0.7042362 0.02087509 0.6214014 -0.7832143 -0.004119992 0.623744 -0.7816179 -0.009125173 0.5854183 -0.8106801 0.1883679 0.5510646 -0.812924 -0.1700547 0.4495525 -0.8769173 -0.21574 0.4315106 -0.8759309 -0.2159867 0.4311801 -0.8760328 -0.04187226 0.9681903 0.2466865 -0.05975705 0.9292866 0.3644937 0.1436548 0.8937299 0.4249826 -0.01724362 0.8660274 0.4996993 0.2051484 0.8010312 0.5623729 -0.1132266 0.7728099 0.6244556 0.142404 0.7060382 0.6937084 -0.06360137 0.6623821 0.7464616 0.1344074 0.5692784 0.8110837 -0.04647988 0.5173824 0.8544912 0.0606718 0.4396874 0.8960993 -0.01205521 0.3638849 0.931366 0.07245284 0.2642667 0.9617244 -0.01187193 0.1895245 0.9818043 0.0245065 0.123265 0.9920712 0.001403868 0.008179128 0.9999657 0.008514821 -0.02710103 0.9995965 0.0187084 -0.1808277 0.9833368 0.01174968 -0.3086976 0.9510877 -0.008362174 -0.3628695 0.9318025 -0.02798628 -0.4107001 0.911341 -0.001312255 -0.521015 0.8535466 -0.02493375 -0.565145 0.8246148 -0.04797601 -0.6693453 0.741401 -0.07349014 -0.6917473 0.7183905 -0.04379475 -0.7912971 0.6098616 -0.07352036 -0.8075032 0.5852636 -0.08969599 -0.8730028 0.4793962 0.1475601 -0.8991246 0.4120695 -0.04525947 -0.9391881 0.3404076 0.1475273 -0.9538919 0.2613925 0.01110875 -0.9846854 0.173987 0.0184642 -0.9899589 0.1401452 -0.03103816 -0.9995084 -0.004425287 0.1431978 -0.9862399 -0.08261644 0.001098632 -0.9864889 -0.1638247 0.04211652 -0.9737464 -0.2237059 -0.03195333 -0.9356817 -0.3513957 0.1837563 -0.8914973 -0.414085 -0.02847433 -0.8733663 -0.486231 0.09558522 -0.8264521 -0.5548338 0.006561517 -0.7609568 -0.6487695 0.2169334 -0.6848296 -0.6956641 -0.07464951 -0.6322933 -0.7711244 0.4083164 -0.5256323 -0.7463166 -0.1282703 -0.5250144 -0.8413719 0.2163192 -0.4242761 -0.8793156 -0.3363249 -0.37481 -0.8639461 0.2445164 -0.2855642 -0.9266417 0.2847477 -0.2749204 -0.9183341 -0.375017 -0.3749254 -0.8478167 -0.1826872 -0.5302081 -0.8279523 -0.1297389 -0.6237601 -0.7707732 -0.01812809 -0.7178921 -0.6959186 0.002624571 -0.7744086 -0.6326804 -0.08051061 -0.8784142 -0.4710695 -0.08450734 -0.9279634 -0.3629635 0.1239373 -0.9567989 -0.2630121 -0.04391658 -0.9903057 -0.1317803 -0.08395797 -0.996387 -0.01281797 0.1502745 -0.9846281 0.08902335 -0.02002084 -0.9744295 0.2238001 -0.09912633 -0.9356576 0.338702 -0.1420977 -0.875293 0.462245 0.1981619 -0.7943567 0.5742208 0.004821956 -0.7562258 0.654293 0.217572 -0.6686778 0.711008 0.07922834 -0.5800518 0.8107175 -0.006592214 -0.5094625 0.8604676 0.08569753 -0.4160665 0.9052872 0.002075314 -0.2193432 0.9756456 -6.10383e-5 -0.1746001 0.9846395 0.0307936 -0.1105701 0.9933912 -0.02655166 0.06702017 0.9973983 -0.05609327 0.2244341 0.9728736 -0.001068115 0.3320775 0.9432516 -0.05783468 0.3941916 0.9172067 -0.09720337 0.5328335 0.8406189 0.02795559 0.6163973 0.7869389 -0.1155449 0.6719365 0.73154 -0.1665738 0.7720747 0.6133139 0.0967766 0.8334816 0.5440062 -0.07104855 0.8630205 0.5001478 -0.1100825 0.915879 0.3860669 0.1162465 0.9586297 0.2598381 0.8998262 -0.4345315 0.03866773 0.9085453 -0.4127365 0.06476092 0.8795327 -0.4381031 0.1857093 0.7772639 -0.5738533 0.2579791 0.8270544 -0.4149769 0.3791772 0.829053 -0.3966575 0.3941245 0.7611454 -0.3811831 0.5247448 0.7552876 -0.3711737 0.5401582 0.6650761 -0.3440743 0.6627871 0.6555859 -0.3311043 0.6786584 0.5579561 -0.2869741 0.7786726 0.5443399 -0.2826685 0.7898055 0.4304407 -0.2206833 0.8752255 0.4141107 -0.2129912 0.884956 0.3026221 -0.1754207 0.9368284 0.2310339 -0.164562 0.9589279 0.1485669 -0.09009236 0.98479 0.07803821 -0.05292069 0.9955448 -2.4415e-4 -0.006866693 0.9999764 -0.09851622 0.02893227 0.9947148 -0.1505519 0.08237171 0.9851645 -0.2134225 0.1148751 0.9701828 -0.2943861 0.1629409 0.9416939 -0.3820708 0.1884565 0.9047133 -0.4298068 0.2485512 0.8680371 -0.5296276 0.2569094 0.8083887 -0.5510217 0.3139801 0.7731699 -0.6278461 0.3185009 0.7101876 -0.6538127 0.3853353 0.651188 -0.7033765 0.3812156 0.5999469 -0.7427546 0.4270603 0.5156891 -0.8088869 0.3998655 0.4310563 -0.7990988 0.4821511 0.359126 -0.8442923 0.4494916 0.2917667 -0.8532608 0.4831523 0.1962396 -0.8978386 0.4290362 0.09906464 -0.8654065 0.5008529 0.01477134 -0.8756836 0.481774 -0.03274691 -0.8375824 0.5125172 -0.189161 -0.8996893 0.3504149 -0.260324 -0.7752504 0.531432 -0.3414191 -0.8577121 0.3069623 -0.4124367 -0.7381888 0.4730108 -0.4809763 -0.7639508 0.3311918 -0.5537973 -0.6603245 0.3734087 -0.6515654 -0.7006278 0.1576313 -0.6958973 -0.5135444 0.3769105 -0.7708507 -0.6588432 -0.08887118 -0.7470125 -0.3951946 0.3647058 -0.8430961 -0.4697557 0.03790515 -0.8819823 -0.1599805 0.4724644 -0.8667086 -0.3706262 -0.08759033 -0.9246428 -0.3599116 -0.0486474 -0.9317173 -0.1415456 0.5052977 -0.8512574 -0.3736767 0.4136568 -0.830213 -0.4793956 0.4197611 -0.7707014 -0.6085448 0.3771207 -0.6981785 -0.6749291 0.3811221 -0.6318361 -0.7170224 0.5205692 -0.4635589 -0.7436925 0.5754705 -0.3402283 -0.8067003 0.5516557 -0.2119217 -0.8965588 0.4302579 -0.1051687 -0.845238 0.5300934 0.06763124 -0.8465012 0.4982506 0.1875688 -0.8253729 0.5107766 0.2405557 -0.7648173 0.5152293 0.3867729 -0.7487884 0.4380725 0.4974018 -0.704443 0.4539723 0.5455908 -0.6153006 0.4151547 0.6701134 -0.5682666 0.3277146 0.7547691 -0.5094876 0.338458 0.7911188 -0.5170333 0.24315 0.8207038 -0.3921379 0.2765321 0.8773586 -0.3230162 0.1810405 0.9289159 -0.2543139 0.1879658 0.9486798 -0.1200622 0.1145687 0.9861335 -0.04443502 0.01254308 0.9989336 0.03448665 0.02179068 0.9991677 0.1716998 -0.05307251 0.9837188 0.1933712 -0.1455167 0.9702745 0.3229826 -0.139014 0.9361397 0.3230744 -0.1394109 0.9360489 0.3434915 -0.309829 0.8865774 0.4621886 -0.2943308 0.8365113 0.465205 -0.323382 0.8240198 0.459218 -0.4268375 0.7790562 0.5715765 -0.4499547 0.6861786 0.6767052 -0.4149409 0.6081893 0.6365789 -0.5599746 0.5302789 0.7185703 -0.566372 0.4035835 0.8124223 -0.4954799 0.3073593 0.8991075 -0.3893997 0.1999339 0.7661561 -0.6388297 0.07001119 0.8198607 -0.5670723 -0.07910507 0.8874633 -0.4504916 -0.09729468 0.8697875 -0.4724319 -0.142401 0.829024 -0.5143099 -0.2195552 0.8221991 -0.4810811 -0.3042198 0.8071767 -0.4907823 -0.3280224 0.8115318 -0.4654764 -0.3531969 0.7533162 -0.5133098 -0.41113 0.7903447 -0.4386463 -0.4277206 0.756569 -0.4366676 -0.4867494 0.7413041 -0.4333683 -0.5125039 0.665072 -0.46035 -0.5880113 0.6414565 -0.4131104 -0.6464312 0.6690199 -0.3809455 -0.6381951 0.6147261 -0.3948628 -0.6827849 0.5659845 -0.3735894 -0.73491 0.5482219 -0.2889282 -0.7848396 0.5400356 -0.2344477 -0.8083291 0.3211265 -0.5311314 -0.7840773 0.4074941 -0.2097898 -0.8887839 0.4291936 -0.2378678 -0.8713275 0.4063996 -0.1521404 -0.9009399 0.07205617 -0.6107229 -0.7885591 0.06814968 -0.6146598 -0.7858428 -2.81671e-6 0 -1 1.90227e-6 0 -1 -9.51099e-7 0 -1 -2.8169e-6 0 -1 4.7555e-7 0 -1 2.8169e-6 0 -1 9.51098e-7 0 -1 2.81671e-6 0 -1 1.40839e-6 0 -1 2.99666e-7 0 -1 0 0 -1 -3.95538e-7 0 -1 0 0 -1 0 0 1 6.70445e-7 0 1 -2.2074e-7 0 1 0.09799575 -0.9951869 0 0.1950772 -0.9807879 0 0.3826816 -0.9238803 0 0.5555732 -0.8314677 0 0.7071068 -0.7071068 0 0.8314677 -0.5555732 0 0.9238803 -0.3826816 0 0.9807879 -0.1950772 0 0.9807879 0.1950772 0 0.9238803 0.3826816 0 0.8314677 0.5555732 0 0.7071068 0.7071068 0 0.5555732 0.8314677 0 0.3826816 0.9238803 0 0.1950772 0.9807879 0 -0.1950772 0.9807879 0 -0.3826816 0.9238803 0 -0.5555732 0.8314677 0 -0.7071068 0.7071068 0 -0.8314677 0.5555732 0 -0.9238803 0.3826816 0 -0.9807879 0.1950772 0 -1 0 0 -0.9807879 -0.1950772 0 -0.9238803 -0.3826816 0 -0.8314677 -0.5555732 0 -0.7071068 -0.7071068 0 -0.5555732 -0.8314677 0 -0.3826816 -0.9238803 0 -0.1950772 -0.9807879 0 -0.09799575 -0.9951869 0 0 1 -2.42468e-7 0 1 -7.0438e-7 0 1 2.37774e-7 0 1 -3.52186e-7 0 1 3.5219e-7 0 1 7.0438e-7 0 1 -2.37774e-7 0 1 4.75621e-7 0 -1 -7.0438e-7 0 -1 2.37774e-7 0 -1 7.0438e-7 0 -1 -2.37774e-7 0 -1 7.04372e-7 0 -1 -3.5219e-7 0 -1 0 0 1 4.75586e-7 0 1 4.75611e-7 0 1 1.40874e-6 0 1 -1.97771e-7 0 1 1.51441e-7 0 1 0 0 1 3.62507e-7 0.09799575 0 -0.9951869 0.1950772 0 -0.9807879 0.3826816 0 -0.9238803 0.5555732 0 -0.8314677 0.7071068 0 -0.7071068 0.8314677 0 -0.5555732 0.9238803 0 -0.3826816 0.9807879 0 -0.1950772 0.9807879 0 0.1950772 0.9238803 0 0.3826816 0.8314677 0 0.5555732 0.7071068 0 0.7071068 0.5555732 0 0.8314677 0.3826816 0 0.9238803 0.1950478 0 0.9807938 -0.1950478 0 0.9807938 -0.3826816 0 0.9238803 -0.5555732 0 0.8314677 -0.7071068 0 0.7071068 -0.8314677 0 0.5555732 -0.9238803 0 0.3826816 -0.9807879 0 0.1950772 -0.9807879 0 -0.1950772 -0.9238803 0 -0.3826816 -0.8314677 0 -0.5555732 -0.7071068 0 -0.7071068 -0.5555732 0 -0.8314677 -0.3826816 0 -0.9238803 -0.1950772 0 -0.9807879 -0.09799575 0 -0.9951869 -2.8169e-6 0 1 -9.51098e-7 0 1 4.7555e-7 0 1 2.81671e-6 0 1 2.8169e-6 0 1 -4.7555e-7 0 1 1.37776e-7 0 1 0 0 1 -1.65555e-7 0 1 0 0 1 -0.4511063 -0.8812764 -0.1409078 -0.4799507 -0.8754232 -0.05728518 -0.8001081 -0.5563461 -0.2242903 -0.8883117 -0.345107 -0.302991 -0.7002997 -0.685925 -0.1977051 0 -1 -4.22315e-6 0 -1 7.04083e-7 0 -1 5.63143e-6 0 -1 4.22357e-6 0 -1 -7.04083e-7 0 -1 -5.63087e-6 0.2968261 -0.5976197 0.744812 0.09802603 0 0.995184 -0.09802603 0 0.995184</float_array>
          <technique_common>
            <accessor source="#Mesh-1_002-mesh-normals-array" count="5613" stride="3">
              <param name="X" type="float"/>
              <param name="Y" type="float"/>
              <param name="Z" type="float"/>
            </accessor>
          </technique_common>
        </source>
        <vertices id="Mesh-1_002-mesh-vertices">
          <input semantic="POSITION" source="#Mesh-1_002-mesh-positions"/>
        </vertices>
        <triangles material="Material_002-material" count="10546">
          <input semantic="VERTEX" source="#Mesh-1_002-mesh-vertices" offset="0"/>
          <input semantic="NORMAL" source="#Mesh-1_002-mesh-normals" offset="1"/>
          <p>7 0 4 0 0 0 3 1 4 1 2 1 2 1 4 1 7 1 6 2 7 2 0 2 5 1 6 1 10 1 9 3 10 3 6 3 13 4 8 4 9 4 12 1 13 1 11 1 16 1 11 1 19 1 15 5 16 5 14 5 14 1 16 1 19 1 18 1 19 1 22 1 17 6 18 6 22 6 21 7 22 7 0 7 24 1 20 1 21 1 24 8 25 8 20 8 23 9 24 9 28 9 31 10 27 10 28 10 26 1 27 1 31 1 30 11 31 11 28 11 34 1 29 1 30 1 33 1 34 1 30 1 32 12 33 12 30 12 37 1 32 1 36 1 35 13 36 13 32 13 40 1 35 1 38 1 38 14 39 14 40 14 42 15 43 15 38 15 42 16 38 16 41 16 1 1 45 1 41 1 44 1 45 1 1 1 0 1 1 1 41 1 6 1 0 1 9 1 13 1 9 1 0 1 13 1 0 1 11 1 19 1 11 1 22 1 28 17 21 17 0 17 22 18 11 18 0 18 28 1 24 1 21 1 30 19 28 19 0 19 32 20 30 20 0 20 35 21 32 21 0 21 38 22 35 22 0 22 41 1 38 1 0 1 47 23 48 23 46 23 47 24 46 24 49 24 51 25 52 25 50 25 54 26 55 26 53 26 54 27 53 27 56 27 58 28 59 28 57 28 61 29 62 29 60 29 63 30 64 30 65 30 66 31 67 31 68 31 69 32 70 32 71 32 72 33 74 33 75 33 72 34 73 34 74 34 77 35 76 35 78 35 79 36 81 36 82 36 79 37 80 37 81 37 83 38 85 38 86 38 83 39 84 39 85 39 87 40 88 40 89 40 89 41 88 41 90 41 91 42 92 42 93 42 93 43 92 43 94 43 95 44 97 44 98 44 95 45 96 45 97 45 101 46 102 46 99 46 101 47 100 47 102 47 103 48 105 48 106 48 103 49 104 49 105 49 108 50 110 50 107 50 108 51 109 51 110 51 111 52 112 52 113 52 113 53 112 53 114 53 115 54 116 54 117 54 118 55 120 55 121 55 118 56 119 56 120 56 122 57 123 57 124 57 124 58 123 58 125 58 126 59 127 59 128 59 129 60 130 60 131 61 135 62 132 62 134 62 132 63 133 63 134 63 765 64 766 65 767 66 768 67 769 68 767 66 5146 69 769 68 2239 70 2239 70 765 64 5146 69 766 65 1706 71 767 66 2241 72 766 65 765 64 769 68 768 67 2239 70 768 67 767 66 1706 71 2239 70 2241 72 765 64 766 65 1694 73 1706 71 2241 72 2240 74 766 65 2239 70 768 67 2255 75 768 67 1706 71 1722 76 2255 75 2241 72 2239 70 1694 73 1662 77 1706 71 1662 77 2240 74 2241 72 768 67 1722 76 2255 75 1722 76 1706 71 1653 78 2255 75 2242 79 2241 72 1662 77 1704 80 1706 71 2123 81 1662 77 2241 72 2255 75 1722 76 2286 82 850 83 1722 76 1653 78 1706 71 1656 84 1653 78 2122 85 2241 72 2242 79 2253 86 2242 79 2255 75 1705 87 1706 71 1704 80 1704 80 1662 77 2123 81 2123 81 2241 72 2122 85 2255 75 2286 82 2253 86 1722 76 1721 88 2286 82 1721 88 1722 76 850 83 1653 78 1652 89 850 83 1656 84 1674 90 1653 78 1689 91 1656 84 1706 71 2122 85 2242 79 2120 92 2253 86 2254 93 2242 79 2095 94 1706 71 1705 87 2123 81 1705 87 1704 80 2122 85 2095 94 2123 81 2253 86 2286 82 2296 95 2286 82 1721 88 1697 96 850 83 853 97 1721 88 1652 89 1534 98 850 83 3520 99 1652 89 1653 78 3521 100 1653 78 1674 90 1673 101 1674 90 1656 84 1658 102 1656 84 1689 91 1687 103 1689 91 1706 71 2118 104 2122 85 2120 92 2120 92 2242 79 2121 105 2242 79 2254 93 2237 106 2253 86 2296 95 2254 93 2095 94 1707 107 1706 71 2123 81 2095 94 1705 87 2118 104 2095 94 2122 85 2286 82 2332 108 2296 95 1697 96 2331 109 2286 82 853 97 1697 96 1721 88 786 110 853 97 850 83 784 111 850 83 1534 98 1651 112 1534 98 1652 89 1651 112 1652 89 3520 99 3521 100 3520 99 1653 78 3521 100 1674 90 3522 113 1730 114 1674 90 1673 101 1656 84 1672 115 1673 101 1658 102 1680 116 1656 84 1689 91 1717 117 1658 102 1688 118 1689 91 1687 103 1706 71 1661 119 1687 103 2119 120 2118 104 2120 92 2119 120 2120 92 2121 105 2242 79 2237 106 2121 105 2254 93 2262 121 2237 106 2254 93 2296 95 2262 121 1707 107 1708 122 1706 71 2082 123 1707 107 2095 94 2116 124 2095 94 2118 104 2296 95 2332 108 2333 125 2286 82 2331 109 2332 108 1697 96 2330 126 2331 109 853 97 852 127 1697 96 786 110 852 127 853 97 784 111 786 110 850 83 1534 98 785 128 784 111 1535 129 1534 98 1651 112 3520 99 3472 130 1651 112 3553 131 3520 99 3521 100 3522 113 3555 132 3521 100 3522 113 1674 90 1730 114 1672 115 1731 133 1673 101 1676 134 1672 115 1656 84 1680 116 1657 135 1656 84 1658 102 1643 136 1680 116 1717 117 1646 137 1658 102 1690 138 1717 117 1689 91 2044 139 1689 91 1688 118 1688 118 1687 103 2043 140 1685 141 1687 141 1661 141 1708 141 1661 141 1706 141 2117 142 2118 104 2119 120 2124 143 2119 120 2121 105 2121 105 2237 106 2125 144 2237 106 2262 121 2263 145 2296 95 2294 146 2262 121 2082 123 1708 122 1707 107 2116 124 2082 123 2095 94 2117 142 2116 124 2118 104 2296 95 2333 125 2329 147 2332 108 2408 148 2333 125 2331 109 2408 148 2332 108 2330 126 2409 149 2331 109 1696 150 2330 126 1697 96 852 127 1696 150 1697 96 851 151 852 127 786 110 784 111 785 128 786 110 1534 98 1536 152 785 128 1535 129 1536 152 1534 98 1651 112 1648 153 1535 129 1651 112 3472 130 3473 154 3520 99 3466 155 3472 130 3553 131 3551 156 3520 99 3521 100 3557 157 3553 131 3521 100 3555 132 3557 157 3522 113 1731 133 3555 132 3522 113 1730 114 5193 158 1731 133 1672 115 3555 132 1677 159 1672 115 1676 134 1675 160 1676 134 1656 84 1844 161 1656 84 1657 135 1843 162 1657 135 1680 116 1643 141 1678 141 1680 141 1658 102 1642 163 1643 136 1646 141 1682 141 1658 141 1711 164 1646 137 1717 117 2026 165 1717 117 1690 138 2044 139 1690 138 1689 91 1688 118 2043 140 2044 139 2043 140 1687 103 1686 166 1686 166 1687 103 1685 167 1661 168 1692 168 1685 168 1720 141 1661 141 1708 141 2146 169 2117 142 2119 120 2146 169 2119 120 2124 143 2124 143 2121 105 2125 144 2237 106 2238 170 2125 144 2237 106 2263 145 2238 170 2262 121 2294 146 2263 145 2296 95 2325 171 2294 146 1719 172 1708 122 2082 123 2114 173 2082 123 2116 124 2115 174 2116 124 2117 142 2329 147 2325 171 2296 95 2333 125 2408 148 2329 147 2331 109 2409 149 2408 148 2330 126 1695 175 2409 149 1696 150 1695 175 2330 126 856 176 1696 150 852 127 851 151 856 176 852 127 917 177 851 151 786 110 913 178 786 110 785 128 1536 152 914 179 785 128 1535 129 1532 180 1536 152 1648 153 1533 181 1535 129 1651 112 3473 154 1648 153 3472 130 3471 182 3473 154 3466 155 3468 183 3472 130 3551 156 3466 155 3520 99 3552 184 3551 156 3553 131 3553 131 3557 157 3552 184 1885 185 3557 157 3555 132 5193 158 1731 133 3522 113 3555 132 1672 115 3556 186 1882 187 1676 134 1675 160 1654 188 1675 160 1656 84 1844 161 1655 189 1656 84 1844 161 1657 135 1843 162 1843 162 1680 116 1679 190 1678 191 1679 190 1680 116 1643 141 1644 141 1678 141 1642 163 1834 192 1643 136 1658 102 1826 193 1642 163 1682 194 1659 195 1658 102 1646 137 1681 196 1682 194 1713 141 1646 141 1711 141 1717 117 1726 197 1711 164 1718 198 1717 117 2026 165 2026 165 1690 138 2044 139 2102 199 2044 139 2043 140 2043 140 1686 166 2045 200 2045 200 1686 166 1685 167 1692 141 1693 141 1685 141 1691 201 1692 202 1661 119 1660 203 1661 119 1720 204 1719 172 1720 204 1708 122 2144 205 2117 142 2146 169 2147 206 2146 169 2124 143 2124 143 2125 144 2126 207 2125 144 2238 170 2126 207 2238 170 2263 145 2264 208 2263 145 2294 146 2264 208 2325 171 2326 209 2294 146 2065 210 1719 172 2082 123 2114 173 2065 210 2082 123 2115 174 2114 173 2116 124 2144 205 2115 174 2117 142 2329 147 2407 211 2325 171 2329 147 2408 148 2407 211 2409 149 2334 212 2408 148 1695 175 1667 213 2409 149 1695 175 1696 150 856 176 851 151 855 214 856 176 894 215 851 151 917 177 917 177 786 110 913 178 913 178 785 128 914 179 1536 152 1471 216 914 179 1532 180 1471 216 1536 152 1533 181 1532 180 1535 129 1648 153 1649 217 1533 181 3473 154 1649 217 1648 153 3473 154 3471 182 1649 217 3472 130 3468 183 3471 182 3466 155 3467 218 3468 183 3551 156 3467 218 3466 155 3550 219 3551 156 3552 184 3552 184 3557 157 3560 220 1884 221 3557 157 1885 185 1885 185 3555 132 1882 187 3555 132 3556 186 1676 134 1882 187 3555 132 1676 134 1675 160 1654 188 1882 187 1656 84 1655 189 1654 188 1882 187 1655 189 1844 161 1843 162 1868 222 1844 161 1843 162 1679 190 1678 191 1834 192 1678 191 1644 223 1834 192 1644 223 1643 136 1642 163 1826 193 1834 192 1659 195 1826 193 1658 102 1682 194 1683 224 1659 195 1819 225 1682 194 1681 196 1801 226 1681 196 1646 137 1645 227 1646 137 1713 228 1711 164 1712 229 1713 228 1700 141 1711 141 1726 141 1701 230 1726 197 1717 117 1718 198 1727 231 1717 117 2025 232 1718 198 2026 165 2100 233 2026 165 2044 139 2100 233 2044 139 2102 199 2102 199 2043 140 2104 234 2104 234 2043 140 2045 200 2045 200 1685 167 2046 235 1684 236 1685 167 1693 237 2046 235 1693 237 1692 202 2063 238 1692 202 1691 201 1691 201 1661 119 2064 239 2064 239 1661 119 1660 203 1660 203 1720 204 2065 210 2065 210 1720 204 1719 172 2145 240 2144 205 2146 169 2145 240 2146 169 2147 206 2147 206 2124 143 2148 241 2148 241 2124 143 2126 207 2244 242 2126 207 2238 170 2238 170 2264 208 2256 243 2264 208 2294 146 2295 244 2294 146 2326 209 2327 245 2325 171 2407 211 2326 209 2112 246 2065 210 2114 173 2113 247 2114 173 2115 174 2142 248 2115 174 2144 205 2408 148 2392 249 2407 211 2408 148 2334 212 2392 249 2409 149 1667 213 2334 212 855 214 1667 213 1695 175 856 176 855 214 1695 175 854 250 855 214 851 151 894 215 854 250 851 151 916 251 894 215 917 177 918 252 917 177 913 178 913 178 914 179 915 253 915 253 914 179 1471 216 1532 180 1552 254 1471 216 1531 255 1532 180 1533 181 1531 255 1533 181 1649 217 3471 182 1650 256 1649 217 3449 257 3471 182 3468 183 3468 183 3467 218 3469 258 3469 258 3467 218 3551 156 3550 219 3549 259 3551 156 3560 220 3550 219 3552 184 3560 220 3557 157 1884 221 1868 222 1884 221 1885 185 1844 161 1885 185 1882 187 1882 187 1654 188 1655 189 1844 161 1868 222 1885 185 1843 162 1866 260 1868 222 1843 162 1678 191 1834 192 1826 193 1864 261 1834 192 1659 195 1819 225 1826 193 1683 224 1819 225 1659 195 1683 224 1682 194 1819 225 1819 225 1681 196 1801 226 1801 226 1646 137 1645 227 1796 262 1645 227 1713 228 1796 262 1713 228 1712 229 1792 263 1712 229 1711 164 1700 264 1710 265 1711 164 1726 197 1709 266 1700 264 1715 267 1726 267 1701 267 1727 231 1701 230 1717 117 2025 232 1727 231 1718 198 2098 268 2025 232 2026 165 2098 268 2026 165 2100 233 2101 269 2100 233 2102 199 2103 270 2102 199 2104 234 2104 234 2045 200 2106 271 2106 271 2045 200 2046 235 2046 235 1685 167 1684 236 1684 236 1693 237 2046 235 2046 235 1692 202 2063 238 2063 238 1691 201 2064 239 2064 239 1660 203 2065 210 2143 272 2144 205 2145 240 2170 273 2145 240 2147 206 2172 274 2147 206 2148 241 2148 241 2126 207 2149 275 2149 275 2126 207 2244 242 2244 242 2238 170 2256 243 2264 208 2295 244 2256 243 2294 146 2327 245 2295 244 2406 276 2327 245 2326 209 2406 276 2326 209 2407 211 2112 246 2064 239 2065 210 2113 247 2112 246 2114 173 2142 248 2113 247 2115 174 2143 272 2142 248 2144 205 2407 211 2392 249 2393 277 2334 212 2387 278 2392 249 1667 213 1666 279 2334 212 1666 279 1667 213 855 214 854 250 859 280 855 214 893 281 854 250 894 215 895 282 894 215 916 251 916 251 917 177 918 252 918 252 913 178 919 283 919 283 913 178 915 253 1471 216 920 284 915 253 1552 254 1564 285 1471 216 1529 286 1552 254 1532 180 1531 255 1529 286 1532 180 1649 217 1650 256 1531 255 1669 287 1650 256 3471 182 3402 288 3471 182 3449 257 3449 257 3468 183 3448 289 3468 183 3469 258 3461 290 3469 258 3551 156 3470 291 3470 291 3551 156 3549 259 3548 292 3549 259 3550 219 3560 220 3548 292 3550 219 3560 220 1884 221 1883 293 1868 222 1883 293 1884 221 1866 260 1867 294 1868 222 1834 192 1866 260 1843 162 1834 192 1864 261 1866 260 1826 193 1862 295 1864 261 1819 225 1862 295 1826 193 1801 226 1860 296 1819 225 1801 226 1645 227 1796 262 1796 262 1712 229 1792 263 1792 263 1711 164 1710 265 1791 297 1710 265 1700 264 1699 298 1700 264 1709 266 1726 197 1787 299 1709 266 1724 141 1726 141 1715 141 1703 300 1715 300 1701 300 1729 301 1701 301 1727 301 1728 302 1727 231 2025 232 2096 303 2025 232 2098 268 2099 304 2098 268 2100 233 2099 304 2100 233 2101 269 2101 269 2102 199 2103 270 2103 270 2104 234 2105 305 2105 305 2104 234 2106 271 2106 271 2046 235 2108 306 2108 306 2046 235 2063 238 2110 307 2063 238 2064 239 2168 308 2143 272 2145 240 2168 308 2145 240 2170 273 2170 273 2147 206 2172 274 2172 274 2148 241 2150 309 2150 309 2148 241 2149 275 2244 242 2151 310 2149 275 2256 243 2259 311 2244 242 2256 243 2295 244 2259 311 2295 244 2327 245 2328 312 2328 312 2327 245 2406 276 2407 211 2393 277 2406 276 2110 307 2064 239 2112 246 2111 313 2112 246 2113 247 2140 314 2113 247 2142 248 2141 315 2142 248 2143 272 2392 249 2386 316 2393 277 2392 249 2387 278 2386 316 2334 212 1665 317 2387 278 1666 279 1665 317 2334 212 855 214 859 280 1666 279 854 250 858 318 859 280 893 281 775 319 854 250 776 320 893 281 894 215 776 320 894 215 895 282 896 321 895 282 916 251 898 322 916 251 918 252 900 323 918 252 919 283 919 283 915 253 920 284 1471 216 1564 285 920 284 1552 254 1563 324 1564 285 1529 286 1550 325 1552 254 1530 326 1529 286 1531 255 1650 256 1669 287 1531 255 3402 288 1669 287 3471 182 3448 289 3468 183 3461 290 3461 290 3469 258 3470 291 3470 291 3549 259 3462 327 3511 328 3549 259 3548 292 3561 329 3548 292 3560 220 3560 220 1883 293 3561 329 1867 294 1883 293 1868 222 1866 260 1865 330 1867 294 1864 261 1865 330 1866 260 1862 295 1863 331 1864 261 1819 225 1860 296 1862 295 1801 226 1858 332 1860 296 1796 262 1858 332 1801 226 1792 263 1856 333 1796 262 1792 263 1710 265 1791 297 1791 297 1700 264 1699 298 1709 266 1791 297 1699 298 1709 266 1787 299 1791 297 1725 334 1787 299 1726 197 1725 334 1726 197 1724 335 1715 336 1716 337 1724 335 1703 338 1714 339 1715 336 1702 340 1703 338 1701 230 2003 341 1701 230 1729 342 1728 302 1729 342 1727 231 2024 343 1728 302 2025 232 2096 303 2024 343 2025 232 2097 344 2096 303 2098 268 2097 344 2098 268 2099 304 2128 345 2099 304 2101 269 2130 346 2101 269 2103 270 2132 347 2103 270 2105 305 2105 305 2106 271 2107 348 2107 348 2106 271 2108 306 2108 306 2063 238 2110 307 2166 349 2143 272 2168 308 2169 350 2168 308 2170 273 2171 351 2170 273 2172 274 2173 352 2172 274 2150 309 2150 309 2149 275 2151 310 2243 353 2151 310 2244 242 2244 242 2259 311 2260 354 2259 311 2295 244 2293 355 2295 244 2328 312 2324 356 2403 357 2328 312 2406 276 2406 276 2393 277 2394 358 2111 313 2110 307 2112 246 2140 314 2111 313 2113 247 2141 315 2140 314 2142 248 2166 349 2141 315 2143 272 2393 277 2386 316 2389 359 2386 316 2387 278 2335 360 1664 361 2387 278 1665 317 859 280 1665 317 1666 279 859 280 858 318 1665 317 857 362 858 318 854 250 775 319 857 362 854 250 773 363 775 319 893 281 885 364 776 320 895 282 885 364 895 282 896 321 896 321 916 251 898 322 898 322 918 252 900 323 900 323 919 283 902 365 902 365 919 283 920 284 1564 285 910 366 920 284 1563 324 1559 367 1564 285 1551 368 1563 324 1552 254 1550 325 1551 368 1552 254 1526 369 1550 325 1529 286 1528 370 1529 286 1530 326 1530 326 1531 255 1670 371 1669 287 1670 371 1531 255 1670 371 1669 287 3402 288 3448 289 3461 290 3447 372 3461 290 3470 291 3462 327 3462 327 3549 259 3464 373 3508 374 3549 259 3511 328 3561 329 3511 328 3548 292 3561 329 1883 293 1912 375 1867 294 1912 375 1883 293 1865 330 1911 376 1867 294 1864 261 1863 331 1865 330 1862 295 1861 377 1863 331 1860 296 1861 377 1862 295 1858 332 1859 378 1860 296 1796 262 1856 333 1858 332 1792 263 1854 379 1856 333 1791 297 1854 379 1792 263 1787 299 1852 380 1791 297 1725 334 1786 381 1787 299 1724 335 1786 381 1725 334 1723 382 1724 382 1716 382 1785 383 1716 337 1715 336 1785 383 1715 336 1714 339 1780 384 1714 339 1703 338 1780 384 1703 338 1702 340 1779 385 1702 340 1701 230 1779 385 1701 230 2003 341 2003 341 1729 342 2024 343 2024 343 1729 342 1728 302 2010 386 2024 343 2096 303 2011 387 2096 303 2097 344 2127 388 2097 344 2099 304 2127 388 2099 304 2128 345 2128 345 2101 269 2130 346 2130 346 2103 270 2132 347 2132 347 2105 305 2134 389 2134 389 2105 305 2107 348 2107 348 2108 306 2109 390 2109 390 2108 306 2110 307 2167 391 2166 349 2168 308 2167 391 2168 308 2169 350 2169 350 2170 273 2171 351 2171 351 2172 274 2173 352 2173 352 2150 309 2174 392 2150 309 2151 310 2152 393 2243 353 2152 393 2151 310 2244 242 2260 354 2243 353 2293 355 2260 354 2259 311 2293 355 2295 244 2324 356 2403 357 2324 356 2328 312 2406 276 2394 358 2403 357 2393 277 2389 359 2394 358 2109 390 2110 307 2111 313 2138 394 2111 313 2140 314 2139 395 2140 314 2141 315 2164 396 2141 315 2166 349 2386 316 2388 397 2389 359 2386 316 2335 360 2388 397 1663 398 2335 360 2387 278 1663 398 2387 278 1664 361 858 318 1664 361 1665 317 857 362 1664 361 858 318 774 399 857 362 775 319 773 363 774 399 775 319 777 400 885 364 896 321 897 401 896 321 898 322 899 402 898 322 900 323 901 403 900 323 902 365 902 365 920 284 910 366 1564 285 1559 367 910 366 1563 324 1558 404 1559 367 1551 368 1558 404 1563 324 1550 325 1549 405 1551 368 1526 369 1548 406 1550 325 1528 370 1526 369 1529 286 1671 407 1528 370 1530 326 1670 371 1671 407 1530 326 1671 407 1670 371 3402 288 3443 408 3442 409 3373 410 3447 372 3461 290 3463 411 3461 290 3462 327 3463 411 3463 411 3462 327 3464 373 3508 374 3464 373 3549 259 3511 328 3512 412 3508 374 3512 412 3511 328 3561 329 3561 329 1912 375 1888 413 1867 294 1911 376 1912 375 1865 330 1910 414 1911 376 1863 331 1910 414 1865 330 1861 377 1908 415 1863 331 1860 296 1859 378 1861 377 1858 332 1857 416 1859 378 1856 333 1857 416 1858 332 1854 379 1855 417 1856 333 1791 297 1852 380 1854 379 1787 299 1850 418 1852 380 1786 381 1850 418 1787 299 1724 335 1723 419 1786 381 1786 381 1723 419 1716 337 1786 381 1716 337 1785 383 1785 383 1714 339 1780 384 1702 340 1779 385 1780 384 1762 420 1779 385 2003 341 2010 386 2003 341 2024 343 2011 387 2010 386 2096 303 2002 421 2011 387 2097 344 2002 421 2097 344 2127 388 2023 422 2127 388 2128 345 2129 423 2128 345 2130 346 2131 424 2130 346 2132 347 2133 425 2132 347 2134 389 2134 389 2107 348 2136 426 2136 426 2107 348 2109 390 2165 427 2166 349 2167 391 2061 428 2167 391 2169 350 2221 429 2169 350 2171 351 2081 430 2171 351 2173 352 2080 431 2173 352 2174 392 2174 392 2150 309 2152 393 2243 353 2258 432 2152 393 2243 353 2260 354 2261 433 2293 355 2261 433 2260 354 2293 355 2324 356 2323 434 2323 434 2324 356 2403 357 2403 357 2394 358 2395 435 2394 358 2389 359 2377 436 2138 394 2109 390 2111 313 2139 395 2138 394 2140 314 2164 396 2139 395 2141 315 2165 427 2164 396 2166 349 2389 359 2388 397 2390 437 789 438 774 399 796 439 1698 440 2335 360 1663 398 1663 398 1664 361 857 362 774 399 860 441 857 362 548 442 577 443 578 444 777 400 896 321 897 401 897 401 898 322 899 402 899 402 900 323 901 403 901 403 902 365 903 445 902 365 910 366 903 445 1559 367 911 446 910 366 1558 404 1472 447 1559 367 1551 368 1556 448 1558 404 1549 405 1556 448 1551 368 1548 406 1549 405 1550 325 1527 449 1526 369 1528 370 3135 450 3134 451 3116 452 3463 411 3464 373 3452 453 3465 454 3464 373 3508 374 3513 455 3508 374 3512 412 3512 412 3561 329 3559 456 3559 456 3561 329 1888 413 1911 376 1888 413 1912 375 1910 414 1886 457 1911 376 1863 331 1908 415 1910 414 1861 377 1906 458 1908 415 1859 378 1906 458 1861 377 1857 416 1904 459 1859 378 1856 333 1855 417 1857 416 1854 379 1853 460 1855 417 1852 380 1853 460 1854 379 1850 418 1851 461 1852 380 1786 381 1848 462 1850 418 1785 383 1848 462 1786 381 1780 384 1846 463 1785 383 1780 384 1779 385 1762 420 1762 420 2003 341 2010 386 1777 464 2010 386 2011 387 1781 465 2011 387 2002 421 2022 466 2002 421 2127 388 2022 466 2127 388 2023 422 2023 422 2128 345 2129 423 2129 423 2130 346 2131 424 2131 424 2132 347 2133 425 2133 425 2134 389 2135 467 2135 467 2134 389 2136 426 2136 426 2109 390 2138 394 2062 468 2165 427 2167 391 2062 468 2167 391 2061 428 2061 428 2169 350 2221 429 2221 429 2171 351 2081 430 2081 430 2173 352 2080 431 2080 431 2174 392 1997 469 2174 392 2152 393 2175 470 2258 432 2175 470 2152 393 2257 471 2258 432 2243 353 2243 353 2261 433 2257 471 2257 471 2261 433 2293 355 2323 434 2320 472 2293 355 2402 473 2323 434 2403 357 2403 357 2395 435 2402 473 2394 358 2377 436 2395 435 2389 359 2390 437 2377 436 2137 474 2138 394 2139 395 2162 475 2139 395 2164 396 2163 476 2164 396 2165 427 1698 440 1663 398 857 362 857 362 860 441 1698 440 788 477 860 441 774 399 3351 478 3359 479 3358 480 884 481 777 400 897 401 887 482 897 401 899 402 889 483 899 402 901 403 891 484 901 403 903 445 903 445 910 366 911 446 1559 367 1472 447 911 446 1558 404 1557 485 1472 447 1556 448 1557 485 1558 404 1549 405 1554 486 1556 448 3446 487 3463 411 3452 453 3452 453 3464 373 3465 454 3450 488 3465 454 3508 374 3515 489 3508 374 3513 455 3559 456 3513 455 3512 412 3559 456 1888 413 1887 490 1911 376 1886 457 1888 413 1910 414 1909 491 1886 457 1908 415 1909 491 1910 414 1906 458 1907 492 1908 415 1859 378 1904 459 1906 458 1857 416 1902 493 1904 459 1855 417 1902 493 1857 416 1853 460 1900 494 1855 417 1852 380 1851 461 1853 460 1850 418 1849 495 1851 461 1848 462 1849 495 1850 418 1785 383 1846 463 1848 462 1780 384 1764 496 1846 463 1762 420 1764 496 1780 384 2010 386 1763 497 1762 420 1777 464 1763 497 2010 386 1781 465 1777 464 2011 387 1759 498 1781 465 2002 421 1759 498 2002 421 2022 466 2000 499 2022 466 2023 422 2001 500 2023 422 2129 423 2154 501 2129 423 2131 424 2156 502 2131 424 2133 425 2158 503 2133 425 2135 467 2135 467 2136 426 2137 474 2137 474 2136 426 2138 394 2208 504 2165 427 2062 468 2061 428 2060 505 2062 468 2221 429 2059 506 2061 428 2221 429 2081 430 2220 507 2080 431 2079 508 2081 430 1997 469 2078 509 2080 431 1997 469 2174 392 2175 470 2258 432 1998 510 2175 470 2257 471 2281 511 2258 432 2293 355 2281 511 2257 471 2293 355 2320 472 2317 512 2402 473 2320 472 2323 434 2402 473 2395 435 2396 513 2395 435 2377 436 2379 514 2162 475 2137 474 2139 395 2163 476 2162 475 2164 396 2208 504 2163 476 2165 427 1601 515 1603 516 1586 517 774 399 787 518 788 477 884 481 897 401 887 482 887 482 899 402 889 483 889 483 901 403 891 484 891 484 903 445 904 519 903 445 911 446 912 520 912 520 911 446 1472 447 1557 485 1473 521 1472 447 1556 448 1555 522 1557 485 1554 486 1555 522 1556 448 1630 523 1560 524 1546 525 428 526 866 527 430 528 3452 453 3465 454 3450 488 3515 489 3450 488 3508 374 3513 455 3514 529 3515 489 3559 456 3514 529 3513 455 3558 530 3559 456 1887 490 1886 457 1887 490 1888 413 1909 491 1938 531 1886 457 1908 415 1907 492 1909 491 1906 458 1905 532 1907 492 1904 459 1905 532 1906 458 1902 493 1903 533 1904 459 1855 417 1900 494 1902 493 1853 460 1898 534 1900 494 1851 461 1898 534 1853 460 1849 495 1896 535 1851 461 1848 462 1847 536 1849 495 1846 463 1847 536 1848 462 1764 496 1845 537 1846 463 1762 420 1763 497 1764 496 1763 497 1777 464 1778 538 1777 464 1781 465 1782 539 1782 539 1781 465 1759 498 2022 466 1760 540 1759 498 2000 499 1783 541 2022 466 2000 499 2023 422 2001 500 2001 500 2129 423 2154 501 2154 501 2131 424 2156 502 2156 502 2133 425 2158 503 2158 503 2135 467 2160 542 2160 542 2135 467 2137 474 2208 504 2062 468 2207 543 2207 543 2062 468 2060 505 2059 506 2060 505 2061 428 2220 507 2059 506 2221 429 2220 507 2081 430 2079 508 2078 509 2079 508 2080 431 1996 544 2078 509 1997 469 1997 469 2175 470 1998 510 2269 545 1998 510 2258 432 2258 432 2281 511 2282 546 2282 546 2281 511 2293 355 2293 355 2317 512 2282 546 2320 472 2321 547 2317 512 2320 472 2402 473 2321 547 2402 473 2396 513 2404 548 2395 435 2379 514 2396 513 2160 542 2137 474 2162 475 2161 549 2162 475 2163 476 2201 550 2163 476 2208 504 886 551 884 481 887 482 888 552 887 482 889 483 890 553 889 483 891 484 907 554 891 484 904 519 904 519 903 445 912 520 1472 447 905 555 912 520 1472 447 1473 521 905 555 1557 485 1562 556 1473 521 1555 522 1562 556 1557 485 1554 486 1553 557 1555 522 3402 288 3438 558 3372 559 3371 560 3370 561 3436 562 3445 563 3452 453 3453 564 3450 488 3451 565 3452 453 3451 565 3450 488 3515 489 3515 489 3514 529 3543 566 3558 530 3514 529 3559 456 1887 490 1939 567 3558 530 1886 457 1939 567 1887 490 1886 457 1938 531 1939 567 1909 491 1937 568 1938 531 1907 492 1937 568 1909 491 1905 532 1935 569 1907 492 1904 459 1903 533 1905 532 1902 493 1901 570 1903 533 1900 494 1901 570 1902 493 1898 534 1899 571 1900 494 1851 461 1896 535 1898 534 1849 495 1894 572 1896 535 1847 536 1894 572 1849 495 1846 463 1845 537 1847 536 1764 496 1778 538 1845 537 1763 497 1778 538 1764 496 1777 464 1782 539 1778 538 1759 498 1761 573 1782 539 1759 498 1760 540 1761 573 2022 466 1783 541 1760 540 2000 499 1756 574 1783 541 1999 575 2000 499 2001 500 2153 576 2001 500 2154 501 2155 577 2154 501 2156 502 2157 578 2156 502 2158 503 2159 579 2158 503 2160 542 2207 543 2200 580 2208 504 2207 543 2060 505 2206 581 2059 506 2058 582 2060 505 2220 507 2057 583 2059 506 2220 507 2079 508 2219 584 2078 509 2077 585 2079 508 1996 544 2076 586 2078 509 1996 544 1997 469 1998 510 2269 545 2088 587 1998 510 2258 432 2282 546 2269 545 2282 546 2317 512 2316 588 2317 512 2321 547 2322 589 2321 547 2402 473 2404 548 2404 548 2396 513 2397 590 2396 513 2379 514 2380 591 2161 549 2160 542 2162 475 2201 550 2161 549 2163 476 2208 504 2200 580 2201 550 1570 592 1577 593 1578 594 3356 595 3349 596 3348 597 789 438 790 598 791 599 3363 600 3371 560 3367 601 886 551 887 482 888 552 888 552 889 483 890 553 890 553 891 484 892 602 892 602 891 484 907 554 907 554 904 519 908 603 904 519 912 520 905 555 906 604 905 555 1473 521 1638 605 1473 521 1562 556 1555 522 1561 606 1562 556 1553 557 1561 606 1555 522 1547 607 1553 557 1554 486 943 608 862 609 942 610 983 611 884 481 886 551 3370 561 3371 560 3363 600 959 612 960 613 957 614 3452 453 3451 565 3453 564 3454 615 3451 565 3515 489 3543 566 3459 616 3515 489 3543 566 3514 529 3547 617 3558 530 3547 617 3514 529 3558 530 1939 567 1915 618 1938 531 1915 618 1939 567 1937 568 1913 619 1938 531 1907 492 1935 569 1937 568 1905 532 1933 620 1935 569 1903 533 1933 620 1905 532 1901 570 1931 621 1903 533 1900 494 1899 571 1901 570 1898 534 1897 622 1899 571 1896 535 1897 622 1898 534 1894 572 1895 623 1896 535 1847 536 1892 624 1894 572 1845 537 1892 624 1847 536 1778 538 1890 625 1845 537 1778 538 1782 539 1890 625 1782 539 1761 573 1889 626 1760 540 1784 627 1761 573 1760 540 1783 541 1784 627 1784 627 1783 541 1756 574 1999 575 1756 574 2000 499 1999 575 2001 500 2153 576 2153 576 2154 501 2155 577 2155 577 2156 502 2157 578 2157 578 2158 503 2159 579 2159 579 2160 542 2161 549 2207 543 2199 628 2200 580 2206 581 2199 628 2207 543 2206 581 2060 505 2058 582 2057 583 2058 582 2059 506 2219 584 2057 583 2220 507 2219 584 2079 508 2077 585 2076 586 2077 585 2078 509 2090 629 2076 586 1996 544 1998 510 2088 587 1996 544 2268 630 2088 587 2269 545 2269 545 2282 546 2283 631 2282 546 2316 588 2283 631 2317 512 2318 632 2316 588 2317 512 2322 589 2318 632 2321 547 2404 548 2322 589 2404 548 2397 590 2405 633 2396 513 2380 591 2397 590 3190 634 3173 635 3192 636 2041 637 2161 549 2201 550 2200 580 2039 638 2201 550 791 599 790 598 1668 639 3117 640 3133 641 3118 642 795 643 796 439 797 644 996 645 886 551 888 552 994 646 888 552 890 553 992 647 890 553 892 602 990 648 892 602 907 554 988 649 907 554 908 603 908 603 904 519 906 604 904 519 905 555 906 604 906 604 1473 521 909 650 1640 651 1473 521 1638 605 1638 605 1562 556 1636 652 1636 652 1562 556 1561 606 1553 557 1560 524 1561 606 2623 653 2624 654 2622 655 3403 656 3429 657 3428 658 3444 659 3453 564 3456 660 3451 565 3454 615 3453 564 3454 615 3515 489 3455 661 3515 489 3459 616 3457 662 3543 566 3460 663 3459 616 3543 566 3547 617 3544 664 3544 664 3547 617 3558 530 3558 530 1915 618 3569 665 1938 531 1913 619 1915 618 1937 568 1936 666 1913 619 1935 569 1936 666 1937 568 1933 620 1934 667 1935 569 1903 533 1931 621 1933 620 1901 570 1929 668 1931 621 1899 571 1929 668 1901 570 1897 622 1927 669 1899 571 1896 535 1895 623 1897 622 1894 572 1893 670 1895 623 1892 624 1893 670 1894 572 1845 537 1890 625 1892 624 1782 539 1889 626 1890 625 1761 573 1917 671 1889 626 1761 573 1784 627 1917 671 1756 574 1758 672 1784 627 1999 575 1757 673 1756 574 2004 674 1999 575 2153 576 2021 675 2153 576 2155 577 2188 676 2155 577 2157 578 2042 677 2157 578 2159 579 2041 637 2159 579 2161 549 2199 628 2037 678 2200 580 2206 581 2198 679 2199 628 2206 581 2058 582 2205 680 2057 583 2056 681 2058 582 2219 584 2055 682 2057 583 2219 584 2077 585 2218 683 2076 586 2075 684 2077 585 2090 629 2074 685 2076 586 1996 544 2089 686 2090 629 1996 544 2088 587 2089 686 2268 630 2089 686 2088 587 2269 545 2283 631 2268 630 2283 631 2316 588 2284 687 2316 588 2318 632 2319 688 2322 589 2405 633 2318 632 2322 589 2404 548 2405 633 2405 633 2397 590 2398 689 2397 590 2380 591 2381 690 2201 550 2039 638 2041 637 2200 580 2037 678 2039 638 2431 691 2485 692 2486 693 1515 694 1516 695 1478 696 2483 697 1668 639 2499 698 794 699 795 643 2532 700 2532 700 795 643 797 644 796 439 985 701 797 644 3072 702 3037 703 3365 704 798 705 799 706 800 707 802 708 799 706 803 709 2366 710 2365 711 2498 712 3362 713 3369 714 3370 561 998 715 886 551 996 645 996 645 888 552 994 646 994 646 890 553 992 647 992 647 892 602 990 648 990 648 907 554 988 649 988 649 908 603 987 716 908 603 906 604 909 650 1640 651 909 650 1473 521 1638 605 1639 717 1640 651 1636 652 1637 718 1638 605 1636 652 1561 606 1634 719 1634 719 1561 606 1560 524 2469 720 2472 721 2470 722 5751 141 5754 141 5765 141 806 723 885 364 777 400 1519 724 1548 406 1526 369 3150 725 3364 726 3152 727 861 728 942 610 862 609 526 729 525 730 548 442 3104 731 3119 732 3103 733 3453 564 3455 661 3456 660 3453 564 3454 615 3455 661 3515 489 3457 662 3455 661 3458 734 3457 662 3459 616 3458 734 3459 616 3460 663 3541 735 3460 663 3543 566 3544 664 3545 736 3543 566 3558 530 3569 665 3544 664 3569 665 1915 618 1914 737 1913 619 1914 737 1915 618 1936 666 1870 738 1913 619 1935 569 1934 667 1936 666 1933 620 1932 739 1934 667 1931 621 1932 739 1933 620 1929 668 1930 740 1931 621 1899 571 1927 669 1929 668 1897 622 1925 741 1927 669 1895 623 1925 741 1897 622 1893 670 1923 742 1895 623 1892 624 1891 743 1893 670 1890 625 1891 743 1892 624 1890 625 1889 626 1891 743 1889 626 1917 671 1919 744 1784 627 1916 745 1917 671 1784 627 1758 672 1916 745 1756 574 1757 673 1758 672 1765 746 1757 673 1999 575 1765 746 1999 575 2004 674 2004 674 2153 576 2021 675 2021 675 2155 577 2188 676 2188 676 2157 578 2042 677 2042 677 2159 579 2041 637 2199 628 2035 747 2037 678 2198 679 2035 747 2199 628 2205 680 2198 679 2206 581 2205 680 2058 582 2056 681 2055 682 2056 681 2057 583 2218 683 2055 682 2219 584 2218 683 2077 585 2075 684 2074 685 2075 684 2076 586 2092 748 2074 685 2090 629 2090 629 2089 686 2091 749 2234 750 2089 686 2268 630 2268 630 2283 631 2284 687 2292 751 2284 687 2316 588 2316 588 2319 688 2312 752 2405 633 2319 688 2318 632 2405 633 2398 689 2426 753 2397 590 2381 690 2398 689 3121 754 3100 755 3101 756 3400 757 3399 758 3430 759 2039 638 2040 760 2041 637 2037 678 2038 761 2039 638 1000 762 1016 763 983 611 2547 764 2486 693 2485 692 2562 765 2482 766 2431 691 2547 764 2484 767 2525 768 2526 769 2483 697 2499 698 862 609 943 608 959 612 792 770 793 771 2526 769 793 771 794 699 2526 769 2526 769 794 699 2532 700 2532 700 797 644 985 701 2533 772 2532 700 798 705 2533 772 798 705 800 707 800 707 799 706 801 773 801 773 799 706 802 708 802 708 803 709 804 774 805 775 803 709 806 723 984 776 808 777 806 723 1418 778 1410 779 218 780 996 645 997 781 998 715 994 646 995 782 996 645 992 647 993 783 994 646 990 648 991 784 992 647 988 649 989 785 990 648 987 716 780 786 988 649 987 716 908 603 909 650 1545 787 909 650 1640 651 1640 651 1639 717 1641 788 1638 605 1637 718 1639 717 1636 652 1635 789 1637 718 1634 719 1635 789 1636 652 1634 719 1560 524 1632 790 790 598 789 438 792 770 1610 791 1630 523 1512 792 3149 793 3068 794 3365 704 3175 795 3098 796 3097 797 3365 704 3070 798 3072 702 3068 794 3069 799 3070 798 1631 800 1628 801 1626 802 3150 725 3149 793 3364 726 3151 803 3150 725 3152 727 3428 658 3431 804 3434 805 3112 806 3145 807 3110 808 3137 809 3038 810 3037 703 3435 811 3456 660 3458 734 3456 660 3455 661 3457 662 3456 660 3457 662 3458 734 3460 663 3505 812 3458 734 3541 735 3505 812 3460 663 3542 813 3541 735 3543 566 3543 566 3545 736 3546 814 3569 665 3545 736 3544 664 3569 665 1914 737 3567 815 1913 619 1869 816 1914 737 1913 619 1870 738 1869 816 1936 666 1835 817 1870 738 1934 667 1835 817 1936 666 1932 739 1827 818 1934 667 1931 621 1930 740 1932 739 1929 668 1928 819 1930 740 1927 669 1928 819 1929 668 1925 741 1926 820 1927 669 1895 623 1923 742 1925 741 1893 670 1921 821 1923 742 1891 743 1921 821 1893 670 1889 626 1919 744 1891 743 1917 671 1918 822 1919 744 1917 671 1916 745 1918 822 1758 672 1753 823 1916 745 1757 673 1755 824 1758 672 1757 673 1765 746 1755 824 1765 746 2004 674 1766 825 2021 675 2005 826 2004 674 2188 676 2020 827 2021 675 2188 676 2042 677 2187 828 2041 637 2040 760 2042 677 2035 747 2036 829 2037 678 2198 679 2033 830 2035 747 2205 680 2197 831 2198 679 2205 680 2056 681 2204 832 2055 682 2054 833 2056 681 2218 683 2053 834 2055 682 2218 683 2075 684 2217 835 2074 685 2073 836 2075 684 2092 748 2072 837 2074 685 2090 629 2091 749 2092 748 2234 750 2091 749 2089 686 2268 630 2284 687 2234 750 2285 838 2284 687 2292 751 2292 751 2316 588 2312 752 2405 633 2312 752 2319 688 2426 753 2312 752 2405 633 2426 753 2398 689 2399 839 2398 689 2381 690 2382 840 2373 841 2375 842 2374 843 2039 638 2038 761 2040 760 2037 678 2036 829 2038 761 1631 800 1632 790 1630 523 3439 844 3440 845 3445 563 2517 846 2670 847 2500 848 2534 849 2532 700 2533 772 800 707 801 773 2533 772 2533 772 801 773 802 708 2531 850 802 708 804 774 804 774 803 709 805 775 805 775 806 723 807 851 808 777 809 852 806 723 983 611 808 777 984 776 1626 802 1625 853 1623 854 996 645 995 782 997 781 994 646 993 783 995 782 992 647 991 784 993 783 990 648 989 785 991 784 988 649 780 786 989 785 987 716 778 855 780 786 987 716 909 650 986 856 1545 787 986 856 909 650 1640 651 1641 788 1545 787 1618 857 1641 788 1639 717 1620 858 1639 717 1637 718 1622 859 1637 718 1635 789 1634 719 1633 860 1635 789 1632 790 1633 860 1634 719 3066 861 3067 862 3039 863 2484 767 2485 692 2388 397 1478 696 1520 864 1476 865 3064 866 1520 864 1518 867 1517 868 1518 867 1519 724 2481 869 2379 514 2378 870 1525 871 1524 872 3066 861 2366 710 2367 873 2362 874 3070 798 3071 875 3072 702 3070 798 3069 799 3071 875 3069 799 3149 793 3150 725 3069 799 3150 725 3151 803 3151 803 3152 727 3153 876 1474 877 1547 607 1516 695 3110 808 3111 878 3112 806 3148 879 3146 880 3363 600 3118 642 3104 731 3105 881 2431 691 2378 870 2391 882 2525 768 2526 769 2532 700 3435 811 3458 734 3434 805 3458 734 3505 812 3506 883 3506 883 3505 812 3541 735 3540 884 3541 735 3542 813 3543 566 3546 814 3542 813 3569 665 3546 814 3545 736 3567 815 3546 814 3569 665 3567 815 1914 737 1869 816 1869 816 1870 738 1871 885 1870 738 1835 817 1872 886 1934 667 1827 818 1835 817 1932 739 1820 887 1827 818 1930 740 1820 887 1932 739 1928 819 1814 888 1930 740 1927 669 1926 820 1928 819 1925 741 1924 889 1926 820 1923 742 1924 889 1925 741 1921 821 1922 890 1923 742 1891 743 1919 744 1921 821 1919 744 1918 822 1920 891 1916 745 1751 892 1918 822 1916 745 1753 823 1751 892 1758 672 1755 824 1753 823 1755 824 1765 746 1767 893 1765 746 1766 825 1767 893 1766 825 2004 674 2005 826 2020 827 2005 826 2021 675 2187 828 2020 827 2188 676 2187 828 2042 677 2040 760 2035 747 2034 894 2036 829 2033 830 2034 894 2035 747 2197 831 2033 830 2198 679 2204 832 2197 831 2205 680 2204 832 2056 681 2054 833 2053 834 2054 833 2055 682 2217 835 2053 834 2218 683 2217 835 2075 684 2073 836 2072 837 2073 836 2074 685 2083 895 2072 837 2092 748 2092 748 2091 749 2093 896 2093 896 2091 749 2234 750 2234 750 2284 687 2285 838 2285 838 2292 751 2232 897 2312 752 2313 898 2292 751 2426 753 2313 898 2312 752 2426 753 2399 839 2418 899 2398 689 2382 840 2399 839 2480 900 2481 869 2482 766 2186 901 2040 760 2038 761 2185 902 2038 761 2036 829 2613 903 2628 904 2521 905 2534 849 2533 772 2535 906 2533 772 802 708 2531 850 2531 850 804 774 805 775 805 775 807 851 2531 850 806 723 810 907 807 851 806 723 809 852 810 907 808 777 813 908 809 852 983 611 772 909 808 777 1016 763 982 910 983 611 1015 911 1014 912 1016 763 997 781 974 913 999 914 995 782 972 915 997 781 993 783 970 916 995 782 991 784 968 917 993 783 989 785 966 918 991 784 780 786 964 919 989 785 778 855 779 920 780 786 986 856 778 855 987 716 778 855 986 856 1545 787 1616 921 1545 787 1641 788 1616 921 1641 788 1618 857 1618 857 1639 717 1620 858 1620 858 1637 718 1622 859 1622 859 1635 789 1624 922 1624 922 1635 789 1633 860 3360 923 3361 924 3138 925 1476 865 1477 926 1478 696 1476 865 1520 864 3064 866 3064 866 1518 867 1517 868 1517 868 1525 871 3064 866 3064 866 1525 871 3066 861 3066 861 1523 927 1521 928 1608 929 1629 930 1609 931 1647 932 3067 862 1522 933 3135 450 3071 875 3069 799 3134 451 3069 799 3151 803 2363 934 2384 935 2364 936 3131 937 3113 938 3111 878 3130 939 3111 878 3110 808 3147 940 3146 880 3148 879 1510 941 1546 525 1509 942 2561 943 2575 944 2576 945 3138 925 3361 924 3329 946 3138 925 3140 947 3360 923 405 948 404 949 1416 950 3434 805 3458 734 3491 951 3458 734 3506 883 3491 951 3506 883 3541 735 3507 952 3540 884 3539 953 3541 735 3540 884 3542 813 3567 815 3567 815 3542 813 3546 814 3567 815 1869 816 3563 954 3563 954 1869 816 1871 885 1871 885 1870 738 1872 886 1872 886 1835 817 1836 955 1835 817 1827 818 1836 955 1827 818 1820 887 1828 956 1930 740 1814 888 1820 887 1928 819 1797 957 1814 888 1926 820 1797 957 1928 819 1924 889 1793 958 1926 820 1923 742 1922 890 1924 889 1921 821 1920 891 1922 890 1919 744 1920 891 1921 821 1918 822 1746 959 1920 891 1918 822 1751 892 1746 959 1752 960 1751 892 1753 823 1754 961 1753 823 1755 824 1755 824 1767 893 1754 961 1766 825 1953 962 1767 893 1766 825 2005 826 1953 962 2020 827 2006 963 2005 826 2187 828 2019 964 2020 827 2187 828 2040 760 2186 901 2184 965 2036 829 2034 894 2033 830 2032 966 2034 894 2197 831 2031 967 2033 830 2204 832 2196 968 2197 831 2204 832 2054 833 2203 969 2053 834 2052 970 2054 833 2217 835 2051 971 2053 834 2217 835 2073 836 2216 972 2072 837 2071 973 2073 836 2083 895 2070 974 2072 837 2092 748 2093 896 2083 895 2234 750 2235 975 2093 896 2234 750 2285 838 2232 897 2232 897 2292 751 2290 976 2292 751 2313 898 2314 977 2418 899 2313 898 2426 753 2418 899 2399 839 2400 978 2399 839 2382 840 2384 935 977 979 976 980 975 981 2480 900 2482 766 2561 943 2186 901 2038 761 2185 902 2185 902 2036 829 2184 965 2535 906 2546 982 2534 849 2535 906 2533 772 2531 850 2531 850 807 851 810 907 2530 983 810 907 809 852 2530 983 809 852 813 908 808 777 812 984 813 908 772 909 812 984 808 777 982 910 772 909 983 611 1014 912 982 910 1016 763 1013 985 1014 912 1015 911 1004 986 1015 911 1002 987 997 781 972 915 974 913 995 782 970 916 972 915 993 783 968 917 970 916 991 784 966 918 968 917 989 785 964 919 966 918 780 786 962 988 964 919 779 920 962 988 780 786 779 920 778 855 1545 787 1614 989 1545 787 1616 921 1617 990 1616 921 1618 857 1619 991 1618 857 1620 858 1621 992 1620 858 1622 859 1516 695 1515 694 3065 993 3065 993 1515 694 1477 926 1476 865 3065 993 1477 926 3064 866 3065 993 1476 865 3064 866 3066 861 3137 809 1475 994 1522 933 1521 928 431 995 418 996 419 997 3137 809 3066 861 3038 810 3136 998 3071 875 3135 450 3135 450 3069 799 3134 451 3132 999 3113 938 3131 937 3131 937 3111 878 3130 939 3130 939 3110 808 3129 1000 3129 1000 3110 808 3147 940 3138 925 3329 946 3139 1001 3361 924 3367 601 3366 1002 1586 517 1585 1003 1578 594 3491 951 3506 883 3507 952 3507 952 3541 735 3539 953 3538 1004 3539 953 3540 884 3563 954 3540 884 3567 815 3563 954 1871 885 1873 1005 1871 885 1872 886 1873 1005 1872 886 1836 955 1874 1006 1836 955 1827 818 1828 956 1828 956 1820 887 1821 1007 1820 887 1814 888 1821 1007 1814 888 1797 957 1815 1008 1926 820 1793 958 1797 957 1924 889 1743 1009 1793 958 1922 890 1743 1009 1924 889 1920 891 1744 1010 1922 890 1920 891 1746 959 1744 1010 1750 1011 1746 959 1751 892 1751 892 1752 960 1750 1011 1753 823 1754 961 1752 960 1754 961 1767 893 1964 1012 1767 893 1953 962 1954 1013 1953 962 2005 826 2006 963 2019 964 2006 963 2020 827 2186 901 2019 964 2187 828 2184 965 2034 894 2183 1014 2183 1014 2034 894 2032 966 2031 967 2032 966 2033 830 2196 968 2031 967 2197 831 2203 969 2196 968 2204 832 2203 969 2054 833 2052 970 2051 971 2052 970 2053 834 2216 972 2051 971 2217 835 2216 972 2073 836 2071 973 2070 974 2071 973 2072 837 2085 1015 2070 974 2083 895 2083 895 2093 896 2094 1016 2093 896 2235 975 2094 1016 2234 750 2246 1017 2235 975 2232 897 2233 1018 2234 750 2232 897 2290 976 2233 1018 2292 751 2314 977 2290 976 2418 899 2314 977 2313 898 2418 899 2400 978 2416 1019 2399 839 2384 935 2400 978 3435 811 3439 844 3444 659 3205 1020 3143 1021 3142 1022 2185 902 2018 1023 2186 901 2184 965 2017 1024 2185 902 1604 1025 1603 516 1601 515 2545 1026 2560 1027 2546 982 2535 906 2545 1026 2546 982 2535 906 2531 850 2536 1028 2531 850 810 907 2530 983 2530 983 813 908 2529 1029 2529 1029 813 908 812 984 772 909 811 1030 812 984 982 910 770 1031 772 909 1014 912 818 1032 982 910 1013 985 930 1033 1014 912 1004 986 1013 985 1015 911 1002 987 1003 1034 1004 986 974 913 975 981 976 980 972 915 973 1035 974 913 970 916 971 1036 972 915 968 917 969 1037 970 916 966 918 967 1038 968 917 964 919 965 1039 966 918 962 988 963 1040 964 919 1613 1041 962 988 779 920 1614 989 779 920 1545 787 1615 1042 1614 989 1616 921 1615 1042 1616 921 1617 990 1617 990 1618 857 1619 991 1619 991 1620 858 1621 992 1621 992 1622 859 1623 854 3133 641 3113 938 3132 999 3046 1043 1516 695 3065 993 3064 866 3114 1044 3065 993 3137 809 3114 1044 3064 866 3132 999 3119 732 3133 641 3131 937 3120 1045 3132 999 2383 1046 2381 690 2427 1047 3129 1000 3147 940 3128 1048 3128 1048 3147 940 3140 947 3430 759 3399 758 3397 1049 3433 1050 3491 951 3490 1051 3491 951 3507 952 3492 1052 3507 952 3539 953 3492 1052 3537 1053 3539 953 3538 1004 3563 954 3538 1004 3540 884 1873 1005 3562 1054 3563 954 1873 1005 1872 886 1874 1006 1874 1006 1836 955 1837 1055 1836 955 1828 956 1837 1055 1828 956 1821 1007 1829 1056 1821 1007 1814 888 1815 1008 1815 1008 1797 957 1798 1057 1797 957 1793 958 1798 1057 1793 958 1743 1009 1794 1058 1922 890 1744 1010 1743 1009 1745 1059 1744 1010 1746 959 1746 959 1750 1011 1745 1059 1750 1011 1752 960 1803 1060 1752 960 1754 961 1802 1061 1754 961 1964 1012 1802 1061 1767 893 1954 1013 1964 1012 1953 962 1776 1062 1954 1013 2006 963 1776 1062 1953 962 2019 964 2009 1063 2006 963 2186 901 2018 1023 2019 964 2183 1014 2016 1064 2184 965 2183 1014 2032 966 2182 1065 2031 967 2030 1066 2032 966 2196 968 2029 1067 2031 967 2203 969 2195 1068 2196 968 2203 969 2052 970 2202 1069 2051 971 2050 1070 2052 970 2216 972 2049 1071 2051 971 2216 972 2071 973 2215 1072 2070 974 2069 1073 2071 973 2085 1015 2068 1074 2070 974 2083 895 2084 1075 2085 1015 2083 895 2094 1016 2084 1075 2235 975 2236 1076 2094 1016 2246 1017 2249 1077 2235 975 2233 1018 2246 1017 2234 750 2233 1018 2290 976 2246 1017 2290 976 2314 977 2315 1078 2315 1078 2314 977 2418 899 2308 1079 2418 899 2416 1019 2416 1019 2400 978 2401 1080 2400 978 2384 935 2385 1081 2480 900 2576 945 2481 869 2376 1082 2471 1083 2489 1084 2603 1085 2475 1086 2488 1087 2603 1085 2488 1087 2487 1088 1519 724 1518 867 1478 696 2185 902 2017 1024 2018 1023 2184 965 2016 1064 2017 1024 2545 1026 2558 1089 2560 1027 2536 1028 2545 1026 2535 906 2536 1028 2531 850 2530 983 2537 1090 2530 983 2529 1029 2529 1029 812 984 811 1030 771 1091 811 1030 772 909 770 1031 771 1091 772 909 818 1032 770 1031 982 910 930 1033 818 1032 1014 912 1012 1092 930 1033 1013 985 1006 1093 1013 985 1004 986 1004 986 1003 1034 1005 1094 1002 987 1015 911 1016 763 974 913 973 1035 975 981 972 915 971 1036 973 1035 970 916 969 1037 971 1036 968 917 967 1038 969 1037 966 918 965 1039 967 1038 964 919 963 1040 965 1039 1592 1095 963 1040 962 988 1592 1095 962 988 1613 1041 1613 1041 779 920 1614 989 1613 1041 1614 989 1615 1042 1596 1096 1615 1042 1617 990 1598 1097 1617 990 1619 991 1600 1098 1619 991 1621 992 1602 1099 1621 992 1623 854 3393 1100 3389 1101 3388 1102 510 1103 526 729 216 1104 3115 1105 3109 1106 3046 1043 3133 641 3119 732 3118 642 3132 999 3120 1045 3119 732 3129 1000 3122 1107 3121 754 3128 1048 3122 1107 3129 1000 3128 1048 3140 947 3127 1108 3127 1108 3140 947 3139 1001 3331 1109 3330 1110 3332 1111 3359 479 3351 478 3332 1111 3398 1112 3397 1049 3399 758 1546 525 1553 557 1474 877 413 1113 629 1114 630 1115 3433 1050 3490 1051 3432 1116 3490 1051 3491 951 3492 1052 3492 1052 3539 953 3493 1117 3509 1118 3539 953 3537 1053 3562 1054 3537 1053 3538 1004 3562 1054 3538 1004 3563 954 1881 1119 3562 1054 1873 1005 1874 1006 1881 1119 1873 1005 1874 1006 1837 1055 1879 1120 1837 1055 1828 956 1829 1056 1829 1056 1821 1007 1822 1121 1821 1007 1815 1008 1822 1121 1815 1008 1798 1057 1816 1122 1798 1057 1793 958 1794 1058 1794 1058 1743 1009 1742 1123 1742 1123 1743 1009 1744 1010 1744 1010 1745 1059 1742 1123 1745 1059 1750 1011 1975 1124 1750 1011 1803 1060 1975 1124 1752 960 1802 1061 1803 1060 1802 1061 1964 1012 1965 1125 1964 1012 1954 1013 1955 1126 1954 1013 1776 1062 1775 1127 2006 963 1774 1128 1776 1062 2009 1063 1774 1128 2006 963 2018 1023 2009 1063 2019 964 2183 1014 2014 1129 2016 1064 2182 1065 2014 1129 2183 1014 2182 1065 2032 966 2030 1066 2029 1067 2030 1066 2031 967 2195 1068 2029 1067 2196 968 2202 1069 2195 1068 2203 969 2202 1069 2052 970 2050 1070 2049 1071 2050 1070 2051 971 2215 1072 2049 1071 2216 972 2215 1072 2071 973 2069 1073 2068 1074 2069 1073 2070 974 2087 1130 2068 1074 2085 1015 2085 1015 2084 1075 2086 1131 2094 1016 2236 1076 2084 1075 2235 975 2250 1132 2236 1076 2235 975 2249 1077 2250 1132 2246 1017 2290 976 2249 1077 2290 976 2315 1078 2308 1079 2315 1078 2418 899 2308 1079 2308 1079 2416 1019 2309 1133 2416 1019 2401 1080 2417 1134 2400 978 2385 1081 2401 1080 3134 451 3151 803 3153 876 2562 765 2486 693 2547 764 2432 1135 2477 1136 2478 1137 2476 1138 2477 1136 2432 1135 627 1139 628 1140 579 1141 1610 791 1609 931 1629 930 2017 1024 2008 1142 2018 1023 2016 1064 2007 1143 2017 1024 2558 1089 2559 1144 2560 1027 2544 1145 2558 1089 2545 1026 2536 1028 2544 1145 2545 1026 2536 1028 2530 983 2537 1090 2537 1090 2529 1029 2538 1146 817 1147 2529 1029 811 1030 771 1091 817 1147 811 1030 770 1031 816 1148 771 1091 818 1032 814 1149 770 1031 930 1033 819 1150 818 1032 1012 1092 827 1151 930 1033 1006 1093 1012 1092 1013 985 1004 986 1005 1094 1006 1093 1003 1034 977 979 1005 1094 973 1035 955 1152 975 981 971 1036 953 1153 973 1035 969 1037 951 1154 971 1036 967 1038 949 1155 969 1037 965 1039 947 1156 967 1038 963 1040 945 1157 965 1039 1591 1158 963 1040 1592 1095 1592 1095 1613 1041 1594 1159 1594 1159 1613 1041 1615 1042 1594 1159 1615 1042 1596 1096 1596 1096 1617 990 1598 1097 1598 1097 1619 991 1600 1098 1600 1098 1621 992 1602 1099 2459 1160 2458 1161 2490 1162 1512 792 1511 1163 1513 1164 984 776 777 400 884 481 3043 1165 3046 1043 3109 1106 3108 1166 3115 1105 3116 452 3446 487 3441 1167 3447 372 3102 1168 3119 732 3120 1045 3099 1169 3121 754 3122 1107 3128 1048 3123 1170 3122 1107 3127 1108 3123 1170 3128 1048 3127 1108 3139 1001 3126 1171 3126 1171 3139 1001 3331 1109 3331 1109 3332 1111 3333 1172 3332 1111 3351 478 3333 1172 3146 880 3145 807 3363 600 3395 1173 3400 757 3429 657 3432 1116 3490 1051 3488 1174 3492 1052 3493 1117 3490 1051 3509 1118 3493 1117 3539 953 3516 1175 3509 1118 3537 1053 3516 1175 3537 1053 3562 1054 1881 1119 3566 1176 3562 1054 1874 1006 1880 1177 1881 1119 1879 1120 1880 1177 1874 1006 1879 1120 1837 1055 1838 1178 1837 1055 1829 1056 1838 1178 1829 1056 1822 1121 1830 1179 1822 1121 1815 1008 1816 1122 1816 1122 1798 1057 1799 1180 1798 1057 1794 1058 1799 1180 1794 1058 1742 1123 1795 1181 1742 1123 1745 1059 1980 1182 1745 1059 1975 1124 1980 1182 1975 1124 1803 1060 1805 1183 1803 1060 1802 1061 1804 1184 1802 1061 1965 1125 1804 1184 1964 1012 1955 1126 1965 1125 1954 1013 1775 1127 1955 1126 1774 1128 1775 1127 1776 1062 2009 1063 1769 1185 1774 1128 2018 1023 2008 1142 2009 1063 2014 1129 2015 1186 2016 1064 2182 1065 2012 1187 2014 1129 2182 1065 2030 1066 2181 1188 2029 1067 2028 1189 2030 1066 2195 1068 2027 1190 2029 1067 2202 1069 2194 1191 2195 1068 2202 1069 2050 1070 1995 1192 2049 1071 2048 1193 2050 1070 2215 1072 2047 1194 2049 1071 2215 1072 2069 1073 2214 1195 2068 1074 2067 1196 2069 1073 2087 1130 2066 1197 2068 1074 2085 1015 2086 1131 2087 1130 2084 1075 2245 1198 2086 1131 2084 1075 2236 1076 2245 1198 2236 1076 2250 1132 2251 1199 2249 1077 2291 1200 2250 1132 2249 1077 2290 976 2291 1200 2308 1079 2309 1133 2290 976 2309 1133 2416 1019 2310 1201 2311 1202 2416 1019 2417 1134 2417 1134 2401 1080 2338 1203 3437 1204 3435 811 3431 804 2471 1083 2479 1205 2470 722 2628 904 2478 1137 2477 1136 2628 904 2477 1136 2476 1138 2476 1138 2521 905 2628 904 2575 944 2559 1144 2557 1206 2017 1024 2007 1143 2008 1142 2016 1064 2015 1186 2007 1143 2558 1089 2557 1206 2559 1144 2544 1145 2556 1207 2558 1089 2537 1090 2544 1145 2536 1028 2538 1146 2543 1208 2537 1090 2538 1146 2529 1029 2528 1209 817 1147 2528 1209 2529 1029 771 1091 816 1148 817 1147 770 1031 815 1210 816 1148 814 1149 815 1210 770 1031 820 1211 814 1149 818 1032 818 1032 819 1150 820 1211 822 1212 819 1150 930 1033 930 1033 827 1151 822 1212 1011 1213 827 1151 1012 1092 1008 1214 1012 1092 1006 1093 1006 1093 1005 1094 1007 1215 1005 1094 977 979 979 1216 975 981 955 1152 957 614 973 1035 953 1153 955 1152 971 1036 951 1154 953 1153 969 1037 949 1155 951 1154 967 1038 947 1156 949 1155 965 1039 945 1157 947 1156 1591 1158 945 1157 963 1040 1591 1158 1592 1095 1593 1217 1593 1217 1592 1095 1594 1159 1595 1218 1594 1159 1596 1096 1597 1219 1596 1096 1598 1097 1599 1220 1598 1097 1600 1098 2517 846 2502 1221 2468 1222 1578 594 1579 1223 1570 592 1512 792 1513 1164 1514 1224 3043 1165 1513 1164 1511 1163 1511 1163 1510 941 3043 1165 2379 514 2488 1087 2373 841 3109 1106 3115 1105 3108 1166 3103 733 3119 732 3102 1168 3100 755 3121 754 3099 1169 3127 1108 3124 1225 3123 1170 3126 1171 3331 1109 3141 1226 3333 1172 3335 1227 3331 1109 3333 1172 3351 478 3335 1227 3405 1228 3427 1229 3403 656 3123 1170 3099 1169 3122 1107 3490 1051 3494 1230 3488 1174 3490 1051 3493 1117 3494 1230 3494 1230 3493 1117 3509 1118 3516 1175 3517 1231 3509 1118 3562 1054 3517 1231 3516 1175 3562 1054 3566 1176 3517 1231 1880 1177 3566 1176 1881 1119 1879 1120 1878 1232 1880 1177 1879 1120 1838 1178 1877 1233 1838 1178 1829 1056 1830 1179 1830 1179 1822 1121 1823 1234 1822 1121 1816 1122 1823 1234 1816 1122 1799 1180 1817 1235 1799 1180 1794 1058 1795 1181 1742 1123 1980 1182 1795 1181 1980 1182 1975 1124 1976 1236 1975 1124 1805 1183 1976 1236 1803 1060 1804 1184 1805 1183 1804 1184 1965 1125 1966 1237 1965 1125 1955 1126 1956 1238 1955 1126 1775 1127 1951 1239 1774 1128 1768 1240 1775 1127 1769 1185 1768 1240 1774 1128 2008 1142 1769 1185 2009 1063 2014 1129 2013 1241 2015 1186 2012 1187 2013 1241 2014 1129 2181 1188 2012 1187 2182 1065 2181 1188 2030 1066 2028 1189 2027 1190 2028 1189 2029 1067 2194 1191 2027 1190 2195 1068 1995 1192 2194 1191 2202 1069 1995 1192 2050 1070 2048 1193 2047 1194 2048 1193 2049 1071 2214 1195 2047 1194 2215 1072 2214 1195 2069 1073 2067 1196 2066 1197 2067 1196 2068 1074 2227 1242 2066 1197 2087 1130 2231 1243 2087 1130 2086 1131 2086 1131 2245 1198 2231 1243 2236 1076 2251 1199 2245 1198 2250 1132 2291 1200 2251 1199 2290 976 2310 1201 2291 1200 2290 976 2309 1133 2310 1201 2310 1201 2416 1019 2311 1202 2311 1202 2417 1134 2307 1244 2417 1134 2338 1203 2414 1245 2338 1203 2401 1080 2336 1246 998 715 997 781 999 914 2628 904 2470 722 2479 1205 2615 1247 2601 1248 2614 1249 2600 1250 2601 1248 2602 1251 2602 1251 2574 1252 2572 1253 2573 1254 2574 1252 2575 944 2575 944 2557 1206 2573 1254 2007 1143 1770 1255 2008 1142 2015 1186 1945 1256 2007 1143 2556 1207 2557 1206 2558 1089 2543 1208 2556 1207 2544 1145 2537 1090 2543 1208 2544 1145 2538 1146 2542 1257 2543 1208 2538 1146 2528 1209 2539 1258 816 1148 2528 1209 817 1147 815 1210 2527 1259 816 1148 815 1210 814 1149 2527 1259 820 1211 2527 1259 814 1149 819 1150 2527 1259 820 1211 822 1212 1017 1260 819 1150 822 1212 827 1151 829 1261 1011 1213 825 1262 827 1151 1008 1214 1011 1213 1012 1092 1006 1093 1007 1215 1008 1214 1005 1094 979 1216 1007 1215 977 979 978 1263 979 1216 955 1152 956 1264 957 614 953 1153 954 1265 955 1152 951 1154 952 1266 953 1153 949 1155 950 1267 951 1154 947 1156 948 1268 949 1155 945 1157 946 1269 947 1156 1544 1270 945 1157 1591 1158 1590 1271 1591 1158 1593 1217 1593 1217 1594 1159 1595 1218 1595 1218 1596 1096 1597 1219 1597 1219 1598 1097 1599 1220 1599 1220 1600 1098 1601 515 3403 656 3432 1116 3404 1272 1538 1273 1586 517 1537 1274 1610 791 1512 792 1611 1275 1611 1275 1512 792 1514 1224 3048 1276 1514 1224 1513 1164 3043 1165 3048 1276 1513 1164 3043 1165 3044 1277 3045 1278 3060 1279 3044 1277 3061 1280 3108 1166 3107 1281 3062 1282 3440 845 3436 562 3446 487 3106 1283 3105 881 3081 1284 3103 733 3102 1168 3075 1285 3104 731 3077 1286 3105 881 3395 1173 3390 1287 3394 1288 3101 756 3082 1289 3102 1168 3100 755 3092 1290 3101 756 3099 1169 3031 1291 3100 755 3098 796 3032 1292 3099 1169 3098 796 3123 1170 3097 797 3097 797 3123 1170 3124 1225 3141 1226 3142 1022 3126 1171 3141 1226 3331 1109 3334 1293 3331 1109 3335 1227 3199 1294 3351 478 3199 1294 3335 1227 3390 1287 3427 1229 3391 1295 3405 1228 3391 1295 3427 1229 3143 1021 3127 1108 3126 1171 3488 1174 3494 1230 3495 1296 3495 1296 3494 1230 3509 1118 3518 1297 3509 1118 3517 1231 3566 1176 3518 1297 3517 1231 1880 1177 3565 1298 3566 1176 1878 1232 3565 1298 1880 1177 1877 1233 1878 1232 1879 1120 1877 1233 1838 1178 1839 1299 1838 1178 1830 1179 1839 1299 1830 1179 1823 1234 1831 1300 1823 1234 1816 1122 1817 1235 1817 1235 1799 1180 1800 1301 1799 1180 1795 1181 1800 1301 1795 1181 1980 1182 1981 1302 1980 1182 1976 1236 1981 1302 1976 1236 1805 1183 1807 1303 1805 1183 1804 1184 1806 1304 1804 1184 1966 1237 1806 1304 1965 1125 1956 1238 1966 1237 1955 1126 1951 1239 1956 1238 1768 1240 1951 1239 1775 1127 1768 1240 1769 1185 1770 1255 2008 1142 1770 1255 1769 1185 2013 1241 1944 1305 2015 1186 2012 1187 2178 1306 2013 1241 2181 1188 2176 1307 2012 1187 2181 1188 2028 1189 2180 1308 2027 1190 2191 1309 2028 1189 2194 1191 2189 1310 2027 1190 1995 1192 2193 1311 2194 1191 1995 1192 2048 1193 1993 1312 2047 1194 2211 1313 2048 1193 2214 1195 2209 1314 2047 1194 2214 1195 2067 1196 2213 1315 2066 1197 2224 1316 2067 1196 2227 1242 2222 1317 2066 1197 2230 1318 2227 1242 2087 1130 2230 1318 2087 1130 2231 1243 2231 1243 2245 1198 2248 1319 2245 1198 2251 1199 2252 1320 2251 1199 2291 1200 2289 1321 2291 1200 2310 1201 2311 1202 2291 1200 2311 1202 2307 1244 2417 1134 2306 1322 2307 1244 2414 1245 2305 1323 2417 1134 2414 1245 2338 1203 2360 1324 2336 1246 2337 1325 2338 1203 2364 936 2365 711 2363 934 2490 1162 2365 711 2364 936 3114 1044 3137 809 3136 998 2472 721 2469 720 2473 1326 2628 904 2613 903 2659 1327 2612 1328 2613 903 2614 1249 2614 1249 2601 1248 2599 1329 2600 1250 2599 1329 2601 1248 2602 1251 2572 1253 2600 1250 2573 1254 2572 1253 2574 1252 2573 1254 2557 1206 2555 1330 2007 1143 1772 1331 1770 1255 2007 1143 1945 1256 1772 1331 2015 1186 1944 1305 1945 1256 2556 1207 2555 1330 2557 1206 2543 1208 2554 1332 2556 1207 2542 1257 2554 1332 2543 1208 2539 1258 2542 1257 2538 1146 2539 1258 2528 1209 2527 1259 816 1148 2527 1259 2528 1209 819 1150 2540 1333 2527 1259 819 1150 1017 1260 2769 1334 821 1335 1017 1260 822 1212 822 1212 829 1261 824 1336 827 1151 828 1337 829 1261 825 1262 826 1338 827 1151 836 1339 825 1262 1011 1213 1010 1340 1011 1213 1008 1214 1008 1214 1007 1215 1009 1341 1007 1215 979 1216 981 1342 979 1216 978 1263 980 1343 978 1263 960 613 961 1344 957 614 956 1264 958 1345 955 1152 954 1265 956 1264 953 1153 952 1266 954 1265 951 1154 950 1267 952 1266 949 1155 948 1268 950 1267 947 1156 946 1269 948 1268 1544 1270 946 1269 945 1157 1544 1270 1591 1158 1590 1271 1590 1271 1593 1217 1589 1346 1589 1346 1593 1217 1595 1218 1588 1347 1595 1218 1597 1219 1587 1348 1597 1219 1599 1220 1546 525 1512 792 1630 523 3117 640 3106 1283 3107 1281 1507 1349 1610 791 1611 1275 1611 1275 1514 1224 1612 1350 3048 1276 1612 1350 1514 1224 3045 1278 3048 1276 3043 1165 3045 1278 3044 1277 3060 1279 3060 1279 3061 1280 3059 1351 3059 1351 3061 1280 3062 1282 3105 881 3077 1286 3079 1352 3102 1168 3082 1289 3073 1353 3101 756 3092 1290 3082 1289 3100 755 3031 1291 3092 1290 3099 1169 3032 1292 3031 1291 3098 796 3095 1354 3032 1292 3097 797 3124 1225 3125 1355 3124 1225 3143 1021 3144 1356 3126 1171 3142 1022 3143 1021 1668 639 1698 440 787 518 1605 1357 1606 1358 1585 1003 3347 1359 3213 1360 3200 1361 3390 1287 3391 1295 3392 1362 3393 1100 3391 1295 3405 1228 3404 1272 3423 1363 3405 1228 1527 449 1671 407 3401 1364 3487 1365 3488 1174 3489 1366 3488 1174 3495 1296 3489 1366 3510 1367 3495 1296 3509 1118 3510 1367 3509 1118 3518 1297 3566 1176 3519 1368 3518 1297 3565 1298 3519 1368 3566 1176 1876 1369 3565 1298 1878 1232 1877 1233 1876 1369 1878 1232 1877 1233 1839 1299 1875 1370 1839 1299 1830 1179 1831 1300 1831 1300 1823 1234 1824 1371 1823 1234 1817 1235 1824 1371 1817 1235 1800 1301 1818 1372 1795 1181 1981 1302 1800 1301 1981 1302 1976 1236 1977 1373 1976 1236 1807 1303 1977 1373 1805 1183 1806 1304 1807 1303 1806 1304 1966 1237 1967 1374 1966 1237 1956 1238 1957 1375 1956 1238 1951 1239 1747 1376 1768 1240 1950 1377 1951 1239 1768 1240 1770 1255 1771 1378 2013 1241 1942 1379 1944 1305 2013 1241 2178 1306 2179 1380 2012 1187 2177 1381 2178 1306 2176 1307 2177 1381 2012 1187 2180 1308 2176 1307 2181 1188 2028 1189 2192 1382 2180 1308 2028 1189 2191 1309 2192 1382 2027 1190 2190 1383 2191 1309 2189 1310 2190 1383 2027 1190 2193 1311 2189 1310 2194 1191 1994 1384 2193 1311 1995 1192 1993 1312 1994 1384 1995 1192 2048 1193 2212 1385 1993 1312 2048 1193 2211 1313 2212 1385 2047 1194 2210 1386 2211 1313 2209 1314 2210 1386 2047 1194 2213 1315 2209 1314 2214 1195 2067 1196 2225 1387 2213 1315 2067 1196 2224 1316 2225 1387 2066 1197 2223 1388 2224 1316 2222 1317 2223 1388 2066 1197 2226 1389 2222 1317 2227 1242 2229 1390 2227 1242 2230 1318 2231 1243 2248 1319 2230 1318 2247 1391 2248 1319 2245 1198 2245 1198 2252 1320 2247 1391 2289 1321 2252 1320 2251 1199 2289 1321 2291 1200 2307 1244 2289 1321 2307 1244 2306 1322 2417 1134 2305 1323 2306 1322 2414 1245 2304 1392 2305 1323 2414 1245 2360 1324 2415 1393 2338 1203 2337 1325 2360 1324 2362 874 2337 1325 2336 1246 2467 1394 2468 1222 2459 1160 2472 721 2473 1326 2474 1395 2625 1396 2473 1326 2469 720 2659 1327 2625 1396 2628 904 2659 1327 2613 903 2611 1397 2612 1328 2611 1397 2613 903 2614 1249 2599 1329 2612 1328 2598 1398 2599 1329 2600 1250 2600 1250 2572 1253 2570 1399 2571 1400 2572 1253 2573 1254 2573 1254 2555 1330 2571 1400 1771 1378 1770 1255 1772 1331 1945 1256 1773 1401 1772 1331 1944 1305 1773 1401 1945 1256 2554 1332 2555 1330 2556 1207 2542 1257 2552 1402 2554 1332 2539 1258 2541 1403 2542 1257 2539 1258 2527 1259 2540 1333 2769 1334 2540 1333 819 1150 2769 1334 1017 1260 821 1335 821 1335 822 1212 823 1404 823 1404 822 1212 824 1336 2768 1405 824 1336 829 1261 2768 1405 829 1261 828 1337 827 1151 826 1338 828 1337 825 1262 832 1406 826 1338 836 1339 830 1407 825 1262 1010 1340 836 1339 1011 1213 1008 1214 1009 1341 1010 1340 1007 1215 981 1342 1009 1341 979 1216 980 1343 981 1342 978 1263 961 1344 980 1343 958 1345 864 1408 959 612 956 1264 867 1409 958 1345 954 1265 870 1410 956 1264 952 1266 872 1411 954 1265 950 1267 877 1412 952 1266 948 1268 783 1413 950 1267 946 1269 781 1414 948 1268 781 1414 946 1269 1544 1270 1590 1271 1542 1415 1544 1270 1589 1346 1541 1416 1590 1271 1589 1346 1595 1218 1588 1347 1588 1347 1597 1219 1587 1348 1609 931 1610 791 1507 1349 1507 1349 1611 1275 1508 1417 1508 1417 1611 1275 1612 1350 1508 1417 1612 1350 3048 1276 3045 1278 3051 1418 3048 1276 3060 1279 3052 1419 3045 1278 3059 1351 3053 1420 3060 1279 3059 1351 3062 1282 3058 1421 3058 1421 3062 1282 3063 1422 3063 1422 3081 1284 3042 1423 3079 1352 3080 1424 3081 1284 3077 1286 3078 1425 3079 1352 3075 1285 3076 1426 3077 1286 3073 1353 3074 1427 3075 1285 3073 1353 3082 1289 3083 1428 3082 1289 3092 1290 3087 1429 3031 1291 3093 1430 3092 1290 3031 1291 3032 1292 3033 1431 3094 1432 3032 1292 3095 1354 3125 1355 3194 1433 3097 797 3124 1225 3144 1356 3125 1355 3143 1021 3207 1434 3144 1356 2374 843 2375 842 2376 1082 3142 1022 3203 1435 3205 1020 3199 1294 3200 1361 3201 1436 3200 1361 3213 1360 3201 1436 3214 1437 3213 1360 3347 1359 1627 1438 1605 1357 1604 1025 3356 595 3392 1362 3388 1102 3392 1362 3391 1295 3393 1100 3405 1228 3423 1363 3389 1101 3404 1272 3424 1439 3423 1363 3426 1440 3487 1365 3481 1441 3489 1366 3496 1442 3487 1365 3489 1366 3495 1296 3510 1367 3518 1297 3519 1368 3510 1367 3565 1298 3532 1443 3519 1368 3554 1444 3565 1298 1876 1369 1875 1370 1876 1369 1877 1233 1875 1370 1839 1299 1840 1445 1839 1299 1831 1300 1840 1445 1831 1300 1824 1371 1832 1446 1824 1371 1817 1235 1818 1372 1800 1301 1982 1447 1818 1372 1800 1301 1981 1302 1982 1447 1981 1302 1977 1373 1982 1447 1977 1373 1807 1303 1809 1448 1807 1303 1806 1304 1808 1449 1806 1304 1967 1374 1808 1449 1966 1237 1957 1375 1967 1374 1956 1238 1747 1376 1957 1375 1950 1377 1747 1376 1951 1239 1771 1378 1950 1377 1768 1240 1942 1379 1943 1450 1944 1305 1940 1451 1942 1379 2013 1241 2013 1241 2179 1380 1940 1451 2178 1306 3630 1452 2179 1380 3626 1453 2178 1306 2177 1381 3627 1454 2177 1381 2176 1307 3635 1455 2176 1307 2180 1308 3636 1456 2180 1308 2192 1382 2191 1309 3640 1457 2192 1382 3642 1458 2191 1309 2190 1383 3643 1459 2190 1383 2189 1310 3645 1460 2189 1310 2193 1311 1994 1384 3648 1461 2193 1311 1993 1312 3647 1462 1994 1384 2212 1385 3650 1463 1993 1312 2211 1313 3652 1464 2212 1385 2210 1386 3654 1465 2211 1313 2209 1314 3656 1466 2210 1386 2213 1315 3662 1467 2209 1314 2225 1387 3660 1468 2213 1315 2225 1387 2224 1316 3658 1469 2223 1388 3664 1470 2224 1316 2222 1317 3667 1471 2223 1388 3580 1472 2222 1317 2226 1389 2229 1390 2226 1389 2227 1242 2230 1318 2265 1473 2229 1390 2230 1318 2248 1319 2265 1473 2247 1391 2273 1474 2248 1319 2287 1475 2247 1391 2252 1320 2287 1475 2252 1320 2289 1321 2305 1323 2289 1321 2306 1322 2304 1392 2287 1475 2305 1323 2301 1476 2304 1392 2414 1245 2414 1245 2415 1393 2301 1476 2415 1393 2360 1324 2361 1477 2360 1324 2337 1325 2339 1478 2340 1479 2337 1325 2362 874 2384 935 2383 1046 2428 1480 1537 1274 1578 594 1577 593 960 613 977 979 975 981 2459 1160 2468 1222 2460 1481 2621 1482 2468 1222 2467 1394 2623 653 2467 1394 2474 1395 2623 653 2474 1395 2473 1326 2625 1396 2623 653 2473 1326 2659 1327 2624 654 2625 1396 2659 1327 2611 1397 2658 1483 2610 1484 2611 1397 2612 1328 2612 1328 2599 1329 2597 1485 2598 1398 2597 1485 2599 1329 2600 1250 2570 1399 2598 1398 2571 1400 2570 1399 2572 1253 2571 1400 2555 1330 2553 1486 1771 1378 1772 1331 1773 1401 1944 1305 1943 1450 1773 1401 2554 1332 2553 1486 2555 1330 2552 1402 2553 1486 2554 1332 2541 1403 2552 1402 2542 1257 2540 1333 2541 1403 2539 1258 2769 1334 2548 1487 2540 1333 2769 1334 821 1335 2770 1488 2770 1488 821 1335 823 1404 2770 1488 823 1404 824 1336 2768 1405 2770 1488 824 1336 828 1337 833 1489 2768 1405 826 1338 833 1489 828 1337 826 1338 832 1406 833 1489 825 1262 831 1490 832 1406 830 1407 831 1490 825 1262 838 1491 830 1407 836 1339 921 1492 836 1339 1010 1340 1010 1340 1009 1341 925 1493 1009 1341 981 1342 927 1494 981 1342 980 1343 933 1495 980 1343 961 1344 935 1496 1607 1497 1608 929 1606 1358 958 1345 867 1409 864 1408 956 1264 870 1410 867 1409 954 1265 872 1411 870 1410 952 1266 877 1412 872 1411 950 1267 783 1413 877 1412 948 1268 781 1414 783 1413 782 1498 781 1414 1544 1270 1544 1270 1542 1415 1543 1499 1590 1271 1541 1416 1542 1415 1589 1346 1540 1500 1541 1416 1588 1347 1540 1500 1589 1346 1587 1348 1539 1501 1588 1347 1584 1502 1608 929 1583 1503 1583 1503 1608 929 1609 931 1504 1504 1609 931 1507 1349 1505 1505 1507 1349 1508 1417 1505 1505 1508 1417 3048 1276 3047 1506 3048 1276 3051 1418 3052 1419 3051 1418 3045 1278 3060 1279 3053 1420 3052 1419 3059 1351 3055 1507 3053 1420 3058 1421 3055 1507 3059 1351 3058 1421 3063 1422 3042 1423 3042 1423 3081 1284 3080 1424 3079 1352 3078 1425 3080 1424 3077 1286 3076 1426 3078 1425 3075 1285 3074 1427 3076 1426 3073 1353 3083 1428 3074 1427 3087 1429 3083 1428 3082 1289 3087 1429 3092 1290 3093 1430 3033 1431 3093 1430 3031 1291 3033 1431 3032 1292 3094 1432 3094 1432 3095 1354 3096 1508 3095 1354 3175 795 3174 1509 3097 797 3194 1433 3175 795 3125 1355 3193 1510 3194 1433 3144 1356 3209 1511 3125 1355 3144 1356 3207 1434 3209 1511 3201 1436 3202 1512 3203 1435 3201 1436 3213 1360 3214 1437 3215 1513 3348 597 3216 1514 3356 595 3388 1102 3355 1515 3392 1362 3393 1100 3388 1102 3423 1363 3387 1516 3389 1101 3422 1517 3423 1363 3424 1439 3426 1440 3421 1518 3424 1439 3426 1440 3481 1441 3425 1519 3487 1365 3497 1520 3481 1441 3487 1365 3496 1442 3497 1520 3496 1442 3489 1366 3510 1367 3532 1443 3510 1367 3519 1368 3533 1521 3532 1443 3565 1298 3554 1444 3533 1521 3565 1298 1876 1369 1992 1522 3554 1444 1875 1370 1992 1522 1876 1369 1875 1370 1840 1445 1988 1523 1840 1445 1831 1300 1832 1446 1832 1446 1824 1371 1825 1524 1824 1371 1818 1372 1825 1524 1818 1372 1982 1447 1983 1525 1982 1447 1977 1373 1978 1526 1977 1373 1809 1448 1978 1526 1807 1303 1808 1449 1809 1448 1808 1449 1967 1374 1968 1527 1967 1374 1957 1375 1958 1528 1957 1375 1747 1376 1749 1529 1950 1377 1748 1530 1747 1376 1771 1378 1949 1531 1950 1377 1942 1379 1941 1532 1943 1450 1940 1451 1941 1532 1942 1379 2179 1380 3631 1533 1940 1451 2179 1380 3630 1452 3631 1533 2178 1306 3629 1534 3630 1452 3626 1453 3629 1534 2178 1306 3626 1453 2177 1381 3627 1454 3627 1454 2176 1307 3628 1535 3628 1535 2176 1307 3635 1455 3635 1455 2180 1308 3636 1456 3636 1456 2192 1382 3637 1536 2192 1382 3640 1457 3641 1537 2191 1309 3639 1538 3640 1457 3638 1539 2191 1309 3642 1458 3642 1458 2190 1383 3643 1459 3643 1459 2189 1310 3644 1540 3644 1540 2189 1310 3645 1460 3645 1460 2193 1311 3646 1541 2193 1311 3648 1461 3649 1542 1994 1384 3647 1462 3648 1461 1993 1312 3651 1543 3647 1462 1993 1312 3650 1463 3651 1543 2212 1385 3653 1544 3650 1463 2212 1385 3652 1464 3653 1544 2211 1313 3655 1545 3652 1464 2211 1313 3654 1465 3655 1545 2210 1386 3657 1546 3654 1465 2210 1386 3656 1466 3657 1546 2209 1314 3663 1547 3656 1466 2209 1314 3662 1467 3663 1547 2213 1315 3661 1548 3662 1467 3660 1468 3661 1548 2213 1315 2225 1387 3659 1549 3660 1468 3658 1469 3659 1549 2225 1387 2224 1316 3665 1550 3658 1469 2224 1316 3664 1470 3665 1550 2223 1388 3668 1551 3664 1470 2223 1388 3667 1471 3668 1551 2222 1317 3666 1552 3667 1471 3580 1472 3666 1552 2222 1317 2226 1389 3583 1553 3580 1472 2228 1554 2226 1389 2229 1390 2229 1390 2265 1473 2267 1555 2248 1319 2274 1556 2265 1473 2248 1319 2273 1474 2274 1556 2273 1474 2247 1391 2287 1475 2305 1323 2287 1475 2289 1321 2304 1392 2288 1557 2287 1475 2301 1476 2288 1557 2304 1392 2415 1393 2302 1558 2301 1476 2415 1393 2361 1477 2412 1559 2360 1324 2339 1478 2361 1477 2339 1478 2337 1325 2340 1479 2362 874 2367 873 2340 1479 3348 597 3215 1513 3214 1437 2460 1481 2468 1222 2502 1221 2621 1482 2467 1394 2623 653 2658 1483 2624 654 2659 1327 2658 1483 2611 1397 2609 1560 2610 1484 2609 1560 2611 1397 2612 1328 2597 1485 2610 1484 2596 1561 2597 1485 2598 1398 2598 1398 2570 1399 2568 1562 2569 1563 2570 1399 2571 1400 2571 1400 2553 1486 2569 1563 1773 1401 1949 1531 1771 1378 1943 1450 1948 1564 1773 1401 2552 1402 2551 1565 2553 1486 2541 1403 2550 1566 2552 1402 2540 1333 2550 1566 2541 1403 2540 1333 2548 1487 2550 1566 2769 1334 2771 1567 2548 1487 2770 1488 2771 1567 2769 1334 2796 1568 2770 1488 2768 1405 2768 1405 833 1489 2507 1569 833 1489 832 1406 2507 1569 832 1406 831 1490 2507 1569 831 1490 830 1407 2751 1570 2751 1570 830 1407 838 1491 836 1339 837 1571 838 1491 921 1492 834 1572 836 1339 1010 1340 925 1493 921 1492 1009 1341 927 1494 925 1493 981 1342 933 1495 927 1494 980 1343 935 1496 933 1495 961 1344 940 1573 935 1496 3334 1293 3331 1109 3199 1294 863 1574 862 609 864 1408 866 527 864 1408 867 1409 869 1575 867 1409 870 1410 872 1411 873 1576 870 1410 877 1412 878 1577 872 1411 880 1578 877 1412 783 1413 781 1414 782 1498 783 1413 1544 1270 1543 1499 782 1498 1542 1415 1427 1579 1543 1499 1430 1580 1542 1415 1541 1416 1540 1500 1423 1581 1541 1416 1588 1347 1539 1501 1540 1500 1587 1348 1538 1273 1539 1501 803 709 776 320 885 364 2458 1161 2500 848 2457 1582 1584 1502 1580 1583 1579 1223 1583 1503 1580 1583 1584 1502 1583 1503 1609 931 1504 1504 1504 1504 1507 1349 1502 1584 1505 1505 1506 1585 1507 1349 1505 1505 3048 1276 3047 1506 3047 1506 3051 1418 3049 1586 3052 1419 3049 1586 3051 1418 3052 1419 3053 1420 3054 1587 3054 1587 3053 1420 3055 1507 3058 1421 3041 1588 3055 1507 3042 1423 3041 1588 3058 1421 3042 1423 3080 1424 3040 1589 3078 1425 3086 1590 3080 1424 3076 1426 3085 1591 3078 1425 3074 1427 3084 1592 3076 1426 3074 1427 3083 1428 3084 1592 3034 1593 3083 1428 3087 1429 3087 1429 3093 1430 3034 1593 3033 1431 3091 1594 3093 1430 3094 1432 3091 1594 3033 1431 3096 1508 3090 1595 3094 1432 3095 1354 3161 1596 3096 1508 3095 1354 3174 1509 3161 1596 3173 635 3174 1509 3175 795 3192 636 3175 795 3194 1433 3193 1510 3192 636 3194 1433 3209 1511 3193 1510 3125 1355 3207 1434 3208 1597 3209 1511 3205 1020 3206 1598 3207 1434 3203 1435 3202 1512 3204 1599 3201 1436 3214 1437 3202 1512 3215 1513 3216 1514 3202 1512 3348 597 3217 1600 3216 1514 3355 1515 3349 596 3356 595 3355 1515 3388 1102 3385 1601 3387 1516 3388 1102 3389 1101 3423 1363 3386 1602 3387 1516 3422 1517 3386 1602 3423 1363 3424 1439 3421 1518 3422 1517 3425 1519 3421 1518 3426 1440 3425 1519 3481 1441 3484 1603 3481 1441 3497 1520 3498 1604 3497 1520 3496 1442 3534 1605 3534 1605 3496 1442 3510 1367 3534 1605 3510 1367 3532 1443 3532 1443 3533 1521 3534 1605 3535 1606 3533 1521 3554 1444 3554 1444 1992 1522 3564 1607 1875 1370 1991 1608 1992 1522 1988 1523 1991 1608 1875 1370 1988 1523 1840 1445 1841 1609 1840 1445 1832 1446 1841 1609 1832 1446 1825 1524 1833 1610 1818 1372 1983 1525 1825 1524 1982 1447 1978 1526 1983 1525 1978 1526 1809 1448 1811 1611 1809 1448 1808 1449 1810 1612 1808 1449 1968 1527 1810 1612 1967 1374 1958 1528 1968 1527 1957 1375 1749 1529 1958 1528 1747 1376 1748 1530 1749 1529 1949 1531 1748 1530 1950 1377 1941 1532 1946 1613 1943 1450 1940 1451 3632 1614 1941 1532 1940 1451 3631 1533 3632 1614 3630 1452 3710 1615 3631 1533 3629 1534 3709 1616 3630 1452 3626 1453 3708 1617 3629 1534 3627 1454 3707 1618 3626 1453 3628 1535 3706 1619 3627 1454 3635 1455 3705 1620 3628 1535 3636 1456 3704 1621 3635 1455 3637 1536 3703 1622 3636 1456 2192 1382 3641 1537 3637 1536 3640 1457 3698 1623 3641 1537 3639 1538 3698 1623 3640 1457 3638 1539 3639 1538 2191 1309 3642 1458 3696 1624 3638 1539 3643 1459 3695 1625 3642 1458 3643 1459 3644 1540 3689 1626 3689 1626 3644 1540 3645 1460 3646 1541 3692 1627 3645 1460 2193 1311 3649 1542 3646 1541 3649 1542 3648 1461 3684 1628 3684 1628 3648 1461 3647 1462 3685 1629 3647 1462 3651 1543 3686 1630 3651 1543 3650 1463 3687 1631 3650 1463 3653 1544 3652 1464 3683 1632 3653 1544 3655 1545 3682 1633 3652 1464 3654 1465 3681 1634 3655 1545 3657 1546 3680 1635 3654 1465 3657 1546 3656 1466 3678 1636 3678 1636 3656 1466 3663 1547 3677 1637 3663 1547 3662 1467 3677 1637 3662 1467 3661 1548 3677 1637 3661 1548 3660 1468 3660 1468 3659 1549 3676 1638 3676 1638 3659 1549 3658 1469 3676 1638 3658 1469 3665 1550 3664 1470 3676 1638 3665 1550 3664 1470 3668 1551 3675 1639 3668 1551 3667 1471 3675 1639 3675 1639 3667 1471 3666 1552 3724 1640 3666 1552 3580 1472 3726 1641 3580 1472 3583 1553 2226 1389 3582 1642 3583 1553 2226 1389 2228 1554 3581 1643 2229 1390 2267 1555 2228 1554 2265 1473 2266 1644 2267 1555 2265 1473 2274 1556 2275 1645 2287 1475 2274 1556 2273 1474 2287 1475 2288 1557 2276 1646 2301 1476 2302 1558 2288 1557 2415 1393 2303 1647 2302 1558 2412 1559 2303 1647 2415 1393 2412 1559 2361 1477 2346 1648 2339 1478 2350 1649 2361 1477 2340 1479 2358 1650 2339 1478 2340 1479 2367 873 2368 1651 2496 1652 2367 873 2498 712 2498 712 2456 1653 2454 1654 2455 1655 2456 1653 2457 1582 2463 1656 2457 1582 2500 848 2500 848 2458 1161 2501 1657 2458 1161 2502 1221 2503 1658 1627 1438 1625 853 1628 801 2622 655 2621 1482 2623 653 2658 1483 2619 1659 2624 654 2658 1483 2609 1560 2657 1660 2608 1661 2609 1560 2610 1484 2610 1484 2597 1485 2595 1662 2596 1561 2595 1662 2597 1485 2598 1398 2568 1562 2596 1561 2569 1563 2568 1562 2570 1399 2569 1563 2553 1486 2551 1565 1773 1401 1948 1564 1949 1531 1943 1450 1946 1613 1948 1564 2550 1566 2551 1565 2552 1402 2548 1487 2549 1663 2550 1566 2548 1487 2771 1567 2772 1664 2796 1568 2771 1567 2770 1488 2773 1665 2796 1568 2768 1405 2768 1405 2507 1569 2773 1665 2507 1569 831 1490 2751 1570 838 1491 837 1571 2751 1570 836 1339 835 1666 837 1571 834 1572 835 1666 836 1339 846 1667 834 1572 921 1492 921 1492 925 1493 926 1668 925 1493 927 1494 929 1669 927 1494 933 1495 934 1670 933 1495 935 1496 937 1671 935 1496 940 1573 941 1672 940 1573 943 608 944 1673 796 439 773 363 799 706 861 728 862 609 863 1574 863 1574 864 1408 865 1674 865 1674 864 1408 866 527 866 527 867 1409 868 1675 868 1675 867 1409 869 1575 869 1575 870 1410 871 1676 870 1410 873 1576 874 1677 872 1411 879 1678 873 1576 872 1411 878 1577 879 1678 877 1412 876 1679 878 1577 875 1680 877 1412 880 1578 880 1578 783 1413 881 1681 882 1682 783 1413 782 1498 782 1498 1543 1499 1431 1683 1543 1499 1427 1579 1432 1684 1542 1415 1428 1685 1427 1579 1429 1686 1542 1415 1430 1580 1430 1580 1541 1416 1424 1687 1424 1687 1541 1416 1423 1581 1540 1500 1391 1688 1423 1581 1539 1501 1425 1689 1540 1500 1420 1690 1539 1501 1538 1273 1537 1274 1422 1691 1538 1273 2336 1246 2385 1081 2363 934 1571 1692 1579 1223 1580 1583 1583 1503 1581 1693 1580 1583 1504 1504 1581 1693 1583 1503 1502 1584 1503 1694 1504 1504 1502 1584 1507 1349 1506 1585 1506 1585 1505 1505 3047 1506 3049 1586 3050 1695 3047 1506 3054 1587 3049 1586 3052 1419 3054 1587 3055 1507 3056 1696 3055 1507 3041 1588 3056 1696 3040 1589 3041 1588 3042 1423 3040 1589 3080 1424 3086 1590 3078 1425 3085 1591 3086 1590 3076 1426 3084 1592 3085 1591 3034 1593 3084 1592 3083 1428 3034 1593 3093 1430 3091 1594 3094 1432 3090 1595 3091 1594 3096 1508 3163 1697 3090 1595 3096 1508 3161 1596 3163 1697 3161 1596 3174 1509 3172 1698 3173 635 3172 1698 3174 1509 3192 636 3173 635 3175 795 3209 1511 3198 1699 3193 1510 3208 1597 3198 1699 3209 1511 3207 1434 3206 1598 3208 1597 3204 1599 3211 1700 3206 1598 3202 1512 3210 1701 3204 1599 3202 1512 3216 1514 3210 1701 3210 1701 3216 1514 3217 1600 3218 1702 3217 1600 3348 597 3349 596 3229 1703 3218 1702 3355 1515 3350 1704 3349 596 3355 1515 3385 1601 3354 1705 3387 1516 3385 1601 3388 1102 3386 1602 3385 1601 3387 1516 3422 1517 3384 1706 3386 1602 3422 1517 3421 1518 3417 1707 3425 1519 3412 1708 3421 1518 3425 1519 3484 1603 3407 1709 3481 1441 3483 1710 3484 1603 3481 1441 3498 1604 3482 1711 3534 1605 3498 1604 3497 1520 3534 1605 3533 1521 3535 1606 3554 1444 3528 1712 3535 1606 3564 1607 3529 1713 3554 1444 1992 1522 1991 1608 3564 1607 1988 1523 1990 1714 1991 1608 1988 1523 1841 1609 1732 1715 1841 1609 1832 1446 1833 1610 1825 1524 1984 1716 1833 1610 1825 1524 1983 1525 1984 1716 1983 1525 1978 1526 1979 1717 1978 1526 1811 1611 1979 1717 1809 1448 1810 1612 1811 1611 1810 1612 1968 1527 1969 1718 1968 1527 1958 1528 1739 1719 1958 1528 1749 1529 1788 1720 1789 1721 1749 1529 1748 1530 1949 1531 1790 1722 1748 1530 1941 1532 3633 1723 1946 1613 1941 1532 3632 1614 3633 1723 3701 1724 3632 1614 3631 1533 3631 1533 3710 1615 3711 1725 3630 1452 3709 1616 3710 1615 3629 1534 3708 1617 3709 1616 3626 1453 3707 1618 3708 1617 3627 1454 3706 1619 3707 1618 3628 1535 3705 1620 3706 1619 3635 1455 3704 1621 3705 1620 3636 1456 3703 1622 3704 1621 3637 1536 3702 1726 3703 1622 3697 1727 3637 1536 3641 1537 3697 1727 3641 1537 3698 1623 3639 1538 3700 1728 3698 1623 3638 1539 3700 1728 3639 1538 3696 1624 3699 1729 3638 1539 3642 1458 3695 1625 3696 1624 3643 1459 3694 1730 3695 1625 3689 1626 3694 1730 3643 1459 3645 1460 3693 1731 3689 1626 3645 1460 3692 1627 3693 1731 3646 1541 3691 1732 3692 1627 3649 1542 3691 1732 3646 1541 3684 1628 3690 1733 3649 1542 3684 1628 3647 1462 3685 1629 3685 1629 3651 1543 3686 1630 3686 1630 3650 1463 3687 1631 3687 1631 3653 1544 3688 1734 3688 1734 3653 1544 3683 1632 3652 1464 3682 1633 3683 1632 3655 1545 3681 1634 3682 1633 3654 1465 3680 1635 3681 1634 3657 1546 3679 1735 3680 1635 3678 1636 3679 1735 3657 1546 3678 1636 3663 1547 3677 1637 3660 1468 3676 1638 3677 1637 3675 1639 3676 1638 3664 1470 3675 1639 3666 1552 3724 1640 3724 1640 3580 1472 3726 1641 3726 1641 3583 1553 3582 1642 3581 1643 3582 1642 2226 1389 3753 1736 3581 1643 2228 1554 2228 1554 2267 1555 3753 1736 3751 1737 2267 1555 2266 1644 2265 1473 2272 1738 2266 1644 2265 1473 2275 1645 2276 1646 2287 1475 2275 1645 2274 1556 2276 1646 2275 1645 2287 1475 2297 1739 2276 1646 2288 1557 2288 1557 2302 1558 2303 1647 2412 1559 2299 1740 2303 1647 2412 1559 2346 1648 2419 1741 2361 1477 2350 1649 2346 1648 2339 1478 2358 1650 2350 1649 2340 1479 2369 1742 2358 1650 2368 1651 2369 1742 2340 1479 2496 1652 2368 1651 2367 873 2498 712 2454 1654 2496 1652 2455 1655 2454 1654 2456 1653 2457 1582 2465 1743 2455 1655 2463 1656 2464 1744 2457 1582 2500 848 2670 847 2463 1656 2501 1657 2517 846 2500 848 2458 1161 2503 1658 2501 1657 2503 1658 2502 1221 2517 846 2517 846 2664 1745 2663 1746 2621 1482 2666 1747 2664 1745 2620 1748 2621 1482 2622 655 2624 654 2619 1659 2622 655 2657 1660 2619 1659 2658 1483 2657 1660 2609 1560 2607 1749 2608 1661 2607 1749 2609 1560 2610 1484 2595 1662 2608 1661 2594 1750 2595 1662 2596 1561 2596 1561 2568 1562 2566 1751 2567 1752 2568 1562 2569 1563 2569 1563 2551 1565 2567 1752 1948 1564 1790 1722 1949 1531 1946 1613 1947 1753 1948 1564 2550 1566 2549 1663 2551 1565 2565 1754 2549 1663 2548 1487 2563 1755 2548 1487 2772 1664 2795 1756 2772 1664 2771 1567 2795 1756 2771 1567 2796 1568 2773 1665 2795 1756 2796 1568 2773 1665 2507 1569 2774 1757 2507 1569 2751 1570 2774 1757 2751 1570 837 1571 2752 1758 835 1666 842 1759 837 1571 834 1572 841 1760 835 1666 845 1761 834 1572 846 1667 921 1492 922 1762 846 1667 921 1492 926 1668 922 1762 925 1493 924 1763 926 1668 925 1493 929 1669 923 1764 927 1494 928 1765 929 1669 927 1494 934 1670 928 1765 933 1495 932 1766 934 1670 933 1495 937 1671 931 1767 935 1496 936 1768 937 1671 935 1496 941 1672 936 1768 940 1573 939 1769 941 1672 940 1573 944 1673 938 1770 430 528 869 1575 871 1676 870 1410 874 1677 871 1676 418 996 874 1677 873 1576 420 1771 873 1576 879 1678 420 1771 879 1678 878 1577 414 1772 878 1577 876 1679 875 1680 876 1679 877 1412 416 1773 875 1680 880 1578 210 1774 880 1578 881 1681 881 1681 783 1413 882 1682 882 1682 782 1498 883 1775 782 1498 1431 1683 883 1775 1543 1499 1432 1684 1431 1683 409 1776 1432 1684 1427 1579 1427 1579 1428 1685 409 1776 1429 1686 1428 1685 1542 1415 529 1777 1429 1686 1430 1580 529 1777 1430 1580 1424 1687 1423 1581 529 1777 1424 1687 1391 1688 528 1778 1423 1581 1425 1689 1391 1688 1540 1500 1539 1501 1426 1779 1425 1689 1419 1780 1539 1501 1420 1690 1420 1690 1538 1273 1421 1781 1421 1781 1538 1273 1422 1691 1537 1274 1415 1782 1422 1691 1570 592 1579 1223 1571 1692 1571 1692 1580 1583 1470 1783 1470 1783 1580 1583 1581 1693 1504 1504 1582 1784 1581 1693 1503 1694 1582 1784 1504 1504 3047 1506 1503 1694 1502 1584 3047 1506 1502 1584 1506 1585 3050 1695 1503 1694 3047 1506 3049 1586 1582 1784 3050 1695 3054 1587 3323 1785 3049 1586 3056 1696 3323 1785 3054 1587 3056 1696 3041 1588 3040 1589 3040 1589 3086 1590 3057 1786 3057 1786 3086 1590 3085 1591 3036 1787 3085 1591 3084 1592 3036 1787 3084 1592 3034 1593 3034 1593 3091 1594 3035 1788 3090 1595 3089 1789 3091 1594 3090 1595 3163 1697 3160 1790 3161 1596 3162 1791 3163 1697 3161 1596 3172 1698 3162 1791 2603 1085 2576 945 2602 1251 3193 1510 3198 1699 3191 1792 3208 1597 3197 1793 3198 1699 3206 1598 3212 1794 3208 1597 3206 1598 3211 1700 3212 1794 3204 1599 3210 1701 3211 1700 3210 1701 3217 1600 3218 1702 3210 1701 3218 1702 3229 1703 3350 1704 3229 1703 3349 596 3354 1705 3350 1704 3355 1515 3354 1705 3385 1601 3383 1795 3384 1706 3385 1601 3386 1602 3379 1796 3384 1706 3422 1517 3422 1517 3417 1707 3379 1796 3412 1708 3417 1707 3421 1518 3407 1709 3412 1708 3425 1519 3407 1709 3484 1603 3476 1797 3484 1603 3483 1710 3485 1798 3481 1441 3482 1711 3483 1710 3534 1605 3482 1711 3498 1604 3534 1605 3535 1606 3536 1799 3528 1712 3536 1799 3535 1606 3554 1444 3529 1713 3528 1712 3564 1607 3530 1800 3529 1713 3564 1607 1991 1608 1990 1714 1732 1715 1990 1714 1988 1523 1732 1715 1841 1609 1842 1801 1841 1609 1833 1610 1842 1801 1833 1610 1984 1716 1985 1802 1983 1525 1979 1717 1984 1716 1979 1717 1811 1611 1813 1803 1811 1611 1810 1612 1812 1804 1810 1612 1969 1718 1812 1804 1968 1527 1739 1719 1969 1718 1958 1528 1788 1720 1739 1719 1788 1720 1749 1529 1789 1721 1789 1721 1748 1530 1790 1722 1946 1613 3633 1723 3634 1805 3701 1724 3633 1723 3632 1614 3631 1533 3711 1725 3701 1724 3711 1725 3710 1615 4300 1806 4300 1806 3710 1615 3709 1616 4300 1806 3709 1616 3708 1617 4301 1807 3708 1617 3707 1618 3707 1618 3706 1619 4301 1807 4301 1807 3706 1619 3705 1620 4301 1807 3705 1620 3704 1621 4292 1808 3704 1621 3703 1622 3703 1622 3702 1726 4292 1808 3697 1727 3702 1726 3637 1536 4298 1809 3697 1727 3698 1623 3698 1623 3700 1728 4298 1809 3638 1539 3699 1729 3700 1728 4298 1809 3699 1729 3696 1624 4267 1810 3696 1624 3695 1625 3695 1625 3694 1730 4267 1810 4267 1810 3694 1730 3689 1626 4267 1810 3689 1626 3693 1731 4268 1811 3693 1731 3692 1627 3692 1627 3691 1732 4268 1811 3649 1542 3690 1733 3691 1732 4268 1811 3690 1733 3684 1628 4266 1812 3684 1628 3685 1629 4266 1812 3685 1629 3686 1630 4281 1813 3686 1630 3687 1631 3687 1631 3688 1734 4281 1813 4281 1813 3688 1734 3683 1632 4281 1813 3683 1632 3682 1633 4354 1814 3682 1633 3681 1634 3681 1634 3680 1635 4354 1814 4354 1814 3680 1635 3679 1735 3678 1636 3717 1815 3679 1735 3677 1637 3716 1816 3678 1636 3677 1637 3676 1638 3718 1817 3675 1639 3674 1818 3676 1638 3724 1640 3674 1818 3675 1639 3726 1641 3727 1819 3724 1640 3726 1641 3582 1642 3753 1736 3753 1736 3582 1642 3581 1643 3753 1736 2267 1555 3754 1820 3751 1737 3754 1820 2267 1555 3751 1737 2266 1644 2272 1738 2265 1473 2271 1821 2272 1738 2276 1646 2279 1822 2265 1473 2277 1823 2276 1646 2297 1739 2297 1739 2288 1557 2298 1824 2288 1557 2303 1647 2299 1740 2411 1825 2299 1740 2412 1559 2419 1741 2420 1826 2412 1559 2419 1741 2346 1648 2423 1827 2349 1828 2346 1648 2350 1649 2357 1829 2350 1649 2358 1650 2358 1650 2369 1742 2370 1830 2369 1742 2368 1651 2496 1652 2496 1652 2454 1654 2435 1831 2453 1832 2454 1654 2455 1655 2455 1655 2465 1743 2461 1833 2457 1582 2464 1744 2465 1743 2670 847 2464 1744 2463 1656 2501 1657 2503 1658 2517 846 2663 1746 2664 1745 2665 1834 2665 1834 2664 1745 2666 1747 2620 1748 2666 1747 2621 1482 2622 655 2617 1835 2620 1748 2622 655 2619 1659 2617 1835 2657 1660 2618 1836 2619 1659 2657 1660 2607 1749 2656 1837 2606 1838 2607 1749 2608 1661 2608 1661 2595 1662 2593 1839 2594 1750 2593 1839 2595 1662 2596 1561 2566 1751 2594 1750 2567 1752 2566 1751 2568 1562 2567 1752 2551 1565 2549 1663 1948 1564 1952 1840 1790 1722 1947 1753 1952 1840 1948 1564 3620 1841 1947 1753 1946 1613 2567 1752 2549 1663 2565 1754 2565 1754 2548 1487 2563 1755 2563 1755 2772 1664 2785 1842 2794 1843 2772 1664 2795 1756 2775 1844 2795 1756 2773 1665 2773 1665 2774 1757 2775 1844 2774 1757 2751 1570 2764 1845 2751 1570 2752 1758 2764 1845 837 1571 842 1759 2752 1758 835 1666 841 1760 842 1759 834 1572 840 1846 841 1760 844 1847 834 1572 845 1761 204 1848 845 1761 846 1667 453 1849 846 1667 922 1762 455 1850 922 1762 926 1668 455 1850 926 1668 924 1763 923 1764 924 1763 925 1493 929 1669 207 1851 923 1764 928 1765 207 1851 929 1669 934 1670 451 1852 928 1765 932 1766 449 1853 934 1670 931 1767 932 1766 933 1495 937 1671 446 1854 931 1767 936 1768 442 1855 937 1671 941 1672 440 1856 936 1768 939 1769 440 1856 941 1672 938 1770 939 1769 940 1573 944 1673 439 1857 938 1770 431 995 871 1676 874 1677 418 996 873 1576 420 1771 420 1771 878 1577 414 1772 414 1772 876 1679 415 1858 415 1858 876 1679 875 1680 415 1858 875 1680 416 1773 416 1773 880 1578 210 1774 210 1774 881 1681 882 1682 213 1859 882 1682 883 1775 214 1860 883 1775 1431 1683 409 1776 1431 1683 1432 1684 409 1776 1428 1685 410 1861 410 1861 1428 1685 1429 1686 410 1861 1429 1686 529 1777 1423 1581 528 1778 529 1777 1415 1782 1537 1274 1416 950 528 1778 1425 1689 1426 1779 1419 1780 1426 1779 1539 1501 1421 1781 1422 1691 404 949 1577 593 1418 778 1417 1862 1570 592 1571 1692 1572 1863 1571 1692 1470 1783 1573 1864 1470 1783 1581 1693 1468 1865 1468 1865 1581 1693 1582 1784 3050 1695 1582 1784 1503 1694 3049 1586 3302 1866 1582 1784 3323 1785 3302 1866 3049 1586 3056 1696 3322 1867 3323 1785 3056 1696 3040 1589 3057 1786 3057 1786 3085 1591 3036 1787 3034 1593 3035 1788 3036 1787 3035 1788 3091 1594 3089 1789 3088 1868 3089 1789 3090 1595 3090 1595 3160 1790 3088 1868 3163 1697 3164 1869 3160 1790 3163 1697 3162 1791 3164 1869 3162 1791 3172 1698 3170 1870 3171 1871 3170 1870 3172 1698 3182 1872 3190 634 3191 1792 3191 1792 3198 1699 3196 1873 3197 1793 3196 1873 3198 1699 3212 1794 3197 1793 3208 1597 3211 1700 3228 1874 3212 1794 3210 1701 3229 1703 3211 1700 3350 1704 3227 1875 3229 1703 3354 1705 3345 1876 3350 1704 3354 1705 3383 1795 3353 1877 3384 1706 3383 1795 3385 1601 3379 1796 3383 1795 3384 1706 3379 1796 3417 1707 3419 1878 3412 1708 3415 1879 3417 1707 3407 1709 3410 1880 3412 1708 3407 1709 3476 1797 3502 1881 3484 1603 3485 1798 3476 1797 3485 1798 3483 1710 3536 1799 3536 1799 3483 1710 3482 1711 3536 1799 3482 1711 3534 1605 3524 1882 3536 1799 3528 1712 3528 1712 3529 1713 3524 1882 3529 1713 3530 1800 3524 1882 3568 1883 3530 1800 3564 1607 3564 1607 1990 1714 3568 1883 1732 1715 1989 1884 1990 1714 1732 1715 1842 1801 1735 1885 1833 1610 1985 1802 1842 1801 1984 1716 1736 1886 1985 1802 1984 1716 1979 1717 1736 1886 1979 1717 1813 1803 1736 1886 1811 1611 1812 1804 1813 1803 1812 1804 1969 1718 1970 1887 1969 1718 1739 1719 1741 1888 1739 1719 1788 1720 1959 1889 1789 1721 1962 1890 1788 1720 1790 1722 1961 1891 1789 1721 1946 1613 3634 1805 3621 1892 3712 1893 3634 1805 3633 1723 3712 1893 3633 1723 3701 1724 3701 1724 3711 1725 3712 1893 4446 1894 3711 1725 4300 1806 4301 1807 4300 1806 3708 1617 4292 1808 4301 1807 3704 1621 4292 1808 3702 1726 3697 1727 4298 1809 4292 1808 3697 1727 4298 1809 3700 1728 3699 1729 4267 1810 4298 1809 3696 1624 4268 1811 4267 1810 3693 1731 4268 1811 3691 1732 3690 1733 4266 1812 4268 1811 3684 1628 4281 1813 4266 1812 3686 1630 4354 1814 4281 1813 3682 1633 4354 1814 3679 1735 3717 1815 3678 1636 3716 1816 3717 1815 3677 1637 3715 1895 3716 1816 3677 1637 3718 1817 3713 1896 3676 1638 3721 1897 3718 1817 3674 1818 3720 1898 3676 1638 3724 1640 3672 1899 3674 1818 3724 1640 3727 1819 3728 1900 3726 1641 3731 1901 3727 1819 3753 1736 3754 1820 3726 1641 3752 1902 3754 1820 3751 1737 2272 1738 2271 1821 3751 1737 2270 1903 2271 1821 2265 1473 2265 1473 2279 1822 2280 1904 2276 1646 2278 1905 2279 1822 2277 1823 2278 1905 2276 1646 2277 1823 2297 1739 3748 1906 2298 1824 3756 1907 2297 1739 2298 1824 2288 1557 2299 1740 2413 1908 2299 1740 2411 1825 2410 1909 2411 1825 2412 1559 2420 1826 2424 1910 2412 1559 2419 1741 3777 1911 2420 1826 2419 1741 2423 1827 3777 1911 2346 1648 2422 1912 2423 1827 2349 1828 2344 1913 2346 1648 2357 1829 2349 1828 2350 1649 2358 1650 2370 1830 2357 1829 2429 1914 2370 1830 2369 1742 2369 1742 2496 1652 2497 1915 2496 1652 2435 1831 2497 1915 2453 1832 2435 1831 2454 1654 2466 1916 2453 1832 2455 1655 2461 1833 2462 1917 2455 1655 2461 1833 2465 1743 2677 1918 2670 847 2465 1743 2464 1744 2675 1919 2670 847 2663 1746 2673 1920 2663 1746 2665 1834 2665 1834 2666 1747 2667 1921 2620 1748 2668 1922 2666 1747 2620 1748 2617 1835 2524 1923 2618 1836 2617 1835 2619 1659 2656 1837 2618 1836 2657 1660 2656 1837 2607 1749 2605 1924 2606 1838 2605 1924 2607 1749 2608 1661 2593 1839 2606 1838 2592 1925 2593 1839 2594 1750 2594 1750 2566 1751 2564 1926 2565 1754 2566 1751 2567 1752 1952 1840 1960 1927 1790 1722 3619 1928 1952 1840 1947 1753 3619 1928 1947 1753 3620 1841 3620 1841 1946 1613 3621 1892 2563 1755 2564 1926 2565 1754 2590 1929 2563 1755 2785 1842 2794 1843 2785 1842 2772 1664 2775 1844 2794 1843 2795 1756 2775 1844 2774 1757 2776 1930 2774 1757 2764 1845 2776 1930 2764 1845 2752 1758 2755 1931 842 1759 841 1760 2752 1758 841 1760 840 1846 2747 1932 839 1933 840 1846 834 1572 844 1847 839 1933 834 1572 206 1934 844 1847 845 1761 206 1934 845 1761 204 1848 204 1848 846 1667 453 1849 453 1849 922 1762 455 1850 455 1850 924 1763 456 1935 456 1935 924 1763 923 1764 456 1935 923 1764 207 1851 928 1765 451 1852 207 1851 934 1670 449 1853 451 1852 932 1766 448 1936 449 1853 931 1767 448 1936 932 1766 931 1767 446 1854 448 1936 937 1671 444 1937 446 1854 442 1855 444 1937 937 1671 936 1768 440 1856 442 1855 938 1770 440 1856 939 1769 938 1770 439 1857 440 1856 944 1673 437 1938 439 1857 432 1939 944 1673 433 1940 423 1941 433 1940 434 1942 423 1941 434 1942 424 1943 425 1944 424 1943 426 1945 427 1946 426 1945 428 526 414 1772 415 1858 212 1947 212 1947 415 1858 416 1773 212 1947 416 1773 210 1774 210 1774 882 1682 213 1859 213 1859 883 1775 214 1860 214 1860 1431 1683 409 1776 215 1948 409 1776 410 1861 529 1777 412 1949 410 1861 528 1778 527 1950 529 1777 3204 1599 3205 1020 3203 1435 1584 1502 1585 1003 1606 1358 407 1951 1417 1862 1418 778 1569 1952 1410 779 1577 593 1569 1952 1570 592 1572 1863 1572 1863 1571 1692 1573 1864 1573 1864 1470 1783 1469 1953 1468 1865 1469 1953 1470 1783 1468 1865 1582 1784 1493 1954 3302 1866 1493 1954 1582 1784 3323 1785 3304 1955 3302 1866 3322 1867 3304 1955 3323 1785 3057 1786 3322 1867 3056 1696 3036 1787 3321 1956 3057 1786 3035 1788 3320 1957 3036 1787 3089 1789 3319 1958 3035 1788 3088 1868 3318 1959 3089 1789 3088 1868 3160 1790 3158 1960 3160 1790 3164 1869 3159 1961 3162 1791 3165 1962 3164 1869 3162 1791 3170 1870 3165 1962 3169 1963 3170 1870 3171 1871 3182 1872 3171 1871 3190 634 3191 1792 3196 1873 3182 1872 3195 1964 3196 1873 3197 1793 3212 1794 3228 1874 3197 1793 3211 1700 3229 1703 3228 1874 3227 1875 3228 1874 3229 1703 3345 1876 3227 1875 3350 1704 3353 1877 3345 1876 3354 1705 3353 1877 3383 1795 3378 1965 3379 1796 3378 1965 3383 1795 3379 1796 3419 1878 3420 1966 3417 1707 3418 1967 3419 1878 3415 1879 3416 1968 3417 1707 3414 1969 3415 1879 3412 1708 3410 1880 3411 1970 3412 1708 3406 1971 3410 1880 3407 1709 3502 1881 3503 1972 3407 1709 3502 1881 3476 1797 3501 1973 3476 1797 3485 1798 3486 1974 3524 1882 3485 1798 3536 1799 3524 1882 3530 1800 3531 1975 3568 1883 3531 1975 3530 1800 3568 1883 1990 1714 1989 1884 1734 1976 1989 1884 1732 1715 1733 1977 1732 1715 1735 1885 1735 1885 1842 1801 1987 1978 1842 1801 1985 1802 1986 1979 1985 1802 1736 1886 1738 1980 1736 1886 1813 1803 1974 1981 1812 1804 1972 1982 1813 1803 1970 1887 1971 1983 1812 1804 1969 1718 1741 1888 1970 1887 1739 1719 1740 1984 1741 1888 1739 1719 1959 1889 1740 1984 1788 1720 1963 1985 1959 1889 1788 1720 1962 1890 1963 1985 1789 1721 1961 1891 1962 1890 1790 1722 1960 1927 1961 1891 4169 1986 3621 1892 3634 1805 4169 1986 3634 1805 3712 1893 3712 1893 3711 1725 4446 1894 4446 1894 4300 1806 4447 1987 4299 1988 4300 1806 4301 1807 4296 1989 4301 1807 4292 1808 4297 1990 4292 1808 4298 1809 4291 1991 4298 1809 4267 1810 4286 1992 4267 1810 4268 1811 4279 1993 4268 1811 4266 1812 4280 1994 4266 1812 4281 1813 4365 1995 4281 1813 4354 1814 4367 1996 4354 1814 3717 1815 4367 1996 3717 1815 3716 1816 3716 1816 3715 1895 4367 1996 3714 1997 3715 1895 3677 1637 3677 1637 3713 1896 3714 1997 4334 1998 3713 1896 3718 1817 3718 1817 3721 1897 4334 1998 3676 1638 3720 1898 3721 1897 3674 1818 3719 1999 3720 1898 3672 1899 3673 2000 3674 1818 3725 2001 3672 1899 3724 1640 3724 1640 3728 1900 3722 2002 3728 1900 3727 1819 4332 2003 4332 2003 3727 1819 3731 1901 3726 1641 3671 2004 3731 1901 3754 1820 3671 2004 3726 1641 3752 1902 3734 2005 3754 1820 3751 1737 2280 1904 3752 1902 3751 1737 2271 1821 2270 1903 2265 1473 2280 1904 2270 1903 3752 1902 2280 1904 2279 1822 3742 2006 2279 1822 2278 1905 3745 2007 2278 1905 2277 1823 3745 2007 2277 1823 3748 1906 3748 1906 2297 1739 3756 1907 2300 2008 3756 1907 2298 1824 2298 1824 2299 1740 2300 2008 2413 1908 2300 2008 2299 1740 2411 1825 3771 2009 2413 1908 2410 1909 3769 2010 2411 1825 2412 1559 2425 2011 2410 1909 2412 1559 2424 1910 2425 2011 2420 1826 3775 2012 2424 1910 2420 1826 3777 1911 3775 2012 3777 1911 2423 1827 3759 2013 2423 1827 2422 1912 3759 2013 2346 1648 2421 2014 2422 1912 2344 1913 2345 2015 2346 1648 2348 2016 2344 1913 2349 1828 2343 2017 2349 1828 2357 1829 2357 1829 2370 1830 2371 2018 2429 1914 2371 2018 2370 1830 2369 1742 2497 1915 2429 1914 2497 1915 2435 1831 2434 2019 2433 2020 2435 1831 2453 1832 2445 2021 2453 1832 2466 1916 2466 1916 2455 1655 2462 1917 2678 2022 2462 1917 2461 1833 2678 2022 2461 1833 2677 1918 2677 1918 2465 1743 2670 847 2677 1918 2670 847 2675 1919 2675 1919 2663 1746 2673 1920 2673 1920 2665 1834 2671 2023 2671 2023 2665 1834 2667 1921 2667 1921 2666 1747 2668 1922 2626 2024 2668 1922 2620 1748 2620 1748 2524 1923 2626 2024 2616 2025 2524 1923 2617 1835 2616 2025 2617 1835 2618 1836 2656 1837 2580 2026 2618 1836 2656 1837 2605 1924 2655 2027 2604 2028 2605 1924 2606 1838 2606 1838 2593 1839 2591 2029 2592 1925 2591 2029 2593 1839 2594 1750 2564 1926 2592 1925 2565 1754 2564 1926 2566 1751 1952 1840 3623 2030 1960 1927 3618 2031 1952 1840 3619 1928 4167 2032 3619 1928 3620 1841 3620 1841 3621 1892 4169 1986 2592 1925 2564 1926 2563 1755 2592 1925 2563 1755 2590 1929 2590 1929 2785 1842 2786 2033 2793 2034 2785 1842 2794 1843 2777 2035 2794 1843 2775 1844 2775 1844 2776 1930 2777 2035 2776 1930 2764 1845 2765 2036 2764 1845 2755 1931 2765 2036 2752 1758 2747 1932 2755 1931 2752 1758 841 1760 2747 1932 2747 1932 840 1846 839 1933 843 2037 839 1933 844 1847 206 1934 843 2037 844 1847 204 1848 205 2038 206 1934 204 1848 453 1849 205 2038 454 2039 453 1849 455 1850 209 2040 455 1850 456 1935 209 2040 456 1935 207 1851 207 1851 451 1852 208 2041 449 1853 450 2042 451 1852 448 1936 447 2043 449 1853 446 1854 447 2043 448 1936 444 1937 445 2044 446 1854 442 1855 443 2045 444 1937 440 1856 441 2046 442 1855 439 1857 438 2047 440 1856 437 1938 438 2047 439 1857 432 1939 437 1938 944 1673 432 1939 433 1940 423 1941 423 1941 424 1943 425 1944 425 1944 426 1945 427 1946 427 1946 428 526 429 2048 210 1774 211 2049 212 1947 213 1859 413 1113 210 1774 213 1859 214 1860 215 1948 214 1860 409 1776 215 1948 215 1948 410 1861 411 2050 411 2050 410 1861 412 1949 404 949 405 948 406 2051 2478 1137 2479 1205 2471 1083 407 1951 1418 778 218 780 1569 1952 1411 2052 1410 779 1569 1952 1572 1863 1568 2053 1572 1863 1573 1864 1574 2054 1573 1864 1469 1953 1575 2055 1468 1865 1497 2056 1469 1953 1493 1954 1494 2057 1468 1865 3302 1866 1494 2057 1493 1954 3303 2058 3302 1866 3304 1955 3322 1867 3315 2059 3304 1955 3057 1786 3321 1956 3322 1867 3036 1787 3320 1957 3321 1956 3035 1788 3319 1958 3320 1957 3089 1789 3318 1959 3319 1958 3088 1868 3307 2060 3318 1959 3088 1868 3158 1960 3257 2061 3159 1961 3158 1960 3160 1790 3159 1961 3164 1869 3167 2062 3164 1869 3165 1962 3166 2063 3165 1962 3170 1870 3169 1963 3182 1872 3169 1963 3171 1871 3182 1872 3196 1873 3195 1964 3197 1793 3228 1874 3195 1964 3227 1875 3230 2064 3228 1874 3345 1876 3230 2064 3227 1875 3353 1877 3346 2065 3345 1876 3353 1877 3378 1965 3352 2066 3377 2067 3378 1965 3379 1796 3420 1966 3377 2067 3379 1796 3419 1878 4060 2068 3420 1966 3419 1878 3418 1967 4075 2069 3417 1707 3416 1968 3418 1967 4101 2070 3416 1968 3415 1879 4101 2070 3415 1879 3414 1969 3412 1708 3413 2071 3414 1969 3412 1708 3411 1970 3413 2071 3411 1970 3410 1880 4083 2072 4083 2072 3410 1880 3406 1971 3406 1971 3407 1709 3408 2073 3407 1709 3503 1972 3504 2074 3502 1881 4056 2075 3503 1972 3502 1881 3501 1973 4091 2076 3476 1797 3500 2077 3501 1973 3476 1797 3486 1974 3474 2078 3486 1974 3485 1798 3524 1882 3524 1882 3531 1975 3526 2079 3568 1883 3577 2080 3531 1975 3568 1883 1989 1884 3570 2081 3570 2081 1989 1884 1734 1976 1732 1715 1733 1977 1734 1976 3587 2082 1733 1977 1735 1885 3588 2083 1735 1885 1987 1978 1842 1801 1986 1979 1987 1978 1985 1802 1738 1980 1986 1979 1736 1886 1737 2084 1738 1980 1736 1886 1974 1981 1737 2084 1813 1803 1973 2085 1974 1981 1813 1803 1972 1982 1973 2085 1812 1804 1971 1983 1972 1982 3605 2086 1971 1983 1970 1887 1741 1888 3608 2087 1970 1887 1740 1984 3607 2088 1741 1888 1959 1889 3614 2089 1740 1984 3611 2090 1959 1889 1963 1985 3612 2091 1963 1985 1962 1890 1961 1891 3616 2092 1962 1890 1960 1927 3624 2093 1961 1891 4446 1894 4169 1986 3712 1893 4447 1987 5063 2094 4446 1894 4447 1987 4300 1806 4299 1988 4296 1989 4299 1988 4301 1807 4297 1990 4296 1989 4292 1808 4291 1991 4297 1990 4298 1809 4286 1992 4291 1991 4267 1810 4279 1993 4286 1992 4268 1811 4280 1994 4279 1993 4266 1812 4365 1995 4280 1994 4281 1813 4366 2095 4365 1995 4354 1814 4366 2095 4354 1814 4367 1996 4367 1996 3715 1895 3714 1997 4367 1996 3714 1997 3713 1896 4334 1998 4367 1996 3713 1896 4334 1998 3721 1897 3720 1898 4348 2096 3720 1898 3719 1999 3673 2000 3719 1999 3674 1818 4348 2096 3673 2000 3672 1899 4353 2097 3672 1899 3725 2001 3724 1640 3723 2098 3725 2001 3722 2002 3723 2098 3724 1640 3722 2002 3728 1900 4182 2099 4182 2099 3728 1900 4332 2003 4332 2003 3731 1901 4330 2100 3671 2004 3730 2101 3731 1901 3754 1820 3669 2102 3671 2004 3734 2005 3669 2102 3754 1820 3742 2006 3734 2005 3752 1902 3751 1737 2270 1903 2280 1904 3752 1902 2279 1822 3742 2006 3742 2006 2278 1905 3745 2007 3748 1906 3749 2103 3745 2007 3748 1906 3756 1907 3749 2103 2413 1908 3756 1907 2300 2008 2413 1908 3771 2009 3756 1907 2411 1825 3769 2010 3771 2009 2410 1909 2425 2011 3769 2010 2424 1910 3775 2012 2425 2011 3776 2104 3775 2012 3777 1911 3777 1911 3759 2013 3766 2105 2421 2014 3759 2013 2422 1912 2347 2106 2421 2014 2346 1648 2346 1648 2345 2015 2347 2106 2344 1913 3784 2107 2345 2015 2344 1913 2348 2016 3784 2107 2349 1828 2353 2108 2348 2016 2343 2017 2351 2109 2349 1828 2357 1829 2371 2018 2343 2017 2429 1914 2372 2110 2371 2018 2497 1915 2434 2019 2429 1914 2433 2020 2434 2019 2435 1831 2445 2021 2433 2020 2453 1832 2515 2111 2445 2021 2466 1916 2678 2022 2466 1916 2462 1917 2677 1918 2676 2112 2678 2022 2675 1919 2676 2112 2677 1918 2673 1920 2674 2113 2675 1919 2671 2023 2672 2114 2673 1920 2671 2023 2667 1921 2680 2115 2667 1921 2668 1922 2669 2116 2626 2024 2669 2116 2668 1922 2626 2024 2524 1923 2523 2117 2520 2118 2524 1923 2616 2025 2580 2026 2616 2025 2618 1836 2655 2027 2580 2026 2656 1837 2655 2027 2605 1924 2604 2028 2606 1838 2591 2029 2604 2028 2590 1929 2591 2029 2592 1925 1960 1927 3623 2030 3624 2093 1952 1840 3622 2119 3623 2030 3618 2031 3622 2119 1952 1840 4166 2120 3618 2031 3619 1928 4166 2120 3619 1928 4167 2032 4167 2032 3620 1841 4168 2121 4168 2121 3620 1841 4169 1986 2787 2122 2590 1929 2786 2033 2793 2034 2786 2033 2785 1842 2777 2035 2793 2034 2794 1843 2777 2035 2776 1930 2778 2123 2776 1930 2765 2036 2778 2123 2765 2036 2755 1931 2756 2124 2755 1931 2747 1932 2749 2125 839 1933 849 2126 2747 1932 843 2037 849 2126 839 1933 457 2127 843 2037 206 1934 206 1934 205 2038 457 2127 205 2038 453 1849 452 2128 452 2128 453 1849 454 2039 454 2039 455 1850 209 2040 207 1851 208 2041 209 2040 208 2041 451 1852 450 2042 449 1853 447 2043 450 2042 446 1854 445 2044 447 2043 444 1937 443 2045 445 2044 442 1855 441 2046 443 2045 440 1856 438 2047 441 2046 437 1938 436 2129 438 2047 432 1939 436 2129 437 1938 423 1941 435 2130 432 1939 425 1944 631 2131 423 1941 427 1946 697 2132 425 1944 429 2048 696 2133 427 1946 417 2134 695 2135 429 2048 419 997 694 2136 417 2134 421 2137 693 2138 419 997 422 2139 692 2140 421 2137 211 2049 210 1774 413 1113 215 1948 413 1113 213 1859 411 2050 579 1141 215 1948 406 2051 217 2141 404 949 406 2051 405 948 407 1951 218 780 408 2142 407 1951 218 780 1410 779 1411 2052 1412 2143 1411 2052 1569 1952 1568 2053 1412 2143 1569 1952 1568 2053 1572 1863 1574 2054 1574 2054 1573 1864 1575 2055 1575 2055 1469 1953 1499 2144 1469 1953 1497 2056 1498 2145 1468 1865 1496 2146 1497 2056 1468 1865 1494 2057 1495 2147 1495 2147 1494 2057 3302 1866 3303 2058 1496 2146 3302 1866 3304 1955 3317 2148 3303 2058 3315 2059 3316 2149 3304 1955 3321 1956 3315 2059 3322 1867 3320 1957 3313 2150 3321 1956 3319 1958 3311 2151 3320 1957 3318 1959 3309 2152 3319 1958 3318 1959 3307 2060 3309 2152 3088 1868 3305 2153 3307 2060 3257 2061 3305 2153 3088 1868 3257 2061 3158 1960 3156 2154 3157 2155 3158 1960 3159 1961 3159 1961 3167 2062 3157 2155 3164 1869 3166 2063 3167 2062 3165 1962 3169 1963 3166 2063 3184 2156 3169 1963 3182 1872 3182 1872 3195 1964 3183 2157 3195 1964 3228 1874 3232 2158 3228 1874 3230 2064 3231 2159 3240 2160 3230 2064 3345 1876 3241 2161 3345 1876 3346 2065 3352 2066 3346 2065 3353 1877 3352 2066 3378 1965 3382 2162 3377 2067 3376 2163 3378 1965 3375 2164 3377 2067 3420 1966 3420 1966 4060 2068 3375 2164 4075 2069 4060 2068 3419 1878 4075 2069 3418 1967 3416 1968 4075 2069 3416 1968 4101 2070 3414 1969 3413 2071 4101 2070 3411 1970 4101 2070 3413 2071 4083 2072 4101 2070 3411 1970 4083 2072 3406 1971 4080 2165 4080 2165 3406 1971 3408 2073 3408 2073 3407 1709 3409 2166 3407 1709 3504 2074 3409 2166 3504 2074 3503 1972 4056 2075 4091 2076 4056 2075 3502 1881 4091 2076 3501 1973 4094 2167 3501 1973 3500 2077 4094 2167 3476 1797 3499 2168 3500 2077 3474 2078 3475 2169 3476 1797 3524 1882 3474 2078 3486 1974 3525 2170 3524 1882 3526 2079 3531 1975 3579 2171 3526 2079 3577 2080 3578 2172 3531 1975 3576 2173 3577 2080 3568 1883 3570 2081 3571 2174 3568 1883 4107 2175 3570 2081 1734 1976 1733 1977 3586 2176 1734 1976 3584 2177 1733 1977 3587 2082 3587 2082 1735 1885 3588 2083 3588 2083 1987 1978 3589 2178 1986 1979 3590 2179 1987 1978 1738 1980 3596 2180 1986 1979 1737 2084 3593 2181 1738 1980 1974 1981 3592 2182 1737 2084 1973 2085 3600 2183 1974 1981 3602 2184 1973 2085 1972 1982 3603 2185 1972 1982 1971 1983 3604 2186 1971 1983 3605 2086 3605 2086 1970 1887 3606 2187 1970 1887 3608 2087 3609 2188 1741 1888 3607 2088 3608 2087 1740 1984 3615 2189 3607 2088 1740 1984 3614 2089 3615 2189 1959 1889 3613 2190 3614 2089 3610 2191 1959 1889 3611 2090 3611 2090 1963 1985 3612 2091 1962 1890 3617 2192 3612 2091 1962 1890 3616 2092 3617 2192 1961 1891 3625 2193 3616 2092 1961 1891 3624 2093 3625 2193 4446 1894 5063 2094 4169 1986 4447 1987 5064 2194 5063 2094 4447 1987 4299 1988 4448 2195 4294 2196 4299 1988 4296 1989 4295 2197 4296 1989 4297 1990 4290 2198 4297 1990 4291 1991 4285 2199 4291 1991 4286 1992 4277 2200 4286 1992 4279 1993 4278 2201 4279 1993 4280 1994 4363 2202 4280 1994 4365 1995 4364 2203 4365 1995 4366 2095 4336 2204 4366 2095 4367 1996 4336 2204 4367 1996 4334 1998 4334 1998 3720 1898 4335 2205 4348 2096 4335 2205 3720 1898 3719 1999 3673 2000 4348 2096 4353 2097 4348 2096 3672 1899 3725 2001 3723 2098 4353 2097 3723 2098 3722 2002 4182 2099 4182 2099 4332 2003 4320 2206 4330 2100 4331 2207 4332 2003 4330 2100 3731 1901 3730 2101 3671 2004 3729 2208 3730 2101 3669 2102 3670 2209 3671 2004 3734 2005 3755 2210 3669 2102 3742 2006 3732 2211 3734 2005 3745 2007 3746 2212 3742 2006 3745 2007 3749 2103 3750 2213 3749 2103 3756 1907 3757 2214 3771 2009 3757 2214 3756 1907 3772 2215 3771 2009 3769 2010 3769 2010 2425 2011 3775 2012 3774 2216 3775 2012 3776 2104 3776 2104 3777 1911 3778 2217 3778 2217 3777 1911 3766 2105 3766 2105 3759 2013 3787 2218 2347 2106 3759 2013 2421 2014 2345 2015 3787 2218 2347 2106 2345 2015 3784 2107 3787 2218 3784 2107 2348 2016 3812 2219 2353 2108 3812 2219 2348 2016 2349 1828 2352 2220 2353 2108 2351 2109 2352 2220 2349 1828 2342 2221 2351 2109 2343 2017 2343 2017 2371 2018 2372 2110 2491 2222 2372 2110 2429 1914 2429 1914 2434 2019 2440 2223 2441 2224 2434 2019 2433 2020 2441 2224 2433 2020 2445 2021 2515 2111 2446 2225 2445 2021 2678 2022 2515 2111 2466 1916 2676 2112 2515 2111 2678 2022 2675 1919 2674 2113 2676 2112 2673 1920 2672 2114 2674 2113 2679 2226 2672 2114 2671 2023 2679 2226 2671 2023 2680 2115 2680 2115 2667 1921 2669 2116 2627 2227 2669 2116 2626 2024 2626 2024 2523 2117 2627 2227 2522 2228 2523 2117 2524 1923 2520 2118 2522 2228 2524 1923 2582 2229 2520 2118 2616 2025 2582 2229 2616 2025 2580 2026 2655 2027 2581 2230 2580 2026 2655 2027 2604 2028 2579 2231 2604 2028 2591 2029 2590 1929 4163 2232 3624 2093 3623 2030 4164 2233 3623 2030 3622 2119 4165 2234 3622 2119 3618 2031 4165 2234 3618 2031 4166 2120 4166 2120 4167 2032 4844 2235 4167 2032 4168 2121 5063 2094 5063 2094 4168 2121 4169 1986 2604 2028 2590 1929 2787 2122 2787 2122 2786 2033 2789 2236 2792 2237 2786 2033 2793 2034 2779 2238 2793 2034 2777 2035 2777 2035 2778 2123 2779 2238 2778 2123 2765 2036 2766 2239 2765 2036 2756 2124 2766 2239 2755 1931 2749 2125 2756 2124 2747 1932 848 2240 2749 2125 2747 1932 849 2126 848 2240 843 2037 848 2240 849 2126 457 2127 1390 2241 843 2037 457 2127 205 2038 458 2242 205 2038 452 2128 458 2242 452 2128 454 2039 581 2243 454 2039 209 2040 580 2244 208 2041 450 2042 209 2040 450 2042 447 2043 639 2245 447 2043 445 2044 638 2246 445 2044 443 2045 637 2247 443 2045 441 2046 636 2248 441 2046 438 2047 635 2249 436 2129 634 2250 438 2047 432 1939 435 2130 436 2129 423 1941 632 2251 435 2130 423 1941 631 2131 632 2251 425 1944 697 2132 631 2131 427 1946 696 2133 697 2132 429 2048 695 2135 696 2133 417 2134 694 2136 695 2135 419 997 693 2138 694 2136 421 2137 692 2140 693 2138 422 2139 691 2252 692 2140 630 1115 691 2252 422 2139 215 1948 579 1141 413 1113 2562 765 2547 764 2546 982 3426 1440 3404 1272 3487 1365 217 2141 509 2253 510 1103 406 2051 496 2254 217 2141 406 2051 407 1951 408 2142 220 2255 408 2142 218 780 218 780 1411 2052 219 2256 1411 2052 1412 2143 219 2256 1568 2053 1413 2257 1412 2143 1568 2053 1574 2054 1567 2258 1574 2054 1575 2055 1576 2259 1575 2055 1499 2144 1481 2260 1469 1953 1498 2145 1499 2144 1497 2056 3301 2261 1498 2145 1497 2056 1496 2146 3303 2058 1495 2147 1496 2146 1468 1865 1496 2146 1495 2147 3302 1866 3303 2058 3317 2148 3301 2261 3304 1955 3316 2149 3317 2148 3315 2059 3314 2262 3316 2149 3321 1956 3313 2150 3315 2059 3320 1957 3311 2151 3313 2150 3319 1958 3309 2152 3311 2151 3307 2060 3308 2263 3309 2152 3305 2153 3306 2264 3307 2060 3257 2061 3306 2264 3305 2153 3026 2265 3257 2061 3156 2154 3157 2155 3156 2154 3158 1960 3157 2155 3167 2062 3256 2266 3167 2062 3166 2063 3168 2267 3166 2063 3169 1963 3184 2156 3182 1872 3183 2157 3184 2156 3183 2157 3195 1964 3219 2268 3195 1964 3232 2158 3219 2268 3228 1874 3231 2159 3232 2158 3230 2064 3240 2160 3231 2159 3240 2160 3345 1876 3241 2161 3241 2161 3346 2065 3242 2269 3352 2066 3341 2270 3346 2065 3352 2066 3382 2162 3339 2271 3378 1965 3381 2272 3382 2162 3376 2163 3380 2273 3378 1965 3375 2164 3376 2163 3377 2067 3375 2164 4060 2068 4061 2274 4075 2069 4061 2274 4060 2068 4083 2072 4075 2069 4101 2070 4080 2165 4082 2275 4083 2072 4080 2165 3408 2073 4056 2075 4056 2075 3408 2073 3409 2166 4056 2075 3409 2166 3504 2074 4091 2076 4080 2165 4056 2075 4091 2076 4094 2167 4092 2276 4094 2167 3500 2077 3499 2168 3480 2277 3499 2168 3476 1797 3475 2169 3479 2278 3476 1797 3524 1882 3475 2169 3474 2078 3523 2279 3524 1882 3525 2170 3525 2170 3526 2079 3527 2280 3526 2079 3579 2171 3527 2280 3531 1975 3578 2172 3579 2171 3578 2172 3577 2080 4171 2281 4171 2281 3577 2080 3576 2173 3568 1883 3575 2282 3576 2173 3568 1883 3571 2174 3572 2283 3571 2174 3570 2081 4107 2175 4107 2175 1734 1976 3586 2176 1733 1977 3585 2284 3586 2176 3584 2177 3585 2284 1733 1977 4126 2285 3584 2177 3587 2082 4126 2285 3587 2082 3588 2083 4170 2286 3588 2083 3589 2178 1987 1978 3591 2287 3589 2178 1987 1978 3590 2179 3591 2287 1986 1979 3597 2288 3590 2179 1986 1979 3596 2180 3597 2288 1738 1980 3595 2289 3596 2180 1738 1980 3593 2181 3594 2290 1737 2084 3592 2182 3593 2181 1974 1981 3601 2291 3592 2182 1974 1981 3600 2183 3601 2291 1973 2085 3599 2292 3600 2183 3598 2293 1973 2085 3602 2184 3602 2184 1972 1982 3603 2185 3603 2185 1971 1983 3604 2186 4151 2294 3604 2186 3605 2086 4151 2294 3605 2086 3606 2187 1970 1887 3609 2188 3606 2187 3608 2087 4110 2295 3609 2188 3608 2087 3607 2088 4110 2295 3615 2189 4155 2296 3607 2088 3614 2089 4154 2297 3615 2189 3614 2089 3613 2190 4154 2297 3610 2191 3613 2190 1959 1889 4158 2298 3610 2191 3611 2090 4159 2299 3611 2090 3612 2091 4160 2300 3612 2091 3617 2192 4161 2301 3617 2192 3616 2092 4162 2302 3616 2092 3625 2193 3625 2193 3624 2093 4163 2232 4928 2303 5063 2094 5064 2194 4448 2195 5064 2194 4447 1987 4448 2195 4299 1988 4302 2304 4294 2196 4302 2304 4299 1988 4295 2197 4294 2196 4296 1989 4290 2198 4295 2197 4297 1990 4285 2199 4290 2198 4291 1991 4277 2200 4285 2199 4286 1992 4278 2201 4277 2200 4279 1993 4363 2202 4278 2201 4280 1994 4364 2203 4363 2202 4365 1995 4338 2305 4364 2203 4366 2095 4338 2305 4366 2095 4336 2204 4334 1998 4335 2205 4336 2204 4352 2306 4335 2205 4348 2096 4310 2307 4348 2096 4353 2097 4353 2097 3723 2098 4182 2099 4320 2206 4321 2308 4182 2099 4320 2206 4332 2003 4331 2207 4330 2100 4329 2309 4331 2207 4330 2100 3730 2101 3729 2208 3670 2209 3729 2208 3671 2004 4328 2310 3670 2209 3669 2102 3669 2102 3755 2210 4328 2310 3736 2311 3755 2210 3734 2005 3732 2211 3733 2312 3734 2005 3741 2313 3732 2211 3742 2006 3742 2006 3746 2212 3747 2314 3745 2007 3744 2315 3746 2212 3745 2007 3750 2213 3743 2316 3749 2103 3757 2214 3750 2213 3771 2009 3758 2317 3757 2214 3770 2318 3771 2009 3772 2215 3772 2215 3769 2010 3773 2319 3769 2010 3775 2012 3767 2320 3767 2320 3775 2012 3774 2216 4500 2321 3774 2216 3776 2104 4500 2321 3776 2104 3778 2217 3778 2217 3766 2105 3779 2322 3766 2105 3787 2218 3764 2323 2347 2106 3787 2218 3759 2013 3784 2107 3786 2324 3787 2218 3784 2107 3812 2219 3782 2325 2352 2220 3812 2219 2353 2108 2351 2109 3794 2326 2352 2220 2351 2109 2342 2221 3794 2326 2341 2327 2342 2221 2343 2017 2343 2017 2372 2110 2359 2328 2491 2222 2359 2328 2372 2110 2429 1914 2440 2223 2491 2222 2440 2223 2434 2019 2441 2224 2445 2021 2446 2225 2441 2224 2514 2329 2446 2225 2515 2111 2676 2112 2674 2113 2515 2111 2516 2330 2674 2113 2672 2114 2516 2330 2672 2114 2679 2226 2661 2331 2679 2226 2680 2115 2680 2115 2669 2116 2660 2332 2660 2332 2669 2116 2627 2227 2627 2227 2523 2117 2651 2333 2651 2333 2523 2117 2522 2228 2519 2334 2522 2228 2520 2118 2584 2335 2520 2118 2582 2229 2580 2026 2581 2230 2582 2229 2579 2231 2581 2230 2655 2027 2579 2231 2604 2028 2788 2336 4163 2232 3623 2030 4164 2233 4164 2233 3622 2119 4165 2234 4165 2234 4166 2120 4844 2235 4844 2235 4167 2032 5063 2094 2604 2028 2787 2122 2788 2336 2788 2336 2787 2122 2789 2236 2792 2237 2789 2236 2786 2033 2779 2238 2792 2237 2793 2034 2779 2238 2778 2123 2780 2337 2778 2123 2766 2239 2780 2337 2766 2239 2756 2124 2754 2338 2756 2124 2749 2125 2754 2338 2749 2125 848 2240 2748 2339 847 2340 848 2240 843 2037 1390 2241 847 2340 843 2037 1069 2341 1390 2241 457 2127 457 2127 458 2242 459 2342 458 2242 452 2128 549 2343 452 2128 581 2243 582 2344 454 2039 580 2244 581 2243 209 2040 450 2042 580 2244 450 2042 639 2245 640 2345 447 2043 638 2246 639 2245 445 2044 637 2247 638 2246 443 2045 636 2248 637 2247 441 2046 635 2249 636 2248 438 2047 634 2250 635 2249 436 2129 633 2346 634 2250 435 2130 633 2346 436 2129 435 2130 632 2251 633 2346 631 2131 698 2347 632 2251 697 2132 764 2348 631 2131 696 2133 763 2349 697 2132 695 2135 762 2350 696 2133 694 2136 761 2351 695 2135 693 2138 760 2352 694 2136 692 2140 759 2353 693 2138 691 2252 758 2354 692 2140 630 1115 690 2355 691 2252 629 1114 690 2355 630 1115 3130 939 3129 1000 3120 1045 510 1103 524 2356 525 730 509 2253 524 2356 510 1103 496 2254 509 2253 217 2141 408 2142 496 2254 406 2051 220 2255 485 2357 408 2142 218 780 219 2256 220 2255 219 2256 1412 2143 1413 2257 1414 2358 1413 2257 1568 2053 1405 2359 1568 2053 1567 2258 1567 2258 1574 2054 1576 2259 1576 2259 1575 2055 1481 2260 1481 2260 1499 2144 1501 2360 1499 2144 1498 2145 1500 2361 3301 2261 1500 2361 1498 2145 3303 2058 3301 2261 1497 2056 3297 2362 3301 2261 3317 2148 3298 2363 3317 2148 3316 2149 3299 2364 3316 2149 3314 2262 3313 2150 3314 2262 3315 2059 3311 2151 3312 2365 3313 2150 3309 2152 3310 2366 3311 2151 3309 2152 3308 2263 3310 2366 3307 2060 3306 2264 3308 2263 3326 2367 3306 2264 3257 2061 3025 2368 3257 2061 3026 2265 3026 2265 3156 2154 3265 2369 3155 2370 3156 2154 3157 2155 3157 2155 3256 2266 3155 2370 3029 2371 3256 2266 3167 2062 3030 2372 3167 2062 3168 2267 3166 2063 3184 2156 3168 2267 3184 2156 3183 2157 3185 2373 3183 2157 3219 2268 3185 2373 3219 2268 3232 2158 3234 2374 3232 2158 3231 2159 3233 2375 3231 2159 3240 2160 3237 2376 3240 2160 3241 2161 3237 2376 3241 2161 3242 2269 3237 2376 3346 2065 3243 2377 3242 2269 3341 2270 3243 2377 3346 2065 3339 2271 3341 2270 3352 2066 3831 2378 3339 2271 3382 2162 3832 2379 3382 2162 3381 2272 3378 1965 3380 2273 3381 2272 3830 2380 3380 2273 3376 2163 3376 2163 3375 2164 3830 2380 3375 2164 4061 2274 3830 2380 4073 2381 4061 2274 4075 2069 4085 2382 4075 2069 4083 2072 4083 2072 4082 2275 4084 2383 4080 2165 4081 2384 4082 2275 4089 2385 4080 2165 4091 2076 4090 2386 4091 2076 4092 2276 4092 2276 4094 2167 4093 2387 4094 2167 3499 2168 4096 2388 4096 2388 3499 2168 3480 2277 3476 1797 3479 2278 3480 2277 3475 2169 3478 2389 3479 2278 3523 2279 3475 2169 3524 1882 4105 2390 3523 2279 3525 2170 4105 2390 3525 2170 3527 2280 3527 2280 3579 2171 4105 2390 3579 2171 3578 2172 4111 2391 4111 2391 3578 2172 4171 2281 4171 2281 3576 2173 4172 2392 4172 2392 3576 2173 3575 2282 3568 1883 3574 2393 3575 2282 3568 1883 3572 2283 3573 2394 4108 2395 3572 2283 3571 2174 3571 2174 4107 2175 4108 2395 3586 2176 4125 2396 4107 2175 3586 2176 3585 2284 4125 2396 4125 2396 3585 2284 3584 2177 4125 2396 3584 2177 4126 2285 4126 2285 3588 2083 4170 2286 3591 2287 4170 2286 3589 2178 3591 2287 3590 2179 4137 2397 3590 2179 3597 2288 4137 2397 4137 2397 3597 2288 3596 2180 4137 2397 3596 2180 3595 2289 3594 2290 3595 2289 1738 1980 3594 2290 3593 2181 4143 2398 4143 2398 3593 2181 3592 2182 4109 2399 3592 2182 3601 2291 4109 2399 3601 2291 3600 2183 3600 2183 3599 2292 4109 2399 3598 2293 3599 2292 1973 2085 4145 2400 3598 2293 3602 2184 4149 2401 3602 2184 3603 2185 4150 2402 3603 2185 3604 2186 4150 2402 3604 2186 4151 2294 3606 2187 4153 2403 4151 2294 3609 2188 4152 2404 3606 2187 3609 2188 4110 2295 4152 2404 3607 2088 4156 2405 4110 2295 3607 2088 4155 2296 4156 2405 3615 2189 4154 2297 4155 2296 4154 2297 3613 2190 3610 2191 4157 2406 3610 2191 4158 2298 4158 2298 3611 2090 4159 2299 4159 2299 3612 2091 4160 2300 4160 2300 3617 2192 4161 2301 4161 2301 3616 2092 4162 2302 4162 2302 3625 2193 4163 2232 4844 2235 5063 2094 4928 2303 4928 2303 5064 2194 4929 2407 4448 2195 4931 2408 5064 2194 4302 2304 4931 2408 4448 2195 4293 2409 4302 2304 4294 2196 4194 2410 4294 2196 4295 2197 4289 2411 4295 2197 4290 2198 4284 2412 4290 2198 4285 2199 4275 2413 4285 2199 4277 2200 4276 2414 4277 2200 4278 2201 4361 2415 4278 2201 4363 2202 4362 2416 4363 2202 4364 2203 4340 2417 4364 2203 4338 2305 4336 2204 4337 2418 4338 2305 4336 2204 4335 2205 4337 2418 4352 2306 4337 2418 4335 2205 4310 2307 4352 2306 4348 2096 4353 2097 4182 2099 4310 2307 4310 2307 4182 2099 4321 2308 4184 2419 4321 2308 4320 2206 4308 2420 4320 2206 4331 2207 4309 2421 4331 2207 4329 2309 4328 2310 4329 2309 4330 2100 4330 2100 3729 2208 4328 2310 4328 2310 3729 2208 3670 2209 4328 2310 3755 2210 3736 2311 3734 2005 3735 2422 3736 2311 3734 2005 3733 2312 3735 2422 3732 2211 3739 2423 3733 2312 3741 2313 3737 2424 3732 2211 3740 2425 3741 2313 3742 2006 3742 2006 3747 2314 3740 2425 4322 2426 3747 2314 3746 2212 4322 2426 3746 2212 3744 2315 3743 2316 3744 2315 3745 2007 3750 2213 3758 2317 3743 2316 3750 2213 3757 2214 3758 2317 3770 2318 3758 2317 3771 2009 4501 2427 3770 2318 3772 2215 4501 2427 3772 2215 3773 2319 3773 2319 3769 2010 3768 2428 3767 2320 3768 2428 3769 2010 3767 2320 3774 2216 4500 2321 3778 2217 3779 2322 4500 2321 3779 2322 3766 2105 3765 2429 3764 2323 3765 2429 3766 2105 3764 2323 3787 2218 3789 2430 3787 2218 3786 2324 3788 2431 3784 2107 3785 2432 3786 2324 3782 2325 3783 2433 3784 2107 3782 2325 3812 2219 3794 2326 2352 2220 3794 2326 3812 2219 3794 2326 2342 2221 3760 2434 2342 2221 2341 2327 3760 2434 2341 2327 2343 2017 2354 2435 2355 2436 2343 2017 2359 2328 2355 2436 2359 2328 2491 2222 2491 2222 2440 2223 2438 2437 2439 2438 2440 2223 2441 2224 2446 2225 2447 2439 2441 2224 2447 2439 2446 2225 2514 2329 2514 2329 2515 2111 2516 2330 2515 2111 2674 2113 2516 2330 2662 2440 2516 2330 2679 2226 2662 2440 2679 2226 2661 2331 2661 2331 2680 2115 2660 2332 2660 2332 2627 2227 2632 2441 2632 2441 2627 2227 2651 2333 2651 2333 2522 2228 2652 2442 2652 2442 2522 2228 2519 2334 2518 2443 2519 2334 2520 2118 2584 2335 2518 2443 2520 2118 2582 2229 2583 2444 2584 2335 2582 2229 2581 2230 2583 2444 2579 2231 2583 2444 2581 2230 2579 2231 2788 2336 2577 2445 4844 2235 4163 2232 4164 2233 4844 2235 4164 2233 4165 2234 2788 2336 2789 2236 2790 2446 2791 2447 2789 2236 2792 2237 2781 2448 2792 2237 2779 2238 2779 2238 2780 2337 2781 2448 2780 2337 2766 2239 2767 2449 2766 2239 2754 2338 2767 2449 2749 2125 2753 2450 2754 2338 2749 2125 2748 2339 2750 2451 848 2240 847 2340 2748 2339 1390 2241 2748 2339 847 2340 1069 2341 2803 2452 1390 2241 457 2127 1070 2453 1069 2341 459 2342 1067 2454 457 2127 227 2455 459 2342 458 2242 458 2242 549 2343 530 2456 549 2343 452 2128 582 2344 582 2344 581 2243 642 2457 581 2243 580 2244 641 2458 580 2244 450 2042 640 2345 640 2345 639 2245 706 2459 639 2245 638 2246 705 2460 638 2246 637 2247 704 2461 637 2247 636 2248 703 2462 636 2248 635 2249 702 2463 635 2249 634 2250 701 2464 634 2250 633 2346 700 2465 633 2346 632 2251 699 2466 632 2251 698 2347 699 2466 631 2131 764 2348 698 2347 697 2132 763 2349 764 2348 696 2133 762 2350 763 2349 695 2135 761 2351 762 2350 694 2136 760 2352 761 2351 693 2138 759 2353 760 2352 692 2140 758 2354 759 2353 691 2252 757 2467 758 2354 690 2355 757 2467 691 2252 629 1114 689 2468 690 2355 628 1140 689 2468 629 1114 578 444 625 2469 626 2470 577 443 625 2469 578 444 548 442 576 2471 577 443 525 730 547 2472 548 442 524 2356 547 2472 525 730 509 2253 523 2473 524 2356 496 2254 508 2474 509 2253 408 2142 495 2475 496 2254 485 2357 495 2475 408 2142 477 2476 485 2357 220 2255 470 2477 220 2255 219 2256 219 2256 1413 2257 470 2477 470 2477 1413 2257 1414 2358 1414 2358 1568 2053 1405 2359 1405 2359 1567 2258 1406 2478 1567 2258 1576 2259 1566 2479 1576 2259 1481 2260 1491 2480 1481 2260 1501 2360 1479 2481 1499 2144 1500 2361 1501 2360 3301 2261 1501 2360 1500 2361 3284 2482 3301 2261 3297 2362 3297 2362 3317 2148 3298 2363 3298 2363 3316 2149 3299 2364 3299 2364 3314 2262 3300 2483 3313 2150 3312 2365 3314 2262 3311 2151 3310 2366 3312 2365 3325 2484 3310 2366 3308 2263 3326 2367 3308 2263 3306 2264 3025 2368 3326 2367 3257 2061 3025 2368 3026 2265 3027 2485 3293 2486 3026 2265 3265 2369 3265 2369 3156 2154 3155 2370 3263 2487 3155 2370 3256 2266 3263 2487 3256 2266 3029 2371 3029 2371 3167 2062 3030 2372 3030 2372 3168 2267 3270 2488 3168 2267 3184 2156 3186 2489 3184 2156 3185 2373 3186 2489 3185 2373 3219 2268 3220 2490 3219 2268 3234 2374 3220 2490 3232 2158 3233 2375 3234 2374 3231 2159 3237 2376 3233 2375 3237 2376 3242 2269 3238 2491 3238 2491 3242 2269 3243 2377 3341 2270 3244 2492 3243 2377 3339 2271 3340 2493 3341 2270 3831 2378 3340 2493 3339 2271 3831 2378 3382 2162 3832 2379 3832 2379 3381 2272 3830 2380 3830 2380 3381 2272 3380 2273 4061 2274 3832 2379 3830 2380 4073 2381 4068 2494 4061 2274 4074 2495 4073 2381 4075 2069 4085 2382 4077 2496 4075 2069 4083 2072 4084 2383 4085 2382 4731 2497 4084 2383 4082 2275 4762 2498 4082 2275 4081 2384 4079 2499 4081 2384 4080 2165 4089 2385 4078 2500 4080 2165 4090 2386 4089 2385 4091 2076 4764 2501 4090 2386 4092 2276 4092 2276 4093 2387 4764 2501 4093 2387 4094 2167 4095 2502 4095 2502 4094 2167 4096 2388 4096 2388 3480 2277 3479 2278 3478 2389 4059 2503 3479 2278 3477 2504 3478 2389 3475 2169 3523 2279 3477 2504 3475 2169 3477 2504 3523 2279 4105 2390 4105 2390 3579 2171 4111 2391 4111 2391 4171 2281 4112 2505 4112 2505 4171 2281 4172 2392 4172 2392 3575 2282 4106 2506 4106 2506 3575 2282 3574 2393 3573 2394 3574 2393 3568 1883 3573 2394 3572 2283 4106 2506 4108 2395 4106 2506 3572 2283 4107 2175 4123 2507 4108 2395 4107 2175 4125 2396 4123 2507 4125 2396 4126 2285 4127 2508 4137 2397 4126 2285 4170 2286 4137 2397 4170 2286 3591 2287 4143 2398 4137 2397 3595 2289 4143 2398 3595 2289 3594 2290 4143 2398 3592 2182 4109 2399 3599 2292 4147 2509 4109 2399 3599 2292 3598 2293 4145 2400 4145 2400 3602 2184 4149 2401 4149 2401 3603 2185 4150 2402 4915 2510 4150 2402 4151 2294 4915 2510 4151 2294 4153 2403 3606 2187 4152 2404 4153 2403 4915 2510 4152 2404 4110 2295 4916 2511 4110 2295 4156 2405 4916 2511 4156 2405 4155 2296 4155 2296 4154 2297 4916 2511 4154 2297 3610 2191 4157 2406 4917 2512 4157 2406 4158 2298 4926 2513 4158 2298 4159 2299 4926 2513 4159 2299 4160 2300 4927 2514 4160 2300 4161 2301 4161 2301 4162 2302 4927 2514 4927 2514 4162 2302 4163 2232 5007 2515 4844 2235 4928 2303 4928 2303 4929 2407 4930 2516 4929 2407 5064 2194 4931 2408 4931 2408 4302 2304 4293 2409 4194 2410 4293 2409 4294 2196 4289 2411 4194 2410 4295 2197 4284 2412 4289 2411 4290 2198 4275 2413 4284 2412 4285 2199 4276 2414 4275 2413 4277 2200 4361 2415 4276 2414 4278 2201 4362 2416 4361 2415 4363 2202 4340 2417 4362 2416 4364 2203 4338 2305 4339 2517 4340 2417 4338 2305 4337 2418 4339 2517 4351 2518 4337 2418 4352 2306 4312 2519 4352 2306 4310 2307 4310 2307 4321 2308 4311 2520 4183 2521 4321 2308 4184 2419 4184 2419 4320 2206 4308 2420 4308 2420 4331 2207 4309 2421 4309 2421 4329 2309 4303 2522 4328 2310 4327 2523 4329 2309 4328 2310 3736 2311 4326 2524 4326 2524 3736 2311 3735 2422 4326 2524 3735 2422 3733 2312 4326 2524 3733 2312 3739 2423 3732 2211 3738 2525 3739 2423 3737 2424 3738 2525 3732 2211 3740 2425 3737 2424 3741 2313 4324 2526 3740 2425 3747 2314 4324 2526 3747 2314 4322 2426 3744 2315 4333 2527 4322 2426 3743 2316 4333 2527 3744 2315 3743 2316 3758 2317 4333 2527 3758 2317 3770 2318 4455 2528 4456 2529 3770 2318 4501 2427 3768 2428 4501 2427 3773 2319 3767 2320 4500 2321 3768 2428 4500 2321 3779 2322 4493 2530 3779 2322 3765 2429 4493 2530 4493 2530 3765 2429 3764 2323 4493 2530 3764 2323 3789 2430 3787 2218 3788 2431 3789 2430 4492 2531 3788 2431 3786 2324 3786 2324 3785 2432 4492 2531 3783 2433 3785 2432 3784 2107 3782 2325 3781 2532 3783 2433 3782 2325 3794 2326 3780 2533 3794 2326 3760 2434 3792 2534 2341 2327 2354 2435 3760 2434 2355 2436 2354 2435 2343 2017 2355 2436 2491 2222 2492 2535 2491 2222 2438 2437 2492 2535 2439 2438 2438 2437 2440 2223 2441 2224 2448 2536 2439 2438 2441 2224 2447 2439 2448 2536 2514 2329 2448 2536 2447 2439 2688 2537 2514 2329 2516 2330 2688 2537 2516 2330 2662 2440 2661 2331 2634 2538 2662 2440 2660 2332 2632 2441 2661 2331 2632 2441 2651 2333 2633 2539 2633 2539 2651 2333 2652 2442 2652 2442 2519 2334 2653 2540 2653 2540 2519 2334 2518 2443 2586 2541 2518 2443 2584 2335 2584 2335 2583 2444 2585 2542 2578 2543 2583 2444 2579 2231 2577 2445 2578 2543 2579 2231 2577 2445 2788 2336 2790 2446 4927 2514 4163 2232 4844 2235 2791 2447 2790 2446 2789 2236 2781 2448 2791 2447 2792 2237 2781 2448 2780 2337 2782 2544 2780 2337 2767 2449 2782 2544 2767 2449 2754 2338 2763 2545 2753 2450 2757 2546 2754 2338 2749 2125 2750 2451 2753 2450 2803 2452 2750 2451 2748 2339 1390 2241 2803 2452 2748 2339 1069 2341 2804 2547 2803 2452 1068 2548 1069 2341 1070 2453 457 2127 1067 2454 1070 2453 229 2549 1067 2454 459 2342 229 2549 459 2342 227 2455 227 2455 458 2242 228 2550 228 2550 458 2242 530 2456 530 2456 549 2343 550 2551 549 2343 582 2344 583 2552 582 2344 642 2457 643 2553 581 2243 641 2458 642 2457 580 2244 640 2345 641 2458 640 2345 706 2459 707 2554 639 2245 705 2460 706 2459 638 2246 704 2461 705 2460 637 2247 703 2462 704 2461 636 2248 702 2463 703 2462 635 2249 701 2464 702 2463 634 2250 700 2465 701 2464 633 2346 699 2466 700 2465 699 2466 698 2347 140 2555 698 2347 764 2348 139 2556 764 2348 763 2349 137 2557 763 2349 762 2350 138 2558 761 2351 143 2559 762 2350 760 2352 141 2560 761 2351 759 2353 142 2561 760 2352 758 2354 146 2562 759 2353 757 2467 144 2563 758 2354 690 2355 756 2564 757 2467 689 2468 756 2564 690 2355 628 1140 688 2565 689 2468 627 1139 688 2565 628 1140 626 2470 687 2566 627 1139 625 2469 686 2567 626 2470 577 443 624 2568 625 2469 576 2471 624 2568 577 443 547 2472 576 2471 548 442 524 2356 546 2569 547 2472 523 2473 546 2569 524 2356 508 2474 523 2473 509 2253 495 2475 508 2474 496 2254 485 2357 494 2570 495 2475 477 2476 484 2571 485 2357 468 2572 477 2476 220 2255 468 2572 220 2255 470 2477 470 2477 1414 2358 1405 2359 469 2573 1405 2359 1406 2478 1406 2478 1567 2258 1407 2574 1566 2479 1407 2574 1567 2258 1566 2479 1576 2259 1491 2480 1491 2480 1481 2260 1480 2575 1479 2481 1480 2575 1481 2260 1479 2481 1501 2360 3301 2261 3284 2482 1479 2481 3301 2261 3023 2576 3284 2482 3297 2362 3286 2577 3297 2362 3298 2363 3287 2578 3298 2363 3299 2364 3289 2579 3299 2364 3300 2483 3300 2483 3314 2262 3312 2365 3324 2580 3312 2365 3310 2366 3324 2580 3310 2366 3325 2484 3325 2484 3308 2263 3326 2367 3027 2485 3326 2367 3025 2368 3292 2581 3027 2485 3026 2265 3292 2581 3026 2265 3293 2486 3293 2486 3265 2369 3294 2582 3265 2369 3155 2370 3263 2487 3029 2371 3262 2583 3263 2487 3028 2584 3029 2371 3030 2372 3030 2372 3270 2488 3028 2584 3168 2267 3186 2489 3270 2488 3186 2489 3185 2373 3187 2585 3185 2373 3220 2490 3187 2585 3220 2490 3234 2374 3235 2586 3234 2374 3233 2375 3225 2587 3233 2375 3237 2376 3239 2588 3237 2376 3238 2491 3239 2588 3238 2491 3243 2377 3244 2492 3341 2270 3328 2589 3244 2492 3341 2270 3340 2493 3342 2590 3342 2590 3340 2493 3831 2378 3832 2379 3966 2591 3831 2378 4061 2274 3966 2591 3832 2379 4068 2494 4069 2592 4061 2274 4072 2593 4068 2494 4073 2381 4072 2593 4073 2381 4074 2495 4074 2495 4075 2069 4076 2594 4076 2594 4075 2069 4077 2496 4087 2595 4077 2496 4085 2382 4085 2382 4084 2383 4086 2596 4731 2497 4086 2596 4084 2383 4762 2498 4731 2497 4082 2275 4081 2384 4079 2499 4762 2498 4078 2500 4079 2499 4080 2165 4088 2597 4078 2500 4089 2385 4088 2597 4089 2385 4090 2386 4764 2501 4088 2597 4090 2386 4764 2501 4093 2387 4767 2598 4093 2387 4095 2502 4767 2598 4095 2502 4096 2388 4097 2599 3479 2278 4059 2503 4096 2388 3478 2389 4057 2600 4059 2503 3477 2504 4057 2600 3478 2389 4105 2390 4057 2600 3477 2504 4105 2390 4111 2391 4104 2601 4112 2505 4113 2602 4111 2391 4112 2505 4172 2392 4173 2603 4173 2603 4172 2392 4106 2506 4106 2604 3574 2604 3573 2604 4173 2603 4106 2506 4108 2395 4108 2395 4123 2507 4124 2605 4125 2396 4129 2606 4123 2507 4127 2508 4128 2607 4125 2396 4126 2285 4134 2608 4127 2508 4140 2609 4126 2285 4137 2397 4135 2610 4137 2397 4143 2398 4109 2399 4142 2611 4143 2398 4109 2399 4147 2509 4148 2612 3599 2292 4146 2613 4147 2509 4145 2400 4146 2613 3599 2292 4828 2614 4145 2400 4149 2401 4149 2401 4150 2402 4828 2614 4828 2614 4150 2402 4915 2510 4153 2403 4152 2404 4915 2510 4915 2510 4110 2295 4916 2511 4916 2511 4154 2297 4917 2512 4154 2297 4157 2406 4917 2512 4917 2512 4158 2298 4926 2513 4926 2513 4160 2300 4927 2514 5007 2515 4927 2514 4844 2235 4928 2303 4930 2516 5007 2515 4997 2615 4930 2516 4929 2407 4929 2407 4931 2408 4923 2616 4931 2408 4293 2409 4932 2617 4193 2618 4293 2409 4194 2410 4288 2619 4194 2410 4289 2411 4283 2620 4289 2411 4284 2412 4273 2621 4284 2412 4275 2413 4274 2622 4275 2413 4276 2414 4359 2623 4276 2414 4361 2415 4360 2624 4361 2415 4362 2416 4342 2625 4362 2416 4340 2417 4340 2417 4339 2517 4341 2626 4351 2518 4339 2517 4337 2418 4312 2519 4351 2518 4352 2306 4310 2307 4311 2520 4312 2519 4311 2520 4321 2308 4368 2627 4183 2521 4368 2627 4321 2308 4183 2521 4184 2419 4185 2628 4307 2629 4184 2419 4308 2420 4304 2630 4308 2420 4309 2421 4304 2630 4309 2421 4303 2522 4303 2522 4329 2309 4327 2523 4326 2524 4327 2523 4328 2310 4326 2524 3739 2423 4324 2526 4324 2526 3739 2423 3738 2525 4324 2526 3738 2525 3737 2424 3737 2424 3740 2425 4324 2526 4322 2426 4323 2631 4324 2526 4453 2632 4322 2426 4333 2527 4333 2527 3758 2317 4455 2528 4455 2528 3770 2318 4456 2529 4456 2529 4501 2427 4457 2633 3768 2428 4500 2321 4501 2427 4500 2321 4493 2530 4498 2634 4493 2530 3789 2430 4492 2531 4492 2531 3789 2430 3788 2431 4492 2531 3785 2432 3783 2433 4492 2531 3783 2433 3781 2532 3780 2533 3781 2532 3782 2325 3780 2533 3794 2326 3796 2635 3792 2534 3793 2636 3794 2326 3792 2534 3760 2434 3798 2637 3760 2434 2354 2435 2356 2638 2355 2436 2356 2638 2354 2435 2355 2436 2492 2535 2430 2639 2492 2535 2438 2437 2437 2640 2436 2641 2438 2437 2439 2438 2439 2438 2448 2536 2449 2642 2514 2329 2449 2642 2448 2536 2687 2643 2514 2329 2688 2537 2662 2440 2728 2644 2688 2537 2634 2538 2729 2645 2662 2440 2661 2331 2632 2441 2634 2538 2632 2441 2633 2539 2634 2538 2633 2539 2652 2442 2635 2646 2635 2646 2652 2442 2653 2540 2653 2540 2518 2443 2654 2647 2654 2647 2518 2443 2586 2541 2584 2335 2585 2542 2586 2541 2578 2543 2585 2542 2583 2444 2577 2445 2587 2648 2578 2543 2577 2445 2790 2446 2587 2648 2717 2649 2790 2446 2791 2447 2783 2650 2791 2447 2781 2448 2781 2448 2782 2544 2783 2650 2782 2544 2767 2449 2763 2545 2754 2338 2762 2651 2763 2545 2754 2338 2757 2546 2762 2651 2753 2450 2758 2652 2757 2546 2750 2451 2758 2652 2753 2450 2758 2652 2750 2451 2803 2452 2758 2652 2803 2452 2804 2547 1068 2548 2804 2547 1069 2341 1070 2453 1019 2653 1068 2548 1067 2454 1020 2654 1070 2453 229 2549 1066 2655 1067 2454 227 2455 228 2550 229 2549 228 2550 530 2456 233 2656 530 2456 550 2551 243 2657 550 2551 549 2343 583 2552 583 2552 582 2344 643 2553 643 2553 642 2457 709 2658 642 2457 641 2458 708 2659 641 2458 640 2345 707 2554 707 2554 706 2459 195 2660 706 2459 705 2460 196 2661 705 2460 704 2461 200 2662 704 2461 703 2462 198 2663 703 2462 702 2463 199 2664 702 2463 701 2464 203 2665 701 2464 700 2465 201 2666 700 2465 699 2466 202 2667 699 2466 140 2555 202 2667 698 2347 139 2556 140 2555 764 2348 137 2557 139 2556 763 2349 138 2558 137 2557 762 2350 143 2559 138 2558 761 2351 141 2560 143 2559 760 2352 142 2561 141 2560 759 2353 146 2562 142 2561 758 2354 144 2563 146 2562 757 2467 145 2668 144 2563 756 2564 145 2668 757 2467 689 2468 755 2669 756 2564 688 2565 755 2669 689 2468 627 1139 687 2566 688 2565 626 2470 686 2567 687 2566 625 2469 685 2670 686 2567 624 2568 685 2670 625 2469 576 2471 623 2671 624 2568 547 2472 575 2672 576 2471 546 2569 575 2672 547 2472 523 2473 545 2673 546 2569 508 2474 522 2674 523 2473 495 2475 507 2675 508 2474 494 2570 507 2675 495 2475 484 2571 494 2570 485 2357 476 2676 484 2571 477 2476 467 2677 477 2476 468 2572 469 2573 468 2572 470 2477 470 2477 1405 2359 469 2573 469 2573 1406 2478 221 2678 1406 2478 1407 2574 222 2679 1566 2479 1408 2680 1407 2574 1566 2479 1491 2480 1565 2681 1491 2480 1480 2575 1492 2682 1480 2575 1479 2481 3284 2482 3024 2683 3284 2482 3023 2576 3023 2576 3297 2362 3286 2577 3286 2577 3298 2363 3287 2578 3287 2578 3299 2364 3289 2579 3289 2579 3300 2483 3291 2684 3300 2483 3312 2365 3324 2580 3291 2684 3324 2580 3325 2484 3027 2485 3325 2484 3326 2367 3290 2685 3027 2485 3292 2581 3255 2686 3292 2581 3293 2486 3254 2687 3293 2486 3294 2582 3294 2582 3265 2369 3264 2688 3263 2487 3264 2688 3265 2369 3263 2487 3262 2583 3264 2688 3029 2371 3028 2584 3262 2583 3028 2584 3270 2488 3271 2689 3270 2488 3186 2489 3188 2690 3186 2489 3187 2585 3188 2690 3187 2585 3220 2490 3221 2691 3220 2490 3235 2586 3221 2691 3234 2374 3225 2587 3235 2586 3233 2375 3239 2588 3225 2587 3238 2491 3247 2692 3239 2588 3327 2693 3238 2491 3244 2492 3327 2693 3244 2492 3328 2589 3341 2270 3344 2694 3328 2589 3341 2270 3342 2590 3343 2695 3831 2378 3343 2695 3342 2590 3831 2378 3966 2591 3967 2696 4063 2697 3966 2591 4061 2274 4061 2274 4069 2592 4070 2698 4776 2699 4069 2592 4068 2494 4072 2593 4730 2700 4068 2494 4072 2593 4074 2495 4730 2700 4730 2700 4074 2495 4076 2594 4731 2497 4076 2594 4077 2496 4731 2497 4077 2496 4087 2595 4085 2382 4086 2596 4087 2595 4087 2595 4086 2596 4731 2497 4732 2701 4731 2497 4762 2498 4762 2498 4079 2499 4078 2500 4764 2501 4078 2500 4088 2597 4764 2501 4767 2598 4765 2702 4767 2598 4095 2502 4097 2599 4097 2599 4096 2388 4059 2503 4057 2600 4058 2703 4059 2503 4104 2601 4057 2600 4105 2390 4104 2601 4111 2391 4103 2704 4115 2705 4111 2391 4113 2602 4112 2505 4119 2706 4113 2602 4173 2603 4174 2707 4112 2505 4108 2395 4124 2605 4173 2603 4123 2507 4122 2708 4124 2605 4123 2507 4129 2606 4130 2709 4125 2396 4128 2607 4129 2606 4980 2710 4128 2607 4127 2508 4127 2508 4134 2608 4980 2710 4126 2285 4133 2711 4134 2608 4140 2609 4131 2712 4126 2285 4137 2397 4139 2713 4140 2609 4135 2610 4136 2714 4137 2397 4143 2398 4144 2715 4135 2610 4143 2398 4142 2611 4144 2715 4109 2399 4148 2612 4142 2611 4148 2612 4147 2509 5000 2716 5000 2716 4147 2509 4146 2613 4828 2614 4146 2613 4145 2400 5002 2717 4828 2614 4915 2510 5003 2718 4915 2510 4916 2511 5004 2719 4916 2511 4917 2512 5005 2720 4917 2512 4926 2513 5006 2721 4926 2513 4927 2514 5006 2721 4927 2514 5007 2515 5007 2515 4930 2516 4995 2722 4996 2723 4930 2516 4997 2615 4997 2615 4929 2407 4923 2616 4923 2616 4931 2408 4932 2617 4932 2617 4293 2409 4193 2618 4192 2724 4193 2618 4194 2410 4288 2619 4192 2724 4194 2410 4283 2620 4288 2619 4289 2411 4273 2621 4283 2620 4284 2412 4274 2622 4273 2621 4275 2413 4359 2623 4274 2622 4276 2414 4360 2624 4359 2623 4361 2415 4342 2625 4360 2624 4362 2416 4340 2417 4341 2626 4342 2625 4350 2725 4341 2626 4339 2517 4350 2725 4339 2517 4351 2518 4314 2726 4351 2518 4312 2519 4312 2519 4311 2520 4313 2727 4311 2520 4368 2627 4313 2727 4445 2728 4368 2627 4183 2521 4185 2628 4445 2728 4183 2521 4306 2729 4185 2628 4184 2419 4306 2729 4184 2419 4307 2629 4307 2629 4308 2420 4304 2630 4303 2522 4191 2730 4304 2630 4303 2522 4327 2523 4188 2731 4326 2524 4325 2732 4327 2523 4324 2526 4325 2732 4326 2524 4324 2526 4323 2631 4325 2732 4452 2733 4323 2631 4322 2426 4452 2733 4322 2426 4453 2632 4333 2527 4455 2528 4453 2632 4453 2632 4455 2528 4456 2529 4452 2733 4456 2529 4457 2633 4457 2633 4501 2427 4499 2734 4500 2321 4499 2734 4501 2427 4498 2634 4499 2734 4500 2321 4498 2634 4493 2530 4491 2735 4492 2531 4491 2735 4493 2530 4509 2736 4492 2531 3781 2532 4509 2736 3781 2532 3780 2533 3780 2533 3796 2635 4509 2736 3794 2326 3795 2737 3796 2635 3794 2326 3793 2636 3795 2737 3792 2534 3791 2738 3793 2636 3792 2534 3798 2637 3790 2739 3760 2434 2356 2638 3798 2637 2430 2639 2356 2638 2355 2436 2492 2535 2495 2740 2430 2639 2492 2535 2437 2640 2493 2741 2436 2641 2437 2640 2438 2437 2439 2438 2444 2742 2436 2641 2449 2642 2450 2743 2439 2438 2687 2643 2449 2642 2514 2329 2688 2537 2691 2744 2687 2643 2688 2537 2728 2644 2691 2744 2662 2440 2729 2645 2728 2644 2634 2538 2630 2745 2729 2645 2634 2538 2633 2539 2635 2646 2635 2646 2653 2540 2799 2746 2799 2746 2653 2540 2654 2647 2654 2647 2586 2541 2589 2747 2589 2747 2586 2541 2585 2542 2589 2747 2585 2542 2578 2543 2578 2543 2587 2648 2588 2748 2717 2649 2587 2648 2790 2446 2783 2650 2717 2649 2791 2447 2783 2650 2782 2544 2784 2749 2782 2544 2763 2545 2784 2749 2512 2750 2763 2545 2762 2651 2701 2751 2762 2651 2757 2546 2757 2546 2758 2652 2759 2752 2758 2652 2804 2547 2759 2752 1068 2548 2805 2753 2804 2547 1019 2653 2805 2753 1068 2548 1070 2453 1020 2654 1019 2653 1066 2655 1020 2654 1067 2454 1025 2754 1066 2655 229 2549 229 2549 228 2550 230 2755 233 2656 237 2756 228 2550 233 2656 530 2456 243 2657 243 2657 550 2551 551 2757 550 2551 583 2552 584 2758 583 2552 643 2553 644 2759 643 2553 709 2658 710 2760 642 2457 708 2659 709 2658 641 2458 707 2554 708 2659 707 2554 195 2660 197 2761 706 2459 196 2661 195 2660 705 2460 200 2662 196 2661 704 2461 198 2663 200 2662 703 2462 199 2664 198 2663 702 2463 203 2665 199 2664 701 2464 201 2666 203 2665 700 2465 202 2667 201 2666 202 2667 140 2555 136 2762 140 2555 139 2556 136 2762 139 2556 137 2557 136 2762 136 2762 137 2557 138 2558 138 2558 143 2559 136 2762 143 2559 141 2560 136 2762 136 2762 141 2560 142 2561 142 2561 146 2562 136 2762 146 2562 144 2563 136 2762 136 2762 144 2563 145 2668 756 2564 149 2763 145 2668 755 2669 149 2763 756 2564 688 2565 754 2764 755 2669 687 2566 754 2764 688 2565 686 2567 753 2765 687 2566 685 2670 752 2766 686 2567 624 2568 684 2767 685 2670 623 2671 684 2767 624 2568 575 2672 623 2671 576 2471 546 2569 574 2768 575 2672 545 2673 574 2768 546 2569 522 2674 545 2673 523 2473 507 2675 522 2674 508 2474 494 2570 506 2769 507 2675 484 2571 493 2770 494 2570 476 2676 483 2771 484 2571 467 2677 476 2676 477 2476 221 2678 467 2677 468 2572 221 2678 468 2572 469 2573 221 2678 1406 2478 222 2679 222 2679 1407 2574 1408 2680 1409 2772 1408 2680 1566 2479 1404 2773 1566 2479 1565 2681 1565 2681 1491 2480 1483 2774 1490 2775 1491 2480 1492 2682 1492 2682 1480 2575 3284 2482 3024 2683 1492 2682 3284 2482 3023 2576 3022 2776 3024 2683 3023 2576 3286 2577 3021 2777 3286 2577 3287 2578 3288 2778 3288 2778 3287 2578 3289 2579 3289 2579 3291 2684 3290 2685 3300 2483 3324 2580 3291 2684 3291 2684 3325 2484 3027 2485 3290 2685 3291 2684 3027 2485 3285 2779 3290 2685 3292 2581 3285 2779 3292 2581 3255 2686 3255 2686 3293 2486 3254 2687 3254 2687 3294 2582 3253 2780 3294 2582 3264 2688 3295 2781 3262 2583 3272 2782 3264 2688 3262 2583 3028 2584 3272 2782 3028 2584 3271 2689 3272 2782 3270 2488 3188 2690 3271 2689 3188 2690 3187 2585 3176 2783 3187 2585 3221 2691 3176 2783 3221 2691 3235 2586 3252 2784 3235 2586 3225 2587 3226 2785 3225 2587 3239 2588 3249 2786 3239 2588 3247 2692 3248 2787 3238 2491 3246 2788 3247 2692 3245 2789 3238 2491 3327 2693 3833 2790 3327 2693 3328 2589 3833 2790 3328 2589 3344 2694 3343 2695 3344 2694 3341 2270 3831 2378 3344 2694 3343 2695 3831 2378 3967 2696 3964 2791 4063 2697 3967 2696 3966 2591 4061 2274 4070 2698 4063 2697 4776 2699 4070 2698 4069 2592 4068 2494 4730 2700 4776 2699 4730 2700 4076 2594 4731 2497 4730 2700 4731 2497 4732 2701 4732 2701 4762 2498 4763 2792 4762 2498 4078 2500 4764 2501 4763 2792 4764 2501 4765 2702 4765 2702 4767 2598 4766 2793 4767 2598 4097 2599 4768 2794 4097 2599 4059 2503 4098 2795 4058 2703 4099 2796 4059 2503 4104 2601 4058 2703 4057 2600 4103 2704 4058 2703 4104 2601 4114 2797 4103 2704 4111 2391 4114 2797 4111 2391 4115 2705 4115 2705 4113 2602 4116 2798 4113 2602 4119 2706 4120 2799 4112 2505 4118 2800 4119 2706 4112 2505 4174 2707 4175 2801 4173 2603 4124 2605 4174 2707 4974 2802 4124 2605 4122 2708 4121 2803 4122 2708 4123 2507 4123 2507 4130 2709 4121 2803 4977 2804 4130 2709 4129 2606 4977 2804 4129 2606 4128 2607 4980 2710 4977 2804 4128 2607 4980 2710 4134 2608 4840 2805 4134 2608 4133 2711 4840 2805 4132 2806 4133 2711 4126 2285 4131 2712 4132 2806 4126 2285 4141 2807 4131 2712 4140 2609 4140 2609 4139 2713 4141 2807 4137 2397 4138 2808 4139 2713 4136 2714 4138 2808 4137 2397 4136 2714 4135 2610 5008 2809 5008 2809 4135 2610 4144 2715 5008 2809 4144 2715 4142 2611 5000 2716 4142 2611 4148 2612 5000 2716 4146 2613 4828 2614 5001 2810 4828 2614 5002 2717 5002 2717 4915 2510 5003 2718 5003 2718 4916 2511 5004 2719 5004 2719 4917 2512 5005 2720 5005 2720 4926 2513 5006 2721 5007 2515 4995 2722 5006 2721 4996 2723 4995 2722 4930 2516 4997 2615 4963 2811 4996 2723 4923 2616 4925 2812 4997 2615 4923 2616 4932 2617 4924 2813 4932 2617 4193 2618 4922 2814 4922 2814 4193 2618 4192 2724 4287 2815 4192 2724 4288 2619 4197 2816 4288 2619 4283 2620 4271 2817 4283 2620 4273 2621 4272 2818 4273 2621 4274 2622 4357 2819 4274 2622 4359 2623 4358 2820 4359 2623 4360 2624 4344 2821 4360 2624 4342 2625 4342 2625 4341 2626 4343 2822 4349 2823 4341 2626 4350 2725 4314 2726 4350 2725 4351 2518 4312 2519 4313 2727 4314 2726 4313 2727 4368 2627 4369 2824 4445 2728 4369 2824 4368 2627 4185 2628 4444 2825 4445 2728 4305 2826 4185 2628 4306 2729 4422 2827 4306 2729 4307 2629 4423 2828 4307 2629 4304 2630 4178 2829 4304 2630 4191 2730 4188 2731 4191 2730 4303 2522 4188 2731 4327 2523 4325 2732 4186 2830 4325 2732 4323 2631 4186 2830 4323 2631 4452 2733 4453 2632 4456 2529 4452 2733 4452 2733 4457 2633 4186 2830 4457 2633 4499 2734 4458 2831 4498 2634 4495 2832 4499 2734 4498 2634 4491 2735 4497 2833 4490 2834 4491 2735 4492 2531 4547 2835 4492 2531 4509 2736 4509 2736 3796 2635 3795 2737 4509 2736 3795 2737 3793 2636 4510 2836 3793 2636 3791 2738 3790 2739 3791 2738 3792 2534 3790 2739 3798 2637 3799 2837 3798 2637 2356 2638 3811 2838 2356 2638 2430 2639 3811 2838 3811 2838 2430 2639 2495 2740 2492 2535 2494 2839 2495 2740 2493 2741 2494 2839 2492 2535 2493 2741 2437 2640 3872 2840 3872 2840 2437 2640 2436 2641 3872 2840 2436 2641 2444 2742 2439 2438 2443 2841 2444 2742 2439 2438 2450 2743 2451 2842 2687 2643 2450 2743 2449 2642 2687 2643 2691 2744 2690 2843 2691 2744 2728 2644 2682 2844 2728 2644 2729 2645 2730 2845 2730 2845 2729 2645 2630 2745 2631 2846 2630 2745 2634 2538 2634 2538 2635 2646 2631 2846 2635 2646 2799 2746 2631 2846 2799 2746 2654 2647 2711 2847 2711 2847 2654 2647 2589 2747 2578 2543 2588 2748 2589 2747 2715 2848 2588 2748 2587 2648 2715 2848 2587 2648 2717 2649 2718 2849 2717 2649 2783 2650 2783 2650 2784 2749 2718 2849 2784 2749 2763 2545 2797 2850 2511 2851 2763 2545 2512 2750 2512 2750 2762 2651 2701 2751 2701 2751 2757 2546 2760 2852 2760 2852 2757 2546 2759 2752 2759 2752 2804 2547 2805 2753 1019 2653 1018 2853 2805 2753 1018 2853 1019 2653 1020 2654 1066 2655 1024 2854 1020 2654 1025 2754 1024 2854 1066 2655 229 2549 1026 2855 1025 2754 229 2549 230 2755 231 2856 228 2550 238 2857 230 2755 228 2550 237 2756 238 2857 233 2656 236 2858 237 2756 233 2656 243 2657 234 2859 243 2657 551 2757 241 2860 551 2757 550 2551 584 2758 584 2758 583 2552 644 2759 644 2759 643 2553 710 2760 710 2760 709 2658 192 2861 709 2658 708 2659 193 2862 708 2659 707 2554 197 2761 197 2761 195 2660 136 2762 136 2762 195 2660 196 2661 196 2661 200 2662 136 2762 200 2662 198 2663 136 2762 136 2762 198 2663 199 2664 199 2664 203 2665 136 2762 203 2665 201 2666 136 2762 136 2762 201 2666 202 2667 145 2668 149 2763 136 2762 755 2669 147 2863 149 2763 754 2764 147 2863 755 2669 687 2566 753 2765 754 2764 686 2567 752 2766 753 2765 685 2670 751 2864 752 2766 684 2767 751 2864 685 2670 623 2671 683 2865 684 2767 575 2672 622 2866 623 2671 574 2768 622 2866 575 2672 545 2673 573 2867 574 2768 522 2674 544 2868 545 2673 507 2675 521 2869 522 2674 506 2769 521 2869 507 2675 493 2770 506 2769 494 2570 483 2771 493 2770 484 2571 475 2870 483 2771 476 2676 466 2871 476 2676 467 2677 223 2872 467 2677 221 2678 221 2678 222 2679 223 2872 222 2679 1408 2680 399 2873 399 2873 1408 2680 1409 2772 1409 2772 1566 2479 1404 2773 1404 2773 1565 2681 1403 2874 1565 2681 1483 2774 1487 2875 1490 2775 1483 2774 1491 2480 1490 2775 1492 2682 3024 2683 3283 2876 3024 2683 3022 2776 3021 2777 3022 2776 3023 2576 3021 2777 3286 2577 3288 2778 3288 2778 3289 2579 3290 2685 3282 2877 3290 2685 3285 2779 3255 2686 3020 2878 3285 2779 3254 2687 3013 2879 3255 2686 3253 2780 3016 2880 3254 2687 3253 2780 3294 2582 3295 2781 3295 2781 3264 2688 3274 2881 3264 2688 3272 2782 3273 2882 3272 2782 3271 2689 3268 2883 3271 2689 3188 2690 3189 2884 3188 2690 3176 2783 3189 2884 3176 2783 3221 2691 3222 2885 3221 2691 3252 2784 3222 2885 3235 2586 3251 2886 3252 2784 3235 2586 3226 2785 3236 2887 3225 2587 3224 2888 3226 2785 3225 2587 3249 2786 3223 2889 3239 2588 3248 2787 3249 2786 3834 2890 3248 2787 3247 2692 3833 2790 3247 2692 3246 2788 3245 2789 3246 2788 3238 2491 3245 2789 3327 2693 3833 2790 3964 2791 3833 2790 3344 2694 3964 2791 3344 2694 3831 2378 3964 2791 3967 2696 3968 2891 4062 2892 3967 2696 4063 2697 4063 2697 4070 2698 4071 2893 4071 2893 4070 2698 4776 2699 4776 2699 4730 2700 4777 2894 4777 2894 4730 2700 4732 2701 4778 2895 4732 2701 4763 2792 4763 2792 4762 2498 4764 2501 4779 2896 4763 2792 4765 2702 4765 2702 4766 2793 4780 2897 4766 2793 4767 2598 4768 2794 4768 2794 4097 2599 4098 2795 4059 2503 4100 2898 4098 2795 4059 2503 4099 2796 4100 2898 4103 2704 4099 2796 4058 2703 4102 2899 4103 2704 4114 2797 4115 2705 4972 2900 4114 2797 4115 2705 4116 2798 4972 2900 4113 2602 4120 2799 4116 2798 4120 2799 4119 2706 4976 2901 4976 2901 4119 2706 4118 2800 4117 2902 4118 2800 4112 2505 4112 2505 4175 2801 4117 2902 4974 2802 4175 2801 4174 2707 4174 2707 4124 2605 4974 2802 4974 2802 4122 2708 4973 2903 4973 2903 4122 2708 4121 2803 4973 2903 4121 2803 4130 2709 4977 2804 4973 2903 4130 2709 4966 2904 4977 2804 4980 2710 4980 2710 4840 2805 4981 2905 4133 2711 4132 2806 4840 2805 4132 2806 4131 2712 4843 2906 4843 2906 4131 2712 4141 2807 4841 2907 4141 2807 4139 2713 4841 2907 4139 2713 4138 2808 4136 2714 4841 2907 4138 2808 5008 2809 4841 2907 4136 2714 5000 2716 5008 2809 4142 2611 5001 2810 5000 2716 4828 2614 5002 2717 4985 2908 5001 2810 5003 2718 4987 2909 5002 2717 5004 2719 4989 2910 5003 2718 5005 2720 4991 2911 5004 2719 5006 2721 4993 2912 5005 2720 5006 2721 4995 2722 4993 2912 4994 2913 4995 2722 4996 2723 4996 2723 4963 2811 4961 2914 4997 2615 4925 2812 4963 2811 4923 2616 4924 2813 4925 2812 4924 2813 4932 2617 4922 2814 4922 2814 4192 2724 4287 2815 4197 2816 4287 2815 4288 2619 4271 2817 4197 2816 4283 2620 4272 2818 4271 2817 4273 2621 4357 2819 4272 2818 4274 2622 4358 2820 4357 2819 4359 2623 4344 2821 4358 2820 4360 2624 4342 2625 4343 2822 4344 2821 4349 2823 4343 2822 4341 2626 4316 2915 4349 2823 4350 2725 4316 2915 4350 2725 4314 2726 4314 2726 4313 2727 4315 2916 4313 2727 4369 2824 4315 2916 4444 2825 4369 2824 4445 2728 4305 2826 4444 2825 4185 2628 4421 2917 4305 2826 4306 2729 4421 2917 4306 2729 4422 2827 4422 2827 4307 2629 4423 2828 4423 2828 4304 2630 4178 2829 4178 2829 4191 2730 4176 2918 4188 2731 4189 2919 4191 2730 4188 2731 4325 2732 4186 2830 4186 2830 4457 2633 4458 2831 4458 2831 4499 2734 4495 2832 4497 2833 4495 2832 4498 2634 4497 2833 4491 2735 4489 2920 4490 2834 4489 2920 4491 2735 4547 2835 4490 2834 4492 2531 4513 2921 4547 2835 4509 2736 4510 2836 4509 2736 3793 2636 4510 2836 3791 2738 3790 2739 3790 2739 3799 2837 4510 2836 3798 2637 3797 2922 3799 2837 3798 2637 3811 2838 3810 2923 3811 2838 2495 2740 3810 2923 3810 2923 2495 2740 2494 2839 3872 2840 2494 2839 2493 2741 2444 2742 2443 2841 3872 2840 2442 2924 2443 2841 2439 2438 2439 2438 2451 2842 2442 2924 2451 2842 2450 2743 2687 2643 2687 2643 2690 2843 2451 2842 2683 2925 2690 2843 2691 2744 2683 2925 2691 2744 2682 2844 2682 2844 2728 2644 2730 2845 2730 2845 2630 2745 2731 2926 2629 2927 2630 2745 2631 2846 2631 2846 2799 2746 2798 2928 2710 2929 2799 2746 2711 2847 2711 2847 2589 2747 2713 2930 2713 2930 2589 2747 2588 2748 2713 2930 2588 2748 2715 2848 2716 2931 2715 2848 2717 2649 2716 2931 2717 2649 2718 2849 2784 2749 2797 2850 2718 2849 2511 2851 2797 2850 2763 2545 2511 2851 2512 2750 2513 2932 2699 2933 2512 2750 2701 2751 2760 2852 2761 2934 2701 2751 2759 2752 2805 2753 2760 2852 2805 2753 1018 2853 1079 2935 1020 2654 1079 2935 1018 2853 1020 2654 1024 2854 1023 2936 1025 2754 1026 2855 1024 2854 229 2549 1074 2937 1026 2855 231 2856 1074 2937 229 2549 231 2856 230 2755 232 2938 1081 2939 230 2755 238 2857 237 2756 1081 2939 238 2857 236 2858 1081 2939 237 2756 235 2940 236 2858 233 2656 233 2656 234 2859 235 2940 234 2859 243 2657 242 2941 241 2860 242 2941 243 2657 241 2860 551 2757 552 2942 551 2757 584 2758 585 2943 584 2758 644 2759 645 2944 644 2759 710 2760 711 2945 710 2760 192 2861 194 2946 709 2658 193 2862 192 2861 708 2659 197 2761 193 2862 193 2862 197 2761 136 2762 149 2763 147 2863 136 2762 754 2764 148 2947 147 2863 753 2765 148 2947 754 2764 752 2766 152 2948 753 2765 751 2864 150 2949 752 2766 684 2767 750 2950 751 2864 683 2865 750 2950 684 2767 622 2866 683 2865 623 2671 574 2768 621 2951 622 2866 573 2867 621 2951 574 2768 544 2868 573 2867 545 2673 521 2869 544 2868 522 2674 506 2769 520 2952 521 2869 493 2770 505 2953 506 2769 483 2771 492 2954 493 2770 475 2870 482 2955 483 2771 466 2871 475 2870 476 2676 223 2872 466 2871 467 2677 399 2873 223 2872 222 2679 399 2873 1409 2772 1404 2773 1403 2874 399 2873 1404 2773 1403 2874 1565 2681 1402 2956 1487 2875 1402 2956 1565 2681 1487 2875 1483 2774 1482 2957 1484 2958 1483 2774 1490 2775 1484 2958 1490 2775 3024 2683 1482 2957 3024 2683 3283 2876 3283 2876 3022 2776 3281 2959 3281 2959 3022 2776 3021 2777 3021 2777 3288 2778 3282 2877 3282 2877 3288 2778 3290 2685 3285 2779 3002 2960 3282 2877 3285 2779 3020 2878 3019 2961 3255 2686 3013 2879 3020 2878 3254 2687 3015 2962 3013 2879 3016 2880 3015 2962 3254 2687 3253 2780 3006 2963 3016 2880 3253 2780 3295 2781 3260 2964 3295 2781 3274 2881 3296 2965 3264 2688 3273 2882 3274 2881 3272 2782 3268 2883 3273 2882 3271 2689 3189 2884 3268 2883 3189 2884 3176 2783 3181 2966 3176 2783 3222 2885 3177 2967 3828 2968 3222 2885 3252 2784 3828 2968 3252 2784 3251 2886 3235 2586 3250 2969 3251 2886 3236 2887 3250 2969 3235 2586 3835 2970 3236 2887 3226 2785 3224 2888 3835 2970 3226 2785 3223 2889 3224 2888 3225 2587 3223 2889 3249 2786 3834 2890 3834 2890 3249 2786 3248 2787 3833 2790 3834 2890 3247 2692 3833 2790 3246 2788 3245 2789 3960 2971 3833 2790 3964 2791 3964 2791 3968 2891 3965 2972 3967 2696 4065 2973 3968 2891 4062 2892 4064 2974 3967 2696 4063 2697 4071 2893 4062 2892 4062 2892 4071 2893 4776 2699 4781 2975 4776 2699 4777 2894 4777 2894 4732 2701 4778 2895 4778 2895 4763 2792 4779 2896 4779 2896 4765 2702 4780 2897 4780 2897 4766 2793 4771 2976 4768 2794 4769 2977 4766 2793 4768 2794 4098 2795 4802 2978 4802 2978 4098 2795 4100 2898 4802 2978 4100 2898 4099 2796 4102 2899 4099 2796 4103 2704 4114 2797 4809 2979 4102 2899 4114 2797 4972 2900 4809 2979 4972 2900 4116 2798 4976 2901 4116 2798 4120 2799 4976 2901 4976 2901 4118 2800 4975 2980 4975 2980 4118 2800 4117 2902 4974 2802 4117 2902 4175 2801 4973 2903 4939 2981 4974 2802 4979 2982 4973 2903 4977 2804 4966 2904 4979 2982 4977 2804 4980 2710 4981 2905 4966 2904 4981 2905 4840 2805 4998 2983 4840 2805 4132 2806 4843 2906 4843 2906 4141 2807 4841 2907 5008 2809 4842 2984 4841 2907 4999 2985 5008 2809 5000 2716 4999 2985 5000 2716 5001 2810 5001 2810 4985 2908 4984 2986 5002 2717 4987 2909 4985 2908 5003 2718 4989 2910 4987 2909 5004 2719 4991 2911 4989 2910 5005 2720 4993 2912 4991 2911 4994 2913 4993 2912 4995 2722 4996 2723 4961 2914 4994 2913 4962 2987 4961 2914 4963 2811 4964 2988 4963 2811 4925 2812 4965 2989 4925 2812 4924 2813 4924 2813 4922 2814 4918 2990 4921 2991 4922 2814 4287 2815 4196 2992 4287 2815 4197 2816 4269 2993 4197 2816 4271 2817 4270 2994 4271 2817 4272 2818 4355 2995 4272 2818 4357 2819 4356 2996 4357 2819 4358 2820 4346 2997 4358 2820 4344 2821 4344 2821 4343 2822 4345 2998 4198 2999 4343 2822 4349 2823 4318 3000 4349 2823 4316 2915 4314 2726 4315 2916 4316 2915 4315 2916 4369 2824 4370 3001 4444 2825 4370 3001 4369 2824 4305 2826 4443 3002 4444 2825 4420 3003 4305 2826 4421 2917 4417 3004 4421 2917 4422 2827 4418 3005 4422 2827 4423 2828 4181 3006 4423 2828 4178 2829 4176 2918 4177 3007 4178 2829 4176 2918 4191 2730 4190 3008 4189 2919 4190 3008 4191 2730 4187 3009 4189 2919 4188 2731 4186 2830 4187 3009 4188 2731 4186 2830 4458 2831 4187 3009 4458 2831 4495 2832 4459 3010 4497 2833 4494 3011 4495 2832 4497 2833 4489 2920 4496 3012 4488 3013 4489 2920 4490 2834 4546 3014 4490 2834 4547 2835 4512 3015 4547 2835 4513 2921 4513 2921 4509 2736 4510 2836 4510 2836 3799 2837 3797 2922 3763 3016 3797 2922 3798 2637 3809 3017 3798 2637 3810 2923 3810 2923 2494 2839 3809 3017 3809 3017 2494 2839 3872 2840 3872 2840 2443 2841 2442 2924 2442 2924 2451 2842 2452 3018 2451 2842 2690 2843 2802 3019 2689 3020 2690 2843 2683 2925 2682 2844 2681 3021 2683 2925 2682 2844 2730 2845 2640 3022 2640 3022 2730 2845 2731 2926 2731 2926 2630 2745 2629 2927 2631 2846 2798 2928 2629 2927 2710 2929 2798 2928 2799 2746 2710 2929 2711 2847 2712 3023 2712 3023 2711 2847 2713 2930 2714 3024 2713 2930 2715 2848 2714 3024 2715 2848 2716 2931 2718 2849 2705 3025 2716 2931 2718 2849 2797 2850 2705 3025 2705 3025 2797 2850 2511 2851 2511 2851 2513 2932 2704 3026 2699 2933 2513 2932 2512 2750 2700 3027 2699 2933 2701 2751 2701 2751 2761 2934 2700 3027 2805 2753 2761 2934 2760 2852 2805 2753 1079 2935 2806 3028 1020 2654 1073 3029 1079 2935 1023 2936 1073 3029 1020 2654 1024 2854 1061 3030 1023 2936 1026 2855 1074 2937 1024 2854 231 2856 1075 3031 1074 2937 1064 3032 231 2856 232 2938 1081 2939 232 2938 230 2755 236 2858 1217 3033 1081 2939 235 2940 1217 3033 236 2858 234 2859 1217 3033 235 2940 242 2941 1217 3033 234 2859 241 2860 240 3034 242 2941 241 2860 552 2942 239 3035 552 2942 551 2757 585 2943 585 2943 584 2758 645 2944 645 2944 644 2759 711 2945 711 2945 710 2760 194 2946 194 2946 192 2861 136 2762 136 2762 192 2861 193 2862 136 2762 147 2863 148 2947 753 2765 152 2948 148 2947 752 2766 150 2949 152 2948 751 2864 151 3036 150 2949 750 2950 151 3036 751 2864 683 2865 749 3037 750 2950 622 2866 682 3038 683 2865 621 2951 682 3038 622 2866 573 2867 620 3039 621 2951 544 2868 572 3040 573 2867 521 2869 543 3041 544 2868 520 2952 543 3041 521 2869 505 2953 520 2952 506 2769 492 2954 505 2953 493 2770 482 2955 492 2954 483 2771 474 3042 482 2955 475 2870 465 3043 475 2870 466 2871 462 3044 466 2871 223 2872 401 3045 223 2872 399 2873 1403 2874 400 3046 399 2873 1402 2956 400 3046 1403 2874 1487 2875 1401 3047 1402 2956 1487 2875 1482 2957 1489 3048 1482 2957 1483 2774 1484 2958 1484 2958 3024 2683 1482 2957 3283 2876 1489 3048 1482 2957 3283 2876 3281 2959 3280 3049 3281 2959 3021 2777 3282 2877 3282 2877 3002 2960 3001 3050 3285 2779 3003 3051 3002 2960 3019 2961 3003 3051 3285 2779 3005 3052 3019 2961 3020 2878 3012 3053 3020 2878 3013 2879 3013 2879 3015 2962 3014 3054 3014 3054 3015 2962 3016 2880 3017 3055 3016 2880 3006 2963 3260 2964 3006 2963 3253 2780 3260 2964 3295 2781 3296 2965 3841 3056 3296 2965 3274 2881 3273 2882 3279 3057 3274 2881 3273 2882 3268 2883 3269 3058 3268 2883 3189 2884 3338 3059 3181 2966 3336 3060 3189 2884 3176 2783 3180 3061 3181 2966 3176 2783 3177 2967 3178 3062 3177 2967 3222 2885 3828 2968 3829 3063 3828 2968 3251 2886 3829 3063 3251 2886 3250 2969 3250 2969 3236 2887 3829 3063 3835 2970 3829 3063 3236 2887 3224 2888 3834 2890 3835 2970 3223 2889 3834 2890 3224 2888 3969 3064 3834 2890 3833 2790 3960 2971 3969 3064 3833 2790 3963 3065 3960 2971 3964 2791 3963 3065 3964 2791 3965 2972 3968 2891 4066 3066 3965 2972 3968 2891 4065 2973 4066 3066 3967 2696 4064 2974 4065 2973 4064 2974 4062 2892 4775 3067 4775 3067 4062 2892 4776 2699 4775 3067 4776 2699 4781 2975 4781 2975 4777 2894 4782 3068 4782 3068 4777 2894 4778 2895 4759 3069 4778 2895 4779 2896 4760 3070 4779 2896 4780 2897 4780 2897 4771 2976 4761 3071 4766 2793 4770 3072 4771 2976 4766 2793 4769 2977 4770 3072 4768 2794 4824 3073 4769 2977 4802 2978 4822 3074 4768 2794 4099 2796 4809 2979 4802 2978 4099 2796 4102 2899 4809 2979 4972 2900 4822 3074 4809 2979 4972 2900 4976 2901 4938 3075 4975 2980 4941 3076 4976 2901 4975 2980 4117 2902 4974 2802 4974 2802 4939 2981 4940 3077 4979 2982 4939 2981 4973 2903 4968 3078 4979 2982 4966 2904 4966 2904 4981 2905 4982 3079 4981 2905 4998 2983 4982 3079 4840 2805 4843 2906 4998 2983 4841 2907 4842 2984 4843 2906 4999 2985 4842 2984 5008 2809 5001 2810 4984 2986 4999 2985 4983 3080 4984 2986 4985 2908 4986 3081 4985 2908 4987 2909 4988 3082 4987 2909 4989 2910 4990 3083 4989 2910 4991 2911 4992 3084 4991 2911 4993 2912 4992 3084 4993 2912 4994 2913 4994 2913 4961 2914 4959 3085 4960 3086 4961 2914 4962 2987 4962 2987 4963 2811 4964 2988 4964 2988 4925 2812 4965 2989 4965 2989 4924 2813 4918 2990 4918 2990 4922 2814 4921 2991 4287 2815 4196 2992 4921 2991 4195 3087 4196 2992 4197 2816 4269 2993 4195 3087 4197 2816 4270 2994 4269 2993 4271 2817 4355 2995 4270 2994 4272 2818 4356 2996 4355 2995 4357 2819 4346 2997 4356 2996 4358 2820 4344 2821 4345 2998 4346 2997 4198 2999 4345 2998 4343 2822 4318 3000 4198 2999 4349 2823 4316 2915 4317 3088 4318 3000 4316 2915 4315 2916 4317 3088 4315 2916 4370 3001 4317 3088 4443 3002 4370 3001 4444 2825 4442 3089 4443 3002 4305 2826 4420 3003 4442 3089 4305 2826 4416 3090 4420 3003 4421 2917 4416 3090 4421 2917 4417 3004 4417 3004 4422 2827 4418 3005 4418 3005 4423 2828 4181 3006 4181 3006 4178 2829 4179 3091 4179 3091 4178 2829 4177 3007 4176 2918 4462 3092 4177 3007 4190 3008 4461 3093 4176 2918 4189 2919 4460 3094 4190 3008 4187 3009 4459 3010 4189 2919 4187 3009 4458 2831 4459 3010 4459 3010 4495 2832 4460 3094 4494 3011 4460 3094 4495 2832 4496 3012 4494 3011 4497 2833 4496 3012 4489 2920 4487 3095 4488 3013 4487 3095 4489 2920 4546 3014 4488 3013 4490 2834 4512 3015 4546 3014 4547 2835 4505 3096 4512 3015 4513 2921 4502 3097 4513 2921 4510 2836 4510 2836 3797 2922 3801 3098 3763 3016 3801 3098 3797 2922 3809 3017 3763 3016 3798 2637 3809 3017 3872 2840 3808 3099 3872 2840 2442 2924 3873 3100 3873 3100 2442 2924 2452 3018 2451 2842 2802 3019 2452 3018 2690 2843 2801 3101 2802 3019 2689 3020 2800 3102 2690 2843 2683 2925 2694 3103 2689 3020 2681 3021 2693 3104 2683 2925 2640 3022 2681 3021 2682 2844 2640 3022 2731 2926 2641 3105 2731 2926 2629 2927 2732 3106 2629 2927 2798 2928 2708 3107 2712 3023 2798 2928 2710 2929 2712 3023 2713 2930 2714 3024 2716 2931 2706 3108 2714 3024 2716 2931 2705 3025 2706 3108 2511 2851 2704 3026 2705 3025 2704 3026 2513 2932 2727 3109 2703 3110 2513 2932 2699 2933 2698 3111 2699 2933 2700 3027 2807 3112 2700 3027 2761 2934 2806 3028 2761 2934 2805 2753 1079 2935 1078 3113 2806 3028 1073 3029 1078 3113 1079 2935 1023 2936 1031 3114 1073 3029 1023 2936 1061 3030 1059 3115 1024 2854 1074 2937 1061 3030 1074 2937 1075 3031 1061 3030 1076 3116 1075 3031 231 2856 1076 3116 231 2856 1064 3032 1064 3032 232 2938 1061 3030 1065 3117 232 2938 1081 2939 1224 3118 1081 2939 1217 3033 242 2941 1218 3119 1217 3033 240 3034 1218 3119 242 2941 239 3035 240 3034 241 2860 239 3035 552 2942 553 3120 552 2942 585 2943 586 3121 585 2943 645 2944 646 3122 645 2944 711 2945 712 3123 711 2945 194 2946 190 3124 190 3124 194 2946 136 2762 148 2947 152 2948 136 2762 152 2948 150 2949 136 2762 136 2762 150 2949 151 3036 750 2950 155 3125 151 3036 749 3037 155 3125 750 2950 682 3038 749 3037 683 2865 621 2951 681 3126 682 3038 620 3039 681 3126 621 2951 572 3040 620 3039 573 2867 543 3041 572 3040 544 2868 520 2952 542 3127 543 3041 505 2953 519 3128 520 2952 492 2954 504 3129 505 2953 482 2955 491 3130 492 2954 474 3042 481 3131 482 2955 465 3043 474 3042 475 2870 462 3044 465 3043 466 2871 401 3045 462 3044 223 2872 399 2873 400 3046 401 3045 1402 2956 402 3132 400 3046 1401 3047 402 3132 1402 2956 1392 3133 1401 3047 1487 2875 1488 3134 1487 2875 1489 3048 3283 2876 1488 3134 1489 3048 3280 3049 1488 3134 3283 2876 3280 3049 3281 2959 2999 3135 2999 3135 3281 2959 3282 2877 2999 3135 3282 2877 3001 3050 3000 3136 3001 3050 3002 2960 3000 3136 3002 2960 3003 3051 3003 3051 3019 2961 3005 3052 3005 3052 3020 2878 3012 3053 3012 3053 3013 2879 3014 3054 3014 3054 3016 2880 3017 3055 3006 2963 3008 3137 3017 3055 3260 2964 3007 3138 3006 2963 3260 2964 3296 2965 3258 3139 3841 3056 3258 3139 3296 2965 3838 3140 3841 3056 3274 2881 3838 3140 3274 2881 3279 3057 3273 2882 3278 3141 3279 3057 3269 3058 3275 3142 3273 2882 3268 2883 3267 3143 3269 3058 3268 2883 3338 3059 3266 3144 3189 2884 3337 3145 3338 3059 3189 2884 3336 3060 3337 3145 3836 3146 3336 3060 3181 2966 3837 3147 3181 2966 3180 3061 3176 2783 3179 3148 3180 3061 3178 3062 3179 3148 3176 2783 3178 3062 3177 2967 3828 2968 3976 3149 3828 2968 3829 3063 3971 3150 3829 3063 3835 2970 3969 3064 3835 2970 3834 2890 3815 3151 3969 3064 3960 2971 3958 3152 3960 2971 3963 3065 3965 2972 4067 3153 3963 3065 3965 2972 4066 3066 4067 3153 4775 3067 4066 3066 4065 2973 4775 3067 4065 2973 4064 2974 4781 2975 4773 3154 4775 3067 4782 3068 4800 3155 4781 2975 4782 3068 4778 2895 4759 3069 4759 3069 4779 2896 4760 3070 4760 3070 4780 2897 4761 3071 4761 3071 4771 2976 4805 3156 4770 3072 4803 3157 4771 2976 4769 2977 4825 3158 4770 3072 4769 2977 4824 3073 4825 3158 4768 2794 4823 3159 4824 3073 4822 3074 4823 3159 4768 2794 4802 2978 4809 2979 4822 3074 4972 2900 4823 3159 4822 3074 4971 3160 4972 2900 4938 3075 4938 3075 4976 2901 4941 3076 4975 2980 4940 3077 4941 3076 4974 2802 4940 3077 4975 2980 4939 2981 4936 3161 4940 3077 4978 3162 4939 2981 4979 2982 4968 3078 4978 3162 4979 2982 4966 2904 4967 3163 4968 3078 4966 2904 4982 3079 4967 3163 4982 3079 4998 2983 5056 3164 4998 2983 4843 2906 4842 2984 4999 2985 4998 2983 4842 2984 4984 2986 4998 2983 4999 2985 4983 3080 5056 3164 4984 2986 4983 3080 4985 2908 4986 3081 4986 3081 4987 2909 4988 3082 4988 3082 4989 2910 4990 3083 4990 3083 4991 2911 4992 3084 4994 2913 4959 3085 4992 3084 4960 3086 4959 3085 4961 2914 4962 2987 4948 3165 4960 3086 4964 2988 4949 3166 4962 2987 4965 2989 4950 3167 4964 2988 4918 2990 4920 3168 4965 2989 4918 2990 4921 2991 4919 3169 4921 2991 4196 2992 4195 3087 4282 3170 4195 3087 4269 2993 4247 3171 4269 2993 4270 2994 4206 3172 4270 2994 4355 2995 4245 3173 4355 2995 4356 2996 4347 3174 4356 2996 4346 2997 4346 2997 4345 2998 4243 3175 4200 3176 4345 2998 4198 2999 4199 3177 4198 2999 4318 3000 4318 3000 4317 3088 4319 3178 4317 3088 4370 3001 4371 3179 4443 3002 4371 3179 4370 3001 4442 3089 4441 3180 4443 3002 4419 3181 4442 3089 4420 3003 4415 3182 4420 3003 4416 3090 4384 3183 4416 3090 4417 3004 4381 3184 4417 3004 4418 3005 4374 3185 4418 3005 4181 3006 4179 3091 4180 3186 4181 3006 4177 3007 4463 3187 4179 3091 4177 3007 4462 3092 4463 3187 4176 2918 4461 3093 4462 3092 4190 3008 4460 3094 4461 3093 4189 2919 4459 3010 4460 3094 4494 3011 4461 3093 4460 3094 4542 3188 4494 3011 4496 3012 4543 3189 4496 3012 4487 3095 4486 3190 4487 3095 4488 3013 4545 3191 4488 3013 4546 3014 4541 3192 4546 3014 4512 3015 4511 3193 4512 3015 4505 3096 4505 3096 4513 2921 4502 3097 4502 3097 4510 2836 4508 3194 4508 3194 4510 2836 3801 3098 3763 3016 3800 3195 3801 3098 3808 3099 3763 3016 3809 3017 3808 3099 3872 2840 3874 3196 3874 3196 3872 2840 3873 3100 3873 3100 2452 3018 2802 3019 2802 3019 2801 3101 3873 3100 2690 2843 2800 3102 2801 3101 2800 3102 2689 3020 3825 3197 3825 3197 2689 3020 2694 3103 2683 2925 2693 3104 2694 3103 2681 3021 2692 3198 2693 3104 2640 3022 2642 3199 2681 3021 2640 3022 2641 3105 2642 3199 2641 3105 2731 2926 2732 3106 2732 3106 2629 2927 2733 3200 2629 2927 2708 3107 2733 3200 2712 3023 2708 3107 2798 2928 2714 3024 2708 3107 2712 3023 2714 3024 2706 3108 2708 3107 2704 3026 2706 3108 2705 3025 2704 3026 2727 3109 2709 3201 2703 3110 2727 3109 2513 2932 2699 2933 2702 3202 2703 3110 2699 2933 2698 3111 2702 3202 2698 3111 2700 3027 2807 3112 2807 3112 2761 2934 2806 3028 2806 3028 1078 3113 1077 3203 1073 3029 1077 3203 1078 3113 1031 3114 1072 3204 1073 3029 1022 3205 1031 3114 1023 2936 1023 2936 1059 3115 1021 3206 1061 3030 1063 3207 1059 3115 1061 3030 1075 3031 1076 3116 1061 3030 1076 3116 1064 3032 1061 3030 232 2938 1065 3117 1081 2939 1062 3208 1065 3117 1082 3209 1081 2939 1224 3118 1224 3118 1217 3033 1225 3210 1225 3210 1217 3033 1218 3119 240 3034 248 3211 1218 3119 239 3035 248 3211 240 3034 239 3035 553 3120 246 3212 553 3120 552 2942 586 3121 586 3121 585 2943 646 3122 646 3122 645 2944 712 3123 712 3123 711 2945 190 3124 136 2762 189 3213 190 3124 151 3036 155 3125 136 2762 749 3037 153 3214 155 3125 682 3038 748 3215 749 3037 681 3126 748 3215 682 3038 620 3039 680 3216 681 3126 572 3040 619 3217 620 3039 543 3041 571 3218 572 3040 542 3127 571 3218 543 3041 519 3128 542 3127 520 2952 504 3129 519 3128 505 2953 491 3130 504 3129 492 2954 481 3131 491 3130 482 2955 473 3219 481 3131 474 3042 464 3220 474 3042 465 3043 461 3221 465 3043 462 3044 403 3222 462 3044 401 3045 401 3045 400 3046 402 3132 1401 3047 398 3223 402 3132 1392 3133 398 3223 1401 3047 1486 3224 1392 3133 1487 2875 1486 3224 1487 2875 1488 3134 3280 3049 1486 3224 1488 3134 3280 3049 2999 3135 1394 3225 3000 3136 2999 3135 3001 3050 3000 3136 3003 3051 3004 3226 3004 3226 3003 3051 3005 3052 3012 3053 1463 3227 3005 3052 3014 3054 1464 3228 3012 3053 3017 3055 1456 3229 3014 3054 3017 3055 3008 3137 3018 3230 3006 2963 3007 3138 3008 3137 3009 3231 3007 3138 3260 2964 3258 3139 3259 3232 3260 2964 3259 3232 3258 3139 3841 3056 3839 3233 3841 3056 3838 3140 3279 3057 3278 3141 3838 3140 3277 3234 3278 3141 3273 2882 3273 2882 3275 3142 3276 3235 3275 3142 3269 3058 3827 3236 3269 3058 3267 3143 3827 3236 3266 3144 3267 3143 3268 2883 3827 3236 3266 3144 3338 3059 3836 3146 3338 3059 3337 3145 3337 3145 3336 3060 3836 3146 3836 3146 3181 2966 3837 3147 3837 3147 3180 3061 3179 3148 3828 2968 3179 3148 3178 3062 3976 3149 4021 3237 3828 2968 3971 3150 3976 3149 3829 3063 3955 3238 3971 3150 3835 2970 3955 3238 3835 2970 3969 3064 3815 3151 3955 3238 3969 3064 3960 2971 3961 3239 3815 3151 3958 3152 3959 3240 3960 2971 3958 3152 3963 3065 4640 3241 4640 3241 3963 3065 4067 3153 4067 3153 4066 3066 4775 3067 4775 3067 4773 3154 4774 3242 4781 2975 4800 3155 4773 3154 4782 3068 4798 3243 4800 3155 4759 3069 4798 3243 4782 3068 4755 3244 4759 3069 4760 3070 4753 3245 4760 3070 4761 3071 4761 3071 4805 3156 4752 3246 4771 2976 4804 3247 4805 3156 4771 2976 4803 3157 4804 3247 4770 3072 4826 3248 4803 3157 4770 3072 4825 3158 4826 3248 4971 3160 4825 3158 4824 3073 4824 3073 4823 3159 4972 2900 4824 3073 4972 2900 4971 3160 4971 3160 4938 3075 4826 3248 4938 3075 4941 3076 5022 3249 4940 3077 4935 3250 4941 3076 4940 3077 4936 3161 4935 3250 4978 3162 4936 3161 4939 2981 4970 3251 4978 3162 4968 3078 4968 3078 4967 3163 4969 3252 4982 3079 5056 3164 4967 3163 4984 2986 5056 3164 4998 2983 4983 3080 5057 3253 5056 3164 4986 3081 4952 3254 4983 3080 4988 3082 4953 3255 4986 3081 4990 3083 4955 3256 4988 3082 4992 3084 4957 3257 4990 3083 4992 3084 4959 3085 4957 3257 4958 3258 4959 3085 4960 3086 4960 3086 4948 3165 4947 3259 4962 2987 4949 3166 4948 3165 4964 2988 4950 3167 4949 3166 4965 2989 4920 3168 4950 3167 4918 2990 4919 3169 4920 3168 4919 3169 4921 2991 5065 3260 4921 2991 4195 3087 5065 3260 5065 3260 4195 3087 4282 3170 4282 3170 4269 2993 4449 3261 4449 3261 4269 2993 4247 3171 4206 3172 4247 3171 4270 2994 4245 3173 4206 3172 4355 2995 4347 3174 4245 3173 4356 2996 4346 2997 4243 3175 4347 3174 4200 3176 4243 3175 4345 2998 4198 2999 4199 3177 4200 3176 4318 3000 4319 3178 4199 3177 4317 3088 4371 3179 4319 3178 4441 3180 4371 3179 4443 3002 4440 3262 4441 3180 4442 3089 4419 3181 4440 3262 4442 3089 4415 3182 4419 3181 4420 3003 4388 3263 4415 3182 4416 3090 4388 3263 4416 3090 4384 3183 4384 3183 4417 3004 4381 3184 4381 3184 4418 3005 4374 3185 4374 3185 4181 3006 4375 3264 4375 3264 4181 3006 4180 3186 4179 3091 4464 3265 4180 3186 4179 3091 4463 3187 4464 3265 4463 3187 4462 3092 4472 3266 4462 3092 4461 3093 4494 3011 4472 3266 4494 3011 4542 3188 4542 3188 4496 3012 4543 3189 4543 3189 4487 3095 4544 3267 4544 3267 4487 3095 4486 3190 4545 3191 4486 3190 4488 3013 4541 3192 4545 3191 4546 3014 4511 3193 4541 3192 4512 3015 4505 3096 4530 3268 4511 3193 4502 3097 4504 3269 4505 3096 4508 3194 4471 3270 4502 3097 4508 3194 3801 3098 3800 3195 3762 3271 3800 3195 3763 3016 3808 3099 3761 3272 3763 3016 3874 3196 3807 3273 3808 3099 4038 3274 3874 3196 3873 3100 3873 3100 2801 3101 3825 3197 2801 3101 2800 3102 3825 3197 3825 3197 2694 3103 2693 3104 3871 3275 2693 3104 2692 3198 2686 3276 2692 3198 2681 3021 2681 3021 2642 3199 2685 3277 2642 3199 2641 3105 2643 3278 2641 3105 2732 3106 2639 3279 2732 3106 2733 3200 2734 3280 2733 3200 2708 3107 2707 3281 2706 3108 2707 3281 2708 3107 2704 3026 2707 3281 2706 3108 2709 3201 2707 3281 2704 3026 2709 3201 2727 3109 2726 3282 2720 3283 2727 3109 2703 3110 2703 3110 2702 3202 2719 3284 2698 3111 2808 3285 2702 3202 2698 3111 2807 3112 2808 3285 2806 3028 1077 3203 2807 3112 1072 3204 1077 3203 1073 3029 1031 3114 1071 3286 1072 3204 1022 3205 1029 3287 1031 3114 1021 3206 1022 3205 1023 2936 1021 3206 1059 3115 1041 3288 1059 3115 1063 3207 1060 3289 1061 3030 1062 3208 1063 3207 1061 3030 1065 3117 1062 3208 1082 3209 1062 3208 1081 2939 1101 3290 1082 3209 1224 3118 1105 3291 1224 3118 1225 3210 1225 3210 1218 3119 1226 3292 1218 3119 248 3211 247 3293 239 3035 247 3293 248 3211 246 3212 247 3293 239 3035 246 3212 553 3120 554 3294 553 3120 586 3121 587 3295 586 3121 646 3122 647 3296 646 3122 712 3123 713 3297 712 3123 190 3124 189 3213 191 3298 189 3213 136 2762 155 3125 153 3214 136 2762 748 3215 153 3214 749 3037 681 3126 747 3299 748 3215 680 3216 747 3299 681 3126 619 3217 680 3216 620 3039 571 3218 619 3217 572 3040 542 3127 570 3300 571 3218 519 3128 541 3301 542 3127 504 3129 518 3302 519 3128 491 3130 503 3303 504 3129 481 3131 490 3304 491 3130 473 3219 480 3305 481 3131 464 3220 473 3219 474 3042 461 3221 464 3220 465 3043 403 3222 461 3221 462 3044 401 3045 402 3132 403 3222 398 3223 403 3222 402 3132 398 3223 1392 3133 1393 3306 1485 3307 1392 3133 1486 3224 1485 3307 1486 3224 3280 3049 1394 3225 1485 3307 3280 3049 2999 3135 1395 3308 1394 3225 2998 3309 2999 3135 3000 3136 3004 3226 1465 3310 3000 3136 3005 3052 1466 3311 3004 3226 3005 3052 1463 3227 1467 3312 3012 3053 1464 3228 1463 3227 3014 3054 1457 3313 1464 3228 1456 3229 1457 3313 3014 3054 3017 3055 1455 3314 1456 3229 3017 3055 3018 3230 2997 3315 2955 3316 3018 3230 3008 3137 3007 3138 3011 3317 3008 3137 3009 3231 3010 3318 3007 3138 3260 2964 3261 3319 3009 3231 3260 2964 3259 3232 3261 3319 3841 3056 3261 3319 3259 3232 3839 3233 3842 3320 3841 3056 3838 3140 3277 3234 3839 3233 3838 3140 3278 3141 3277 3234 3273 2882 3276 3235 3277 3234 3839 3233 3276 3235 3275 3142 3275 3142 3827 3236 3839 3233 3827 3236 3267 3143 3266 3144 3836 3146 3827 3236 3338 3059 3837 3147 3827 3236 3836 3146 3828 2968 3837 3147 3179 3148 4021 3237 3837 3147 3828 2968 3975 3321 4021 3237 3976 3149 3970 3322 3976 3149 3971 3150 3951 3323 3971 3150 3955 3238 3814 3324 3955 3238 3815 3151 3815 3151 3961 3239 3962 3325 3960 2971 3959 3240 3961 3239 3958 3152 4640 3241 3959 3240 4067 3153 4774 3242 4640 3241 4775 3067 4774 3242 4067 3153 4773 3154 4712 3326 4774 3242 4800 3155 4801 3327 4773 3154 4798 3243 4799 3328 4800 3155 4759 3069 4796 3329 4798 3243 4757 3330 4759 3069 4755 3244 4755 3244 4760 3070 4753 3245 4753 3245 4761 3071 4752 3246 4752 3246 4805 3156 4807 3331 4805 3156 4804 3247 4806 3332 4803 3157 4819 3333 4804 3247 4803 3157 4826 3248 4827 3334 4826 3248 4825 3158 4971 3160 4826 3248 4938 3075 4827 3334 4938 3075 5022 3249 4933 3335 5022 3249 4941 3076 4935 3250 4935 3250 4936 3161 4937 3336 4937 3336 4936 3161 4978 3162 4970 3251 4937 3336 4978 3162 4968 3078 4969 3252 4970 3251 4967 3163 5057 3253 4969 3252 4967 3163 5056 3164 5057 3253 4952 3254 5057 3253 4983 3080 4986 3081 4953 3255 4952 3254 4988 3082 4955 3256 4953 3255 4990 3083 4957 3257 4955 3256 4958 3258 4957 3257 4959 3085 4960 3086 4947 3259 4958 3258 4885 3337 4947 3259 4948 3165 4897 3338 4948 3165 4949 3166 4903 3339 4949 3166 4950 3167 4904 3340 4950 3167 4920 3168 4911 3341 4920 3168 4919 3169 4919 3169 5065 3260 4912 3342 5065 3260 4282 3170 5066 3343 5066 3343 4282 3170 4449 3261 4449 3261 4247 3171 4450 3344 4205 3345 4247 3171 4206 3172 4204 3346 4206 3172 4245 3173 4244 3347 4245 3173 4347 3174 4347 3174 4243 3175 4242 3348 4241 3349 4243 3175 4200 3176 4199 3177 4373 3350 4200 3176 4319 3178 4372 3351 4199 3177 4319 3178 4371 3179 4372 3351 4441 3180 4372 3351 4371 3179 4440 3262 4439 3352 4441 3180 4265 3353 4440 3262 4419 3181 4414 3354 4419 3181 4415 3182 4391 3355 4415 3182 4388 3263 4384 3183 4387 3356 4388 3263 4381 3184 4383 3357 4384 3183 4374 3185 4380 3358 4381 3184 4374 3185 4375 3264 4376 3359 4180 3186 4465 3360 4375 3264 4180 3186 4464 3265 4465 3360 4464 3265 4463 3187 4472 3266 4472 3266 4462 3092 4494 3011 4482 3361 4472 3266 4542 3188 4483 3362 4542 3188 4543 3189 4485 3363 4543 3189 4544 3267 4544 3267 4486 3190 4545 3191 4540 3364 4545 3191 4541 3192 4511 3193 4539 3365 4541 3192 4511 3193 4530 3268 4531 3366 4505 3096 4504 3269 4530 3268 4502 3097 4503 3367 4504 3269 4502 3097 4471 3270 4507 3368 4508 3194 3805 3369 4471 3270 3800 3195 3762 3271 4508 3194 3761 3272 3762 3271 3763 3016 3807 3273 3761 3272 3808 3099 3802 3370 3807 3273 3874 3196 4038 3274 3877 3371 3874 3196 3873 3100 3871 3275 4038 3274 3873 3100 3825 3197 3871 3275 3871 3275 3825 3197 2693 3104 3871 3275 2692 3198 2686 3276 2681 3021 2685 3277 2686 3276 2684 3372 2685 3277 2642 3199 2643 3278 2696 3373 2642 3199 2639 3279 2643 3278 2641 3105 2639 3279 2732 3106 2734 3280 2734 3280 2733 3200 2735 3374 2733 3200 2707 3281 2735 3374 2735 3374 2707 3281 2709 3201 2709 3201 2726 3282 2738 3375 2720 3283 2726 3282 2727 3109 2703 3110 2719 3284 2720 3283 2809 3376 2719 3284 2702 3202 2702 3202 2808 3285 2809 3376 2807 3112 1072 3204 2808 3285 2807 3112 1077 3203 1072 3204 2808 3285 1072 3204 1071 3286 1036 3377 1071 3286 1031 3114 1029 3287 1030 3378 1031 3114 1028 3379 1029 3287 1022 3205 1037 3380 1022 3205 1021 3206 1041 3288 1042 3381 1021 3206 1059 3115 1060 3289 1041 3288 1082 3209 1060 3289 1063 3207 1063 3207 1062 3208 1082 3209 1086 3382 1082 3209 1101 3290 1101 3290 1224 3118 1105 3291 1105 3291 1225 3210 1110 3383 1110 3383 1225 3210 1226 3292 1226 3292 1218 3119 1219 3384 1218 3119 247 3293 1219 3384 246 3212 245 3385 247 3293 246 3212 554 3294 225 3386 554 3294 553 3120 587 3295 587 3295 586 3121 647 3296 647 3296 646 3122 713 3297 713 3297 712 3123 189 3213 713 3297 189 3213 191 3298 187 3387 191 3298 136 2762 136 2762 153 3214 154 3388 748 3215 154 3388 153 3214 747 3299 154 3388 748 3215 680 3216 746 3389 747 3299 619 3217 679 3390 680 3216 571 3218 618 3391 619 3217 570 3300 618 3391 571 3218 541 3301 570 3300 542 3127 518 3302 541 3301 519 3128 503 3303 518 3302 504 3129 490 3304 503 3303 491 3130 480 3305 490 3304 481 3131 472 3392 480 3305 473 3219 463 3393 473 3219 464 3220 460 3394 464 3220 461 3221 384 3395 461 3221 403 3222 389 3396 403 3222 398 3223 1393 3306 1394 3225 398 3223 1485 3307 1393 3306 1392 3133 1394 3225 1393 3306 1485 3307 398 3223 1394 3225 1395 3308 2998 3309 1395 3308 2999 3135 3000 3136 1396 3397 2998 3309 3000 3136 1465 3310 1439 3398 3004 3226 1466 3311 1465 3310 3005 3052 1467 3312 1466 3311 1461 3399 1467 3312 1463 3227 1461 3399 1463 3227 1464 3228 1450 3400 1464 3228 1457 3313 1452 3401 1457 3313 1456 3229 1455 3314 1454 3402 1456 3229 2997 3315 1455 3314 3017 3055 2952 3403 2997 3315 3018 3230 2952 3403 3018 3230 2955 3316 3011 3317 2955 3316 3008 3137 3007 3138 3010 3318 3011 3317 3840 3404 3010 3318 3009 3231 3840 3404 3009 3231 3261 3319 3840 3404 3261 3319 3841 3056 2957 3405 3841 3056 3842 3320 3999 3406 3842 3320 3839 3233 3839 3233 3277 3234 3276 3235 3839 3233 3827 3236 3998 3407 3837 3147 3998 3407 3827 3236 4021 3237 3997 3408 3837 3147 3975 3321 4020 3409 4021 3237 3970 3322 3975 3321 3976 3149 3951 3323 3970 3322 3971 3150 3955 3238 3956 3410 3951 3323 3814 3324 3954 3411 3955 3238 3813 3412 3814 3324 3815 3151 3815 3151 3962 3325 3813 3412 3962 3325 3961 3239 4639 3413 3961 3239 3959 3240 4639 3413 4639 3413 3959 3240 4640 3241 4774 3242 4705 3414 4640 3241 4774 3242 4712 3326 4705 3414 4711 3415 4712 3326 4773 3154 4773 3154 4801 3327 4711 3415 4800 3155 4799 3328 4801 3327 4798 3243 4797 3416 4799 3328 4796 3329 4797 3416 4798 3243 4757 3330 4796 3329 4759 3069 4755 3244 4756 3417 4757 3330 4753 3245 4754 3418 4755 3244 4752 3246 4735 3419 4753 3245 4752 3246 4807 3331 4751 3420 4805 3156 4806 3332 4807 3331 4804 3247 4820 3421 4806 3332 4804 3247 4819 3333 4820 3421 4803 3157 4827 3334 4819 3333 4933 3335 4827 3334 4938 3075 4933 3335 5022 3249 4834 3422 5022 3249 4935 3250 4834 3422 4834 3422 4935 3250 4937 3336 5044 3423 4937 3336 4970 3251 4969 3252 5058 3424 4970 3251 4969 3252 5057 3253 5058 3424 4952 3254 5058 3424 5057 3253 4951 3425 4952 3254 4953 3255 4954 3426 4953 3255 4955 3256 4956 3427 4955 3256 4957 3257 4956 3427 4957 3257 4958 3258 4958 3258 4947 3259 4946 3428 4884 3429 4947 3259 4885 3337 4885 3337 4948 3165 4897 3338 4897 3338 4949 3166 4903 3339 4903 3339 4950 3167 4904 3340 4904 3340 4920 3168 4911 3341 4911 3341 4919 3169 4912 3342 4912 3342 5065 3260 5066 3343 5066 3343 4449 3261 4450 3344 4450 3344 4247 3171 4246 3430 4205 3345 4246 3430 4247 3171 4204 3346 4205 3345 4206 3172 4244 3347 4204 3346 4245 3173 4347 3174 4242 3348 4244 3347 4241 3349 4242 3348 4243 3175 4200 3176 4373 3350 4241 3349 4199 3177 4372 3351 4373 3350 4439 3352 4372 3351 4441 3180 4438 3431 4439 3352 4440 3262 4265 3353 4438 3431 4440 3262 4414 3354 4265 3353 4419 3181 4391 3355 4414 3354 4415 3182 4388 3263 4390 3432 4391 3355 4387 3356 4389 3433 4388 3263 4384 3183 4386 3434 4387 3356 4384 3183 4383 3357 4385 3435 4381 3184 4382 3436 4383 3357 4380 3358 4382 3436 4381 3184 4374 3185 4379 3437 4380 3358 4376 3359 4379 3437 4374 3185 4376 3359 4375 3264 4377 3438 4375 3264 4465 3360 4466 3439 4465 3360 4464 3265 4481 3440 4481 3440 4464 3265 4472 3266 4481 3440 4472 3266 4482 3361 4482 3361 4542 3188 4483 3362 4483 3362 4543 3189 4485 3363 4485 3363 4544 3267 4540 3364 4540 3364 4544 3267 4545 3191 4539 3365 4540 3364 4541 3192 4526 3441 4539 3365 4511 3193 4511 3193 4531 3366 4526 3441 4531 3366 4530 3268 4601 3442 4601 3442 4530 3268 4504 3269 4599 3443 4504 3269 4503 3367 4502 3097 4507 3368 4503 3367 4471 3270 4506 3444 4507 3368 3805 3369 3804 3445 4471 3270 3806 3446 3805 3369 4508 3194 4508 3194 3762 3271 3761 3272 3807 3273 3806 3446 3761 3272 3802 3370 3806 3446 3807 3273 3874 3196 3803 3447 3802 3370 3874 3196 3877 3371 3803 3447 4038 3274 3885 3448 3877 3371 4037 3449 4038 3274 3871 3275 3870 3450 3871 3275 2686 3276 2685 3277 3870 3450 2686 3276 2685 3277 2684 3372 3870 3450 2642 3199 2697 3451 2684 3372 2642 3199 2696 3373 2697 3451 2643 3278 2695 3452 2696 3373 2638 3453 2643 3278 2639 3279 2639 3279 2734 3280 2637 3454 2734 3280 2735 3374 2736 3455 2735 3374 2709 3201 2736 3455 2736 3455 2709 3201 2738 3375 2738 3375 2726 3282 2739 3456 2725 3457 2726 3282 2720 3283 2719 3284 2721 3458 2720 3283 2721 3458 2719 3284 2809 3376 2809 3376 2808 3285 1036 3377 2808 3285 1071 3286 1036 3377 1030 3378 1036 3377 1031 3114 1029 3287 5168 3459 1030 3378 1028 3379 5168 3459 1029 3287 1027 3460 1028 3379 1022 3205 1027 3460 1022 3205 1037 3380 1037 3380 1021 3206 1038 3461 1021 3206 1042 3381 1043 3462 1041 3288 1040 3463 1042 3381 1041 3288 1060 3289 1086 3382 1086 3382 1060 3289 1082 3209 1101 3290 1103 3464 1086 3382 1105 3291 1106 3465 1101 3290 1109 3466 1105 3291 1110 3383 1110 3383 1226 3292 1115 3467 1226 3292 1219 3384 1227 3468 1219 3384 247 3293 245 3385 244 3469 245 3385 246 3212 225 3386 224 3470 246 3212 225 3386 554 3294 555 3471 554 3294 587 3295 588 3472 587 3295 647 3296 648 3473 647 3296 713 3297 714 3474 714 3474 713 3297 191 3298 714 3474 191 3298 187 3387 136 2762 186 3475 187 3387 154 3388 158 3476 136 2762 747 3299 158 3476 154 3388 746 3389 158 3476 747 3299 679 3390 746 3389 680 3216 618 3391 679 3390 619 3217 570 3300 617 3477 618 3391 541 3301 569 3478 570 3300 518 3302 540 3479 541 3301 503 3303 517 3480 518 3302 490 3304 502 3481 503 3303 480 3305 489 3482 490 3304 472 3392 479 3483 480 3305 463 3393 472 3392 473 3219 460 3394 463 3393 464 3220 384 3395 460 3394 461 3221 389 3396 384 3395 403 3222 397 3484 389 3396 398 3223 398 3223 1395 3308 397 3484 2998 3309 1396 3397 1395 3308 3000 3136 1397 3485 1396 3397 3000 3136 1439 3398 1438 3486 1439 3398 1465 3310 1440 3487 1440 3487 1465 3310 1466 3311 1461 3399 1466 3311 1467 3312 1450 3400 1461 3399 1464 3228 1450 3400 1457 3313 1452 3401 1452 3401 1456 3229 1458 3488 1458 3488 1456 3229 1454 3402 1453 3489 1454 3402 1455 3314 2997 3315 1453 3489 1455 3314 1453 3489 2997 3315 2952 3403 2955 3316 5170 3490 2952 3403 3840 3404 2955 3316 3011 3317 3011 3317 3010 3318 3840 3404 3841 3056 2954 3491 3840 3404 2958 3492 3841 3056 2957 3405 2957 3405 3842 3320 2956 3493 3999 3406 3843 3494 3842 3320 3839 3233 3998 3407 3999 3406 3997 3408 3998 3407 3837 3147 4020 3409 3997 3408 4021 3237 3974 3495 4020 3409 3975 3321 3947 3496 3975 3321 3970 3322 3818 3497 3970 3322 3951 3323 3951 3323 3956 3410 3957 3498 3955 3238 3954 3411 3956 3410 4706 3499 3954 3411 3814 3324 3814 3324 3813 3412 4706 3499 4706 3499 3813 3412 3962 3325 3962 3325 4639 3413 4706 3499 4639 3413 4640 3241 4704 3500 4704 3500 4640 3241 4705 3414 4705 3414 4712 3326 4704 3500 4709 3501 4712 3326 4711 3415 4801 3327 4710 3502 4711 3415 4799 3328 4772 3503 4801 3327 4797 3416 4789 3504 4799 3328 4796 3329 4795 3505 4797 3416 4757 3330 4794 3506 4796 3329 4757 3330 4756 3417 4758 3507 4755 3244 4754 3418 4756 3417 4753 3245 4735 3419 4754 3418 4752 3246 4733 3508 4735 3419 4751 3420 4733 3508 4752 3246 4807 3331 4817 3509 4751 3420 4806 3332 4816 3510 4807 3331 4806 3332 4820 3421 4821 3511 4820 3421 4819 3333 4933 3335 4933 3335 4819 3333 4827 3334 4933 3335 4834 3422 4934 3512 4834 3422 4937 3336 4832 3513 5044 3423 5043 3514 4937 3336 4970 3251 5059 3515 5044 3423 4970 3251 5058 3424 5059 3515 4951 3425 5058 3424 4952 3254 4951 3425 4953 3255 4954 3426 4954 3426 4955 3256 4956 3427 4958 3258 4946 3428 4956 3427 4884 3429 4946 3428 4947 3259 4884 3429 4885 3337 4886 3516 4885 3337 4897 3338 4887 3517 4897 3338 4903 3339 4898 3518 4903 3339 4904 3340 4905 3519 4904 3340 4911 3341 4906 3520 4911 3341 4912 3342 4913 3521 4912 3342 5066 3343 4845 3522 4845 3522 5066 3343 4450 3344 4450 3344 4246 3430 4451 3523 4427 3524 4246 3430 4205 3345 4429 3525 4205 3345 4204 3346 4431 3526 4204 3346 4244 3347 4433 3527 4244 3347 4242 3348 4435 3528 4242 3348 4241 3349 4437 3529 4241 3349 4373 3350 4439 3352 4373 3350 4372 3351 4438 3431 4437 3529 4439 3352 4263 3530 4438 3431 4265 3353 4414 3354 4264 3531 4265 3353 4394 3532 4414 3354 4391 3355 4391 3355 4390 3432 4392 3533 4388 3263 4389 3433 4390 3432 4389 3433 4387 3356 4535 3534 4535 3534 4387 3356 4386 3434 4385 3435 4386 3434 4384 3183 4385 3435 4383 3357 4535 3534 4535 3534 4383 3357 4382 3436 4535 3534 4382 3436 4380 3358 4380 3358 4379 3437 4535 3534 4376 3359 4378 3535 4379 3437 4376 3359 4377 3438 4378 3535 4375 3264 4466 3439 4377 3438 4466 3439 4465 3360 4473 3536 4473 3536 4465 3360 4481 3440 4474 3537 4481 3440 4482 3361 4475 3538 4482 3361 4483 3362 4484 3539 4483 3362 4485 3363 4538 3540 4485 3363 4540 3364 4539 3365 4538 3540 4540 3364 4526 3441 4537 3541 4539 3365 4526 3441 4531 3366 4528 3542 4601 3442 4549 3543 4531 3366 4601 3442 4504 3269 4599 3443 4599 3443 4503 3367 4507 3368 4598 3544 4507 3368 4506 3444 4506 3444 4471 3270 3804 3445 3804 3445 3805 3369 3802 3370 3802 3370 3805 3369 3806 3446 4508 3194 3761 3272 3806 3446 3802 3370 3803 3447 3804 3445 3877 3371 3878 3545 3803 3447 3885 3448 3880 3546 3877 3371 4037 3449 3885 3448 4038 3274 3871 3275 4039 3547 4037 3449 3871 3275 3870 3450 4039 3547 2684 3372 2697 3451 3870 3450 3870 3450 2697 3451 2696 3373 3870 3450 2696 3373 2695 3452 2647 3548 2695 3452 2643 3278 2638 3453 2647 3548 2643 3278 2637 3454 2638 3453 2639 3279 2637 3454 2734 3280 2736 3455 2736 3455 2738 3375 2636 3549 2738 3375 2739 3456 2510 3550 2726 3282 2745 3551 2739 3456 2725 3457 2744 3552 2726 3282 2720 3283 2724 3553 2725 3457 2720 3283 2721 3458 2722 3554 2812 3555 2721 3458 2809 3376 2809 3376 1036 3377 1034 3556 1030 3378 1034 3556 1036 3377 5168 3459 1035 3557 1030 3378 1028 3379 5167 3558 5168 3459 1027 3460 5167 3558 1028 3379 1037 3380 2915 3559 1027 3460 1038 3461 2914 3560 1037 3380 1021 3206 1058 3561 1038 3461 1021 3206 1043 3462 1044 3562 1039 3563 1040 3463 1041 3288 1086 3382 1099 3564 1041 3288 1086 3382 1103 3464 1104 3565 1101 3290 1102 3566 1103 3464 1101 3290 1106 3465 1107 3567 1105 3291 1112 3568 1106 3465 1108 3569 1105 3291 1109 3466 1110 3383 1117 3570 1109 3466 1115 3467 1116 3571 1110 3383 1115 3467 1226 3292 1227 3468 1227 3468 1219 3384 1215 3572 1219 3384 245 3385 244 3469 246 3212 249 3573 244 3469 246 3212 224 3470 249 3573 224 3470 225 3386 226 3574 225 3386 555 3471 226 3574 555 3471 554 3294 588 3472 588 3472 587 3295 648 3473 648 3473 647 3296 714 3474 715 3575 714 3474 187 3387 715 3575 187 3387 186 3475 188 3576 186 3475 136 2762 158 3476 156 3577 136 2762 746 3389 156 3577 158 3476 679 3390 745 3578 746 3389 618 3391 678 3579 679 3390 617 3477 678 3579 618 3391 569 3478 617 3477 570 3300 540 3479 569 3478 541 3301 517 3480 540 3479 518 3302 502 3481 517 3480 503 3303 489 3482 502 3481 490 3304 479 3483 489 3482 480 3305 471 3580 479 3483 472 3392 363 3581 472 3392 463 3393 372 3582 463 3393 460 3394 375 3583 460 3394 384 3395 386 3584 384 3395 389 3396 396 3585 389 3396 397 3484 397 3484 1395 3308 1396 3397 397 3484 1396 3397 1397 3485 1438 3486 1397 3485 3000 3136 1438 3486 1439 3398 1440 3487 1440 3487 1466 3311 1461 3399 1448 3586 1461 3399 1450 3400 1451 3587 1450 3400 1452 3401 5169 3588 1452 3401 1458 3488 5169 3588 1458 3488 1454 3402 1454 3402 1453 3489 5169 3588 5169 3588 1453 3489 2952 3403 5169 3588 2952 3403 5170 3490 2954 3491 5170 3490 2955 3316 3840 3404 2954 3491 2955 3316 3841 3056 2953 3589 2954 3491 2958 3492 2953 3589 3841 3056 2957 3405 5175 3590 2958 3492 2956 3493 5176 3591 2957 3405 2956 3493 3842 3320 3843 3494 4000 3592 3843 3494 3999 3406 3999 3406 3998 3407 3996 3593 3997 3408 3996 3593 3998 3407 4020 3409 3995 3594 3997 3408 3974 3495 4019 3595 4020 3409 3947 3496 3974 3495 3975 3321 3818 3497 3947 3496 3970 3322 3951 3323 3952 3596 3818 3497 3951 3323 3957 3498 3949 3597 3956 3410 4707 3598 3957 3498 4707 3598 3956 3410 3954 3411 4706 3499 4707 3598 3954 3411 4706 3499 4639 3413 4704 3500 4704 3500 4712 3326 4709 3501 4710 3502 4709 3501 4711 3415 4801 3327 4772 3503 4710 3502 4799 3328 4789 3504 4772 3503 4797 3416 4788 3599 4789 3504 4795 3505 4788 3599 4797 3416 4794 3506 4795 3505 4796 3329 4758 3507 4794 3506 4757 3330 4756 3417 4739 3600 4758 3507 4754 3418 4738 3601 4756 3417 4735 3419 4745 3602 4754 3418 4733 3508 4734 3603 4735 3419 4751 3420 4813 3604 4733 3508 4751 3420 4817 3509 4818 3605 4807 3331 4816 3510 4817 3509 4806 3332 4821 3511 4816 3510 4934 3512 4821 3511 4820 3421 4820 3421 4933 3335 4934 3512 4934 3512 4834 3422 4833 3606 4832 3513 4833 3606 4834 3422 4832 3513 4937 3336 5043 3514 4829 3607 5043 3514 5044 3423 5044 3423 5059 3515 5060 3608 4951 3425 5059 3515 5058 3424 4954 3426 4943 3609 4951 3425 4956 3427 4944 3610 4954 3426 4956 3427 4946 3428 4944 3610 4945 3611 4946 3428 4884 3429 4886 3516 4873 3612 4884 3429 4886 3516 4885 3337 4887 3517 4887 3517 4897 3338 4898 3518 4898 3518 4903 3339 4905 3519 4905 3519 4904 3340 4906 3520 4906 3520 4911 3341 4913 3521 4913 3521 4912 3342 4845 3522 4845 3522 4450 3344 4451 3523 4203 3613 4451 3523 4246 3430 4203 3613 4246 3430 4427 3524 4427 3524 4205 3345 4429 3525 4429 3525 4204 3346 4431 3526 4431 3526 4244 3347 4433 3527 4433 3527 4242 3348 4435 3528 4435 3528 4241 3349 4437 3529 4437 3529 4373 3350 4439 3352 4436 3614 4437 3529 4438 3431 4263 3530 4436 3614 4438 3431 4264 3531 4263 3530 4265 3353 4413 3615 4264 3531 4414 3354 4394 3532 4413 3615 4414 3354 4395 3616 4394 3532 4391 3355 4396 3617 4391 3355 4392 3533 4390 3432 4535 3534 4392 3533 4389 3433 4535 3534 4390 3432 4535 3534 4386 3434 4385 3435 4535 3534 4379 3437 5069 3618 4379 3437 4378 3535 4454 3619 4454 3619 4378 3535 4377 3438 4377 3438 4466 3439 4467 3620 4467 3620 4466 3439 4473 3536 4473 3536 4481 3440 4474 3537 4474 3537 4482 3361 4475 3538 4475 3538 4483 3362 4484 3539 4538 3540 4484 3539 4485 3363 4537 3541 4538 3540 4539 3365 4524 3621 4537 3541 4526 3441 4528 3542 4529 3622 4526 3441 4528 3542 4531 3366 4549 3543 4619 3623 4549 3543 4601 3442 4602 3624 4601 3442 4599 3443 4598 3544 4599 3443 4507 3368 3878 3545 4598 3544 4506 3444 4506 3444 3804 3445 3803 3447 3878 3545 4506 3444 3803 3447 3877 3371 3876 3625 3878 3545 3877 3371 3880 3546 3879 3626 3885 3448 3882 3627 3880 3546 4032 3628 3885 3448 4037 3449 4036 3629 4037 3449 4039 3547 4041 3630 4039 3547 3870 3450 3868 3631 3870 3450 2695 3452 3868 3631 2695 3452 2647 3548 2646 3632 2647 3548 2638 3453 2637 3454 2506 3633 2638 3453 2637 3454 2736 3455 2636 3549 2636 3549 2738 3375 2510 3550 2510 3550 2739 3456 2740 3634 2739 3456 2745 3551 2746 3635 2726 3282 2744 3552 2745 3551 3863 3636 2744 3552 2725 3457 3862 3637 2725 3457 2724 3553 2720 3283 2723 3638 2724 3553 2722 3554 2723 3638 2720 3283 2722 3554 2721 3458 2811 3639 2811 3639 2721 3458 2812 3555 2812 3555 2809 3376 2813 3640 1034 3556 1033 3641 2809 3376 1035 3557 1034 3556 1030 3378 1032 3642 1035 3557 5168 3459 1027 3460 2921 3643 5167 3558 1027 3460 2915 3559 2916 3644 1037 3380 2914 3560 2915 3559 1038 3461 2913 3645 2914 3560 1058 3561 2913 3645 1038 3461 1021 3206 1057 3646 1058 3561 1044 3562 1045 3647 1021 3206 1041 3288 1100 3648 1039 3563 1041 3288 1099 3564 1100 3648 1086 3382 1098 3649 1099 3564 1086 3382 1104 3565 1083 3650 1103 3464 2905 3651 1104 3565 1101 3290 1107 3567 1102 3566 1107 3567 1106 3465 5165 3652 5165 3652 1106 3465 1112 3568 1105 3291 1111 3653 1112 3568 1108 3569 1111 3653 1105 3291 1108 3569 1109 3466 5164 3654 5164 3654 1109 3466 1117 3570 1110 3383 1116 3571 1117 3570 1115 3467 1114 3655 1116 3571 1115 3467 1227 3468 1120 3656 1227 3468 1215 3572 1228 3657 1219 3384 224 3470 1215 3572 244 3469 249 3573 1219 3384 1219 3384 249 3573 224 3470 1215 3572 224 3470 226 3574 226 3574 555 3471 251 3658 555 3471 588 3472 589 3659 588 3472 648 3473 649 3660 648 3473 714 3474 715 3575 716 3661 715 3575 186 3475 716 3661 186 3475 188 3576 184 3662 188 3576 136 2762 136 2762 156 3577 157 3663 745 3578 156 3577 746 3389 678 3579 745 3578 679 3390 617 3477 677 3664 678 3579 569 3478 616 3665 617 3477 540 3479 568 3666 569 3478 517 3480 539 3667 540 3479 502 3481 516 3668 517 3480 489 3482 501 3669 502 3481 479 3483 488 3670 489 3482 471 3580 478 3671 479 3483 363 3581 471 3580 472 3392 372 3582 363 3581 463 3393 375 3583 372 3582 460 3394 383 3672 375 3583 384 3395 386 3584 385 3673 384 3395 389 3396 393 3674 386 3584 396 3585 390 3675 389 3396 397 3484 1434 3676 396 3585 1397 3485 1398 3677 397 3484 1397 3485 1438 3486 1398 3677 1398 3677 1438 3486 1440 3487 1460 3678 1440 3487 1461 3399 1448 3586 1462 3679 1461 3399 1449 3680 1448 3586 1450 3400 1449 3680 1450 3400 1451 3587 1451 3587 1452 3401 5169 3588 2954 3491 5175 3590 5170 3490 2953 3589 5175 3590 2954 3491 2958 3492 5175 3590 2953 3589 2957 3405 5176 3591 5175 3590 2956 3493 2959 3681 5176 3591 2956 3493 3843 3494 2959 3681 4000 3592 3844 3682 3843 3494 3999 3406 3996 3593 4000 3592 3995 3594 3996 3593 3997 3408 4019 3595 3995 3594 4020 3409 3973 3683 4019 3595 3974 3495 3943 3684 3974 3495 3947 3496 3817 3685 3947 3496 3818 3497 3818 3497 3952 3596 3953 3686 3951 3323 3950 3687 3952 3596 3949 3597 3950 3687 3951 3323 3957 3498 4708 3688 3949 3597 3957 3498 4707 3598 4708 3688 4638 3689 4707 3598 4706 3499 4706 3499 4704 3500 4638 3689 4638 3689 4704 3500 4709 3501 4710 3502 4681 3690 4709 3501 4772 3503 4681 3690 4710 3502 4789 3504 4682 3691 4772 3503 4788 3599 4691 3692 4789 3504 4795 3505 4785 3693 4788 3599 4794 3506 4728 3694 4795 3505 4758 3507 4793 3695 4794 3506 4758 3507 4739 3600 4742 3696 4756 3417 4738 3601 4739 3600 4754 3418 4745 3602 4738 3601 4735 3419 4746 3697 4745 3602 4734 3603 4746 3697 4735 3419 4733 3508 4814 3698 4734 3603 4733 3508 4813 3604 4814 3698 4751 3420 4818 3605 4813 3604 4818 3605 4817 3509 5018 3699 5018 3699 4817 3509 4816 3510 4934 3512 4816 3510 4821 3511 4934 3512 4833 3606 5018 3699 5020 3700 4833 3606 4832 3513 4832 3513 5043 3514 5021 3701 4829 3607 5042 3702 5043 3514 5044 3423 5060 3608 4829 3607 4943 3609 5060 3608 5059 3515 4943 3609 5059 3515 4951 3425 4954 3426 4944 3610 4943 3609 4945 3611 4944 3610 4946 3428 4884 3429 5062 3703 4945 3611 4884 3429 4873 3612 5062 3703 4886 3516 4875 3704 4873 3612 4886 3516 4887 3517 4888 3705 4887 3517 4898 3518 4889 3706 4898 3518 4905 3519 4899 3707 4905 3519 4906 3520 4907 3708 4906 3520 4913 3521 4908 3709 4913 3521 4845 3522 4914 3710 4845 3522 4451 3523 4202 3711 4202 3711 4451 3523 4203 3613 4426 3712 4203 3613 4427 3524 4428 3713 4427 3524 4429 3525 4430 3714 4429 3525 4431 3526 4432 3715 4431 3526 4433 3527 4434 3716 4433 3527 4435 3528 4436 3614 4435 3528 4437 3529 4261 3717 4436 3614 4263 3530 4262 3718 4263 3530 4264 3531 4413 3615 4262 3718 4264 3531 4403 3719 4413 3615 4394 3532 4393 3720 4394 3532 4395 3616 4395 3616 4391 3355 4396 3617 4392 3533 4535 3534 4396 3617 4535 3534 5069 3618 4536 3721 4379 3437 4454 3619 5069 3618 4377 3438 4467 3620 4454 3619 4479 3722 4467 3620 4473 3536 4474 3537 4478 3723 4473 3536 4474 3537 4475 3538 4476 3724 4484 3539 4535 3534 4475 3538 4470 3725 4484 3539 4538 3540 4537 3541 4470 3725 4538 3540 4524 3621 4523 3726 4537 3541 4526 3441 4527 3727 4524 3621 4526 3441 4529 3622 4527 3727 4529 3622 4528 3542 4576 3728 4576 3728 4528 3542 4549 3543 4619 3623 4578 3729 4549 3543 4603 3730 4619 3623 4601 3442 4603 3730 4601 3442 4602 3624 4602 3624 4599 3443 4598 3544 3876 3625 4598 3544 3878 3545 3875 3731 3876 3625 3877 3371 3877 3371 3879 3626 3875 3731 3879 3626 3880 3546 3881 3732 3881 3732 3880 3546 3882 3627 3884 3733 3882 3627 3885 3448 4032 3628 3888 3734 3885 3448 4036 3629 4032 3628 4037 3449 4039 3547 4040 3735 4036 3629 4039 3547 4041 3630 4040 3735 4041 3630 3870 3450 3868 3631 2647 3548 2646 3632 3868 3631 2638 3453 2645 3736 2646 3632 2506 3633 2649 3737 2638 3453 2636 3549 2506 3633 2637 3454 2636 3549 2510 3550 2506 3633 2510 3550 2740 3634 2737 3738 2739 3456 2743 3739 2740 3634 2739 3456 2746 3635 2741 3740 3863 3636 2746 3635 2745 3551 2745 3551 2744 3552 3863 3636 3863 3636 2725 3457 3862 3637 3862 3637 2724 3553 2723 3638 2723 3638 2722 3554 3862 3637 3862 3637 2722 3554 2811 3639 3862 3637 2811 3639 2812 3555 2994 3741 2812 3555 2813 3640 2813 3640 2809 3376 2810 3742 2809 3376 1033 3641 2810 3742 1032 3642 1033 3641 1034 3556 1032 3642 1034 3556 1035 3557 2993 3743 1032 3642 5168 3459 2910 3744 5167 3558 2921 3643 2920 3745 2921 3643 1027 3460 1027 3460 2916 3644 2917 3746 1058 3561 2912 3747 2913 3645 1057 3646 2912 3747 1058 3561 1056 3748 1057 3646 1021 3206 1021 3206 1045 3647 1046 3749 1097 3750 1098 3649 1086 3382 1083 3650 1085 3751 1086 3382 1104 3565 2905 3651 1083 3650 5165 3652 1102 3566 1107 3567 5165 3652 1112 3568 5164 3654 5164 3654 1112 3568 1111 3653 5164 3654 1111 3653 1108 3569 5164 3654 1117 3570 5163 3752 5163 3752 1117 3570 1116 3571 5163 3752 1116 3571 1114 3655 1113 3753 1114 3655 1115 3467 1120 3656 1121 3754 1115 3467 1120 3656 1227 3468 1228 3657 1228 3657 1215 3572 1216 3755 1215 3572 226 3574 556 3756 226 3574 251 3658 556 3756 251 3658 555 3471 589 3659 589 3659 588 3472 649 3660 649 3660 648 3473 715 3575 649 3660 715 3575 716 3661 717 3757 716 3661 188 3576 717 3757 188 3576 184 3662 136 2762 183 3758 184 3662 157 3663 161 3759 136 2762 745 3578 157 3663 156 3577 678 3579 744 3760 745 3578 677 3664 744 3760 678 3579 616 3665 677 3664 617 3477 568 3666 616 3665 569 3478 539 3667 568 3666 540 3479 516 3668 539 3667 517 3480 501 3669 516 3668 502 3481 488 3670 501 3669 489 3482 478 3671 488 3670 479 3483 352 3761 478 3671 471 3580 356 3762 471 3580 363 3581 368 3763 363 3581 372 3582 380 3764 372 3582 375 3583 376 3765 375 3583 383 3672 383 3672 384 3395 385 3673 388 3766 385 3673 386 3584 386 3584 393 3674 394 3767 389 3396 392 3768 393 3674 389 3396 390 3675 391 3769 395 3770 390 3675 396 3585 396 3585 1434 3676 1435 3771 397 3484 1433 3772 1434 3676 397 3484 1398 3677 1399 3773 1398 3677 1440 3487 1399 3773 1400 3774 1440 3487 1460 3678 1460 3678 1461 3399 1462 3679 1459 3775 1462 3679 1448 3586 1447 3776 1448 3586 1449 3680 5169 3588 1449 3680 1451 3587 5176 3591 2959 3681 2960 3777 2959 3681 3843 3494 3844 3682 4001 3778 3844 3682 4000 3592 4000 3592 3996 3593 3994 3779 3995 3594 3994 3779 3996 3593 4019 3595 3993 3780 3995 3594 3973 3683 4018 3781 4019 3595 3943 3684 3973 3683 3974 3495 3947 3496 3946 3782 3943 3684 3817 3685 3946 3782 3947 3496 3816 3783 3817 3685 3818 3497 3818 3497 3953 3686 3816 3783 3953 3686 3952 3596 4635 3784 4708 3688 3952 3596 3950 3687 4708 3688 3950 3687 3949 3597 4638 3689 4708 3688 4707 3598 4638 3689 4709 3501 4636 3785 4683 3786 4709 3501 4681 3690 4772 3503 4682 3691 4681 3690 4789 3504 4689 3787 4682 3691 4789 3504 4691 3692 4689 3787 4788 3599 4686 3788 4691 3692 4785 3693 4687 3789 4788 3599 4728 3694 4785 3693 4795 3505 4793 3695 4728 3694 4794 3506 4742 3696 4793 3695 4758 3507 4739 3600 4741 3790 4742 3696 4738 3601 4737 3791 4739 3600 4748 3792 4738 3601 4745 3602 4745 3602 4746 3697 4747 3793 4734 3603 4810 3794 4746 3697 4734 3603 4814 3698 4815 3795 4813 3604 4838 3796 4814 3698 4818 3605 5018 3699 4813 3604 5018 3699 4816 3510 4934 3512 5018 3699 4833 3606 5019 3797 5019 3797 4833 3606 5020 3700 5020 3700 4832 3513 5021 3701 5021 3701 5043 3514 5042 3702 4831 3798 5042 3702 4829 3607 4829 3607 5060 3608 5061 3799 4942 3800 5060 3608 4943 3609 4942 3800 4943 3609 4944 3610 4942 3800 4944 3610 4945 3611 4945 3611 5062 3703 5061 3799 4872 3801 5062 3703 4873 3612 4874 3802 4873 3612 4875 3704 4888 3705 4875 3704 4886 3516 4888 3705 4887 3517 4889 3706 4889 3706 4898 3518 4899 3707 4899 3707 4905 3519 4907 3708 4907 3708 4906 3520 4908 3709 4908 3709 4913 3521 4914 3710 4914 3710 4845 3522 4202 3711 4201 3803 4202 3711 4203 3613 4425 3804 4203 3613 4426 3712 4426 3712 4427 3524 4428 3713 4428 3713 4429 3525 4430 3714 4430 3714 4431 3526 4432 3715 4432 3715 4433 3527 4434 3716 4434 3716 4435 3528 4436 3614 4261 3717 4434 3716 4436 3614 4262 3718 4261 3717 4263 3530 4412 3805 4262 3718 4413 3615 4403 3719 4412 3805 4413 3615 4397 3806 4403 3719 4394 3532 4398 3807 4394 3532 4393 3720 4393 3720 4395 3616 4520 3808 4520 3808 4395 3616 4396 3617 4396 3617 4535 3534 4534 3809 4475 3538 4535 3534 4536 3721 4536 3721 5069 3618 4476 3724 5069 3618 4454 3619 4479 3722 4454 3619 4467 3620 4479 3722 4479 3722 4473 3536 4480 3810 4480 3810 4473 3536 4478 3723 4474 3537 4477 3811 4478 3723 4476 3724 4477 3811 4474 3537 4475 3538 4536 3721 4476 3724 4484 3539 4534 3809 4535 3534 4470 3725 4533 3812 4484 3539 4523 3726 4470 3725 4537 3541 4517 3813 4523 3726 4524 3621 4524 3621 4527 3727 4525 3814 4527 3727 4529 3622 4585 3815 4585 3815 4529 3622 4576 3728 4576 3728 4549 3543 4577 3816 4577 3816 4549 3543 4578 3729 4618 3817 4578 3729 4619 3623 4608 3818 4619 3623 4603 3730 4602 3624 4600 3819 4603 3730 4598 3544 4548 3820 4602 3624 3876 3625 3875 3731 4598 3544 3879 3626 4548 3820 3875 3731 3879 3626 3881 3732 4548 3820 3882 3627 4548 3820 3881 3732 3884 3733 4548 3820 3882 3627 3883 3821 3884 3733 3885 3448 3885 3448 3888 3734 3891 3822 3898 3823 3888 3734 4032 3628 4031 3824 4032 3628 4036 3629 4035 3825 4036 3629 4040 3735 4043 3826 4040 3735 4041 3630 4044 3827 4041 3630 3868 3631 3868 3631 2646 3632 2645 3736 2644 3828 2645 3736 2638 3453 2638 3453 2649 3737 2650 3829 2506 3633 2648 3830 2649 3737 2506 3633 2510 3550 2509 3831 2508 3832 2510 3550 2737 3738 2737 3738 2740 3634 3865 3833 3865 3833 2740 3634 2743 3739 2739 3456 2742 3834 2743 3739 2741 3740 2742 3834 2739 3456 2741 3740 2746 3635 3863 3636 3862 3637 2996 3835 3863 3636 3862 3637 2812 3555 2994 3741 2994 3741 2813 3640 2993 3743 2993 3743 2813 3640 2810 3742 2993 3743 2810 3742 1033 3641 1033 3641 1032 3642 2993 3743 2993 3743 5168 3459 2994 3741 2910 3744 2911 3836 5167 3558 1027 3460 2919 3837 2920 3745 2917 3746 2918 3838 1027 3460 1021 3206 1055 3839 1056 3748 1021 3206 1046 3749 1047 3840 1086 3382 1096 3841 1097 3750 1086 3382 1085 3751 1087 3842 1083 3650 1084 3843 1085 3751 1083 3650 2905 3651 2906 3844 5165 3652 2902 3845 1102 3566 1114 3655 1113 3753 5163 3752 1115 3467 1122 3846 1113 3753 1115 3467 1121 3754 1122 3846 1120 3656 1119 3847 1121 3754 1120 3656 1228 3657 1124 3848 1228 3657 1216 3755 1229 3849 1215 3572 252 3850 1216 3755 556 3756 250 3851 1215 3572 556 3756 251 3658 250 3851 251 3658 589 3659 590 3852 589 3659 649 3660 650 3853 650 3853 649 3660 716 3661 650 3853 716 3661 717 3757 718 3854 717 3757 184 3662 718 3854 184 3662 183 3758 185 3855 183 3758 136 2762 161 3759 159 3856 136 2762 744 3760 161 3759 157 3663 744 3760 157 3663 745 3578 677 3664 743 3857 744 3760 616 3665 676 3858 677 3664 568 3666 615 3859 616 3665 539 3667 567 3860 568 3666 516 3668 538 3861 539 3667 501 3669 515 3862 516 3668 488 3670 500 3863 501 3669 478 3671 487 3864 488 3670 352 3761 344 3865 478 3671 356 3762 352 3761 471 3580 363 3581 364 3866 356 3762 368 3763 364 3866 363 3581 372 3582 373 3867 368 3763 380 3764 370 3868 372 3582 375 3583 379 3869 380 3764 375 3583 376 3765 377 3870 1366 3871 376 3765 383 3672 1244 3872 383 3672 385 3673 1244 3872 385 3673 388 3766 386 3584 387 3873 388 3766 386 3584 394 3767 387 3873 1244 3872 394 3767 393 3674 1368 3874 393 3674 392 3768 391 3769 392 3768 389 3396 1243 3875 391 3769 390 3675 390 3675 395 3770 1243 3875 396 3585 1437 3876 395 3770 1435 3771 1436 3877 396 3585 1435 3771 1434 3676 1460 3678 1460 3678 1434 3676 1433 3772 1400 3774 1433 3772 397 3484 397 3484 1399 3773 1400 3774 1399 3773 1440 3487 1400 3774 1460 3678 1433 3772 1400 3774 1459 3775 1460 3678 1462 3679 1448 3586 1444 3878 1459 3775 1447 3776 1446 3879 1448 3586 5169 3588 1447 3776 1449 3680 5176 3591 2960 3777 5177 3880 2959 3681 3844 3682 2960 3777 4001 3778 3845 3881 3844 3682 4000 3592 3994 3779 4001 3778 3993 3780 3994 3779 3995 3594 4018 3781 3993 3780 4019 3595 3972 3882 4018 3781 3973 3683 3938 3883 3973 3683 3943 3684 3943 3684 3946 3782 3948 3884 4634 3885 3946 3782 3817 3685 3817 3685 3816 3783 4634 3885 3816 3783 3953 3686 4634 3885 4634 3885 3953 3686 4635 3784 4635 3784 3952 3596 4708 3688 4637 3886 4708 3688 4638 3689 4636 3785 4637 3886 4638 3689 4685 3887 4636 3785 4709 3501 4685 3887 4709 3501 4683 3786 4681 3690 4682 3691 4683 3786 4682 3691 4689 3787 4684 3888 4690 3889 4689 3787 4691 3692 4688 3890 4691 3692 4686 3788 4687 3789 4686 3788 4788 3599 4785 3693 4729 3891 4687 3789 4728 3694 4783 3892 4785 3693 4793 3695 4790 3893 4728 3694 4742 3696 4791 3894 4793 3695 4742 3696 4741 3790 4743 3895 4739 3600 4740 3896 4741 3790 4737 3791 4740 3896 4739 3600 4736 3897 4737 3791 4738 3601 4736 3897 4738 3601 4748 3792 4748 3792 4745 3602 4749 3898 4749 3898 4745 3602 4747 3793 4746 3697 4811 3899 4747 3793 4746 3697 4810 3794 4811 3899 4734 3603 4815 3795 4810 3794 4814 3698 4838 3796 4815 3795 4813 3604 5018 3699 4838 3796 5018 3699 5019 3797 4838 3796 5013 3900 5019 3797 5020 3700 5016 3901 5020 3700 5021 3701 5021 3701 5042 3702 5023 3902 4831 3798 5038 3903 5042 3702 4829 3607 4830 3904 4831 3798 4829 3607 5061 3799 4830 3904 4942 3800 5061 3799 5060 3608 4945 3611 5061 3799 4942 3800 4830 3904 5061 3799 5062 3703 4872 3801 4830 3904 5062 3703 4872 3801 4873 3612 4874 3802 4874 3802 4875 3704 4876 3905 4888 3705 4877 3906 4875 3704 4888 3705 4889 3706 4890 3907 4889 3706 4899 3707 4891 3908 4899 3707 4907 3708 4900 3909 4907 3708 4908 3709 4909 3910 4908 3709 4914 3710 4846 3911 4914 3710 4202 3711 4201 3803 4425 3804 4201 3803 4203 3613 4251 3912 4425 3804 4426 3712 4253 3913 4426 3712 4428 3713 4255 3914 4428 3713 4430 3714 4257 3915 4430 3714 4432 3715 4259 3916 4432 3715 4434 3716 4259 3916 4434 3716 4261 3717 4260 3917 4261 3717 4262 3718 4412 3805 4260 3917 4262 3718 4216 3918 4412 3805 4403 3719 4216 3918 4403 3719 4397 3806 4397 3806 4394 3532 4398 3807 4398 3807 4393 3720 4399 3919 4519 3920 4393 3720 4520 3808 4520 3808 4396 3617 4521 3921 4396 3617 4534 3809 4533 3812 5069 3618 4477 3811 4476 3724 5069 3618 4479 3722 4480 3810 4480 3810 4478 3723 5069 3618 5069 3618 4478 3723 4477 3811 4533 3812 4534 3809 4484 3539 4469 3922 4533 3812 4470 3725 4523 3726 4532 3923 4470 3725 4517 3813 4521 3921 4523 3726 4524 3621 4525 3814 4517 3813 4527 3727 4585 3815 4525 3814 4585 3815 4576 3728 4589 3924 4589 3924 4576 3728 4577 3816 4577 3816 4578 3729 4579 3925 4618 3817 4580 3926 4578 3729 4608 3818 4618 3817 4619 3623 4603 3730 4605 3927 4608 3818 4600 3819 4604 3928 4603 3730 4602 3624 4548 3820 4600 3819 4598 3544 3875 3731 4548 3820 3884 3733 4600 3819 4548 3820 3883 3821 4600 3819 3884 3733 3885 3448 3891 3822 3883 3821 3888 3734 3890 3929 3891 3822 3898 3823 3894 3930 3888 3734 4031 3824 3898 3823 4032 3628 4035 3825 4031 3824 4036 3629 4040 3735 4042 3931 4035 3825 4040 3735 4043 3826 4042 3931 4043 3826 4041 3630 4044 3827 4044 3827 3868 3631 3869 3932 3869 3932 3868 3631 2645 3736 3869 3932 2645 3736 2644 3828 2638 3453 2650 3829 2644 3828 3826 3933 2650 3829 2649 3737 2649 3737 2648 3830 3826 3933 2505 3934 2648 3830 2506 3633 2506 3633 2509 3831 2504 3935 2508 3832 2509 3831 2510 3550 3865 3833 2508 3832 2737 3738 3865 3833 2743 3739 3866 3936 3866 3936 2743 3739 2742 3834 3866 3936 2742 3834 2741 3740 2741 3740 3863 3636 3866 3936 2996 3835 2990 3937 3863 3636 3862 3637 2995 3938 2996 3835 2994 3741 2995 3938 3862 3637 2994 3741 5168 3459 5192 3939 2911 3836 2922 3940 5167 3558 1027 3460 2918 3838 2919 3837 1021 3206 1054 3941 1055 3839 1047 3840 1048 3942 1021 3206 1086 3382 1095 3943 1096 3841 1086 3382 1087 3842 1088 3944 1083 3650 2909 3945 1084 3843 1083 3650 2906 3844 2907 3946 1102 3566 2902 3845 2903 3947 5165 3652 2901 3948 2902 3845 5163 3752 1113 3753 1122 3846 5150 3949 1122 3846 1121 3754 5150 3949 1121 3754 1119 3847 1118 3950 1119 3847 1120 3656 1123 3951 1120 3656 1124 3848 1124 3848 1228 3657 1229 3849 1229 3849 1216 3755 1213 3952 1216 3755 252 3850 256 3953 1215 3572 250 3851 252 3850 250 3851 251 3658 252 3850 253 3954 251 3658 590 3852 590 3852 589 3659 650 3853 651 3955 650 3853 717 3757 651 3955 717 3757 718 3854 719 3956 718 3854 183 3758 719 3956 183 3758 185 3855 181 3957 185 3855 136 2762 136 2762 159 3856 160 3958 743 3857 159 3856 161 3759 743 3857 161 3759 744 3760 676 3858 743 3857 677 3664 615 3859 676 3858 616 3665 567 3860 615 3859 568 3666 538 3861 567 3860 539 3667 515 3862 538 3861 516 3668 500 3863 515 3862 501 3669 487 3864 500 3863 488 3670 344 3865 487 3864 478 3671 349 3959 344 3865 352 3761 360 3960 352 3761 356 3762 356 3762 364 3866 365 3961 369 3962 364 3866 368 3763 368 3763 373 3867 374 3963 372 3582 371 3964 373 3867 370 3868 371 3964 372 3582 382 3965 370 3868 380 3764 380 3764 379 3869 381 3966 375 3583 378 3967 379 3869 377 3870 378 3967 375 3583 377 3870 376 3765 1366 3871 1366 3871 383 3672 1244 3872 388 3766 387 3873 1244 3872 387 3873 394 3767 1244 3872 1244 3872 393 3674 1368 3874 1368 3874 392 3768 391 3769 1243 3875 1368 3874 391 3769 1437 3876 1243 3875 395 3770 396 3585 1436 3877 1437 3876 1436 3877 1435 3771 1441 3968 1441 3968 1435 3771 1460 3678 1441 3968 1460 3678 1459 3775 1459 3775 1444 3878 1370 3969 1448 3586 1446 3879 1444 3878 5171 3970 1446 3879 1447 3776 5171 3970 1447 3776 5169 3588 2963 3971 5177 3880 2960 3777 2960 3777 3844 3682 2963 3971 2963 3971 3844 3682 3845 3881 4002 3972 3845 3881 4001 3778 4001 3778 3994 3779 3992 3973 3993 3780 3992 3973 3994 3779 4018 3781 3991 3974 3993 3780 3972 3882 4017 3975 4018 3781 3938 3883 3972 3882 3973 3683 3943 3684 3944 3976 3938 3883 3943 3684 3948 3884 3941 3977 4634 3885 3948 3884 3946 3782 4634 3885 4635 3784 4637 3886 4637 3886 4635 3784 4708 3688 4636 3785 4722 3978 4637 3886 4642 3979 4636 3785 4685 3887 4683 3786 4684 3888 4685 3887 4683 3786 4682 3691 4684 3888 4684 3888 4689 3787 4690 3889 4690 3889 4691 3692 4688 3890 4686 3788 4687 3789 4688 3890 4729 3891 4692 3980 4687 3789 4787 3981 4729 3891 4785 3693 4783 3892 4784 3982 4785 3693 4727 3983 4783 3892 4728 3694 4726 3984 4728 3694 4790 3893 4792 3985 4790 3893 4793 3695 4791 3894 4792 3985 4793 3695 4744 3986 4791 3894 4742 3696 4742 3696 4743 3895 4744 3986 4743 3895 4741 3790 5067 3987 5067 3987 4741 3790 4740 3896 5067 3987 4740 3896 4737 3791 4737 3791 4736 3897 5067 3987 5067 3987 4736 3897 4748 3792 5067 3987 4748 3792 4749 3898 4749 3898 4747 3793 4750 3988 4747 3793 4811 3899 4812 3989 4811 3899 4810 3794 4839 3990 4810 3794 4815 3795 4838 3796 4837 3991 4838 3796 5019 3797 4837 3991 5019 3797 5013 3900 5013 3900 5020 3700 5016 3901 5016 3901 5021 3701 5023 3902 5023 3902 5042 3702 5038 3903 5041 3992 5038 3903 4831 3798 5055 3993 4831 3798 4830 3904 5055 3993 4830 3904 4872 3801 4874 3802 5055 3993 4872 3801 4876 3905 5053 3994 4874 3802 4876 3905 4875 3704 4877 3906 4890 3907 4877 3906 4888 3705 4890 3907 4889 3706 4891 3908 4891 3908 4899 3707 4900 3909 4900 3909 4907 3708 4909 3910 4909 3910 4908 3709 4846 3911 4846 3911 4914 3710 4201 3803 4424 3995 4201 3803 4425 3804 4249 3996 4425 3804 4251 3912 4251 3912 4426 3712 4253 3913 4253 3913 4428 3713 4255 3914 4255 3914 4430 3714 4257 3915 4257 3915 4432 3715 4259 3916 4260 3917 4259 3916 4261 3717 4411 3997 4260 3917 4412 3805 4216 3918 4411 3997 4412 3805 4397 3806 4401 3998 4216 3918 4397 3806 4398 3807 4399 3919 4519 3920 4399 3919 4393 3720 4517 3813 4519 3920 4520 3808 4520 3808 4521 3921 4517 3813 4521 3921 4396 3617 4522 3999 4533 3812 4469 3922 4396 3617 4468 4000 4469 3922 4470 3725 4468 4000 4470 3725 4532 3923 4522 3999 4532 3923 4523 3726 4521 3921 4522 3999 4523 3726 4517 3813 4525 3814 4514 4001 4587 4002 4525 3814 4585 3815 4588 4003 4585 3815 4589 3924 4589 3924 4577 3816 4591 4004 4591 4004 4577 3816 4579 3925 4578 3729 4580 3926 4579 3925 4616 4005 4580 3926 4618 3817 4617 4006 4618 3817 4608 3818 4605 3927 4606 4007 4608 3818 4603 3730 4604 3928 4605 3927 4600 3819 3891 3822 4604 3928 3883 3821 3891 3822 4600 3819 3891 3822 3890 3929 4604 3928 3888 3734 3889 4008 3890 3929 3888 3734 3894 3930 3896 4009 3898 3823 3892 4010 3894 3930 4028 4011 3898 3823 4031 3824 4030 4012 4031 3824 4035 3825 4034 4013 4035 3825 4042 3931 4046 4014 4042 3931 4043 3826 4047 4015 4043 3826 4044 3827 4048 4016 4044 3827 3869 3932 3869 3932 2644 3828 3826 3933 3826 3933 2644 3828 2650 3829 3867 4017 3826 3933 2648 3830 3867 4017 2648 3830 2505 3934 2504 3935 2505 3934 2506 3633 3867 4017 2504 3935 2509 3831 3867 4017 2509 3831 2508 3832 3865 3833 3867 4017 2508 3832 3866 3936 3864 4018 3865 3833 3866 3936 3863 3636 3864 4018 3863 3636 2990 3937 3864 4018 5191 4019 2990 3937 2996 3835 2995 3938 5191 4019 2996 3835 2994 3741 5192 3939 2995 3938 5167 3558 2922 3940 2923 4020 1053 4021 1054 3941 1021 3206 1021 3206 1048 3942 1049 4022 1094 4023 1095 3943 1086 3382 1088 3944 1089 4024 1086 3382 1083 3650 2908 4025 2909 3945 2907 3946 2908 4025 1083 3650 1102 3566 2903 3947 2899 4026 2898 4027 2901 3948 5165 3652 5163 3752 1122 3846 5150 3949 1119 3847 1118 3950 5150 3949 1118 3950 1120 3656 1123 3951 1123 3951 1124 3848 1125 4028 1124 3848 1229 3849 1126 4029 1229 3849 1213 3952 1230 4030 1216 3755 258 4031 1213 3952 1216 3755 256 3953 255 4032 253 3954 256 3953 252 3850 252 3850 251 3658 253 3954 253 3954 590 3852 591 4033 590 3852 650 3853 651 3955 652 4034 651 3955 718 3854 652 4034 718 3854 719 3956 720 4035 719 3956 185 3855 720 4035 185 3855 181 3957 136 2762 180 4036 181 3957 160 3958 164 4037 136 2762 742 4038 160 3958 159 3856 742 4038 159 3856 743 3857 676 3858 742 4038 743 3857 615 3859 675 4039 676 3858 567 3860 614 4040 615 3859 538 3861 566 4041 567 3860 515 3862 537 4042 538 3861 500 3863 514 4043 515 3862 487 3864 499 4044 500 3863 344 3865 486 4045 487 3864 349 3959 345 4046 344 3865 352 3761 354 4047 349 3959 360 3960 350 4048 352 3761 361 4049 360 3960 356 3762 356 3762 365 3961 357 4050 365 3961 364 3866 1363 4051 1363 4051 364 3866 369 3962 368 3763 367 4052 369 3962 368 3763 374 3963 366 4053 373 3867 1364 4054 374 3963 373 3867 371 3964 1364 4054 1364 4054 371 3964 370 3868 1367 4055 370 3868 382 3965 380 3764 381 3966 382 3965 379 3869 1367 4055 381 3966 378 3967 1367 4055 379 3869 377 3870 1366 3871 378 3967 1244 3872 1377 4056 1366 3871 1368 3874 1376 4057 1244 3872 1243 3875 1375 4058 1368 3874 1441 3968 1243 3875 1437 3876 1437 3876 1436 3877 1441 3968 1459 3775 1369 4059 1441 3968 1459 3775 1370 3969 1369 4059 1444 3878 1371 4060 1370 3969 1445 4061 1444 3878 1446 3879 5171 3970 1445 4061 1446 3879 2962 4062 5177 3880 2963 3971 2963 3971 3845 3881 2962 4062 4002 3972 3846 4063 3845 3881 4001 3778 3992 3973 4002 3972 3991 3974 3992 3973 3993 3780 4017 3975 3991 3974 4018 3781 3933 4064 4017 3975 3972 3882 3933 4064 3972 3882 3938 3883 3938 3883 3944 3976 3945 4065 3943 3684 3942 4066 3944 3976 3941 3977 3942 4066 3943 3684 4713 4067 3941 3977 3948 3884 4713 4067 3948 3884 4634 3885 4637 3886 4721 4068 4634 3885 4637 3886 4722 3978 4721 4068 4642 3979 4722 3978 4636 3785 4701 4069 4642 3979 4685 3887 4685 3887 4684 3888 4701 4069 4701 4069 4684 3888 4690 3889 4700 4070 4690 3889 4688 3890 4687 3789 4693 4071 4688 3890 4692 3980 4693 4071 4687 3789 4692 3980 4729 3891 5035 4072 5035 4072 4729 3891 4787 3981 4785 3693 4786 4073 4787 3981 4785 3693 4784 3982 4786 4073 4836 4074 4784 3982 4783 3892 4783 3892 4727 3983 4836 4074 4726 3984 4727 3983 4728 3694 4726 3984 4790 3893 4836 4074 5067 3987 4790 3893 4792 3985 4792 3985 4791 3894 5067 3987 5067 3987 4791 3894 4744 3986 5067 3987 4744 3986 4743 3895 4750 3988 5067 3987 4749 3898 4808 4075 4750 3988 4747 3793 4747 3793 4812 3989 4808 4075 4812 3989 4811 3899 4839 3990 4839 3990 4810 3794 4838 3796 4839 3990 4838 3796 4837 3991 5012 4076 4837 3991 5013 3900 5015 4077 5013 3900 5016 3901 5023 3902 5026 4078 5016 3901 5023 3902 5038 3903 5024 4079 5041 3992 5037 4080 5038 3903 5054 4081 5041 3992 4831 3798 5054 4081 4831 3798 5055 3993 4874 3802 5053 3994 5055 3993 4876 3905 5051 4082 5053 3994 4876 3905 4877 3906 4878 4083 4890 3907 4879 4084 4877 3906 4890 3907 4891 3908 4892 4085 4891 3908 4900 3909 4893 4086 4900 3909 4909 3910 4901 4087 4909 3910 4846 3911 4910 4088 4846 3911 4201 3803 4424 3995 4249 3996 4424 3995 4425 3804 4250 4089 4249 3996 4251 3912 4252 4090 4251 3912 4253 3913 4254 4091 4253 3913 4255 3914 4256 4092 4255 3914 4257 3915 4258 4093 4257 3915 4259 3916 4258 4093 4259 3916 4260 3917 4411 3997 4258 4093 4260 3917 4214 4094 4411 3997 4216 3918 4216 3918 4401 3998 4402 4095 4397 3806 4400 4096 4401 3998 4399 3919 4400 4096 4397 3806 4400 4096 4399 3919 4519 3920 4517 3813 4518 4097 4519 3920 4396 3617 4532 3923 4522 3999 4469 3922 4468 4000 4396 3617 4396 3617 4468 4000 4532 3923 4514 4001 4516 4098 4517 3813 4514 4001 4525 3814 4587 4002 4587 4002 4585 3815 4588 4003 4588 4003 4589 3924 4590 4099 4590 4099 4589 3924 4591 4004 4591 4004 4579 3925 4593 4100 4579 3925 4580 3926 4581 4101 4616 4005 4581 4101 4580 3926 4617 4006 4616 4005 4618 3817 4608 3818 4607 4102 4617 4006 4608 3818 4606 4007 4607 4102 4605 3927 3886 4103 4606 4007 4604 3928 3889 4008 4605 3927 4604 3928 3890 3929 3889 4008 3887 4104 3889 4008 3888 3734 3888 3734 3896 4009 3886 4103 3894 3930 3895 4105 3896 4009 3892 4010 3893 4106 3894 3930 3897 4107 3892 4010 3898 3823 4028 4011 3904 4108 3898 3823 4030 4012 4028 4011 4031 3824 4034 4013 4030 4012 4035 3825 4042 3931 4045 4109 4034 4013 4042 3931 4046 4014 4045 4109 4046 4014 4043 3826 4047 4015 4047 4015 4044 3827 4048 4016 4048 4016 3869 3932 4049 4110 4049 4110 3869 3932 3826 3933 4049 4110 3826 3933 3867 4017 2505 3934 2504 3935 3867 4017 4055 4111 3867 4017 3865 3833 3865 3833 3864 4018 3861 4112 2990 3937 2991 4113 3864 4018 5191 4019 2991 4113 2990 3937 2995 3938 5192 3939 5191 4019 5167 3558 2923 4020 2924 4114 1021 3206 1052 4115 1053 4021 1021 3206 1049 4022 1050 4116 1086 3382 1093 4117 1094 4023 1086 3382 1089 4024 1090 4118 2899 4026 2900 4119 1102 3566 5165 3652 2897 4120 2898 4027 1118 3950 1123 3951 5150 3949 5150 3949 1123 3951 1125 4028 1124 3848 1129 4121 1125 4028 1126 4029 1128 4122 1124 3848 1126 4029 1229 3849 1230 4030 1230 4030 1213 3952 1214 4123 1213 3952 258 4031 262 4124 1216 3755 259 4125 258 4031 255 4032 259 4125 1216 3755 253 3954 255 4032 256 3953 254 4126 253 3954 591 4033 591 4033 590 3852 651 3955 591 4033 651 3955 652 4034 653 4127 652 4034 719 3956 653 4127 719 3956 720 4035 721 4128 720 4035 181 3957 721 4128 181 3957 180 4036 182 4129 180 4036 136 2762 164 4037 162 4130 136 2762 741 4131 164 4037 160 3958 741 4131 160 3958 742 4038 675 4039 742 4038 676 3858 614 4040 675 4039 615 3859 566 4041 614 4040 567 3860 537 4042 566 4041 538 3861 514 4043 537 4042 515 3862 499 4044 514 4043 500 3863 486 4045 499 4044 487 3864 341 4132 486 4045 344 3865 344 3865 345 4046 341 4132 348 4133 345 4046 349 3959 349 3959 354 4047 355 4134 352 3761 353 4135 354 4047 350 4048 351 4136 352 3761 359 4137 350 4048 360 3960 359 4137 360 3960 361 4049 361 4049 356 3762 362 4138 356 3762 357 4050 358 4139 1363 4051 357 4050 365 3961 1363 4051 369 3962 1365 4140 1365 4140 369 3962 367 4052 366 4053 367 4052 368 3763 374 3963 1365 4140 366 4053 374 3963 1364 4054 1365 4140 1364 4054 370 3868 1367 4055 1367 4055 382 3965 381 3966 378 3967 1366 3871 1367 4055 1366 3871 1377 4056 1378 4141 1244 3872 1376 4057 1377 4056 1368 3874 1375 4058 1376 4057 1441 3968 1375 4058 1243 3875 1369 4059 1375 4058 1441 3968 1369 4059 1370 3969 1340 4142 1370 3969 1371 4060 1340 4142 1346 4143 1371 4060 1444 3878 1443 4144 1444 3878 1445 4061 1443 4144 1445 4061 5171 3970 2962 4062 5178 4145 5177 3880 2962 4062 3845 3881 2961 4146 2961 4146 3845 3881 3846 4063 4003 4147 3846 4063 4002 3972 4002 3972 3992 3973 3990 4148 3991 3974 3990 4148 3992 3973 4017 3975 3989 4149 3991 3974 3933 4064 4016 4150 4017 3975 3938 3883 3939 4151 3933 4064 3938 3883 3945 4065 3936 4152 3945 4065 3944 3976 4646 4153 4646 4153 3944 3976 3942 4066 4713 4067 3942 4066 3941 3977 4634 3885 4719 4154 4713 4067 4634 3885 4721 4068 4719 4154 4720 4155 4721 4068 4722 3978 4641 4156 4722 3978 4642 3979 4701 4069 4643 4157 4642 3979 4701 4069 4690 3889 4700 4070 4700 4070 4688 3890 4696 4158 4688 3890 4693 4071 4702 4159 5035 4072 4693 4071 4692 3980 5035 4072 4787 3981 5029 4160 4786 4073 5024 4079 4787 3981 4836 4074 4786 4073 4784 3982 4836 4074 4727 3983 4726 3984 4836 4074 4790 3893 5067 3987 4808 4075 5067 3987 4750 3988 4808 4075 4812 3989 5009 4161 5009 4161 4812 3989 4839 3990 4837 3991 4836 4074 4839 3990 4835 4162 4837 3991 5012 4076 5012 4076 5013 3900 5014 4163 5014 4163 5013 3900 5015 4077 5015 4077 5016 3901 5017 4164 5016 3901 5026 4078 5027 4165 5023 3902 5025 4166 5026 4078 5024 4079 5025 4166 5023 3902 5024 4079 5038 3903 5032 4167 5037 4080 5030 4168 5038 3903 5040 4169 5037 4080 5041 3992 5052 4170 5041 3992 5054 4081 5053 3994 5054 4081 5055 3993 5051 4082 5052 4170 5053 3994 4878 4083 5051 4082 4876 3905 4878 4083 4877 3906 4879 4084 4892 4085 4879 4084 4890 3907 4892 4085 4891 3908 4893 4086 4893 4086 4900 3909 4901 4087 4901 4087 4909 3910 4910 4088 4910 4088 4846 3911 4248 4171 4846 3911 4424 3995 4248 4171 4248 4171 4424 3995 4249 3996 4209 4172 4249 3996 4250 4089 4250 4089 4251 3912 4252 4090 4252 4090 4253 3913 4254 4091 4254 4091 4255 3914 4256 4092 4256 4092 4257 3915 4258 4093 4410 4173 4258 4093 4411 3997 4214 4094 4410 4173 4411 3997 4215 4174 4214 4094 4216 3918 4216 3918 4402 4095 4217 4175 4519 3920 4402 4095 4401 3998 4519 3920 4401 3998 4400 4096 4218 4176 4519 3920 4518 4097 4516 4098 4518 4097 4517 3813 4514 4001 4515 4177 4516 4098 4587 4002 4515 4177 4514 4001 4588 4003 4596 4178 4587 4002 4590 4099 4631 4179 4588 4003 4590 4099 4591 4004 4592 4180 4592 4180 4591 4004 4593 4100 4593 4100 4579 3925 4582 4181 4579 3925 4581 4101 4582 4181 4614 4182 4581 4101 4616 4005 4615 4183 4616 4005 4617 4006 4617 4006 4607 4102 4552 4184 3892 4010 4607 4102 4606 4007 3886 4103 3896 4009 4606 4007 3887 4104 3886 4103 4605 3927 4605 3927 3889 4008 3887 4104 3886 4103 3887 4104 3888 3734 4606 4007 3896 4009 3895 4105 3894 3930 3893 4106 3895 4105 3892 4010 4606 4007 3893 4106 3897 4107 4607 4102 3892 4010 3898 3823 3906 4185 3897 4107 3898 3823 3904 4108 3906 4185 3915 4186 3904 4108 4028 4011 4027 4187 4028 4011 4030 4012 4029 4188 4030 4012 4034 4013 4033 4189 4034 4013 4045 4109 4051 4190 4045 4109 4046 4014 4052 4191 4046 4014 4047 4015 4053 4192 4047 4015 4048 4016 4054 4193 4048 4016 4049 4110 4055 4111 4049 4110 3867 4017 3865 3833 3861 4112 4055 4111 3864 4018 2992 4194 3861 4112 2991 4113 2992 4194 3864 4018 2991 4113 5191 4019 5190 4195 2924 4114 2925 4196 5167 3558 1021 3206 1051 4197 1052 4115 1050 4116 1051 4197 1021 3206 1086 3382 1092 4198 1093 4117 1086 3382 1090 4118 1091 4199 2900 4119 2904 4200 1102 3566 5165 3652 2896 4201 2897 4120 5150 3949 1125 4028 5162 4202 5162 4202 1125 4028 1129 4121 1124 3848 1128 4122 1129 4121 1126 4029 1127 4203 1128 4122 1126 4029 1230 4030 1132 4204 1230 4030 1214 4123 1231 4205 1213 3952 267 4206 1214 4123 1213 3952 262 4124 261 4207 257 4208 262 4124 258 4031 254 4126 258 4031 259 4125 254 4126 259 4125 255 4032 254 4126 255 4032 253 3954 254 4126 591 4033 592 4209 592 4209 591 4033 652 4034 592 4209 652 4034 653 4127 654 4210 653 4127 720 4035 654 4210 720 4035 721 4128 722 4211 721 4128 180 4036 722 4211 180 4036 182 4129 178 4212 182 4129 136 2762 136 2762 162 4130 163 4213 740 4214 162 4130 164 4037 740 4214 164 4037 741 4131 675 4039 741 4131 742 4038 614 4040 674 4215 675 4039 566 4041 613 4216 614 4040 537 4042 565 4217 566 4041 514 4043 536 4218 537 4042 499 4044 513 4219 514 4043 486 4045 498 4220 499 4044 341 4132 334 4221 486 4045 341 4132 345 4046 346 4222 345 4046 348 4133 1389 4223 347 4224 348 4133 349 3959 349 3959 355 4134 347 4224 1241 4225 355 4134 354 4047 354 4047 353 4135 1241 4225 351 4136 353 4135 352 3761 1241 4225 351 4136 350 4048 1362 4226 350 4048 359 4137 1362 4226 359 4137 361 4049 1362 4226 361 4049 362 4138 362 4138 356 3762 358 4139 1363 4051 358 4139 357 4050 1365 4140 1381 4227 1363 4051 1365 4140 367 4052 366 4053 1364 4054 1380 4228 1365 4140 1367 4055 1379 4229 1364 4054 1366 3871 1378 4141 1367 4055 1377 4056 1336 4230 1378 4141 1376 4057 1340 4142 1377 4056 1375 4058 1369 4059 1376 4057 1376 4057 1369 4059 1340 4142 1340 4142 1371 4060 1346 4143 1443 4144 1346 4143 1444 3878 5171 3970 1442 4231 1443 4144 2961 4146 5178 4145 2962 4062 2961 4146 3846 4063 2964 4232 4003 4147 3847 4233 3846 4063 4002 3972 3990 4148 4003 4147 3989 4149 3990 4148 3991 3974 4016 4150 3989 4149 4017 3975 3929 4234 4016 4150 3933 4064 3933 4064 3939 4151 3940 4235 3938 3883 3937 4236 3939 4151 3936 4152 3937 4236 3938 3883 3945 4065 4647 4237 3936 4152 4646 4153 4647 4237 3945 4065 4646 4153 3942 4066 4713 4067 4713 4067 4719 4154 4717 4238 4720 4155 4719 4154 4721 4068 4641 4156 4720 4155 4722 3978 4641 4156 4642 3979 4643 4157 4700 4070 4643 4157 4701 4069 4696 4158 4699 4239 4700 4070 4696 4158 4688 3890 4703 4240 4688 3890 4702 4159 4703 4240 5035 4072 4702 4159 4693 4071 5028 4241 5035 4072 5029 4160 5029 4160 4787 3981 5031 4242 4787 3981 5024 4079 5032 4167 4786 4073 5025 4166 5024 4079 4835 4162 4786 4073 4836 4074 4836 4074 5067 3987 5011 4243 4808 4075 5010 4244 5067 3987 5009 4161 5010 4244 4808 4075 5009 4161 4839 3990 5010 4244 4839 3990 4836 4074 5011 4243 4835 4162 4836 4074 4837 3991 4835 4162 5012 4076 4786 4073 4786 4073 5012 4076 5014 4163 4786 4073 5014 4163 5015 4077 5015 4077 5017 4164 4786 4073 5016 3901 5027 4165 5017 4164 4786 4073 5027 4165 5026 4078 5026 4078 5025 4166 4786 4073 5038 3903 5030 4168 5032 4167 5037 4080 5028 4241 5030 4168 5040 4169 5036 4245 5037 4080 5052 4170 5040 4169 5041 3992 5053 3994 5052 4170 5054 4081 5051 4082 5050 4246 5052 4170 4878 4083 5049 4247 5051 4082 4878 4083 4879 4084 4880 4248 4892 4085 4881 4249 4879 4084 4892 4085 4893 4086 4894 4250 4893 4086 4901 4087 4895 4251 4901 4087 4910 4088 4902 4252 4910 4088 4248 4171 4208 4253 4209 4172 4248 4171 4249 3996 4406 4254 4209 4172 4250 4089 4407 4255 4250 4089 4252 4090 4408 4256 4252 4090 4254 4091 4409 4257 4254 4091 4256 4092 4410 4173 4256 4092 4258 4093 4220 4258 4410 4173 4214 4094 4213 4259 4214 4094 4215 4174 4215 4174 4216 3918 4217 4175 4217 4175 4402 4095 4519 3920 4213 4259 4519 3920 4218 4176 4218 4176 4518 4097 4516 4098 4516 4098 4515 4177 4218 4176 4586 4260 4515 4177 4587 4002 4587 4002 4596 4178 4597 4261 4588 4003 4595 4262 4596 4178 4588 4003 4631 4179 4632 4263 4590 4099 4630 4264 4631 4179 4592 4180 4630 4264 4590 4099 4592 4180 4593 4100 4562 4265 4593 4100 4582 4181 4562 4265 4582 4181 4581 4101 4583 4266 4614 4182 4583 4266 4581 4101 4615 4183 4614 4182 4616 4005 4617 4006 4552 4184 4615 4183 4607 4102 3905 4267 4552 4184 3893 4106 4606 4007 3895 4105 3897 4107 3906 4185 4607 4102 3904 4108 3905 4267 3906 4185 3915 4186 3899 4268 3904 4108 4027 4187 3915 4186 4028 4011 4029 4188 4027 4187 4030 4012 4033 4189 4029 4188 4034 4013 4045 4109 4050 4269 4033 4189 4045 4109 4051 4190 4050 4269 4051 4190 4046 4014 4052 4191 4052 4191 4047 4015 4053 4192 4053 4192 4048 4016 4054 4193 4054 4193 4049 4110 4055 4111 4055 4111 3861 4112 3860 4270 2992 4194 2987 4271 3861 4112 2992 4194 2991 4113 5190 4195 5167 3558 2925 4196 2926 4272 1091 4199 1092 4198 1086 3382 1102 3566 2904 4200 2905 3651 5166 4273 2896 4201 5165 3652 5162 4202 1129 4121 1128 4122 1128 4122 1127 4203 5162 4202 1126 4029 1134 4274 1127 4203 1132 4204 1133 4275 1126 4029 1132 4204 1230 4030 1231 4205 1231 4205 1214 4123 1239 4276 1214 4123 267 4206 266 4277 1213 3952 261 4207 267 4206 257 4208 261 4207 262 4124 257 4208 258 4031 254 4126 257 4208 254 4126 592 4209 593 4278 592 4209 653 4127 593 4278 653 4127 654 4210 655 4279 654 4210 721 4128 655 4279 721 4128 722 4211 723 4280 722 4211 182 4129 723 4280 182 4129 178 4212 136 2762 177 4281 178 4212 163 4213 167 4282 136 2762 739 4283 163 4213 162 4130 739 4283 162 4130 740 4214 674 4215 740 4214 741 4131 674 4215 741 4131 675 4039 613 4216 674 4215 614 4040 565 4217 613 4216 566 4041 536 4218 565 4217 537 4042 513 4219 536 4218 514 4043 498 4220 513 4219 499 4044 334 4221 498 4220 486 4045 338 4284 334 4221 341 4132 341 4132 346 4222 339 4285 1389 4223 346 4222 345 4046 1389 4223 348 4133 347 4224 1241 4225 347 4224 355 4134 353 4135 351 4136 1241 4225 1241 4225 350 4048 1362 4226 1362 4226 362 4138 1363 4051 362 4138 358 4139 1363 4051 1363 4051 1381 4227 1382 4286 1365 4140 1380 4228 1381 4227 1364 4054 1379 4229 1380 4228 1367 4055 1378 4141 1379 4229 1378 4141 1336 4230 1330 4287 1377 4056 1340 4142 1336 4230 1340 4142 1346 4143 1341 4288 1344 4289 1346 4143 1443 4144 1442 4231 1344 4289 1443 4144 5171 3970 1342 4290 1442 4231 2961 4146 2964 4232 5178 4145 2964 4232 3846 4063 3847 4233 4004 4291 3847 4233 4003 4147 4003 4147 3990 4148 3988 4292 3989 4149 3988 4292 3990 4148 4016 4150 3987 4293 3989 4149 3929 4234 4015 4294 4016 4150 3933 4064 3934 4295 3929 4234 3933 4064 3940 4235 3931 4296 4648 4297 3940 4235 3939 4151 4648 4297 3939 4151 3937 4236 3936 4152 4648 4297 3937 4236 3936 4152 4647 4237 4648 4297 4646 4153 4715 4298 4647 4237 4713 4067 4717 4238 4646 4153 4718 4299 4717 4238 4719 4154 4718 4299 4719 4154 4720 4155 4672 4300 4720 4155 4641 4156 4641 4156 4643 4157 4672 4300 4700 4070 4699 4239 4643 4157 4696 4158 4698 4301 4699 4239 4696 4158 4703 4240 4694 4302 4703 4240 4702 4159 5035 4072 5028 4241 5034 4303 5035 4072 5028 4241 5029 4160 5030 4168 5030 4168 5029 4160 5031 4242 4787 3981 5032 4167 5031 4242 5011 4243 5067 3987 5010 4244 4839 3990 5011 4243 5010 4244 4786 4073 5017 4164 5027 4165 5030 4168 5031 4242 5032 4167 5036 4245 5028 4241 5037 4080 5039 4304 5036 4245 5040 4169 5050 4246 5040 4169 5052 4170 5049 4247 5050 4246 5051 4082 4880 4248 5049 4247 4878 4083 4880 4248 4879 4084 4881 4249 4894 4250 4881 4249 4892 4085 4894 4250 4893 4086 4895 4251 4895 4251 4901 4087 4902 4252 4902 4252 4910 4088 4208 4253 4208 4253 4248 4171 4209 4172 4405 4305 4209 4172 4406 4254 4406 4254 4250 4089 4407 4255 4407 4255 4252 4090 4408 4256 4408 4256 4254 4091 4409 4257 4409 4257 4256 4092 4410 4173 4220 4258 4409 4257 4410 4173 4214 4094 4219 4306 4220 4258 4213 4259 4218 4176 4214 4094 4215 4174 4217 4175 4213 4259 4213 4259 4217 4175 4519 3920 4218 4176 4515 4177 4586 4260 4587 4002 4597 4261 4586 4260 4597 4261 4596 4178 4218 4176 4218 4176 4596 4178 4595 4262 4594 4307 4595 4262 4588 4003 4588 4003 4632 4263 4594 4307 4221 4308 4632 4263 4631 4179 4221 4308 4631 4179 4630 4264 4592 4180 4629 4309 4630 4264 4562 4265 4629 4309 4592 4180 4562 4265 4582 4181 4584 4310 4582 4181 4583 4266 4584 4310 4612 4311 4583 4266 4614 4182 4613 4312 4614 4182 4615 4183 4615 4183 4552 4184 4551 4313 4552 4184 3905 4267 3903 4314 4607 4102 3906 4185 3905 4267 3904 4108 3903 4314 3905 4267 3904 4108 3899 4268 3901 4315 3915 4186 3907 4316 3899 4268 4010 4317 3915 4186 4027 4187 4026 4318 4027 4187 4029 4188 4024 4319 4029 4188 4033 4189 4025 4320 4033 4189 4050 4269 4051 4190 3855 4321 4050 4269 4052 4191 3858 4322 4051 4190 4053 4192 3857 4323 4052 4191 4054 4193 3859 4324 4053 4192 4055 4111 3860 4270 4054 4193 2988 4325 3860 4270 3861 4112 2988 4325 3861 4112 2987 4271 2992 4194 5190 4195 2987 4271 5167 3558 2926 4272 2927 4326 5166 4273 2951 4327 2896 4201 5162 4202 1127 4203 1134 4274 1126 4029 1133 4275 1134 4274 1132 4204 1131 4328 1133 4275 1132 4204 1231 4205 1137 4329 1231 4205 1239 4276 1167 4330 1214 4123 268 4331 1239 4276 1214 4123 266 4277 264 4332 260 4333 266 4277 267 4206 260 4333 267 4206 261 4207 260 4333 261 4207 257 4208 257 4208 592 4209 593 4278 594 4334 593 4278 654 4210 594 4334 654 4210 655 4279 656 4335 655 4279 722 4211 656 4335 722 4211 723 4280 724 4336 723 4280 178 4212 724 4336 178 4212 177 4281 179 4337 177 4281 136 2762 167 4282 165 4338 136 2762 738 4339 167 4282 163 4213 738 4339 163 4213 739 4283 673 4340 739 4283 740 4214 673 4340 740 4214 674 4215 613 4216 673 4340 674 4215 565 4217 612 4341 613 4216 536 4218 564 4342 565 4217 513 4219 535 4343 536 4218 498 4220 512 4344 513 4219 334 4221 497 4345 498 4220 338 4284 335 4346 334 4221 341 4132 342 4347 338 4284 339 4285 340 4348 341 4132 1389 4223 339 4285 346 4222 1389 4223 347 4224 1241 4225 1362 4226 1383 4349 1241 4225 1363 4051 1382 4286 1362 4226 1381 4227 1319 4350 1382 4286 1380 4228 1324 4351 1381 4227 1379 4229 1328 4352 1380 4228 1378 4141 1330 4287 1379 4229 1336 4230 1337 4353 1330 4287 1339 4354 1336 4230 1340 4142 1339 4354 1340 4142 1341 4288 1341 4288 1346 4143 1344 4289 1342 4290 1344 4289 1442 4231 5172 4355 1342 4290 5171 3970 5178 4145 2964 4232 2965 4356 2964 4232 3847 4233 2965 4356 4004 4291 3848 4357 3847 4233 4003 4147 3988 4292 4004 4291 3987 4293 3988 4292 3989 4149 4015 4294 3987 4293 4016 4150 3920 4358 4015 4294 3929 4234 3929 4234 3934 4295 3935 4359 3933 4064 3932 4360 3934 4295 3931 4296 3932 4360 3933 4064 3931 4296 3940 4235 4648 4297 4647 4237 4714 4361 4648 4297 4647 4237 4715 4298 4714 4361 4646 4153 4717 4238 4715 4298 4716 4362 4717 4238 4718 4299 4672 4300 4718 4299 4720 4155 4672 4300 4643 4157 4654 4363 4654 4363 4643 4157 4699 4239 4655 4364 4699 4239 4698 4301 4697 4365 4698 4301 4696 4158 4694 4302 4695 4366 4696 4158 5035 4072 4694 4302 4703 4240 5035 4072 5034 4303 4697 4365 4859 4367 5034 4303 5028 4241 5036 4245 4859 4367 5028 4241 5039 4304 4862 4368 5036 4245 5050 4246 5039 4304 5040 4169 5049 4247 5048 4369 5050 4246 4880 4248 5047 4370 5049 4247 4880 4248 4881 4249 4882 4371 4894 4250 4883 4372 4881 4249 4894 4250 4895 4251 4896 4373 4895 4251 4902 4252 4847 4374 4902 4252 4208 4253 4207 4375 4207 4375 4208 4253 4209 4172 4405 4305 4207 4375 4209 4172 4234 4376 4405 4305 4406 4254 4229 4377 4406 4254 4407 4255 4226 4378 4407 4255 4408 4256 4223 4379 4408 4256 4409 4257 4223 4379 4409 4257 4220 4258 4219 4306 4221 4308 4220 4258 4214 4094 4218 4176 4219 4306 4218 4176 4586 4260 4597 4261 4218 4176 4595 4262 4594 4307 4219 4306 4594 4307 4632 4263 4219 4306 4632 4263 4221 4308 4630 4264 4629 4309 4221 4308 4562 4265 4628 4380 4629 4309 4562 4265 4584 4310 4563 4381 4612 4311 4584 4310 4583 4266 4613 4312 4612 4311 4614 4182 4615 4183 4551 4313 4613 4312 3902 4382 4551 4313 4552 4184 4552 4184 3903 4314 3902 4382 3902 4382 3903 4314 3904 4108 3904 4108 3901 4315 3902 4382 3899 4268 3900 4383 3901 4315 3907 4316 3908 4384 3899 4268 3912 4385 3907 4316 3915 4186 4010 4317 3912 4385 3915 4186 4026 4318 4010 4317 4027 4187 4024 4319 4026 4318 4029 4188 4025 4320 4024 4319 4033 4189 4050 4269 3856 4386 4025 4320 4050 4269 3855 4321 3856 4386 4051 4190 3858 4322 3855 4321 4052 4191 3857 4323 3858 4322 4053 4192 3859 4324 3857 4323 4054 4193 3860 4270 3859 4324 2988 4325 2989 4387 3860 4270 2987 4271 5190 4195 2988 4325 2927 4326 2928 4388 5167 3558 5166 4273 2950 4389 2951 4327 5162 4202 1134 4274 5151 4390 5151 4390 1134 4274 1133 4275 5151 4390 1133 4275 1131 4328 1130 4391 1131 4328 1132 4204 1137 4329 1150 4392 1132 4204 1137 4329 1231 4205 1167 4330 1167 4330 1239 4276 1240 4393 1239 4276 268 4331 270 4394 1214 4123 263 4332 268 4331 264 4332 263 4332 1214 4123 265 4395 264 4332 266 4277 265 4395 266 4277 260 4333 260 4333 257 4208 593 4278 260 4333 593 4278 594 4334 595 4396 594 4334 655 4279 595 4396 655 4279 656 4335 657 4397 656 4335 723 4280 657 4397 723 4280 724 4336 724 4336 177 4281 725 4398 725 4398 177 4281 179 4337 175 4399 179 4337 136 2762 136 2762 165 4338 166 4400 737 4401 165 4338 167 4282 737 4401 167 4282 738 4339 672 4402 738 4339 739 4283 672 4402 739 4283 673 4340 612 4341 673 4340 613 4216 564 4342 612 4341 565 4217 535 4343 564 4342 536 4218 512 4344 535 4343 513 4219 497 4345 512 4344 498 4220 330 4403 497 4345 334 4221 333 4404 334 4221 335 4346 337 4405 335 4346 338 4284 338 4284 342 4347 343 4406 341 4132 340 4348 342 4347 1388 4407 340 4348 339 4285 1388 4407 339 4285 1389 4223 1241 4225 1384 4408 1389 4223 1241 4225 1383 4349 1384 4408 1362 4226 1382 4286 1383 4349 1382 4286 1319 4350 1314 4409 1381 4227 1324 4351 1319 4350 1380 4228 1328 4352 1324 4351 1379 4229 1330 4287 1328 4352 1330 4287 1337 4353 1338 4410 1336 4230 1335 4411 1337 4353 1334 4411 1336 4230 1339 4354 5149 4412 1339 4354 1341 4288 1341 4288 1344 4289 1347 4413 1342 4290 1343 4414 1344 4289 5172 4355 1343 4414 1342 4290 5178 4145 2965 4356 5179 4415 2965 4356 3847 4233 2966 4416 2966 4416 3847 4233 3848 4357 4005 4417 3848 4357 4004 4291 4004 4291 3988 4292 3986 4418 3987 4293 3986 4418 3988 4292 4015 4294 3985 4419 3987 4293 3920 4358 4014 4420 4015 4294 3928 4421 3920 4358 3929 4234 3929 4234 3935 4359 3930 4422 4650 4423 3935 4359 3934 4295 4650 4423 3934 4295 3932 4360 3932 4360 3931 4296 4644 4424 3931 4296 4648 4297 4644 4424 4644 4424 4648 4297 4714 4361 4714 4361 4715 4298 4716 4362 4716 4362 4715 4298 4717 4238 4673 4425 4716 4362 4718 4299 4673 4425 4718 4299 4672 4300 4672 4300 4654 4363 4673 4425 4654 4363 4699 4239 4655 4364 4655 4364 4698 4301 4657 4426 4697 4365 4723 4427 4698 4301 4696 4158 4695 4366 4697 4365 5035 4072 4695 4366 4694 4302 4697 4365 4695 4366 5035 4072 4697 4365 5034 4303 5033 4428 4859 4367 5033 4428 5034 4303 4862 4368 4859 4367 5036 4245 4866 4429 4862 4368 5039 4304 5048 4369 5039 4304 5050 4246 5047 4370 5048 4369 5049 4247 4882 4371 5047 4370 4880 4248 4882 4371 4881 4249 4883 4372 4896 4373 4883 4372 4894 4250 4896 4373 4895 4251 4847 4374 4847 4374 4902 4252 4207 4375 4404 4430 4207 4375 4405 4305 4212 4431 4405 4305 4234 4376 4234 4376 4406 4254 4229 4377 4229 4377 4407 4255 4226 4378 4226 4378 4408 4256 4223 4379 4220 4258 4222 4432 4223 4379 4220 4258 4221 4308 4222 4432 4218 4176 4594 4307 4219 4306 4628 4380 4221 4308 4629 4309 4564 4433 4628 4380 4562 4265 4562 4265 4563 4381 4564 4433 4611 4434 4563 4381 4584 4310 4611 4434 4584 4310 4612 4311 4556 4435 4612 4311 4613 4312 4613 4312 4551 4313 4553 4436 3901 4315 4551 4313 3902 4382 3900 4383 4551 4313 3901 4315 3899 4268 3909 4437 3900 4383 3899 4268 3908 4384 3909 4437 3908 4384 3907 4316 4553 4436 3912 4385 3914 4438 3907 4316 3912 4385 4010 4317 4011 4439 3977 4440 4010 4317 4026 4318 4022 4441 4026 4318 4024 4319 4024 4319 4025 4320 4023 4442 4025 4320 3856 4386 3854 4443 3855 4321 2980 4444 3856 4386 3858 4322 2984 4445 3855 4321 3857 4323 2983 4446 3858 4322 2985 4447 3857 4323 3859 4324 3860 4270 2989 4387 3859 4324 2989 4387 2988 4325 5189 4448 2988 4325 5190 4195 5189 4448 5167 3558 2928 4388 2929 4449 2949 4450 2950 4389 5166 4273 1131 4328 1130 4391 5151 4390 1132 4204 1151 4451 1130 4391 1132 4204 1150 4392 1151 4451 1137 4329 1149 4452 1150 4392 1137 4329 1167 4330 1135 4453 1167 4330 1240 4393 1157 4454 1239 4276 275 4455 1240 4393 1239 4276 270 4394 272 4456 268 4331 269 4457 270 4394 263 4332 265 4395 268 4331 263 4332 264 4332 265 4395 265 4395 260 4333 594 4334 265 4395 594 4334 595 4396 596 4458 595 4396 656 4335 596 4458 656 4335 657 4397 658 4459 657 4397 724 4336 658 4459 724 4336 725 4398 725 4398 179 4337 726 4460 726 4460 179 4337 175 4399 136 2762 174 4461 175 4399 166 4400 170 4462 136 2762 736 4463 166 4400 165 4338 736 4463 165 4338 737 4401 671 4464 737 4401 738 4339 671 4464 738 4339 672 4402 612 4341 672 4402 673 4340 564 4342 611 4465 612 4341 535 4343 563 4466 564 4342 512 4344 534 4467 535 4343 497 4345 511 4468 512 4344 330 4403 323 4469 497 4345 333 4404 330 4403 334 4221 1387 4470 333 4404 335 4346 1387 4470 335 4346 337 4405 336 4471 337 4405 338 4284 338 4284 343 4406 336 4471 342 4347 1388 4407 343 4406 342 4347 340 4348 1388 4407 1389 4223 1272 4472 1388 4407 1389 4223 1384 4408 1272 4472 1383 4349 1309 4473 1384 4408 1382 4286 1314 4409 1383 4349 1319 4350 1320 4474 1314 4409 1324 4351 1325 4475 1319 4350 1327 4476 1324 4351 1328 4352 1330 4287 1332 4477 1328 4352 1330 4287 1338 4410 1331 4478 5149 4412 1338 4410 1337 4353 5149 4412 1337 4353 1335 4411 1334 4411 1335 4411 1336 4230 1334 4411 1339 4354 5149 4412 5149 4412 1341 4288 5172 4355 5172 4355 1341 4288 1347 4413 1347 4413 1344 4289 1345 4479 1344 4289 1343 4414 1345 4479 1345 4479 1343 4414 5172 4355 2965 4356 2966 4416 5179 4415 2966 4416 3848 4357 2967 4480 4005 4417 3851 4481 3848 4357 4004 4291 3986 4418 4005 4417 3985 4419 3986 4418 3987 4293 4014 4420 3985 4419 4015 4294 3922 4482 4014 4420 3920 4358 3925 4483 3920 4358 3928 4421 3928 4421 3929 4234 3930 4422 4649 4484 3930 4422 3935 4359 4650 4423 4649 4484 3935 4359 3932 4360 4644 4424 4650 4423 4644 4424 4714 4361 4651 4485 4651 4485 4714 4361 4716 4362 4651 4485 4716 4362 4673 4425 4673 4425 4654 4363 4656 4486 4654 4363 4655 4364 4656 4486 4656 4486 4655 4364 4657 4426 4657 4426 4698 4301 4725 4487 4698 4301 4723 4427 4724 4488 4697 4365 4863 4489 4723 4427 4697 4365 5033 4428 4858 4490 4858 4490 5033 4428 4859 4367 4862 4368 4857 4491 4859 4367 4866 4429 4860 4492 4862 4368 5048 4369 4866 4429 5039 4304 5047 4370 5046 4493 5048 4369 4882 4371 4856 4494 5047 4370 4882 4371 4883 4372 4853 4495 4896 4373 4850 4496 4883 4372 4896 4373 4847 4374 4870 4497 4847 4374 4207 4375 4404 4430 4212 4431 4404 4430 4405 4305 4234 4376 4236 4498 4212 4431 4229 4377 4233 4499 4234 4376 4230 4500 4229 4377 4226 4378 4223 4379 4225 4501 4226 4378 4222 4432 4224 4502 4223 4379 4564 4433 4222 4432 4221 4308 4564 4433 4221 4308 4628 4380 4563 4381 4575 4503 4564 4433 4610 4504 4563 4381 4611 4434 4556 4435 4611 4434 4612 4311 4613 4312 4553 4436 4556 4435 3909 4437 4553 4436 4551 4313 3909 4437 4551 4313 3900 4383 3908 4384 4553 4436 3909 4437 4553 4436 3907 4316 3914 4438 3913 4505 3914 4438 3912 4385 3912 4385 4011 4439 3824 4506 3977 4440 4011 4439 4010 4317 4022 4441 3977 4440 4026 4318 4024 4319 4023 4442 4022 4441 4025 4320 3854 4443 4023 4442 3856 4386 2978 4507 3854 4443 2980 4444 2979 4508 3856 4386 2981 4509 2980 4444 3855 4321 2984 4445 2981 4509 3855 4321 2983 4446 2984 4445 3858 4322 3857 4323 2982 4510 2983 4446 2982 4510 3857 4323 2985 4447 2986 4511 2985 4447 3859 4324 2986 4511 3859 4324 2989 4387 2989 4387 5189 4448 2986 4511 5167 3558 2929 4449 2930 4512 5166 4273 2948 4513 2949 4450 1130 4391 2892 4514 5151 4390 1151 4451 1150 4392 2889 4515 1149 4452 1152 4516 1150 4392 1148 4517 1149 4452 1137 4329 1135 4453 1136 4518 1137 4329 1135 4453 1167 4330 1171 4519 1157 4454 1166 4520 1167 4330 1157 4454 1240 4393 1238 4521 1240 4393 275 4455 277 4522 1239 4276 273 4523 275 4455 272 4456 273 4523 1239 4276 270 4394 271 4524 272 4456 270 4394 269 4457 271 4524 268 4331 265 4395 269 4457 269 4457 265 4395 595 4396 269 4457 595 4396 596 4458 597 4525 596 4458 657 4397 597 4525 657 4397 658 4459 659 4526 658 4459 725 4398 659 4526 725 4398 726 4460 726 4460 175 4399 727 4527 727 4527 175 4399 174 4461 176 4528 174 4461 136 2762 170 4462 168 4529 136 2762 735 4530 170 4462 166 4400 735 4530 166 4400 736 4463 670 4531 736 4463 737 4401 670 4531 737 4401 671 4464 611 4465 671 4464 672 4402 611 4465 672 4402 612 4341 563 4466 611 4465 564 4342 534 4467 563 4466 535 4343 511 4468 534 4467 512 4344 323 4469 511 4468 497 4345 328 4532 323 4469 330 4403 332 4533 330 4403 333 4404 1386 4534 333 4404 1387 4470 336 4471 1387 4470 337 4405 343 4406 1387 4470 336 4471 343 4406 1388 4407 1387 4470 1388 4407 1272 4472 1266 4535 1384 4408 1307 4536 1272 4472 1384 4408 1309 4473 1307 4536 1383 4349 1314 4409 1309 4473 1314 4409 1320 4474 1321 4537 1319 4350 1318 4538 1320 4474 1319 4350 1325 4475 1326 4539 1324 4351 1323 4540 1325 4475 1322 4541 1324 4351 1327 4476 1327 4476 1328 4352 1329 4542 1328 4352 1332 4477 1333 4543 1330 4287 1331 4478 1332 4477 5173 4544 1331 4478 1338 4410 5173 4544 1338 4410 5149 4412 1335 4411 1334 4411 5149 4412 5172 4355 1347 4413 1345 4479 5179 4415 2966 4416 2967 4480 3848 4357 2968 4545 2967 4480 3851 4481 2969 4546 3848 4357 4006 4547 3851 4481 4005 4417 4005 4417 3986 4418 3984 4548 3985 4419 3984 4548 3986 4418 4014 4420 3983 4549 3985 4419 3922 4482 4013 4550 4014 4420 3920 4358 3921 4551 3922 4482 3925 4483 3926 4552 3920 4358 4649 4484 3925 4483 3928 4421 4649 4484 3928 4421 3930 4422 4653 4553 4649 4484 4650 4423 4650 4423 4644 4424 4652 4554 4651 4485 4652 4554 4644 4424 4673 4425 4656 4486 4651 4485 4657 4426 4660 4555 4656 4486 4657 4426 4725 4487 4658 4556 4698 4301 4724 4488 4725 4487 4860 4492 4724 4488 4723 4427 4723 4427 4863 4489 4861 4557 4697 4365 4857 4491 4863 4489 4858 4490 4857 4491 4697 4365 4857 4491 4858 4490 4859 4367 4863 4489 4857 4491 4862 4368 4860 4492 4861 4557 4862 4368 4865 4558 4860 4492 4866 4429 5046 4493 4866 4429 5048 4369 4856 4494 5046 4493 5047 4370 4853 4495 4856 4494 4882 4371 4853 4495 4883 4372 4850 4496 4870 4497 4850 4496 4896 4373 4870 4497 4847 4374 4211 4559 4847 4374 4404 4430 4211 4559 4211 4559 4404 4430 4212 4431 4212 4431 4236 4498 4237 4560 4234 4376 4235 4561 4236 4498 4233 4499 4235 4561 4234 4376 4229 4377 4232 4562 4233 4499 4228 4563 4229 4377 4230 4500 4230 4500 4226 4378 4231 4564 4226 4378 4225 4501 4227 4565 4223 4379 4224 4502 4225 4501 4224 4502 4222 4432 4564 4433 4575 4503 4228 4563 4564 4433 4563 4381 4574 4566 4575 4503 4610 4504 4573 4567 4563 4381 4558 4568 4610 4504 4611 4434 4558 4568 4611 4434 4556 4435 4556 4435 4553 4436 3913 4505 4553 4436 3914 4438 3913 4505 3912 4385 3911 4569 3913 4505 3824 4506 3823 4570 3912 4385 3824 4506 4011 4439 4012 4571 4011 4439 3977 4440 3979 4572 3978 4573 3977 4440 4022 4441 4022 4441 4023 4442 4009 4574 4023 4442 3854 4443 3853 4575 2978 4507 2977 4576 3854 4443 2979 4508 2978 4507 3856 4386 5186 4577 2979 4508 2980 4444 5186 4577 2980 4444 2981 4509 2984 4445 5187 4578 2981 4509 2984 4445 2983 4446 5187 4578 2982 4510 5188 4579 2983 4446 5188 4579 2982 4510 2985 4447 5188 4579 2985 4447 2986 4511 5188 4579 2986 4511 5189 4448 2930 4512 2931 4580 5167 3558 5166 4273 2947 4581 2948 4513 2892 4514 2893 4582 5151 4390 1130 4391 2891 4583 2892 4514 2889 4515 2890 4584 1151 4451 2889 4515 1150 4392 5145 4585 1150 4392 1152 4516 1153 4586 1137 4329 1147 4587 1148 4517 1137 4329 1136 4518 1138 4588 1167 4330 1170 4589 1171 4519 1167 4330 1166 4520 1168 4590 1157 4454 1165 4591 1166 4520 1157 4454 1238 4521 1174 4592 1240 4393 281 4593 1238 4521 1240 4393 277 4522 278 4594 275 4455 276 4595 277 4522 273 4523 274 4596 275 4455 272 4456 271 4524 273 4523 271 4524 269 4457 596 4458 271 4524 596 4458 597 4525 598 4597 597 4525 658 4459 598 4597 658 4459 659 4526 660 4598 659 4526 726 4460 660 4598 726 4460 727 4527 727 4527 174 4461 728 4599 728 4599 174 4461 176 4528 172 4600 176 4528 136 2762 136 2762 168 4529 169 4601 734 4602 168 4529 170 4462 734 4602 170 4462 735 4530 669 4603 735 4530 736 4463 669 4603 736 4463 670 4531 610 4604 670 4531 671 4464 610 4604 671 4464 611 4465 563 4466 610 4604 611 4465 534 4467 562 4605 563 4466 511 4468 533 4606 534 4467 323 4469 315 4607 511 4468 328 4532 321 4608 323 4469 329 4609 328 4532 330 4403 331 4610 330 4403 332 4533 1386 4534 332 4533 333 4404 1387 4470 1269 4611 1386 4534 1388 4407 1266 4535 1387 4470 1272 4472 1278 4612 1266 4535 1272 4472 1307 4536 1293 4613 1309 4473 1310 4614 1307 4536 1313 4615 1309 4473 1314 4409 1314 4409 1321 4537 1313 4615 1320 4474 5147 4616 1321 4537 1320 4474 1318 4538 5147 4616 1317 4617 1318 4538 1319 4350 1319 4350 1326 4539 1317 4617 5148 4618 1326 4539 1325 4475 5148 4618 1325 4475 1323 4540 1322 4541 1323 4540 1324 4351 1322 4541 1327 4476 5148 4618 5148 4618 1327 4476 1329 4542 1328 4352 1333 4543 1329 4542 5173 4544 1333 4543 1332 4477 1332 4477 1331 4478 5173 4544 5179 4415 2967 4480 5180 4619 2967 4480 2968 4545 5180 4619 3848 4357 2969 4546 2968 4545 3851 4481 2970 4620 2969 4546 4006 4547 3850 4621 3851 4481 4005 4417 3984 4548 4006 4547 3983 4549 3984 4548 3985 4419 4013 4550 3983 4549 4014 4420 3821 4622 4013 4550 3922 4482 3922 4482 3921 4551 3923 4623 3920 4358 3927 4624 3921 4551 3920 4358 3926 4552 3927 4624 3926 4552 3925 4483 4645 4625 4645 4625 3925 4483 4649 4484 4653 4553 4645 4625 4649 4484 4650 4423 4652 4554 4653 4553 4651 4485 4662 4626 4652 4554 4651 4485 4656 4486 4662 4626 4656 4486 4660 4555 4661 4627 4657 4426 4659 4628 4660 4555 4658 4556 4659 4628 4657 4426 4658 4556 4725 4487 4860 4492 4860 4492 4725 4487 4724 4488 4723 4427 4861 4557 4860 4492 4862 4368 4861 4557 4863 4489 4659 4628 4860 4492 4865 4558 4864 4629 4865 4558 4866 4429 5046 4493 4864 4629 4866 4429 4856 4494 5045 4630 5046 4493 4853 4495 4867 4631 4856 4494 4853 4495 4850 4496 4851 4632 4870 4497 4868 4633 4850 4496 4870 4497 4211 4559 4210 4634 4210 4634 4211 4559 4212 4431 4240 4635 4212 4431 4237 4560 4575 4503 4237 4560 4236 4498 4575 4503 4236 4498 4235 4561 4575 4503 4235 4561 4233 4499 4233 4499 4232 4562 4575 4503 4228 4563 4232 4562 4229 4377 4564 4433 4228 4563 4230 4500 4564 4433 4230 4500 4231 4564 4231 4564 4226 4378 4227 4565 4564 4433 4227 4565 4225 4501 4564 4433 4225 4501 4224 4502 4575 4503 4232 4562 4228 4563 4574 4566 4237 4560 4575 4503 4573 4567 4574 4566 4563 4381 4609 4636 4573 4567 4610 4504 4566 4637 4610 4504 4558 4568 4556 4435 4557 4638 4558 4568 4556 4435 3913 4505 4557 4638 4557 4638 3913 4505 3911 4569 3910 4639 3911 4569 3912 4385 3912 4385 3823 4570 3916 4640 3822 4641 3823 4570 3824 4506 3824 4506 4012 4571 3821 4622 4011 4439 3979 4572 4012 4571 3978 4573 3979 4572 3977 4440 4022 4441 4009 4574 3978 4573 4023 4442 3853 4575 4009 4574 2976 4642 3853 4575 3854 4443 2976 4642 3854 4443 2977 4576 5185 4643 2977 4576 2978 4507 5185 4643 2978 4507 2979 4508 5185 4643 2979 4508 5186 4577 5186 4577 2981 4509 5187 4578 2983 4446 5188 4579 5187 4578 5167 3558 2931 4580 2932 4644 2946 4645 2947 4581 5166 4273 5151 4390 2893 4582 2894 4646 1151 4451 2890 4584 2891 4583 2889 4515 5145 4585 1154 4647 1137 4329 1146 4648 1147 4587 1137 4329 1138 4588 1139 4649 1167 4330 1169 4650 1170 4589 1168 4590 1169 4650 1167 4330 1164 4651 1165 4591 1157 4454 1174 4592 1175 4652 1157 4454 1174 4592 1238 4521 1237 4653 1238 4521 281 4593 283 4654 1240 4393 280 4655 281 4593 278 4594 280 4655 1240 4393 277 4522 276 4595 278 4594 275 4455 274 4596 276 4595 273 4523 271 4524 274 4596 274 4596 271 4524 597 4525 274 4596 597 4525 598 4597 599 4656 598 4597 659 4526 599 4656 659 4526 660 4598 661 4657 660 4598 727 4527 661 4657 727 4527 728 4599 728 4599 176 4528 729 4658 729 4658 176 4528 172 4600 136 2762 171 4659 172 4600 169 4601 173 4660 136 2762 733 4661 169 4601 168 4529 733 4661 168 4529 734 4602 668 4662 734 4602 735 4530 668 4662 735 4530 669 4603 609 4663 669 4603 670 4531 609 4663 670 4531 610 4604 562 4605 610 4604 563 4466 533 4606 562 4605 534 4467 315 4607 533 4606 511 4468 318 4664 315 4607 323 4469 321 4608 322 4665 323 4469 327 4666 321 4608 328 4532 327 4666 328 4532 329 4609 329 4609 330 4403 331 4610 331 4610 332 4533 1386 4534 1386 4534 1269 4611 1373 4667 1387 4470 1266 4535 1269 4611 1266 4535 1278 4612 1279 4668 1272 4472 1277 4669 1278 4612 1272 4472 1293 4613 1270 4670 1307 4536 1306 4671 1293 4613 1307 4536 1310 4614 1311 4672 1309 4473 1316 4673 1310 4614 1312 4674 1309 4473 1313 4615 1321 4537 5174 4675 1313 4615 1321 4537 5147 4616 5174 4675 1318 4538 1317 4617 5147 4616 5147 4616 1317 4617 1326 4539 5147 4616 1326 4539 5148 4618 1323 4540 1322 4541 5148 4618 5148 4618 1329 4542 5173 4544 5173 4544 1329 4542 1333 4543 5180 4619 2968 4545 2969 4546 2969 4546 2970 4620 5181 4676 3850 4621 2970 4620 3851 4481 4007 4677 3850 4621 4006 4547 4006 4547 3984 4548 3982 4678 3983 4549 3982 4678 3984 4548 4013 4550 3981 4679 3983 4549 3821 4622 4012 4571 4013 4550 3922 4482 3923 4623 3821 4622 4633 4680 3923 4623 3921 4551 4645 4625 3921 4551 3927 4624 4645 4625 3927 4624 3926 4552 4675 4681 4645 4625 4653 4553 4652 4554 4674 4682 4653 4553 4652 4554 4662 4626 4674 4682 4656 4486 4661 4627 4662 4626 4661 4627 4660 4555 4855 4683 4855 4683 4660 4555 4659 4628 4658 4556 4860 4492 4659 4628 4659 4628 4865 4558 4864 4629 5045 4630 4864 4629 5046 4493 4855 4683 5045 4630 4856 4494 4854 4684 4856 4494 4867 4631 4852 4685 4867 4631 4853 4495 4851 4632 4852 4685 4853 4495 4851 4632 4850 4496 4849 4686 4848 4687 4850 4496 4868 4633 4869 4688 4868 4633 4870 4497 4871 4689 4870 4497 4210 4634 4239 4690 4210 4634 4212 4431 4239 4690 4212 4431 4240 4635 4668 4691 4240 4635 4237 4560 4231 4564 4227 4565 4564 4433 4574 4566 4573 4567 4237 4560 4237 4560 4573 4567 4609 4636 4566 4637 4609 4636 4610 4504 4559 4692 4566 4637 4558 4568 4558 4568 4557 4638 4559 4692 3910 4639 4557 4638 3911 4569 3912 4385 3916 4640 3910 4639 4554 4693 3916 4640 3823 4570 4554 4693 3823 4570 3822 4641 3824 4506 3919 4694 3822 4641 3821 4622 3918 4695 3824 4506 4012 4571 3979 4572 3981 4679 3979 4572 3978 4573 3980 4696 4008 4697 3978 4573 4009 4574 4009 4574 3853 4575 3852 4698 2976 4642 2972 4699 3853 4575 5183 4700 2976 4642 2977 4576 5183 4700 2977 4576 5185 4643 5167 3558 2932 4644 2933 4701 5166 4273 2945 4702 2946 4645 5151 4390 2894 4646 5161 4703 5145 4585 1153 4586 1154 4647 1145 4704 1146 4648 1137 4329 1139 4649 1140 4705 1137 4329 1157 4454 1163 4706 1164 4651 1157 4454 1175 4652 1176 4707 1174 4592 1173 4708 1175 4652 1174 4592 1237 4653 1221 4709 1238 4521 289 4710 1237 4653 1238 4521 283 4654 284 4711 281 4593 282 4712 283 4654 280 4655 279 4713 281 4593 278 4594 279 4713 280 4655 278 4594 276 4595 279 4713 276 4595 274 4596 598 4597 276 4595 598 4597 599 4656 599 4656 660 4598 600 4714 600 4714 660 4598 661 4657 662 4715 661 4657 728 4599 662 4715 728 4599 729 4658 729 4658 172 4600 730 4716 730 4716 172 4600 171 4659 173 4660 171 4659 136 2762 732 4717 173 4660 169 4601 732 4717 169 4601 733 4661 667 4718 733 4661 734 4602 667 4718 734 4602 668 4662 608 4719 668 4662 669 4603 608 4719 669 4603 609 4663 562 4605 609 4663 610 4604 533 4606 561 4720 562 4605 315 4607 532 4721 533 4606 318 4664 316 4722 315 4607 323 4469 325 4723 318 4664 322 4665 324 4724 323 4469 322 4665 321 4608 1385 4725 1385 4725 321 4608 327 4666 1386 4534 327 4666 329 4609 1386 4534 329 4609 331 4610 1386 4534 1373 4667 1385 4725 1269 4611 1247 4726 1373 4667 1266 4535 1268 4727 1269 4611 1266 4535 1279 4668 1275 4728 1274 4729 1277 4669 1272 4472 1270 4670 1271 4730 1272 4472 1270 4670 1293 4613 1304 4731 1293 4613 1306 4671 1308 4732 1305 4733 1306 4671 1307 4536 1307 4536 1311 4672 1305 4733 5174 4675 1311 4672 1310 4614 5174 4675 1310 4614 1316 4673 1309 4473 1315 4734 1316 4673 1312 4674 1315 4734 1309 4473 5174 4675 1312 4674 1313 4615 5180 4619 2969 4546 5181 4676 5181 4676 2970 4620 2971 4735 3850 4621 2971 4735 2970 4620 4007 4677 3849 4736 3850 4621 4006 4547 3982 4678 4007 4677 3981 4679 3982 4678 3983 4549 4012 4571 3981 4679 4013 4550 3821 4622 3923 4623 3924 4737 4560 4738 3923 4623 4633 4680 4633 4680 3921 4551 4645 4625 4675 4681 4633 4680 4645 4625 4653 4553 4666 4739 4675 4681 4653 4553 4674 4682 4666 4739 4662 4626 4678 4740 4674 4682 4661 4627 4677 4741 4662 4626 4854 4684 4661 4627 4855 4683 4855 4683 4659 4628 5045 4630 5045 4630 4659 4628 4864 4629 4854 4684 4855 4683 4856 4494 4867 4631 4661 4627 4854 4684 4852 4685 4677 4741 4867 4631 4680 4742 4852 4685 4851 4632 4680 4742 4851 4632 4849 4686 4848 4687 4849 4686 4850 4496 4868 4633 4680 4742 4848 4687 4668 4691 4868 4633 4869 4688 4869 4688 4870 4497 4871 4689 4871 4689 4210 4634 4238 4743 4238 4743 4210 4634 4239 4690 4668 4691 4239 4690 4240 4635 4670 4744 4668 4691 4237 4560 4237 4560 4609 4636 4565 4745 4565 4745 4609 4636 4566 4637 4559 4692 4568 4746 4566 4637 4550 4747 4559 4692 4557 4638 4550 4747 4557 4638 3910 4639 3910 4639 3916 4640 4550 4747 4550 4747 3916 4640 4554 4693 3919 4694 4554 4693 3822 4641 3824 4506 3918 4695 3919 4694 3821 4622 3917 4748 3918 4695 3979 4572 3980 4696 3981 4679 4008 4697 3980 4696 3978 4573 4009 4574 3852 4698 4008 4697 3853 4575 2972 4699 3852 4698 5183 4700 2972 4699 2976 4642 2933 4701 2934 4749 5167 3558 2933 4701 2932 4644 5104 4750 5166 4273 2944 4751 2945 4702 5161 4703 2894 4646 2895 4752 1137 4329 1144 4753 1145 4704 1137 4329 1140 4705 1141 4754 1157 4454 1162 4755 1163 4706 1157 4454 1176 4707 1155 4756 1172 4757 1173 4708 1174 4592 1197 4758 1174 4592 1221 4709 1221 4709 1237 4653 1232 4759 1237 4653 289 4710 288 4760 1238 4521 286 4761 289 4710 284 4711 286 4761 1238 4521 283 4654 282 4712 284 4711 281 4593 279 4713 282 4712 276 4595 599 4656 279 4713 279 4713 599 4656 600 4714 600 4714 661 4657 601 4762 601 4762 661 4657 662 4715 662 4715 729 4658 663 4763 663 4763 729 4658 730 4716 730 4716 171 4659 731 4764 731 4764 171 4659 173 4660 731 4764 173 4660 732 4717 666 4765 732 4717 733 4661 666 4765 733 4661 667 4718 607 4766 667 4718 668 4662 607 4766 668 4662 608 4719 561 4720 608 4719 609 4663 561 4720 609 4663 562 4605 532 4721 561 4720 533 4606 312 4767 532 4721 315 4607 315 4607 316 4722 312 4767 320 4768 316 4722 318 4664 318 4664 325 4723 326 4769 323 4469 324 4724 325 4723 1385 4725 324 4724 322 4665 1385 4725 327 4666 1386 4534 1385 4725 1373 4667 1374 4770 1373 4667 1247 4726 1357 4771 1269 4611 1245 4772 1247 4726 1268 4727 1245 4772 1269 4611 1266 4535 1267 4773 1268 4727 1275 4728 1276 4774 1266 4535 1272 4472 1273 4775 1274 4729 1272 4472 1271 4730 1273 4775 1293 4613 1303 4776 1304 4731 1293 4613 1308 4732 1289 4777 1306 4671 2818 4778 1308 4732 1306 4671 1305 4733 5154 4779 5154 4779 1305 4733 1311 4672 5154 4779 1311 4672 5174 4675 1316 4673 1315 4734 5174 4675 5174 4675 1315 4734 1312 4674 5181 4676 2971 4735 5182 4780 3849 4736 2971 4735 3850 4621 4008 4697 3849 4736 4007 4677 4007 4677 3982 4678 3980 4696 3981 4679 3980 4696 3982 4678 3821 4622 3924 4737 3819 4781 3923 4623 4560 4738 3924 4737 4620 4782 4560 4738 4633 4680 4676 4783 4633 4680 4675 4681 4675 4681 4666 4739 4664 4784 4674 4682 4679 4785 4666 4739 4674 4682 4678 4740 4679 4785 4662 4626 4677 4741 4678 4740 4867 4631 4677 4741 4661 4627 4852 4685 4678 4740 4677 4741 4679 4785 4852 4685 4680 4742 4848 4687 4680 4742 4849 4686 4868 4633 4665 4786 4680 4742 4667 4787 4868 4633 4668 4691 4668 4691 4869 4688 4871 4689 4871 4689 4238 4743 4668 4691 4238 4743 4239 4690 4668 4691 4669 4788 4668 4691 4670 4744 4237 4560 4671 4789 4670 4744 4565 4745 4567 4790 4237 4560 4565 4745 4566 4637 4567 4790 4567 4790 4566 4637 4568 4746 4572 4791 4568 4746 4559 4692 4554 4693 4559 4692 4550 4747 3918 4695 4554 4693 3919 4694 3917 4748 4555 4792 3918 4695 3820 4793 3917 4793 3821 4793 4007 4677 3980 4696 4008 4697 4008 4697 3852 4698 3849 4736 2973 4794 3852 4698 2972 4699 5183 4700 2973 4794 2972 4699 5167 3558 2934 4749 2935 4795 2943 4796 2944 4751 5166 4273 5161 4703 2895 4752 2857 4797 1137 4329 1143 4798 1144 4753 1137 4329 1141 4754 1142 4799 1161 4800 1162 4755 1157 4454 1155 4756 1156 4801 1157 4454 1185 4802 1172 4757 1174 4592 1185 4802 1174 4592 1197 4758 1197 4758 1221 4709 1200 4803 1221 4709 1232 4759 1222 4804 1237 4653 295 4805 1232 4759 1237 4653 288 4760 292 4806 285 4807 288 4760 289 4710 285 4807 289 4710 286 4761 284 4711 285 4807 286 4761 284 4711 282 4712 285 4807 279 4713 600 4714 282 4712 282 4712 600 4714 601 4762 601 4762 662 4715 602 4808 602 4808 662 4715 663 4763 663 4763 730 4716 664 4809 664 4809 730 4716 731 4764 665 4810 731 4764 732 4717 665 4810 732 4717 666 4765 606 4811 666 4765 667 4718 606 4811 667 4718 607 4766 560 4812 607 4766 608 4719 560 4812 608 4719 561 4720 532 4721 560 4812 561 4720 312 4767 531 4813 532 4721 312 4767 316 4722 317 4814 320 4768 1242 4815 316 4722 318 4664 319 4816 320 4768 318 4664 326 4769 319 4816 1242 4815 326 4769 325 4723 1385 4725 325 4723 324 4724 1385 4725 1374 4770 1242 4815 1373 4667 1357 4771 1374 4770 1247 4726 1360 4817 1357 4771 1245 4772 1246 4818 1247 4726 1266 4535 1287 4819 1267 4773 1276 4774 1280 4820 1266 4535 1293 4613 1302 4821 1303 4776 1294 4822 1293 4613 1289 4777 1308 4732 2819 4823 1289 4777 1308 4732 2818 4778 2819 4823 1306 4671 2817 4824 2818 4778 5154 4779 2817 4824 1306 4671 2975 4825 5182 4780 2971 4735 3849 4736 2975 4825 2971 4735 3819 4781 3820 4826 3821 4622 3924 4737 4561 4827 3819 4781 3924 4737 4560 4738 4561 4827 4560 4738 4620 4782 4561 4827 4676 4783 4620 4782 4633 4680 4675 4681 4664 4784 4676 4783 4665 4786 4664 4784 4666 4739 4666 4739 4679 4785 4680 4742 4679 4785 4678 4740 4852 4685 4666 4739 4680 4742 4665 4786 4663 4828 4665 4786 4868 4633 4868 4633 4667 4787 4663 4828 4664 4784 4667 4787 4668 4691 4664 4784 4668 4691 4669 4788 4669 4788 4670 4744 4671 4789 4237 4560 4624 4829 4671 4789 4237 4560 4567 4790 4569 4830 4567 4790 4568 4746 4569 4830 4572 4791 4571 4831 4568 4746 4554 4693 4572 4791 4559 4692 3918 4695 4555 4792 4554 4693 3820 4826 4555 4792 3917 4748 2973 4794 3849 4736 3852 4698 2973 4794 5183 4700 5184 4832 5167 3558 2935 4795 5166 4273 5166 4273 2942 4833 2943 4796 2856 4834 5161 4703 2857 4797 1142 4799 1143 4798 1137 4329 1157 4454 1160 4835 1161 4800 1157 4454 1156 4801 1158 4836 1195 4837 1172 4757 1185 4802 1196 4838 1185 4802 1197 4758 1199 4839 1197 4758 1200 4803 1200 4803 1221 4709 1222 4804 1222 4804 1232 4759 1233 4840 1232 4759 295 4805 294 4841 1237 4653 291 4842 295 4805 292 4806 291 4842 1237 4653 287 4843 292 4806 288 4760 287 4843 288 4760 285 4807 282 4712 601 4762 285 4807 285 4807 601 4762 602 4808 602 4808 663 4763 603 4844 603 4844 663 4763 664 4809 664 4809 731 4764 665 4810 605 4845 665 4810 666 4765 605 4845 666 4765 606 4811 559 4846 606 4811 607 4766 559 4846 607 4766 560 4812 531 4813 560 4812 532 4721 305 4847 531 4813 312 4767 312 4767 317 4814 310 4848 317 4814 316 4722 1080 4849 1080 4849 316 4722 1242 4815 320 4768 319 4816 1242 4815 319 4816 326 4769 1242 4815 1242 4815 325 4723 1385 4725 1242 4815 1374 4770 1372 4850 1374 4770 1357 4771 1351 4851 1357 4771 1360 4817 1361 4852 1247 4726 1265 4853 1360 4817 1246 4818 1248 4854 1247 4726 1266 4535 1286 4855 1287 4819 1266 4535 1280 4820 1281 4856 1301 4857 1302 4821 1293 4613 1292 4858 1293 4613 1294 4822 1294 4822 1289 4777 1295 4859 1289 4777 2819 4823 2820 4860 5154 4779 2816 4861 2817 4824 2974 4862 5182 4780 2975 4825 2974 4862 2975 4825 3849 4736 3819 4781 4555 4792 3820 4826 3819 4781 4561 4827 4555 4792 4561 4827 4620 4782 4570 4863 4621 4864 4620 4782 4676 4783 4676 4783 4664 4784 4669 4788 4663 4828 4664 4784 4665 4786 4663 4828 4667 4787 4664 4784 4623 4865 4669 4788 4671 4789 4623 4865 4671 4789 4624 4829 5068 4866 4624 4829 4237 4560 4237 4560 4569 4830 4627 4867 4568 4746 4627 4867 4569 4830 4571 4831 4626 4868 4568 4746 4570 4863 4571 4831 4572 4791 4555 4792 4572 4791 4554 4693 2974 4862 3849 4736 2973 4794 2973 4794 5184 4832 2974 4862 5166 4273 2935 4795 2936 4869 5166 4273 2941 4870 2942 4833 2855 4871 5161 4703 2856 4834 1157 4454 1159 4872 1160 4835 1158 4836 1159 4872 1157 4454 1185 4802 1194 4873 1195 4837 1182 4874 1185 4802 1196 4838 1197 4758 1202 4875 1196 4838 1198 4876 1197 4758 1199 4839 1200 4803 1205 4877 1199 4839 1200 4803 1222 4804 1203 4878 1222 4804 1233 4840 1223 4879 1232 4759 299 4880 1233 4840 1232 4759 294 4841 296 4881 293 4882 294 4841 295 4805 295 4805 291 4842 293 4882 287 4843 291 4842 292 4806 285 4807 602 4808 287 4843 287 4843 602 4808 603 4844 603 4844 664 4809 604 4883 604 4883 664 4809 665 4810 604 4883 665 4810 605 4845 558 4884 605 4845 606 4811 558 4884 606 4811 559 4846 531 4813 559 4846 560 4812 305 4847 302 4885 531 4813 312 4767 313 4886 305 4847 310 4848 311 4887 312 4767 317 4814 1080 4849 310 4848 1080 4849 1242 4815 1235 4888 1242 4815 1372 4850 1236 4889 1374 4770 1351 4851 1372 4850 1357 4771 1358 4890 1351 4851 1357 4771 1361 4852 1355 4891 5152 4892 1361 4852 1360 4817 5152 4892 1360 4817 1265 4853 1259 4893 1265 4853 1247 4726 1247 4726 1248 4854 1249 4894 1285 4895 1286 4855 1266 4535 1266 4535 1281 4856 1282 4896 1293 4613 1300 4897 1301 4857 1292 4858 1296 4898 1293 4613 1295 4859 1289 4777 1288 4899 1289 4777 2820 4860 1291 4900 2815 4901 2816 4861 5154 4779 2974 4862 5184 4832 5182 4780 4561 4827 4570 4863 4555 4792 4620 4782 4621 4864 4570 4863 4621 4864 4676 4783 4622 4902 4622 4902 4676 4783 4669 4788 4622 4902 4669 4788 4623 4865 4571 4831 4623 4865 4624 4829 5068 4866 4625 4903 4624 4829 4627 4867 5068 4866 4237 4560 4568 4746 4626 4868 4627 4867 4571 4831 4625 4903 4626 4868 4570 4863 4622 4902 4571 4831 4555 4792 4570 4863 4572 4791 5166 4273 2936 4869 2937 4904 2940 4905 2941 4870 5166 4273 2855 4871 2858 4906 5161 4703 1185 4802 1193 4907 1194 4873 1182 4874 1186 4908 1185 4802 1182 4874 1196 4838 5160 4909 5160 4909 1196 4838 1202 4875 1197 4758 1201 4910 1202 4875 1198 4876 1201 4910 1197 4758 1198 4876 1199 4839 5159 4911 5159 4911 1199 4839 1205 4877 1200 4803 1204 4912 1205 4877 1203 4878 1204 4912 1200 4803 1203 4878 1222 4804 1223 4879 1223 4879 1233 4840 1234 4913 299 4880 301 4914 1233 4840 1232 4759 298 4915 299 4880 296 4881 298 4915 1232 4759 294 4841 293 4882 296 4881 293 4882 291 4842 290 4916 290 4916 291 4842 287 4843 287 4843 603 4844 290 4916 290 4916 603 4844 604 4883 557 4917 604 4883 605 4845 557 4917 605 4845 558 4884 302 4885 558 4884 559 4846 302 4885 559 4846 531 4813 307 4918 302 4885 305 4847 305 4847 313 4886 314 4919 312 4767 311 4887 313 4886 310 4848 1080 4849 311 4887 1080 4849 1235 4888 1223 4879 1235 4888 1242 4815 1236 4889 1236 4889 1372 4850 1220 4920 1372 4850 1351 4851 1349 4921 1351 4851 1358 4890 1359 4922 1357 4771 1356 4923 1358 4890 1355 4891 1356 4923 1357 4771 5155 4924 1355 4891 1361 4852 5155 4924 1361 4852 5152 4892 1265 4853 1263 4925 5152 4892 1264 4926 1265 4853 1259 4893 1247 4726 1258 4927 1259 4893 1247 4726 1249 4894 1250 4928 1266 4535 1284 4929 1285 4895 1282 4896 1283 4930 1266 4535 1293 4613 1299 4931 1300 4897 1293 4613 1296 4898 1297 4932 1288 4899 1289 4777 1290 4933 1290 4933 1289 4777 1291 4900 5154 4779 2814 4934 2815 4901 4570 4863 4621 4864 4622 4902 4571 4831 4622 4902 4623 4865 4624 4829 4625 4903 4571 4831 4626 4868 4625 4903 5068 4866 4626 4868 5068 4866 4627 4867 2937 4904 2938 4935 5166 4273 5166 4273 2939 4936 2940 4905 5161 4703 2858 4906 2859 4937 1192 4938 1193 4907 1185 4802 1183 4939 1185 4802 1186 4908 1181 4940 1186 4908 1182 4874 5160 4909 1180 4941 1182 4874 5160 4909 1202 4875 5159 4911 5159 4911 1202 4875 1201 4910 5159 4911 1201 4910 1198 4876 5159 4911 1205 4877 5158 4942 5158 4942 1205 4877 1204 4912 1203 4878 1208 4943 1204 4912 1223 4879 1236 4889 1203 4878 1223 4879 1234 4913 1080 4849 1233 4840 304 4944 1234 4913 1233 4840 301 4914 304 4944 299 4880 300 4945 301 4914 298 4915 297 4946 299 4880 296 4881 297 4946 298 4915 296 4881 293 4882 297 4946 293 4882 290 4916 297 4946 290 4916 604 4883 557 4917 300 4945 557 4917 558 4884 300 4945 558 4884 302 4885 307 4918 303 4947 302 4885 305 4847 306 4948 307 4918 305 4847 314 4919 306 4948 313 4886 1080 4849 314 4919 313 4886 311 4887 1080 4849 1223 4879 1235 4888 1236 4889 1203 4878 1236 4889 1220 4920 1372 4850 1212 4949 1220 4920 1372 4850 1349 4921 1212 4949 1350 4950 1349 4921 1351 4851 1351 4851 1359 4922 1350 4950 5155 4924 1359 4922 1358 4890 5155 4924 1358 4890 1356 4923 1356 4923 1355 4891 5155 4924 1263 4925 2825 4951 5152 4892 1264 4926 1263 4925 1265 4853 1247 4726 1257 4952 1258 4927 1250 4928 1251 4953 1247 4726 1266 4535 1283 4930 1284 4929 1298 4954 1299 4931 1293 4613 1293 4613 1297 4932 1298 4954 5153 4955 2814 4934 5154 4779 5166 4273 2938 4935 2939 4936 2938 4935 2937 4904 5072 4956 2940 4905 2939 4936 5071 4957 5161 4703 2859 4937 2860 4958 1185 4802 1191 4959 1192 4938 1183 4939 1184 4960 1185 4802 1180 4941 1181 4940 1182 4874 1177 4961 1180 4941 5160 4909 5158 4942 1204 4912 1208 4943 1203 4878 1207 4962 1208 4943 1080 4849 1234 4913 306 4948 1234 4913 304 4944 303 4947 300 4945 304 4944 301 4914 299 4880 297 4946 300 4945 297 4946 290 4916 557 4917 297 4946 557 4917 300 4945 302 4885 303 4947 300 4945 309 4963 303 4947 307 4918 307 4918 306 4948 308 4964 1080 4849 306 4948 314 4919 1212 4949 1203 4878 1220 4920 1212 4949 1349 4921 1211 4965 1348 4966 1349 4921 1350 4950 5156 4967 1350 4950 1359 4922 5156 4967 1359 4922 5155 4924 5152 4892 2825 4951 2826 4968 1263 4925 2824 4969 2825 4951 1262 4970 1263 4925 1264 4926 1256 4971 1257 4952 1247 4726 1247 4726 1251 4953 1252 4972 5153 4955 2854 4973 2814 4934 5072 4956 2939 4936 2938 4935 5071 4957 2939 4936 5070 4974 2860 4958 2861 4975 5161 4703 1185 4802 1190 4976 1191 4959 1184 4960 1187 4977 1185 4802 1180 4941 1179 4978 1181 4940 1177 4961 1179 4978 1180 4941 5160 4909 2883 4979 1177 4961 1208 4943 1207 4962 5158 4942 1206 4980 1207 4962 1203 4878 1234 4913 308 4964 306 4948 303 4947 309 4963 1234 4913 300 4945 303 4947 304 4944 307 4918 308 4964 309 4963 1212 4949 1206 4980 1203 4878 1211 4965 1210 4981 1212 4949 1349 4921 1353 4982 1211 4965 1348 4966 1352 4983 1349 4921 1348 4966 1350 4950 5156 4967 5152 4892 2826 4968 2827 4984 2823 4985 2824 4969 1263 4925 1262 4970 1261 4986 1263 4925 1247 4726 1255 4987 1256 4971 1247 4726 1252 4972 1253 4988 5153 4955 2853 4989 2854 4973 5072 4956 5103 4990 2939 4936 5070 4974 2942 4833 5071 4957 2939 4991 5103 4991 5070 4991 5161 4703 2861 4975 2862 4992 1189 4993 1190 4976 1185 4802 1185 4802 1187 4977 1188 4994 1177 4961 1178 4995 1179 4978 2883 4979 2884 4996 1177 4961 5160 4909 2882 4997 2883 4979 5158 4942 1207 4962 1206 4980 1234 4913 309 4963 308 4964 1210 4981 1206 4980 1212 4949 1209 4998 1210 4981 1211 4965 1211 4965 1353 4982 1354 4999 1349 4921 1352 4983 1353 4982 5156 4967 1352 4983 1348 4966 2827 4984 2828 5000 5152 4892 1263 4925 2822 5001 2823 4985 1261 4986 2822 5001 1263 4925 1260 5002 1261 4986 1262 4970 1247 4726 1254 5003 1255 4987 1253 4988 1254 5003 1247 4726 2852 5004 2853 4989 5153 4955 5072 4956 2935 4795 5103 4990 5103 4991 5104 4991 5070 4991 5161 4703 2862 4992 2863 5005 1185 4802 1188 4994 1189 4993 1177 4961 2888 5006 1178 4995 1177 4961 2884 4996 2885 5007 2881 5008 2882 4997 5160 4909 5158 4942 1206 4980 5157 5009 5157 5009 1206 4980 1210 4981 5157 5009 1210 4981 1209 4998 1211 4965 1354 4999 1209 4998 5157 5009 1354 4999 1353 4982 5156 4967 1353 4982 1352 4983 5152 4892 2828 5000 2829 5010 1261 4986 2821 5011 2822 5001 1260 5002 2821 5011 1261 4986 5153 4955 2851 5012 2852 5004 5075 4991 5070 4991 5104 4991 2863 5005 2864 5013 5161 4703 1177 4961 2887 5014 2888 5006 1177 4961 2885 5007 2886 5015 5160 4909 2880 5016 2881 5008 1209 4998 1354 4999 5157 5009 5157 5009 1353 4982 5156 4967 5152 4892 2829 5010 2830 5017 5153 4955 2850 5018 2851 5012 5075 4991 5104 4991 5092 4991 5161 4703 2864 5013 2865 5019 2886 5015 2887 5014 1177 4961 5160 4909 2879 5020 2880 5016 2830 5017 2831 5021 5152 4892 2849 5022 2850 5018 5153 4955 5082 4991 5075 4991 5092 4991 5091 5023 5092 5023 5104 5023 5161 4703 2865 5019 2866 5024 2878 5025 2879 5020 5160 4909 5152 4892 2831 5021 2832 5026 5153 4955 2848 5027 2849 5022 5082 5028 5083 5028 5075 5028 5087 4991 5082 4991 5092 4991 5098 5029 5091 5029 5104 5029 2866 5024 2867 5030 5161 4703 5160 4909 2877 5031 2878 5025 5152 4892 2832 5026 2833 5032 5153 4955 2847 5033 2848 5027 5083 5034 5076 5034 5075 5034 5092 4991 5093 4991 5087 4991 5096 4991 5091 4991 5098 4991 5102 5035 5098 5035 5104 5035 5161 4703 2867 5030 2868 5036 2867 5030 2866 5024 5108 5037 5160 4909 2876 5038 2877 5031 2833 5032 2834 5039 5152 4892 2846 5040 2847 5033 5153 4955 5076 5041 5078 5041 5075 5041 5083 4991 5084 4991 5076 4991 5093 4991 5090 4991 5087 4991 5098 5042 5094 5042 5096 5042 5102 4991 5097 4991 5098 4991 5101 5043 5102 5043 5104 5043 5161 4703 2868 5036 5160 4909 2867 5030 5105 5044 2868 5036 5108 5045 5107 5045 2867 5045 2875 5046 2876 5038 5160 4909 5152 4892 2834 5039 2835 5047 5153 4955 2845 5048 2846 5040 5078 5049 5073 5049 5075 5049 5077 4991 5078 4991 5076 4991 5084 5050 5080 5050 5076 5050 5090 4991 5085 4991 5087 4991 5089 4991 5090 4991 5093 4991 5094 5051 5095 5051 5096 5051 5099 4991 5094 4991 5098 4991 5100 5052 5101 5052 5104 5052 5160 4909 2868 5036 2869 5053 5105 5054 2867 5054 5106 5054 2867 5055 5107 5055 5106 5055 5108 5037 2864 5013 5107 5056 5160 4909 2874 5057 2875 5046 5152 4892 2835 5047 2836 5058 5153 4955 2844 5059 2845 5048 5074 5060 5075 5060 5073 5060 5081 4991 5076 4991 5080 4991 5079 5061 5080 5061 5084 5061 5085 4991 5086 4991 5087 4991 5088 5062 5089 5062 5093 5062 2869 5053 2870 5063 5160 4909 2870 5063 5105 5044 5106 5064 5107 5056 5194 5065 5106 5064 5160 4909 2873 5066 2874 5057 2836 5058 2837 5067 5152 4892 2843 5068 2844 5059 5153 4955 5160 4909 2870 5063 2871 5069 5106 5064 5194 5065 5197 5070 2872 5071 2873 5066 5160 4909 5152 4892 2837 5067 2838 5072 5153 4955 2842 5073 2843 5068 5160 4909 2871 5069 2872 5071 5220 5074 5106 5064 5197 5070 5195 5075 5197 5075 5194 5075 5152 4892 2838 5072 5153 4955 2842 5073 5110 5076 2843 5068 5153 4955 2841 5077 2842 5073 5216 5078 5220 5078 5197 5078 5195 5079 5196 5079 5197 5079 5199 5080 5195 5080 5194 5080 5153 4955 2838 5072 2839 5081 5111 5082 5110 5076 2842 5073 2842 5073 2841 5077 5112 5083 2840 5084 2841 5077 5153 4955 5215 5085 5220 5085 5216 5085 5197 5086 5217 5086 5216 5086 5196 5087 5201 5087 5197 5087 5199 5088 5224 5088 5195 5088 5200 5089 5199 5089 5194 5089 5153 4955 2839 5081 2840 5084 5109 5090 5110 5076 5111 5082 5111 5082 2842 5073 5112 5083 5219 5091 5220 5091 5215 5091 5214 5092 5215 5092 5216 5092 5217 5093 5218 5093 5216 5093 5213 5094 5217 5094 5197 5094 5203 5095 5197 5095 5201 5095 5207 5096 5201 5096 5196 5096 5198 5097 5199 5097 5200 5097 5206 5098 5200 5098 5194 5098 2845 5048 5110 5076 5109 5090 5111 5099 5115 5099 5109 5099 5112 5083 5143 5100 5111 5082 5213 5101 5212 5101 5217 5101 5201 5102 5202 5102 5203 5102 5207 5103 5208 5103 5201 5103 5204 5104 5198 5104 5200 5104 5206 5105 5221 5105 5200 5105 5205 5106 5206 5106 5194 5106 5111 5107 5114 5107 5115 5107 5111 5108 5143 5108 5144 5108 2838 5072 5143 5100 5112 5083 5223 5109 5217 5109 5212 5109 5211 5110 5212 5110 5213 5110 5209 5111 5203 5111 5202 5111 5221 5112 5222 5112 5200 5112 5210 5113 5205 5113 5194 5113 5113 5114 5114 5114 5111 5114 5111 5115 5144 5115 5140 5115 5111 5116 5118 5116 5113 5116 5140 5117 5141 5117 5111 5117 5111 5118 5117 5118 5118 5118 5111 5119 5141 5119 5142 5119 5116 5120 5117 5120 5111 5120 5111 5121 5142 5121 5137 5121 5111 5122 5121 5122 5116 5122 5137 5123 5138 5123 5111 5123 5111 5124 5120 5124 5121 5124 5111 5125 5138 5125 5139 5125 5119 5126 5120 5126 5111 5126 5111 5127 5139 5127 5134 5127 5111 5128 5124 5128 5119 5128 5134 5129 5135 5129 5111 5129 5111 5130 5123 5130 5124 5130 5111 5131 5135 5131 5136 5131 5122 5132 5123 5132 5111 5132 5111 5133 5136 5133 5131 5133 5111 5134 5127 5134 5122 5134 5131 5135 5132 5135 5111 5135 5111 5136 5126 5136 5127 5136 5111 5137 5132 5137 5133 5137 5125 5138 5126 5138 5111 5138 5111 5139 5133 5139 5128 5139 5111 5140 5130 5140 5125 5140 5128 5141 5129 5141 5111 5141 5111 5142 5129 5142 5130 5142 5227 5143 5225 5144 5226 5145 5227 5143 5226 5145 5228 5146 5230 5147 5262 5148 5229 5149 5230 5147 5261 5150 5262 5148 5260 5151 5261 5150 5230 5147 5260 5151 5230 5147 5263 5152 5263 5152 5231 5153 5264 5154 5264 5154 5231 5153 5265 5155 5265 5155 5232 5156 5266 5157 5232 5156 5270 5158 5266 5157 5232 5156 5269 5159 5270 5158 5233 5160 5268 5161 5269 5159 5267 5162 5268 5161 5233 5160 5267 5162 5233 5160 5271 5163 5271 5163 5234 5164 5272 5165 5234 5164 5274 5166 5272 5165 5234 5164 5273 5167 5274 5166 5235 5168 5278 5169 5273 5167 5235 5168 5277 5170 5278 5169 5236 5171 5276 5172 5277 5170 5275 5173 5276 5172 5236 5171 5275 5173 5236 5171 5279 5174 5279 5174 5237 5175 5280 5176 5280 5176 5237 5175 5281 5177 5281 5177 5238 5178 5282 5179 5238 5178 5284 5180 5282 5179 5238 5178 5283 5181 5284 5180 5239 5182 5288 5183 5283 5181 5239 5182 5287 5184 5288 5183 5240 5185 5286 5186 5287 5184 5285 5187 5286 5186 5240 5185 5240 5185 5290 5188 5285 5187 5240 5185 5289 5189 5290 5188 5241 5190 5293 5191 5289 5189 5241 5190 5292 5192 5293 5191 5291 5193 5292 5192 5241 5190 5291 5193 5241 5190 5294 5194 5294 5194 5242 5195 5295 5196 5242 5195 5300 5197 5295 5196 5242 5195 5299 5198 5300 5197 5244 5199 5298 5200 5299 5198 5297 5201 5298 5200 5244 5199 5244 5199 5296 5202 5297 5201 5243 5203 5306 5204 5296 5202 5243 5203 5305 5205 5306 5204 5245 5206 5304 5207 5305 5205 5301 5208 5304 5207 5245 5206 5301 5208 5245 5206 5302 5209 5302 5209 5246 5210 5303 5211 5246 5210 5311 5212 5303 5211 5246 5210 5310 5213 5311 5212 5248 5214 5309 5215 5310 5213 5308 5216 5309 5215 5248 5214 5248 5214 5307 5217 5308 5216 5247 5218 5316 5219 5307 5217 5247 5218 5315 5220 5316 5219 5250 5221 5314 5222 5315 5220 5313 5223 5314 5222 5250 5221 5250 5221 5312 5224 5313 5223 5249 5225 5322 5226 5312 5224 5249 5225 5321 5227 5322 5226 5251 5228 5320 5229 5321 5227 5317 5230 5320 5229 5251 5228 5317 5230 5251 5228 5318 5231 5318 5231 5252 5232 5319 5233 5319 5233 5252 5232 5323 5234 5323 5234 5253 5235 5324 5236 5324 5236 5253 5235 5325 5237 5325 5237 5254 5238 5326 5239 5326 5239 5254 5238 5327 5240 5327 5240 5255 5241 5328 5242 5255 5241 5330 5243 5328 5242 5255 5241 5329 5244 5330 5243 5256 5245 5332 5246 5329 5244 5256 5245 5331 5247 5332 5246 5257 5248 5334 5249 5331 5247 5257 5248 5333 5250 5334 5249 5258 5251 5337 5252 5333 5250 5258 5251 5336 5253 5337 5252 5335 5254 5336 5253 5258 5251 5335 5254 5258 5251 5259 5255 5258 5251 5333 5250 5257 5248 5257 5248 5331 5247 5256 5245 5256 5245 5329 5244 5255 5241 5327 5240 5254 5238 5255 5241 5325 5237 5253 5235 5254 5238 5323 5234 5252 5232 5253 5235 5318 5231 5251 5228 5252 5232 5251 5228 5321 5227 5249 5225 5249 5225 5312 5224 5250 5221 5250 5221 5315 5220 5247 5218 5247 5218 5307 5217 5248 5214 5248 5214 5310 5213 5246 5210 5302 5209 5245 5206 5246 5210 5245 5206 5305 5205 5243 5203 5243 5203 5296 5202 5244 5199 5244 5199 5299 5198 5242 5195 5294 5194 5241 5190 5242 5195 5241 5190 5289 5189 5240 5185 5240 5185 5287 5184 5239 5182 5239 5182 5283 5181 5238 5178 5281 5177 5237 5175 5238 5178 5279 5174 5236 5171 5237 5175 5236 5171 5277 5170 5235 5168 5235 5168 5273 5167 5234 5164 5271 5163 5233 5160 5234 5164 5233 5160 5269 5159 5232 5156 5265 5155 5231 5153 5232 5156 5263 5152 5230 5147 5231 5153 5339 5256 5338 5257 5341 5258 5339 5256 5341 5258 5340 5259 5344 5260 5431 5261 5342 5262 5344 5260 5430 5263 5431 5261 5429 5264 5438 5265 5430 5263 5429 5264 5437 5266 5438 5265 5434 5267 5436 5268 5437 5266 5435 5269 5436 5268 5434 5267 5434 5267 5433 5270 5435 5269 5432 5271 5443 5272 5433 5270 5432 5271 5442 5273 5443 5272 5441 5274 5440 5275 5442 5273 5439 5276 5440 5275 5441 5274 5439 5276 5441 5274 5444 5277 5444 5277 5445 5278 5446 5279 5446 5279 5445 5278 5447 5280 5447 5280 5448 5281 5449 5282 5448 5281 5452 5283 5449 5282 5448 5281 5451 5284 5452 5283 5450 5285 5454 5286 5451 5284 5450 5285 5453 5287 5454 5286 5450 5285 5451 5284 5448 5281 5447 5280 5445 5278 5448 5281 5444 5277 5441 5274 5445 5278 5441 5274 5442 5273 5432 5271 5432 5271 5433 5270 5434 5267 5434 5267 5437 5266 5429 5264 5429 5264 5430 5263 5344 5260 5344 5260 5343 5288 5426 5289 5425 5290 5422 5291 5426 5289 5422 5291 5423 5292 5417 5293 5417 5293 5418 5294 5415 5295 5414 5296 5412 5297 5415 5295 5411 5298 5408 5299 5412 5297 5408 5299 5409 5300 5403 5301 5403 5301 5404 5302 5400 5303 5400 5303 5401 5304 5395 5305 5395 5305 5396 5306 5397 5307 5397 5307 5398 5308 5347 5309 5347 5309 5346 5310 5389 5311 5389 5311 5391 5312 5350 5313 5350 5313 5349 5314 5386 5315 5385 5316 5383 5317 5386 5315 5382 5318 5378 5319 5383 5317 5378 5319 5380 5320 5376 5321 5375 5322 5373 5323 5376 5321 5372 5324 5369 5325 5373 5323 5369 5325 5370 5326 5364 5327 5364 5327 5365 5328 5362 5329 5361 5330 5359 5331 5362 5329 5358 5332 5356 5333 5359 5331 5355 5334 5353 5335 5356 5333 5353 5335 5352 5336 5354 5337 5351 5338 5352 5336 5353 5335 5351 5338 5353 5335 5355 5334 5355 5334 5356 5333 5357 5339 5357 5339 5356 5333 5358 5332 5358 5332 5359 5331 5360 5340 5360 5340 5359 5331 5361 5330 5361 5330 5362 5329 5363 5341 5362 5329 5366 5342 5363 5341 5362 5329 5365 5328 5366 5342 5364 5327 5371 5343 5365 5328 5364 5327 5370 5326 5371 5343 5369 5325 5368 5344 5370 5326 5367 5345 5368 5344 5369 5325 5367 5345 5369 5325 5372 5324 5372 5324 5373 5323 5374 5346 5374 5346 5373 5323 5375 5322 5375 5322 5376 5321 5377 5347 5376 5321 5381 5348 5377 5347 5376 5321 5380 5320 5381 5348 5378 5319 5379 5349 5380 5320 5379 5349 5378 5319 5382 5318 5382 5318 5383 5317 5384 5350 5384 5350 5383 5317 5385 5316 5385 5316 5386 5315 5387 5351 5386 5315 5388 5352 5387 5351 5386 5315 5349 5314 5388 5352 5348 5353 5349 5314 5350 5313 5350 5313 5392 5354 5348 5353 5350 5313 5391 5312 5392 5354 5389 5311 5390 5355 5391 5312 5346 5310 5390 5355 5389 5311 5345 5356 5346 5310 5347 5309 5347 5309 5399 5357 5345 5356 5347 5309 5398 5308 5399 5357 5397 5307 5396 5306 5398 5308 5395 5305 5394 5358 5396 5306 5393 5359 5394 5358 5395 5305 5395 5305 5402 5360 5393 5359 5395 5305 5401 5304 5402 5360 5400 5303 5405 5361 5401 5304 5400 5303 5404 5302 5405 5361 5403 5301 5410 5362 5404 5302 5403 5301 5409 5300 5410 5362 5408 5299 5407 5363 5409 5300 5406 5364 5407 5363 5408 5299 5406 5364 5408 5299 5411 5298 5411 5298 5412 5297 5413 5365 5413 5365 5412 5297 5414 5296 5414 5296 5415 5295 5416 5366 5415 5295 5419 5367 5416 5366 5415 5295 5418 5294 5419 5367 5417 5293 5424 5368 5418 5294 5417 5293 5423 5292 5424 5368 5422 5291 5421 5369 5423 5292 5420 5370 5421 5369 5422 5291 5420 5370 5422 5291 5425 5290 5425 5290 5426 5289 5427 5371 5426 5289 5428 5372 5427 5371 5426 5289 5343 5288 5428 5372 5342 5262 5343 5288 5344 5260 5455 5373 5570 5374 5564 5375 5564 5375 5563 5376 5565 5377 5565 5377 5567 5378 5555 5379 5555 5379 5556 5380 5557 5381 5557 5381 5560 5382 5547 5383 5547 5383 5548 5384 5549 5385 5549 5385 5553 5386 5544 5387 5544 5387 5545 5388 5540 5389 5539 5390 5536 5391 5540 5389 5536 5391 5537 5392 5531 5393 5531 5393 5532 5394 5529 5395 5528 5396 5525 5397 5529 5395 5525 5397 5526 5398 5521 5399 5520 5400 5518 5401 5521 5399 5517 5402 5514 5403 5518 5401 5514 5403 5515 5404 5509 5405 5509 5405 5510 5406 5507 5407 5506 5408 5502 5409 5507 5407 5502 5409 5504 5410 5500 5411 5499 5412 5497 5413 5500 5411 5496 5414 5494 5415 5497 5413 5493 5416 5490 5417 5494 5415 5490 5417 5491 5418 5485 5419 5485 5419 5486 5420 5482 5421 5482 5421 5483 5422 5480 5423 5479 5424 5480 5423 5481 5425 5480 5423 5484 5426 5481 5425 5480 5423 5483 5422 5484 5426 5482 5421 5487 5427 5483 5422 5482 5421 5486 5420 5487 5427 5485 5419 5492 5428 5486 5420 5485 5419 5491 5418 5492 5428 5490 5417 5489 5429 5491 5418 5488 5430 5489 5429 5490 5417 5488 5430 5490 5417 5493 5416 5493 5416 5494 5415 5495 5431 5495 5431 5494 5415 5496 5414 5496 5414 5497 5413 5498 5432 5498 5432 5497 5413 5499 5412 5499 5412 5500 5411 5501 5433 5500 5411 5505 5434 5501 5433 5500 5411 5504 5410 5505 5434 5502 5409 5503 5435 5504 5410 5503 5435 5502 5409 5506 5408 5506 5408 5507 5407 5508 5436 5507 5407 5511 5437 5508 5436 5507 5407 5510 5406 5511 5437 5509 5405 5516 5438 5510 5406 5509 5405 5515 5404 5516 5438 5514 5403 5513 5439 5515 5404 5512 5440 5513 5439 5514 5403 5512 5440 5514 5403 5517 5402 5517 5402 5518 5401 5519 5441 5519 5441 5518 5401 5520 5400 5520 5400 5521 5399 5522 5442 5521 5399 5527 5443 5522 5442 5521 5399 5526 5398 5527 5443 5525 5397 5524 5444 5526 5398 5523 5445 5524 5444 5525 5397 5523 5445 5525 5397 5528 5396 5528 5396 5529 5395 5530 5446 5529 5395 5533 5447 5530 5446 5529 5395 5532 5394 5533 5447 5531 5393 5538 5448 5532 5394 5531 5393 5537 5392 5538 5448 5536 5391 5535 5449 5537 5392 5534 5450 5535 5449 5536 5391 5534 5450 5536 5391 5539 5390 5539 5390 5540 5389 5541 5451 5540 5389 5546 5452 5541 5451 5540 5389 5545 5388 5546 5452 5544 5387 5543 5453 5545 5388 5542 5454 5543 5453 5544 5387 5544 5387 5554 5455 5542 5454 5544 5387 5553 5386 5554 5455 5549 5385 5552 5456 5553 5386 5551 5457 5552 5456 5549 5385 5549 5385 5550 5458 5551 5457 5549 5385 5548 5384 5550 5458 5547 5383 5561 5459 5548 5384 5547 5383 5560 5382 5561 5459 5557 5381 5559 5460 5560 5382 5558 5461 5559 5460 5557 5381 5557 5381 5556 5380 5558 5461 5555 5379 5568 5462 5556 5380 5555 5379 5567 5378 5568 5462 5565 5377 5566 5463 5567 5378 5563 5376 5566 5463 5565 5377 5562 5464 5563 5376 5564 5375 5564 5375 5571 5465 5562 5464 5564 5375 5570 5374 5571 5465 5455 5373 5569 5466 5570 5374 5457 5467 5569 5466 5455 5373 5456 5468 5461 5469 5457 5467 5456 5468 5460 5470 5461 5469 5458 5471 5459 5472 5460 5470 5458 5471 5468 5473 5459 5472 5458 5471 5467 5474 5468 5473 5465 5475 5466 5476 5467 5474 5464 5477 5466 5476 5465 5475 5462 5478 5463 5479 5464 5477 5462 5478 5471 5480 5463 5479 5462 5478 5470 5481 5471 5480 5469 5482 5476 5483 5470 5481 5469 5482 5475 5484 5476 5483 5474 5485 5473 5486 5475 5484 5472 5487 5473 5486 5474 5485 5472 5487 5474 5485 5477 5488 5477 5488 5474 5485 5478 5489 5474 5485 5475 5484 5469 5482 5469 5482 5470 5481 5462 5478 5462 5478 5464 5477 5465 5475 5465 5475 5467 5474 5458 5471 5458 5471 5460 5470 5456 5468 5455 5373 5456 5468 5457 5467 5575 1 5572 1 5574 1 5585 1 5574 1 5580 1 5584 5490 5585 5490 5586 5490 5586 5491 5585 5491 5580 5491 5579 1 5580 1 5573 1 5594 5492 5599 5492 5579 5492 5598 5493 5599 5493 5594 5493 5593 1 5594 1 5595 1 5597 5494 5595 5494 5594 5494 5596 1 5597 1 5591 1 5590 1 5591 1 5582 1 5592 1 5590 1 5582 1 5581 5495 5582 5495 5583 5495 5589 5496 5583 5496 5582 5496 5587 1 5588 1 5589 1 5602 5497 5587 5497 5578 5497 5576 5498 5577 5498 5578 5498 5600 1 5601 1 5576 1 5603 1 5600 1 5573 1 5572 1 5573 1 5574 1 5574 5499 5573 5499 5580 5499 5579 5500 5573 5500 5594 5500 5591 1 5597 1 5594 1 5573 1 5582 1 5591 1 5587 5501 5589 5501 5582 5501 5576 1 5578 1 5587 1 5600 1 5576 1 5573 1 5591 1 5594 1 5573 1 5587 5502 5582 5502 5573 5502 5576 1 5587 1 5573 1 5607 5503 5604 5503 5606 5503 5632 5503 5606 5503 5629 5503 5628 5503 5629 5503 5606 5503 5620 5503 5635 5503 5628 5503 5619 5503 5620 5503 5614 5503 5622 5503 5619 5503 5614 5503 5613 5503 5614 5503 5615 5503 5631 5503 5615 5503 5614 5503 5630 5503 5631 5503 5624 5503 5623 5503 5624 5503 5625 5503 5627 5503 5623 5503 5625 5503 5634 5503 5625 5503 5609 5503 5633 5503 5634 5503 5609 5503 5608 5504 5609 5504 5605 5504 5617 5503 5626 5503 5608 5503 5616 5503 5617 5503 5612 5503 5618 5503 5612 5503 5611 5503 5610 5503 5611 5503 5612 5503 5621 5503 5610 5503 5605 5503 5604 5503 5605 5503 5606 5503 5606 5503 5605 5503 5628 5503 5620 5503 5628 5503 5605 5503 5620 5503 5605 5503 5614 5503 5631 5503 5614 5503 5609 5503 5624 5503 5631 5503 5609 5503 5625 5503 5624 5503 5609 5503 5605 5505 5617 5505 5608 5505 5609 5503 5614 5503 5605 5503 5612 5503 5617 5503 5605 5503 5610 5503 5612 5503 5605 5503 5636 5506 5637 5507 5670 5507 5636 5506 5670 5507 5669 5506 5637 5507 5638 5508 5671 5508 5637 5507 5671 5508 5670 5507 5638 5508 5639 5509 5672 5509 5638 5508 5672 5509 5671 5508 5639 5509 5640 5510 5673 5510 5639 5509 5673 5510 5672 5509 5640 5510 5641 5511 5674 5511 5640 5510 5674 5511 5673 5510 5641 5511 5642 5512 5675 5512 5641 5511 5675 5512 5674 5511 5642 5512 5643 5513 5676 5513 5642 5512 5676 5513 5675 5512 5643 5513 5644 4991 5677 4991 5643 5513 5677 4991 5676 5513 5644 4991 5645 5514 5678 5514 5644 4991 5678 5514 5677 4991 5645 5514 5646 5515 5679 5515 5645 5514 5679 5515 5678 5514 5646 5515 5647 5516 5680 5516 5646 5515 5680 5516 5679 5515 5647 5516 5648 5517 5681 5517 5647 5516 5681 5517 5680 5516 5648 5517 5649 5518 5682 5518 5648 5517 5682 5518 5681 5517 5649 5518 5650 5519 5683 5519 5649 5518 5683 5519 5682 5518 5650 5519 5651 5520 5684 5520 5650 5519 5684 5520 5683 5519 5651 5520 5652 63 5685 63 5651 5520 5685 63 5684 5520 5652 63 5653 5521 5686 5521 5652 63 5686 5521 5685 63 5653 5521 5654 5522 5687 5522 5653 5521 5687 5522 5686 5521 5654 5522 5655 5523 5688 5523 5654 5522 5688 5523 5687 5522 5655 5523 5656 5524 5689 5524 5655 5523 5689 5524 5688 5523 5656 5524 5657 5525 5690 5525 5656 5524 5690 5525 5689 5524 5657 5525 5658 5526 5691 5526 5657 5525 5691 5526 5690 5525 5658 5526 5659 5527 5692 5527 5658 5526 5692 5527 5691 5526 5659 5527 5660 5528 5693 5528 5659 5527 5693 5528 5692 5527 5660 5528 5661 5529 5694 5529 5660 5528 5694 5529 5693 5528 5661 5529 5662 5530 5695 5530 5661 5529 5695 5530 5694 5529 5662 5530 5663 5531 5696 5531 5662 5530 5696 5531 5695 5530 5663 5531 5664 5532 5697 5532 5663 5531 5697 5532 5696 5531 5664 5532 5665 5533 5698 5533 5664 5532 5698 5533 5697 5532 5665 5533 5666 5534 5699 5534 5665 5533 5699 5534 5698 5533 5666 5534 5667 5535 5700 5535 5666 5534 5700 5535 5699 5534 5667 5535 5668 5536 5701 5536 5667 5535 5701 5536 5700 5535 5705 63 5702 63 5704 63 5721 5537 5704 5537 5703 5537 5726 5538 5721 5538 5720 5538 5719 5539 5720 5539 5721 5539 5725 63 5732 63 5719 63 5724 63 5725 63 5713 63 5712 63 5713 63 5709 63 5711 5540 5714 5540 5712 5540 5709 5541 5710 5541 5711 5541 5729 63 5730 63 5709 63 5733 63 5729 63 5707 63 5706 5542 5707 5542 5708 5542 5731 5543 5708 5543 5707 5543 5728 63 5731 63 5707 63 5727 63 5728 63 5707 63 5716 63 5727 63 5707 63 5715 63 5716 63 5703 63 5723 63 5715 63 5718 63 5717 63 5718 63 5703 63 5722 5538 5717 5538 5703 5538 5702 5544 5703 5544 5704 5544 5709 63 5721 63 5703 63 5725 63 5719 63 5721 63 5713 63 5725 63 5721 63 5709 63 5711 63 5712 63 5713 63 5721 63 5709 63 5729 63 5709 63 5707 63 5716 63 5707 63 5703 63 5718 63 5715 63 5703 63 5707 63 5709 63 5703 63 999 914 974 913 976 980 5863 141 5832 141 5860 141 5859 141 5860 141 5836 141 5835 5545 5836 5545 5837 5545 5849 5546 5837 5546 5836 5546 5847 141 5848 141 5849 141 5862 141 5847 141 5851 141 5850 141 5851 141 5852 141 5858 141 5852 141 5845 141 5857 5547 5858 5547 5845 5547 5844 141 5845 141 5846 141 5842 141 5861 141 5846 141 5841 5547 5842 5547 5843 5547 5854 5548 5843 5548 5842 5548 5853 141 5854 141 5839 141 5838 141 5839 141 5840 141 5856 141 5840 141 5832 141 5855 5549 5856 5549 5834 5549 5832 5550 5833 5550 5834 5550 5836 141 5860 141 5832 141 5849 141 5836 141 5847 141 5851 141 5847 141 5845 141 5852 141 5851 141 5845 141 5842 141 5846 141 5845 141 5839 141 5854 141 5842 141 5840 141 5839 141 5832 141 5834 141 5856 141 5832 141 5836 141 5832 141 5847 141 5842 5551 5845 5551 5847 5551 5832 141 5839 141 5842 141 5847 141 5832 141 5842 141 5893 63 5864 63 5882 63 5880 63 5881 63 5882 63 5892 63 5880 63 5888 63 5887 63 5888 63 5868 63 5867 63 5868 63 5869 63 5870 63 5867 63 5869 63 5889 63 5869 63 5886 63 5885 5552 5886 5552 5869 5552 5895 63 5885 63 5872 63 5871 63 5872 63 5873 63 5873 63 5872 63 5879 63 5878 63 5879 63 5872 63 5884 5553 5891 5553 5878 5553 5890 63 5891 63 5884 63 5883 63 5884 63 5875 63 5874 63 5875 63 5876 63 5877 63 5874 63 5876 63 5866 5554 5894 5554 5876 5554 5864 63 5865 63 5866 63 5882 63 5864 63 5880 63 5888 63 5880 63 5868 63 5869 63 5868 63 5872 63 5872 5555 5885 5555 5869 5555 5878 5556 5872 5556 5875 5556 5875 63 5884 63 5878 63 5876 5557 5875 5557 5872 5557 5864 5558 5866 5558 5876 5558 5880 63 5864 63 5868 63 5872 63 5868 63 5876 63 5868 63 5864 63 5876 63 5896 5559 5897 5560 5930 5560 5896 5559 5930 5560 5929 5559 5897 5560 5898 5561 5931 5561 5897 5560 5931 5561 5930 5560 5898 5561 5899 5562 5932 5562 5898 5561 5932 5562 5931 5561 5899 5562 5900 5563 5933 5563 5899 5562 5933 5563 5932 5562 5900 5563 5901 5564 5934 5564 5900 5563 5934 5564 5933 5563 5901 5564 5902 5565 5935 5565 5901 5564 5935 5565 5934 5564 5902 5565 5903 5566 5936 5566 5902 5565 5936 5566 5935 5565 5903 5566 5904 4991 5937 4991 5903 5566 5937 4991 5936 5566 5904 4991 5905 5567 5938 5567 5904 4991 5938 5567 5937 4991 5905 5567 5906 5568 5939 5568 5905 5567 5939 5568 5938 5567 5906 5568 5907 5569 5940 5569 5906 5568 5940 5569 5939 5568 5907 5569 5908 5570 5941 5570 5907 5569 5941 5570 5940 5569 5908 5570 5909 5571 5942 5571 5908 5570 5942 5571 5941 5570 5909 5571 5910 5572 5943 5572 5909 5571 5943 5572 5942 5571 5910 5572 5911 5573 5944 5573 5910 5572 5944 5573 5943 5572 5911 5573 5912 5503 5945 5503 5911 5573 5945 5503 5944 5573 5912 5503 5913 5574 5946 5574 5912 5503 5946 5574 5945 5503 5913 5574 5914 5575 5947 5575 5913 5574 5947 5575 5946 5574 5914 5575 5915 5576 5948 5576 5914 5575 5948 5576 5947 5575 5915 5576 5916 5577 5949 5577 5915 5576 5949 5577 5948 5576 5916 5577 5917 5578 5950 5578 5916 5577 5950 5578 5949 5577 5917 5578 5918 5579 5951 5579 5917 5578 5951 5579 5950 5578 5918 5579 5919 5580 5952 5580 5918 5579 5952 5580 5951 5579 5919 5580 5920 5528 5953 5528 5919 5580 5953 5528 5952 5580 5920 5528 5921 5581 5954 5581 5920 5528 5954 5581 5953 5528 5921 5581 5922 5582 5955 5582 5921 5581 5955 5582 5954 5581 5922 5582 5923 5583 5956 5583 5922 5582 5956 5583 5955 5582 5923 5583 5924 5584 5957 5584 5923 5583 5957 5584 5956 5583 5924 5584 5925 5585 5958 5585 5924 5584 5958 5585 5957 5584 5925 5585 5926 5586 5959 5586 5925 5585 5959 5586 5958 5585 5926 5586 5927 5587 5960 5587 5926 5586 5960 5587 5959 5586 5927 5587 5928 5588 5961 5588 5927 5587 5961 5588 5960 5587 5997 5503 5994 5503 5996 5503 6022 5589 5996 5589 6019 5589 6018 5590 6019 5590 5996 5590 6010 5503 6025 5503 6018 5503 6009 5503 6010 5503 6004 5503 6012 5589 6009 5589 6004 5589 6003 5503 6004 5503 6005 5503 6021 5591 6005 5591 6004 5591 6020 5503 6021 5503 6014 5503 6013 5503 6014 5503 6015 5503 6017 5503 6013 5503 6015 5503 6024 5503 6015 5503 5999 5503 6023 5592 6024 5592 5999 5592 5998 5503 5999 5503 5995 5503 6007 5503 6016 5503 5998 5503 6006 5593 6007 5593 6002 5593 6008 5503 6002 5503 6001 5503 6000 5594 6001 5594 6002 5594 6011 5503 6000 5503 5995 5503 5994 5503 5995 5503 5996 5503 5996 5503 5995 5503 6018 5503 6010 5595 6018 5595 5995 5595 6010 5596 5995 5596 6004 5596 6021 5503 6004 5503 5999 5503 6014 5503 6021 5503 5999 5503 6015 5503 6014 5503 5999 5503 5995 5597 6007 5597 5998 5597 5999 5598 6004 5598 5995 5598 6002 5503 6007 5503 5995 5503 6000 5503 6002 5503 5995 5503 5972 1 5984 1 5964 1 3443 408 3448 289 3447 372 3447 372 3441 1167 3443 408 3441 1167 3442 409 3443 408 3442 409 3374 5599 3373 410 3374 5599 3362 713 3373 410 3373 410 3154 5600 3364 726 3154 5600 3153 876 3152 727 3364 726 3154 5600 3152 727 3364 726 3443 408 3373 410 774 399 773 363 796 439 796 439 795 643 794 699 793 771 792 770 789 438 796 439 794 699 789 438 794 699 793 771 789 438 578 444 579 1141 412 1949 579 1141 411 2050 412 1949 412 1949 548 442 578 444 3117 640 3116 452 3134 451 3116 452 3136 998 3135 450 3359 479 3366 1002 3398 1112 3366 1002 3396 5601 3398 1112 3359 479 3398 1112 3358 480 3396 5601 3430 759 3397 1049 3397 1049 3398 1112 3396 5601 3358 480 3347 1359 3351 478 3347 1359 3200 1361 3351 478 3200 1361 3199 1294 3351 478 1586 517 1587 1348 1601 515 1587 1348 1599 1220 1601 515 1630 523 1632 790 1560 524 428 526 426 1945 866 527 426 1945 424 1943 865 1674 866 527 426 1945 865 1674 424 1943 434 1942 863 1574 863 1574 865 1674 424 1943 866 527 868 1675 430 528 868 1675 869 1575 430 528 430 528 417 2134 429 2048 430 528 429 2048 428 526 3402 288 3449 257 3438 558 1570 592 1569 1952 1577 593 3349 596 3218 1702 3348 597 3348 597 3357 5602 3356 595 3357 5602 3392 1362 3356 595 3439 844 3368 5603 3371 560 3368 5603 3367 601 3371 560 3360 923 3140 947 3148 879 3140 947 3147 940 3148 879 3367 601 3360 923 3363 600 3371 560 3440 845 3439 844 3148 879 3363 600 3360 923 863 1574 434 1942 861 728 434 1942 433 1940 942 610 861 728 434 1942 942 610 433 1940 944 1673 942 610 944 1673 943 608 942 610 983 611 984 776 884 481 957 614 958 1345 959 612 959 612 961 1344 960 613 3193 1510 3191 1792 3192 636 3191 1792 3190 634 3192 636 3190 634 3171 1871 3173 635 3171 1871 3172 1698 3173 635 3117 640 3134 451 3133 641 2623 653 2625 1396 2624 654 3433 1050 3432 1116 3428 658 3432 1116 3403 656 3428 658 3403 656 3427 1229 3429 657 1547 607 1554 486 1549 405 1549 405 1478 696 1547 607 1478 696 1477 926 1515 694 1547 607 1478 696 1516 695 3072 702 3071 875 3037 703 3037 703 3401 1364 3365 704 2366 710 2363 934 2365 711 3113 938 3154 5600 3112 806 3154 5600 3373 410 3362 713 3154 5600 3362 713 3112 806 3112 806 3111 878 3113 938 3370 561 3363 600 3362 713 3363 600 3112 806 3362 713 3369 714 3436 562 3370 561 3374 5599 3442 409 3369 714 3362 713 3374 5599 3369 714 2428 1480 2489 1084 2490 1162 2489 1084 2471 1083 2472 721 2470 722 2628 904 2625 1396 2489 1084 2472 721 2490 1162 2471 1083 2470 722 2472 721 2625 1396 2469 720 2470 722 5765 141 5757 141 5758 141 5758 5604 5734 5604 5735 5604 5735 141 5736 141 5764 141 5764 5605 5745 5605 5746 5605 5746 141 5753 141 5747 141 5747 141 5755 141 5756 141 5756 141 5759 141 5760 141 5760 5606 5737 5606 5738 5606 5738 141 5743 141 5744 141 5744 5607 5739 5607 5761 5607 5761 141 5762 141 5752 141 5752 5608 5750 5608 5751 5608 5751 141 5763 141 5740 141 5740 141 5741 141 5754 141 5754 141 5748 141 5749 141 5749 5609 5742 5609 5765 5609 5765 141 5758 141 5735 141 5735 141 5764 141 5765 141 5764 141 5746 141 5765 141 5746 141 5747 141 5756 141 5756 141 5760 141 5738 141 5738 141 5744 141 5761 141 5761 141 5752 141 5751 141 5751 141 5740 141 5754 141 5754 141 5749 141 5765 141 5746 141 5756 141 5765 141 5756 141 5738 141 5765 141 5738 141 5761 141 5765 141 5761 141 5751 141 5765 141 806 723 803 709 885 364 1526 369 1521 928 1519 724 1521 928 1523 927 1519 724 1523 927 3066 861 1524 872 1525 871 1517 868 1519 724 1523 927 1524 872 1519 724 1524 872 1525 871 1519 724 548 442 412 1949 526 729 412 1949 529 1777 527 1950 526 729 412 1949 527 1950 3104 731 3118 642 3119 732 3101 756 3102 1168 3121 754 3102 1168 3120 1045 3121 754 3428 658 3429 657 3430 759 3429 657 3400 757 3430 759 3400 757 3394 1288 3399 758 3430 759 3431 804 3428 658 983 611 886 551 1000 762 886 551 998 715 1000 762 2562 765 2561 943 2482 766 943 608 940 1573 961 1344 961 1344 959 612 943 608 959 612 864 1408 862 609 1418 778 1577 593 1410 779 2526 769 2499 698 792 770 2499 698 1668 639 790 598 792 770 2499 698 790 598 1610 791 1631 800 1630 523 3365 704 3372 559 3364 726 3372 559 3438 558 3364 726 3438 558 3449 257 3443 408 3449 257 3448 289 3443 408 3443 408 3364 726 3438 558 3364 726 3149 793 3365 704 3149 793 3069 799 3068 794 3068 794 3070 798 3365 704 3175 795 3095 1354 3098 796 1624 922 1633 860 1626 802 1633 860 1631 800 1626 802 3491 951 3433 1050 3434 805 3433 1050 3428 658 3434 805 3037 703 3071 875 3136 998 3136 998 3137 809 3037 703 1631 800 1633 860 1632 790 3453 564 3444 659 3445 563 3444 659 3439 844 3445 563 2517 846 2663 1746 2670 847 1622 859 1624 922 1623 854 1624 922 1626 802 1623 854 3037 703 3038 810 3039 863 3038 810 3066 861 3039 863 2483 697 2526 769 2525 768 2484 767 2547 764 2485 692 2483 697 2525 768 2484 767 2388 397 2335 360 2484 767 2335 360 2483 697 2484 767 2431 691 2482 766 2481 869 2481 869 2576 945 2487 1088 2576 945 2603 1085 2487 1088 2487 1088 2488 1087 2481 869 2488 1087 2379 514 2481 869 2378 870 2431 691 2481 869 2390 437 2391 882 2378 870 2379 514 2377 436 2378 870 2377 436 2390 437 2378 870 2366 710 2498 712 2367 873 1516 695 1509 942 1474 877 1474 877 1553 557 1547 607 3105 881 3106 1283 3118 642 3106 1283 3117 640 3118 642 2390 437 2388 397 2391 882 2388 397 2485 692 2431 691 2391 882 2388 397 2431 691 2532 700 2534 849 2525 768 2534 849 2546 982 2547 764 2525 768 2534 849 2547 764 2615 1247 2614 1249 2521 905 2614 1249 2613 903 2521 905 3360 923 3367 601 3361 924 1608 929 1607 1497 1629 930 2385 1081 2384 935 2363 934 2384 935 2490 1162 2364 936 1510 941 1511 1163 1546 525 1546 525 1474 877 1509 942 1509 942 1516 695 3046 1043 3046 1043 3043 1165 1509 942 3043 1165 1510 941 1509 942 2559 1144 2575 944 2561 943 2575 944 2574 1252 2576 945 3138 925 3139 1001 3140 947 1416 950 1537 1274 1577 593 1417 1862 407 1951 405 948 1416 950 1577 593 1417 1862 404 949 1415 1782 1416 950 1417 1862 405 948 1416 950 977 979 1003 1034 976 980 1522 933 3067 862 1521 928 3067 862 3066 861 1521 928 1521 928 1526 369 1475 994 1526 369 1527 449 1475 994 414 1772 212 1947 420 1771 212 1947 422 2139 420 1771 422 2139 421 2137 420 1771 419 997 417 2134 431 995 417 2134 430 528 431 995 420 1771 421 2137 418 996 421 2137 419 997 418 996 431 995 874 1677 418 996 430 528 871 1676 431 995 3366 1002 3359 479 3361 924 3359 479 3332 1111 3330 1110 3330 1110 3331 1109 3139 1001 3359 479 3330 1110 3361 924 3437 1204 3396 5601 3368 5603 3396 5601 3366 1002 3368 5603 3367 601 3368 5603 3366 1002 3139 1001 3329 946 3330 1110 3329 946 3361 924 3330 1110 1586 517 1603 516 1585 1003 3435 811 3437 1204 3439 844 3437 1204 3368 5603 3439 844 3444 659 3456 660 3435 811 3205 1020 3207 1434 3143 1021 1600 1098 1602 1099 1601 515 1602 1099 1604 1025 1601 515 3133 641 3154 5600 3113 938 2383 1046 2382 840 2381 690 2480 900 2561 943 2576 945 1520 864 1478 696 1518 867 1478 696 1549 405 1548 406 1519 724 1478 696 1548 406 1016 763 1000 762 1002 987 1000 762 1001 5610 1002 987 3393 1100 3405 1228 3389 1101 510 1103 525 730 526 729 3046 1043 3065 993 3114 1044 3114 1044 3115 1105 3046 1043 1546 525 1560 524 1553 557 630 1115 422 2139 212 1947 212 1947 211 2049 630 1115 211 2049 413 1113 630 1115 3153 876 3154 5600 3133 641 3133 641 3134 451 3153 876 2562 765 2431 691 2486 693 628 1140 629 1114 413 1113 413 1113 579 1141 628 1140 579 1141 578 444 627 1139 578 444 626 2470 627 1139 1629 930 1628 801 1631 800 1631 800 1610 791 1629 930 2502 1221 2458 1161 2460 1481 2458 1161 2365 711 2490 1162 2460 1481 2458 1161 2459 1160 2490 1162 2472 721 2459 1160 2472 721 2474 1395 2467 1394 2472 721 2467 1394 2459 1160 984 776 806 723 777 400 3061 1280 3044 1277 3109 1106 3044 1277 3043 1165 3109 1106 3446 487 3436 562 3441 1167 3436 562 3369 714 3442 409 3441 1167 3436 562 3442 409 3447 372 3463 411 3446 487 3146 880 3147 940 3110 808 3145 807 3112 806 3363 600 3146 880 3110 808 3145 807 3434 805 3431 804 3435 811 3431 804 3430 759 3437 1204 3430 759 3396 5601 3437 1204 2468 1222 2621 1482 2517 846 2621 1482 2664 1745 2517 846 1578 594 1585 1003 1579 1223 2615 1247 2521 905 2475 1086 2521 905 2476 1138 2475 1086 2476 1138 2432 1135 2475 1086 2432 1135 2375 842 2373 841 2373 841 2374 843 2379 514 2374 843 2380 591 2379 514 2432 1135 2373 841 2488 1087 2475 1086 2432 1135 2488 1087 2603 1085 2615 1247 2475 1086 3123 1170 3098 796 3099 1169 999 914 1001 5610 1000 762 1000 762 998 715 999 914 3488 1174 3487 1365 3432 1116 3487 1365 3404 1272 3432 1116 3404 1272 3405 1228 3403 656 1538 1273 1587 1348 1586 517 3063 1422 3062 1282 3107 1281 3062 1282 3061 1280 3108 1166 3061 1280 3109 1106 3108 1166 3452 453 3445 563 3446 487 3445 563 3440 845 3446 487 3440 845 3371 560 3436 562 3079 1352 3081 1284 3105 881 3081 1284 3063 1422 3106 1283 3063 1422 3107 1281 3106 1283 3073 1353 3075 1285 3102 1168 3075 1285 3077 1286 3103 733 3077 1286 3104 731 3103 733 3395 1173 3429 657 3427 1229 3390 1287 3392 1362 3394 1288 3392 1362 3357 5602 3394 1288 3395 1173 3427 1229 3390 1287 3394 1288 3400 757 3395 1173 3143 1021 3124 1225 3127 1108 3136 998 3116 452 3115 1105 3115 1105 3114 1044 3136 998 1546 525 1511 1163 1512 792 3107 1281 3108 1166 3117 640 3108 1166 3116 452 3117 640 2483 697 2335 360 1668 639 2335 360 1698 440 1668 639 1698 440 860 441 788 477 787 518 774 399 789 438 1698 440 788 477 787 518 787 518 789 438 791 599 791 599 1668 639 787 518 1585 1003 1603 516 1605 1357 1603 516 1604 1025 1605 1357 1671 407 3402 288 3372 559 3372 559 3365 704 3401 1364 3401 1364 3037 703 3039 863 3039 863 3067 862 1647 932 1647 932 1522 933 1475 994 1527 449 1528 370 1671 407 1647 932 1475 994 3401 1364 1475 994 1527 449 3401 1364 3401 1364 3039 863 1647 932 1671 407 3372 559 3401 1364 2432 1135 2478 1137 2471 1083 2376 1082 2489 1084 2427 1047 2432 1135 2471 1083 2376 1082 2375 842 2432 1135 2376 1082 2376 1082 2427 1047 2374 843 2427 1047 2381 690 2374 843 2381 690 2380 591 2374 843 1604 1025 1602 1099 1623 854 1623 854 1625 853 1604 1025 1625 853 1627 1438 1604 1025 2384 935 2382 840 2383 1046 2383 1046 2427 1047 2428 1480 2427 1047 2489 1084 2428 1480 2428 1480 2490 1162 2384 935 1537 1274 1586 517 1578 594 975 981 957 614 960 613 960 613 978 1263 977 979 1608 929 1584 1502 1606 1358 1606 1358 1605 1357 1607 1497 1605 1357 1627 1438 1607 1497 3214 1437 3347 1359 3348 597 3347 1359 3358 480 3357 5602 3348 597 3347 1359 3357 5602 3398 1112 3399 758 3394 1288 3358 480 3398 1112 3394 1288 3394 1288 3357 5602 3358 480 3215 1513 3202 1512 3214 1437 3199 1294 3201 1436 3334 1293 3201 1436 3203 1435 3141 1226 3334 1293 3201 1436 3141 1226 3203 1435 3142 1022 3141 1226 803 709 799 706 776 320 2457 1582 2456 1653 2458 1161 2456 1653 2498 712 2458 1161 2498 712 2365 711 2458 1161 1625 853 1626 802 1628 801 1628 801 1629 930 1627 1438 1629 930 1607 1497 1627 1438 893 281 776 320 773 363 776 320 799 706 773 363 798 705 2532 700 985 701 799 706 798 705 985 701 796 439 799 706 985 701 2366 710 2362 874 2363 934 2362 874 2336 1246 2363 934 2336 1246 2401 1080 2385 1081 2574 1252 2602 1251 2576 945 2602 1251 2601 1248 2603 1085 2601 1248 2615 1247 2603 1085 1426 1779 216 1104 528 1778 216 1104 526 729 527 1950 527 1950 528 1778 216 1104 528 1778 1391 1688 1425 1689 510 1103 216 1104 217 2141 216 1104 1426 1779 1419 1780 1419 1780 1420 1690 404 949 1420 1690 1421 1781 404 949 216 1104 1419 1780 404 949 404 949 217 2141 216 1104 1422 1691 1415 1782 404 949 3204 1599 3206 1598 3205 1020 1584 1502 1579 1223 1585 1003 2478 1137 2628 904 2479 1205 2546 982 2560 1027 2562 765 2560 1027 2559 1144 2561 943 2562 765 2560 1027 2561 943 3426 1440 3424 1439 3404 1272 3121 754 3120 1045 3129 1000 3120 1045 3131 937 3130 939 976 980 1003 1034 1001 5610 1003 1034 1002 987 1001 5610 1001 5610 999 914 976 980 5964 1 5965 1 5962 1 5962 1 5963 1 5964 1 5963 1 5993 1 5964 1 5993 1 5990 1 5967 1 5990 1 5991 1 5967 1 5991 1 5966 1 5967 1 5967 1 5968 1 5992 1 5992 1 5977 1 5967 1 5977 1 5978 1 5967 1 5978 1 5979 1 5972 1 5979 1 5973 1 5972 1 5973 1 5971 1 5972 1 5972 1 5982 1 5980 1 5980 1 5981 1 5972 1 5981 1 5986 1 5972 1 5986 1 5987 1 5984 1 5987 1 5985 1 5984 1 5985 1 5983 1 5984 1 5984 1 5988 1 5989 1 5989 1 5969 1 5984 1 5969 1 5970 1 5984 1 5970 1 5976 1 5964 1 5976 1 5974 1 5964 1 5974 1 5975 1 5964 1 5964 1 5993 1 5967 1 5967 1 5978 1 5972 1 5972 1 5986 1 5984 1 5984 1 5970 1 5964 1 5964 1 5967 1 5972 1</p>
        </triangles>
        <triangles material="Material_003-material" count="128">
          <input semantic="VERTEX" source="#Mesh-1_002-mesh-vertices" offset="0"/>
          <input semantic="NORMAL" source="#Mesh-1_002-mesh-normals" offset="1"/>
          <p>5766 5611 5767 5573 5800 5573 5766 5611 5800 5573 5799 5611 5767 5573 5768 5572 5801 5572 5767 5573 5801 5572 5800 5573 5768 5572 5769 5571 5802 5571 5768 5572 5802 5571 5801 5572 5769 5571 5770 5570 5803 5570 5769 5571 5803 5570 5802 5571 5770 5570 5771 5569 5804 5569 5770 5570 5804 5569 5803 5570 5771 5569 5772 5568 5805 5568 5771 5569 5805 5568 5804 5569 5772 5568 5773 5567 5806 5567 5772 5568 5806 5567 5805 5568 5773 5567 5774 4991 5807 4991 5773 5567 5807 4991 5806 5567 5774 4991 5775 5566 5808 5566 5774 4991 5808 5566 5807 4991 5775 5566 5776 5565 5809 5565 5775 5566 5809 5565 5808 5566 5776 5565 5777 5564 5810 5564 5776 5565 5810 5564 5809 5565 5777 5564 5778 5563 5811 5563 5777 5564 5811 5563 5810 5564 5778 5563 5779 5562 5812 5562 5778 5563 5812 5562 5811 5563 5779 5562 5780 5561 5813 5561 5779 5562 5813 5561 5812 5562 5780 5561 5781 5560 5814 5560 5780 5561 5814 5560 5813 5561 5781 5560 5782 1 5815 1 5781 5560 5815 1 5814 5560 5782 1 5783 5587 5816 5587 5782 1 5816 5587 5815 1 5783 5587 5784 5586 5817 5586 5783 5587 5817 5586 5816 5587 5784 5586 5785 5585 5818 5585 5784 5586 5818 5585 5817 5586 5785 5585 5786 5584 5819 5584 5785 5585 5819 5584 5818 5585 5786 5584 5787 5583 5820 5583 5786 5584 5820 5583 5819 5584 5787 5583 5788 5582 5821 5582 5787 5583 5821 5582 5820 5583 5788 5582 5789 5581 5822 5581 5788 5582 5822 5581 5821 5582 5789 5581 5790 5528 5823 5528 5789 5581 5823 5528 5822 5581 5790 5528 5791 5580 5824 5580 5790 5528 5824 5580 5823 5528 5791 5580 5792 5579 5825 5579 5791 5580 5825 5579 5824 5580 5792 5579 5793 5578 5826 5578 5792 5579 5826 5578 5825 5579 5793 5578 5794 5577 5827 5577 5793 5578 5827 5577 5826 5578 5794 5577 5795 5576 5828 5576 5794 5577 5828 5576 5827 5577 5795 5576 5796 5575 5829 5575 5795 5576 5829 5575 5828 5576 5796 5575 5797 5574 5830 5574 5796 5575 5830 5574 5829 5575 5797 5574 5798 5612 5831 5612 5797 5574 5831 5612 5830 5574 6059 5506 6027 5507 6060 5507 6090 5535 6058 5536 6091 5536 6060 5507 6028 5508 6061 5508 6084 5529 6052 5530 6085 5530 6085 5530 6053 5531 6086 5531 6089 5534 6057 5535 6090 5535 6033 5513 6067 4991 6066 5513 6041 5520 6042 63 6075 63 6063 5510 6031 5511 6064 5511 6061 5508 6029 5509 6062 5509 6062 5509 6030 5510 6063 5510 6065 5512 6033 5513 6066 5513 6064 5511 6032 5512 6065 5512 6078 5523 6046 5524 6079 5524 6083 5528 6051 5529 6084 5529 6088 5533 6056 5534 6089 5534 6086 5531 6054 5532 6087 5532 6082 5527 6050 5528 6083 5528 6079 5524 6047 5525 6080 5525 6076 5521 6044 5522 6077 5522 6077 5522 6045 5523 6078 5523 6081 5526 6049 5527 6082 5527 6087 5532 6055 5533 6088 5533 6080 5525 6048 5526 6081 5526 6059 5506 6026 5506 6027 5507 6090 5535 6057 5535 6058 5536 6060 5507 6027 5507 6028 5508 6084 5529 6051 5529 6052 5530 6085 5530 6052 5530 6053 5531 6089 5534 6056 5534 6057 5535 6068 5514 6067 4991 6034 4991 6067 4991 6033 5513 6034 4991 6069 5515 6068 5514 6035 5514 6068 5514 6034 4991 6035 5514 6070 5516 6069 5515 6036 5515 6069 5515 6035 5514 6036 5515 6071 5517 6070 5516 6037 5516 6070 5516 6036 5515 6037 5516 6072 5518 6071 5517 6038 5517 6071 5517 6037 5516 6038 5517 6073 5519 6072 5518 6039 5518 6072 5518 6038 5517 6039 5518 6074 5520 6073 5519 6040 5519 6073 5519 6039 5518 6040 5519 6043 5521 6076 5521 6075 63 6075 63 6074 5520 6041 5520 6074 5520 6040 5519 6041 5520 6042 63 6043 5521 6075 63 6063 5510 6030 5510 6031 5511 6061 5508 6028 5508 6029 5509 6062 5509 6029 5509 6030 5510 6065 5512 6032 5512 6033 5513 6064 5511 6031 5511 6032 5512 6078 5523 6045 5523 6046 5524 6083 5528 6050 5528 6051 5529 6088 5533 6055 5533 6056 5534 6086 5531 6053 5531 6054 5532 6082 5527 6049 5527 6050 5528 6079 5524 6046 5524 6047 5525 6076 5521 6043 5521 6044 5522 6077 5522 6044 5522 6045 5523 6081 5526 6048 5526 6049 5527 6087 5532 6054 5532 6055 5533 6080 5525 6047 5525 6048 5526</p>
        </triangles>
      </mesh>
    </geometry>
  </library_geometries>
  <library_visual_scenes>
    <visual_scene id="Scene" name="Scene">
      <node id="Object-1_001" name="Object-1.001" type="NODE">
        <matrix sid="transform">1 0 0 0 0 1 0 0 0 0 1 0 0 0 0 1</matrix>
        <instance_geometry url="#Mesh-1_002-mesh" name="Object-1.001">
          <bind_material>
            <technique_common>
              <instance_material symbol="Material_002-material" target="#Material_002-material"/>
              <instance_material symbol="Material_003-material" target="#Material_003-material"/>
            </technique_common>
          </bind_material>
        </instance_geometry>
      </node>
    </visual_scene>
  </library_visual_scenes>
  <scene>
    <instance_visual_scene url="#Scene"/>
  </scene>
</COLLADA>