<?xml version="1.0" encoding="utf-8"?>
<COLLADA xmlns="http://www.collada.org/2005/11/COLLADASchema" version="1.4.1" xmlns:xsi="http://www.w3.org/2001/XMLSchema-instance">
  <asset>
    <contributor>
      <author>Blender User</author>
      <authoring_tool>Blender 3.0.1</authoring_tool>
    </contributor>
    <created>2025-05-21T09:21:41</created>
    <modified>2025-05-21T09:21:41</modified>
    <unit name="meter" meter="1"/>
    <up_axis>Z_UP</up_axis>
  </asset>
  <library_effects>
    <effect id="Material_015-effect">
      <profile_COMMON>
        <technique sid="common">
          <lambert>
            <emission>
              <color sid="emission">0 0 0 1</color>
            </emission>
            <diffuse>
              <color sid="diffuse">0 0 0 1</color>
            </diffuse>
            <index_of_refraction>
              <float sid="ior">1.45</float>
            </index_of_refraction>
          </lambert>
        </technique>
      </profile_COMMON>
    </effect>
  </library_effects>
  <library_images/>
  <library_materials>
    <material id="Material_015-material" name="Material.015">
      <instance_effect url="#Material_015-effect"/>
    </material>
  </library_materials>
  <library_geometries>
    <geometry id="Mesh-1_009-mesh" name="Mesh-1.009">
      <mesh>
        <source id="Mesh-1_009-mesh-positions">
          <float_array id="Mesh-1_009-mesh-positions-array" count="4446">-0.06 0.0520069 0.007503747 -0.06 -0.0520069 0.007503747 -0.06 0.04845678 0.07249999 -0.06 0.05300682 0.06794995 -0.06 0.05300682 0.008503794 -0.06 -0.05300682 0.008503794 -0.06 -0.05300682 0.06794995 -0.06 0.05266046 0.06969118 -0.06 0.05293065 0.008121132 -0.06 0.05271399 0.007796645 -0.06 0.05238956 0.007579863 -0.06 -0.05271399 0.007796645 -0.06 -0.05293065 0.008121132 -0.06 -0.05019801 0.07215368 -0.06 -0.04845678 0.07249999 -0.06 0.05019801 0.07215368 -0.06 0.05167412 0.07116729 -0.06 -0.05238956 0.007579863 -0.06 -0.05266046 0.06969118 -0.06 -0.05167412 0.07116729 -0.05591362 -0.0520069 0.007503747 -0.05591362 0.0520069 0.007503747 -0.05591362 -0.04845678 0.07249999 -0.05591362 -0.05300682 0.06794995 -0.05591362 -0.05300682 0.008503794 -0.05591362 0.05300682 0.008503794 -0.05591362 0.05300682 0.06794995 -0.05591362 -0.05266046 0.06969118 -0.05591362 -0.05293065 0.008121132 -0.05591362 -0.05271399 0.007796645 -0.05591362 -0.05238956 0.007579863 -0.05591362 0.05271399 0.007796645 -0.05591362 0.05293065 0.008121132 -0.05591362 0.05019801 0.07215368 -0.05591362 0.04845678 0.07249999 -0.05591362 -0.05019801 0.07215368 -0.05591362 -0.05167412 0.07116729 -0.05591362 0.05238956 0.007579863 -0.05591362 0.05266046 0.06969118 -0.05591362 0.05167412 0.07116729 -0.05591362 0.0520069 0.007503747 -0.05591362 -0.0520069 0.007503747 -0.05591362 -0.05238956 0.007579863 -0.05591362 -0.05271399 0.007796645 -0.05591362 -0.05293065 0.008121132 -0.05591362 -0.05300682 0.008503794 -0.05591362 -0.05300682 0.06794995 -0.05591362 -0.05266046 0.06969118 -0.05591362 -0.05167412 0.07116729 -0.05591362 -0.05019801 0.07215368 -0.05591362 -0.04845678 0.07249999 -0.05591362 0.04845678 0.07249999 -0.05591362 0.05019801 0.07215368 -0.05591362 0.05167412 0.07116729 -0.05591362 0.05266046 0.06969118 -0.05591362 0.05300682 0.06794995 -0.05591362 0.05300682 0.008503794 -0.05591362 0.05293065 0.008121132 -0.05591362 0.05271399 0.007796645 -0.05591362 0.05238956 0.007579863 -0.05591362 0.0520069 0.007503747 -0.06 0.0520069 0.007503747 -0.06 -0.0520069 0.007503747 -0.06 -0.05238956 0.007579863 -0.06 -0.05271399 0.007796645 -0.06 -0.05293065 0.008121132 -0.06 -0.05300682 0.008503794 -0.06 -0.05300682 0.06794995 -0.06 -0.05266046 0.06969118 -0.06 -0.05167412 0.07116729 -0.06 -0.05019801 0.07215368 -0.06 -0.04845678 0.07249999 -0.06 0.04845678 0.07249999 -0.06 0.05019801 0.07215368 -0.06 0.05167412 0.07116729 -0.06 0.05266046 0.06969118 -0.06 0.05300682 0.06794995 -0.06 0.05300682 0.008503794 -0.06 0.05293065 0.008121132 -0.06 0.05271399 0.007796645 -0.06 0.05238956 0.007579863 -0.06 0.0520069 0.007503747 -0.04520499 0.06859678 0.01214993 -0.04518359 0.06892275 0.01176291 -0.04455465 0.06668078 0.01499831 0.04520499 0.06859678 0.01214993 0.04455465 0.06668078 0.01499831 0.04518359 0.06892275 0.01176291 0.04520499 -0.06859678 0.01214993 0.04518359 -0.06892275 0.01176291 0.04455465 -0.06668078 0.01499831 -0.04520499 -0.06859678 0.01214993 -0.04455465 -0.06668078 0.01499831 -0.04518359 -0.06892275 0.01176291 -0.06199991 -0.04845678 0.07249999 -0.06199991 -0.05019801 0.07215368 -0.06199991 -0.05167412 0.07116729 -0.06199991 -0.05266046 0.06969118 -0.06199991 -0.05300682 0.06794995 -0.06199991 0.05300682 0.06794995 -0.06199991 0.05266046 0.06969118 -0.06199991 0.05167412 0.07116729 -0.06199991 0.05019801 0.07215368 -0.06199991 0.04845678 0.07249999 -0.06199991 -0.05450683 0.06794995 -0.06199991 -0.05404627 0.07026517 -0.06199991 -0.05273485 0.07222795 -0.06199991 -0.05077207 0.07353949 -0.06199991 -0.04845678 0.074 -0.06199991 0.04845678 0.074 -0.06199991 0.05077207 0.07353949 -0.06199991 0.05273485 0.07222795 -0.06199991 0.05404627 0.07026517 -0.06199991 0.05450683 0.06794995 -0.06199991 -0.05300682 0.01292949 -0.06199991 -0.0542128 0.01176291 -0.06199991 -0.05450683 0.01152873 -0.06199991 0.0542128 0.01176291 -0.06199991 0.05300682 0.01292949 -0.06199991 0.05450683 0.01152873 -0.01635396 0.05273485 0.07222795 -0.01922833 0.05149751 0.07305467 -0.01604998 0.05290967 0.07196629 -0.07514959 -0.002009034 0.002999961 -0.07475 0 0.002999961 -0.07514959 0.002009034 0.002999961 -0.07799088 0.004850268 0.002999961 -0.07999998 0.005249977 0.002999961 -0.08200907 0.004850268 0.002999961 -0.07999998 -0.005249977 0.002999961 -0.07799088 -0.004850268 0.002999961 -0.08200907 -0.004850268 0.002999961 -0.08485037 0.002009034 0.002999961 -0.08524996 0 0.002999961 -0.08485037 -0.002009034 0.002999961 -0.08371227 -0.003712236 0.002999961 -0.07628768 0.003712236 0.002999961 -0.08371227 0.003712236 0.002999961 -0.07628768 -0.003712236 0.002999961 -0.03864115 0.07435309 0.002999961 -0.04068523 0.07448709 0.002999961 -0.04262495 0.07382869 0.002999961 -0.03492879 0.06792318 0.002999961 -0.0347948 0.06996726 0.002999961 -0.03545331 0.07190698 0.002999961 -0.04319596 0.06511688 0.002999961 -0.0413587 0.06421089 0.002999961 -0.045071 0.0706408 0.002999961 -0.04520499 0.06859678 0.002999961 -0.03931462 0.0640769 0.002999961 -0.03737497 0.06473535 0.002999961 -0.04416507 0.07247799 0.002999961 -0.03680396 0.0734471 0.002999961 -0.03583478 0.06608599 0.002999961 -0.0445466 0.066657 0.002999961 0.04068523 0.07448709 0.002999961 0.03864115 0.07435309 0.002999961 0.04262495 0.07382869 0.002999961 0.0347948 0.06996726 0.002999961 0.03492879 0.06792318 0.002999961 0.03545331 0.07190698 0.002999961 0.0413587 0.06421089 0.002999961 0.04319596 0.06511688 0.002999961 0.0445466 0.066657 0.002999961 0.04520499 0.06859678 0.002999961 0.045071 0.0706408 0.002999961 0.03737497 0.06473535 0.002999961 0.03931462 0.0640769 0.002999961 0.04416507 0.07247799 0.002999961 0.03680396 0.0734471 0.002999961 0.03583478 0.06608599 0.002999961 0.07514959 0.002009034 0.002999961 0.07475 0 0.002999961 0.07514959 -0.002009034 0.002999961 0.07799088 -0.004850268 0.002999961 0.07999998 -0.005249977 0.002999961 0.08200907 -0.004850268 0.002999961 0.07999998 0.005249977 0.002999961 0.07799088 0.004850268 0.002999961 0.08200907 0.004850268 0.002999961 0.08485037 -0.002009034 0.002999961 0.08524996 0 0.002999961 0.08485037 0.002009034 0.002999961 0.08371227 0.003712236 0.002999961 0.07628768 -0.003712236 0.002999961 0.08371227 -0.003712236 0.002999961 0.07628768 0.003712236 0.002999961 0.02916926 0.04365479 0.1 0.02474987 0.04630368 0.1 0.01524078 0.05024248 0.1 -0.05024248 0.01524078 0.1 -0.05149441 0.01024281 0.1 -0.05250322 0 0.1 0.02009207 0.04850661 0.1 0.04850661 0.02009207 0.1 0.04630368 0.02474987 0.1 0.05250322 0 0.1 -0.0522505 0.005146205 0.1 0.05149441 0.01024281 0.1 0.05024248 0.01524078 0.1 -0.04365479 0.02916926 0.1 -0.04630368 0.02474987 0.1 -0.03712528 0.03712528 0.1 0.0522505 0.005146205 0.1 -0.04058551 0.03330767 0.1 -0.04058551 -0.03330767 0.1 -0.03712528 -0.03712528 0.1 -0.04365479 -0.02916926 0.1 0.02474987 -0.04630368 0.1 0.02916926 -0.04365479 0.1 0.03712528 -0.03712528 0.1 0.04365479 -0.02916926 0.1 0.04630368 -0.02474987 0.1 0.03330767 -0.04058551 0.1 0.04058551 -0.03330767 0.1 -0.02916926 -0.04365479 0.1 -0.02474987 -0.04630368 0.1 -0.03330767 -0.04058551 0.1 0.04058551 0.03330767 0.1 0.03712528 0.03712528 0.1 0.04365479 0.02916926 0.1 0.005146205 0.0522505 0.1 0 0.05250322 0.1 0.01024281 0.05149441 0.1 -0.02474987 0.04630368 0.1 -0.02916926 0.04365479 0.1 -0.01024281 0.05149441 0.1 -0.01524078 0.05024248 0.1 -0.02009207 0.04850661 0.1 -0.0522505 -0.005146205 0.1 -0.05149441 -0.01024281 0.1 -0.01524078 -0.05024248 0.1 -0.01024281 -0.05149441 0.1 -0.02009207 -0.04850661 0.1 0.01024281 -0.05149441 0.1 0.01524078 -0.05024248 0.1 0 -0.05250322 0.1 0.005146205 -0.0522505 0.1 0.02009207 -0.04850661 0.1 0.05024248 -0.01524078 0.1 0.05149441 -0.01024281 0.1 0.04850661 -0.02009207 0.1 -0.04850661 -0.02009207 0.1 -0.04630368 -0.02474987 0.1 -0.05024248 -0.01524078 0.1 -0.005146205 0.0522505 0.1 -0.005146205 -0.0522505 0.1 0.03330767 0.04058551 0.1 -0.03330767 0.04058551 0.1 -0.04850661 0.02009207 0.1 0.0522505 -0.005146205 0.1 -0.03489369 0.08424085 0 -0.02646857 0.08725535 0 -0.008937358 0.09074258 0 -0.06447517 0.06447517 0 -0.05784499 0.07048439 0 -0.05065768 0.07581478 0 -0.01778858 0.08942967 0 -0.08942967 -0.01778858 0 -0.09074258 -0.008937358 0 -0.08942967 0.01778858 0 0.06447517 -0.06447517 0 0.05784499 -0.07048439 0 0.03489369 -0.08424085 0 -0.09118169 0 0 -0.09074258 0.008937358 0 -0.03489369 -0.08424085 0 -0.04298269 -0.08041507 0 -0.05784499 -0.07048439 0 0.05065768 -0.07581478 0 0.04298263 -0.08041507 0 -0.08041507 0.04298269 0 -0.07581478 0.05065768 0 -0.08424085 0.03489369 0 -0.05065768 -0.07581478 0 0.03489369 0.08424085 0 0.04298263 0.08041507 0 0.01778858 0.08942967 0 0.02646857 0.08725535 0 -0.08041507 -0.04298269 0 -0.08424085 -0.03489369 0 0 0.09118169 0 0.008937358 0.09074258 0 0.08041507 0.04298269 0 0.08424085 0.03489369 0 0.07581478 0.05065768 0 -0.08725535 -0.02646857 0 0.08424085 -0.03489369 0 0.08041507 -0.04298269 0 0.05784499 0.07048439 0 0.06447517 0.06447517 0 0.07581478 -0.05065768 0 0.07048439 -0.05784493 0 0.09118169 0 0 0.09074258 -0.008937358 0 0.08942967 -0.01778858 0 0.07048439 0.05784499 0 -0.008937358 -0.09074258 0 -0.01778858 -0.08942967 0 0 -0.09118169 0 0.01778858 -0.08942967 0 0.008937358 -0.09074258 0 0.08725535 0.02646857 0 0.08942967 0.01778858 0 -0.06447517 -0.06447517 0 -0.07048439 -0.05784493 0 -0.07581478 -0.05065768 0 0.08725535 -0.02646857 0 -0.08725535 0.02646857 0 0.02646857 -0.08725535 0 -0.02646857 -0.08725535 0 0.09074258 0.008937358 0 -0.07048439 0.05784499 0 -0.04298269 0.08041507 0 0.05065768 0.07581478 0 -0.05591362 0.0520069 0.007503747 -0.05591362 -0.0520069 0.007503747 -0.05591362 0.04845678 0.07249999 -0.05591362 0.05300682 0.06794995 -0.05591362 0.05300682 0.008503794 -0.05591362 -0.05300682 0.008503794 -0.05591362 -0.05300682 0.06794995 -0.05591362 0.05266046 0.06969118 -0.05591362 0.05293065 0.008121132 -0.05591362 0.05271399 0.007796645 -0.05591362 0.05238956 0.007579863 -0.05591362 -0.05271399 0.007796645 -0.05591362 -0.05293065 0.008121132 -0.05591362 -0.05019801 0.07215368 -0.05591362 -0.04845678 0.07249999 -0.05591362 0.05019801 0.07215368 -0.05591362 0.05167412 0.07116729 -0.05591362 -0.05238956 0.007579863 -0.05591362 -0.05266046 0.06969118 -0.05591362 -0.05167412 0.07116729 -0.04068523 -0.07448709 0.002999961 -0.03864115 -0.07435309 0.002999961 -0.04262495 -0.07382869 0.002999961 -0.0347948 -0.06996726 0.002999961 -0.03492879 -0.06792318 0.002999961 -0.03545331 -0.07190698 0.002999961 -0.0413587 -0.06421089 0.002999961 -0.04319596 -0.06511688 0.002999961 -0.0445466 -0.066657 0.002999961 -0.04520499 -0.06859678 0.002999961 -0.045071 -0.0706408 0.002999961 -0.03737497 -0.06473535 0.002999961 -0.03931462 -0.0640769 0.002999961 -0.04416507 -0.07247799 0.002999961 -0.03680396 -0.0734471 0.002999961 -0.03583478 -0.06608599 0.002999961 0.03864115 -0.07435309 0.002999961 0.04068523 -0.07448709 0.002999961 0.04262495 -0.07382869 0.002999961 0.03492879 -0.06792318 0.002999961 0.0347948 -0.06996726 0.002999961 0.03545331 -0.07190698 0.002999961 0.04319596 -0.06511688 0.002999961 0.0413587 -0.06421089 0.002999961 0.045071 -0.0706408 0.002999961 0.04520499 -0.06859678 0.002999961 0.03931462 -0.0640769 0.002999961 0.03737497 -0.06473535 0.002999961 0.04416507 -0.07247799 0.002999961 0.03680396 -0.0734471 0.002999961 0.03583478 -0.06608599 0.002999961 0.0445466 -0.066657 0.002999961 -0.07153916 0.04780083 0.007503747 -0.07587999 0.04055863 0.007503747 -0.07949006 0.0329259 0.007503747 -0.08233457 0.02497589 0.007503747 -0.08438616 0.0167855 0.007503747 -0.08562511 0.008433282 0.007503747 -0.08603936 0 0.007503747 -0.08562511 -0.008433282 0.007503747 -0.08438616 -0.0167855 0.007503747 -0.08233457 -0.02497589 0.007503747 -0.07949006 -0.0329259 0.007503747 -0.07587999 -0.04055863 0.007503747 -0.07153916 -0.04780083 0.007503747 -0.06841987 -0.0520069 0.007503747 -0.05591362 -0.0520069 0.007503747 -0.05591362 0.0520069 0.007503747 -0.06841987 0.0520069 0.007503747 -0.08200907 0.004850268 0.007503747 -0.07999998 0.005249977 0.007503747 -0.07799088 0.004850268 0.007503747 -0.07628768 0.003712236 0.007503747 -0.07514959 0.002009034 0.007503747 -0.07475 0 0.007503747 -0.07514959 -0.002009034 0.007503747 -0.07628768 -0.003712236 0.007503747 -0.07799088 -0.004850268 0.007503747 -0.07999998 -0.005249977 0.007503747 -0.08200907 -0.004850268 0.007503747 -0.08371227 -0.003712236 0.007503747 -0.08485037 -0.002009034 0.007503747 -0.08524996 0 0.007503747 -0.08485037 0.002009034 0.007503747 -0.08371227 0.003712236 0.007503747 -0.05591362 0.05238956 0.007579863 -0.05591362 0.05271399 0.007796645 -0.05591362 0.05293065 0.008121132 -0.05591362 0.05300682 0.008503794 -0.05591362 0.05300682 0.06794995 -0.05591362 0.05266046 0.06969118 -0.05591362 0.05167412 0.07116729 -0.05591362 0.05019801 0.07215368 -0.05591362 0.04845678 0.07249999 -0.05591362 -0.04845678 0.07249999 -0.05591362 -0.05019801 0.07215368 -0.05591362 -0.05167412 0.07116729 -0.05591362 -0.05266046 0.06969118 -0.05591362 -0.05300682 0.06794995 -0.05591362 -0.05300682 0.008503794 -0.05591362 -0.05293065 0.008121132 -0.05591362 -0.05271399 0.007796645 -0.05591362 -0.05238956 0.007579863 -0.06805616 0.05238956 0.007579863 -0.06758809 0.05271399 0.007796645 -0.06708687 0.05293065 0.008121132 -0.06662887 0.05300682 0.008503794 -0.06309306 0.05300682 0.01176291 -0.06458908 0.05300682 0.0104478 -0.06199991 0.05300682 0.06794995 -0.06199991 0.05300682 0.01292949 -0.06199991 0.05266046 0.06969118 -0.06199991 0.05167412 0.07116729 -0.06199991 0.05019801 0.07215368 -0.06199991 0.04845678 0.07249999 -0.06199991 -0.04845678 0.07249999 -0.06199991 -0.05019801 0.07215368 -0.06199991 -0.05167412 0.07116729 -0.06199991 -0.05266046 0.06969118 -0.06199991 -0.05300682 0.06794995 -0.06309306 -0.05300682 0.01176291 -0.06199991 -0.05300682 0.01292949 -0.06458908 -0.05300682 0.0104478 -0.06662887 -0.05300682 0.008503794 -0.06708687 -0.05293065 0.008121132 -0.06758809 -0.05271399 0.007796645 -0.06805616 -0.05238956 0.007579863 -0.08200907 0.004850268 0.002999961 -0.07999998 0.005249977 0.002999961 -0.07799088 0.004850268 0.002999961 -0.07628768 0.003712236 0.002999961 -0.07514959 0.002009034 0.002999961 -0.07475 0 0.002999961 -0.07514959 -0.002009034 0.002999961 -0.07628768 -0.003712236 0.002999961 -0.07799088 -0.004850268 0.002999961 -0.07999998 -0.005249977 0.002999961 -0.08200907 -0.004850268 0.002999961 -0.08371227 -0.003712236 0.002999961 -0.08485037 -0.002009034 0.002999961 -0.08524996 0 0.002999961 -0.08485037 0.002009034 0.002999961 -0.08371227 0.003712236 0.002999961 -0.08200907 0.004850268 0.002999961 -0.08200907 0.004850268 0.007503747 -0.07999998 0.005249977 0.007503747 -0.07799088 0.004850268 0.007503747 -0.07628768 0.003712236 0.007503747 -0.07514959 0.002009034 0.007503747 -0.07475 0 0.007503747 -0.07514959 -0.002009034 0.007503747 -0.07628768 -0.003712236 0.007503747 -0.07799088 -0.004850268 0.007503747 -0.07999998 -0.005249977 0.007503747 -0.08200907 -0.004850268 0.007503747 -0.08371227 -0.003712236 0.007503747 -0.08485037 -0.002009034 0.007503747 -0.08524996 0 0.007503747 -0.08485037 0.002009034 0.007503747 -0.08371227 0.003712236 0.007503747 -0.08200907 0.004850268 0.007503747 -0.04739755 0.05775403 0.02288609 -0.04150843 0.06212168 0.02288609 -0.04451376 0.06661945 0.01510447 -0.0445466 0.066657 0.01503282 -0.04455465 0.06668078 0.01499831 -0.0458042 0.06855088 0.01176291 -0.05230271 0.06373119 0.01176291 -0.03521955 0.0658912 0.02288609 -0.03558951 0.06658345 0.02175688 -0.03583478 0.06608599 0.02218985 -0.03737497 0.06473535 0.02271807 -0.03931462 0.0640769 0.0220952 -0.0413587 0.06421089 0.0204162 -0.04319596 0.06511688 0.0179364 -0.04518359 0.06892275 0.01176291 -0.045071 0.0706408 0.01008319 -0.04416507 0.07247799 0.008766174 -0.04262495 0.07382869 0.00833106 -0.04068523 0.07448709 0.008844196 -0.03978258 0.07442796 0.009455025 -0.04298269 0.08041507 0.001409769 -0.05065768 0.07581478 0.001409769 -0.02859145 0.06902605 0.02288609 -0.0315504 0.07616966 0.01176291 -0.03705 0.07356846 0.01176291 -0.03680396 0.0734471 0.01207256 -0.03545331 0.07190698 0.0149095 -0.0347948 0.06996726 0.01784056 -0.03492879 0.06792318 0.02041941 -0.03489369 0.08424085 0.001409769 -0.03864115 0.07435309 0.01011425 -0.03680396 0.0734471 0.002999961 -0.03545331 0.07190698 0.002999961 -0.03864115 0.07435309 0.002999961 -0.04068523 0.07448709 0.002999961 -0.04262495 0.07382869 0.002999961 -0.04416507 0.07247799 0.002999961 -0.045071 0.0706408 0.002999961 -0.04520499 0.06859678 0.002999961 -0.0445466 0.066657 0.002999961 -0.04319596 0.06511688 0.002999961 -0.0413587 0.06421089 0.002999961 -0.03931462 0.0640769 0.002999961 -0.03737497 0.06473535 0.002999961 -0.03583478 0.06608599 0.002999961 -0.03492879 0.06792318 0.002999961 -0.0347948 0.06996726 0.002999961 0.02859145 0.06902605 0.02288609 0.03521955 0.0658912 0.02288609 0.03558951 0.06658345 0.02175688 0.03492879 0.06792318 0.02041941 0.0347948 0.06996726 0.01784056 0.03545331 0.07190698 0.0149095 0.03680396 0.0734471 0.01207256 0.03705 0.07356846 0.01176291 0.0315504 0.07616966 0.01176291 0.03864115 0.07435309 0.01011425 0.03978258 0.07442796 0.009455025 0.04298269 0.08041507 0.001409769 0.03489369 0.08424085 0.001409769 0.04150843 0.06212168 0.02288609 0.04451376 0.06661945 0.01510447 0.04319596 0.06511688 0.0179364 0.0413587 0.06421089 0.0204162 0.03931462 0.0640769 0.0220952 0.03737497 0.06473535 0.02271807 0.03583478 0.06608599 0.02218985 0.04455465 0.06668078 0.01499831 0.0458042 0.06855088 0.01176291 0.04518359 0.06892275 0.01176291 0.05065768 0.07581478 0.001409769 0.04068523 0.07448709 0.008844196 0.04262495 0.07382869 0.00833106 0.04416507 0.07247799 0.008766174 0.045071 0.0706408 0.01008319 0.04739755 0.05775403 0.02288609 0.05230271 0.06373119 0.01176291 0.0445466 0.066657 0.01503282 0.04520499 0.06859678 0.002999961 0.0445466 0.066657 0.002999961 0.045071 0.0706408 0.002999961 0.04416507 0.07247799 0.002999961 0.04262495 0.07382869 0.002999961 0.04068523 0.07448709 0.002999961 0.03864115 0.07435309 0.002999961 0.03680396 0.0734471 0.002999961 0.03545331 0.07190698 0.002999961 0.0347948 0.06996726 0.002999961 0.03492879 0.06792318 0.002999961 0.03583478 0.06608599 0.002999961 0.03737497 0.06473535 0.002999961 0.03931462 0.0640769 0.002999961 0.0413587 0.06421089 0.002999961 0.04319596 0.06511688 0.002999961 0.07435345 0.007323086 0.02288609 0.07471328 0 0.02288609 0.07475 0 0.02283322 0.07514959 0.002009034 0.02211648 0.07628768 0.003712236 0.02035886 0.07799088 0.004850268 0.01782828 0.07999998 0.005249977 0.01490986 0.08200907 0.004850268 0.01204788 0.08221387 0.004713416 0.01176291 0.08204847 0.008081018 0.01176291 0.08371227 0.003712236 0.01004552 0.08485037 0.002009034 0.008795976 0.08524996 0 0.008439362 0.09118169 0 0.001409769 0.09074258 0.008937358 0.001409769 0.07435345 -0.007323086 0.02288609 0.08204847 -0.008081018 0.01176291 0.08221387 -0.004713416 0.01176291 0.08200907 -0.004850268 0.01204788 0.07999998 -0.005249977 0.01490986 0.07799088 -0.004850268 0.01782828 0.07628768 -0.003712236 0.02035886 0.07514959 -0.002009034 0.02211648 0.09074258 -0.008937358 0.001409769 0.08485037 -0.002009034 0.008795976 0.08371227 -0.003712236 0.01004552 0.08200907 -0.004850268 0.002999961 0.07999998 -0.005249977 0.002999961 0.08371227 -0.003712236 0.002999961 0.08485037 -0.002009034 0.002999961 0.08524996 0 0.002999961 0.08485037 0.002009034 0.002999961 0.08371227 0.003712236 0.002999961 0.08200907 0.004850268 0.002999961 0.07999998 0.005249977 0.002999961 0.07799088 0.004850268 0.002999961 0.07628768 0.003712236 0.002999961 0.07514959 0.002009034 0.002999961 0.07475 0 0.002999961 0.07514959 -0.002009034 0.002999961 0.07628768 -0.003712236 0.002999961 0.07799088 -0.004850268 0.002999961 0.0445466 -0.066657 0.01503282 0.04319596 -0.06511688 0.0179364 0.0413587 -0.06421089 0.0204162 0.03545331 -0.07190698 0.0149095 0.03680396 -0.0734471 0.01207256 0.0347948 -0.06996726 0.01784056 0.03931462 -0.0640769 0.0220952 0.03737497 -0.06473535 0.02271807 0.03583478 -0.06608599 0.02218985 0.03492879 -0.06792318 0.02041941 0.04068523 -0.07448709 0.008844196 0.04262495 -0.07382869 0.00833106 0.04416507 -0.07247799 0.008766174 0.045071 -0.0706408 0.01008319 0.03864115 -0.07435309 0.01011425 0.04455465 -0.06668078 0.01499831 0.04451376 -0.06661945 0.01510447 0.03558951 -0.06658345 0.02175688 0.03978258 -0.07442796 0.009455025 0.04518359 -0.06892275 0.01176291 0.03705 -0.07356846 0.01176291 0.04739755 -0.05775403 0.02288609 0.04150843 -0.06212168 0.02288609 0.0458042 -0.06855088 0.01176291 0.05230271 -0.06373119 0.01176291 0.03521955 -0.0658912 0.02288609 0.04298269 -0.08041507 0.001409769 0.05065768 -0.07581478 0.001409769 0.02859145 -0.06902605 0.02288609 0.0315504 -0.07616966 0.01176291 0.03489369 -0.08424085 0.001409769 0.03545331 -0.07190698 0.002999961 0.03680396 -0.0734471 0.002999961 0.03864115 -0.07435309 0.002999961 0.04068523 -0.07448709 0.002999961 0.04262495 -0.07382869 0.002999961 0.04416507 -0.07247799 0.002999961 0.045071 -0.0706408 0.002999961 0.04520499 -0.06859678 0.002999961 0.0445466 -0.066657 0.002999961 0.04319596 -0.06511688 0.002999961 0.0413587 -0.06421089 0.002999961 0.03931462 -0.0640769 0.002999961 0.03737497 -0.06473535 0.002999961 0.03583478 -0.06608599 0.002999961 0.03492879 -0.06792318 0.002999961 0.0347948 -0.06996726 0.002999961 -0.03680396 -0.0734471 0.01207256 -0.03545331 -0.07190698 0.0149095 -0.0347948 -0.06996726 0.01784056 -0.03492879 -0.06792318 0.02041941 -0.03583478 -0.06608599 0.02218985 -0.03737497 -0.06473535 0.02271807 -0.03931462 -0.0640769 0.0220952 -0.0413587 -0.06421089 0.0204162 -0.04319596 -0.06511688 0.0179364 -0.0445466 -0.066657 0.01503282 -0.03864115 -0.07435309 0.01011425 -0.045071 -0.0706408 0.01008319 -0.04416507 -0.07247799 0.008766174 -0.04262495 -0.07382869 0.00833106 -0.04068523 -0.07448709 0.008844196 -0.03558951 -0.06658345 0.02175688 -0.04455465 -0.06668078 0.01499831 -0.04451376 -0.06661945 0.01510447 -0.03978258 -0.07442796 0.009455025 -0.03705 -0.07356846 0.01176291 -0.04518359 -0.06892275 0.01176291 -0.02859145 -0.06902605 0.02288609 -0.03521955 -0.0658912 0.02288609 -0.0315504 -0.07616966 0.01176291 -0.04298269 -0.08041507 0.001409769 -0.03489369 -0.08424085 0.001409769 -0.04150843 -0.06212168 0.02288609 -0.0458042 -0.06855088 0.01176291 -0.05065768 -0.07581478 0.001409769 -0.04739755 -0.05775403 0.02288609 -0.05230271 -0.06373119 0.01176291 -0.0445466 -0.066657 0.002999961 -0.04520499 -0.06859678 0.002999961 -0.045071 -0.0706408 0.002999961 -0.04416507 -0.07247799 0.002999961 -0.04262495 -0.07382869 0.002999961 -0.04068523 -0.07448709 0.002999961 -0.03864115 -0.07435309 0.002999961 -0.03680396 -0.0734471 0.002999961 -0.03545331 -0.07190698 0.002999961 -0.0347948 -0.06996726 0.002999961 -0.03492879 -0.06792318 0.002999961 -0.03583478 -0.06608599 0.002999961 -0.03737497 -0.06473535 0.002999961 -0.03931462 -0.0640769 0.002999961 -0.0413587 -0.06421089 0.002999961 -0.04319596 -0.06511688 0.002999961 -0.06662887 -0.05300682 0.008503794 -0.06708687 -0.05293065 0.008121132 -0.06758809 -0.05271399 0.007796645 -0.06805616 -0.05238956 0.007579863 -0.06805616 0.05238956 0.007579863 -0.06758809 0.05271399 0.007796645 -0.06708687 0.05293065 0.008121132 -0.06662887 0.05300682 0.008503794 -0.06309306 -0.05300682 0.01176291 -0.06199991 -0.05300682 0.01292949 -0.06458908 -0.05300682 0.0104478 -0.06309306 0.05300682 0.01176291 -0.06199991 0.05300682 0.01292949 -0.06458908 0.05300682 0.0104478 -0.06199991 -0.0542128 0.01176291 -0.05829769 -0.05829769 0.01176291 -0.0617336 -0.05450683 0.01176291 -0.06199991 -0.05450683 0.01152873 -0.07048439 -0.05784499 0.001409769 -0.06447517 -0.06447517 0.001409769 -0.06199991 0.0542128 0.01176291 -0.06199991 0.05450683 0.01152873 -0.0617336 0.05450683 0.01176291 -0.05829769 0.05829769 0.01176291 -0.06447517 0.06447517 0.001409769 -0.07048439 0.05784499 0.001409769 -0.07581478 -0.05065768 0.001409769 -0.08041507 -0.04298269 0.001409769 -0.08424085 -0.03489369 0.001409769 -0.08725535 -0.02646857 0.001409769 -0.08942967 -0.01778858 0.001409769 -0.09074258 -0.008937358 0.001409769 -0.09118169 0 0.001409769 -0.09074258 0.008937358 0.001409769 -0.08942967 0.01778858 0.001409769 -0.08725535 0.02646857 0.001409769 -0.08424085 0.03489369 0.001409769 -0.08041507 0.04298269 0.001409769 -0.07581478 0.05065768 0.001409769 -0.01317691 -0.05404627 0.07026517 -0.01360392 -0.05450683 0.06794995 -0.01635396 -0.05273485 0.07222795 -0.02579158 -0.04845678 0.074 -0.02104818 -0.05077207 0.07353949 -0.02104818 0.05077207 0.07353949 -0.02579158 0.04845678 0.074 -0.01360392 0.05450683 0.06794995 -0.01317691 0.05404627 0.07026517 -0.0258786 -0.04841566 0.074 -0.03049963 -0.04564595 0.074 -0.0210337 -0.0507797 0.0735343 -0.01922833 -0.05149751 0.07305467 -0.01604998 -0.05290967 0.07196629 -0.01653438 -0.05450683 0.06495529 -0.02257746 -0.05450683 0.05743277 -0.02913445 -0.05450683 0.04916101 -0.02011907 -0.05450683 0.05987638 -0.03052747 -0.05450683 0.04704815 -0.02913445 0.05450683 0.04916101 -0.02257746 0.05450683 0.05743277 -0.01653438 0.05450683 0.06495529 -0.02011907 0.05450683 0.05987638 -0.03052747 0.05450683 0.04704815 -0.01604998 0.05290967 0.07196629 -0.0210337 0.0507797 0.0735343 -0.01922833 0.05149751 0.07305467 -0.03049963 0.04564595 0.074 -0.0258786 0.04841566 0.074 -0.03482687 -0.04243659 0.074 -0.03881859 -0.03881859 0.074 -0.04243659 -0.03482687 0.074 -0.04564595 -0.03049963 0.074 -0.04841566 -0.0258786 0.074 -0.05071908 -0.02100849 0.074 -0.0525341 -0.01593589 0.074 -0.05384308 -0.01071006 0.074 -0.05463349 -0.005380928 0.074 -0.0548979 0 0.074 -0.03642022 -0.05450683 0.04026669 -0.03642022 0.05450683 0.04026669 -0.05463349 0.005380928 0.074 -0.05384308 0.01071006 0.074 -0.0525341 0.01593589 0.074 -0.05071908 0.02100849 0.074 -0.04841566 0.0258786 0.074 -0.04564595 0.03049963 0.074 -0.04243659 0.03482687 0.074 -0.03881859 0.03881859 0.074 -0.03482687 0.04243659 0.074 -0.04473257 -0.05450683 0.03032582 -0.05450683 -0.05450683 0.01947516 -0.04060822 -0.05450683 0.03468215 -0.05098032 -0.05450683 0.02288609 -0.05450683 0.05450683 0.01947516 -0.04473257 0.05450683 0.03032582 -0.04060822 0.05450683 0.03468215 -0.05098032 0.05450683 0.02288609 -0.01073598 -0.05397397 0.07305467 -0.01597476 -0.05266171 0.07305467 -0.01688539 -0.05566388 0.05987638 -0.011348 -0.05705088 0.05987638 -0.0154249 -0.05084931 0.08646816 -0.02033478 -0.04909259 0.08646816 -0.02392596 -0.0577625 0.04704815 -0.01814901 -0.05982947 0.04704815 -0.02504879 -0.04686301 0.08646816 -0.02947247 -0.05513918 0.04704815 -0.02952158 -0.04418218 0.08646816 -0.037808 -0.0565837 0.03468215 -0.03207969 -0.06001698 0.03468215 -0.03371006 -0.0410757 0.08646816 -0.03757387 -0.03757387 0.08646816 -0.0410757 -0.03371006 0.08646816 -0.04418218 -0.02952158 0.08646816 -0.04686301 -0.02504879 0.08646816 -0.04909259 -0.02033478 0.08646816 -0.05084931 -0.0154249 0.08646816 -0.05211645 -0.01036649 0.08646816 -0.05288153 -0.005208373 0.08646816 -0.05313748 0 0.08646816 -0.05288153 0.005208373 0.08646816 -0.05211645 0.01036649 0.08646816 -0.05084931 0.0154249 0.08646816 -0.04909259 0.02033478 0.08646816 -0.04686301 0.02504879 0.08646816 -0.04418218 0.02952158 0.08646816 -0.0410757 0.03371006 0.08646816 -0.03757387 0.03757387 0.08646816 -0.03371006 0.0410757 0.08646816 -0.02952158 0.04418218 0.08646816 -0.037808 0.0565837 0.03468215 -0.02504879 0.04686301 0.08646816 -0.02947247 0.05513918 0.04704815 -0.03207969 0.06001698 0.03468215 -0.02033478 0.04909259 0.08646816 -0.02392596 0.0577625 0.04704815 -0.0154249 0.05084931 0.08646816 -0.01597476 0.05266171 0.07305467 -0.01688539 0.05566388 0.05987638 -0.01814901 0.05982947 0.04704815 -0.01073598 0.05397397 0.07305467 -0.011348 0.05705088 0.05987638 0 -0.05250322 0.1 0 -0.05313748 0.08646816 0 -0.05503129 0.07305467 0 -0.05816859 0.05987638 0 -0.06252169 0.04704815 0 -0.0680527 0.03468215 0 -0.07471328 0.02288609 0 -0.08244538 0.01176291 0 -0.09118169 0.001409769 -0.005146205 -0.0522505 0.1 -0.005208373 -0.05288153 0.08646816 -0.005393922 -0.05476629 0.07305467 -0.005701482 -0.05788838 0.05987638 -0.006128132 -0.06222057 0.04704815 -0.006670296 -0.067725 0.03468215 -0.007323086 -0.07435345 0.02288609 -0.008081018 -0.08204847 0.01176291 -0.008937358 -0.09074258 0.001409769 -0.01024281 -0.05149441 0.1 -0.01036649 -0.05211645 0.08646816 -0.01219731 -0.0613203 0.04704815 -0.01327633 -0.06674498 0.03468215 -0.01457571 -0.07327771 0.02288609 -0.01608425 -0.08086127 0.01176291 -0.01778858 -0.08942967 0.001409769 -0.01524078 -0.05024248 0.1 -0.01975452 -0.0651223 0.03468215 -0.0216881 -0.07149618 0.02288609 -0.02393257 -0.07889539 0.01176291 -0.02646857 -0.08725535 0.001409769 -0.02009207 -0.04850661 0.1 -0.02604258 -0.06287246 0.03468215 -0.02474987 -0.04630368 0.1 -0.02916926 -0.04365479 0.1 -0.03330767 -0.04058551 0.1 -0.05784499 -0.07048439 0.001409769 -0.03712528 -0.03712528 0.1 -0.04058551 -0.03330767 0.1 -0.04365479 -0.02916926 0.1 -0.04630368 -0.02474987 0.1 -0.04850661 -0.02009207 0.1 -0.05024248 -0.01524078 0.1 -0.05149441 -0.01024281 0.1 -0.0522505 -0.005146205 0.1 -0.05250322 0 0.1 -0.0522505 0.005146205 0.1 -0.05149441 0.01024281 0.1 -0.05024248 0.01524078 0.1 -0.04850661 0.02009207 0.1 -0.04630368 0.02474987 0.1 -0.04365479 0.02916926 0.1 -0.04058551 0.03330767 0.1 -0.03712528 0.03712528 0.1 -0.03330767 0.04058551 0.1 -0.05784499 0.07048439 0.001409769 -0.02916926 0.04365479 0.1 -0.02474987 0.04630368 0.1 -0.02009207 0.04850661 0.1 -0.02604258 0.06287246 0.03468215 -0.01524078 0.05024248 0.1 -0.01975452 0.0651223 0.03468215 -0.0216881 0.07149618 0.02288609 -0.02393257 0.07889539 0.01176291 -0.02646857 0.08725535 0.001409769 -0.01024281 0.05149441 0.1 -0.01036649 0.05211645 0.08646816 -0.01219731 0.0613203 0.04704815 -0.01327633 0.06674498 0.03468215 -0.01457571 0.07327771 0.02288609 -0.01608425 0.08086127 0.01176291 -0.01778858 0.08942967 0.001409769 -0.005146205 0.0522505 0.1 -0.005208373 0.05288153 0.08646816 -0.005393922 0.05476629 0.07305467 -0.005701482 0.05788838 0.05987638 -0.006128132 0.06222057 0.04704815 -0.006670296 0.067725 0.03468215 -0.007323086 0.07435345 0.02288609 -0.008081018 0.08204847 0.01176291 -0.008937358 0.09074258 0.001409769 0 0.05250322 0.1 0 0.05313748 0.08646816 0 0.05503129 0.07305467 0 0.05816859 0.05987638 0 0.06252169 0.04704815 0 0.0680527 0.03468215 0 0.07471328 0.02288609 0 0.08244538 0.01176291 0 0.09118169 0.001409769 0.005146205 0.0522505 0.1 0.005208373 0.05288153 0.08646816 0.005393922 0.05476629 0.07305467 0.005701482 0.05788838 0.05987638 0.006128132 0.06222057 0.04704815 0.006670296 0.067725 0.03468215 0.007323086 0.07435345 0.02288609 0.008081018 0.08204847 0.01176291 0.008937358 0.09074258 0.001409769 0.01024281 0.05149441 0.1 0.01036649 0.05211645 0.08646816 0.01073598 0.05397397 0.07305467 0.011348 0.05705088 0.05987638 0.01219731 0.0613203 0.04704815 0.01327633 0.06674498 0.03468215 0.01457571 0.07327771 0.02288609 0.01608425 0.08086127 0.01176291 0.01778858 0.08942967 0.001409769 0.01524078 0.05024248 0.1 0.0154249 0.05084931 0.08646816 0.01597476 0.05266171 0.07305467 0.01688539 0.05566388 0.05987638 0.01814901 0.05982947 0.04704815 0.01975452 0.0651223 0.03468215 0.0216881 0.07149618 0.02288609 0.02393257 0.07889539 0.01176291 0.02646857 0.08725535 0.001409769 0.02009207 0.04850661 0.1 0.02033478 0.04909259 0.08646816 0.02105957 0.0508424 0.07305467 0.02226012 0.05374073 0.05987638 0.02392596 0.0577625 0.04704815 0.02604258 0.06287246 0.03468215 0.02474987 0.04630368 0.1 0.02504879 0.04686301 0.08646816 0.02594155 0.04853338 0.07305467 0.02742046 0.05129998 0.05987638 0.02947247 0.05513918 0.04704815 0.03207969 0.06001698 0.03468215 0.02916926 0.04365479 0.1 0.02952158 0.04418218 0.08646816 0.03057378 0.04575693 0.07305467 0.03231668 0.04836535 0.05987638 0.0347352 0.05198478 0.04704815 0.037808 0.0565837 0.03468215 0.03330767 0.04058551 0.1 0.03371006 0.0410757 0.08646816 0.03491157 0.04253989 0.07305467 0.03690177 0.04496479 0.05987638 0.03966325 0.04832983 0.04704815 0.04317206 0.05260539 0.03468215 0.05784499 0.07048439 0.001409769 0.03712528 0.03712528 0.1 0.03757387 0.03757387 0.08646816 0.03891307 0.03891307 0.07305467 0.04113131 0.04113131 0.05987638 0.04420948 0.04420948 0.04704815 0.04812043 0.04812043 0.03468215 0.05283021 0.05283021 0.02288609 0.05829769 0.05829769 0.01176291 0.06447517 0.06447517 0.001409769 0.04058551 0.03330767 0.1 0.0410757 0.03371006 0.08646816 0.04253989 0.03491157 0.07305467 0.04496479 0.03690177 0.05987638 0.04832983 0.03966325 0.04704815 0.05260539 0.04317206 0.03468215 0.05775403 0.04739755 0.02288609 0.06373119 0.05230271 0.01176291 0.07048439 0.05784499 0.001409769 0.04365479 0.02916926 0.1 0.04418218 0.02952158 0.08646816 0.04575693 0.03057378 0.07305467 0.04836535 0.03231668 0.05987638 0.05198478 0.0347352 0.04704815 0.0565837 0.037808 0.03468215 0.06212168 0.04150843 0.02288609 0.06855088 0.0458042 0.01176291 0.07581478 0.05065768 0.001409769 0.04630368 0.02474987 0.1 0.04686301 0.02504879 0.08646816 0.04853338 0.02594155 0.07305467 0.05129998 0.02742046 0.05987638 0.05513918 0.02947247 0.04704815 0.06001698 0.03207969 0.03468215 0.0658912 0.03521955 0.02288609 0.07271039 0.03886449 0.01176291 0.08041507 0.04298269 0.001409769 0.04850661 0.02009207 0.1 0.04909259 0.02033478 0.08646816 0.0508424 0.02105957 0.07305467 0.05374073 0.02226012 0.05987638 0.0577625 0.02392596 0.04704815 0.06287246 0.02604258 0.03468215 0.06902605 0.02859145 0.02288609 0.07616966 0.0315504 0.01176291 0.08424085 0.03489369 0.001409769 0.05024248 0.01524078 0.1 0.05084931 0.0154249 0.08646816 0.05266171 0.01597476 0.07305467 0.05566388 0.01688539 0.05987638 0.05982947 0.01814901 0.04704815 0.0651223 0.01975452 0.03468215 0.07149618 0.0216881 0.02288609 0.07889539 0.02393257 0.01176291 0.08725535 0.02646857 0.001409769 0.05149441 0.01024281 0.1 0.05211645 0.01036649 0.08646816 0.05397397 0.01073598 0.07305467 0.05705088 0.011348 0.05987638 0.0613203 0.01219731 0.04704815 0.06674498 0.01327633 0.03468215 0.07327771 0.01457571 0.02288609 0.08086127 0.01608425 0.01176291 0.08942967 0.01778858 0.001409769 0.0522505 0.005146205 0.1 0.05288153 0.005208373 0.08646816 0.05476629 0.005393922 0.07305467 0.05788838 0.005701482 0.05987638 0.06222057 0.006128132 0.04704815 0.067725 0.006670296 0.03468215 0.05250322 0 0.1 0.05313748 0 0.08646816 0.05503129 0 0.07305467 0.05816859 0 0.05987638 0.06252169 0 0.04704815 0.0680527 0 0.03468215 0.0522505 -0.005146205 0.1 0.05288153 -0.005208373 0.08646816 0.05476629 -0.005393922 0.07305467 0.05788838 -0.005701482 0.05987638 0.06222057 -0.006128132 0.04704815 0.067725 -0.006670296 0.03468215 0.05149441 -0.01024281 0.1 0.05211645 -0.01036649 0.08646816 0.05397397 -0.01073598 0.07305467 0.05705088 -0.011348 0.05987638 0.0613203 -0.01219731 0.04704815 0.06674498 -0.01327633 0.03468215 0.07327771 -0.01457571 0.02288609 0.08086127 -0.01608425 0.01176291 0.08942967 -0.01778858 0.001409769 0.05024248 -0.01524078 0.1 0.05084931 -0.0154249 0.08646816 0.05266171 -0.01597476 0.07305467 0.05566388 -0.01688539 0.05987638 0.05982947 -0.01814901 0.04704815 0.0651223 -0.01975452 0.03468215 0.07149618 -0.0216881 0.02288609 0.07889539 -0.02393257 0.01176291 0.08725535 -0.02646857 0.001409769 0.04850661 -0.02009207 0.1 0.04909259 -0.02033478 0.08646816 0.0508424 -0.02105957 0.07305467 0.05374073 -0.02226012 0.05987638 0.0577625 -0.02392596 0.04704815 0.06287246 -0.02604258 0.03468215 0.06902605 -0.02859145 0.02288609 0.07616966 -0.0315504 0.01176291 0.08424085 -0.03489369 0.001409769 0.04630368 -0.02474987 0.1 0.04686301 -0.02504879 0.08646816 0.04853338 -0.02594155 0.07305467 0.05129998 -0.02742046 0.05987638 0.05513918 -0.02947247 0.04704815 0.06001698 -0.03207969 0.03468215 0.0658912 -0.03521955 0.02288609 0.07271039 -0.03886449 0.01176291 0.08041507 -0.04298269 0.001409769 0.04365479 -0.02916926 0.1 0.04418218 -0.02952158 0.08646816 0.04575693 -0.03057378 0.07305467 0.04836535 -0.03231668 0.05987638 0.05198478 -0.0347352 0.04704815 0.0565837 -0.037808 0.03468215 0.06212168 -0.04150843 0.02288609 0.06855088 -0.0458042 0.01176291 0.07581478 -0.05065768 0.001409769 0.04058551 -0.03330767 0.1 0.0410757 -0.03371006 0.08646816 0.04253989 -0.03491157 0.07305467 0.04496479 -0.03690177 0.05987638 0.04832983 -0.03966325 0.04704815 0.05260539 -0.04317206 0.03468215 0.05775403 -0.04739755 0.02288609 0.06373119 -0.05230271 0.01176291 0.07048439 -0.05784499 0.001409769 0.03712528 -0.03712528 0.1 0.03757387 -0.03757387 0.08646816 0.03891307 -0.03891307 0.07305467 0.04113131 -0.04113131 0.05987638 0.04420948 -0.04420948 0.04704815 0.04812043 -0.04812043 0.03468215 0.05283021 -0.05283021 0.02288609 0.05829769 -0.05829769 0.01176291 0.06447517 -0.06447517 0.001409769 0.03330767 -0.04058551 0.1 0.03371006 -0.0410757 0.08646816 0.03491157 -0.04253989 0.07305467 0.03690177 -0.04496479 0.05987638 0.03966325 -0.04832983 0.04704815 0.04317206 -0.05260539 0.03468215 0.05784499 -0.07048439 0.001409769 0.02916926 -0.04365479 0.1 0.02952158 -0.04418218 0.08646816 0.03057378 -0.04575693 0.07305467 0.03231668 -0.04836535 0.05987638 0.0347352 -0.05198478 0.04704815 0.037808 -0.0565837 0.03468215 0.02474987 -0.04630368 0.1 0.02504879 -0.04686301 0.08646816 0.02594155 -0.04853338 0.07305467 0.02742046 -0.05129998 0.05987638 0.02947247 -0.05513918 0.04704815 0.03207969 -0.06001698 0.03468215 0.02009207 -0.04850661 0.1 0.02033478 -0.04909259 0.08646816 0.02105957 -0.0508424 0.07305467 0.02226012 -0.05374073 0.05987638 0.02392596 -0.0577625 0.04704815 0.02604258 -0.06287246 0.03468215 0.01524078 -0.05024248 0.1 0.0154249 -0.05084931 0.08646816 0.01597476 -0.05266171 0.07305467 0.01688539 -0.05566388 0.05987638 0.01814901 -0.05982947 0.04704815 0.01975452 -0.0651223 0.03468215 0.0216881 -0.07149618 0.02288609 0.02393257 -0.07889539 0.01176291 0.02646857 -0.08725535 0.001409769 0.01024281 -0.05149441 0.1 0.01036649 -0.05211645 0.08646816 0.01073598 -0.05397397 0.07305467 0.011348 -0.05705088 0.05987638 0.01219731 -0.0613203 0.04704815 0.01327633 -0.06674498 0.03468215 0.01457571 -0.07327771 0.02288609 0.01608425 -0.08086127 0.01176291 0.01778858 -0.08942967 0.001409769 0.005146205 -0.0522505 0.1 0.005208373 -0.05288153 0.08646816 0.005393922 -0.05476629 0.07305467 0.005701482 -0.05788838 0.05987638 0.006128132 -0.06222057 0.04704815 0.006670296 -0.067725 0.03468215 0.007323086 -0.07435345 0.02288609 0.008081018 -0.08204847 0.01176291 0.008937358 -0.09074258 0.001409769 -0.03545331 0.07190698 0.0149095 -0.03680396 0.0734471 0.01207256 -0.03705 0.07356846 0.01176291 -0.03864115 0.07435309 0.01011425 -0.03978258 0.07442796 0.009455025 -0.04068523 0.07448709 0.008844196 -0.04262495 0.07382869 0.00833106 -0.04416507 0.07247799 0.008766174 -0.045071 0.0706408 0.01008319 -0.04518359 0.06892275 0.01176291 -0.04520499 0.06859678 0.01214993 -0.04455465 0.06668078 0.01499831 -0.0445466 0.066657 0.01503282 -0.04451376 0.06661945 0.01510447 -0.04319596 0.06511688 0.0179364 -0.0413587 0.06421089 0.0204162 -0.03931462 0.0640769 0.0220952 -0.03558951 0.06658345 0.02175688 -0.03492879 0.06792318 0.02041941 -0.0347948 0.06996726 0.01784056 0.04455465 0.06668078 0.01499831 0.04520499 0.06859678 0.01214993 0.0445466 0.066657 0.01503282 0.04518359 0.06892275 0.01176291 0.045071 0.0706408 0.01008319 0.04416507 0.07247799 0.008766174 0.04262495 0.07382869 0.00833106 0.04068523 0.07448709 0.008844196 0.03978258 0.07442796 0.009455025 0.03864115 0.07435309 0.01011425 0.03705 0.07356846 0.01176291 0.03680396 0.0734471 0.01207256 0.03545331 0.07190698 0.0149095 0.0347948 0.06996726 0.01784056 0.03492879 0.06792318 0.02041941 0.03558951 0.06658345 0.02175688 0.03583478 0.06608599 0.02218985 0.0413587 0.06421089 0.0204162 0.04319596 0.06511688 0.0179364 0.04451376 0.06661945 0.01510447 0.07999998 -0.005249977 0.01490986 0.08200907 -0.004850268 0.01204788 0.08221387 -0.004713416 0.01176291 0.08371227 -0.003712236 0.01004552 0.08485037 -0.002009034 0.008795976 0.08524996 0 0.008439362 0.08485037 0.002009034 0.008795976 0.08371227 0.003712236 0.01004552 0.08221387 0.004713416 0.01176291 0.08200907 0.004850268 0.01204788 0.07999998 0.005249977 0.01490986 0.07799088 0.004850268 0.01782828 0.07628768 0.003712236 0.02035886 0.07514959 0.002009034 0.02211648 0.07628768 -0.003712236 0.02035886 0.07799088 -0.004850268 0.01782828 0.03545331 -0.07190698 0.0149095 0.03680396 -0.0734471 0.01207256 0.03705 -0.07356846 0.01176291 0.03864115 -0.07435309 0.01011425 0.03978258 -0.07442796 0.009455025 0.04068523 -0.07448709 0.008844196 0.04262495 -0.07382869 0.00833106 0.04416507 -0.07247799 0.008766174 0.045071 -0.0706408 0.01008319 0.04518359 -0.06892275 0.01176291 0.04520499 -0.06859678 0.01214993 0.04455465 -0.06668078 0.01499831 0.0445466 -0.066657 0.01503282 0.04451376 -0.06661945 0.01510447 0.04319596 -0.06511688 0.0179364 0.0413587 -0.06421089 0.0204162 0.03931462 -0.0640769 0.0220952 0.03558951 -0.06658345 0.02175688 0.03492879 -0.06792318 0.02041941 0.0347948 -0.06996726 0.01784056 -0.04455465 -0.06668078 0.01499831 -0.04520499 -0.06859678 0.01214993 -0.0445466 -0.066657 0.01503282 -0.04518359 -0.06892275 0.01176291 -0.045071 -0.0706408 0.01008319 -0.04416507 -0.07247799 0.008766174 -0.04262495 -0.07382869 0.00833106 -0.04068523 -0.07448709 0.008844196 -0.03978258 -0.07442796 0.009455025 -0.03864115 -0.07435309 0.01011425 -0.03705 -0.07356846 0.01176291 -0.03680396 -0.0734471 0.01207256 -0.03545331 -0.07190698 0.0149095 -0.0347948 -0.06996726 0.01784056 -0.03492879 -0.06792318 0.02041941 -0.03558951 -0.06658345 0.02175688 -0.03583478 -0.06608599 0.02218985 -0.0413587 -0.06421089 0.0204162 -0.04319596 -0.06511688 0.0179364 -0.04451376 -0.06661945 0.01510447 -0.06841987 -0.0520069 0.007503747 -0.07153916 -0.04780083 0.007503747 -0.07587999 -0.04055863 0.007503747 -0.07949006 -0.0329259 0.007503747 -0.08233457 -0.02497589 0.007503747 -0.08438616 -0.0167855 0.007503747 -0.08562511 -0.008433282 0.007503747 -0.08603936 0 0.007503747 -0.08562511 0.008433282 0.007503747 -0.08438616 0.0167855 0.007503747 -0.08233457 0.02497589 0.007503747 -0.07949006 0.0329259 0.007503747 -0.07587999 0.04055863 0.007503747 -0.07153916 0.04780083 0.007503747 -0.06841987 0.0520069 0.007503747 -0.06199991 0.05450683 0.06794995 -0.05450683 0.05450683 0.01947516 -0.0617336 0.05450683 0.01176291 -0.04473257 0.05450683 0.03032582 -0.05098032 0.05450683 0.02288609 -0.06199991 0.05450683 0.01152873 -0.04060822 0.05450683 0.03468215 -0.06199991 0.05404627 0.07026517 -0.01635396 0.05273485 0.07222795 -0.06199991 0.05273485 0.07222795 -0.0210337 0.0507797 0.0735343 -0.01922833 0.05149751 0.07305467 -0.06199991 0.05077207 0.07353949 -0.02104818 0.05077207 0.07353949 -0.06199991 0.04845678 0.074 -0.02579158 0.04845678 0.074 -0.03049963 0.04564595 0.074 -0.0258786 0.04841566 0.074 -0.03881859 0.03881859 0.074 -0.03482687 0.04243659 0.074 -0.04564595 0.03049963 0.074 -0.04243659 0.03482687 0.074 -0.05071908 0.02100849 0.074 -0.04841566 0.0258786 0.074 -0.05384308 0.01071006 0.074 -0.0525341 0.01593589 0.074 -0.0548979 0 0.074 -0.05463349 0.005380928 0.074 -0.05384308 -0.01071006 0.074 -0.05463349 -0.005380928 0.074 -0.06199991 -0.04845678 0.074 -0.05071908 -0.02100849 0.074 -0.0525341 -0.01593589 0.074 -0.04564595 -0.03049963 0.074 -0.04841566 -0.0258786 0.074 -0.03881859 -0.03881859 0.074 -0.04243659 -0.03482687 0.074 -0.03049963 -0.04564595 0.074 -0.03482687 -0.04243659 0.074 -0.0258786 -0.04841566 0.074 -0.02579158 -0.04845678 0.074 -0.06199991 -0.05077207 0.07353949 -0.02104818 -0.05077207 0.07353949 -0.01922833 -0.05149751 0.07305467 -0.0210337 -0.0507797 0.0735343 -0.06199991 -0.05273485 0.07222795 -0.01635396 -0.05273485 0.07222795 -0.06199991 -0.05404627 0.07026517 -0.06199991 -0.05450683 0.06794995 -0.0617336 -0.05450683 0.01176291 -0.05450683 -0.05450683 0.01947516 -0.06199991 -0.05450683 0.01152873 -0.05098032 -0.05450683 0.02288609 -0.04473257 -0.05450683 0.03032582 -0.04060822 -0.05450683 0.03468215 -0.03642022 -0.05450683 0.04026669 0 -0.09118169 0 0.008937358 -0.09074258 0 0.01778858 -0.08942967 0 0.02646857 -0.08725535 0 0.03489369 -0.08424085 0 0.04298269 -0.08041507 0 0.05065768 -0.07581478 0 0.05784499 -0.07048439 0 0.06447517 -0.06447517 0 0.07048439 -0.05784499 0 0.07581478 -0.05065768 0 0.08041507 -0.04298269 0 0.08424085 -0.03489369 0 0.08725535 -0.02646869 0 0.08942967 -0.01778858 0 0.09074258 -0.008937358 0 0.09118169 0 0 0.09074258 0.008937358 0 0.08942967 0.01778858 0 0.08725535 0.02646857 0 0.08424085 0.03489369 0 0.08041507 0.04298263 0 0.07581478 0.05065768 0 0.07048439 0.05784493 0 0.06447517 0.06447517 0 0.05784499 0.07048439 0 0.05065768 0.07581478 0 0.04298269 0.08041507 0 0.03489369 0.08424085 0 0.02646857 0.08725535 0 0.01778858 0.08942967 0 0.008937358 0.09074258 0 0 0.09118169 0 -0.008937299 0.09074258 0 -0.01778852 0.08942967 0 -0.02646857 0.08725535 0 -0.03489369 0.08424085 0 -0.04298263 0.08041507 0 -0.05065768 0.07581478 0 -0.05784499 0.07048439 0 -0.06447517 0.06447517 0 -0.07048439 0.05784499 0 -0.07581478 0.05065768 0 -0.08041507 0.04298269 0 -0.08424085 0.03489369 0 -0.08725535 0.02646869 0 -0.08942967 0.01778858 0 -0.09074258 0.008937358 0 -0.09118169 0 0 -0.09074258 -0.008937358 0 -0.08942967 -0.01778858 0 -0.08725535 -0.02646857 0 -0.08424085 -0.03489369 0 -0.08041507 -0.04298263 0 -0.07581478 -0.05065768 0 -0.07048439 -0.05784493 0 -0.06447517 -0.06447517 0 -0.05784499 -0.07048439 0 -0.05065768 -0.07581478 0 -0.04298269 -0.08041507 0 -0.03489369 -0.08424085 0 -0.02646857 -0.08725535 0 -0.01778858 -0.08942967 0 -0.008937358 -0.09074258 0 0 -0.09118169 0 0 -0.09118169 0.001409769 0.008937358 -0.09074258 0.001409769 0.01778858 -0.08942967 0.001409769 0.02646857 -0.08725535 0.001409769 0.03489369 -0.08424085 0.001409769 0.04298269 -0.08041507 0.001409769 0.05065768 -0.07581478 0.001409769 0.05784499 -0.07048439 0.001409769 0.06447517 -0.06447517 0.001409769 0.07048439 -0.05784499 0.001409769 0.07581478 -0.05065768 0.001409769 0.08041507 -0.04298269 0.001409769 0.08424085 -0.03489369 0.001409769 0.08725535 -0.02646869 0.001409769 0.08942967 -0.01778858 0.001409769 0.09074258 -0.008937358 0.001409769 0.09118169 0 0.001409769 0.09074258 0.008937358 0.001409769 0.08942967 0.01778858 0.001409769 0.08725535 0.02646857 0.001409769 0.08424085 0.03489369 0.001409769 0.08041507 0.04298263 0.001409769 0.07581478 0.05065768 0.001409769 0.07048439 0.05784493 0.001409769 0.06447517 0.06447517 0.001409769 0.05784499 0.07048439 0.001409769 0.05065768 0.07581478 0.001409769 0.04298269 0.08041507 0.001409769 0.03489369 0.08424085 0.001409769 0.02646857 0.08725535 0.001409769 0.01778858 0.08942967 0.001409769 0.008937358 0.09074258 0.001409769 0 0.09118169 0.001409769 -0.008937299 0.09074258 0.001409769 -0.01778852 0.08942967 0.001409769 -0.02646857 0.08725535 0.001409769 -0.03489369 0.08424085 0.001409769 -0.04298263 0.08041507 0.001409769 -0.05065768 0.07581478 0.001409769 -0.05784499 0.07048439 0.001409769 -0.06447517 0.06447517 0.001409769 -0.07048439 0.05784499 0.001409769 -0.07581478 0.05065768 0.001409769 -0.08041507 0.04298269 0.001409769 -0.08424085 0.03489369 0.001409769 -0.08725535 0.02646869 0.001409769 -0.08942967 0.01778858 0.001409769 -0.09074258 0.008937358 0.001409769 -0.09118169 0 0.001409769 -0.09074258 -0.008937358 0.001409769 -0.08942967 -0.01778858 0.001409769 -0.08725535 -0.02646857 0.001409769 -0.08424085 -0.03489369 0.001409769 -0.08041507 -0.04298263 0.001409769 -0.07581478 -0.05065768 0.001409769 -0.07048439 -0.05784493 0.001409769 -0.06447517 -0.06447517 0.001409769 -0.05784499 -0.07048439 0.001409769 -0.05065768 -0.07581478 0.001409769 -0.04298269 -0.08041507 0.001409769 -0.03489369 -0.08424085 0.001409769 -0.02646857 -0.08725535 0.001409769 -0.01778858 -0.08942967 0.001409769 -0.008937358 -0.09074258 0.001409769 0 -0.09118169 0.001409769</float_array>
          <technique_common>
            <accessor source="#Mesh-1_009-mesh-positions-array" count="1482" stride="3">
              <param name="X" type="float"/>
              <param name="Y" type="float"/>
              <param name="Z" type="float"/>
            </accessor>
          </technique_common>
        </source>
        <source id="Mesh-1_009-mesh-normals">
          <float_array id="Mesh-1_009-mesh-normals-array" count="2865">-1 0 0 -1 2.37448e-5 0 -1 2.20317e-6 0 -1 -1.75668e-5 0 1 -5.48173e-6 0 1 -3.12073e-5 0 1 0 0 1 5.26312e-6 0 1 -9.17095e-6 0 1 -7.83349e-6 0 1 6.25339e-5 0 0 0 -1 0 -0.09799575 -0.9951869 0 -0.3826816 -0.9238803 0 -0.7071983 -0.7070152 0 -0.9238803 -0.3826816 0 -0.9238696 -0.3827076 0 -0.9951717 -0.09814989 0 -0.995184 0.09802603 0 -0.9238803 0.3826816 0 -0.707122 0.7070915 0 -0.3826816 0.9238803 0 -0.09799575 0.9951869 0 0.09799575 0.9951869 0 0.3826816 0.9238803 0 0.707122 0.7070915 0 0.9238803 0.3826816 0 0.995184 0.09802603 0 0.9951717 -0.09814989 0 0.9238696 -0.3827076 0 0.9238803 -0.3826816 0 0.7071983 -0.7070152 0 0.3826816 -0.9238803 0 0.1950772 -0.9807879 0.4215579 -0.704926 -0.5704106 -0.4215568 -0.7049227 -0.5704156 -0.4215579 0.704926 -0.5704106 0.4215568 0.7049227 -0.5704156 -1 -5.50217e-6 0 -1 -2.0951e-6 0 -1 2.09512e-6 0 -1 1.04754e-6 0 -1 4.47051e-6 0 -1 9.00799e-5 0 0.3278181 -0.9160082 -0.2312237 -5.66375e-7 0 1 0 0 1 5.66378e-7 0 1 3.18659e-7 0 1 -3.18659e-7 0 1 1.3199e-7 0 1 -1.31991e-7 0 1 -5.66359e-7 0 1 1.43843e-7 0 1 5.66364e-7 0 1 7.9558e-7 0 1 0 0 1 -1.8666e-7 0 1 0 0 1 -3.9779e-7 0 1 -5.66369e-7 0 1 0 0 1 0 0 1 0 0 1 5.66375e-7 0 1 -5.66378e-7 0 1 -3.18659e-7 0 1 3.18659e-7 0 1 -1.3199e-7 0 1 1.31991e-7 0 1 -1.81572e-5 0 1 2.23717e-5 0 1 8.94688e-5 0 1 4.47344e-5 0 1 -1.49604e-5 0 1 2.23714e-5 0 1 7.48122e-6 0 1 -2.23714e-5 0 1 1.49604e-5 0 1 -8.94688e-5 0 1 2.99194e-5 0 1 7.51671e-6 0 1 -1.11858e-5 0 1 -7.48122e-6 0 1 -7.31484e-7 0 1 -6.04235e-6 0 1 3.02112e-6 0 1 -1 -5.48173e-6 0 -1 -3.12073e-5 0 -1 5.26312e-6 0 -1 -9.17095e-6 0 -1 -7.83349e-6 0 -1 6.25339e-5 0 3.9779e-7 0 1 5.66369e-7 0 1 0 0 1 0 0 1 0 0 1 5.66359e-7 0 1 -1.43843e-7 0 1 -5.66364e-7 0 1 -7.9558e-7 0 1 0 0 1 1.8666e-7 0 1 0 0 1 0 -0.05301213 0.9985939 0 -0.2819647 0.9594248 0 -0.7071831 0.7070305 0 -0.6223214 0.7827619 0 -0.9238696 0.3827076 0 -0.8761895 0.4819668 0 -0.9951717 0.09814989 0 -0.988783 0.1493597 0 -1 0 0 -0.995184 -0.09802603 0 -0.707122 -0.7070915 0 0.09799575 -0.9951869 0 0.707122 -0.7070915 0 0.995184 -0.09802603 0 1 0 0 0.9951717 0.09814989 0 0.9887875 0.1493298 0 0.9238696 0.3827076 0 0.8761766 0.4819902 0 0.7071983 0.7070152 0 0.6223065 0.7827737 0 0.2819647 0.9594248 0 0.05301213 0.9985939 -1.34048e-7 0 1 -1.89316e-7 0 1 2.85744e-7 0 1 -1.89315e-7 0 1 -2.68096e-7 0 1 9.92131e-7 0 1 -8.43001e-7 0 1 0 0 1 1.78024e-7 0 1 3.56048e-7 0 1 0.1950772 -0.9807879 0 -0.3826816 -0.9238803 0 -0.7071068 -0.7071068 0 -0.9238803 -0.3826816 0 -0.9238803 0.3826816 0 -0.7071068 0.7071068 0 -0.3826816 0.9238803 0 0.3826816 0.9238803 0 0.7071068 0.7071068 0 0.9238803 0.3826816 0 0.9238803 -0.3826816 0 0.7071068 -0.7071068 0 0.5555732 -0.8314677 0 -0.4702666 0.7037976 0.5324643 -0.4222345 0.7045991 0.5703142 -0.487734 0.6608413 0.5704422 -0.4223279 0.7045412 0.5703167 -0.4065772 0.823531 0.3955903 -0.4999893 0.8660317 0 -0.1305003 0.9914484 0 -0.4753728 0.8037634 0.3577504 -0.7933484 0.6087679 0 -0.9659304 0.2588022 0 -0.9321719 0.3620162 0 -0.9914444 -0.1305303 0 -0.999936 -0.01132267 0 -0.866024 -0.5000025 0 -0.9194652 -0.3931714 0 -0.6087679 -0.7933484 0 -0.2588022 -0.9659304 0 -0.3304293 -0.9438309 0 0.1305003 -0.9914484 0 0.08301264 -0.9965485 0 0.4999893 -0.8660317 0 0.4982607 -0.8670274 0 0.7933745 -0.608734 0 0.8195344 -0.5730301 0 0.9659304 -0.2588022 0 0.9834923 -0.1809504 0 0.9914484 0.1305003 0 0.9706591 0.2404597 0 0.8660317 0.4999893 0 0.8009768 0.5986955 1.22077e-4 0.6087679 0.7933484 0 0.5105902 0.8598242 0 0.2588022 0.9659304 0 0.1558011 0.9877885 0 0.06540286 0.997859 0 0.7520017 0.6591612 3.05195e-5 0.9470689 0.3210305 0 0.997857 -0.0654332 0 -0.06540286 -0.997859 0 -0.4422504 -0.8968917 0 -0.6918073 -0.7220823 0 -0.8969037 0.4422259 0 -0.59342 0.7254166 0.3487457 -0.3669649 0.7346624 0.5706208 -0.3990097 0.7465026 0.5324707 -0.3512136 0.7425599 0.5703102 -0.3239283 0.782018 0.5324645 -0.3034517 0.7326422 0.6092228 -0.3511869 0.7425679 0.5703163 -0.3512198 0.7425729 0.5702896 -0.3359829 0.7103892 0.6184356 -0.3268907 0.6912285 0.6444731 -0.3437731 0.6826632 0.6448187 -0.2924655 0.7060924 0.6449013 -0.3602797 0.6740176 0.6449022 -0.3931182 0.6558583 0.6444441 -0.4245849 0.6354735 0.644904 -0.3930923 0.6558661 0.6444517 -0.4056092 0.6768394 0.6143041 -0.4405449 0.6593677 0.6092246 -0.4854994 0.662938 0.5699155 -0.4892798 0.6599723 0.5701245 -0.5030731 0.613002 0.6092177 -0.5369784 0.6543232 0.5324617 -0.5302404 0.6908629 0.491481 -0.4207028 0.7871125 0.4510691 -0.2301754 0.7588586 0.6092232 -0.2218437 0.731361 0.6449003 -0.5611354 0.5996513 0.570566 -0.4958443 0.7420727 0.4510728 -0.563332 0.6215636 0.5443488 -0.3415354 0.8245556 0.4510672 -0.2457085 0.8100051 0.5324652 -0.4848306 0.5907939 0.6449047 -0.5607324 0.5607324 0.6092277 -0.5276685 0.7114827 0.4640675 -0.4387135 0.8208444 0.3657116 -0.2507118 0.9445258 0.2121666 -0.1490864 0.749583 0.644902 -0.1546994 0.7777696 0.6092147 -0.581542 0.5270959 0.6196604 -0.2590789 0.8540541 0.4510763 -0.3561617 0.8598848 0.3657143 -0.1651098 0.8301883 0.5324718 -0.5404118 0.5404118 0.6449111 -0.566537 0.5134938 0.6444843 -0.1671813 0.9729355 0.1595211 -0.2605433 0.942833 0.2078059 -0.07489341 0.7605926 0.6448954 -0.07770103 0.7891873 0.6092175 -0.17411 0.8753416 0.4510686 -0.2701524 0.8906607 0.3657068 -0.2120792 0.963619 0.1626683 -0.08295011 0.84238 0.5324616 -0.5740618 0.5048142 0.6446827 -0.2788876 0.9194622 0.277148 0 0.7642643 0.6449033 0 0.7930028 0.6092181 -0.5815404 0.5270639 0.6196891 -0.5907939 0.4848306 0.6449047 -0.08746725 0.8881924 0.4510697 -0.1815568 0.91285 0.3657076 -0.1738084 0.9718928 0.1587928 0 0.8464499 0.5324684 -0.580321 0.5259969 0.6217353 -0.6142077 0.4554445 0.6444527 -0.1874184 0.9423721 0.2771449 -0.1228073 0.9861212 0.111729 0.07489341 0.7605926 0.6448954 0.07770103 0.7891873 0.6092175 -0.6086434 0.5516641 0.5702808 -0.6141802 0.4554772 0.6444558 0 0.8924901 0.451067 -0.09122097 0.9262487 0.365708 -0.1423403 0.9706243 0.1939783 0.08295011 0.84238 0.5324616 -0.614132 0.4555252 0.6444678 -0.09415233 0.9562035 0.2771467 0.1490864 0.749583 0.644902 0.1546994 0.7777696 0.6092147 -0.6141716 0.4555014 0.6444469 0.08746725 0.8881924 0.4510697 0 0.9307305 0.3657062 -0.1916604 0.9636432 0.186167 -0.163275 0.9522141 0.2581272 0.1651098 0.8301883 0.5324718 0 0.9608288 0.2771428 -0.09628653 0.9777893 0.1861642 -0.1387121 0.9045125 0.4032569 0.2218437 0.731361 0.6449003 0.2301796 0.7588727 0.609204 -0.6354735 0.4245849 0.644904 0.17411 0.8753416 0.4510686 0.09122097 0.9262487 0.365708 -0.1942232 0.9764873 0.09354084 -0.2852059 0.940218 0.1861392 0 0.7932555 0.6088889 0.2457085 0.8100051 0.5324652 0.09415233 0.9562035 0.2771467 0 0.9825187 0.186164 -0.09756857 0.9908233 0.09354007 -0.2890154 0.9527435 0.09354084 -0.3331512 0.93109 0.1485996 0 0.7071373 0.7070763 0.2924655 0.7060924 0.6449013 0.3034517 0.7326422 0.6092228 -0.674025 0.3602532 0.6449093 0.2590789 0.8540541 0.4510763 0.1815568 0.91285 0.3657076 -0.1948624 0.9797142 0.04678529 -0.2899634 0.9558935 0.04678601 0 0.5555732 0.8314677 0.3239283 0.782018 0.5324645 0.1874184 0.9423721 0.2771449 0.09628653 0.9777893 0.1861642 0 0.9956156 0.09354019 -0.09790492 0.9940955 0.04678559 -0.3822534 0.9228709 0.04681646 -0.3809952 0.9198331 0.09353977 3.05187e-5 0.556326 0.8309641 0.3268907 0.6912285 0.6444731 0.3512136 0.7425599 0.5703102 -0.7060924 0.2924655 0.6449013 0.3415354 0.8245556 0.4510672 0.2701524 0.8906607 0.3657068 -0.3706527 0.9181933 0.1397768 1.52594e-4 0.5091766 0.8606622 0.3437731 0.6826632 0.6448187 0.3359829 0.7103892 0.6184356 0.3511869 0.7425679 0.5703163 0.3990097 0.7465026 0.5324707 0.2788876 0.9194622 0.277148 0.1916604 0.9636432 0.186167 0.09756857 0.9908233 0.09354007 0 0.998905 0.04678499 -0.4708752 0.8809568 0.04681587 -0.4231805 0.8952224 0.1396257 0.3602797 0.6740176 0.6449022 0.3512198 0.7425729 0.5702896 -0.731361 0.2218437 0.6449003 0.4207028 0.7871125 0.4510691 0.3561617 0.8598848 0.3657143 -0.4693199 0.8780598 0.09354048 -0.4233288 0.8951524 0.1396243 0.3931182 0.6558583 0.6444441 0.3669649 0.7346624 0.5706208 0.4702666 0.7037976 0.5324643 0.3676976 0.887687 0.2771466 0.2852042 0.9402126 0.1861686 0.1942232 0.9764873 0.09354084 0.09790492 0.9940955 0.04678559 -0.554965 0.8305554 0.04681676 0 0.1678524 0.9858122 0.5235936 0.7529481 0.3986465 -0.749583 0.1490864 0.644902 0.4753728 0.8037634 0.3577504 0.4958443 0.7420727 0.4510728 0.4387382 0.8208335 0.3657067 -0.553127 0.8278289 0.09354084 -0.4667313 0.8732786 0.1398088 0.4245849 0.6354735 0.644904 0.3477067 0.870747 0.3477067 0.5369891 0.6543058 0.5324723 0.4529381 0.8473706 0.2771465 0.3759947 0.9077281 0.1861662 0.2890154 0.9527435 0.09354084 0.1948624 0.9797142 0.04678529 -0.6336978 0.7721628 0.04681622 0.4999893 0.8660317 0 -0.7605926 0.07489341 0.6448954 0.1305003 0.9914484 0 0.4223279 0.7045412 0.5703167 0.487734 0.6608413 0.5704422 0.5661846 0.6899079 0.4510678 0.5170851 0.7738728 0.3657103 -0.6315957 0.7696342 0.09354144 -0.5501043 0.82331 0.1398074 0.3930923 0.6558661 0.6444517 0.7933484 0.6087679 0 -0.2588022 0.9659304 0 0.4222345 0.7045991 0.5703142 0.5030731 0.613002 0.6092177 0.5985338 0.5985338 0.5324608 0.5338096 0.7988985 0.277144 0.4631596 0.8665016 0.1861672 0.3809952 0.9198331 0.09353977 0.289963 0.9558921 0.04681646 -0.7063315 0.7063315 0.04681611 0.4405449 0.6593677 0.6092246 -0.7642643 0 0.6449033 -0.1558011 0.9877885 0 0.4892883 0.6599838 0.5701039 0.5607324 0.5607324 0.6092277 0.6310819 0.6310819 0.451078 0.5904538 0.7194582 0.3657108 -0.7040065 0.7040065 0.09353995 -0.6281697 0.765413 0.1398069 0.4848306 0.5907939 0.6449047 0.4056092 0.6768394 0.6143041 -0.6087679 0.7933484 0 0.4855298 0.6629683 0.5698543 0.5404118 0.5404118 0.6449111 0.613002 0.5030731 0.6092177 0.6543058 0.5369891 0.5324723 0.6095274 0.7427433 0.277144 0.5458406 0.8169451 0.1861687 0.4693199 0.8780598 0.09354048 0.3822534 0.9228709 0.04681646 -0.7721628 0.6336978 0.04681622 -0.7605926 -0.07489341 0.6448954 -0.5105902 0.8598242 0 0.5907939 0.4848306 0.6449047 0.6899079 0.5661846 0.4510678 0.6581232 0.6581232 0.3657155 -0.7696342 0.6315957 0.09354144 -0.7001622 0.7001622 0.1398066 -0.7520017 0.6591612 3.05195e-5 0.6354735 0.4245849 0.644904 0.6593588 0.4405695 0.6092164 0.7037976 0.4702666 0.5324643 0.6794089 0.6794089 0.277141 0.6232954 0.759503 0.1861676 0.553127 0.8278289 0.09354084 0.4708752 0.8809568 0.04681587 -0.8305554 0.554965 0.04681676 -0.749583 -0.1490864 0.644902 -0.8009768 0.5986955 1.22077e-4 0.7420727 0.4958443 0.4510728 0.7194582 0.5904538 0.3657108 -0.8278289 0.553127 0.09354084 -0.765413 0.6281697 0.1398069 -0.8660317 0.4999893 0 0.674025 0.3602532 0.6449093 0.6993747 0.3737974 0.6092214 0.7465026 0.3990097 0.5324707 0.7427433 0.6095274 0.277144 0.694745 0.694745 0.1861687 0.6315957 0.7696342 0.09354144 0.554965 0.8305554 0.04681676 -0.8809568 0.4708752 0.04681587 -0.731361 -0.2218437 0.6449003 -0.9470689 0.3210305 0 0.7871125 0.4207028 0.4510691 0.7738728 0.5170851 0.3657103 -0.8780598 0.4693199 0.09354048 -0.82331 0.5501043 0.1398074 -0.9706591 0.2404597 0 0.7060924 0.2924655 0.6449013 0.7326422 0.3034517 0.6092228 0.782018 0.3239283 0.5324645 0.7988985 0.5338096 0.277144 0.759503 0.6232954 0.1861676 0.7040065 0.7040065 0.09353995 0.6336978 0.7721628 0.04681622 -0.9228709 0.3822534 0.04681646 -0.7060924 -0.2924655 0.6449013 -0.9914484 0.1305003 0 0.8245556 0.3415354 0.4510672 0.8208335 0.4387382 0.3657067 -0.9198331 0.3809952 0.09353977 -0.8732662 0.4667552 0.1398068 -0.997857 -0.0654332 0 0.731361 0.2218437 0.6449003 0.7588586 0.2301754 0.6092232 0.8100051 0.2457085 0.5324652 0.8473706 0.4529381 0.2771465 0.8169451 0.5458406 0.1861687 0.7696342 0.6315957 0.09354144 0.7063315 0.7063315 0.04681611 -0.9558921 0.289963 0.04681646 -0.6740176 -0.3602797 0.6449022 -0.9834923 -0.1809504 0 0.8540541 0.2590789 0.4510763 0.8598848 0.3561617 0.3657143 -0.9527435 0.2890154 0.09354084 -0.9148065 0.3789237 0.1398074 -0.9659304 -0.2588022 0 0.749583 0.1490864 0.644902 0.7777696 0.1546994 0.6092147 0.8301883 0.1651098 0.5324718 0.887687 0.3676976 0.2771466 0.8665016 0.4631596 0.1861672 0.8278289 0.553127 0.09354084 0.7721628 0.6336978 0.04681622 -0.9797142 0.1948624 0.04678529 -0.6354735 -0.4245849 0.644904 -0.7933745 -0.608734 0 0.8753416 0.17411 0.4510686 0.8906607 0.2701524 0.3657068 -0.9764873 0.1942232 0.09354084 -0.9475448 0.2874252 0.1398062 -0.8195344 -0.5730301 0 0.7605926 0.07489341 0.6448954 0.7891873 0.07770103 0.6092175 0.84238 0.08295011 0.5324616 0.9194544 0.2789157 0.2771456 0.9077281 0.3759947 0.1861662 0.8780598 0.4693199 0.09354048 0.8305554 0.554965 0.04681676 -0.9940955 0.09790492 0.04678559 -0.6141716 -0.4555014 0.6444469 -0.5000025 -0.866024 0 0.8881924 0.08746725 0.4510697 0.91285 0.1815568 0.3657076 -0.9908233 0.09756857 0.09354007 -0.971156 0.1931569 0.1398091 -0.5907939 -0.4848306 0.6449047 -0.4982607 -0.8670274 0 0.7637236 0.0375086 0.6444528 0.8204422 0.04028505 0.5703085 0.8465446 0 0.5323178 0.9423721 0.1874184 0.2771449 0.9402126 0.2852042 0.1861686 0.9198331 0.3809952 0.09353977 0.8809568 0.4708752 0.04681587 -0.998905 0 0.04678499 -0.1305003 -0.9914484 0 0.7637364 0.03750777 0.6444379 0.7853451 0.03854548 0.6178569 0.9186587 -0.04257428 0.3927517 0.8924901 0 0.451067 0.9262487 0.09122097 0.365708 -0.9956156 0 0.09354019 -0.9854108 0.09705173 0.1398094 -0.614113 -0.4555338 0.6444799 -0.08301264 -0.9965485 0 0.7642643 0 0.6449033 0.9297656 0 0.3681524 0.84238 -0.08295011 0.5324616 0.9562035 0.09415233 0.2771467 0.9636432 0.1916604 0.186167 0.9527435 0.2890154 0.09354084 0.9228709 0.3822534 0.04681646 -0.9940955 -0.09790492 0.04678559 -0.6141802 -0.4554772 0.6444558 0.2588022 -0.9659304 0 0.9305822 0.1174672 0.3467252 0.8881924 -0.08746725 0.4510697 0.9307305 0 0.3657062 -0.9908233 -0.09756857 0.09354007 -0.990179 0 0.1398061 -0.6142077 -0.4554445 0.6444527 0.06540286 -0.997859 0 0.7637364 -0.03750777 0.6444379 0.8204422 -0.04028505 0.5703085 0.8301883 -0.1651098 0.5324718 0.9608288 0 0.2771428 0.9777893 0.09628653 0.1861642 0.9764873 0.1942232 0.09354084 0.9558935 0.2899634 0.04678601 -0.9797142 -0.1948624 0.04678529 -0.5740618 -0.5048142 0.6446827 0.3304293 -0.9438309 0 0.7605926 -0.07489341 0.6448954 0.7777696 -0.1546994 0.6092147 0.8753416 -0.17411 0.4510686 0.9262487 -0.09122097 0.365708 -0.9764873 -0.1942232 0.09354084 -0.9854108 -0.09705173 0.1398094 0 -0.1678524 0.9858122 -0.5404118 -0.5404118 0.6449111 0.6087679 -0.7933484 0 0.7637236 -0.0375086 0.6444528 0.7786098 0.6275084 0 0.7891873 -0.07770103 0.6092175 0.7588727 -0.2301796 0.609204 0.8100051 -0.2457085 0.5324652 0.9562035 -0.09415233 0.2771467 0.9825187 0 0.186164 0.9908233 0.09756857 0.09354007 0.9797142 0.1948624 0.04678529 -0.9558935 -0.2899634 0.04678601 -0.566537 -0.5134938 0.6444843 0.4422504 -0.8968917 0 0.749583 -0.1490864 0.644902 0.731361 -0.2218437 0.6449003 0.8540541 -0.2590789 0.4510763 0.91285 -0.1815568 0.3657076 -0.9527435 -0.2890154 0.09354084 -0.971156 -0.1931569 0.1398091 1.52598e-4 -0.5092485 0.8606196 -0.5815404 -0.5270639 0.6196891 -0.5607324 -0.5607324 0.6092277 0.6918073 -0.7220823 0 0.7853451 -0.03854548 0.6178569 0.4897627 0.8718558 0 0.7060924 -0.2924655 0.6449013 0.7326422 -0.3034517 0.6092228 0.782018 -0.3239283 0.5324645 0.9423721 -0.1874184 0.2771449 0.9777893 -0.09628653 0.1861642 0.9956156 0 0.09354019 0.9940955 0.09790492 0.04678559 -0.9228709 -0.3822534 0.04681646 0 -0.7071373 0.7070763 -0.580321 -0.5259969 0.6217353 -0.581542 -0.5270959 0.6196604 -0.5030731 -0.613002 0.6092177 0.8660317 -0.4999893 0 0.8245556 -0.3415354 0.4510672 0.8906607 -0.2701524 0.3657068 -0.9198331 -0.3809952 0.09353977 -0.9475448 -0.2874252 0.1398062 3.0519e-5 -0.5563613 0.8309406 -0.6086434 -0.5516641 0.5702808 -0.5611354 -0.5996513 0.570566 -0.4848306 -0.5907939 0.6449047 0.9194652 -0.3931714 0 0.1196049 0.9928216 0 0.6740176 -0.3602797 0.6449022 0.6993667 -0.3738237 0.6092144 0.7465026 -0.3990097 0.5324707 0.9194622 -0.2788876 0.277148 0.9636432 -0.1916604 0.186167 0.9908233 -0.09756857 0.09354007 0.998905 0 0.04678499 -0.8809568 -0.4708752 0.04681587 0 -0.5555732 0.8314677 -0.5369784 -0.6543232 0.5324617 -0.4405449 -0.6593677 0.6092246 0.9914444 -0.1305303 0 0.7871125 -0.4207028 0.4510691 0.8598848 -0.3561617 0.3657143 -0.8780598 -0.4693199 0.09354048 -0.9148065 -0.3789237 0.1398074 -0.563332 -0.6215636 0.5443488 -0.487734 -0.6608413 0.5704422 -0.4855298 -0.6629683 0.5698543 -0.4245849 -0.6354735 0.644904 0.999936 -0.01132267 0 -0.27821 0.9605203 0 0.6354735 -0.4245849 0.644904 0.6593588 -0.4405695 0.6092164 0.7037976 -0.4702666 0.5324643 0.887687 -0.3676976 0.2771466 0.9402126 -0.2852042 0.1861686 0.9764873 -0.1942232 0.09354084 0.9940955 -0.09790492 0.04678559 -0.8305554 -0.554965 0.04681676 -0.5302404 -0.6908629 0.491481 -0.4702666 -0.7037976 0.5324643 -0.4892883 -0.6599838 0.5701039 -0.4056092 -0.6768394 0.6143041 -0.3930923 -0.6558661 0.6444517 0.9659304 0.2588022 0 -0.5555732 0.8314677 0 0.7420727 -0.4958443 0.4510728 0.8208335 -0.4387382 0.3657067 -0.8278289 -0.553127 0.09354084 -0.8732662 -0.4667552 0.1398068 -0.4222345 -0.7045991 0.5703142 -0.3931182 -0.6558583 0.6444441 0.9321719 0.3620162 0 -0.6502659 0.7597067 0 0.5907939 -0.4848306 0.6449047 0.613002 -0.5030731 0.6092177 0.6543058 -0.5369891 0.5324723 0.8473706 -0.4529381 0.2771465 0.9077281 -0.3759947 0.1861662 0.9527435 -0.2890154 0.09354084 0.9797142 -0.1948624 0.04678529 -0.7721628 -0.6336978 0.04681622 -0.4958443 -0.7420727 0.4510728 -0.4223279 -0.7045412 0.5703167 0.6899079 -0.5661846 0.4510678 0.7738728 -0.5170851 0.3657103 -0.7696195 -0.6316141 0.09353965 -0.82331 -0.5501043 0.1398074 -0.5276685 -0.7114827 0.4640675 -0.4207028 -0.7871125 0.4510691 -0.3477067 -0.870747 0.3477067 -0.3602797 -0.6740176 0.6449022 0.8969037 0.4422259 0 0.5404118 -0.5404118 0.6449111 0.5607324 -0.5607324 0.6092277 0.5985338 -0.5985338 0.5324608 0.7988985 -0.5338096 0.277144 0.8665016 -0.4631596 0.1861672 0.9198331 -0.3809952 0.09353977 0.9558921 -0.289963 0.04681646 -0.7063315 -0.7063315 0.04681611 -0.4822655 -0.775159 0.4081037 -0.3990097 -0.7465026 0.5324707 -0.4753728 -0.8037634 0.3577504 0.8969098 0.4422138 0 -0.9075499 0.4199444 0 0.6310819 -0.6310819 0.451078 0.7194582 -0.5904538 0.3657108 -0.7040065 -0.7040065 0.09353995 -0.765413 -0.6281697 0.1398069 -0.4387184 -0.8208536 0.3656851 -0.3415354 -0.8245556 0.4510672 -0.3437731 -0.6826632 0.6448187 0.4848306 -0.5907939 0.6449047 0.5030731 -0.613002 0.6092177 0.5369891 -0.6543058 0.5324723 0.7427433 -0.6095274 0.277144 0.8169451 -0.5458406 0.1861687 0.8780598 -0.4693199 0.09354048 0.9228709 -0.3822534 0.04681646 -0.6336978 -0.7721628 0.04681622 -0.2605433 -0.942833 0.2078059 -0.3561617 -0.8598848 0.3657143 -0.3239283 -0.782018 0.5324645 -0.5235936 -0.7529481 0.3986465 -0.4999893 -0.8660317 0 -0.2924655 -0.7060924 0.6449013 0.5661846 -0.6899079 0.4510678 0.6581232 -0.6581232 0.3657155 -0.6315957 -0.7696342 0.09354144 -0.7001622 -0.7001622 0.1398066 -0.2121083 -0.9636127 0.1626672 -0.2701524 -0.8906607 0.3657068 -0.2590789 -0.8540541 0.4510763 -0.3512136 -0.7425599 0.5703102 -0.3669649 -0.7346624 0.5706208 0.1558011 -0.9877885 0 -0.3268907 -0.6912285 0.6444731 0.4245849 -0.6354735 0.644904 0.487734 -0.6608413 0.5704422 0.4702666 -0.7037976 0.5324643 0.6794089 -0.6794089 0.277141 0.759503 -0.6232954 0.1861676 0.8278289 -0.553127 0.09354084 0.8809568 -0.4708752 0.04681587 -0.554965 -0.8305554 0.04681676 -0.1671813 -0.9729355 0.1595211 -0.2457085 -0.8100051 0.5324652 -0.7933484 -0.6087679 0 -0.3034517 -0.7326422 0.6092228 -0.9075499 -0.4199444 0 0.4405449 -0.6593677 0.6092246 0.4892798 -0.6599723 0.5701245 0.4958443 -0.7420727 0.4510728 0.5904538 -0.7194582 0.3657108 -0.553127 -0.8278289 0.09354084 -0.6281697 -0.765413 0.1398069 -0.2788876 -0.9194622 0.277148 -0.1815568 -0.91285 0.3657076 -0.17411 -0.8753416 0.4510686 0.5105902 -0.8598242 0 -0.3359829 -0.7103892 0.6184356 -0.2301796 -0.7588727 0.609204 0.3930923 -0.6558661 0.6444517 0.4854994 -0.662938 0.5699155 0.4222345 -0.7045991 0.5703142 0.3990097 -0.7465026 0.5324707 0.6095274 -0.7427433 0.277144 0.694745 -0.694745 0.1861687 0.7696342 -0.6315957 0.09354144 0.8305554 -0.554965 0.04681676 -0.4708752 -0.8809568 0.04681587 -0.1738084 -0.9718928 0.1587928 -0.1874184 -0.9423721 0.2771449 -0.1651098 -0.8301883 0.5324718 -0.3511869 -0.7425679 0.5703163 0.7520017 -0.6591612 3.05195e-5 -0.3512198 -0.7425729 0.5702896 -0.2218437 -0.731361 0.6449003 -0.6502659 -0.7597067 0 0.3931182 -0.6558583 0.6444441 0.4056092 -0.6768394 0.6143041 0.4223279 -0.7045412 0.5703167 0.4753728 -0.8037634 0.3577504 0.4207028 -0.7871125 0.4510691 0.5170851 -0.7738728 0.3657103 -0.4693199 -0.8780598 0.09354048 -0.5501043 -0.82331 0.1398074 -0.1228073 -0.9861212 0.111729 -0.09415233 -0.9562035 0.2771467 -0.09122097 -0.9262487 0.365708 -0.08746725 -0.8881924 0.4510697 0.8009768 -0.5986955 1.22077e-4 -0.1546994 -0.7777696 0.6092147 0.4065772 -0.823531 0.3955903 0.59342 -0.7254166 0.3487457 0.3239283 -0.782018 0.5324645 0.5338096 -0.7988985 0.277144 0.6232954 -0.759503 0.1861676 0.7040065 -0.7040065 0.09353995 0.7721628 -0.6336978 0.04681622 -0.3822534 -0.9228709 0.04681646 -0.1423403 -0.9706243 0.1939783 -0.09628653 -0.9777893 0.1861642 -0.08295011 -0.84238 0.5324616 -0.1490864 -0.749583 0.644902 -0.5555732 -0.8314677 0 0.3602797 -0.6740176 0.6449022 0.7933484 -0.6087679 0 0.3669649 -0.7346624 0.5706208 0.3512136 -0.7425599 0.5703102 0.3415354 -0.8245556 0.4510672 0.4387382 -0.8208335 0.3657067 -0.3809952 -0.9198331 0.09353977 -0.4667313 -0.8732786 0.1398088 -0.163275 -0.9522141 0.2581272 -0.1916604 -0.9636432 0.186167 0 -0.9825187 0.186164 0 -0.9608288 0.2771428 0 -0.9307305 0.3657062 0 -0.8924901 0.451067 0.9470689 -0.3210305 0 -0.07770103 -0.7891873 0.6092175 -0.27821 -0.9605203 0 0.8969037 -0.4422259 0 0.2457085 -0.8100051 0.5324652 0.4529381 -0.8473706 0.2771465 0.5458406 -0.8169451 0.1861687 0.6315957 -0.7696342 0.09354144 0.7063315 -0.7063315 0.04681611 -0.289963 -0.9558921 0.04681646 -0.4233288 -0.8951524 0.1396243 -0.09756857 -0.9908233 0.09354007 0 -0.9956156 0.09354019 0 -0.8464499 0.5324684 0.9706591 -0.2404597 0 -0.07489341 -0.7605926 0.6448954 0.3437731 -0.6826632 0.6448187 0.9321719 -0.3620162 0 0.3034517 -0.7326422 0.6092228 0.2301754 -0.7588586 0.6092232 0.2590789 -0.8540541 0.4510763 0.3561617 -0.8598848 0.3657143 -0.2890154 -0.9527435 0.09354084 -0.4231554 -0.8952339 0.1396275 -0.1276912 -0.9020784 0.4122496 -0.2852059 -0.940218 0.1861392 -0.1942232 -0.9764873 0.09354084 0.09756857 -0.9908233 0.09354007 0.09628653 -0.9777893 0.1861642 0.09415233 -0.9562035 0.2771467 0.09122097 -0.9262487 0.365708 0.08746725 -0.8881924 0.4510697 0.9914484 -0.1305003 0 0 -0.7930028 0.6092181 0.1196049 -0.9928216 0 0.2924655 -0.7060924 0.6449013 0.3511869 -0.7425679 0.5703163 0.1546994 -0.7777696 0.6092147 0.1651098 -0.8301883 0.5324718 0.3676976 -0.887687 0.2771466 0.4631596 -0.8665016 0.1861672 0.553127 -0.8278289 0.09354084 0.6336978 -0.7721628 0.04681622 -0.1948624 -0.9797142 0.04678529 -0.3332089 -0.9312636 0.1473773 -0.3706527 -0.9181933 0.1397768 -0.2027074 -0.9065676 0.3701958 -0.09790492 -0.9940955 0.04678559 0 -0.998905 0.04678499 0.09790492 -0.9940955 0.04678559 0.08295011 -0.84238 0.5324616 0.997857 0.0654332 0 0 -0.7642643 0.6449033 0.3826816 -0.9238803 0 0.3268907 -0.6912285 0.6444731 0.9914444 0.1305303 0 0.3512198 -0.7425729 0.5702896 0.2218437 -0.731361 0.6449003 0.1490864 -0.749583 0.644902 0.17411 -0.8753416 0.4510686 0.2701524 -0.8906607 0.3657068 0.1948624 -0.9797142 0.04678529 0.1942232 -0.9764873 0.09354084 0.1916604 -0.9636432 0.186167 0.1874184 -0.9423721 0.2771449 0.1815568 -0.91285 0.3657076 0.9834923 0.1809504 0 0.07770103 -0.7891873 0.6092175 0.4897395 -0.8718689 0 0.999936 0.01132267 0 0.3359829 -0.7103892 0.6184356 0.07489341 -0.7605926 0.6448954 0.2789157 -0.9194544 0.2771456 0.3759947 -0.9077281 0.1861662 0.4693199 -0.8780598 0.09354048 0.554965 -0.8305554 0.04681676 0.866024 0.5000025 0 0.2899634 -0.9558935 0.04678601 0.2890154 -0.9527435 0.09354084 0.2852042 -0.9402126 0.1861686 0.7933745 0.608734 0 0.7786098 -0.6275084 0 0.9194652 0.3931714 0 0.3809952 -0.9198331 0.09353977 0.4708752 -0.8809568 0.04681587 0.8195344 0.5730301 0 0.3822534 -0.9228709 0.04681646 0.5000025 0.866024 0 0.8314677 -0.5555732 0 0.6918073 0.7220823 0 0.4982607 0.8670274 0 0.4422504 0.8968917 0 0.3304293 0.9438309 0 0.08301264 0.9965485 0 -0.06540286 0.997859 0 -0.08301264 0.9965485 0 -0.3304293 0.9438309 0 -0.4422504 0.8968917 0 -0.4982607 0.8670274 0 -0.6918073 0.7220823 0 -0.7933745 0.608734 0 -0.8195344 0.5730301 0 -0.9194652 0.3931714 0 -0.9914444 0.1305303 0 -0.9834923 0.1809504 0 -0.999936 0.01132267 0 -0.9914484 -0.1305003 0 -0.997857 0.0654332 0 -0.9321719 -0.3620162 0 -0.9706591 -0.2404597 0 -0.8660317 -0.4999893 0 -0.8969037 -0.4422259 0 -0.9470689 -0.3210305 0 -0.8969098 -0.4422138 0 -0.8009768 -0.5986955 1.22077e-4 -0.7520017 -0.6591612 3.05195e-5 -0.5105902 -0.8598242 0 -0.1558011 -0.9877885 0 0.04904407 -0.9987967 0 0.09799575 -0.9951869 0 0.290264 -0.9569466 0 0.4714023 -0.8819184 0 0.6343938 -0.7730101 0 0.7730101 -0.6343938 0 0.8819184 -0.4714023 0 0.9569466 -0.290264 0 0.9807879 -0.1950772 0 0.9951869 -0.09799575 0 0.9951869 0.09799575 0 0.9807879 0.1950772 0 0.9569466 0.290264 0 0.8819184 0.4714023 0 0.8314677 0.5555732 0 0.7730101 0.6343938 0 0.6343938 0.7730101 0 0.5555732 0.8314677 0 0.4714023 0.8819184 0 0.290264 0.9569466 0 0.1950772 0.9807879 0 0.09799575 0.9951869 0 -0.09799575 0.9951869 0 -0.1950772 0.9807879 0 -0.290264 0.9569466 0 -0.4714023 0.8819184 0 -0.6343938 0.7730101 0 -0.7730101 0.6343938 0 -0.8314677 0.5555732 0 -0.8819184 0.4714023 0 -0.9569466 0.290264 0 -0.9807879 0.1950772 0 -0.9951869 0.09799575 0 -0.9951869 -0.09799575 0 -0.9807879 -0.1950772 0 -0.9569466 -0.290264 0 -0.8819184 -0.4714023 0 -0.8314677 -0.5555732 0 -0.7730101 -0.6343938 0 -0.6343938 -0.7730101 0 -0.4714023 -0.8819184 0 -0.290264 -0.9569466 0 -0.1950772 -0.9807879 0 -0.09799575 -0.9951869 0 -0.04904407 -0.9987967 0</float_array>
          <technique_common>
            <accessor source="#Mesh-1_009-mesh-normals-array" count="955" stride="3">
              <param name="X" type="float"/>
              <param name="Y" type="float"/>
              <param name="Z" type="float"/>
            </accessor>
          </technique_common>
        </source>
        <vertices id="Mesh-1_009-mesh-vertices">
          <input semantic="POSITION" source="#Mesh-1_009-mesh-positions"/>
        </vertices>
        <triangles material="Material_015-material" count="1802">
          <input semantic="VERTEX" source="#Mesh-1_009-mesh-vertices" offset="0"/>
          <input semantic="NORMAL" source="#Mesh-1_009-mesh-normals" offset="1"/>
          <p>8 0 10 0 0 0 8 0 9 0 10 0 4 1 8 1 0 1 3 2 4 2 0 2 7 0 3 0 2 0 15 0 16 0 7 0 2 0 15 0 7 0 1 0 14 0 2 0 13 0 14 0 6 0 18 0 19 0 13 0 6 0 18 0 13 0 5 0 6 0 1 0 11 0 12 0 5 0 17 0 11 0 1 0 0 0 1 0 2 0 2 0 3 0 0 0 6 0 14 0 1 0 1 3 11 3 5 3 28 4 30 4 20 4 28 5 29 5 30 5 24 6 28 6 20 6 23 7 24 7 20 7 27 6 23 6 22 6 35 6 36 6 27 6 22 6 35 6 27 6 21 6 34 6 22 6 33 8 34 8 26 8 38 6 39 6 33 6 26 6 38 6 33 6 25 9 26 9 21 9 31 10 32 10 25 10 37 6 31 6 21 6 20 6 21 6 22 6 22 6 23 6 20 6 26 6 34 6 21 6 21 6 31 6 25 6 40 11 41 12 62 12 40 11 62 12 61 11 41 12 42 13 63 13 41 12 63 13 62 12 42 13 43 14 64 14 42 13 64 14 63 13 43 14 44 15 65 16 43 14 65 16 64 14 44 15 45 17 66 17 44 15 66 17 65 16 45 17 46 18 67 18 45 17 67 18 66 17 46 18 47 19 68 19 46 18 68 19 67 18 47 19 48 20 69 20 47 19 69 20 68 19 48 20 49 21 70 21 48 20 70 21 69 20 49 21 50 22 71 22 49 21 71 22 70 21 50 22 51 23 72 23 50 22 72 23 71 22 51 23 52 24 73 24 51 23 73 24 72 23 52 24 53 25 74 25 52 24 74 25 73 24 53 25 54 26 75 26 53 25 75 26 74 25 54 26 55 27 76 27 54 26 76 27 75 26 55 27 56 28 77 28 55 27 77 28 76 27 56 28 57 29 78 30 56 28 78 30 77 28 57 29 58 31 79 31 57 29 79 31 78 30 58 31 59 32 80 32 58 31 80 32 79 31 59 32 60 33 81 33 59 32 81 33 80 32 83 34 84 34 82 34 86 35 87 35 85 35 89 36 90 36 88 36 92 37 93 37 91 37 103 0 94 0 109 0 102 0 103 0 110 0 101 0 102 0 110 0 112 0 100 0 101 0 99 0 100 0 113 0 99 0 113 0 118 0 117 0 118 0 119 0 119 38 118 38 113 38 113 39 100 39 112 39 111 40 112 40 101 40 111 0 101 0 110 0 103 41 109 41 110 41 94 0 108 0 109 0 107 0 108 0 94 0 96 0 106 0 107 0 105 0 106 0 96 0 97 0 104 0 105 0 104 42 114 42 116 42 114 43 115 43 116 43 98 0 114 0 104 0 97 0 98 0 104 0 97 0 105 0 96 0 95 0 96 0 107 0 95 0 107 0 94 0 121 44 122 44 120 44 130 45 138 45 123 45 129 46 130 46 131 46 135 46 131 46 134 46 132 46 133 46 134 46 128 47 137 47 132 47 126 46 127 46 128 46 136 46 126 46 125 46 123 46 124 46 125 46 123 48 125 48 130 48 131 46 130 46 126 46 134 49 131 49 132 49 128 50 132 50 131 50 126 46 128 46 131 46 130 51 125 51 126 51 152 52 139 52 144 52 142 46 143 46 144 46 153 46 142 46 150 46 149 46 150 46 146 46 145 53 146 53 142 53 148 54 154 54 145 54 147 55 148 55 141 55 151 46 147 46 141 46 139 46 140 46 141 46 144 46 139 46 142 46 146 46 150 46 142 46 145 56 142 56 148 56 141 57 148 57 139 57 139 58 148 58 142 58 155 46 156 46 157 46 168 46 157 46 165 46 164 59 165 59 157 59 164 46 157 46 163 46 161 60 162 60 163 60 166 61 167 61 161 61 159 46 170 46 166 46 158 46 159 46 160 46 156 46 169 46 160 46 156 46 159 46 157 46 163 62 157 62 159 62 161 63 163 63 159 63 166 46 161 46 159 46 156 46 160 46 159 46 178 64 186 64 171 64 177 46 178 46 179 46 183 46 179 46 182 46 180 46 181 46 182 46 176 65 185 65 180 65 174 46 175 46 176 46 184 46 174 46 173 46 171 46 172 46 173 46 171 66 173 66 178 66 179 46 178 46 174 46 182 67 179 67 180 67 176 68 180 68 179 68 174 46 176 46 179 46 178 69 173 69 174 69 219 46 247 46 187 46 218 46 219 46 220 46 220 46 219 46 195 46 194 70 195 70 196 70 198 71 199 71 194 71 203 72 198 72 196 72 240 73 250 73 196 73 239 46 240 46 212 46 241 46 239 46 212 46 211 46 212 46 210 46 214 46 211 46 210 46 213 46 210 46 209 46 208 74 209 74 210 74 238 75 208 75 235 75 234 76 235 76 208 76 236 46 237 46 234 46 246 46 236 46 232 46 231 46 232 46 216 46 233 77 231 77 216 77 215 78 216 78 206 78 217 46 215 46 206 46 205 46 206 46 207 46 243 46 207 46 230 46 242 46 243 46 230 46 244 46 242 46 230 46 229 79 230 79 192 79 197 79 192 79 191 79 190 80 191 80 192 80 249 46 190 46 201 46 200 46 201 46 202 46 204 46 200 46 202 46 248 46 202 46 225 46 224 81 225 81 226 81 227 82 228 82 224 82 226 83 227 83 224 83 222 46 245 46 226 46 221 46 222 46 223 46 189 46 223 46 187 46 193 75 189 75 188 75 187 46 188 46 189 46 187 46 222 46 219 46 195 84 219 84 222 84 196 46 198 46 194 46 195 46 222 46 196 46 212 85 240 85 196 85 212 46 196 46 210 46 208 46 210 46 234 46 236 46 234 46 210 46 232 46 236 46 206 46 206 46 216 46 232 46 207 46 206 46 230 46 192 46 230 46 190 46 202 86 201 86 190 86 226 46 225 46 202 46 226 46 202 46 222 46 223 46 222 46 187 46 210 46 196 46 222 46 236 46 210 46 206 46 190 46 230 46 206 46 202 46 190 46 206 46 202 46 206 46 222 46 206 46 210 46 222 46 256 11 313 11 251 11 254 11 255 11 256 11 312 11 254 11 272 11 271 11 272 11 273 11 308 11 273 11 260 11 264 11 265 11 260 11 259 11 264 11 260 11 258 11 259 11 260 11 286 11 258 11 280 11 279 11 280 11 258 11 304 11 306 11 279 11 304 11 305 11 306 11 268 11 304 11 266 11 274 11 268 11 267 11 266 11 267 11 268 11 298 11 310 11 266 11 297 11 298 11 299 11 300 11 301 11 299 11 309 11 300 11 263 11 269 11 270 11 263 11 262 11 269 11 263 11 261 11 262 11 263 11 291 11 292 11 261 11 288 11 291 11 261 11 287 11 288 11 261 11 295 11 307 11 287 11 293 11 294 11 295 11 303 11 311 11 293 11 302 11 303 11 284 11 283 11 284 11 285 11 296 11 285 11 290 11 289 11 290 11 285 11 314 11 289 11 276 11 275 11 276 11 253 11 253 11 278 11 275 11 277 11 278 11 253 11 281 11 282 11 277 11 253 11 281 11 277 11 257 11 253 11 252 11 251 11 252 11 253 11 256 11 251 11 254 11 272 11 254 11 260 11 273 11 272 11 260 11 258 11 260 11 254 11 279 11 258 11 304 11 266 11 304 11 258 11 298 11 266 11 299 11 300 11 299 11 263 11 251 11 261 11 263 11 295 11 287 11 261 11 293 11 295 11 303 11 284 11 303 11 276 11 276 11 285 11 284 11 289 11 285 11 276 11 251 11 253 11 276 11 254 11 251 11 258 11 258 11 251 11 266 11 299 11 266 11 263 11 276 11 261 11 251 11 263 11 266 11 251 11 295 11 261 11 276 11 303 11 295 11 276 11 323 87 325 87 315 87 323 88 324 88 325 88 319 0 323 0 315 0 318 89 319 89 315 89 322 0 318 0 317 0 330 0 331 0 322 0 317 0 330 0 322 0 316 0 329 0 317 0 328 90 329 90 321 90 333 0 334 0 328 0 321 0 333 0 328 0 320 91 321 91 316 91 326 92 327 92 320 92 332 0 326 0 316 0 315 0 316 0 317 0 317 0 318 0 315 0 321 0 329 0 316 0 316 0 326 0 320 0 335 46 336 46 337 46 348 46 337 46 345 46 344 93 345 93 337 93 344 46 337 46 343 46 341 94 342 94 343 94 346 95 347 95 341 95 339 46 350 46 346 46 338 46 339 46 340 46 336 46 349 46 340 46 336 46 339 46 337 46 343 96 337 96 339 96 341 97 343 97 339 97 346 46 341 46 339 46 336 46 340 46 339 46 364 98 351 98 356 98 354 46 355 46 356 46 365 46 354 46 362 46 361 46 362 46 358 46 357 99 358 99 354 99 360 100 366 100 357 100 359 101 360 101 353 101 363 46 359 46 353 46 351 46 352 46 353 46 356 46 351 46 354 46 358 46 362 46 354 46 357 102 354 102 360 102 353 103 360 103 351 103 351 104 360 104 354 104 383 105 367 46 382 22 383 105 400 21 418 106 418 106 401 107 419 108 419 108 402 109 420 110 420 110 403 111 421 112 403 111 423 113 421 112 422 113 423 113 403 111 403 111 425 113 422 113 424 114 425 113 404 114 424 114 405 15 426 15 426 15 406 115 427 115 427 115 407 13 428 13 428 13 408 12 429 12 429 12 409 116 430 116 430 116 410 32 431 32 431 32 411 117 432 117 432 117 412 30 433 30 433 30 413 118 434 118 434 118 413 118 436 119 435 119 436 119 414 120 437 119 435 119 414 120 438 121 437 119 414 120 438 121 415 122 439 123 439 123 416 124 440 125 440 125 417 24 441 126 441 126 381 23 380 127 379 46 380 127 381 23 378 46 379 46 381 23 377 46 378 46 381 23 391 128 376 128 377 128 392 129 375 129 376 129 374 130 375 130 393 130 396 46 373 46 374 46 373 46 398 46 372 46 372 130 385 130 371 130 370 131 371 131 386 131 369 132 370 132 387 132 368 46 369 46 382 22 382 22 367 46 368 46 383 105 382 22 400 21 418 106 400 21 401 107 419 108 401 107 402 109 420 110 402 109 403 111 404 114 425 113 403 111 424 114 404 114 405 15 426 15 405 15 406 115 427 115 406 115 407 13 428 13 407 13 408 12 429 12 408 12 409 116 430 116 409 116 410 32 431 32 410 32 411 117 432 117 411 117 412 30 433 30 412 30 413 118 414 120 436 119 413 118 438 121 414 120 415 122 439 123 415 122 416 124 440 125 416 124 417 24 441 126 417 24 381 23 391 46 377 46 381 23 391 133 392 133 376 133 393 46 375 46 392 46 393 46 394 46 374 46 397 46 373 46 396 46 395 134 396 134 374 134 399 134 372 134 398 134 397 46 398 46 373 46 385 46 386 46 371 46 372 135 384 135 385 135 386 133 387 133 370 133 369 46 387 46 382 22 390 46 391 46 381 23 374 136 394 136 395 136 399 137 384 137 372 137 387 46 388 46 382 22 389 46 390 46 381 23 388 46 389 46 382 22 389 46 381 23 382 22 442 138 443 113 460 113 442 138 460 113 459 138 443 113 444 139 461 139 443 113 461 139 460 113 444 139 445 140 462 140 444 139 462 140 461 139 445 140 446 141 463 141 445 140 463 141 462 140 446 141 447 0 464 0 446 141 464 0 463 141 447 0 448 142 465 142 447 0 465 142 464 0 448 142 449 143 466 143 448 142 466 143 465 142 449 143 450 144 467 144 449 143 467 144 466 143 450 144 451 119 468 119 450 144 468 119 467 144 451 119 452 145 469 145 451 119 469 145 468 119 452 145 453 146 470 146 452 145 470 146 469 145 453 146 454 147 471 147 453 146 471 147 470 146 454 147 455 6 472 6 454 147 472 6 471 147 455 6 456 148 473 148 455 6 473 148 472 6 456 148 457 149 474 149 456 148 474 149 473 148 457 149 458 150 475 150 457 149 475 150 474 149 477 151 489 152 478 153 488 154 489 152 477 151 477 151 487 155 488 154 487 155 519 156 518 157 486 158 520 159 519 156 521 160 520 159 1203 161 1203 161 522 162 521 160 1204 163 508 164 522 162 1185 165 507 166 508 164 509 167 507 166 1188 168 510 169 509 167 1190 170 1190 170 511 171 510 169 1191 172 512 173 511 171 1192 174 513 175 512 173 513 175 1193 176 514 177 514 177 1195 178 515 179 515 179 1197 180 516 181 1199 182 517 183 516 181 1200 184 518 157 517 183 1200 184 1201 185 518 157 1199 182 1200 184 517 183 1198 186 1199 182 516 181 1197 180 1198 186 516 181 1196 187 1197 180 515 179 1195 178 1196 187 515 179 1194 188 1195 178 514 177 1193 176 1194 188 514 177 1192 174 1193 176 513 175 1191 172 1192 174 512 173 1190 170 1191 172 511 171 1189 189 1190 170 509 167 1188 168 1189 189 509 167 1187 190 1188 168 507 166 1186 191 1187 190 507 166 1185 165 1186 191 507 166 1204 163 1185 165 508 164 1203 161 1204 163 522 162 1202 192 1203 161 520 159 485 193 1202 192 520 159 484 194 485 193 483 195 484 194 483 195 504 196 503 196 504 196 498 197 499 198 502 199 503 196 501 200 502 199 499 198 500 201 501 200 499 198 500 201 499 198 506 202 495 203 506 202 505 204 496 205 494 206 495 203 493 206 494 206 496 205 492 206 493 206 497 207 491 208 492 206 497 207 490 209 491 208 481 210 490 209 481 210 480 211 479 212 480 211 482 213 478 153 479 212 482 213 477 151 478 153 476 214 486 158 487 155 477 151 487 155 486 158 519 156 486 158 485 193 520 159 485 193 486 158 483 195 504 196 483 195 498 197 499 198 503 196 498 197 506 202 499 198 505 204 496 205 495 203 505 204 493 206 496 205 497 207 481 210 491 208 497 207 480 211 481 210 482 213 476 214 478 153 482 213 476 214 800 215 477 151 483 195 486 158 477 151 839 216 498 197 483 195 498 197 910 217 499 198 499 198 911 218 505 204 482 213 481 210 497 207 482 213 799 219 476 214 477 151 800 215 836 220 800 215 476 214 802 221 836 220 483 195 477 151 839 216 906 222 498 197 836 220 839 216 483 195 499 198 910 217 911 218 498 197 909 223 910 217 482 213 497 207 902 224 799 219 802 221 476 214 729 225 799 219 482 213 800 215 801 226 836 220 906 222 909 223 498 197 838 227 906 222 839 216 836 220 785 228 839 216 910 217 918 229 911 218 909 223 917 230 910 217 729 225 482 213 902 224 799 219 729 225 728 231 785 228 836 220 801 226 906 222 908 232 909 223 838 227 841 233 906 222 839 216 785 228 838 227 910 217 917 230 918 229 909 223 916 234 917 230 729 225 902 224 730 235 728 231 729 225 727 236 908 232 916 234 909 223 841 233 908 232 906 222 765 237 841 233 838 227 785 228 768 238 838 227 917 230 927 239 918 229 916 234 926 240 917 230 727 236 729 225 730 235 908 232 915 241 916 234 841 233 845 242 908 232 841 233 765 237 845 242 765 237 838 227 764 243 764 243 838 227 768 238 785 228 1296 27 768 238 917 230 926 240 927 239 916 234 925 244 926 240 719 245 727 236 730 235 915 241 925 244 916 234 845 242 915 241 908 232 845 242 765 237 844 246 765 237 764 243 1296 27 764 243 768 238 1296 27 785 228 1302 119 1296 27 926 240 936 247 927 239 925 244 935 248 926 240 717 249 727 236 719 245 731 250 719 245 730 235 915 241 924 251 925 244 845 242 914 252 915 241 844 246 914 252 845 242 765 237 767 253 844 246 765 237 1296 27 767 253 1296 27 1302 119 1299 119 926 240 935 248 936 247 925 244 934 254 935 248 726 255 727 236 717 249 731 250 713 256 719 245 924 251 934 254 925 244 914 252 924 251 915 241 844 246 847 257 914 252 766 258 844 246 767 253 766 258 767 253 1296 27 1299 119 1300 119 1296 27 935 248 945 259 936 247 934 254 944 260 935 248 726 255 717 249 718 261 712 262 713 256 731 250 924 251 933 263 934 254 914 252 923 264 924 251 847 257 923 264 914 252 844 246 766 258 847 257 752 265 766 258 1296 27 1296 27 1300 119 1297 119 935 248 944 260 945 259 934 254 943 266 944 260 731 250 711 267 712 262 933 263 943 266 934 254 923 264 933 263 924 251 847 257 922 268 923 264 766 258 752 265 847 257 1303 26 752 265 1296 27 1297 119 1298 119 1296 27 944 260 954 269 945 259 943 266 953 270 944 260 710 271 711 267 731 250 933 263 942 272 943 266 923 264 932 273 933 263 922 268 932 273 923 264 846 274 922 268 847 257 847 257 752 265 846 274 1303 26 753 275 752 265 1296 27 1298 119 1301 119 944 260 953 270 954 269 943 266 952 276 953 270 1295 271 710 271 731 250 942 272 952 276 943 266 932 273 942 272 933 263 922 268 931 277 932 273 846 274 921 278 922 268 752 265 753 275 846 274 1303 26 769 279 753 275 953 270 963 280 954 269 952 276 962 281 953 270 731 250 744 282 1295 271 942 272 951 283 952 276 932 273 941 284 942 272 931 277 941 284 932 273 921 278 931 277 922 268 913 285 921 278 846 274 846 274 753 275 843 286 769 279 843 286 753 275 1304 287 769 279 1303 26 953 270 962 281 963 280 952 276 961 288 962 281 1294 282 1295 271 744 282 951 283 961 288 952 276 941 284 951 283 942 272 931 277 940 289 941 284 921 278 930 290 931 277 913 285 920 291 921 278 842 292 913 285 846 274 842 292 846 274 843 286 771 293 843 286 769 279 1305 294 1304 287 1303 26 962 281 535 295 963 280 961 288 531 296 962 281 1294 282 744 282 743 297 951 283 960 298 961 288 941 284 950 299 951 283 940 289 950 299 941 284 930 290 940 289 931 277 920 291 930 290 921 278 912 300 920 291 913 285 907 301 913 285 842 292 843 286 771 293 842 292 1305 294 1307 302 1304 287 962 281 531 296 535 295 961 288 523 303 531 296 1294 282 743 297 1293 297 960 298 523 303 961 288 950 299 960 298 951 283 940 289 949 304 950 299 930 290 939 305 940 289 920 291 929 306 930 290 912 300 919 307 920 291 907 301 912 300 913 285 905 308 907 301 842 292 840 309 842 292 771 293 1306 310 1307 302 1305 294 531 296 532 311 535 295 523 303 527 312 531 296 1293 297 743 297 742 313 960 298 969 314 523 303 950 299 959 315 960 298 949 304 959 315 950 299 939 305 949 304 940 289 929 306 939 305 930 290 919 307 929 306 920 291 905 308 842 292 840 309 771 293 770 316 840 309 1305 294 1309 317 1306 310 532 311 533 318 535 295 530 319 532 311 531 296 528 320 531 296 527 312 526 312 527 312 523 303 1293 297 742 313 1292 313 969 314 524 321 523 303 959 315 969 314 960 298 949 304 958 322 959 315 939 305 948 323 949 304 929 306 938 324 939 305 919 307 928 325 929 306 904 326 905 308 840 309 770 316 750 327 840 309 1308 24 1309 317 1305 294 534 328 535 295 533 318 531 296 529 329 530 319 528 320 529 329 531 296 524 321 526 312 523 303 1292 313 742 313 741 330 969 314 975 331 524 321 959 315 968 332 969 314 958 322 968 332 959 315 948 323 958 322 949 304 938 324 948 323 939 305 928 325 938 324 929 306 904 326 840 309 837 333 750 327 751 334 840 309 1310 23 1309 317 1308 24 533 318 547 335 534 328 525 336 526 312 524 321 1292 313 741 330 1291 330 975 331 536 337 524 321 968 332 975 331 969 314 958 322 967 338 968 332 948 323 957 339 958 322 938 324 947 340 948 323 928 325 937 341 938 324 903 342 904 326 837 333 840 309 751 334 837 333 1310 23 1311 343 1309 317 547 335 548 335 534 328 524 321 542 344 525 336 1291 330 741 330 740 345 536 337 541 346 524 321 975 331 981 347 536 337 968 332 974 348 975 331 967 338 974 348 968 332 957 339 967 338 958 322 947 340 957 339 948 323 937 341 947 340 938 324 903 342 837 333 835 349 837 333 751 334 773 350 1310 23 1313 46 1311 343 534 328 548 335 546 351 541 346 542 344 524 321 1291 330 740 345 1290 345 540 352 541 346 536 337 981 347 551 353 536 337 974 348 981 347 975 331 967 338 973 354 974 348 957 339 966 355 967 338 947 340 956 356 957 339 937 341 946 357 947 340 901 358 903 342 835 349 835 349 837 333 773 350 1312 46 1313 46 1310 23 549 335 546 351 548 335 542 344 541 346 566 359 1290 345 740 345 739 360 541 346 540 352 567 361 540 352 536 337 539 362 536 337 551 353 537 363 981 347 987 364 551 353 974 348 980 365 981 347 973 354 980 365 974 348 966 355 973 354 967 338 956 356 966 355 957 339 946 357 956 356 947 340 901 358 835 349 834 366 835 349 773 350 772 367 1310 23 1315 46 1312 46 549 335 550 368 546 351 542 344 566 359 565 369 541 346 567 361 566 359 1290 345 739 360 1289 360 540 352 568 370 567 361 538 371 539 362 536 337 537 363 538 371 536 337 552 372 537 363 551 353 987 364 995 373 551 353 980 365 987 364 981 347 973 354 979 374 980 365 966 355 972 375 973 354 956 356 965 376 966 355 946 357 955 377 956 356 900 378 901 358 834 366 834 366 835 349 772 367 1314 46 1315 46 1310 23 550 368 544 379 546 351 1289 360 739 360 738 380 540 352 1222 381 568 370 553 382 537 363 552 372 551 353 996 383 552 372 551 353 995 373 996 383 987 364 994 384 995 373 980 365 986 385 987 364 979 374 986 385 980 365 972 375 979 374 973 354 965 376 972 375 966 355 955 377 965 376 956 356 900 378 834 366 833 386 834 366 772 367 794 387 1310 23 1317 46 1314 46 544 379 988 388 546 351 545 389 544 379 550 368 1289 360 738 380 1288 380 1222 381 569 390 568 370 552 372 543 391 553 382 552 372 996 383 997 392 995 373 1005 393 996 383 994 384 1004 394 995 373 986 385 994 384 987 364 979 374 985 395 986 385 972 375 978 396 979 374 965 376 971 397 972 375 955 377 964 398 965 376 899 399 900 378 833 386 833 386 834 366 794 387 1316 46 1317 46 1310 23 544 379 552 372 988 388 543 391 544 379 545 389 1288 380 738 380 737 400 1222 381 1223 401 569 390 544 379 543 391 552 372 552 372 997 392 988 388 996 383 1006 402 997 392 996 383 1005 393 1006 402 995 373 1004 394 1005 393 994 384 1003 403 1004 394 986 385 993 404 994 384 985 395 993 404 986 385 978 396 985 395 979 374 971 397 978 396 972 375 964 398 971 397 965 376 899 399 833 386 832 405 833 386 794 387 793 406 1316 46 1310 23 1319 46 1288 380 737 400 1287 400 1223 401 1224 407 569 390 1005 393 1015 408 1006 402 1004 394 1014 409 1005 393 1003 403 1013 410 1004 394 993 404 1003 403 994 384 985 395 992 411 993 404 978 396 984 412 985 395 971 397 977 413 978 396 964 398 970 414 971 397 898 415 899 399 832 405 832 405 833 386 793 406 1318 46 1319 46 1310 23 1287 400 737 400 736 416 1224 407 1207 417 569 390 1005 393 1014 409 1015 408 1004 394 1013 410 1014 409 1003 403 1012 418 1013 410 993 404 1002 419 1003 403 992 411 1002 419 993 404 984 412 992 411 985 395 977 413 984 412 978 396 970 414 977 413 971 397 898 415 832 405 831 420 832 405 793 406 792 421 1318 46 1310 23 1321 46 1287 400 736 416 1286 416 555 422 569 390 1207 417 1014 409 1024 423 1015 408 1013 410 1023 424 1014 409 1012 418 1022 425 1013 410 1002 419 1012 418 1003 403 992 411 1001 426 1002 419 984 412 991 427 992 411 977 413 983 428 984 412 970 414 976 429 977 413 897 430 898 415 831 420 831 420 832 405 792 421 1320 46 1321 46 1310 23 1286 416 736 416 735 431 1207 417 1205 432 555 422 1014 409 1023 424 1024 423 1013 410 1022 425 1023 424 1012 418 1021 433 1022 425 1002 419 1011 434 1012 418 1001 426 1011 434 1002 419 991 427 1001 426 992 411 983 428 991 427 984 412 976 429 983 428 977 413 897 430 831 420 830 435 831 420 792 421 791 436 1320 46 1310 23 1323 46 1286 416 735 431 1285 431 1205 432 1206 437 555 422 1023 424 1033 438 1024 423 1022 425 1032 439 1023 424 1021 433 1031 440 1022 425 1011 434 1021 433 1012 418 1001 426 1010 441 1011 434 991 427 1000 442 1001 426 983 428 990 443 991 427 976 429 982 444 983 428 896 445 897 430 830 435 830 435 831 420 791 436 1322 46 1323 46 1310 23 1285 431 735 431 734 446 554 447 555 422 1206 437 1023 424 1032 439 1033 438 1022 425 1031 440 1032 439 1021 433 1030 448 1031 440 1011 434 1020 449 1021 433 1010 441 1020 449 1011 434 1000 442 1010 441 1001 426 990 443 1000 442 991 427 982 444 990 443 983 428 896 445 830 435 829 450 830 435 791 436 790 451 1322 46 1310 23 1326 22 1285 431 734 446 1284 446 1206 437 1208 452 554 447 1032 439 1042 453 1033 438 1031 440 1041 454 1032 439 1030 448 1040 455 1031 440 1020 449 1030 448 1021 433 1010 441 1019 456 1020 449 1000 442 1009 457 1010 441 990 443 999 458 1000 442 982 444 989 459 990 443 895 460 896 445 829 450 829 450 830 435 790 451 1325 46 1322 46 1326 22 1284 446 734 446 733 461 1208 452 1209 462 554 447 1032 439 1041 454 1042 453 1031 440 1040 455 1041 454 1030 448 1039 463 1040 455 1020 449 1029 464 1030 448 1019 456 1029 464 1020 449 1009 457 1019 456 1010 441 999 458 1009 457 1000 442 989 459 999 458 990 443 895 460 829 450 828 465 829 450 790 451 789 466 1324 46 1325 46 1326 22 1284 446 733 461 1283 461 556 467 554 447 1209 462 1041 454 1051 468 1042 453 1040 455 1050 469 1041 454 1039 463 1049 470 1040 455 1029 464 1039 463 1030 448 1019 456 1028 471 1029 464 1009 457 1018 472 1019 456 999 458 1008 473 1009 457 989 459 998 474 999 458 894 475 895 460 828 465 828 465 829 450 789 466 1326 22 1328 46 1324 46 1283 461 733 461 732 476 1209 462 557 477 556 467 1041 454 1050 469 1051 468 1040 455 1049 470 1050 469 1039 463 1048 478 1049 470 1029 464 1038 479 1039 463 1028 471 1038 479 1029 464 1018 472 1028 471 1019 456 1008 473 1018 472 1009 457 998 474 1008 473 999 458 894 475 828 465 827 480 828 465 789 466 788 481 1327 46 1328 46 1326 22 1283 461 732 476 1282 476 1209 462 1210 482 557 477 1050 469 584 483 1051 468 1049 470 579 484 1050 469 1048 478 570 485 1049 470 1038 479 1048 478 1039 463 1028 471 1037 486 1038 479 1018 472 1027 487 1028 471 1008 473 1017 488 1018 472 998 474 1007 489 1008 473 893 490 894 475 827 480 827 480 828 465 788 481 1326 22 1330 46 1327 46 1282 476 732 476 1281 491 1210 482 558 492 557 477 1050 469 579 484 584 483 1049 470 570 485 579 484 1048 478 1057 493 570 485 1038 479 1047 494 1048 478 1037 486 1047 494 1038 479 1027 487 1037 486 1028 471 1017 488 1027 487 1018 472 1007 489 1017 488 1008 473 893 490 827 480 826 495 827 480 788 481 787 496 1329 46 1330 46 1326 22 724 497 1281 491 732 476 1210 482 1211 498 558 492 579 484 580 499 584 483 570 485 575 500 579 484 1057 493 571 501 570 485 1047 494 1057 493 1048 478 1037 486 1046 502 1047 494 1027 487 1036 503 1037 486 1017 488 1026 504 1027 487 1007 489 1016 505 1017 488 892 506 893 490 826 495 826 495 827 480 787 496 1326 22 1332 46 1329 46 709 491 1281 491 724 497 1211 498 559 507 558 492 580 499 581 508 584 483 578 509 580 499 579 484 576 500 579 484 575 500 574 500 575 500 570 485 571 501 573 510 570 485 1057 493 1063 511 571 501 1047 494 1056 512 1057 493 1046 502 1056 512 1047 494 1036 503 1046 502 1037 486 1026 504 1036 503 1027 487 1016 505 1026 504 1017 488 892 506 826 495 825 513 826 495 787 496 786 514 1331 46 1332 46 1326 22 709 491 724 497 708 515 1211 498 1212 516 559 507 581 508 583 517 584 483 579 484 577 500 578 509 576 500 577 500 579 484 574 500 570 485 573 510 572 518 573 510 571 501 1063 511 585 519 571 501 1056 512 1063 511 1057 493 1046 502 1055 520 1056 512 1036 503 1045 521 1046 502 1026 504 1035 522 1036 503 1016 505 1025 523 1026 504 891 524 892 506 825 513 825 513 826 495 786 514 1331 46 1326 22 1334 46 707 525 708 515 724 497 559 507 1212 516 560 526 582 517 583 517 581 508 573 510 572 518 608 6 572 518 571 501 592 527 592 527 571 501 585 519 1063 511 1069 528 585 519 1056 512 1062 529 1063 511 1055 520 1062 529 1056 512 1045 521 1055 520 1046 502 1035 522 1045 521 1036 503 1025 523 1035 522 1026 504 891 524 825 513 824 530 825 513 786 514 783 531 1333 46 1334 46 1326 22 706 532 707 525 724 497 560 526 1212 516 1213 533 582 517 594 534 583 517 573 510 608 6 607 148 572 518 609 147 608 6 572 518 592 527 609 147 591 535 592 527 585 519 1069 528 1076 536 585 519 1062 529 1069 528 1063 511 1055 520 1061 537 1062 529 1045 521 1054 538 1055 520 1035 522 1044 539 1045 521 1025 523 1034 540 1035 522 890 541 891 524 824 530 824 530 825 513 783 531 1335 46 1333 46 1326 22 716 542 706 532 724 497 1213 533 1214 543 560 526 593 544 583 517 594 534 592 527 610 146 609 147 591 535 585 519 590 535 585 519 1076 536 1077 545 1069 528 1075 546 1076 536 1062 529 1068 547 1069 528 1061 537 1068 547 1062 529 1054 538 1061 537 1055 520 1044 539 1054 538 1045 521 1034 540 1044 539 1035 522 890 541 824 530 823 548 824 530 783 531 782 549 1336 550 1335 46 1326 22 724 497 725 551 716 542 560 526 1214 543 561 552 594 534 595 553 593 544 592 527 1239 554 610 146 586 555 590 535 585 519 585 519 1077 545 586 555 1076 536 1086 556 1077 545 1075 546 1085 557 1076 536 1068 547 1075 546 1069 528 1061 537 1067 558 1068 547 1054 538 1060 559 1061 537 1044 539 1053 560 1054 538 1034 540 1043 561 1044 539 889 562 890 541 823 548 823 548 824 530 782 549 1337 21 1336 550 1326 22 723 563 716 542 725 551 1214 543 1215 564 561 552 595 553 586 555 593 544 1239 554 611 145 610 146 589 535 590 535 586 555 586 555 1077 545 1078 565 1077 545 1086 556 1087 566 1076 536 1085 557 1086 556 1075 546 1084 567 1085 557 1068 547 1074 568 1075 546 1067 558 1074 568 1068 547 1060 559 1067 558 1061 537 1053 560 1060 559 1054 538 1043 561 1053 560 1044 539 889 562 823 548 822 569 823 548 782 549 781 570 1337 21 1338 571 1336 550 714 572 716 542 723 563 721 573 723 563 725 551 1215 564 1216 574 561 552 586 555 1078 565 593 544 587 575 586 555 595 553 1239 554 1240 576 611 145 586 555 588 535 589 535 1077 545 1087 566 1078 565 1086 556 1096 577 1087 566 1085 557 1095 578 1086 556 1084 567 1094 579 1085 557 1074 568 1084 567 1075 546 1067 558 1073 580 1074 568 1060 559 1066 581 1067 558 1053 560 1059 582 1060 559 1043 561 1052 583 1053 560 888 584 889 562 822 569 822 569 823 548 781 570 1338 571 1337 21 1341 585 723 563 720 586 714 572 722 587 723 563 721 573 689 588 721 573 725 551 1216 574 562 589 561 552 587 575 588 535 586 555 1240 576 597 119 611 145 1086 556 1095 578 1096 577 1085 557 1094 579 1095 578 1084 567 1093 590 1094 579 1074 568 1083 591 1084 567 1073 580 1083 591 1074 568 1066 581 1073 580 1067 558 1059 582 1066 581 1060 559 1052 583 1059 582 1053 560 888 584 822 569 821 592 822 569 781 570 780 593 1340 594 1338 571 1341 585 714 572 720 586 715 595 722 587 721 573 796 596 721 573 689 588 796 596 689 588 725 551 883 597 1216 574 1217 598 562 589 1240 576 1225 599 597 119 1095 578 1105 600 1096 577 1094 579 1104 601 1095 578 1093 590 1103 602 1094 579 1083 591 1093 590 1084 567 1073 580 1082 603 1083 591 1066 581 1072 604 1073 580 1059 582 1065 605 1066 581 1052 583 1058 606 1059 582 887 607 888 584 821 592 821 592 822 569 780 593 1339 608 1340 594 1341 585 688 609 796 596 689 588 686 610 689 588 883 597 1217 598 563 611 562 589 1225 599 596 144 597 119 1095 578 1104 601 1105 600 1094 579 1103 602 1104 601 1093 590 1102 612 1103 602 1083 591 1092 613 1093 590 1082 603 1092 613 1083 591 1072 604 1082 603 1073 580 1065 605 1072 604 1066 581 1058 606 1065 605 1059 582 887 607 821 592 820 614 821 592 780 593 779 615 1342 608 1339 608 1341 585 798 616 796 596 688 609 689 588 676 617 688 609 686 610 675 618 689 588 686 610 883 597 687 619 1217 598 1218 620 563 611 1225 599 1226 621 596 144 1104 601 1114 622 1105 600 1103 602 1113 623 1104 601 1102 612 1112 624 1103 602 1092 613 1102 612 1093 590 1082 603 1091 625 1092 613 1072 604 1081 626 1082 603 1065 605 1071 627 1072 604 1058 606 1064 628 1065 605 886 629 887 607 820 614 820 614 821 592 779 615 798 616 688 609 795 630 685 631 688 609 676 617 668 632 676 617 689 588 689 588 675 618 668 632 675 618 686 610 679 633 670 634 686 610 687 619 1218 620 564 635 563 611 1226 621 1227 636 596 144 1104 601 1113 623 1114 622 1103 602 1112 624 1113 623 1102 612 1111 637 1112 624 1092 613 1101 638 1102 612 1091 625 1101 638 1092 613 1081 626 1091 625 1082 603 1071 627 1081 626 1072 604 1064 628 1071 627 1065 605 886 629 820 614 819 639 820 614 779 615 778 640 688 609 685 631 795 630 676 617 667 641 685 631 679 633 686 610 670 634 671 642 670 634 687 619 1218 620 1219 643 564 635 1227 636 1228 644 596 144 1113 623 1123 645 1114 622 1112 624 1122 646 1113 623 1111 637 1121 647 1112 624 1101 638 1111 637 1102 612 1091 625 1100 648 1101 638 1081 626 1090 649 1091 625 1071 627 1080 650 1081 626 1064 628 1070 651 1071 627 885 652 886 629 819 639 819 639 820 614 778 640 814 653 795 630 685 631 667 641 666 654 685 631 671 642 687 619 672 642 564 635 1219 643 565 369 598 143 596 144 1228 644 1113 623 1122 646 1123 645 1112 624 1121 647 1122 646 1111 637 1120 655 1121 647 1101 638 1110 656 1111 637 1100 648 1110 656 1101 638 1090 649 1100 648 1091 625 1080 650 1090 649 1081 626 1070 651 1080 650 1071 627 885 652 819 639 818 657 819 639 778 640 777 658 797 659 795 630 814 653 815 660 814 653 685 631 665 661 685 631 666 654 683 662 672 642 687 619 565 369 1219 643 1220 663 1228 644 599 142 598 143 1122 646 1132 664 1123 645 1121 647 1131 665 1122 646 1120 655 1130 666 1121 647 1110 656 1120 655 1111 637 1100 648 1109 667 1110 656 1090 649 1099 668 1100 648 1080 650 1089 669 1090 649 1070 651 1079 670 1080 650 884 671 885 652 818 657 818 657 819 639 777 658 797 659 814 653 784 672 814 653 815 660 784 672 815 660 685 631 681 673 665 661 664 674 685 631 673 642 672 642 683 662 1220 663 1221 675 565 369 1228 644 1229 676 599 142 1122 646 1131 665 1132 664 1121 647 1130 666 1131 665 1120 655 1129 677 1130 666 1110 656 1119 678 1120 655 1109 667 1119 678 1110 656 1099 668 1109 667 1100 648 1089 669 1099 668 1090 649 1079 670 1089 669 1080 650 884 671 818 657 817 679 818 657 777 658 776 680 812 681 784 672 815 660 879 682 815 660 681 673 685 631 664 674 681 673 664 674 665 661 703 507 677 683 673 642 683 662 1229 676 600 0 599 142 1131 665 1139 684 1132 664 1130 666 636 685 1131 665 1129 677 633 686 1130 666 1119 678 1129 677 1120 655 1109 667 1118 687 1119 678 1099 668 1108 688 1109 667 1089 669 1098 689 1099 668 1079 670 1088 690 1089 669 882 691 884 671 817 679 817 679 818 657 776 680 763 692 784 672 812 681 809 693 812 681 815 660 809 693 815 660 879 682 879 682 681 673 680 694 664 674 663 695 681 673 664 674 703 507 702 696 665 661 704 526 703 507 683 662 684 697 677 683 1229 676 1230 0 600 0 1131 665 636 685 1139 684 1130 666 633 686 636 685 1129 677 1138 698 633 686 1119 678 1128 699 1129 677 1118 687 1128 699 1119 678 1108 688 1118 687 1109 667 1098 689 1108 688 1099 668 1088 690 1098 689 1089 669 882 691 817 679 816 700 817 679 776 680 775 701 763 692 812 681 761 702 761 702 812 681 809 693 810 703 809 693 879 682 874 704 879 682 680 694 681 673 662 705 680 694 681 673 663 695 674 706 663 695 664 674 702 696 665 661 1278 707 704 526 669 708 677 683 684 697 1230 0 601 141 600 0 636 685 639 709 1139 684 633 686 628 710 636 685 1138 698 634 711 633 686 1128 699 1138 698 1129 677 1118 687 1127 712 1128 699 1108 688 1117 713 1118 687 1098 689 1107 714 1108 688 1088 690 1097 715 1098 689 881 716 882 691 816 700 816 700 817 679 775 701 763 692 761 702 1344 18 761 702 809 693 760 717 809 693 810 703 760 717 810 703 879 682 874 704 874 704 680 694 875 718 662 705 661 705 680 694 674 706 662 705 681 673 663 695 702 696 701 719 1278 707 705 552 704 526 682 720 669 708 684 697 1230 0 1231 721 601 141 636 685 635 722 639 709 628 710 612 723 636 685 634 711 628 710 633 686 1138 698 1145 724 634 711 1128 699 1137 725 1138 698 1127 712 1137 725 1128 699 1117 713 1127 712 1118 687 1107 714 1117 713 1108 688 1097 715 1107 714 1098 689 881 716 816 700 813 726 816 700 775 701 774 727 1351 113 763 692 1344 18 761 702 760 717 1344 18 805 728 760 717 810 703 868 729 810 703 874 704 869 730 874 704 875 718 875 718 680 694 682 720 680 694 661 705 682 720 1278 707 1279 731 705 552 678 732 669 708 682 720 876 733 682 720 684 697 1231 721 602 140 601 141 635 722 625 734 639 709 627 735 635 722 636 685 612 723 627 735 636 685 634 711 613 736 628 710 1145 724 637 737 634 711 1137 725 1145 724 1138 698 1127 712 1136 738 1137 725 1117 713 1126 739 1127 712 1107 714 1116 740 1117 713 1097 715 1106 741 1107 714 880 742 881 716 813 726 813 726 816 700 774 727 1350 113 1351 113 1344 18 760 717 762 743 1344 18 762 743 760 717 805 728 806 744 805 728 810 703 806 744 810 703 868 729 868 729 874 704 869 730 869 730 875 718 870 745 875 718 682 720 876 733 660 746 682 720 661 705 1279 731 1280 747 705 552 682 720 659 748 678 732 876 733 684 697 877 749 1231 721 1232 750 602 140 625 734 624 751 639 709 631 752 625 734 635 722 631 752 635 722 627 735 614 753 613 736 634 711 637 737 619 754 634 711 1145 724 1151 755 637 737 1137 725 1144 756 1145 724 1136 738 1144 756 1137 725 1126 739 1136 738 1127 712 1116 740 1126 739 1117 713 1106 741 1116 740 1107 714 880 742 813 726 811 757 813 726 774 727 755 758 1349 113 1350 113 1344 18 762 743 759 759 1344 18 762 743 805 728 759 759 759 759 805 728 806 744 860 760 806 744 868 729 861 761 868 729 869 730 862 762 869 730 870 745 870 745 875 718 876 733 660 746 659 748 682 720 1280 747 1263 763 705 552 871 764 876 733 877 749 602 140 1232 750 603 139 624 751 623 751 639 709 634 711 618 765 614 753 619 754 618 765 634 711 620 766 619 754 637 737 1151 755 640 767 637 737 1144 756 1151 755 1145 724 1136 738 1143 768 1144 756 1126 739 1135 769 1136 738 1116 740 1125 770 1126 739 1106 741 1115 771 1116 740 878 772 880 742 811 757 811 757 813 726 755 758 1348 113 1349 113 1344 18 1344 18 759 759 746 773 746 773 759 759 806 744 859 774 806 744 860 760 860 760 868 729 861 761 861 761 869 730 862 762 862 762 870 745 863 775 870 745 876 733 871 764 690 589 705 552 1263 763 871 764 877 749 872 776 1232 750 1233 777 603 139 623 751 638 778 639 709 618 765 619 754 655 171 619 754 620 766 656 779 629 780 620 766 637 737 621 781 637 737 640 767 1151 755 1157 782 640 767 1144 756 1150 783 1151 755 1143 768 1150 783 1144 756 1135 769 1143 768 1136 738 1125 770 1135 769 1126 739 1115 771 1125 770 1116 740 878 772 811 757 808 784 811 757 755 758 754 785 1346 113 1348 113 1344 18 1344 18 746 773 745 786 803 787 746 773 806 744 859 774 803 787 806 744 850 788 859 774 860 760 851 789 860 760 861 761 852 790 861 761 862 762 853 791 862 762 863 775 863 775 870 745 871 764 1263 763 1261 792 690 589 864 793 871 764 872 776 1233 777 1234 794 603 139 623 751 622 751 638 778 618 765 655 171 654 169 619 754 656 779 655 171 620 766 1258 795 656 779 629 780 637 737 621 781 617 781 621 781 640 767 1157 782 1164 796 640 767 1150 783 1157 782 1151 755 1143 768 1149 797 1150 783 1135 769 1142 798 1143 768 1125 770 1134 799 1135 769 1115 771 1124 800 1125 770 873 801 878 772 808 784 808 784 811 757 748 802 754 785 748 802 811 757 1345 113 1346 113 1344 18 1344 18 745 786 1343 19 745 786 746 773 803 787 858 803 803 787 859 774 849 804 859 774 850 788 850 788 860 760 851 789 851 789 861 761 852 790 852 790 862 762 853 791 853 791 863 775 854 805 863 775 871 764 864 793 1261 792 1262 806 690 589 864 793 872 776 865 807 1234 794 604 113 603 139 638 778 622 751 630 808 1258 795 1259 809 656 779 641 810 617 781 640 767 640 767 1164 796 1165 811 1157 782 1163 812 1164 796 1150 783 1156 813 1157 782 1149 797 1156 813 1150 783 1142 798 1149 797 1143 768 1134 799 1142 798 1135 769 1124 800 1134 799 1125 770 873 801 808 784 807 814 748 802 749 815 808 784 1347 113 1345 113 1344 18 745 786 758 816 1343 19 804 817 745 786 803 787 858 803 867 818 803 787 849 804 858 803 859 774 1177 819 849 804 850 788 1178 820 850 788 851 789 1179 821 851 789 852 790 1180 822 852 790 853 791 1181 823 853 791 854 805 854 805 863 775 864 793 691 824 690 589 1262 806 855 825 864 793 865 807 1234 794 1235 826 604 113 638 778 630 808 642 827 657 175 656 779 1259 809 641 810 615 828 617 781 640 767 1165 811 641 810 1164 796 1174 829 1165 811 1163 812 1173 830 1164 796 1156 813 1163 812 1157 782 1149 797 1155 831 1156 813 1142 798 1148 832 1149 797 1134 799 1141 833 1142 798 1124 800 1133 834 1134 799 866 835 873 801 807 814 808 784 757 836 807 814 808 784 749 815 756 837 758 816 747 838 1343 19 758 816 745 786 804 817 867 818 804 817 803 787 857 839 867 818 858 803 848 840 858 803 849 804 1176 841 849 804 1177 819 1177 819 850 788 1178 820 1178 820 851 789 1179 821 1179 821 852 790 1180 822 1180 822 853 791 1181 823 1181 823 854 805 1182 842 854 805 864 793 855 825 1262 806 1264 843 691 824 855 825 865 807 856 844 1235 826 605 845 604 113 630 808 626 846 642 827 1259 809 658 847 657 175 616 848 615 828 641 810 641 810 1165 811 1166 849 1165 811 1174 829 1175 850 1164 796 1173 830 1174 829 1163 812 1172 851 1173 830 1156 813 1162 852 1163 812 1155 831 1162 852 1156 813 1148 832 1155 831 1149 797 1141 833 1148 832 1142 798 1133 834 1141 833 1134 799 866 835 807 814 867 818 804 817 807 814 757 836 756 837 757 836 808 784 1341 585 1343 19 747 838 804 817 747 838 758 816 867 818 807 814 804 817 857 839 866 835 867 818 848 840 857 839 858 803 1176 841 848 840 849 804 1167 853 1176 841 1177 819 1168 854 1177 819 1178 820 1169 855 1178 820 1179 821 1170 856 1179 821 1180 822 1171 857 1180 822 1181 823 1172 851 1181 823 1182 842 1182 842 854 805 855 825 1264 843 1265 858 691 824 1183 859 855 825 856 844 1235 826 1236 860 605 845 626 846 641 810 642 827 1259 809 1260 861 658 847 632 862 616 848 641 810 641 810 1166 849 642 827 1165 811 1175 850 1166 849 1174 829 1184 863 1175 850 1173 830 1183 859 1174 829 1172 851 1182 842 1173 830 1162 852 1172 851 1163 812 1155 831 1161 864 1162 852 1148 832 1154 865 1155 831 1141 833 1147 866 1148 832 1133 834 1140 867 1141 833 804 817 757 836 747 838 1167 853 1177 819 1168 854 1168 854 1178 820 1169 855 1169 855 1179 821 1170 856 1170 856 1180 822 1171 857 1171 857 1181 823 1172 851 1182 842 855 825 1183 859 692 635 691 824 1265 858 1183 859 856 844 1184 863 1236 860 606 149 605 845 632 862 641 810 626 846 1260 861 643 868 658 847 1174 829 1183 859 1184 863 1173 830 1182 842 1183 859 1162 852 1171 857 1172 851 1161 864 1171 857 1162 852 1154 865 1161 864 1155 831 1147 866 1154 865 1148 832 1140 867 1147 866 1141 833 1158 869 1167 853 1168 854 1159 870 1168 854 1169 855 1160 871 1169 855 1170 856 1161 864 1170 856 1171 857 1265 858 693 872 692 635 1236 860 1237 873 606 149 1260 861 1241 874 643 868 1154 865 1160 871 1161 864 1147 866 1153 875 1154 865 1140 867 1146 876 1147 866 1158 869 1168 854 1159 870 1159 870 1169 855 1160 871 1160 871 1170 856 1161 864 1265 858 1266 877 693 872 1237 873 607 148 606 149 1241 874 644 181 643 868 1153 875 1160 871 1154 865 1146 876 1153 875 1147 866 1152 878 1158 869 1159 870 1153 875 1159 870 1160 871 1266 877 694 879 693 872 1237 873 1238 880 607 148 1241 874 1242 881 644 181 1146 876 1152 878 1153 875 1152 878 1159 870 1153 875 1266 877 1267 882 694 879 1242 881 1243 883 644 181 1267 882 695 361 694 879 1243 883 1244 884 644 181 1267 882 1268 885 695 361 645 183 644 181 1244 884 695 361 1268 885 696 370 1244 884 1245 185 645 183 696 370 1268 885 1269 886 1245 185 1246 887 645 183 1269 886 1270 888 696 370 646 157 645 183 1246 887 696 370 1270 888 697 390 1246 887 647 156 646 157 1270 888 1271 889 697 390 1246 887 1247 890 647 156 1271 889 1272 891 697 390 1247 890 648 892 647 156 1272 891 698 422 697 390 1247 890 1248 893 648 892 1272 891 1273 894 698 422 1248 893 649 160 648 892 1273 894 699 895 698 422 1248 893 1249 896 649 160 1273 894 1274 897 699 895 649 160 1249 896 650 898 1274 897 700 467 699 895 1249 896 1250 899 650 898 1274 897 1275 900 700 467 1250 899 1251 901 650 898 700 467 1275 900 701 719 650 898 1251 901 651 902 701 719 1275 900 1276 903 1251 901 1252 904 651 902 1276 903 1277 905 701 719 1252 904 1253 906 651 902 651 902 1253 906 652 166 1253 906 1254 907 652 166 1254 907 1255 908 652 166 1255 908 653 167 652 166 1255 908 1256 909 653 167 1256 909 654 169 653 167 1256 909 1257 189 654 169 1352 910 1353 911 1418 911 1352 910 1418 911 1417 910 1353 911 1354 138 1419 138 1353 911 1419 138 1418 911 1354 138 1355 912 1420 912 1354 138 1420 912 1419 138 1355 912 1356 845 1421 845 1355 912 1421 845 1420 912 1356 845 1357 913 1422 913 1356 845 1422 913 1421 845 1357 913 1358 150 1423 150 1357 913 1423 150 1422 913 1358 150 1359 914 1424 914 1358 150 1424 914 1423 150 1359 914 1360 149 1425 149 1359 914 1425 149 1424 914 1360 149 1361 915 1426 915 1360 149 1426 915 1425 149 1361 915 1362 880 1427 880 1361 915 1427 880 1426 915 1362 880 1363 916 1428 916 1362 880 1428 916 1427 880 1363 916 1364 148 1429 148 1363 916 1429 148 1428 916 1364 148 1365 917 1430 917 1364 148 1430 917 1429 148 1365 917 1366 918 1431 918 1365 917 1431 918 1430 917 1366 918 1367 919 1432 919 1366 918 1432 919 1431 918 1367 919 1368 6 1433 6 1367 919 1433 6 1432 919 1368 6 1369 920 1434 920 1368 6 1434 920 1433 6 1369 920 1370 921 1435 921 1369 920 1435 921 1434 920 1370 921 1371 922 1436 922 1370 921 1436 922 1435 921 1371 922 1372 147 1437 147 1371 922 1437 147 1436 922 1372 147 1373 923 1438 923 1372 147 1438 923 1437 147 1373 923 1374 924 1439 924 1373 923 1439 924 1438 923 1374 924 1375 925 1440 925 1374 924 1440 925 1439 924 1375 925 1376 146 1441 146 1375 925 1441 146 1440 925 1376 146 1377 926 1442 926 1376 146 1442 926 1441 146 1377 926 1378 927 1443 927 1377 926 1443 927 1442 926 1378 927 1379 928 1444 928 1378 927 1444 928 1443 927 1379 928 1380 145 1445 145 1379 928 1445 145 1444 928 1380 145 1381 929 1446 929 1380 145 1446 929 1445 145 1381 929 1382 930 1447 930 1381 929 1447 930 1446 929 1382 930 1383 931 1448 931 1382 930 1448 931 1447 930 1383 931 1384 119 1449 119 1383 931 1449 119 1448 931 1384 119 1385 932 1450 932 1384 119 1450 932 1449 119 1385 932 1386 933 1451 933 1385 932 1451 933 1450 932 1386 933 1387 934 1452 934 1386 933 1452 934 1451 933 1387 934 1388 144 1453 144 1387 934 1453 144 1452 934 1388 144 1389 935 1454 935 1388 144 1454 935 1453 144 1389 935 1390 636 1455 636 1389 935 1455 636 1454 935 1390 636 1391 936 1456 936 1390 636 1456 936 1455 636 1391 936 1392 143 1457 143 1391 936 1457 143 1456 936 1392 143 1393 937 1458 937 1392 143 1458 937 1457 143 1393 937 1394 938 1459 938 1393 937 1459 938 1458 937 1394 938 1395 939 1460 939 1394 938 1460 939 1459 938 1395 939 1396 142 1461 142 1395 939 1461 142 1460 939 1396 142 1397 940 1462 940 1396 142 1462 940 1461 142 1397 940 1398 941 1463 941 1397 940 1463 941 1462 940 1398 941 1399 942 1464 942 1398 941 1464 942 1463 941 1399 942 1400 0 1465 0 1399 942 1465 0 1464 942 1400 0 1401 943 1466 943 1400 0 1466 943 1465 0 1401 943 1402 944 1467 944 1401 943 1467 944 1466 943 1402 944 1403 945 1468 945 1402 944 1468 945 1467 944 1403 945 1404 141 1469 141 1403 945 1469 141 1468 945 1404 141 1405 946 1470 946 1404 141 1470 946 1469 141 1405 946 1406 947 1471 947 1405 946 1471 947 1470 946 1406 947 1407 948 1472 948 1406 947 1472 948 1471 947 1407 948 1408 140 1473 140 1407 948 1473 140 1472 948 1408 140 1409 949 1474 949 1408 140 1474 949 1473 140 1409 949 1410 777 1475 777 1409 949 1475 777 1474 949 1410 777 1411 950 1476 950 1410 777 1476 950 1475 777 1411 950 1412 139 1477 139 1411 950 1477 139 1476 950 1412 139 1413 951 1478 951 1412 139 1478 951 1477 139 1413 951 1414 952 1479 952 1413 951 1479 952 1478 951 1414 952 1415 953 1480 953 1414 952 1480 953 1479 952 1415 953 1416 954 1481 954 1415 953 1481 954 1480 953</p>
        </triangles>
      </mesh>
    </geometry>
  </library_geometries>
  <library_visual_scenes>
    <visual_scene id="Scene" name="Scene">
      <node id="Object-1" name="Object-1" type="NODE">
        <matrix sid="transform">1 0 0 0 0 1 0 0 0 0 1 0 0 0 0 1</matrix>
        <instance_geometry url="#Mesh-1_009-mesh" name="Object-1">
          <bind_material>
            <technique_common>
              <instance_material symbol="Material_015-material" target="#Material_015-material"/>
            </technique_common>
          </bind_material>
        </instance_geometry>
      </node>
    </visual_scene>
  </library_visual_scenes>
  <scene>
    <instance_visual_scene url="#Scene"/>
  </scene>
</COLLADA>