<?xml version="1.0" encoding="utf-8"?>
<COLLADA xmlns="http://www.collada.org/2005/11/COLLADASchema" version="1.4.1" xmlns:xsi="http://www.w3.org/2001/XMLSchema-instance">
  <asset>
    <contributor>
      <author>Blender User</author>
      <authoring_tool>Blender 3.0.1</authoring_tool>
    </contributor>
    <created>2025-05-21T09:18:30</created>
    <modified>2025-05-21T09:18:30</modified>
    <unit name="meter" meter="1"/>
    <up_axis>Z_UP</up_axis>
  </asset>
  <library_effects>
    <effect id="Material_008-effect">
      <profile_COMMON>
        <technique sid="common">
          <lambert>
            <emission>
              <color sid="emission">0 0 0 1</color>
            </emission>
            <diffuse>
              <color sid="diffuse">0 0 0 1</color>
            </diffuse>
            <index_of_refraction>
              <float sid="ior">1.45</float>
            </index_of_refraction>
          </lambert>
        </technique>
      </profile_COMMON>
    </effect>
    <effect id="Material_009-effect">
      <profile_COMMON>
        <technique sid="common">
          <lambert>
            <emission>
              <color sid="emission">0 0 0 1</color>
            </emission>
            <diffuse>
              <color sid="diffuse">0.7991031 0.1046163 0 1</color>
            </diffuse>
            <index_of_refraction>
              <float sid="ior">1.45</float>
            </index_of_refraction>
          </lambert>
        </technique>
      </profile_COMMON>
    </effect>
  </library_effects>
  <library_images/>
  <library_materials>
    <material id="Material_008-material" name="Material.008">
      <instance_effect url="#Material_008-effect"/>
    </material>
    <material id="Material_009-material" name="Material.009">
      <instance_effect url="#Material_009-effect"/>
    </material>
  </library_materials>
  <library_geometries>
    <geometry id="Mesh-1_005-mesh" name="Mesh-1.005">
      <mesh>
        <source id="Mesh-1_005-mesh-positions">
          <float_array id="Mesh-1_005-mesh-positions-array" count="18006">0 -0.05249989 0.09998798 -0.003662109 -0.05237203 0.09998798 0.01795601 -0.04933387 0.09998798 0.01091533 -0.05135273 0.09998798 0.003662109 -0.05237203 0.09998798 0.03646951 -0.03776526 0.09998798 0.03085869 -0.04247331 0.09998798 0.02464729 -0.04635477 0.09998798 0.0486772 -0.01966679 0.09998798 0.0454663 -0.02625 0.09998798 0.04137057 -0.0323221 0.09998798 0.052468 0.001832187 0.09998798 0.05221229 -0.00548774 0.09998798 0.05094045 -0.01270079 0.09998798 0.04718667 0.02301448 0.09998798 0.04993045 0.01622337 0.09998798 0.05170238 0.00911653 0.09998798 0.03374636 0.04021728 0.09998798 0.03901505 0.0351293 0.09998798 0.0435245 0.02935755 0.09998798 0.01447099 0.05046612 0.09998798 0.02135366 0.04796099 0.09998798 0.02782076 0.04452246 0.09998798 -0.007306516 0.05198901 0.09998798 0 0.05249989 0.09998798 0.007306516 0.05198901 0.09998798 -0.02782076 0.04452246 0.09998798 -0.02135366 0.04796099 0.09998798 -0.01447099 0.05046612 0.09998798 -0.0435245 0.02935755 0.09998798 -0.03901505 0.0351293 0.09998798 -0.03374636 0.04021728 0.09998798 -0.05170238 0.00911653 0.09998798 -0.04993045 0.01622337 0.09998798 -0.04718667 0.02301448 0.09998798 -0.05094045 -0.01270079 0.09998798 -0.05221229 -0.00548774 0.09998798 -0.052468 0.001832187 0.09998798 -0.04137057 -0.0323221 0.09998798 -0.0454663 -0.02625 0.09998798 -0.0486772 -0.01966679 0.09998798 -0.02464729 -0.04635477 0.09998798 -0.03085869 -0.04247331 0.09998798 -0.03646951 -0.03776526 0.09998798 -0.01091533 -0.05135273 0.09998798 -0.01795601 -0.04933387 0.09998798 -0.04944878 -0.02600073 -0.001977622 -0.04949408 -0.02600115 -7.69538e-4 -0.04946082 -0.02599996 -0.00197798 -0.04941177 -0.02600044 -0.002966046 -0.03018927 0.04295176 0.09348338 -0.02808851 0.0443539 0.09348809 -0.0302143 0.0429328 0.09348297 0.04944878 -0.02600073 -0.001977622 0.04941177 -0.02600044 -0.002966046 0.04946082 -0.02599996 -0.00197798 0.04949408 -0.02600115 -7.69538e-4 -0.003659605 -0.05232018 0.08998799 0 -0.05249989 0.08998799 -0.00514549 -0.0522471 0.08998799 -0.01090818 -0.0513243 0.08998799 -0.01523888 -0.05023968 0.08998799 -0.01024138 -0.05149132 0.08998799 -0.01793491 -0.0492751 0.08998799 -0.02008938 -0.04850417 0.08998799 -0.01523888 -0.05023968 0.08998799 -0.02008938 -0.04850417 0.08998799 -0.02464485 -0.04634988 0.08998799 -0.02474659 -0.04630166 0.08998799 -0.03082257 -0.04242449 0.08998799 -0.03330361 -0.04058468 0.08998799 -0.02916556 -0.0436533 0.08998799 -0.03644478 -0.0377379 0.08998799 -0.03330361 -0.04058468 0.08998799 -0.03712093 -0.03712517 0.08998799 -0.0454182 -0.02622103 0.08998799 -0.04365009 -0.02917045 0.08998799 -0.04629898 -0.0247519 0.08998799 -0.04365009 -0.02917045 0.08998799 -0.04133296 -0.03229439 0.08998799 -0.04058092 -0.03330808 0.08998799 -0.02531898 0.04600369 0.09534996 -0.0250532 0.0461573 0.09513509 -0.02515614 0.04608052 0.09523415 -0.04225009 -0.0267378 0.077178 -0.04227799 -0.02668982 0.07660299 -0.04242295 -0.02646285 0.07732421 -0.0438714 -0.03205251 0.05999612 -0.04375529 -0.0323131 0.05992251 -0.043168 -0.03257137 0.0615307 -0.0337308 0.04019922 0.09342849 -0.0280348 0.04438799 0.09401327 -0.03295528 0.04086798 0.09344178 -0.05174648 0.008862495 0.0927881 -0.05245608 0.002147555 0.0933876 -0.05169475 0.009114921 0.09279346 -0.04356056 -0.03414022 0.06916511 -0.04337769 -0.0338965 0.07029515 -0.04339092 -0.03391402 0.07021349 -0.05249851 3.72749e-4 0.09560215 -0.0524975 5.08186e-4 0.09557706 -0.05249989 3.73344e-4 0.09560537 -0.05249929 2.73231e-4 0.09562057 -0.05249989 -0.00107491 0.09534996 -0.05249989 -7.35344e-4 0.09550839 -0.0524944 -7.60887e-4 0.09549885 -0.05249476 -7.34795e-4 0.09550648 -0.05249816 -4.32434e-4 0.0955941 -0.05249989 -7.35344e-4 0.09550839 -0.0524944 -7.60887e-4 0.09549885 -0.0524984 -3.72864e-4 0.09560149 -0.05249989 -9.8206e-5 0.09563577 -0.05249989 -3.73344e-4 0.09560537 -0.05249816 -4.32434e-4 0.0955941 -0.02592682 0.04565101 0.09559977 -0.02592658 0.04565292 0.09560537 -0.02601468 0.0456013 0.09562081 -0.02572321 0.04576635 0.09555077 -0.02572321 0.04576635 0.09555077 -0.02561247 0.04582816 0.09550237 -0.02561312 0.045834 0.09550839 -0.02544838 0.04591971 0.09543079 -0.02531623 0.04599249 0.09534448 -0.02515614 0.04608052 0.09523415 -0.02531898 0.04600369 0.09534996 -0.02541291 0.04593932 0.09541106 -0.02515614 0.04608052 0.09523415 -0.0249297 0.04620337 0.09501659 -0.0250476 0.04613929 0.09512996 -0.0250532 0.0461573 0.09513509 -0.0268833 0.04509449 0.09550517 -0.02671849 0.04519253 0.09556835 -0.02688676 0.04509866 0.09550839 -0.02694159 0.0450598 0.0954827 -0.02671849 0.04519253 0.09556835 -0.02657181 0.04527872 0.09560126 -0.02648556 0.04532945 0.09562069 -0.0265733 0.04527968 0.09560537 0.02561128 0.04582899 0.09550559 0.02561312 0.045834 0.09550839 0.02557587 0.0458489 0.09549349 0.02585721 0.04569077 0.09558987 0.02589643 0.0456686 0.09559905 0.02592658 0.04565292 0.09560537 0.02585721 0.04569077 0.09558987 0.02592617 0.04565155 0.09560298 0.02618783 0.045502 0.09563678 0.02592658 0.04565292 0.09560537 0.02589637 0.0456686 0.09559905 0.02657198 0.0452786 0.09560209 0.0265733 0.04527968 0.09560537 0.02648633 0.04532897 0.09562057 0.02669048 0.0452091 0.0955767 0.04866695 -0.02599996 -0.00905472 0.0490899 -0.02600008 -0.006372511 0.04911339 -0.02600008 -0.006186366 0.04866695 -0.02599996 -0.00905472 0.04911339 -0.02600008 -0.006186366 0.0490846 -0.02600008 -0.006371617 -0.0490846 -0.02600008 -0.006371617 -0.04911339 -0.02600008 -0.006186366 -0.0490899 -0.02600008 -0.006372511 -0.04866695 -0.02599996 -0.00905472 -0.02196639 0.02167439 0.06583195 -0.02092385 0.01680719 0.06353777 -0.02046144 0.01699209 0.06341326 -0.02139449 0.0166645 0.06368428 -0.0218693 0.01656472 0.06385165 -0.01957786 0.01748055 0.0632348 -0.01916438 0.01778006 0.06318229 -0.02001148 0.01721709 0.06331199 -0.01841205 0.018476 0.0631532 -0.01807981 0.01886659 0.06317681 -0.0187745 0.01811283 0.06315499 -0.0175181 0.01971548 0.06329947 -0.01729339 0.02016639 0.06339728 -0.01778101 0.01928097 0.06322568 -0.01696628 0.02110147 0.06366199 -0.0168668 0.02157729 0.0638265 -0.01710891 0.02062976 0.06351858 -0.01679998 0.02252489 0.06421238 -0.01683336 0.0229882 0.06443047 -0.01681119 0.02205318 0.0640105 -0.01703226 0.02387398 0.06490737 -0.01719599 0.02428835 0.06516188 -0.01691102 0.02343922 0.06466275 -0.017645 0.02504247 0.06569218 -0.01792609 0.02537548 0.0659632 -0.01740086 0.02467906 0.06542426 -0.01858979 0.02593863 0.06650519 -0.01896619 0.02616387 0.06677138 -0.018242 0.02567499 0.06623506 -0.01979231 0.02649194 0.06728249 -0.0202347 0.02659183 0.06752288 -0.01936835 0.02634882 0.06703126 -0.02115833 0.02665895 0.067963 -0.02163159 0.02662557 0.06815868 -0.02069139 0.02664762 0.06775039 -0.02258026 0.02642649 0.068493 -0.0230472 0.02626246 0.06862866 -0.022107 0.02654778 0.06833589 -0.02394628 0.0258128 0.06883096 -0.02437025 0.02553105 0.06889599 -0.02350389 0.0260573 0.06874167 -0.0251488 0.02486616 0.06895047 -0.02549666 0.02448886 0.0689395 -0.0247724 0.02521455 0.06893587 -0.02609366 0.02366101 0.06884187 -0.0263378 0.02321773 0.06875598 -0.0258125 0.02408593 0.0689032 -0.02670633 0.02229213 0.06851381 -0.02682757 0.02181786 0.06835967 -0.0265426 0.02276015 0.06864631 -0.02693861 0.0208671 0.06799209 -0.02692747 0.02039909 0.0677818 -0.02690523 0.0213415 0.06818526 -0.02677232 0.01949805 0.06731766 -0.02662968 0.019073 0.06706786 -0.02687186 0.01994132 0.06755638 -0.0262205 0.01829266 0.06654369 -0.02595758 0.01794403 0.06627386 -0.02644515 0.01867008 0.06680905 -0.02532655 0.01734548 0.06573086 -0.02496397 0.01710087 0.06546241 -0.02565878 0.01762741 0.06600219 -0.0241608 0.01673126 0.06494325 -0.02372699 0.0166096 0.0646972 -0.02457422 0.01689547 0.06519907 -0.02281475 0.01649808 0.06424266 -0.02234417 0.01650917 0.06403839 -0.02327716 0.0165317 0.06446295 -0.0433889 0 0.07654148 -0.04461485 0.001747608 0.07782149 -0.04595047 0 0.07953548 -0.0380572 0 0.07129448 -0.03780019 3.7738e-4 0.0710656 -0.03930371 0.001783967 0.07227945 -0.002068758 0 0.0571255 -0.004648387 0.002598345 0.0572319 -0.006528735 9.92668e-4 0.05736345 0 0 0.056988 4.77623e-4 0 0.05701977 0.001130819 6.43112e-4 0.0570026 0.01258677 0 0.05848455 0.0142439 0 0.05881899 0.01563018 0.0022614 0.05916935 0.01946651 0 0.0604698 0.02033585 0 0.06076943 0.02193909 0.003094971 0.06136548 0.02950948 0 0.06501418 0.0313782 0 0.0662859 0.03235352 0.002379894 0.0668556 0.03663975 0 0.0700252 0.04079908 0 0.07374966 0.04158169 0.002605855 0.07452398 -0.0469349 0.0195505 0.08694487 -0.04679208 0.01967298 0.0866515 -0.04644083 0.02063626 0.08691918 -0.04838013 8.1839e-4 0.0827983 -0.04930949 0.003587067 0.08442568 -0.04900711 0 0.08397787 -0.05108308 0.001380622 0.08738237 -0.05088841 0 0.08688127 -0.05118292 0 0.08741605 -0.04995799 0.006474733 0.08598059 -0.05016762 0.00902301 0.08719646 -0.05017626 0.008978128 0.0871976 -0.0507493 0.006000757 0.08726936 -0.05077421 0.005653858 0.08727788 -0.05087447 0.004267454 0.0873118 -0.04742467 0.01425921 0.08455806 -0.04960238 0.01196002 0.08712565 -0.04736119 0.01159381 0.08336079 -0.05006808 0.00954014 0.08718395 -0.04704469 0.008987486 0.0820769 -0.04776275 0.01773089 0.08698797 -0.0481531 0.01650649 0.08701717 -0.04723441 0.01696026 0.08565819 -0.04906255 0.01365363 0.0870853 -0.04921638 0.01317083 0.08709681 -0.0475229 0.01825809 0.08697545 -0.0454933 0.0227192 0.08686977 -0.04291611 0.022762 0.08308619 -0.04525119 0.02325129 0.08685719 -0.04212611 0.02502006 0.08372527 -0.04113805 0.02722793 0.0842545 -0.0429911 0.02697569 0.0867691 -0.04419451 0.02499258 0.08681595 -0.03996038 0.02936637 0.08466887 -0.0421127 0.02842319 0.08673489 -0.04270595 0.02744567 0.08675795 -0.03860366 0.03141641 0.08496499 -0.04008764 0.03101158 0.08667367 -0.04111868 0.02969378 0.0867049 -0.03679662 0.03478837 0.08658421 -0.03774857 0.03382951 0.08660697 -0.03707975 0.0333603 0.08514016 -0.03838253 0.0331909 0.08662205 -0.03945738 0.03181719 0.0866546 -0.03590399 0.03568732 0.08656275 -0.03540199 0.03518062 0.08519285 -0.03414839 0.03745561 0.08652079 -0.0335853 0.03686159 0.08512258 -0.03405696 0.03752821 0.08651906 -0.03313481 0.0382604 0.08650159 -0.03164553 0.03838849 0.08493 -0.03199481 0.03916579 0.0864799 -0.0295996 0.03974777 0.08461666 -0.02991271 0.0408191 0.08644026 -0.02941167 0.0412169 0.08643078 -0.02746576 0.04092741 0.0841856 -0.02913033 0.04139059 0.08642655 -0.02763229 0.04231536 0.0864042 -0.02526247 0.04191726 0.08364039 -0.02524703 0.04378753 0.0863685 -0.02477836 0.0440768 0.08636146 -0.0230093 0.04270851 0.08298587 -0.02427536 0.04438728 0.08635395 -0.02072596 0.04329419 0.08222776 -0.02014899 0.04630315 0.08630669 -0.02266669 0.04513412 0.08633559 -0.01843249 0.04366916 0.08137279 -0.01935482 0.0466718 0.08629757 -0.01990765 0.04641515 0.086304 -0.01720339 0.04705119 0.08550685 -0.0169124 0.04754829 0.08627569 -0.01880353 0.0469278 0.08629125 -0.0153073 0.04807478 0.0862624 -0.01450818 0.04724115 0.0843923 -0.01370793 0.04859936 0.08624917 -0.01307868 0.04880577 0.08624398 -0.01184868 0.04717689 0.08318185 -0.01030319 0.04936599 0.08622938 -0.009248316 0.04685902 0.08188658 -0.007628977 0.04990589 0.08621537 -0.01017469 0.0493921 0.08622878 -0.003840625 0.04914635 0.08419668 -0.005186378 0.05016708 0.08620846 -0.006721854 0.04979693 0.08576279 -0.006418824 0.05006223 0.08621126 -0.007171273 0.04999828 0.08621299 6.47209e-4 0.05049818 0.08619958 0 0.0505023 0.08619946 -0.001078367 0.04821431 0.08256006 -0.001500546 0.0504803 0.08620005 -0.002316772 0.05041092 0.0862019 0.00154072 0.04700928 0.08086729 0.00234133 0.05042225 0.0862019 0.002075076 0.05043429 0.0862016 0.005093038 0.0491805 0.08443188 0.005158901 0.05021727 0.08620756 0.003955483 0.05034989 0.08620411 0.01146835 0.04917871 0.08623439 0.01051348 0.04941278 0.08622837 0.007832884 0.04754132 0.08249509 0.01025885 0.04945772 0.08622717 0.007266581 0.04998505 0.08621376 0.006760001 0.0500409 0.08621227 0.01169031 0.0491243 0.08623576 0.01160269 0.04912012 0.08614677 0.01387912 0.04858762 0.08624947 0.0143755 0.04701828 0.08399236 0.01523697 0.04815626 0.08626037 0.01679247 0.04766201 0.08627277 0.01712828 0.04755532 0.08627545 0.0168941 0.04462945 0.08182507 0.01994591 0.04644399 0.08630335 0.02044135 0.04624879 0.0863083 0.02005892 0.04639959 0.08630448 0.02097731 0.0454204 0.0853945 0.02666026 0.04301863 0.08638757 0.02464759 0.04415369 0.08635997 0.02339589 0.04255676 0.08306336 0.02361685 0.04473489 0.08634591 0.02195739 0.0455259 0.08632618 0.02549517 0.03943115 0.0807594 0.02776277 0.04229503 0.08640497 0.02707421 0.04274696 0.08639407 0.0295003 0.04115456 0.08643239 0.02898037 0.0414958 0.08642417 0.02968209 0.03943651 0.0842961 0.03486829 0.03679072 0.0865364 0.0347203 0.03693568 0.08653289 0.03155642 0.03586155 0.08189487 0.0329948 0.03842616 0.08649766 0.03217107 0.03913784 0.08648079 0.031991 0.03927379 0.08647757 0.0371524 0.03134661 0.08313298 0.03997021 0.03126072 0.08666789 0.0392856 0.03213918 0.08664709 0.03655421 0.03513979 0.0865758 0.03557699 0.03533428 0.08558225 0.0366829 0.03501397 0.08657878 0.03688216 0.0348187 0.08658337 0.03831887 0.02716469 0.08078026 0.0410698 0.0298497 0.08670139 0.04062819 0.03041648 0.08668798 0.04330587 0.0266149 0.0867778 0.0428754 0.02725052 0.08676278 0.04213428 0.02599829 0.08453816 0.0414195 0.029401 0.086712 0.04615759 0.0213887 0.08690106 0.04535967 0.02301239 0.08686256 0.04291135 0.0214855 0.08221346 0.04514056 0.02345848 0.08685195 0.04411959 0.02521479 0.0868107 0.04672098 0.01518148 0.08392757 0.04908883 0.0138213 0.08708095 0.04901838 0.01403331 0.08707588 0.04797279 0.01717609 0.08700108 0.04739499 0.01858448 0.0869677 0.04637676 0.01995533 0.08617436 0.04695951 0.01964569 0.08694249 0.04668289 0.02031993 0.08692646 0.04910445 0.01377445 0.08708208 0.04660618 0.01032179 0.08184719 0.0497722 0.01118683 0.08714425 0.04966568 0.008423447 0.08597928 0.05016255 0.009383499 0.0871877 0.0499652 0.01043891 0.08716219 0.04908168 0.003423333 0.08404588 0.05109369 0.001877248 0.08736997 0.0510174 0.00348556 0.08733046 0.05087649 0.004692554 0.08730119 0.05060619 0.007010102 0.08724486 0.0504474 0.007859587 0.08722436 0.05118292 0 0.08741605 0.05088841 0 0.08688127 0.04831022 0 0.08290237 0.0466848 0 0.08039379 0.04165923 0 0.07451999 0.04477488 0 0.07816159 0.04500776 5.16907e-4 0.0782572 0.04575586 0 0.07930809 0.04603338 0.005419254 0.07995146 0.02259898 0 0.0615496 0.02604329 0 0.06327641 0.02641916 6.20094e-4 0.06332606 0.02756398 0 0.06403887 0.02800571 0.004604995 0.0643686 0.001981735 0 0.05711972 0.006751537 0 0.05743688 0.003022313 0.002866983 0.05713719 0.004724264 0.005226612 0.0574156 -0.002899289 0.00435096 0.05722308 -0.007899761 0 0.05753839 -0.007713258 0 0.05750083 -0.005594015 0 0.05735999 -0.014921 0.002214848 0.05897468 -0.01135563 0 0.05823606 -0.0131607 0.003095448 0.05857837 -0.008719027 0 0.05770385 -0.01146429 0.004125893 0.05827623 -0.009846687 0.005297303 0.05807089 -0.02228593 3.25821e-4 0.0614199 -0.02027547 0 0.06074851 -0.02042841 5.43358e-4 0.0606895 -0.0182473 0 0.06004947 -0.01857089 9.33258e-4 0.06003499 -0.0161904 0 0.05934041 -0.01672977 0.001492083 0.05946159 -0.01529073 0 0.05903035 -0.01390373 0 0.05875039 -0.02409839 0 0.06230121 -0.02259898 0 0.0615496 -0.02225571 0 0.06143122 -0.02408742 3.15178e-4 0.06230568 -0.02590346 4.54132e-4 0.063187 -0.02595067 0 0.06322997 -0.02769619 7.18849e-4 0.0639972 -0.02782189 0 0.06416815 -0.02950948 0 0.06501418 -0.0293926 0.001194477 0.06495988 -0.02969837 0 0.06514281 -0.03101027 0.001836836 0.0659607 -0.03164905 0 0.0664702 -0.03253483 0.002640247 0.06699079 -0.03367507 0 0.0678488 -0.03395313 0.003597497 0.06804108 -0.03575259 0 0.06926256 -0.03590035 0 0.06936317 -0.03525257 0.004700303 0.0691024 -0.03730309 0 0.07061928 -0.04165637 0.005286753 0.07486146 -0.0431019 0 0.07620608 -0.04057222 0.003465712 0.07358086 -0.04165923 0 0.07451999 -0.04047918 0 0.0734632 -0.0466848 0 0.08039379 -0.04566538 0.004042685 0.07929509 -0.0478968 0 0.0822643 0.04324555 0.01684886 0.08003127 0.04313409 0.012129 0.07801067 0.04257786 0.007367312 0.07616961 0.03906613 0.02282553 0.07854497 0.03938758 0.01836717 0.07644671 0.03928035 0.01382875 0.07450377 0.03874546 0.009250223 0.0727334 0.03778749 0.004671812 0.07115107 0.0364151 1.33705e-4 0.06977075 0.03633981 0 0.06975668 0.03590035 0 0.06936317 0.03305488 0.03206855 0.07956516 0.03416442 0.02809089 0.07732748 0.03487515 0.02396357 0.07520127 0.0351808 0.01972293 0.07320547 0.035079 0.01540619 0.07135748 0.03457009 0.01105123 0.06967347 0.0336591 0.006696343 0.06816846 0.0272566 0.0360713 0.07850265 0.028665 0.03250658 0.07631325 0.02970767 0.02876836 0.07421016 0.03037554 0.02488952 0.07221198 0.03066295 0.02090418 0.07033628 0.03056699 0.01684725 0.06859958 0.03008896 0.01275438 0.06701695 0.02923268 0.008661687 0.06560248 0.0191363 0.04197448 0.07966387 0.02108258 0.0390768 0.07752788 0.02271562 0.0359618 0.07543575 0.0240212 0.0326569 0.07340586 0.02498799 0.02919137 0.07145607 0.0256071 0.02559518 0.06960356 0.0258736 0.02190035 0.06786459 0.02578479 0.01813918 0.06625449 0.02534145 0.01434475 0.06478726 0.02454751 0.01055032 0.06347596 0.0234102 0.006789386 0.06233197 0.0103631 0.04562336 0.08052915 0.01266121 0.0434435 0.07855147 0.01470732 0.04102075 0.07657939 0.0164833 0.03837651 0.0746302 0.0179736 0.0355342 0.07272106 0.01916491 0.03251838 0.07086879 0.02004712 0.02935588 0.06908959 0.02061218 0.02607429 0.0673992 0.02085518 0.02270275 0.06581228 0.02077418 0.01927053 0.06434297 0.02036958 0.0158081 0.06300419 0.01964527 0.01234567 0.06180745 0.01860731 0.008913755 0.06076359 0.01726508 0.005542457 0.05988162 0.01529073 0 0.05903035 0.00399369 0.04554188 0.07913327 0.006258845 0.04382479 0.07737326 0.008316457 0.04187303 0.07560271 0.01014822 0.03970408 0.0738371 0.0117383 0.0373367 0.07209199 0.01307249 0.03479188 0.07038277 0.01413899 0.03209209 0.06872445 0.01492881 0.02926069 0.06713157 0.0154348 0.0263229 0.06561809 0.01565229 0.02330428 0.06419748 0.01557976 0.02023148 0.062882 0.01521766 0.0171315 0.06168329 0.0145691 0.01403158 0.06061208 0.0136398 0.01095908 0.05967748 0.01243811 0.007940888 0.05888783 0.0109744 0.005003452 0.05825012 0.009261667 0.002172768 0.05776989 0.007720232 0 0.05750221 0.007713258 0 0.05750083 -0.04647761 0.006462991 0.08071768 -0.006729543 0.04629021 0.08051747 -0.00431478 0.0454756 0.07908678 -0.002025187 0.04442209 0.07760697 1.19148e-4 0.04313921 0.07609111 0.002099335 0.04163813 0.07455247 0.003897964 0.03993207 0.07300466 0.005499303 0.03803592 0.0714612 0.006889343 0.03596657 0.06993567 0.008055686 0.03374189 0.06844156 0.008988082 0.0313816 0.06699186 0.009678483 0.02890658 0.06559938 0.01012068 0.02633821 0.06427639 0.01031088 0.02369946 0.06303447 0.01024752 0.02101331 0.06188446 0.009930968 0.01830345 0.06083667 0.009364008 0.01559352 0.0599001 0.008551657 0.01290756 0.0590831 0.007501125 0.01026898 0.05839288 0.006221592 0.007701218 0.0578354 -0.04254639 0.007231116 0.07611 -0.0432347 0.009281754 0.07731527 -0.043715 0.01142048 0.07846677 -0.04398316 0.01362878 0.07955455 -0.04403698 0.01588696 0.0805689 -0.04387575 0.01817536 0.081501 -0.04350101 0.02047371 0.0823425 -0.04563468 0.0224083 0.0868771 -0.01614928 0.04383009 0.08042848 -0.01389598 0.04377573 0.07940298 -0.01169288 0.0435065 0.0783056 -0.009558916 0.04302453 0.07714557 -0.007513046 0.04233431 0.07593345 -0.005573213 0.04144179 0.07467979 -0.003756403 0.0403549 0.07339549 -0.002078711 0.03908318 0.07209187 -5.54874e-4 0.03763777 0.07078057 8.01838e-4 0.0360313 0.0694729 0.001979351 0.03427791 0.0681805 0.002967536 0.03239321 0.06691455 0.003757536 0.0303936 0.06568628 0.004342496 0.02829653 0.06450659 0.004717171 0.02612066 0.06338566 0.004878342 0.02388495 0.06233346 0.004824519 0.0216093 0.0613591 0.004556298 0.01931327 0.06047147 0.004076004 0.01701748 0.05967789 0.003387749 0.01474171 0.05898582 0.002497673 0.0125063 0.05840092 0.001413643 0.01033079 0.05792868 1.45161e-4 0.008234262 0.05757308 -0.001296699 0.006235063 0.05733716 -0.03642159 0.005938947 0.07016527 -0.03745025 0.007302582 0.07122057 -0.0383293 0.008779168 0.072259 -0.03905093 0.01035565 0.07327115 -0.03960889 0.01201838 0.07424849 -0.03999847 0.01375252 0.07518225 -0.04021579 0.0155431 0.07606416 -0.04025954 0.01737403 0.07688665 -0.04012882 0.01922959 0.07764238 -0.03982496 0.02109313 0.07832479 -0.03935068 0.02294856 0.07892769 -0.03871011 0.02477943 0.07944595 -0.03790897 0.02656966 0.07987511 -0.03695416 0.02830356 0.0802111 -0.0358541 0.02996581 0.08045119 -0.03461843 0.031542 0.08059316 -0.03325808 0.03301799 0.0806359 -0.03178507 0.03438097 0.08057886 -0.03021216 0.03561896 0.08042275 -0.02855318 0.03672111 0.08016878 -0.0268231 0.0376777 0.0798192 -0.02503657 0.03848028 0.07937705 -0.02320969 0.0391218 0.07884639 -0.02135825 0.03959673 0.07823169 -0.0194987 0.03990072 0.07753849 -0.01764726 0.04003137 0.0767728 -0.01582038 0.0399872 0.07594138 -0.01403385 0.03976887 0.07505148 -0.01230365 0.03937798 0.07411098 -0.01064479 0.03881841 0.0731281 -0.009071886 0.03809469 0.0721116 -0.007598817 0.0372135 0.07107019 -0.00623852 0.03618228 0.07001328 -0.005002856 0.03501021 0.06894999 -0.003902733 0.03370773 0.06788969 -0.002947986 0.03228598 0.06684166 -0.002146661 0.0307579 0.06581526 -0.001506209 0.02913641 0.06481939 -0.001031935 0.02743613 0.06386286 -7.28138e-4 0.02567183 0.062954 -5.97454e-4 0.0238592 0.06210082 -6.41048e-4 0.0220139 0.06131082 -8.58536e-4 0.02015227 0.0605911 -0.001247942 0.01829063 0.0599476 -0.001805961 0.01644551 0.05938649 -0.002527654 0.01463294 0.05891221 -0.003406584 0.012869 0.05852919 -0.004435241 0.01116901 0.05824089 -0.005604386 0.009548068 0.05804961 -0.006903707 0.008020341 0.05795717 -0.00832206 0.006599247 0.0579642 -0.02109688 0.005952239 0.0612691 -0.0225045 0.005787432 0.06182247 -0.02389997 0.00575459 0.06242829 -0.0252707 0.005854249 0.06308126 -0.02660465 0.006085216 0.06377565 -0.02789026 0.006445825 0.06450527 -0.02911627 0.006932616 0.06526368 -0.03027158 0.007541418 0.06604439 -0.03134644 0.008266925 0.06684029 -0.03233122 0.009102702 0.06764459 -0.03321725 0.01004129 0.06845015 -0.03399676 0.01107478 0.06924986 -0.03466296 0.01219373 0.07003676 -0.03520989 0.01338857 0.07080399 -0.03563272 0.01464861 0.07154458 -0.03592795 0.01596283 0.07225227 -0.03609269 0.01731973 0.07292068 -0.03612571 0.01870745 0.07354396 -0.03602671 0.02011352 0.0741167 -0.03579646 0.02152591 0.07463377 -0.03543698 0.02293205 0.07509076 -0.03495162 0.02431952 0.0754835 -0.03434449 0.02567625 0.0758087 -0.03362077 0.02699035 0.07606339 -0.0327872 0.02825003 0.0762453 -0.03185063 0.02944457 0.07635289 -0.03081977 0.03056317 0.07638525 -0.02970343 0.03159606 0.0763421 -0.02851146 0.03253436 0.07622379 -0.02725428 0.0333696 0.07603126 -0.02594298 0.03409445 0.07576638 -0.02458918 0.03470271 0.07543128 -0.02320456 0.03518897 0.07502907 -0.02180147 0.0355488 0.07456326 -0.02039223 0.03577923 0.07403796 -0.0189892 0.03587818 0.07345765 -0.01760452 0.0358448 0.07282745 -0.01625072 0.03567928 0.07215321 -0.01493942 0.03538316 0.07144039 -0.01368218 0.03495889 0.07069545 -0.01249039 0.03441053 0.06992518 -0.01137393 0.0337426 0.06913596 -0.01034307 0.03296118 0.06833499 -0.009406626 0.03207296 0.0675292 -0.008572936 0.03108578 0.06672561 -0.007849335 0.03000849 0.06593137 -0.007242023 0.02885031 0.06515347 -0.006756663 0.0276215 0.06439876 -0.006397247 0.02633297 0.06367385 -0.006166934 0.02499598 0.06298506 -0.006067872 0.02362215 0.06233847 -0.006101012 0.02222365 0.06173986 -0.006265819 0.0208128 0.06119436 -0.006560981 0.01940202 0.06070679 -0.006983876 0.01800376 0.06028139 -0.007530808 0.01663017 0.05992203 -0.008196949 0.0152933 0.05963188 -0.008976459 0.01400488 0.05941325 -0.009862482 0.01277649 0.05926829 -0.01084727 0.01161879 0.05919826 -0.01192206 0.01054173 0.05920368 -0.01307743 0.009555101 0.05928438 -0.01430338 0.008667349 0.05944001 -0.01558899 0.007886409 0.05966901 -0.01692301 0.007219076 0.0599693 -0.01829373 0.006671309 0.06033831 -0.0196892 0.006247699 0.06077283 -0.02157855 0.01130855 0.06232619 -0.02252399 0.01119786 0.06269788 -0.02346116 0.01117587 0.0631048 -0.02438169 0.01124262 0.06354337 -0.02527779 0.01139783 0.06400966 -0.0261411 0.01164007 0.06449967 -0.0269646 0.011967 0.06500905 -0.02774053 0.01237589 0.06553339 -0.0284624 0.01286309 0.06606799 -0.0291239 0.01342439 0.06660819 -0.02971899 0.01405495 0.06714916 -0.0302425 0.01474899 0.06768625 -0.03068989 0.0155006 0.06821489 -0.03105711 0.016303 0.06873005 -0.03134125 0.0171492 0.06922745 -0.03153944 0.01803195 0.0697028 -0.03165012 0.01894325 0.07015168 -0.03167229 0.01987522 0.07057029 -0.03160583 0.02081966 0.07095497 -0.0314511 0.02176827 0.07130229 -0.0312097 0.02271252 0.07160919 -0.03088372 0.02364438 0.071873 -0.03047597 0.02455568 0.0720914 -0.02998989 0.02543818 0.0722624 -0.02943009 0.02628433 0.07238459 -0.02880108 0.02708655 0.07245689 -0.02810877 0.02783787 0.07247859 -0.02735888 0.02853155 0.07244956 -0.02655833 0.02916169 0.07237011 -0.02571403 0.02972269 0.07224088 -0.02483338 0.0302096 0.0720629 -0.02392405 0.03061807 0.0718379 -0.02299416 0.0309447 0.07156777 -0.02205187 0.0311864 0.0712549 -0.02110528 0.03134101 0.0709021 -0.02016294 0.03140759 0.07051229 -0.01923298 0.03138506 0.07008916 -0.01832371 0.03127396 0.06963616 -0.01744318 0.03107506 0.06915748 -0.01659876 0.03079015 0.06865715 -0.01579815 0.03042185 0.06813991 -0.0150485 0.0299732 0.06760978 -0.01435601 0.02944839 0.06707179 -0.013727 0.0288518 0.06653058 -0.0131672 0.02818888 0.06599086 -0.01268112 0.02746528 0.06545746 -0.01227337 0.0266875 0.06493508 -0.01194739 0.02586209 0.06442821 -0.01170599 0.02499669 0.06394129 -0.01155126 0.02409875 0.0634787 -0.0114848 0.02317607 0.06304448 -0.01150697 0.02223688 0.06264239 -0.01161766 0.02128928 0.06227588 -0.01181578 0.02034175 0.06194853 -0.01209998 0.01940268 0.06166285 -0.0124672 0.01848006 0.06142145 -0.01291459 0.01758211 0.06122648 -0.0134381 0.01671689 0.0610798 -0.01403319 0.01589179 0.0609824 -0.01469469 0.01511418 0.06093531 -0.01541656 0.014391 0.06093895 -0.01619255 0.01372826 0.06099337 -0.01701599 0.01313203 0.0610978 -0.0178793 0.01260757 0.06125158 -0.0187754 0.01215928 0.06145328 -0.01969593 0.0117914 0.06170111 -0.0206331 0.01150709 0.061993 -0.04941177 -0.02600044 -0.002966046 -0.04911339 -0.02600008 -0.006186366 -0.04946082 -0.02599996 -0.00197798 -0.04949718 -0.02599996 5.06498e-4 -0.04949408 -0.02600115 -7.69538e-4 -0.04027962 -0.0226643 0.07033449 -0.04070132 -0.02333295 0.06984549 -0.03784608 -0.02353131 0.06766438 -0.02943229 -0.02577 0.05964136 -0.02962416 -0.02590543 0.05907768 -0.02590179 -0.02591729 0.05798381 -0.02901536 -0.02530926 0.0607481 -0.02922832 -0.02557098 0.0602017 -0.02561515 -0.02562439 0.05898731 -0.02857619 -0.02460134 0.06175619 -0.02879697 -0.02498579 0.06126976 -0.0252943 -0.02511197 0.05994379 0 -0.02518296 0.05660009 0 -0.02509808 0.05665218 -0.003574728 -0.02505505 0.05674976 0 -0.024293 0.0569663 0 -0.02418071 0.05697453 -0.003519535 -0.02408874 0.05708587 0 -0.02597475 0.05530697 0 -0.02596819 0.05533415 -0.007281959 -0.02596443 0.05545699 -0.03430312 -0.02599996 0.05948221 -0.0337302 -0.02599996 0.05928301 -0.03329288 -0.0258938 0.06041949 -0.03130519 -0.02599996 0.05843985 -0.03039789 -0.02599996 0.05816078 -0.03688186 -0.02588284 0.0620284 -0.03746289 -0.02599996 0.06080037 -0.0374425 -0.02599996 0.0607903 -0.04036861 -0.02599996 0.06223088 -0.0399934 -0.02593195 0.06323999 -0.03997576 -0.02591788 0.0633139 -0.03989833 -0.02585637 0.06363987 -0.03974723 -0.02573627 0.06427538 -0.03655058 -0.02571535 0.06268578 -0.03973203 -0.02568984 0.06443518 -0.03967779 -0.02552479 0.06500458 -0.03951597 -0.02542418 0.06526941 -0.03964865 -0.0254361 0.06531029 -0.03965073 -0.02541947 0.06535476 -0.03966152 -0.0253303 0.06559419 -0.03908663 -0.02507323 0.06592768 -0.03969496 -0.02505552 0.06633126 -0.0396983 -0.02502828 0.0664041 -0.0386604 -0.02463942 0.0665546 -0.03977459 -0.0248599 0.06677997 -0.03824466 -0.02412426 0.06713718 -0.04002118 -0.02431541 0.06799405 -0.03990393 -0.02457433 0.06741666 -0.0407266 -0.02337312 0.0698111 -0.04050016 -0.02367568 0.06922775 -0.04025906 -0.02399766 0.06860679 -0.04165667 -0.02229315 0.07180786 -0.04139542 -0.02257579 0.071298 -0.04101693 -0.02298521 0.07055896 -0.04076147 -0.02332657 0.06990087 -0.03988903 -0.0219047 0.07073825 -0.04224187 -0.02169829 0.07286316 -0.04193109 -0.0219962 0.07234358 -0.0424112 -0.02153587 0.07314646 -0.04210627 -0.02086049 0.0734319 -0.0431841 -0.02079492 0.07443869 -0.04326045 -0.02072179 0.0745663 -0.04390585 -0.01887369 0.07636749 -0.04418039 -0.01976156 0.07615429 -0.04178982 -0.01998662 0.07368546 -0.0442003 -0.01982069 0.07613778 -0.04399001 -0.02002215 0.07578641 -0.04560899 -0.01846992 0.07849347 -0.04527449 -0.01879078 0.07793408 -0.04480195 -0.01924389 0.07714378 -0.04427105 -0.01975286 0.07625609 -0.04582023 -0.01691025 0.07919746 -0.04592579 -0.01783907 0.07912379 -0.04371649 -0.01794886 0.07648235 -0.04597401 -0.01811337 0.0790919 -0.04582846 -0.0182597 0.07886028 -0.04713773 -0.01692837 0.08093535 -0.04698663 -0.01709586 0.08070206 -0.04640889 -0.01767647 0.07978326 -0.04623997 -0.0178461 0.07951468 -0.046669 -0.01602631 0.08040535 -0.04600381 -0.01600211 0.0794999 -0.04577618 -0.01601308 0.07922267 -0.04401659 -0.01609712 0.07707989 -0.04786986 -0.01606988 0.08203995 -0.04744338 -0.0165894 0.08140736 -0.0471735 -0.01688861 0.08099055 0 -0.02599996 0.0549879 -0.01466053 -0.02594953 0.05597436 -0.01048189 -0.02599996 0.0551418 -0.00729382 -0.02599996 0.05509501 -0.02215069 -0.02592879 0.05711632 -0.01759713 -0.02599996 0.05565869 -0.01470965 -0.02599996 0.05544888 -0.02611231 -0.02599996 0.05711889 -0.02403569 -0.02599996 0.0566141 -0.02229386 -0.02599996 0.05635553 -0.02994292 -0.02599996 0.05805003 -0.02259135 -0.02076876 0.06156682 -0.0239526 -0.02095866 0.06211537 -0.02185481 -0.02094787 0.0612424 -0.02069306 -0.02166128 0.06076622 -0.02060192 -0.02123188 0.06077826 -0.01860278 -0.02168518 0.06003779 -0.01735728 -0.02232468 0.05961579 -0.01728308 -0.02195572 0.05963611 -0.01530408 -0.02236133 0.05903393 -0.01395887 -0.02292352 0.05866986 -0.01529061 -0.02236378 0.05903077 -0.01051086 -0.0234335 0.05793201 -0.01182687 -0.02297377 0.05820107 -0.01390117 -0.02260839 0.05869793 -0.007000923 -0.0235973 0.05743461 -0.00771147 -0.02352678 0.05751579 -0.00702697 -0.02383029 0.05740368 -0.008329212 -0.02346557 0.05758649 -0.01046997 -0.02316457 0.05796253 -0.004891455 -0.02380645 0.05719363 -0.00350672 -0.02387845 0.05711662 -0.001583099 -0.02397859 0.05700951 0 -0.02399992 0.056988 -0.02835655 -0.02415919 0.06219762 -0.02512669 -0.02477538 0.06038039 -0.02545779 -0.02539515 0.05947619 -0.02495759 -0.02438819 0.06077778 -0.02160328 -0.02494645 0.05921232 -0.02147859 -0.02461338 0.0595622 -0.0180298 -0.02510821 0.05824977 -0.0179423 -0.02482622 0.05855149 -0.01442998 -0.0252543 0.05749005 -0.01437187 -0.02501869 0.05774629 -0.02576392 -0.02579861 0.0584867 -0.02205651 -0.02582675 0.0575549 -0.02195316 -0.0256769 0.05799198 -0.02184218 -0.02547967 0.0584194 -0.02172499 -0.02523595 0.058829 -0.01819336 -0.02555948 0.05756849 -0.01811385 -0.02535325 0.05791991 -0.01453596 -0.02563166 0.05691379 -0.014485 -0.02545917 0.0572108 -0.007245004 -0.0257408 0.05612432 -0.007228255 -0.0256195 0.05633592 -0.007209539 -0.02547556 0.05653548 0 -0.02555805 0.05623698 0 -0.02542632 0.0563901 -0.01078355 -0.0251823 0.05713951 -0.007189035 -0.0253098 0.0567193 0 -0.02542191 0.05639398 0 -0.0257706 0.05591803 0 -0.02567642 0.05606853 0 -0.02560645 0.05618053 -0.007272005 -0.02591359 0.05568087 0 -0.02592277 0.05552107 0 -0.02590185 0.05560678 -0.01826745 -0.02572631 0.05720221 -0.01462429 -0.02587723 0.05628979 -0.01458269 -0.0257712 0.0566048 -0.007259607 -0.02583885 0.05590462 0 -0.02585947 0.05570745 -0.04359203 -0.01703369 0.07653325 -0.0435189 -0.01615405 0.0765357 -0.0411036 -0.01647102 0.07399058 -0.04165238 -0.01638072 0.07452708 -0.04120135 -0.01731717 0.07400047 -0.0419265 -0.01633578 0.07479506 -0.03865647 -0.01773309 0.07160949 -0.03854411 -0.01692789 0.07158929 -0.03949517 -0.01673555 0.07241815 -0.03954213 -0.02110219 0.07106781 -0.0358414 -0.01750671 0.06935125 -0.03588408 -0.017497 0.06938427 -0.03596657 -0.01825761 0.06937009 -0.03703558 -0.01723337 0.07027435 -0.03314125 -0.01886659 0.06729185 -0.03301185 -0.01817435 0.0672748 -0.03419303 -0.01788389 0.0680772 -0.02949625 -0.01905107 0.06503635 -0.03006231 -0.0189079 0.0653727 -0.03018975 -0.01953613 0.0653845 -0.03125387 -0.01860636 0.06608051 -0.02384555 -0.02046376 0.06211948 -0.02510058 -0.02015852 0.06267237 -0.02712249 -0.02024179 0.06365686 -0.02700299 -0.01968008 0.06365227 -0.0282312 -0.01937127 0.0642848 0 -0.02459532 0.05689764 0 -0.02436608 0.05694967 -0.003541529 -0.02448099 0.05701369 -0.003530383 -0.024284 0.0570594 -0.007072806 -0.0242747 0.05732548 -0.007049441 -0.0240513 0.0573756 -0.01058578 -0.02395778 0.05784535 -0.01054739 -0.02369409 0.05790179 -0.01406848 -0.02355062 0.05857431 -0.01401203 -0.02323508 0.05863779 -0.01750653 -0.02307236 0.05951362 -0.01742929 -0.02269589 0.05958348 -0.02088475 -0.02254265 0.06066066 -0.02078443 -0.02209883 0.06073546 -0.02418649 -0.02198207 0.06200838 -0.02406299 -0.02146655 0.06208711 -0.0273953 -0.021411 0.06354969 -0.02724975 -0.0208221 0.06363159 -0.03033 -0.02018839 0.06536185 0 -0.02489709 0.05677592 0 -0.02473902 0.05683976 -0.00356394 -0.02486968 0.05685919 -0.003552794 -0.02467721 0.05694729 -0.00712043 -0.0247156 0.05715328 -0.007096529 -0.02449727 0.05725175 -0.01066529 -0.02447897 0.05764693 -0.01062518 -0.02422076 0.05776095 -0.01418817 -0.02417469 0.05834466 -0.01412737 -0.02386546 0.05847728 -0.01767456 -0.02381753 0.05925095 -0.01758867 -0.02344805 0.05940359 -0.02110809 -0.02342206 0.06036579 -0.02099287 -0.02298599 0.06053847 -0.02446949 -0.02300363 0.06168359 -0.02432227 -0.02249699 0.0618751 -0.02773898 -0.02257788 0.06319779 -0.02755868 -0.02199923 0.06340646 -0.03068417 -0.02151048 0.0651257 -0.0304948 -0.02084976 0.06527727 -0.0334692 -0.02031886 0.06718349 -0.03328919 -0.01958787 0.06727069 -0.03611671 -0.01904237 0.06934809 -0.03747081 -0.0228722 0.06812936 -0.03482162 -0.02372282 0.06564658 -0.03515774 -0.02426981 0.0651381 -0.03550446 -0.02474516 0.0645762 -0.03585588 -0.02514535 0.06397199 -0.03620666 -0.02546906 0.06333768 -0.03972959 -0.02568227 0.06446158 0 -0.02526438 0.05652981 -0.003585219 -0.0252304 0.05662059 -0.007167041 -0.0251255 0.056885 -0.007143974 -0.02492618 0.05703026 -0.0107451 -0.02496409 0.0573337 -0.01070559 -0.02472811 0.05750381 -0.01431137 -0.02475655 0.05797612 -0.0142498 -0.02447348 0.05817651 -0.01785296 -0.024513 0.05882143 -0.01776313 -0.02417457 0.0590558 -0.02135306 -0.02424317 0.0598737 -0.02122879 -0.02384352 0.06014299 -0.02478992 -0.0239579 0.06113046 -0.02462625 -0.02349352 0.06143385 -0.02814143 -0.02366775 0.06258845 -0.02793449 -0.02313739 0.06292349 -0.03113269 -0.02278798 0.0646069 -0.03089749 -0.02216005 0.06490218 -0.03392618 -0.02176553 0.06678986 -0.03368157 -0.02104848 0.067025 -0.0365386 -0.02062988 0.0690931 -0.03630709 -0.0198372 0.06925755 -0.03899896 -0.0194233 0.07148748 -0.03880333 -0.01857316 0.07158309 -0.04133963 -0.01820152 0.07396477 -0.04153501 -0.01909589 0.07386147 -0.03924477 -0.02027058 0.07131749 -0.03681159 -0.02140843 0.06884938 -0.03712409 -0.02216029 0.06852626 -0.0342009 -0.02245855 0.06647819 -0.03450101 -0.02311491 0.06609517 -0.0313856 -0.02338331 0.06424468 -0.03165209 -0.0239346 0.06382119 -0.03192776 -0.02443075 0.06334179 -0.0322085 -0.02486199 0.06281268 -0.03248983 -0.02522498 0.06224411 -0.03276747 -0.02551865 0.06164807 -0.03303658 -0.02574199 0.06103599 -0.04239225 -0.02155417 0.07311469 -0.05042093 -0.0111792 0.08628207 -0.05036199 -0.01111835 0.08616191 -0.05096936 -0.008459091 0.08719748 -0.05232137 -0.003210484 0.09107255 -0.05202853 -0.006368756 0.0905447 -0.05180811 -0.00603199 0.08925187 -0.05141162 -0.005703449 0.08799928 -0.05077129 -0.005958557 0.0866723 -0.05084276 -0.005386233 0.08680045 -0.05220085 -0.005486369 0.09202998 -0.05205959 -0.006692349 0.09179568 -0.05198019 -0.007368445 0.09166425 -0.05155915 -0.009862482 0.09099805 -0.05155867 -0.009410977 0.0897392 -0.0509358 -0.01269978 0.09005188 -0.0508936 -0.01288783 0.08998799 -0.05092793 -0.01260393 0.08934068 -0.05151808 -0.01010608 0.09093296 -0.05094075 -0.01249897 0.08910125 -0.05227559 -0.004847705 0.09215408 -0.05237555 -0.003391981 0.09233456 -0.05242472 2.6901e-5 0.09133827 -0.0524252 1.37e-7 0.09134006 -0.0524131 2.7267e-5 0.09127938 -0.05242919 -3.13774e-4 0.0913611 -0.05243045 -3.72475e-4 0.09137445 -0.05243563 -6.41823e-4 0.09143608 -0.0524367 -6.85333e-4 0.09145015 -0.05243819 -7.3394e-4 0.09147095 -0.05244612 -9.99987e-4 0.0915848 -0.05244857 -0.001072227 0.09163028 -0.05245578 -0.001285195 0.0917645 -0.05245697 -0.001320183 0.09179115 -0.0524587 -0.001378715 0.09184455 -0.0524643 -0.001571834 0.09202116 -0.05246526 -0.001642346 0.09210968 -0.05246698 -0.001780629 0.0922833 -0.05246692 -0.001807749 0.09232419 -0.05246609 -0.001859784 0.09241425 -0.0524652 -0.001909971 0.09250086 -0.05244797 -0.002337217 0.0924654 -0.05208349 -0.003030002 0.0897656 -0.05214846 3.5622e-5 0.0899434 -0.05167853 -0.002863228 0.08849817 -0.05171662 2.4132e-5 0.08865487 -0.05209869 3.7193e-5 0.08969187 -0.05115872 -0.001960635 0.0873717 -0.05146932 1.5686e-5 0.0879839 -0.05041193 -0.007954955 0.08604288 -0.05040138 -0.007999181 0.08602505 -0.05035859 -0.01111471 0.08615487 -0.04978919 -0.01052689 0.08499366 -0.04988205 -0.01018601 0.0851469 -0.05090588 -0.0123232 0.08871608 -0.05090361 -0.01231229 0.0886923 -0.05136013 -0.008933901 0.08844655 -0.050888 -0.005024671 0.08688145 -0.0510208 -0.003960788 0.08711987 -0.05110692 -0.002710223 0.08727729 -0.05081218 -0.01185119 0.08768206 -0.05073791 -0.01172369 0.08741658 -0.05073362 -0.0117163 0.08740109 0 0.05133426 0.0879727 -0.05153459 0.00435096 0.08858466 -0.05196416 0.004396617 0.08993285 -0.05229157 0.004385769 0.09269136 -0.05246269 0.001975119 0.09263867 -0.05246382 0.00185734 0.09241539 -0.05222743 0.004408717 0.09132379 -0.05246418 0.001816332 0.0923376 -0.05246055 0.001644313 0.09210795 -0.05245995 0.001614928 0.09206879 -0.05245906 0.001584291 0.09203457 -0.05245208 0.001379132 0.09184396 -0.05245059 0.001333594 0.0918017 -0.05244195 0.001073956 0.09162759 -0.05244123 0.001053512 0.09161388 -0.05243998 0.001016378 0.0915935 -0.05243241 7.34367e-4 0.09146988 -0.0524317 7.03316e-4 0.09145629 -0.05242604 3.77754e-4 0.09137147 -0.05242598 3.73337e-4 0.0913707 -0.05242556 3.31856e-4 0.09136378 -0.05158478 0.009260654 0.09137248 -0.05169475 0.009114921 0.09279346 -0.05174648 0.008862495 0.0927881 -0.05221509 0.005461335 0.0927149 -0.05047816 0.0140807 0.09141969 -0.05105733 0.01222258 0.0928595 -0.0516678 0.009245932 0.09279626 -0.04991275 0.01621729 0.09294319 -0.0490337 0.01876026 0.092996 -0.04890441 0.01882195 0.09146505 -0.0501514 0.01552677 0.09292876 -0.05055063 0.0140708 0.0928983 -0.04694443 0.02344268 0.09309208 -0.0471639 0.0230031 0.09308308 -0.04686528 0.02343517 0.09150838 -0.0477097 0.02190959 0.09306079 -0.04900467 0.01882928 0.09299737 -0.04349803 0.02933979 0.09321147 -0.04446816 0.02790105 0.09318256 -0.04436689 0.02787059 0.09154939 -0.04452425 0.0278179 0.09318089 -0.04618638 0.02496105 0.09312307 -0.04248231 0.03084629 0.09324181 -0.04142242 0.03207856 0.09158766 -0.04150223 0.03210633 0.09326696 -0.0380488 0.03600978 0.09162318 -0.0381447 0.03606581 0.09334605 -0.03899437 0.03511089 0.09332698 -0.04035353 0.03358328 0.09329646 -0.0337308 0.04019922 0.09342849 -0.0343489 0.03966629 0.09341788 -0.03427416 0.03961592 0.09165549 -0.03557908 0.03860539 0.09339666 -0.0380488 0.0361737 0.0933482 -0.02719783 0.04476398 0.09168559 -0.02721637 0.04475498 0.09170138 -0.03012967 0.0428496 0.0916844 -0.02738463 0.04467326 0.09184467 -0.02743929 0.04464673 0.09189116 -0.02746629 0.0446338 0.09191876 -0.02762418 0.04456019 0.0921095 -0.0276761 0.04453599 0.09217208 -0.02782171 0.04447007 0.09241479 -0.02784538 0.04445946 0.09245407 -0.02786487 0.0444507 0.09249377 -0.02796661 0.04440599 0.09275418 -0.02798753 0.04439693 0.09280771 -0.02805835 0.04436653 0.09311497 -0.02806258 0.0443648 0.09313321 -0.0302143 0.0429328 0.09348297 -0.03295528 0.04086798 0.09344178 -0.02806967 0.04436182 0.09318238 -0.02808851 0.0443539 0.09348809 -0.02809 0.04435318 0.0935114 -0.02553611 0.04569602 0.09147375 -0.02563256 0.04563516 0.09143149 -0.02546828 0.04535281 0.08985006 -0.02565765 0.0456193 0.09142041 -0.02569782 0.04559457 0.09140747 -0.02584356 0.04550659 0.09137725 -0.02598476 0.04542148 0.09134811 -0.02616429 0.04531759 0.09134417 -0.0262745 0.04525375 0.09134179 -0.02631688 0.04522979 0.09134531 -0.0264886 0.04513508 0.09137719 -0.02661132 0.04506731 0.09139996 -0.02991724 0.04256051 0.08985668 -0.02680695 0.04496383 0.09147298 -0.02689355 0.04491806 0.09150528 -0.0269289 0.04489988 0.09152245 -0.02710849 0.04480916 0.09163135 -0.0251336 0.04595637 0.09171205 -0.02514207 0.04595077 0.0917052 -0.02073299 0.0476942 0.08984428 -0.02525097 0.04587936 0.09163188 -0.02539116 0.04578757 0.09153747 -0.02135157 0.04795676 0.09358388 -0.02436769 0.0465027 0.09355467 -0.02437019 0.0465008 0.09348827 -0.021214 0.04802292 0.09358519 -0.02437978 0.04649221 0.09321457 -0.02094638 0.04813081 0.09358739 -0.0244345 0.04645001 0.0928862 -0.02444529 0.04644197 0.09284228 -0.02088648 0.04803311 0.09173077 -0.0243963 0.04647958 0.0931158 -0.02447396 0.04642069 0.09275466 -0.02454888 0.0463649 0.0925253 -0.02460259 0.0463261 0.09241628 -0.02469068 0.0462622 0.09223645 -0.02471095 0.04624778 0.09220278 -0.02477777 0.04620087 0.09211015 -0.02489668 0.0461173 0.09194529 -0.02499598 0.04604989 0.0918461 -0.02511209 0.04597073 0.09172999 -0.0179978 0.04931855 0.09361159 -0.01587957 0.04991012 0.09174787 -0.01446902 0.0504589 0.0936352 -0.01134735 0.05125898 0.09365189 -0.0106917 0.05127173 0.09176045 -0.01470392 0.0503987 0.09363389 -0.01592081 0.04999977 0.09362566 -0.005380213 0.0520963 0.09176826 -0.007942855 0.05189561 0.09366548 -0.01072239 0.0513758 0.09365439 -0.004505217 0.05230629 0.09367436 -0.005394876 0.05220001 0.09367209 -0.00730443 0.05197185 0.09366708 0 0.05249989 0.09367865 -0.001049578 0.05248939 0.09367847 0 0.05248701 0.0930742 0 0.052329 0.09177637 -0.04072993 0.03154349 0.08822828 -0.03739398 0.03539127 0.0881778 -0.0461322 0.02306962 0.08833897 -0.0436486 0.0274204 0.08828216 -0.05086892 0.00913304 0.08852136 -0.04974722 0.01387763 0.08845907 -0.04816752 0.0185393 0.08839809 0 0.05220443 0.09075456 -0.01576113 0.04955238 0.08983957 -0.01061093 0.05089986 0.08983606 -0.005339324 0.05171579 0.08983379 -0.05131185 0.00922203 0.08992457 -0.05019855 0.01401335 0.08991587 -0.04862165 0.0187242 0.0899071 -0.04658299 0.02330547 0.0898981 -0.04408967 0.02770805 0.08988928 -0.04115438 0.03188306 0.08988046 -0.03779453 0.03578168 0.08987206 -0.0340386 0.03935647 0.08986407 -0.01557785 0.04896312 0.08799469 -0.01048648 0.05028939 0.08797568 -0.005276322 0.05109208 0.08796387 0 0.05152988 0.08838975 0 0.0519452 0.08984577 -0.02049469 0.04713386 0.0880202 -0.02518028 0.04482764 0.08805179 -0.03366869 0.03891736 0.08813118 -0.02958506 0.04207623 0.08808898 0.03350526 0.03905689 0.08812946 0.00524497 0.05109542 0.08796399 0.05173438 2.6253e-5 0.08864969 0.05079299 0.009531259 0.08851629 0.02514207 0.04595077 0.0917052 0.02513295 0.04595679 0.09171265 0.02076959 0.04808378 0.0917319 0.02511209 0.04597073 0.09172999 0.02499598 0.04604989 0.0918461 0.02489668 0.0461173 0.09194529 0.02477777 0.04620087 0.09211015 0.02471095 0.04624778 0.09220278 0.02469068 0.0462622 0.09223645 0.02460259 0.0463261 0.09241628 0.02454888 0.0463649 0.0925253 0.0244739 0.04642069 0.09275466 0.02444529 0.04644197 0.09284228 0.0244345 0.04645001 0.0928862 0.0243963 0.04647958 0.0931158 0.02436769 0.0465027 0.09355455 0.02379643 0.04679709 0.09356045 0.02437019 0.0465008 0.09348827 0.0213468 0.04794669 0.0935837 0.02437978 0.04649221 0.09321457 0.02083176 0.04818832 0.09358859 0.02533113 0.0454294 0.0898503 0.02539116 0.04578757 0.09153747 0.02525097 0.04587936 0.09163188 0.02061688 0.04774445 0.08984458 0.02721709 0.04475468 0.09170198 0.02719783 0.04476398 0.09168559 0.02976346 0.04266798 0.0898568 0.02710849 0.04480916 0.09163135 0.0269289 0.04489988 0.09152245 0.0264886 0.04513508 0.09137719 0.02631688 0.04522979 0.09134531 0.02689355 0.04491806 0.09150528 0.02680695 0.04496383 0.09147298 0.02661132 0.04506731 0.09139996 0.0262745 0.04525375 0.09134179 0.02616429 0.04531759 0.09134417 0.02598476 0.04542148 0.09134811 0.02584356 0.04550659 0.09137725 0.02569782 0.04559457 0.09140747 0.02565765 0.0456193 0.09142041 0.02553611 0.04569602 0.09147375 0.02549898 0.04571956 0.0914902 0.02806967 0.04436182 0.09318238 0.03004515 0.04302078 0.09348475 0.02808851 0.0443539 0.09348809 0.02809 0.04435318 0.0935114 0.02798753 0.04439693 0.09280771 0.02997499 0.0429579 0.09168589 0.02805835 0.04436653 0.09311497 0.02806258 0.0443648 0.09313321 0.02796661 0.04440599 0.09275418 0.02786487 0.0444507 0.09249377 0.02784538 0.04445946 0.09245407 0.02782171 0.04447007 0.09241479 0.0276761 0.04453599 0.09217208 0.02762418 0.04456019 0.0921095 0.02746629 0.0446338 0.09191876 0.02743929 0.04464673 0.09189116 0.02738463 0.04467326 0.09184467 0.0338118 0.0401622 0.09342765 0.03374457 0.04021507 0.09342879 0.0341084 0.0397588 0.09165728 0.03100496 0.0423668 0.0934717 0.03787761 0.03618967 0.09162539 0.03646165 0.03777289 0.09338009 0.03419137 0.03982007 0.09342086 0.03901237 0.03512698 0.0933274 0.0412417 0.03248643 0.09327459 0.04125201 0.03229707 0.09159016 0.03894191 0.03521037 0.09332895 0.03795588 0.03622919 0.09334927 0.04428213 0.02814537 0.09318751 0.04351633 0.02935248 0.09321177 0.04420369 0.0281285 0.09155225 0.04335033 0.02961397 0.09321707 0.04134947 0.03233969 0.09327167 0.0471667 0.023005 0.0930832 0.04681575 0.02375108 0.0930984 0.04671531 0.02373218 0.09151166 0.04676175 0.02386581 0.09310078 0.04525876 0.0266062 0.09315639 0.04820501 0.02079695 0.09303796 0.048774 0.01915699 0.09146869 0.04884731 0.0191546 0.0930041 0.05037283 0.01445168 0.0914238 0.05045807 0.0144456 0.09290617 0.04990339 0.01621478 0.09294307 0.04952442 0.01742339 0.09296828 0.05167365 0.009111702 0.09279328 0.0515834 0.009649693 0.09280478 0.05151027 0.009664952 0.09137696 0.0514484 0.01045531 0.09282207 0.05060726 0.0139696 0.09289616 0.05204492 0.006896853 0.09274595 0.05218869 0.004842936 0.09132868 0.052248 0.004819571 0.09270077 0.05249989 0 0.09259545 0.05246543 0.001832067 0.09263557 0.05248081 1.5503e-5 0.0919677 0.05246269 0.001975119 0.09263867 0.0524255 2.6901e-5 0.09133827 0.05239546 0.003310561 0.09266805 0.007305324 0.05198168 0.09366726 0.005348265 0.05209976 0.09176898 0.01059657 0.05141943 0.09365528 0.01062893 0.05128479 0.09176117 0.007077932 0.0520206 0.09366816 0.005362272 0.05219489 0.09367197 0.003525257 0.05238139 0.09367597 0.01582837 0.05002528 0.0936262 0.01446712 0.05045413 0.09363508 0.01578813 0.04993909 0.09174877 0.01406455 0.05058091 0.0936377 0.01066213 0.05140358 0.09365499 0.02078568 0.04820996 0.093589 0.01746612 0.0495094 0.09361547 0.03722488 0.03556728 0.08817559 0.04056131 0.03175747 0.08822566 0.04598301 0.0233612 0.08833539 0.04348665 0.02767318 0.08827906 0.04964125 0.0142427 0.08845448 0.04803705 0.01886856 0.08839398 0.0514934 0.004779279 0.08857905 0.05213242 3.3707e-5 0.08994919 0.05231171 3.4981e-5 0.09060877 0.0524162 2.7565e-5 0.09127897 0.005307555 0.051719 0.08983415 0.01567029 0.04958105 0.08983987 0.01054865 0.05091273 0.08983635 0.05184859 3.1685e-5 0.08890497 0.0519244 0.004828572 0.0899325 0.05123662 0.009624004 0.08992415 0.05009281 0.01438206 0.08991557 0.04849112 0.01905697 0.08990681 0.04643338 0.02360033 0.08989787 0.04392689 0.02796399 0.0898891 0.04098469 0.03209978 0.0898804 0.03762423 0.03596001 0.08987206 0.03387349 0.03949797 0.08986419 0.01042497 0.05030208 0.08797568 0.01548808 0.0489915 0.08799439 0.02037996 0.04718327 0.08801966 0.0250445 0.04490309 0.08805096 0.02943277 0.04218202 0.08808779 -0.04890716 -0.01334637 0.08358806 0.01390343 -0.02261275 0.05868995 0.0466746 -0.01602023 0.08040165 0.04702085 -0.01601845 0.08084839 0.04786986 -0.01606988 0.08203995 0.04889965 -0.01333999 0.08358198 0.04901379 -0.01303756 0.08375281 0.04978919 -0.01052689 0.08499366 0.05037301 -0.008140325 0.08597588 0.05039882 -0.007997632 0.08602106 0.05078768 -0.005850136 0.08670139 0.04576647 -0.01602482 0.07922965 0.04505157 -0.01602858 0.07830697 0.04351449 -0.01615935 0.07653898 0.04285115 -0.01621586 0.0757758 0.0381304 -0.01700228 0.0711987 0.038549 -0.01692366 0.07158207 0.0405234 -0.01655328 0.0733897 0.04110592 -0.01646876 0.07398688 0.04164218 -0.01639103 0.07453656 0.0324465 -0.01830917 0.06685918 0.03301542 -0.0181728 0.06726807 0.03552049 -0.01757258 0.06906849 0.0358501 -0.01750051 0.06933748 0.0358929 -0.01749116 0.06937235 0.02272838 -0.02073931 0.0616042 0.02384471 -0.02046471 0.06212049 0.02616029 -0.01989501 0.06319159 0.02700448 -0.01968115 0.06364905 0.02934432 -0.0190882 0.0649175 0.0295065 -0.01904749 0.06501895 0.0300644 -0.0189073 0.06536817 0.01728349 -0.02195686 0.05963402 0.01943117 -0.02150338 0.06032389 0.02060157 -0.02123218 0.06077831 0.02259755 -0.02076977 0.06155329 0.01303672 -0.02277386 0.0584653 0.01047068 -0.02316802 0.05795758 0.01528602 -0.02235585 0.05904811 0.01618248 -0.02218931 0.05928045 0.006489217 -0.02366727 0.05735051 0.007003009 -0.02360707 0.0574221 0.007710516 -0.02352428 0.05752038 0.009566426 -0.02330708 0.05777871 0.003169775 -0.02391648 0.05707418 0.003507733 -0.02389109 0.0571025 0.05084425 -0.005387008 0.08680295 0.050888 -0.005029499 0.08688145 0.05102878 -0.003875911 0.08713465 0.05110466 -0.002709746 0.087273 0.05116623 -0.001762092 0.08738547 0.05035865 -0.01111471 0.08615475 0.05036205 -0.01111835 0.08616179 0.05096936 -0.008459091 0.08719748 0.05167853 -0.002863228 0.08849817 0.05246508 -0.001909971 0.09250086 0.05237358 -0.003391861 0.092332 0.05232137 -0.003210425 0.09107255 0.05230188 -0.004556 0.0921992 0.05219703 -0.005486011 0.0920245 0.0520609 -0.006693065 0.09179759 0.05202853 -0.006368756 0.0905447 0.05200278 -0.007207155 0.09170097 0.05155867 -0.009410977 0.08973908 0.05160009 -0.009678304 0.09106057 0.05156064 -0.00986284 0.09100025 0.05089342 -0.01288783 0.08998799 0.05093973 -0.01270061 0.09005689 0.05092847 -0.01260399 0.08934068 0.05094128 -0.01249957 0.0891025 0.050906 -0.0123232 0.08871597 0.05103802 -0.01230305 0.0902031 0.05208337 -0.003030002 0.0897656 0.05141162 -0.005703449 0.08799928 0.05136013 -0.008933901 0.08844655 0.05180811 -0.00603199 0.08925187 0.05080956 -0.0118429 0.08766436 0.05090373 -0.01231229 0.0886923 0.05041509 -0.011173 0.08626997 0.05073493 -0.0117163 0.08740079 0.05073928 -0.01172369 0.08741617 0.04210627 -0.02086049 0.0734319 0.04178982 -0.01998662 0.07368546 0.03924477 -0.02027058 0.07131749 0.007272005 -0.02591359 0.05568087 0.007228255 -0.0256195 0.05633592 0.007209539 -0.02547556 0.05653548 0.02943229 -0.02577 0.05964136 0.02922832 -0.02557098 0.0602017 0.02561515 -0.02562439 0.05898731 0.02901548 -0.02530926 0.0607481 0.02879697 -0.02498579 0.06126976 0.0252943 -0.02511197 0.05994379 0.03334337 -0.02599996 0.05912762 0.0337311 -0.02599996 0.0592795 0.03329288 -0.0258938 0.06041949 0.03626579 -0.02599996 0.06027257 0.0374518 -0.02599996 0.06082457 0.03688186 -0.02588284 0.0620284 0.03965276 -0.0254749 0.06519538 0.03965765 -0.02541548 0.06535869 0.03951597 -0.02542418 0.06526941 0.04478901 -0.01924467 0.07715177 0.04525792 -0.01880031 0.07792329 0.04390585 -0.01887369 0.07636749 0.04623848 -0.01784676 0.07951247 0.04592579 -0.01783907 0.07912379 0.04597425 -0.018112 0.07909226 0.04717278 -0.01687961 0.08098399 0.04712861 -0.01693093 0.08091706 0.04582023 -0.01691025 0.07919746 0.04698663 -0.01709586 0.08070206 0.04640877 -0.01767581 0.07978308 0.0458014 -0.01828545 0.07881736 0.04371649 -0.01794886 0.07648235 0.04560583 -0.0184707 0.0784958 0.0423851 -0.02155488 0.07312029 0.04240489 -0.02153456 0.07315677 0.0427857 -0.02114301 0.07385528 0.04315209 -0.02079576 0.07445818 0.04318171 -0.02076762 0.07450705 0.04396766 -0.02002298 0.07580018 0.04417586 -0.01978087 0.07616978 0.0441876 -0.01981467 0.07616198 0.04422342 -0.01978057 0.0762211 0.04138815 -0.02258002 0.07129138 0.04166662 -0.02229362 0.07180237 0.03988903 -0.0219047 0.07073825 0.04101699 -0.02300512 0.07051157 0.04124516 -0.02272707 0.07102906 0.04027962 -0.0226643 0.07033449 0.04074269 -0.02333962 0.06988918 0.0386604 -0.02463942 0.0665546 0.03987681 -0.02459466 0.06740176 0.03824466 -0.02412426 0.06713718 0.03990197 -0.0245313 0.06754815 0.0400424 -0.02430856 0.06800085 0.04022258 -0.0240224 0.06858229 0.03784608 -0.02353131 0.06766438 0.04035538 -0.02381181 0.06901037 0.04045987 -0.0236845 0.06924748 0.03908663 -0.02507323 0.06592768 0.0396648 -0.02532958 0.06559419 0.0396853 -0.0250777 0.06628608 0.03977066 -0.0248627 0.06678277 0.03973543 -0.02568966 0.06443566 0.03973233 -0.02568179 0.06446367 0.03655058 -0.02571535 0.06268578 0.03967213 -0.02552527 0.06501728 0.03620666 -0.02546906 0.06333768 0.0399903 -0.02593261 0.06325 0.03946036 -0.02599996 0.06175935 0.04036861 -0.02599996 0.06223088 0.03997462 -0.0259208 0.06331408 0.03989559 -0.02586108 0.0636391 0.03976261 -0.02576047 0.0641852 0.03039789 -0.02599996 0.05816078 0.02962416 -0.02590543 0.05907768 0.02994287 -0.02599996 0.05805027 0.02590179 -0.02591729 0.05798381 0.02611196 -0.02599996 0.05712038 0.02398931 -0.02599996 0.05660516 0.02215069 -0.02592879 0.05711632 0.02229362 -0.02599996 0.0563575 0.01728016 -0.02599996 0.05562496 0.01466053 -0.02594953 0.05597436 0.01470988 -0.02599996 0.05544793 0.007293999 -0.02599996 0.05508571 0.009973585 -0.02599996 0.05512166 0.007281959 -0.02596443 0.05545699 0.0239526 -0.02095866 0.06211537 0.02712249 -0.02024179 0.06365686 0.02069306 -0.02166128 0.06076622 0.01735728 -0.02232468 0.05961579 0.01395887 -0.02292352 0.05866986 0.01051086 -0.0234335 0.05793201 0.00702697 -0.02383029 0.05740368 0.003519535 -0.02408874 0.05708587 0.003530383 -0.024284 0.0570594 0.003585219 -0.0252304 0.05662059 0.02857619 -0.02460134 0.06175619 0.02512669 -0.02477538 0.06038039 0.02545779 -0.02539515 0.05947619 0.02576392 -0.02579861 0.0584867 0.02195316 -0.0256769 0.05799198 0.02205651 -0.02582675 0.0575549 0.01826745 -0.02572631 0.05720221 0.01462429 -0.02587723 0.05628979 0.02172499 -0.02523595 0.058829 0.02184218 -0.02547967 0.0584194 0.01811385 -0.02535325 0.05791991 0.01819336 -0.02555948 0.05756849 0.014485 -0.02545917 0.0572108 0.01453596 -0.02563166 0.05691379 0.007245004 -0.0257408 0.05612432 0.02160328 -0.02494645 0.05921232 0.0180298 -0.02510821 0.05824977 0.01442998 -0.0252543 0.05749005 0.01458269 -0.0257712 0.0566048 0.007259607 -0.02583885 0.05590462 0.03165209 -0.0239346 0.06382119 0.03192776 -0.02443075 0.06334179 0.0322085 -0.02486199 0.06281268 0.03248983 -0.02522498 0.06224411 0.03276747 -0.02551865 0.06164807 0.03303658 -0.02574199 0.06103599 0.04359203 -0.01703369 0.07653325 0.04120135 -0.01731717 0.07400047 0.03865647 -0.01773309 0.07160949 0.03596657 -0.01825761 0.06937009 0.03314125 -0.01886659 0.06729185 0.03328919 -0.01958787 0.06727069 0.03630709 -0.0198372 0.06925755 0.03611671 -0.01904237 0.06934809 0.03899896 -0.0194233 0.07148748 0.03880333 -0.01857316 0.07158309 0.04153501 -0.01909589 0.07386147 0.04133963 -0.01820152 0.07396477 0.03018975 -0.01953613 0.0653845 0.03033 -0.02018839 0.06536185 0.0334692 -0.02031886 0.06718349 0.0365386 -0.02062988 0.0690931 0.03954213 -0.02110219 0.07106781 0.04225158 -0.02169209 0.07287549 0.03681159 -0.02140843 0.06884938 0.03368157 -0.02104848 0.067025 0.0304948 -0.02084976 0.06527727 0.02724975 -0.0208221 0.06363159 0.02406299 -0.02146655 0.06208711 0.02078443 -0.02209883 0.06073546 0.01742929 -0.02269589 0.05958348 0.01401203 -0.02323508 0.05863779 0.01054739 -0.02369409 0.05790179 0.007049441 -0.0240513 0.0573756 0.003541529 -0.02448099 0.05701369 0.003552794 -0.02467721 0.05694729 0.007072806 -0.0242747 0.05732548 0.007096529 -0.02449727 0.05725175 0.01058578 -0.02395778 0.05784535 0.01062518 -0.02422076 0.05776095 0.01406848 -0.02355062 0.05857431 0.01412737 -0.02386546 0.05847728 0.01750653 -0.02307236 0.05951362 0.01758867 -0.02344805 0.05940359 0.02088475 -0.02254265 0.06066066 0.02099287 -0.02298599 0.06053847 0.02418649 -0.02198207 0.06200838 0.02432227 -0.02249699 0.0618751 0.0273953 -0.021411 0.06354969 0.02755868 -0.02199923 0.06340646 0.03068417 -0.02151048 0.0651257 0.03089749 -0.02216005 0.06490218 0.03392618 -0.02176553 0.06678986 0.0342009 -0.02245855 0.06647819 0.03712409 -0.02216029 0.06852626 0.03747081 -0.0228722 0.06812936 0.04070258 -0.02334547 0.06985187 0.04071748 -0.0233705 0.0698319 0.00356394 -0.02486968 0.05685919 0.003574728 -0.02505505 0.05674976 0.00712043 -0.0247156 0.05715328 0.007143974 -0.02492618 0.05703026 0.01066529 -0.02447897 0.05764693 0.01070559 -0.02472811 0.05750381 0.01418817 -0.02417469 0.05834466 0.0142498 -0.02447348 0.05817651 0.01767456 -0.02381753 0.05925095 0.01776313 -0.02417457 0.0590558 0.02110809 -0.02342206 0.06036579 0.02122879 -0.02384352 0.06014299 0.02446949 -0.02300363 0.06168359 0.02462625 -0.02349352 0.06143385 0.02773898 -0.02257788 0.06319779 0.02793449 -0.02313739 0.06292349 0.03113269 -0.02278798 0.0646069 0.0313856 -0.02338331 0.06424468 0.03450101 -0.02311491 0.06609517 0.03482162 -0.02372282 0.06564658 0.03515774 -0.02426981 0.0651381 0.03550446 -0.02474516 0.0645762 0.03585588 -0.02514535 0.06397199 0.02835655 -0.02415919 0.06219762 0.02814143 -0.02366775 0.06258845 0.02495759 -0.02438819 0.06077778 0.02478992 -0.0239579 0.06113046 0.02147859 -0.02461338 0.0595622 0.02135306 -0.02424317 0.0598737 0.0179423 -0.02482622 0.05855149 0.01785296 -0.024513 0.05882143 0.01437187 -0.02501869 0.05774629 0.01431137 -0.02475655 0.05797612 0.01078355 -0.0251823 0.05713951 0.0107451 -0.02496409 0.0573337 0.007189035 -0.0253098 0.0567193 0.007167041 -0.0251255 0.056885 0.04622238 -0.02599996 0.04668635 0.04656827 -0.02599996 0.04541939 0.0406993 -0.02599996 -0.02818417 0.0422905 -0.02599996 -0.02571797 0.0424562 -0.02599996 -0.02546113 0.03150033 -0.02599996 -0.03819638 0.03264278 -0.02599996 -0.03718626 0.04293882 -0.02599996 0.05637395 0.04270792 -0.02599996 0.05695199 0.04065388 -0.02599996 0.0616241 0.04928046 -0.02599996 0.019988 0.04901427 -0.02599996 0.0272715 0.04898405 -0.02599996 0.02768248 0.04934269 -0.02599996 0.01638662 0.04937613 -0.02599996 0.009610712 0.04940885 -0.02599996 0.002989709 0.04785811 -0.02599996 -0.0126549 0.04693019 -0.02599996 -0.0157566 0.04658079 -0.02599996 -0.01669102 0.04573965 -0.02599996 -0.0189408 0.03946411 -0.02599996 -0.02984327 0.03865826 -0.02599996 -0.03092575 -0.04041308 -0.02599996 -0.02859288 -0.03943336 -0.02599996 -0.02981746 -0.04866695 -0.02599996 -0.00905472 -0.04675132 -0.02599996 0.04464823 -0.04706728 -0.02599996 0.04294258 -0.04800069 -0.02599996 0.03790181 -0.0482732 -0.02599996 0.03534746 -0.04883033 -0.02599996 0.03012347 -0.04157239 -0.02599996 0.05960589 -0.04293525 -0.02599996 0.0563727 -0.04398953 -0.02599996 0.05368578 0.04861867 -0.02599996 0.03264737 0.04830825 -0.02599996 0.03535103 0.04808169 -0.02599996 0.03732448 0.04559212 -0.02599996 0.04899567 0.04515439 -0.02599996 0.0503745 0.04355186 -0.02599996 0.05483889 0.04911339 -0.02600008 -0.006186366 0.04946082 -0.02599996 -0.00197798 0.04949718 -0.02599996 5.06498e-4 0.04805326 -0.02599996 -0.01189196 0.04866695 -0.02599996 -0.00905472 0.0490899 -0.02600008 -0.006372511 0.04270803 -0.02599996 -0.02503675 0.04433137 -0.02599996 -0.02203756 0.04465579 -0.02599996 -0.02132409 0.03405547 -0.02599996 -0.03593707 0.03625196 -0.02599996 -0.03370547 0.03643971 -0.02599996 -0.03351449 -0.03252118 -0.02599996 -0.03733128 -0.0287069 -0.02599996 -0.04027086 -0.02783197 -0.02599996 -0.04094535 -0.0244795 -0.02599996 -0.04294312 -0.02274703 -0.02599996 -0.04397565 -0.01999825 -0.02599996 -0.04519677 -0.0173518 -0.02599996 -0.04637235 -0.0367347 -0.02599996 -0.03319031 -0.03623169 -0.02599996 -0.03368467 -0.03265446 -0.02599996 -0.03720039 -0.0490899 -0.02600008 -0.006372511 -0.04893875 -0.02599996 0.02768069 -0.04928046 -0.02599996 0.019988 -0.04934793 -0.02599996 0.01598465 -0.04515439 -0.02599996 0.0503745 -0.04618585 -0.02599996 0.04667603 0.04739373 -0.02599996 0.04157525 0.04709899 -0.02599996 0.04294782 0.01990288 -0.02599996 -0.04533559 0.02003198 -0.02599996 -0.04527336 -8.56453e-4 -0.02599996 -0.0494607 0 -0.02599996 -0.0495119 8.58299e-4 -0.02599996 -0.0494824 -0.04805326 -0.02599996 -0.01189196 -0.04740738 -0.02599996 -0.01425302 -0.04652231 -0.02599996 -0.0166698 -0.04538303 -0.02599996 -0.01978087 -0.04461008 -0.02599996 -0.02129983 -0.04270792 -0.02599996 0.05695199 0.01674145 -0.02599996 -0.04659622 0.022969 -0.02599996 -0.04385989 0.02450567 -0.02599996 -0.04298573 0.02593696 -0.02599996 -0.04217141 0.02878415 -0.02599996 -0.04028177 0.003409743 -0.02599996 -0.0493943 0.005588114 -0.02599996 -0.04916805 0.006803691 -0.02599996 -0.0490418 -0.01533108 -0.02599996 -0.04699313 -0.01169359 -0.02599996 -0.04811066 -0.04270803 -0.02599996 -0.02503675 -0.04227495 -0.02599996 -0.02570796 -0.04937779 -0.02599996 0.009610772 -0.04940885 -0.02599996 0.002989709 0.01016312 -0.02599996 -0.04845702 0.0105322 -0.02599996 -0.0483663 0.01348453 -0.02599996 -0.0476399 0.01534622 -0.02599996 -0.04704338 -0.0105248 -0.02599996 -0.04832196 -0.005889177 -0.02599996 -0.04916018 -0.005589902 -0.02599996 -0.049178 0.04949408 -0.02600115 -7.69538e-4 0.04941177 -0.02600044 -0.002966046 0.0494163 -0.02873027 -0.01770675 0.0493505 -0.02899998 -0.0176863 0.05096298 -0.02899998 -0.01261121 0.04887723 -0.02899998 -0.01917606 0.04186993 -0.02873027 -0.03166157 0.0418576 -0.02899998 -0.03165429 0.04478657 -0.02899998 -0.02723139 0.0260002 -0.02873027 -0.04560655 0.02596569 -0.02899998 -0.0455529 0.0304566 -0.02899998 -0.04271638 0.02567416 -0.0271089 -0.04503482 0.02557092 -0.02687937 -0.04485398 0.02089273 -0.02687937 -0.04721748 0.02097702 -0.0271089 -0.04740798 0.01601308 -0.02687937 -0.0490877 0.01114881 -0.02817451 -0.0511958 0.01116269 -0.028454 -0.05125969 0.0162701 -0.028454 -0.04987519 0.01607763 -0.0271089 -0.04928565 0.01098638 -0.02687937 -0.05045038 0.01103079 -0.0271089 -0.05065369 0.005830407 -0.02687937 -0.05130285 0.00585401 -0.0271089 -0.05150961 8.95878e-4 -0.02687937 -0.05162549 0 -0.02656489 -0.05126243 0 -0.02667886 -0.05139678 8.91876e-4 -0.02667206 -0.05139482 0 -0.0263046 -0.05083036 0 -0.02633917 -0.05088776 8.8298e-4 -0.026335 -0.05088263 0 -0.02602857 -0.04992341 0 -0.02605766 -0.05005747 8.68534e-4 -0.02605038 -0.05005145 0 -0.02687937 -0.05163329 0 -0.02711248 -0.05183756 8.9949e-4 -0.0271089 -0.05183368 9.07471e-4 -0.02789568 -0.05229353 0 -0.02789986 -0.05229145 0 -0.02809846 -0.0523734 9.09119e-4 -0.02817451 -0.05238842 0 -0.02817577 -0.05239129 9.10259e-4 -0.028454 -0.05245381 0 -0.02762049 -0.05217611 9.05308e-4 -0.02762186 -0.05216908 0 -0.02736353 -0.05201435 0 -0.02612739 -0.05037838 8.73394e-4 -0.02611595 -0.05033129 0 -0.02601861 -0.04978156 8.63731e-4 -0.02601236 -0.0497744 0 -0.02621966 -0.0506137 8.78235e-4 -0.02621018 -0.0506097 0 -0.02649658 -0.05114918 8.8755e-4 -0.02648979 -0.05114579 0.005621314 -0.02601236 -0.04946327 0.0105924 -0.02601236 -0.04864138 0.01543873 -0.02601236 -0.04732751 0.02124339 -0.02873027 -0.04800975 0.0162819 -0.02873027 -0.04991126 0.01117086 -0.02873027 -0.05129683 0.02014333 -0.02601236 -0.04552453 0.02465385 -0.02601236 -0.04324579 0.02997148 -0.02687937 -0.0420407 0.03009229 -0.0271089 -0.04221016 0.03019779 -0.02735787 -0.0423581 0.02889657 -0.02601236 -0.0405333 0.03406178 -0.02687937 -0.0388022 0.03419923 -0.0271089 -0.0389586 0.03431916 -0.02735787 -0.03909528 0.03442049 -0.02762186 -0.03921061 0.03284025 -0.02601236 -0.03741097 0.01106941 -0.02735787 -0.05083131 0.01613408 -0.02735787 -0.04945838 0.01618158 -0.02762186 -0.04960429 0.02111274 -0.02762186 -0.04771459 0.02116316 -0.02789568 -0.04782855 0.02590197 -0.02789568 -0.04543429 0.025949 -0.02817451 -0.04551672 0.03041446 -0.02817451 -0.04266172 0.03045243 -0.028454 -0.04271519 0.0346086 -0.028454 -0.03942471 0.03463351 -0.02873027 -0.0394532 0.03844642 -0.02873027 -0.03574538 0.03781187 -0.02687937 -0.03515559 0.0379644 -0.0271089 -0.03529739 0.0380975 -0.02735787 -0.03542107 0.03820997 -0.02762186 -0.03552556 0.03830122 -0.02789568 -0.03561043 0.03645575 -0.02601236 -0.03389519 0.04117888 -0.02687937 -0.03113919 0.041345 -0.0271089 -0.03126478 0.04148983 -0.02735787 -0.03137439 0.04161232 -0.02762186 -0.0314669 0.04171168 -0.02789568 -0.03154206 0.0417875 -0.02817451 -0.03159928 0.03970193 -0.02601236 -0.03002274 0.04411095 -0.02687937 -0.02682477 0.04428887 -0.0271089 -0.02693295 0.0444442 -0.02735787 -0.0270273 0.04457539 -0.02762186 -0.027107 0.04468172 -0.02789568 -0.02717179 0.04476279 -0.02817451 -0.02722108 0.04481869 -0.028454 -0.02725499 0.0425288 -0.02601236 -0.02586317 0.04658949 -0.02687937 -0.02224653 0.04677742 -0.0271089 -0.0223363 0.04694139 -0.02735787 -0.02241456 0.04708003 -0.02762186 -0.0224806 0.04719245 -0.02789568 -0.02253437 0.04727798 -0.02817451 -0.02257513 0.04733717 -0.028454 -0.02260339 0.04737132 -0.02873027 -0.02261978 0.04491853 -0.02601236 -0.02144902 0.04685765 -0.02601236 -0.0167905 0.005684196 -0.02611595 -0.0500167 0.005652666 -0.02605038 -0.04973852 0.01071095 -0.02611595 -0.04918545 0.01065135 -0.02605038 -0.04891198 0.01561152 -0.02611595 -0.0478571 0.0155248 -0.02605038 -0.04759097 0.02036875 -0.02611595 -0.04603379 0.02025556 -0.02605038 -0.04577779 0.02492976 -0.02611595 -0.0437296 0.02479106 -0.02605038 -0.04348629 0.02921986 -0.02611595 -0.04098659 0.02905738 -0.02605038 -0.04075878 0.03320777 -0.02611595 -0.03782939 0.03302299 -0.02605038 -0.03761917 0.03686368 -0.02611595 -0.03427428 0.0366587 -0.02605038 -0.03408378 0.04014629 -0.02611595 -0.03035867 0.03992295 -0.02605038 -0.03018987 0.04300475 -0.02611595 -0.02615237 0.04276549 -0.02605038 -0.02600705 0.04542118 -0.02611595 -0.02168893 0.04516851 -0.02605038 -0.02156841 0.04738193 -0.02611595 -0.01697826 0.04711848 -0.02605038 -0.01688385 0.05011266 -0.02687937 -0.0124011 0.04860067 -0.02687937 -0.01741462 0.05031085 -0.02711248 -0.01245003 0.04879665 -0.0271089 -0.0174849 0.0503748 -0.0271877 -0.01246589 0.04896771 -0.02735787 -0.01754611 0.0493189 -0.02817451 -0.017672 0.05083113 -0.02809846 -0.0125786 0.04922968 -0.02789568 -0.01763999 0.0507515 -0.02789986 -0.01255899 0.04911231 -0.02762186 -0.01759797 0.05063951 -0.02762049 -0.01253134 0.05048245 -0.02736353 -0.01249241 0.04831492 -0.02601861 -0.01195669 0.0488944 -0.02612739 -0.01209986 0.04858279 -0.02605766 -0.01202285 0.04845279 -0.02602857 -0.0119906 0.04790109 -0.026335 -0.01716417 0.04938882 -0.02633917 -0.01222217 0.04933315 -0.0263046 -0.0122084 0.005746543 -0.026335 -0.05056452 0.005715668 -0.02621018 -0.05029332 0.01082819 -0.026335 -0.04972428 0.0107702 -0.02621018 -0.0494576 0.01578259 -0.026335 -0.0483812 0.01569795 -0.02621018 -0.04812175 0.02059209 -0.026335 -0.04653805 0.02048152 -0.02621018 -0.04628849 0.02520292 -0.026335 -0.04420852 0.02506762 -0.02621018 -0.04397141 0.02954006 -0.026335 -0.04143559 0.02938157 -0.02621018 -0.04121345 0.0335716 -0.026335 -0.03824383 0.03339159 -0.02621018 -0.03803879 0.0372675 -0.026335 -0.03464972 0.03706765 -0.02621018 -0.03446388 0.04058605 -0.026335 -0.0306912 0.04036831 -0.02621018 -0.03052651 0.04347592 -0.026335 -0.02643889 0.04324275 -0.02621018 -0.02629709 0.04591888 -0.026335 -0.02192646 0.04567253 -0.02621018 -0.02180898 0.04764413 -0.02621018 -0.0170722 0.04912275 -0.02621966 -0.0121563 0.04838335 -0.02667206 -0.0173369 0.049883 -0.02667886 -0.0123443 0.04975259 -0.02656489 -0.01231205 0.005804419 -0.02667206 -0.05107349 0.005776286 -0.02648979 -0.05082595 0.01093739 -0.02667206 -0.0502249 0.01088428 -0.02648979 -0.04998147 0.01594156 -0.02667206 -0.04886823 0.01586425 -0.02648979 -0.04863142 0.02079933 -0.02667206 -0.04700648 0.02069848 -0.02648979 -0.04677873 0.0254566 -0.02667206 -0.04465359 0.02533328 -0.02648979 -0.04443717 0.02983742 -0.02667206 -0.04185277 0.02969282 -0.02648979 -0.04164981 0.03390961 -0.02667206 -0.03862869 0.03374522 -0.02648979 -0.03844153 0.03764283 -0.02667206 -0.03499841 0.03746032 -0.02648979 -0.0348289 0.04099476 -0.02667206 -0.03100001 0.0407961 -0.02648979 -0.03084975 0.04391366 -0.02667206 -0.02670478 0.04370087 -0.02648979 -0.02657556 0.04638111 -0.02667206 -0.02214711 0.04615628 -0.02648979 -0.02203989 0.04814887 -0.02648979 -0.01725298 0.0496428 -0.02649658 -0.01228487 0 -0.02899998 -0.05251199 9.10278e-4 -0.02899998 -0.05247986 0 -0.0287308 -0.0524919 9.10919e-4 -0.02873027 -0.05249178 0 -0.02855509 -0.05247867 0 -0.02845531 -0.05245566 0.003693938 -0.02899998 -0.05238187 0.00591433 -0.02899998 -0.05206698 0.005928277 -0.02873027 -0.0521636 0.005924046 -0.028454 -0.05212599 0.005916655 -0.02817451 -0.0520609 0.005905926 -0.02789568 -0.0519666 0.01100873 -0.02899998 -0.05134475 0 -0.0271877 -0.0519036 9.02645e-4 -0.02735787 -0.05201548 0.005891859 -0.02762186 -0.0518428 0.01112866 -0.02789568 -0.05110317 0.01624977 -0.02817451 -0.04981297 0.02122807 -0.028454 -0.04797518 0.02484375 -0.02899998 -0.0462616 0.0111702 -0.02899998 -0.05129796 0.01625758 -0.02899998 -0.04982578 0.01810538 -0.02899998 -0.04929119 0.02119487 -0.02899998 -0.0479021 0.005874454 -0.02735787 -0.05169028 0.01110208 -0.02762186 -0.0509814 0.01622039 -0.02789568 -0.04972285 0.02120155 -0.02817451 -0.04791522 0.0259813 -0.028454 -0.04557365 0.03047448 -0.02873027 -0.04274588 0.03108996 -0.02899998 -0.04231619 0.03456109 -0.02899998 -0.03936761 0.03672057 -0.02899998 -0.03753316 0.0383681 -0.02899998 -0.03567636 0.04162395 -0.02899998 -0.03200703 0.02105057 -0.02735787 -0.04757416 0.02584028 -0.02762186 -0.04532617 0.03035932 -0.02789568 -0.04258453 0.03456532 -0.02817451 -0.0393756 0.03841865 -0.028454 -0.03571957 0.0257641 -0.02735787 -0.04519271 0.03028702 -0.02762186 -0.04248315 0.0345028 -0.02789568 -0.03930419 0.0383706 -0.02817451 -0.03567492 0.04183959 -0.028454 -0.0316388 0.04485118 -0.02873027 -0.02727472 0.04570317 -0.02899998 -0.02584737 0.04726326 -0.02899998 -0.02256828 0.0493806 -0.028454 -0.01769393 0.05094498 -0.0287308 -0.01260679 0.0509333 -0.02855509 -0.01260393 0.05091089 -0.02845531 -0.01259845 0.05084836 -0.02817577 -0.01258289 -0.03108996 -0.02899998 -0.04231619 -0.0304566 -0.02899998 -0.04271638 -0.03047448 -0.02873027 -0.04274588 -0.04879665 -0.0271089 -0.0174849 -0.04860067 -0.02687937 -0.01741462 -0.05011266 -0.02687937 -0.0124011 -8.91876e-4 -0.02667206 -0.05139482 -8.8755e-4 -0.02648979 -0.05114579 -0.005776286 -0.02648979 -0.05082595 -8.78239e-4 -0.02621018 -0.0506097 -8.63731e-4 -0.02601236 -0.0497744 -8.95882e-4 -0.02687937 -0.05162549 -8.9949e-4 -0.0271089 -0.05183368 -9.02645e-4 -0.02735787 -0.05201548 -9.09122e-4 -0.02817451 -0.05238842 -9.07474e-4 -0.02789568 -0.05229353 -9.05308e-4 -0.02762186 -0.05216908 -8.68538e-4 -0.02605038 -0.05005145 -8.73394e-4 -0.02611595 -0.05033129 -0.005928277 -0.02873027 -0.0521636 -9.10919e-4 -0.02873027 -0.05249178 -0.005924046 -0.028454 -0.05212599 -9.10259e-4 -0.028454 -0.05245381 -0.005916655 -0.02817451 -0.0520609 -0.005905926 -0.02789568 -0.0519666 -0.005891859 -0.02762186 -0.0518428 -0.005874454 -0.02735787 -0.05169028 -0.00585401 -0.0271089 -0.05150961 -0.005830526 -0.02687937 -0.05130285 -8.8298e-4 -0.026335 -0.05088263 -0.005746543 -0.026335 -0.05056452 -0.005621314 -0.02601236 -0.04946327 -0.0105924 -0.02601236 -0.04864138 -0.01543873 -0.02601236 -0.04732751 -0.02124339 -0.02873027 -0.04800975 -0.0162819 -0.02873027 -0.04991126 -0.02122807 -0.028454 -0.04797518 -0.0162701 -0.028454 -0.04987519 -0.02120155 -0.02817451 -0.04791522 -0.01624977 -0.02817451 -0.04981297 -0.02116316 -0.02789568 -0.04782855 -0.01622039 -0.02789568 -0.04972285 -0.02111274 -0.02762186 -0.04771459 -0.01618158 -0.02762186 -0.04960429 -0.02105057 -0.02735787 -0.04757416 -0.01613408 -0.02735787 -0.04945838 -0.02097702 -0.0271089 -0.04740798 -0.01607763 -0.0271089 -0.04928565 -0.02089273 -0.02687937 -0.04721748 -0.01601308 -0.02687937 -0.0490877 -0.02465385 -0.02601236 -0.04324579 -0.02014338 -0.02601236 -0.04552453 -0.02889657 -0.02601236 -0.0405333 -0.03284025 -0.02601236 -0.03741097 -0.03844642 -0.02873027 -0.03574538 -0.03463351 -0.02873027 -0.0394532 -0.03841865 -0.028454 -0.03571957 -0.0346086 -0.028454 -0.03942471 -0.0383706 -0.02817451 -0.03567492 -0.03456532 -0.02817451 -0.0393756 -0.03830122 -0.02789568 -0.03561043 -0.0345028 -0.02789568 -0.03930419 -0.03820997 -0.02762186 -0.03552556 -0.03442049 -0.02762186 -0.03921061 -0.0380975 -0.02735787 -0.03542107 -0.03431916 -0.02735787 -0.03909528 -0.0379644 -0.0271089 -0.03529739 -0.03419923 -0.0271089 -0.0389586 -0.03781187 -0.02687937 -0.03515559 -0.03406178 -0.02687937 -0.0388022 -0.03645575 -0.02601236 -0.03389519 -0.03970193 -0.02601236 -0.03002274 -0.0425288 -0.02601236 -0.02586317 -0.04737132 -0.02873027 -0.02261978 -0.04485118 -0.02873027 -0.02727472 -0.04733717 -0.028454 -0.02260339 -0.04481869 -0.028454 -0.02725499 -0.04727798 -0.02817451 -0.02257513 -0.04476279 -0.02817451 -0.02722108 -0.04719245 -0.02789568 -0.02253437 -0.04468172 -0.02789568 -0.02717179 -0.04708003 -0.02762186 -0.0224806 -0.04457539 -0.02762186 -0.027107 -0.04694139 -0.02735787 -0.02241456 -0.0444442 -0.02735787 -0.0270273 -0.04677742 -0.0271089 -0.0223363 -0.04428887 -0.0271089 -0.02693295 -0.04658949 -0.02687937 -0.02224653 -0.04411095 -0.02687937 -0.02682477 -0.04491853 -0.02601236 -0.02144902 -0.04922968 -0.02789568 -0.01763999 -0.05083101 -0.02809846 -0.0125786 -0.0493189 -0.02817451 -0.017672 -0.05084836 -0.02817577 -0.01258289 -0.04938066 -0.028454 -0.01769393 -0.0503109 -0.02711248 -0.01245003 -0.0503748 -0.0271877 -0.01246589 -0.04896771 -0.02735787 -0.01754611 -0.05048245 -0.02736353 -0.01249241 -0.04911231 -0.02762186 -0.01759797 -0.05063951 -0.02762049 -0.01253134 -0.0507515 -0.02789986 -0.01255899 -0.04685765 -0.02601236 -0.0167905 -0.005652666 -0.02605038 -0.04973852 -0.005684196 -0.02611595 -0.0500167 -0.01065135 -0.02605038 -0.04891198 -0.01071095 -0.02611595 -0.04918545 -0.0155248 -0.02605038 -0.04759097 -0.01561152 -0.02611595 -0.0478571 -0.02025556 -0.02605038 -0.04577779 -0.02036875 -0.02611595 -0.04603379 -0.02479106 -0.02605038 -0.04348629 -0.02492976 -0.02611595 -0.0437296 -0.02905738 -0.02605038 -0.04075878 -0.02921986 -0.02611595 -0.04098659 -0.03302299 -0.02605038 -0.03761917 -0.03320777 -0.02611595 -0.03782939 -0.0366587 -0.02605038 -0.03408378 -0.03686368 -0.02611595 -0.03427428 -0.03992295 -0.02605038 -0.03018987 -0.04014629 -0.02611595 -0.03035867 -0.04276549 -0.02605038 -0.02600705 -0.04300475 -0.02611595 -0.02615237 -0.04516851 -0.02605038 -0.02156841 -0.04542118 -0.02611595 -0.02168893 -0.04711848 -0.02605038 -0.01688385 -0.04738193 -0.02611595 -0.01697826 -0.04858279 -0.02605766 -0.01202285 -0.0488944 -0.02612739 -0.01209986 -0.04845279 -0.02602857 -0.0119906 -0.04831492 -0.02601861 -0.01195669 -0.04764413 -0.02621018 -0.0170722 -0.04912275 -0.02621966 -0.0121563 -0.04933315 -0.0263046 -0.0122084 -0.005715668 -0.02621018 -0.05029332 -0.0107702 -0.02621018 -0.0494576 -0.01082819 -0.026335 -0.04972428 -0.01569795 -0.02621018 -0.04812175 -0.01578259 -0.026335 -0.0483812 -0.02048152 -0.02621018 -0.04628849 -0.02059209 -0.026335 -0.04653805 -0.02506762 -0.02621018 -0.04397141 -0.02520287 -0.026335 -0.04420852 -0.02938157 -0.02621018 -0.04121345 -0.02954006 -0.026335 -0.04143559 -0.03339141 -0.02621018 -0.03803879 -0.0335716 -0.026335 -0.03824383 -0.03706765 -0.02621018 -0.03446388 -0.0372675 -0.026335 -0.03464972 -0.04036831 -0.02621018 -0.03052651 -0.04058605 -0.026335 -0.0306912 -0.04324275 -0.02621018 -0.02629709 -0.04347592 -0.026335 -0.02643889 -0.04567253 -0.02621018 -0.02180898 -0.04591888 -0.026335 -0.02192646 -0.04790109 -0.026335 -0.01716417 -0.04938882 -0.02633917 -0.01222217 -0.04814887 -0.02648979 -0.01725298 -0.0496428 -0.02649658 -0.01228487 -0.04975259 -0.02656489 -0.01231205 -0.005804419 -0.02667206 -0.05107349 -0.01088428 -0.02648979 -0.04998147 -0.01093739 -0.02667206 -0.0502249 -0.01586425 -0.02648979 -0.04863142 -0.01594156 -0.02667206 -0.04886823 -0.02069848 -0.02648979 -0.04677873 -0.02079933 -0.02667206 -0.04700648 -0.02533328 -0.02648979 -0.04443717 -0.0254566 -0.02667206 -0.04465359 -0.02969282 -0.02648979 -0.04164981 -0.02983742 -0.02667206 -0.04185277 -0.03374522 -0.02648979 -0.03844153 -0.03390961 -0.02667206 -0.03862869 -0.03746032 -0.02648979 -0.0348289 -0.03764283 -0.02667206 -0.03499841 -0.0407961 -0.02648979 -0.03084975 -0.04099476 -0.02667206 -0.03100001 -0.04370087 -0.02648979 -0.02657556 -0.04391366 -0.02667206 -0.02670478 -0.04615628 -0.02648979 -0.02203989 -0.04638111 -0.02667206 -0.02214711 -0.04838335 -0.02667206 -0.0173369 -0.049883 -0.02667886 -0.0123443 -0.01100873 -0.02899998 -0.05134475 -0.00591433 -0.02899998 -0.05206698 -0.003693938 -0.02899998 -0.05238187 -9.10278e-4 -0.02899998 -0.05247986 -0.0111702 -0.02899998 -0.05129796 -0.01117086 -0.02873027 -0.05129683 -0.01116269 -0.028454 -0.05125969 -0.01114881 -0.02817451 -0.0511958 -0.01112866 -0.02789568 -0.05110317 -0.01110213 -0.02762186 -0.0509814 -0.01106941 -0.02735787 -0.05083131 -0.01103079 -0.0271089 -0.05065369 -0.01098638 -0.02687937 -0.05045038 -0.02484375 -0.02899998 -0.0462616 -0.02119499 -0.02899998 -0.0479021 -0.01810538 -0.02899998 -0.04929119 -0.01625758 -0.02899998 -0.04982578 -0.02596569 -0.02899998 -0.0455529 -0.0260002 -0.02873027 -0.04560655 -0.0259813 -0.028454 -0.04557365 -0.025949 -0.02817451 -0.04551672 -0.02590197 -0.02789568 -0.04543429 -0.02584028 -0.02762186 -0.04532617 -0.0257641 -0.02735787 -0.04519271 -0.02567416 -0.0271089 -0.04503482 -0.02557092 -0.02687937 -0.04485398 -0.03045243 -0.028454 -0.04271519 -0.03041446 -0.02817451 -0.04266172 -0.03035932 -0.02789568 -0.04258453 -0.03028702 -0.02762186 -0.04248315 -0.03019779 -0.02735787 -0.0423581 -0.03009229 -0.0271089 -0.04221016 -0.02997148 -0.02687937 -0.0420407 -0.04162395 -0.02899998 -0.03200703 -0.0383681 -0.02899998 -0.03567636 -0.03672057 -0.02899998 -0.03753316 -0.03456109 -0.02899998 -0.03936761 -0.0418576 -0.02899998 -0.03165429 -0.04186993 -0.02873027 -0.03166157 -0.04183959 -0.028454 -0.0316388 -0.0417875 -0.02817451 -0.03159928 -0.04171168 -0.02789568 -0.03154206 -0.04161232 -0.02762186 -0.0314669 -0.04148983 -0.02735787 -0.03137439 -0.041345 -0.0271089 -0.03126478 -0.04117888 -0.02687937 -0.03113919 -0.04887723 -0.02899998 -0.01917606 -0.04726326 -0.02899998 -0.02256828 -0.04570317 -0.02899998 -0.02584737 -0.04478657 -0.02899998 -0.02723139 -0.0493505 -0.02899998 -0.0176863 -0.0494163 -0.02873027 -0.01770675 -0.05096298 -0.02899998 -0.01261121 -0.05094498 -0.0287308 -0.01260679 -0.0509333 -0.02855515 -0.01260393 -0.05091089 -0.02845531 -0.01259845 -0.0519039 -0.02733159 -7.69538e-4 -0.05197525 -0.0274614 -7.69538e-4 -0.05159288 -0.02740705 -0.006677687 -0.05174309 -0.02767968 -0.006695926 -0.05186283 -0.02796185 -0.006710529 -0.04990327 -0.02611982 -0.006471633 -0.0501843 -0.02621752 -0.006505966 -0.04968655 -0.02602183 -7.69538e-4 -0.0490846 -0.02600008 -0.006371617 -0.04934108 -0.02601271 -0.006403148 -0.04962062 -0.02605211 -0.006437242 -0.0507248 -0.02650749 -0.006571829 -0.0504598 -0.02634698 -0.006539463 -0.05195188 -0.02824831 -0.006721377 -0.05203646 -0.02757292 -7.69538e-4 -0.05237448 -0.02859896 -7.69538e-4 -0.05201053 -0.02853447 -0.006728529 -0.0521506 -0.02778077 -7.69538e-4 -0.05219048 -0.02789628 -7.69538e-4 -0.05223745 -0.02803272 -7.69538e-4 -0.0523197 -0.02827185 -7.69538e-4 -0.04995918 -0.0260511 -7.69538e-4 -0.05009853 -0.02608811 -7.69538e-4 -0.04974609 -0.02602827 -7.69538e-4 -0.05074769 -0.02632308 -7.69538e-4 -0.05127555 -0.02665269 -7.69538e-4 -0.05097508 -0.0266968 -0.006602287 -0.05085647 -0.02637189 -7.69538e-4 -0.05106246 -0.02650988 -7.69538e-4 -0.0510984 -0.02653408 -7.69538e-4 -0.05026131 -0.02613145 -7.69538e-4 -0.05040717 -0.02617025 -7.69538e-4 -0.05054759 -0.02623337 -7.69538e-4 -0.05204105 -0.0288164 -0.006732285 -0.05200153 -0.02908736 -0.006940007 -0.05163663 -0.0290566 -0.008932411 -0.05141341 -0.02714949 -0.006655812 -0.05120617 -0.02691167 -0.00663048 -0.05208271 -0.02909868 -0.006195366 -0.05205649 -0.02909195 -0.006640553 -0.0520398 -0.02909058 -0.006731808 -0.05237758 -0.0286172 -7.69538e-4 -0.05239719 -0.02873468 -7.69538e-4 -0.05239951 -0.0289036 -7.69538e-4 -0.05240029 -0.0289548 -7.69538e-4 -0.05240345 -0.02918171 -7.69538e-4 -0.05233049 -0.02916288 -0.002004504 -0.0522235 -0.0291351 -0.003814101 -0.05215728 -0.02911806 -0.004933834 -0.051355 -0.0267266 -7.69538e-4 -0.05136305 -0.02673417 -7.69538e-4 -0.05162847 -0.02698135 -7.69538e-4 -0.05179709 -0.02719575 -7.69538e-4 -0.05185258 -0.02726626 -7.69538e-4 -0.04973888 -0.02601939 0.009612441 -0.05238139 -0.02860569 0.009613454 -0.05240803 -0.0289638 0.009611904 -0.05231183 -0.02825075 0.009614706 -0.05204463 -0.02757257 0.009616553 -0.05219703 -0.02789956 0.009615778 -0.05185467 -0.02726686 0.00961703 -0.05106395 -0.02650278 0.009616672 -0.0504322 -0.02618199 0.009615063 -0.05074548 -0.026317 0.009615957 -0.05009335 -0.02608108 0.009613871 -0.0524019 -0.029208 0.009610831 -0.0524013 -0.02921772 0.01348263 -0.05239266 -0.02908158 0.01999258 -0.05239492 -0.02931809 0.019988 -0.05236738 -0.0287289 0.0199992 -0.05239051 -0.02886503 0.01999688 -0.05239218 -0.02902776 0.01999366 -0.0523644 -0.02871119 0.0199995 -0.05231565 -0.02842307 0.02000415 -0.05229943 -0.0283271 0.0200057 -0.05222743 -0.02811872 0.02000826 -0.05201613 -0.02764111 0.02001339 -0.05211055 -0.02781629 0.0200119 -0.05214506 -0.02788019 0.0200113 -0.05217868 -0.02797758 0.02001005 -0.05176329 -0.02724903 0.02001577 -0.05182135 -0.02732414 0.02001541 -0.05190086 -0.02742713 0.02001518 -0.05195313 -0.02752429 0.0200144 -0.05163949 -0.02699935 0.009617209 -0.05136448 -0.02673125 0.00961709 -0.05148422 -0.0269103 0.02001655 -0.05157828 -0.02700901 0.02001667 -0.05109232 -0.0265783 0.02001488 -0.05130547 -0.02675879 0.02001589 -0.05131518 -0.02676719 0.02001589 -0.05100631 -0.0265271 0.02001398 -0.0507608 -0.02638053 0.02001178 -0.05020141 -0.02613866 0.02000468 -0.05034911 -0.02619791 0.02000659 -0.0504654 -0.02624458 0.02000826 -0.05067139 -0.02632725 0.02001088 -0.0499987 -0.02609348 0.02000135 -0.04956912 -0.02601939 0.01999378 -0.04963237 -0.0260235 0.01999497 -0.04970782 -0.02602869 0.01999646 -0.04986447 -0.02606356 0.01999902 -0.04868185 -0.02601599 0.03539377 -0.04532516 -0.0260033 0.05043077 -0.04559689 -0.02603513 0.05051839 -0.04666543 -0.02602028 0.04680216 -0.05094611 -0.02873629 0.0435701 -0.0510782 -0.02917999 0.0435692 -0.05185508 -0.02867192 0.0356298 -0.05115681 -0.0296235 0.0435574 -0.05042868 -0.0294823 0.0475558 -0.05021333 -0.03140532 0.04807478 -0.05035352 -0.03132826 0.04741048 -0.05049735 -0.03088831 0.04747587 -0.05169659 -0.03040647 0.03853726 -0.05178189 -0.03033918 0.03785341 -0.05199199 -0.02979373 0.03558886 -0.05190342 -0.03019952 0.03613519 -0.05114489 -0.03084236 0.04296433 -0.05117309 -0.03048199 0.0435062 -0.0511868 -0.03005987 0.04353582 -0.05093276 -0.03100997 0.04466718 -0.05098879 -0.03096586 0.04421854 -0.05108273 -0.03089153 0.043464 -0.04965579 -0.03171163 0.0507155 -0.0495842 -0.03132766 0.05143547 -0.04951596 -0.03178852 0.05137777 -0.0505234 -0.03043442 0.04751443 -0.05050241 -0.02996319 0.04754173 -0.0496279 -0.03103268 0.0514723 -0.05194079 -0.02905148 0.03562062 -0.05198538 -0.02942728 0.0356068 -0.05029696 -0.0289992 0.04755455 -0.05010592 -0.02852356 0.0475372 -0.04896813 -0.02827185 0.05146396 -0.0489692 -0.02827388 0.0514642 -0.04923611 -0.02877396 0.05151438 -0.0494129 -0.02929228 0.05153352 -0.04949146 -0.02952241 0.0515421 -0.0495401 -0.02981549 0.0515359 -0.04962241 -0.03031289 0.05152529 -0.04962652 -0.03084248 0.05148637 -0.04962652 -0.03084599 0.05148607 -0.04789829 -0.02699685 0.05120682 -0.04883831 -0.02690738 0.047315 -0.04842388 -0.02662032 0.04722529 -0.04790961 -0.02700483 0.05120992 -0.04829645 -0.02737897 0.05130952 -0.04922133 -0.02724725 0.04739242 -0.04875993 -0.02635389 0.04326933 -0.04798877 -0.02638745 0.04712659 -0.04916805 -0.0265659 0.0433402 -0.04955732 -0.02682709 0.04340428 -0.04991799 -0.02713656 0.04345911 -0.05024182 -0.02749127 0.04350358 -0.0495637 -0.0276367 0.04745572 -0.05052381 -0.02788233 0.04353708 -0.04986006 -0.02806568 0.04750412 -0.05076009 -0.0283007 0.04355925 -0.04792582 -0.02608048 0.04311388 -0.04751741 -0.02601861 0.0430333 -0.04709982 -0.02608793 0.04691237 -0.0483427 -0.02619177 0.04319328 -0.04754388 -0.02620965 0.04702132 -0.04652571 -0.02623945 0.05081009 -0.04598236 -0.02608031 0.05064249 -0.04605615 -0.026102 0.05066519 -0.04732817 -0.02660018 0.05104833 -0.04745543 -0.02668875 0.0510838 -0.0466721 -0.02628225 0.05085533 -0.0469945 -0.02643847 0.0509501 -0.04904085 -0.02606832 0.03543317 -0.04940629 -0.02616167 0.0354712 -0.0497716 -0.02629727 0.03550696 -0.05012929 -0.02647465 0.0355398 -0.0504713 -0.02669292 0.03556865 -0.05079007 -0.02695149 0.03559279 -0.05107861 -0.02724796 0.03561145 -0.05133312 -0.02757567 0.03562456 -0.05154979 -0.02792716 0.03563195 -0.05172497 -0.02829504 0.0356338 -0.05089741 -0.02659839 0.02777159 -0.05059206 -0.02641016 0.0277608 -0.05118316 -0.02682119 0.02778017 -0.05144363 -0.02707678 0.02778589 -0.05027353 -0.02625721 0.0277478 -0.04994845 -0.02614027 0.0277332 -0.04962307 -0.0260595 0.02771735 -0.04930269 -0.02601408 0.02770048 -0.05236399 -0.02947431 0.02474087 -0.05237203 -0.02945291 0.0242989 -0.05232596 -0.02930128 0.0277574 -0.05238562 -0.02937299 0.0217421 -0.05225408 -0.02864503 0.02777659 -0.05230659 -0.0289765 0.02776783 -0.05203968 -0.02798342 0.02778798 -0.05216598 -0.02831238 0.02778345 -0.05187505 -0.02766382 0.02778989 -0.05219209 -0.02982747 0.03114068 -0.05229276 -0.02966272 0.02862083 -0.05194383 -0.03015339 0.03556555 -0.05200785 -0.03007996 0.03466188 -0.05210793 -0.02996516 0.0332483 -0.05230695 -0.02962535 0.02784955 -0.05230879 -0.02962023 0.02774512 -0.05167531 -0.02735966 0.02778929 -0.04886937 -0.02808666 0.05144536 -0.04844677 -0.02752435 0.0513482 -0.04865711 -0.02780437 0.05139648 -0.04876989 -0.03074949 0.0547325 -0.0485776 -0.03230541 0.0545358 -0.04344069 -0.02602642 0.05657529 -0.04448956 -0.02627545 0.05697929 -0.04603379 -0.02720487 0.05752539 -0.04678189 -0.03169673 0.06103396 -0.04782009 -0.03120136 0.05790328 -0.0477814 -0.03059095 0.05794066 -0.04675287 -0.0332874 0.05993902 -0.04755169 -0.0328601 0.0576505 -0.04770839 -0.03233861 0.0577591 -0.04661709 -0.03290939 0.06084877 -0.04779309 -0.03178733 0.05784142 -0.04673016 -0.03232401 0.0609529 -0.04627746 -0.03354018 0.06113207 -0.04628789 -0.03353476 0.0611059 -0.04644143 -0.03345298 0.06072068 -0.04565769 -0.03223901 0.06411916 -0.04565769 -0.0322414 0.06411898 -0.0456562 -0.03236448 0.0641061 -0.04557281 -0.03290742 0.064013 -0.04557251 -0.03290957 0.0640127 -0.04553157 -0.0331766 0.06396687 -0.04542118 -0.03352242 0.06388038 -0.04523915 -0.03409242 0.06373798 -0.0467633 -0.03103846 0.06108677 -0.04767036 -0.02996909 0.05794966 -0.0466656 -0.03036326 0.06110638 -0.04748338 -0.0293495 0.05792748 -0.04648447 -0.0296868 0.06108909 -0.0472207 -0.0287472 0.05787318 -0.04621928 -0.02902621 0.06103348 -0.04688537 -0.02817779 0.05778658 -0.0458728 -0.0283997 0.06093895 -0.0455392 -0.0305553 0.06422936 -0.04557085 -0.03079879 0.06422036 -0.04513531 -0.029347 0.06415748 -0.04530119 -0.02971243 0.06419986 -0.0454005 -0.03006392 0.0642122 -0.04566621 -0.03153043 0.06419318 -0.04456853 -0.02833098 0.0639894 -0.04457217 -0.02833646 0.06399059 -0.04434871 -0.02801918 0.0639162 -0.04648619 -0.02765858 0.05766963 -0.04409915 -0.02774405 0.06382519 -0.0462659 -0.02742296 0.05760073 -0.0466932 -0.02791088 0.05773168 -0.04435247 -0.0280233 0.06391745 -0.04440367 -0.02807962 0.06393617 -0.04328984 -0.02700376 0.063515 -0.04357165 -0.0272299 0.06362611 -0.043796 -0.02740985 0.06371456 -0.04384607 -0.0274651 0.06373286 -0.04384803 -0.02746725 0.06373357 -0.04409629 -0.02774089 0.06382405 -0.04210519 -0.02634871 0.06301879 -0.04502159 -0.02651172 0.05717486 -0.04210203 -0.02634763 0.06301736 -0.04180532 -0.02623987 0.06288748 -0.04160892 -0.02616858 0.06280148 -0.04092353 -0.0260418 0.06248939 -0.04121375 -0.02609539 0.06262159 -0.04395866 -0.0261147 0.05677795 -0.04150569 -0.02614945 0.06275451 -0.04150938 -0.0261501 0.06275629 -0.04237341 -0.02644616 0.0631361 -0.04270243 -0.02663165 0.0632736 -0.04554092 -0.02682209 0.05735868 -0.04300338 -0.02680128 0.06339925 -0.04311889 -0.02686649 0.06344759 -0.04743891 -0.0275067 0.05450469 -0.04781997 -0.02797788 0.05460697 -0.04876422 -0.03129595 0.05468595 -0.04870408 -0.0318138 0.05462169 -0.0482282 -0.032498 0.05571246 -0.04842615 -0.03238898 0.05504596 -0.04848188 -0.03235822 0.0548585 -0.04859316 -0.02961176 0.05475968 -0.04871463 -0.0301842 0.05475795 -0.04840248 -0.02904433 0.05473536 -0.04814386 -0.02849525 0.05468446 -0.04064327 -0.02601367 0.06235957 -0.04081922 -0.02602249 0.062442 -0.04513359 -0.02934283 0.06415706 -0.0449118 -0.02885395 0.06410026 -0.04478037 -0.0286538 0.06405788 -0.04478389 -0.02865928 0.06405895 -0.04434365 -0.02949279 0.07846975 -0.04397928 -0.03040939 0.07722139 -0.04427278 -0.02997642 0.07688945 -0.04511708 -0.0196017 0.07740056 -0.04498493 -0.02804625 0.08019298 -0.04493099 -0.02816808 0.0800479 -0.04517686 -0.0277788 0.07968997 -0.04719781 -0.02138489 0.08099091 -0.04776144 -0.02025896 0.08228141 -0.0478391 -0.0209189 0.08300191 -0.0451138 -0.03246372 0.06569939 -0.04516655 -0.03172928 0.0656864 -0.04477477 -0.03173685 0.06716299 -0.04461157 -0.02871257 0.0646637 -0.04405462 -0.02811199 0.06946367 -0.04403847 -0.02828967 0.06884145 -0.04388409 -0.02794349 0.0686779 -0.04327481 -0.02723807 0.06471139 -0.04404646 -0.02843737 0.06822985 -0.04407852 -0.02855569 0.06762677 -0.04390853 -0.02820611 0.06748157 -0.04055768 -0.02596789 0.06355285 -0.04026079 -0.0259357 0.06343126 -0.04191005 -0.02244907 0.07189315 -0.04128116 -0.02314597 0.07059335 -0.04074728 -0.0238018 0.06932067 -0.04033297 -0.02440387 0.06807738 -0.0400632 -0.02493649 0.06686538 -0.04002469 -0.0257222 0.06453919 -0.03995776 -0.02538233 0.06568598 -0.04033339 -0.02576678 0.06464767 -0.04027312 -0.02544611 0.06578117 -0.04037892 -0.02502363 0.06695026 -0.04064226 -0.02451545 0.06815659 -0.04104435 -0.02393627 0.06939929 -0.04156148 -0.02329957 0.07067567 -0.0421704 -0.02261728 0.07198196 -0.0418381 -0.02346718 0.07076698 -0.04133909 -0.02408659 0.06948679 -0.04095095 -0.02464449 0.06824427 -0.04069572 -0.02512931 0.06704276 -0.04059141 -0.02552938 0.06588286 -0.04064649 -0.02583116 0.06476116 -0.04086029 -0.02601915 0.06367766 -0.04267567 -0.02298939 0.07218641 -0.04237532 -0.02384388 0.07097721 -0.0421099 -0.02364861 0.07086747 -0.04191607 -0.02443486 0.06968909 -0.0416302 -0.02425265 0.06958335 -0.04155987 -0.0249558 0.06844538 -0.0412575 -0.02479118 0.06834059 -0.04132568 -0.02539891 0.0672506 -0.04101198 -0.0252543 0.0671429 -0.0412293 -0.02575695 0.06610476 -0.04091084 -0.02563261 0.0659908 -0.04127866 -0.02602225 0.0650013 -0.0409621 -0.02591598 0.06487917 -0.04147577 -0.02618378 0.06393438 -0.04116678 -0.0260908 0.0638051 -0.04315298 -0.02340799 0.07242619 -0.0428816 -0.0242756 0.07122415 -0.04263299 -0.02405279 0.07109606 -0.0424652 -0.0248475 0.06992799 -0.0421949 -0.0246331 0.06980395 -0.04214572 -0.02534067 0.06868088 -0.0418564 -0.02513897 0.06855887 -0.0419386 -0.02574968 0.06748837 -0.04163527 -0.02556389 0.06736576 -0.04185658 -0.02607131 0.06634998 -0.04154527 -0.0259028 0.06622457 -0.04190719 -0.02630335 0.06525629 -0.0415942 -0.02615106 0.06512707 -0.04209429 -0.02643835 0.06419646 -0.04178541 -0.02629923 0.06406509 -0.04459732 -0.02548116 0.0737152 -0.0442484 -0.02616566 0.07235419 -0.04393708 -0.0255751 0.07199448 -0.0436123 -0.02692109 0.06957477 -0.04381299 -0.02644538 0.07084888 -0.04379498 -0.02723759 0.06974518 -0.04397761 -0.02675509 0.07102668 -0.04395622 -0.02756595 0.0699197 -0.04412186 -0.02707391 0.07120978 -0.04409468 -0.02790415 0.0700972 -0.04480326 -0.02606827 0.07410246 -0.0444839 -0.02678388 0.0727359 -0.0442447 -0.02740025 0.071397 -0.04359298 -0.02387118 0.07270127 -0.04334568 -0.02476036 0.07150757 -0.04311972 -0.02451157 0.07136136 -0.04297369 -0.02532392 0.07020318 -0.04272556 -0.02507799 0.0700612 -0.04269385 -0.02579987 0.06895017 -0.04242557 -0.02556115 0.06881147 -0.04251831 -0.02618449 0.0677548 -0.04223376 -0.02595669 0.06761819 -0.0424571 -0.02647745 0.06661605 -0.04216146 -0.02626293 0.06648069 -0.04251605 -0.0266804 0.06552207 -0.04221528 -0.02647978 0.0653882 -0.04270052 -0.0267896 0.06445819 -0.04240018 -0.02660167 0.06432789 -0.04355818 -0.02502119 0.07166206 -0.04342687 -0.02585929 0.07051157 -0.043208 -0.02558463 0.0703535 -0.04318726 -0.02632921 0.0692498 -0.04294836 -0.02605623 0.0690965 -0.04304611 -0.02670043 0.06804555 -0.04278981 -0.02643275 0.06789749 -0.04301059 -0.02697366 0.06689757 -0.04274088 -0.02671468 0.06675529 -0.0430848 -0.02715337 0.0657919 -0.04280668 -0.02690523 0.0656569 -0.04299283 -0.02700179 0.06458628 -0.04370629 -0.02760928 0.06851536 -0.04371511 -0.02787095 0.06733506 -0.04350626 -0.0272898 0.06835526 -0.0434997 -0.0275529 0.06718826 -0.04403072 -0.02835899 0.06631577 -0.04425555 -0.02840209 0.06516247 -0.04382348 -0.02802795 0.06618911 -0.0440365 -0.02808046 0.06505888 -0.04359537 -0.02771568 0.06605887 -0.04379886 -0.0277782 0.06494855 -0.04413497 -0.02864503 0.06703019 -0.04434263 -0.02928709 0.0679084 -0.04354417 -0.02749717 0.0648325 -0.04441237 -0.03006672 0.07292187 -0.0443238 -0.030712 0.07149958 -0.04440796 -0.03001886 0.07116436 -0.04443508 -0.02991312 0.06882649 -0.04439818 -0.029747 0.06948459 -0.04442197 -0.03048795 0.06978636 -0.0443874 -0.02954596 0.07014709 -0.04539149 -0.02735298 0.07930707 -0.04453486 -0.02949446 0.07652419 -0.04371362 -0.03182208 0.0739212 -0.04401016 -0.03128105 0.0736137 -0.04396188 -0.0325706 0.07055157 -0.04391759 -0.03199958 0.07210278 -0.04366326 -0.03317147 0.07074618 -0.04361432 -0.03257155 0.07236117 -0.04348379 -0.03185278 0.07502776 -0.04338765 -0.03230005 0.07419109 -0.04332488 -0.03259181 0.07364517 -0.04330039 -0.03270673 0.07343029 -0.04388713 -0.03064119 0.07690578 -0.04382926 -0.03078699 0.0767073 -0.04364883 -0.0313434 0.07583057 -0.04429489 -0.02916407 0.06853508 -0.0442717 -0.0290088 0.06916755 -0.04427319 -0.02882099 0.06980788 -0.0442993 -0.02860099 0.0704568 -0.04362899 -0.02614647 0.07067698 -0.0434091 -0.026618 0.06940948 -0.0432856 -0.02698642 0.0681985 -0.04326421 -0.02725332 0.06704217 -0.04334849 -0.02742379 0.06592619 -0.04449778 -0.03004401 0.06817138 -0.04454797 -0.03080809 0.06841099 -0.04450166 -0.03156167 0.06862425 -0.04478132 -0.02945697 0.0654245 -0.04445374 -0.02874076 0.0652585 -0.04463362 -0.0294637 0.06604599 -0.04432171 -0.02873826 0.06584876 -0.04451161 -0.02943718 0.06666547 -0.04421561 -0.02870607 0.06643819 -0.04441481 -0.02937799 0.06728589 -0.04495418 -0.02941608 0.06479746 -0.04470068 -0.03019887 0.06686335 -0.04478561 -0.0309717 0.06702947 -0.04484099 -0.0302217 0.06620866 -0.04494607 -0.0309922 0.06633526 -0.04500722 -0.03020691 0.06555086 -0.04513347 -0.03097075 0.06563758 -0.04519891 -0.03015387 0.06488728 -0.04534679 -0.03090626 0.06493419 -0.04465293 -0.03090989 0.0677216 -0.04458636 -0.03013932 0.06751745 -0.04387491 -0.03359276 0.06907761 -0.04415476 -0.03296858 0.06895935 -0.04425168 -0.03380733 0.0673635 -0.04337769 -0.0338965 0.07029515 -0.04339092 -0.03391402 0.07021349 -0.04356056 -0.03414022 0.06916511 -0.04498183 -0.03315508 0.06567829 -0.044676 -0.03247582 0.06726318 -0.0440362 -0.03439897 0.0670855 -0.0447818 -0.03379029 0.06562697 -0.0444976 -0.03317028 0.06732946 -0.04363381 -0.03423798 0.06871235 -0.04364985 -0.03424429 0.0686478 -0.04396551 -0.03437066 0.0673716 -0.04328215 -0.0330733 0.07258188 -0.04326623 -0.03339326 0.07184165 -0.0433337 -0.03369778 0.07090586 -0.04896229 -0.01816713 0.08520537 -0.04841107 -0.01960092 0.08417648 -0.04893952 -0.01789742 0.08474957 -0.04833257 -0.0190559 0.08347737 -0.0489965 -0.01857477 0.0858944 -0.0484001 -0.02013075 0.08488565 -0.04674685 -0.02330559 0.08041328 -0.04671925 -0.02287775 0.08002591 -0.04577249 -0.02542376 0.07768428 -0.04575502 -0.02593088 0.07809507 -0.0449779 -0.02785229 0.075329 -0.04668039 -0.02413767 0.08119636 -0.04450756 -0.02874267 0.07216566 -0.0444231 -0.02806758 0.07177937 -0.04470819 -0.02805465 0.0735352 -0.04463857 -0.0274176 0.07313209 -0.04499381 -0.02726298 0.0749157 -0.04493641 -0.02666538 0.07450491 -0.04573339 -0.0249083 0.07727736 -0.04563659 -0.02438986 0.07687908 -0.0461263 -0.0234481 0.07826906 -0.0490027 -0.0186488 0.08601927 -0.04830205 -0.02063739 0.08559376 -0.0489273 -0.01895833 0.08658456 -0.04883617 -0.019333 0.08726841 -0.04850023 -0.02018356 0.08682739 -0.04842513 -0.02037358 0.08672881 -0.04812073 -0.02110046 0.08626919 -0.04766458 -0.02216887 0.08446329 -0.04780519 -0.02155941 0.08373415 -0.04436767 -0.03228759 0.06880807 -0.04435133 -0.0312159 0.07006806 -0.04419517 -0.03191518 0.07032477 -0.04415768 -0.03137671 0.07181435 -0.04424613 -0.03069335 0.07327908 -0.0448929 -0.02842587 0.07573866 -0.04474371 -0.02897578 0.07613909 -0.04568403 -0.02642476 0.07850545 -0.0455619 -0.02690047 0.078911 -0.04506129 -0.02787435 0.08039778 -0.04646092 -0.02491915 0.08197039 -0.04629802 -0.02528429 0.08234679 -0.04595607 -0.02594679 0.08240807 -0.04660356 -0.02454626 0.08367466 -0.0462895 -0.02522569 0.0830602 -0.04610639 -0.02562147 0.08270227 -0.0477057 -0.02209109 0.08564275 -0.04742485 -0.02272289 0.08515727 -0.04688102 -0.02394616 0.08421736 -0.04738438 -0.01715093 0.08126497 -0.04811602 -0.0163514 0.08242356 -0.04757827 -0.01741427 0.08154928 -0.04820615 -0.01648378 0.0826146 -0.04589533 -0.01880311 0.07875007 -0.0466578 -0.01798856 0.0800535 -0.04791146 -0.01795375 0.08215379 -0.04727798 -0.01893448 0.08093357 -0.04688626 -0.01829648 0.08033198 -0.04709357 -0.0186122 0.08062565 -0.04816478 -0.01850378 0.08279967 -0.04849332 -0.0169059 0.08322387 -0.04863226 -0.01710999 0.0835185 -0.04871779 -0.01732927 0.08386141 -0.04888343 -0.0177536 0.08452469 -0.04757267 -0.019593 0.08158737 -0.0469774 -0.02061688 0.08027917 -0.04616487 -0.0191453 0.07902085 -0.0464102 -0.01949959 0.07931035 -0.04662877 -0.01986443 0.07961755 -0.04681849 -0.02023768 0.07994109 -0.04433923 -0.02038568 0.07603371 -0.04284906 -0.02189898 0.07331436 -0.0435779 -0.02115297 0.07466769 -0.0433079 -0.0222842 0.07353359 -0.04373735 -0.02270758 0.0737859 -0.04470139 -0.0207681 0.07628226 -0.04543167 -0.0199685 0.07766145 -0.04503506 -0.02117377 0.07655715 -0.04571956 -0.0203529 0.07794475 -0.04533535 -0.0216006 0.07685738 -0.04597729 -0.02075225 0.07824957 -0.04559797 -0.02204525 0.07718139 -0.0462014 -0.02116429 0.07857429 -0.0458191 -0.02250409 0.0775265 -0.04638952 -0.02158606 0.07891666 -0.04599595 -0.02297306 0.07789009 -0.0465396 -0.02201443 0.07927459 -0.04412978 -0.02316659 0.07407081 -0.04447758 -0.02365773 0.07438659 -0.0439859 -0.02437531 0.07301026 -0.0443229 -0.02491426 0.07334947 -0.04477369 -0.02417546 0.07473039 -0.04501318 -0.02471387 0.07509839 -0.04548341 -0.0238747 0.07649397 -0.0452767 -0.02336895 0.07612675 -0.0450192 -0.02287817 0.0757811 -0.0447154 -0.02240705 0.07546007 -0.04436969 -0.02196031 0.07516646 -0.04398852 -0.02154147 0.07490217 -0.04664999 -0.02244615 0.07964527 -0.04450178 -0.0294128 0.07254868 -0.04440236 -0.0293107 0.07081478 -0.04430788 -0.03437721 0.06625187 -0.04453521 -0.03435909 0.06555408 -0.04458177 -0.03435546 0.0654115 -0.04923737 -0.01370292 0.08415389 -0.04951596 -0.01406699 0.0847519 -0.04973852 -0.01443451 0.08537638 -0.04990118 -0.01480191 0.08602178 -0.05000239 -0.01516568 0.0866819 -0.05004262 -0.01552236 0.08734977 -0.0500226 -0.01586836 0.08801859 -0.05021876 -0.01525068 0.08905875 -0.04904043 -0.01875203 0.08752959 -0.04993873 -0.0161975 0.0886783 -0.04998993 -0.01605182 0.08874368 0.02782076 0.04452246 0.09461295 0.02784359 0.04450809 0.09456157 0.02793478 0.04445093 0.09435635 0.02797627 0.04442489 0.09422171 0.02801865 0.04439812 0.0940839 0.02805966 0.04437226 0.09386068 0.02807039 0.0443654 0.09380197 0.02439719 0.04648685 0.0938611 0.02440035 0.04648512 0.0938946 0.0244795 0.04644346 0.09421938 0.02448081 0.04644268 0.09422338 0.02449369 0.04643607 0.09426188 0.02462142 0.04636836 0.09456276 0.0246247 0.04636669 0.09457039 0.02479428 0.04627627 0.0948475 0.02481079 0.04626739 0.09486991 0.02481955 0.04626268 0.09488195 0.02503252 0.04614776 0.095124 0.02504462 0.04614108 0.09513396 0.02527219 0.04601699 0.09532195 0.02530616 0.04599827 0.09534519 0.02531379 0.0459941 0.09534931 0.02557587 0.0458489 0.09549349 0.02561128 0.04582899 0.09550559 0.02585721 0.04569077 0.09558987 0.02589643 0.0456686 0.09559905 0.02592617 0.04565155 0.09560298 0.02618783 0.045502 0.09563678 0.02625 0.0454663 0.09563797 0.02648633 0.04532897 0.09562057 0.02657198 0.0452786 0.09560209 0.02669048 0.0452091 0.0955767 0.0268628 0.04510682 0.09551727 0.02688348 0.04509449 0.09550648 0.02715039 0.04493445 0.09536659 0.02717459 0.04491972 0.09534835 0.02734816 0.04481428 0.0952177 0.02743649 0.04476022 0.0951333 0.02748411 0.04473108 0.0950877 0.02766305 0.04462069 0.09486955 0.02766788 0.04461765 0.09486377 -0.02752858 0.04470378 0.09503936 -0.02766191 0.04462122 0.09486848 -0.02768641 0.04460602 0.094837 -0.0274353 0.04476088 0.09513169 -0.02735078 0.04481273 0.09521538 -0.02717465 0.04491961 0.09534859 -0.02715319 0.04493278 0.0953648 -0.02694159 0.0450598 0.09548276 -0.0268833 0.04509449 0.09550517 -0.02671849 0.04519253 0.09556835 -0.02657181 0.04527872 0.09560126 -0.02648556 0.04532945 0.09562069 -0.02625 0.0454663 0.09563797 -0.02601468 0.0456013 0.09562081 -0.02592682 0.04565101 0.09559977 -0.02572321 0.04576635 0.09555077 -0.02561247 0.04582816 0.09550237 -0.02544838 0.04591971 0.09543079 -0.02541291 0.04593932 0.09541106 -0.02531623 0.04599249 0.09534448 -0.02515614 0.04608052 0.09523415 -0.0250476 0.04613929 0.09512996 -0.0249297 0.04620337 0.09501659 -0.02490198 0.04621839 0.09498476 -0.02481526 0.04626482 0.09486567 -0.02470976 0.04632139 0.0947209 -0.02462583 0.04636591 0.09455966 -0.02455866 0.04640161 0.0944305 -0.02454131 0.04641079 0.09438937 -0.02448648 0.0464397 0.09422099 -0.02443677 0.04646605 0.09406846 -0.02440029 0.04648512 0.0938602 -0.02437895 0.04649639 0.09373807 -0.02437466 0.04649859 0.09369236 -0.0280705 0.0443654 0.0938009 -0.02806049 0.04437178 0.09386086 -0.0280348 0.04438799 0.09401327 -0.02797573 0.04442518 0.09422159 -0.02794677 0.04444342 0.09432375 -0.02784323 0.04450833 0.09456139 -0.02782076 0.04452246 0.09461295 -0.052468 0.001832187 0.09461295 -0.05246692 0.001859486 0.09456175 -0.05246365 0.001953125 0.09438669 -0.05245739 0.002115428 0.0938611 -0.0524562 0.002144277 0.09364396 -0.05246108 0.002017199 0.09422218 -0.05246007 0.002046108 0.09414809 -0.05245757 0.002110481 0.09389799 -0.05245608 0.002146244 0.09348797 -0.05245608 0.002147555 0.0933876 -0.05245715 0.002120018 0.09313076 -0.05245727 0.002116382 0.09311485 -0.05245941 0.002062499 0.09288096 -0.05246108 0.002016603 0.092754 -0.05246108 -0.002019107 0.09422296 -0.0524612 -0.002014636 0.09423857 -0.05246108 -0.002016305 0.09275436 -0.05246025 -0.002042353 0.09281629 -0.05245739 -0.00211519 0.09311521 -0.05245709 -0.002122104 0.09314358 -0.05245673 -0.002128899 0.0931884 -0.05245608 -0.002147078 0.09348815 -0.05245596 -0.002149522 0.0935297 -0.05245727 -0.002116978 0.0938614 -0.05245727 -0.00211668 0.09386485 -0.05245769 -0.002108216 0.09390956 -0.05246657 -0.001872599 0.09454417 -0.05246692 -0.001861751 0.094563 -0.0524674 -0.001850128 0.09458309 -0.05247396 -0.001652956 0.09486275 -0.0524742 -0.001646459 0.09486949 -0.05248081 -0.001417756 0.09510439 -0.05248177 -0.001383662 0.0951336 -0.05248177 -0.001381874 0.09513485 -0.05248832 -0.00110507 0.09533226 -0.05248886 -0.001073837 0.09534776 -0.05249387 -8.0336e-4 0.09548228 -0.0524944 -7.60887e-4 0.09549885 -0.05249476 -7.34795e-4 0.09550648 -0.05249816 -4.32434e-4 0.0955941 -0.0524984 -3.72864e-4 0.09560149 -0.05249989 -9.8206e-5 0.09563577 -0.05249989 -5.2322e-5 0.09563738 -0.05249989 0 0.09563797 -0.05249929 2.73232e-4 0.09562057 -0.05249851 3.72749e-4 0.09560215 -0.0524975 5.08186e-4 0.09557706 -0.05249518 7.10403e-4 0.09551727 -0.05249476 7.34489e-4 0.09550648 -0.05248951 0.001044452 0.09536725 -0.05248898 0.001073837 0.09534829 -0.05248445 0.001276016 0.09521836 -0.05248177 0.001380503 0.0951333 -0.05248028 0.001436889 0.0950874 -0.0524742 0.001646578 0.09486967 -0.05247396 0.001650929 0.09486526 0.05023795 -0.01524448 0.08998799 0.04629898 -0.0247519 0.08998799 0.0485019 -0.02009487 0.08998799 0.04865759 -0.01965981 0.08998799 0.04133296 -0.03229439 0.08998799 0.04365009 -0.02917045 0.08998799 0.0454182 -0.02622103 0.08998799 0.04058092 -0.03330808 0.08998799 0.03712093 -0.03712517 0.08998799 0.03082257 -0.04242449 0.08998799 0.03330361 -0.04058468 0.08998799 0.03644478 -0.0377379 0.08998799 0.02916556 -0.0436533 0.08998799 0.02474659 -0.04630166 0.08998799 0.02464485 -0.04634988 0.08998799 0.02008938 -0.04850417 0.08998799 0.01793491 -0.0492751 0.08998799 0.01523888 -0.05023968 0.08998799 0.01090818 -0.0513243 0.08998799 0.01024138 -0.05149132 0.08998799 0.003659546 -0.05232018 0.08998799 0.00514549 -0.0522471 0.08998799 -0.01024138 -0.05149132 0.08998799 -0.02916556 -0.0436533 0.08998799 -0.02474659 -0.04630166 0.08998799 -0.04058092 -0.03330808 0.08998799 -0.03712093 -0.03712517 0.08998799 -0.05023795 -0.01524448 0.08998799 -0.04865759 -0.01965981 0.08998799 -0.0485019 -0.02009487 0.08998799 0.05022299 -0.0152508 0.08906269 0.04923737 -0.01370292 0.08415389 0.04819458 -0.01648497 0.08262145 0.04951596 -0.01406699 0.0847519 0.04847395 -0.0168417 0.08312135 0.048505 -0.016905 0.08321756 0.04871428 -0.01732999 0.08386397 0.04973852 -0.01443451 0.08537638 0.04990118 -0.01480191 0.08602178 0.04893749 -0.01896131 0.08658558 0.04892122 -0.01909697 0.0868262 0.04993516 -0.01619511 0.08867567 0.04883617 -0.019333 0.08726841 0.04899042 -0.01892817 0.0874592 0.04903966 -0.01878595 0.0875225 0.05000239 -0.01516568 0.0866819 0.0489661 -0.01816838 0.08520609 0.05004262 -0.01552236 0.08734977 0.04900723 -0.01838195 0.0855574 0.0489844 -0.01857167 0.08589398 0.0500226 -0.01586836 0.08801859 0.05004578 -0.0158751 0.08881819 0.04886263 -0.01763147 0.08432257 0.04888606 -0.01775288 0.08452236 0.04709357 -0.0186122 0.08062565 0.04688626 -0.01829648 0.08033198 0.04616487 -0.0191453 0.07902085 0.04589533 -0.01880311 0.07875007 0.04671925 -0.02287775 0.08002591 0.04674685 -0.02330559 0.08041328 0.04719781 -0.02138489 0.08099091 0.04474371 -0.02897578 0.07613909 0.0448929 -0.02842587 0.07573866 0.04441225 -0.03006672 0.07292187 0.0436123 -0.02692109 0.06957477 0.04379498 -0.02723759 0.06974518 0.04397761 -0.02675509 0.07102668 0.04393708 -0.0255751 0.07199448 0.0443229 -0.02491426 0.07334947 0.0439859 -0.02437531 0.07301026 0.04086029 -0.02601915 0.06367766 0.04055768 -0.02596789 0.06355285 0.04092556 -0.0260514 0.06248939 0.0428816 -0.0242756 0.07122415 0.04263299 -0.02405279 0.07109606 0.0421949 -0.0246331 0.06980395 0.04033297 -0.02440387 0.06807738 0.04064226 -0.02451545 0.06815659 0.04104435 -0.02393627 0.06939929 0.0400632 -0.02493649 0.06686538 0.04128116 -0.02314597 0.07059335 0.04074728 -0.0238018 0.06932067 0.04217022 -0.02261728 0.07198196 0.04191005 -0.02244907 0.07189315 0.04156148 -0.02329957 0.07067567 0.0418381 -0.02346718 0.07076698 0.0421099 -0.02364861 0.07086747 0.04267567 -0.02298939 0.07218641 0.04237532 -0.02384388 0.07097721 0.04315298 -0.02340799 0.07242619 0.04359298 -0.02387118 0.07270127 0.04191607 -0.02443486 0.06968909 0.0416302 -0.02425265 0.06958335 0.04133909 -0.02408659 0.06948679 0.04095095 -0.02464449 0.06824427 0.0412575 -0.02479118 0.06834059 0.04155987 -0.0249558 0.06844538 0.04002469 -0.0257222 0.06453919 0.03995776 -0.02538233 0.06568598 0.04026079 -0.0259357 0.06343126 0.04064261 -0.02602529 0.06235808 0.04180634 -0.02623987 0.06288796 0.04147577 -0.02618378 0.06393438 0.04150736 -0.02615857 0.06275439 0.04116678 -0.0260908 0.0638051 0.04150325 -0.02615743 0.0627526 0.04120969 -0.02607762 0.06262147 0.04294836 -0.02605623 0.0690965 0.043208 -0.02558463 0.0703535 0.04269385 -0.02579987 0.06895017 0.04297369 -0.02532392 0.07020318 0.04242557 -0.02556115 0.06881147 0.04272556 -0.02507799 0.0700612 0.0421456 -0.02534067 0.06868088 0.0424652 -0.0248475 0.06992799 0.0418564 -0.02513897 0.06855887 0.04318726 -0.02632921 0.0692498 0.04342687 -0.02585929 0.07051157 0.04355818 -0.02502119 0.07166206 0.04334568 -0.02476036 0.07150757 0.04311972 -0.02451157 0.07136136 0.04362899 -0.02614647 0.07067698 0.04480326 -0.02606827 0.07410246 0.04459732 -0.02548116 0.0737152 0.0444839 -0.02678388 0.0727359 0.0442484 -0.02616566 0.07235419 0.0434091 -0.026618 0.06940948 0.04381299 -0.02644538 0.07084888 0.04412186 -0.02707391 0.07120978 0.04395622 -0.02756595 0.0699197 0.0442447 -0.02740025 0.071397 0.04388409 -0.02794349 0.0686779 0.04370629 -0.02760928 0.06851536 0.04350626 -0.0272898 0.06835526 0.0432856 -0.02698642 0.0681985 0.04304611 -0.02670043 0.06804555 0.04278981 -0.02643275 0.06789749 0.04251831 -0.02618449 0.0677548 0.04223376 -0.02595669 0.06761819 0.0419386 -0.02574968 0.06748837 0.04163527 -0.02556389 0.06736576 0.04132568 -0.02539891 0.0672506 0.04101198 -0.0252543 0.0671429 0.04069572 -0.02512931 0.06704276 0.04037892 -0.02502363 0.06695026 0.04327476 -0.02723807 0.06471139 0.04299283 -0.02700179 0.06458628 0.04347443 -0.02712982 0.06358999 0.04270052 -0.0267896 0.06445819 0.04328989 -0.02700579 0.06351488 0.04027312 -0.02544611 0.06578117 0.04059141 -0.02552938 0.06588286 0.04091084 -0.02563261 0.0659908 0.0412293 -0.02575695 0.06610476 0.04154527 -0.0259028 0.06622457 0.04185658 -0.02607131 0.06634998 0.04216146 -0.02626293 0.06648069 0.0424571 -0.02647745 0.06661605 0.04274088 -0.02671468 0.06675529 0.04301059 -0.02697366 0.06689757 0.04326415 -0.02725332 0.06704217 0.0434997 -0.0275529 0.06718826 0.04371511 -0.02787095 0.06733506 0.04390853 -0.02820611 0.06748157 0.04407852 -0.02855569 0.06762677 0.04403072 -0.02835899 0.06631577 0.04382348 -0.02802795 0.06618911 0.04359537 -0.02771568 0.06605887 0.04334849 -0.02742379 0.06592619 0.0430848 -0.02715337 0.0657919 0.04280668 -0.02690523 0.0656569 0.04251605 -0.0266804 0.06552207 0.04221528 -0.02647978 0.0653882 0.04190719 -0.02630335 0.06525629 0.0415942 -0.02615106 0.06512707 0.04127866 -0.02602225 0.0650013 0.0409621 -0.02591598 0.06487917 0.04064649 -0.02583116 0.06476116 0.04033339 -0.02576678 0.06464767 0.04433995 -0.0280261 0.06391125 0.0440365 -0.02808046 0.06505888 0.04379886 -0.0277782 0.06494855 0.04445374 -0.02874076 0.0652585 0.04432171 -0.02873826 0.06584876 0.04421561 -0.02870607 0.06643819 0.04413497 -0.02864503 0.06703019 0.04357409 -0.0272246 0.06362777 0.04383826 -0.02747607 0.06372809 0.04354417 -0.02749717 0.0648325 0.04384028 -0.02747792 0.06372886 0.04414266 -0.02776557 0.0638436 0.04199755 -0.0262919 0.06297338 0.04210335 -0.02634 0.06301867 0.04178541 -0.02629923 0.06406509 0.0421065 -0.02634143 0.06302011 0.04209429 -0.02643835 0.06419646 0.04240542 -0.02647733 0.0631482 0.04240018 -0.02660167 0.06432789 0.04271048 -0.02661603 0.06327897 0.04299819 -0.02680957 0.06339609 0.04575502 -0.02593088 0.07809507 0.04577249 -0.02542376 0.07768428 0.04499381 -0.02726298 0.0749157 0.04493641 -0.02666538 0.07450491 0.04470819 -0.02805465 0.0735352 0.04463857 -0.0274176 0.07313209 0.04409468 -0.02790415 0.0700972 0.0442993 -0.02860099 0.0704568 0.0444231 -0.02806758 0.07177937 0.04450756 -0.02874267 0.07216566 0.04440236 -0.0293107 0.07081478 0.04440796 -0.03001886 0.07116436 0.04450178 -0.0294128 0.07254868 0.0443238 -0.030712 0.07149958 0.04442197 -0.03048795 0.06978636 0.0443874 -0.02954596 0.07014709 0.04439818 -0.029747 0.06948459 0.04427319 -0.02882099 0.06980788 0.0442717 -0.0290088 0.06916755 0.04405462 -0.02811199 0.06946367 0.04403847 -0.02828967 0.06884145 0.04371362 -0.03182208 0.0739212 0.04333055 -0.03258657 0.0736432 0.04335415 -0.03239417 0.0740503 0.0433765 -0.03230977 0.07419705 0.04360663 -0.03143751 0.07571417 0.04364931 -0.0313186 0.07588988 0.04454797 -0.03080809 0.06841099 0.04450166 -0.03156167 0.06862425 0.04435133 -0.0312159 0.07006806 0.04419517 -0.03191518 0.07032477 0.04415768 -0.03137671 0.07181435 0.04391759 -0.03199958 0.07210278 0.04401016 -0.03128105 0.0736137 0.04427278 -0.02997642 0.07688945 0.04443508 -0.02991312 0.06882649 0.04449778 -0.03004401 0.06817138 0.04429489 -0.02916407 0.06853508 0.04434263 -0.02928709 0.0679084 0.04404646 -0.02843737 0.06822985 0.04477477 -0.03173685 0.06716299 0.04465293 -0.03090989 0.0677216 0.04478561 -0.0309717 0.06702947 0.04458636 -0.03013932 0.06751745 0.04478901 -0.02865469 0.06406188 0.04503077 -0.02908062 0.06413429 0.04495418 -0.02941608 0.06479746 0.04519891 -0.03015387 0.06488728 0.04478132 -0.02945697 0.0654245 0.04500722 -0.03020691 0.06555086 0.0446338 -0.0294637 0.06604599 0.04484099 -0.0302217 0.06620866 0.04451161 -0.02943718 0.06666547 0.04470068 -0.03019887 0.06686335 0.04441481 -0.02937799 0.06728589 0.04534679 -0.03090626 0.06493419 0.04513347 -0.03097075 0.06563758 0.04494607 -0.0309922 0.06633526 0.04513615 -0.02934086 0.06415849 0.04513776 -0.02934479 0.06415885 0.04537642 -0.0299344 0.06421369 0.04540729 -0.0300616 0.06421566 0.0455836 -0.03078997 0.06422716 0.04558426 -0.03079718 0.0642268 0.04436767 -0.03228759 0.06880807 0.04396188 -0.0325706 0.07055157 0.04361432 -0.03257155 0.07236117 0.04326921 -0.0330857 0.07258707 0.04364889 -0.0342161 0.06871479 0.0435487 -0.03415489 0.06916666 0.04387491 -0.03359276 0.06907761 0.04353588 -0.0341472 0.0692237 0.04567438 -0.03175026 0.06417536 0.04516655 -0.03172928 0.0656864 0.0456537 -0.03153139 0.06418716 0.04564756 -0.03223758 0.06411451 0.0451138 -0.03246372 0.06569939 0.044676 -0.03247582 0.06726318 0.0444976 -0.03317028 0.06732946 0.04415476 -0.03296858 0.06895935 0.04366326 -0.03317147 0.07074618 0.0434038 -0.03390127 0.07020658 0.04498183 -0.03315508 0.06567829 0.0447818 -0.03379029 0.06562697 0.04425168 -0.03380733 0.0673635 0.0456475 -0.03223979 0.06411427 0.04562389 -0.03266716 0.06406098 0.04557317 -0.03290688 0.06401318 0.04544866 -0.03349483 0.06389617 0.04543668 -0.0335291 0.06388705 0.04453849 -0.03434956 0.06555736 0.04440218 -0.0343917 0.06592309 0.0442999 -0.0343877 0.0662598 0.043962 -0.03437477 0.06737238 0.04390579 -0.03437262 0.06755745 0.04333007 -0.0337643 0.07075458 0.04332375 -0.03370857 0.07090818 0.0432614 -0.03314918 0.07245278 0.0484001 -0.02013075 0.08488565 0.04841107 -0.01960092 0.08417648 0.04833257 -0.0190559 0.08347737 0.04497778 -0.02785229 0.075329 0.04573339 -0.0249083 0.07727736 0.04812109 -0.02111279 0.08628869 0.04813241 -0.02108645 0.08630686 0.04830205 -0.02063739 0.08559376 0.04849386 -0.02018582 0.08680069 0.0455619 -0.02690047 0.078911 0.04568403 -0.02642476 0.07850545 0.04646092 -0.02491915 0.08197039 0.04668039 -0.02413767 0.08119636 0.04466748 -0.02874708 0.07938969 0.04493498 -0.028162 0.08003997 0.04517686 -0.0277788 0.07968997 0.04499936 -0.02802127 0.08019626 0.04424613 -0.03069335 0.07327908 0.04453486 -0.02949446 0.07652419 0.04539149 -0.02735298 0.07930707 0.04629802 -0.02528429 0.08234679 0.04738128 -0.02283245 0.08510297 0.04555255 -0.02681154 0.08154076 0.04610931 -0.0256161 0.08269608 0.04629361 -0.02522045 0.08307856 0.04644888 -0.0248872 0.08340066 0.04659759 -0.02455919 0.0836724 0.04738438 -0.01715093 0.08126497 0.04757827 -0.01741427 0.08154928 0.04791146 -0.01795375 0.08215379 0.0466578 -0.01798856 0.0800535 0.04511708 -0.0196017 0.07740056 0.04816478 -0.01850378 0.08279967 0.0464102 -0.01949959 0.07931035 0.04662877 -0.01986443 0.07961755 0.04727798 -0.01893448 0.08093357 0.04681849 -0.02023768 0.07994109 0.04757267 -0.019593 0.08158737 0.0469774 -0.02061688 0.08027917 0.04776144 -0.02025896 0.08228141 0.0478391 -0.0209189 0.08300191 0.04780519 -0.02155941 0.08373415 0.04766458 -0.02216887 0.08446329 0.04742383 -0.0227335 0.08517116 0.04543167 -0.0199685 0.07766145 0.04571956 -0.0203529 0.07794475 0.04597729 -0.02075225 0.07824957 0.0462014 -0.02116429 0.07857429 0.04433923 -0.02038568 0.07603371 0.04284906 -0.02189898 0.07331436 0.0435779 -0.02115297 0.07466769 0.04398852 -0.02154147 0.07490217 0.04563659 -0.02438986 0.07687908 0.0461263 -0.0234481 0.07826906 0.04548341 -0.0238747 0.07649397 0.04599595 -0.02297306 0.07789009 0.0452767 -0.02336895 0.07612675 0.0458191 -0.02250409 0.0775265 0.04501932 -0.02287817 0.0757811 0.04559797 -0.02204525 0.07718139 0.0447154 -0.02240705 0.07546007 0.04533535 -0.0216006 0.07685738 0.04436969 -0.02196031 0.07516646 0.04503506 -0.02117377 0.07655715 0.04470139 -0.0207681 0.07628226 0.04501318 -0.02471387 0.07509839 0.04477369 -0.02417546 0.07473039 0.04447758 -0.02365773 0.07438659 0.04412978 -0.02316659 0.07407081 0.04373747 -0.02270758 0.0737859 0.0433079 -0.0222842 0.07353359 0.04638952 -0.02158606 0.07891666 0.0465396 -0.02201443 0.07927459 0.04664999 -0.02244615 0.07964527 0.04501265 -0.03420341 0.06428658 0.04523915 -0.03409242 0.06373798 0.04434347 -0.02803075 0.06391251 0.04457068 -0.0283308 0.06399047 0.04425555 -0.02840209 0.06516247 0.04457449 -0.0283358 0.06399178 0.04470849 -0.02851241 0.06403779 0.04461157 -0.02871257 0.0646637 0.04478573 -0.02864885 0.06406086 0.04389619 -0.03063148 0.07690459 0.04397463 -0.03041338 0.07722645 0.04403305 -0.03025072 0.07746678 0.04755008 -0.03286051 0.05765002 0.04694133 -0.03318715 0.05943185 0.04661709 -0.03290939 0.06084877 0.0464335 -0.03345721 0.06071662 0.04628401 -0.03353679 0.06109476 0.0462684 -0.03354501 0.06113451 0.04678189 -0.03169673 0.06103396 0.0467301 -0.03232401 0.0609529 0.04621922 -0.02902621 0.06103348 0.04648447 -0.0296868 0.06108909 0.0466656 -0.03036326 0.06110638 0.0467633 -0.03103846 0.06108677 0.0458728 -0.0283997 0.06093895 0.04770839 -0.03233861 0.0577591 0.04779309 -0.03178733 0.05784142 0.04782009 -0.03120136 0.05790328 0.0477814 -0.03059095 0.05794066 0.04767036 -0.02996909 0.05794966 0.04748338 -0.0293495 0.05792748 0.0472207 -0.0287472 0.05787318 0.04688537 -0.02817779 0.05778658 0.0466932 -0.02791088 0.05773168 0.0462659 -0.02742296 0.05760073 0.04648619 -0.02765858 0.05766963 0.04554092 -0.02682209 0.05735868 0.04603379 -0.02720487 0.05752539 0.04448956 -0.02627545 0.05697929 0.04502159 -0.02651172 0.05717486 0.04395866 -0.0261147 0.05677795 0.04344069 -0.02602642 0.05657529 0.0486564 -0.02780532 0.05139625 0.04781997 -0.02797788 0.05460697 0.04743891 -0.0275067 0.05450469 0.04838228 -0.02745217 0.05133235 0.04830002 -0.0273751 0.05131101 0.0474525 -0.02669394 0.05108237 0.04787868 -0.0269798 0.0512017 0.04789751 -0.0269975 0.05120652 0.0459035 -0.0260654 0.05061739 0.0460574 -0.02610623 0.05066519 0.046548 -0.02623629 0.05081772 0.0469954 -0.02643781 0.05095052 0.04722493 -0.02654135 0.05101859 0.04951596 -0.03178852 0.05137777 0.04859006 -0.03230047 0.05454039 0.04955935 -0.03157967 0.05140805 0.04870408 -0.0318138 0.05462169 0.04958647 -0.03132861 0.051436 0.04849869 -0.03235089 0.0548529 0.0484572 -0.0323739 0.05499428 0.04843378 -0.03238648 0.05506289 0.04876422 -0.03129595 0.05468595 0.0496363 -0.03086739 0.05148768 0.04876989 -0.03074949 0.0547325 0.04961377 -0.03033792 0.0515204 0.04961359 -0.03033417 0.05152076 0.04871463 -0.0301842 0.05475795 0.04960542 -0.0301432 0.0515325 0.04941809 -0.02929079 0.0515353 0.04946285 -0.02941429 0.05154079 0.04859316 -0.02961176 0.05475968 0.04954147 -0.02981579 0.05153626 0.04840248 -0.02904433 0.05473536 0.04922956 -0.02877008 0.05151253 0.04884243 -0.02804523 0.05143958 0.04896736 -0.02827239 0.05146366 0.04814386 -0.02849525 0.05468446 0.04896855 -0.02827459 0.0514639 0.04920732 -0.02870899 0.05150979 0.04559785 -0.02603876 0.05051839 0.04868185 -0.02601599 0.03539377 0.05094611 -0.02873629 0.0435701 0.0510782 -0.02917999 0.0435692 0.05042868 -0.0294823 0.0475558 0.05170476 -0.03040659 0.03853362 0.05199199 -0.02979373 0.03558886 0.0519064 -0.03020101 0.03618419 0.05195945 -0.03014689 0.0355671 0.0516088 -0.03050458 0.03965288 0.05119138 -0.03082865 0.04289579 0.05117309 -0.03048199 0.0435062 0.05111771 -0.03088587 0.04346889 0.05108559 -0.03091078 0.04371863 0.0509935 -0.03096807 0.0442388 0.05042845 -0.0313189 0.04742759 0.05049735 -0.03088831 0.04747587 0.05040943 -0.0313307 0.0475347 0.05031269 -0.03138011 0.0479505 0.0496636 -0.03171283 0.05074286 0.0511868 -0.03005987 0.04353582 0.0505234 -0.03043442 0.04751443 0.05050241 -0.02996319 0.04754173 0.05115681 -0.0296235 0.0435574 0.05198538 -0.02942728 0.0356068 0.05194079 -0.02905148 0.03562062 0.05185508 -0.02867192 0.0356298 0.05029696 -0.0289992 0.04755455 0.05076009 -0.0283007 0.04355925 0.05010592 -0.02852356 0.0475372 0.04986006 -0.02806568 0.04750412 0.05052381 -0.02788233 0.04353708 0.05172497 -0.02829504 0.0356338 0.05154979 -0.02792716 0.03563195 0.05133312 -0.02757567 0.03562456 0.05107861 -0.02724796 0.03561145 0.04883831 -0.02690738 0.047315 0.04842388 -0.02662032 0.04722529 0.0495637 -0.0276367 0.04745572 0.04922133 -0.02724725 0.04739242 0.04792582 -0.02608048 0.04311388 0.04709982 -0.02608793 0.04691237 0.04751741 -0.02601861 0.0430333 0.04666543 -0.02602028 0.04680216 0.05024182 -0.02749127 0.04350358 0.04991799 -0.02713656 0.04345911 0.04955732 -0.02682709 0.04340428 0.04916805 -0.0265659 0.0433402 0.04875993 -0.02635389 0.04326933 0.04798877 -0.02638745 0.04712659 0.0483427 -0.02619177 0.04319328 0.04754388 -0.02620965 0.04702132 0.05079007 -0.02695149 0.03559279 0.0504713 -0.02669292 0.03556865 0.05012935 -0.02647465 0.0355398 0.0497716 -0.02629727 0.03550696 0.04940629 -0.02616167 0.0354712 0.04904085 -0.02606832 0.03543317 0.05076158 -0.02637898 0.0200119 0.0510056 -0.02652812 0.02001398 0.05059206 -0.02641016 0.0277608 0.05089741 -0.02659839 0.02777159 0.0510441 -0.02655178 0.0200144 0.05111825 -0.02659696 0.02001506 0.05118316 -0.02682119 0.02778017 0.05130642 -0.02675753 0.02001589 0.05144363 -0.02707678 0.02778589 0.05131626 -0.026766 0.02001589 0.05147719 -0.02690327 0.02001655 0.04994845 -0.02614027 0.0277332 0.05034899 -0.02619791 0.02000659 0.05027353 -0.02625721 0.0277478 0.0504648 -0.02624535 0.0200082 0.0507012 -0.02634227 0.0200113 0.04974889 -0.02603459 0.01999723 0.04986482 -0.02606147 0.0199992 0.04962307 -0.0260595 0.02771735 0.04999876 -0.02609258 0.02000135 0.05021452 -0.02614277 0.02000492 0.04930269 -0.02601408 0.02770048 0.04963219 -0.02602595 0.01999497 0.04956895 -0.0260213 0.01999366 0.05239778 -0.0290817 0.0199927 0.05240118 -0.02912288 0.01999199 0.05232596 -0.02930128 0.0277574 0.05239492 -0.02931809 0.019988 0.0523836 -0.02937275 0.02174246 0.05236583 -0.0294575 0.02445775 0.0523597 -0.02947217 0.02474004 0.05225408 -0.02864503 0.02777659 0.05236279 -0.02863228 0.02000099 0.05236881 -0.02871 0.01999956 0.05230659 -0.0289765 0.02776783 0.05237025 -0.02872782 0.01999926 0.05239379 -0.02902811 0.01999378 0.05216598 -0.02831238 0.02778345 0.05203968 -0.02798342 0.02778798 0.05217492 -0.02797955 0.02000999 0.05187505 -0.02766382 0.02778989 0.05167531 -0.02735966 0.02778929 0.0518223 -0.02732247 0.02001553 0.05195111 -0.02752614 0.02001428 0.05205065 -0.02768331 0.02001327 0.05210679 -0.02781718 0.02001178 0.05225133 -0.02816176 0.0200079 0.05229425 -0.02834278 0.02000528 0.05231338 -0.02842396 0.02000409 0.05229341 -0.02962774 0.02774435 0.05229061 -0.02963429 0.02787148 0.0522421 -0.02974843 0.03007549 0.05218982 -0.02982437 0.0311346 0.05201661 -0.0300759 0.03464722 0.05198729 -0.0301187 0.03524279 0.05155062 -0.02698785 0.02001649 0.05160009 -0.02704489 0.02001637 0.0517714 -0.02724206 0.02001607 0.05074548 -0.026317 0.009615957 0.05204463 -0.02757257 0.009616553 0.05219703 -0.02789956 0.009615778 0.05054855 -0.02623111 -7.69538e-4 0.05074775 -0.02632248 -7.69538e-4 0.05086046 -0.02637416 -7.69538e-4 0.05106276 -0.02650946 -7.69538e-4 0.05106395 -0.02650278 0.009616672 0.05197638 -0.02746087 -7.69538e-4 0.05203789 -0.02757215 -7.69538e-4 0.05213999 -0.02775698 -7.69538e-4 0.05219036 -0.02789646 -7.69538e-4 0.04973888 -0.02601939 0.009612441 0.04974639 -0.02602738 -7.69538e-4 0.04968667 -0.02602118 -7.69538e-4 0.05240243 -0.02919775 0.009610772 0.05240803 -0.0289638 0.009611904 0.05240309 -0.02918857 0.008821785 0.05239826 -0.02895486 -7.69538e-4 0.05240345 -0.02918171 -7.69538e-4 0.0523765 -0.02859878 -7.69538e-4 0.0523799 -0.02861678 -7.69538e-4 0.052392 -0.02868133 -7.69538e-4 0.05239707 -0.02890366 -7.69538e-4 0.05223929 -0.0280323 -7.69538e-4 0.05230367 -0.02821063 -7.69538e-4 0.05231183 -0.02825075 0.009614706 0.05232501 -0.0283246 -7.69538e-4 0.05238139 -0.02860569 0.009613454 0.0519101 -0.02734082 -7.69538e-4 0.05185192 -0.02726668 -7.69538e-4 0.05185467 -0.02726686 0.00961703 0.05179667 -0.02719599 -7.69538e-4 0.05163949 -0.02699935 0.009617209 0.05162847 -0.02698135 -7.69538e-4 0.05136448 -0.02673125 0.00961709 0.05126971 -0.0266481 -7.69538e-4 0.05135458 -0.0267269 -7.69538e-4 0.05136275 -0.02673447 -7.69538e-4 0.05109876 -0.0265336 -7.69538e-4 0.05044639 -0.02618438 -7.69538e-4 0.0504322 -0.02618199 0.009615063 0.05026066 -0.02613425 -7.69538e-4 0.05009335 -0.02608108 0.009613871 0.050098 -0.02609038 -7.69538e-4 0.04993808 -0.02604722 -7.69538e-4 0.05195188 -0.02824831 -0.006721377 0.04934108 -0.02601271 -0.006403148 0.0490846 -0.02600008 -0.006371617 0.04962062 -0.02605211 -0.006437242 0.0507248 -0.02650749 -0.006571829 0.0504598 -0.02634698 -0.006539463 0.04990327 -0.02611982 -0.006471633 0.0501843 -0.02621752 -0.006505966 0.05159288 -0.02740705 -0.006677687 0.05141341 -0.02714949 -0.006655812 0.05201053 -0.02853447 -0.006728529 0.05186283 -0.02796185 -0.006710529 0.05174309 -0.02767968 -0.006695926 0.05120617 -0.02691167 -0.00663048 0.05204105 -0.0288164 -0.006732285 0.05097508 -0.0266968 -0.006602287 0.05164992 -0.02904999 -0.009377002 0.0517587 -0.02906197 -0.008605062 0.05199831 -0.02908819 -0.006904542 0.05202305 -0.029091 -0.006729662 0.05213212 -0.02910298 -0.005955696 0.05214238 -0.02910405 -0.005883276 0.052235 -0.02912449 -0.004530966 0.05231791 -0.02914279 -0.003322482 0.05237519 -0.02915555 -0.002487123 0.05238741 -0.02916681 -0.001745343 -0.048909 -0.03054291 -0.01909476 -0.05086261 -0.02908468 -0.01296705 -0.050022 -0.02979457 -0.01595056 -0.04940289 -0.03021097 -0.01769959 0.04939508 -0.03021097 -0.01769673 0.04999929 -0.02980762 -0.01600289 0.05086189 -0.02908468 -0.01296687 0.04886841 -0.03056228 -0.01917272 0.04881459 -0.03059828 -0.01932388 0.04752993 -0.03130275 -0.02228337 0.04645246 -0.03182435 -0.02447438 0.04741233 -0.03136736 -0.02255421 0.04238909 -0.03337472 -0.03098613 0.04250979 -0.03333252 -0.03080898 0.04435759 -0.03268635 -0.02809518 0.04472702 -0.0325455 -0.02750349 0.04520887 -0.03234416 -0.02665758 0.04567831 -0.03214788 -0.02583318 0.03789621 -0.0346505 -0.03634405 0.0394023 -0.03425061 -0.03466492 0.04023152 -0.03403049 -0.03374046 0.04160255 -0.0336138 -0.03199023 0.03669977 -0.0349285 -0.03751188 0.0359649 -0.03509908 -0.0382288 0.0353955 -0.03523159 -0.0387848 0.03273767 -0.03577178 -0.04105418 0.03220593 -0.0358662 -0.0414502 0.02815169 -0.03654307 -0.0442934 0.02994 -0.03626793 -0.04313772 0.03107327 -0.036067 -0.04229372 0.0238645 -0.03713279 -0.04677003 0.02082735 -0.03747427 -0.04820406 0.01934206 -0.03761339 -0.0487883 0.02397423 -0.03712046 -0.04671823 0.0248323 -0.03700685 -0.04624116 0.02701789 -0.03671759 -0.045026 0.01759666 -0.03777682 -0.04947495 0.01809996 -0.03772968 -0.04927688 0.009847044 -0.0382722 -0.05155503 0.007501423 -0.03837168 -0.0519731 0.004945278 -0.03843909 -0.0522561 0.004055023 -0.03846251 -0.05235487 0.01091468 -0.0382269 -0.05136483 0.01100796 -0.03822129 -0.05134177 0.01428699 -0.03802818 -0.05053049 0.01466381 -0.03799957 -0.05041027 -0.004946589 -0.03844183 -0.05226856 -0.00805509 -0.03835189 -0.05189025 -0.00984615 -0.03827118 -0.05155181 -0.004621386 -0.03845137 -0.0523082 -0.003692626 -0.03846359 -0.05235946 -0.001168489 -0.03849685 -0.05249893 0 -0.03849995 -0.05251199 7.75166e-4 -0.03849858 -0.05250608 0.003693461 -0.03846657 -0.05237156 -0.01100647 -0.03821915 -0.05133259 -0.01143205 -0.03819996 -0.051252 -0.01466679 -0.03800153 -0.05041867 -0.0193423 -0.03761357 -0.0487895 -0.01810449 -0.03773236 -0.04928857 -0.01802337 -0.03774017 -0.04932129 -0.01475185 -0.03799635 -0.0503968 -0.02121925 -0.03743332 -0.0480327 -0.02385818 -0.03712993 -0.04675781 -0.02442628 -0.03706455 -0.04648339 -0.02483701 -0.037009 -0.04624992 -0.02744555 -0.03665578 -0.04476666 -0.03107625 -0.03606796 -0.04229819 -0.03030878 -0.03620636 -0.04287946 -0.0281552 -0.03654438 -0.04429888 -0.03304678 -0.03571259 -0.04080605 -0.03220218 -0.03586488 -0.04144567 -0.03596866 -0.0351001 -0.03823232 -0.03554958 -0.03519815 -0.03864449 -0.0380333 -0.03461647 -0.03620177 -0.03670042 -0.03492861 -0.03751266 -0.04029977 -0.034011 -0.03365963 -0.03940296 -0.03425061 -0.0346657 -0.04568421 -0.0321477 -0.02583622 -0.0452035 -0.03234285 -0.02665483 -0.04435759 -0.03268635 -0.02809518 -0.04251027 -0.03333252 -0.0308094 -0.0424003 -0.03337109 -0.03097105 -0.0416035 -0.03361386 -0.031991 -0.04645246 -0.03182435 -0.02447438 -0.04613232 -0.03196567 -0.02507317 -0.04887473 -0.0305621 -0.01917499 -0.04760557 -0.0312699 -0.02214694 -0.04753667 -0.03130298 -0.02228599 -0.05046439 -0.035335 -0.01288527 -0.05045789 -0.03533369 -0.01291441 -0.05025798 -0.0336464 -0.01457279 -0.04673135 -0.03528749 -0.02362602 -0.04635208 -0.03532165 -0.02433997 -0.04625946 -0.03500676 -0.02461558 -0.04791158 -0.03232944 -0.02143573 -0.04575192 -0.03361028 -0.0257129 -0.04319447 -0.0348429 -0.02979457 -0.0402261 -0.03599923 -0.03363168 -0.04014241 -0.03603667 -0.0337342 -0.03924328 -0.03615427 -0.03482747 -0.03923845 -0.0361548 -0.03483241 -0.03698146 -0.03645622 -0.03723508 -0.03664582 -0.03650087 -0.03754818 -0.03165477 -0.03715401 -0.04187482 -0.0320754 -0.03709959 -0.04153299 -0.03274309 -0.03701335 -0.04099005 -0.03439962 -0.03679925 -0.03964328 -0.03579539 -0.03661388 -0.03834146 -0.02421009 -0.0380178 -0.0465579 -0.02884775 -0.03749996 -0.04386001 -0.0285992 -0.03752875 -0.04401296 -0.0280649 -0.03759038 -0.04434156 -0.0260635 -0.03782159 -0.0455724 -0.02380746 -0.03806042 -0.046772 -0.02315646 -0.03812938 -0.047118 -0.02016633 -0.03841245 -0.04847419 -0.01487797 -0.03882002 -0.05032289 -0.01732301 -0.0386489 -0.04956191 -0.01963239 -0.03845679 -0.04867839 -0.0193277 -0.03848212 -0.0487951 0 -0.03891557 -0.05250978 -0.01466071 -0.03883522 -0.0503906 -0.01384568 -0.03889232 -0.05064421 -0.01067507 -0.03906863 -0.05140638 -0.009998917 -0.03909707 -0.05152642 -0.009856343 -0.03910309 -0.05155181 -0.007697999 -0.03919368 -0.05193537 -0.00502187 -0.03926676 -0.05223888 -0.004951894 -0.03926879 -0.05224668 -0.004126906 -0.03929126 -0.05234032 -8.84834e-4 -0.03932929 -0.05249559 0 -0.03933101 -0.05250322 -0.0435093 -0.03561168 -0.02925217 -0.04346305 -0.03561687 -0.02932661 -0.04230058 -0.03576046 -0.030954 -0.04145079 -0.03586542 -0.03214347 -0.0402382 -0.03602409 -0.03361779 -0.04502689 -0.03544366 -0.02679961 -0.04621279 -0.03533411 -0.02460229 -0.04564708 -0.03538519 -0.0256673 -0.0451588 -0.03542906 -0.02658677 -0.04829573 -0.03520709 -0.02003717 -0.04811209 -0.03520876 -0.02053403 -0.04827356 -0.03346407 -0.02047061 -0.0473023 -0.03525495 -0.02234745 -0.04989719 -0.03188997 -0.0161997 -0.0491594 -0.03519946 -0.0177012 -0.04871207 -0.03520333 -0.0189113 -0.05010658 -0.03526407 -0.01449608 -0.04989022 -0.03524935 -0.01522797 -0.04921358 -0.03520309 -0.01751768 -0.05148667 -0.03407049 -0.008143007 -0.05104947 -0.03552198 -0.009652972 -0.05144566 -0.03281736 -0.009385645 -0.05096423 -0.03548383 -0.01021462 -0.05076342 -0.03539419 -0.0115382 -0.05132591 -0.03571707 -0.007230997 -0.0512923 -0.0356785 -0.007649779 -0.05122321 -0.03559947 -0.008507609 -0.05139851 -0.03580003 -0.006329417 -0.05144941 -0.0353136 -0.006890237 -0.05211108 -0.03101867 -0.005068302 -0.05149042 -0.03623545 -0.002449095 -0.05146872 -0.03592842 -0.005058348 -0.052051 -0.0325697 -0.003507494 -0.05146688 -0.03590065 -0.005294442 -0.05146509 -0.03587615 -0.005502164 -0.05208355 -0.03259897 -0.00158298 -0.0520668 -0.03270202 -0.001607537 -0.05183851 -0.03410112 -0.001940727 -0.05204802 -0.02945762 -0.006619215 -0.05209493 -0.0302391 -0.005845308 -0.05112951 -0.03029131 -0.01183015 -0.05132657 -0.03155678 -0.01061552 -0.05049568 -0.0353412 -0.01274389 -0.0520339 -0.03269875 0.019988 -0.05191379 -0.03382295 0.019988 -0.05149245 -0.0362358 0.019988 -0.05191379 -0.0308004 0.03493332 -0.04967248 -0.03299599 0.04918962 -0.0438919 -0.04226255 0.05647939 -0.04396122 -0.04222881 0.05635935 -0.04582387 -0.0398094 0.05447638 -0.05056279 -0.03751039 0.03493469 -0.05073285 -0.03730463 0.03354519 -0.05099982 -0.03637742 0.0332244 -0.05125498 -0.03661245 0.02790457 -0.05135279 -0.03645932 0.02571916 -0.05191379 -0.03345572 0.02529025 -0.05146282 -0.03628516 0.02209526 -0.05191379 -0.03377223 0.02196288 -0.0514388 -0.03632479 0.02379769 -0.05139082 -0.03639996 0.02487009 -0.05112648 -0.03679186 0.0294969 -0.05191379 -0.03285139 0.02857756 -0.05109918 -0.03682988 0.0298348 -0.05191379 -0.03196418 0.03180009 -0.05099743 -0.03697168 0.03109353 -0.05092889 -0.03706759 0.0319435 -0.04900413 -0.03903329 0.04323899 -0.04904752 -0.03899449 0.0430445 -0.04967248 -0.03748035 0.04223901 -0.04966688 -0.0384413 0.04027009 -0.05099982 -0.0334692 0.04012006 -0.04968279 -0.03842705 0.0401985 -0.04980432 -0.03831845 0.03965389 -0.05099982 -0.03507333 0.03673547 -0.05008465 -0.03802698 0.03800666 -0.05044889 -0.03764826 0.03586626 -0.04688012 -0.04057425 0.05000692 -0.04721873 -0.0403431 0.04902952 -0.04794239 -0.03908538 0.04819649 -0.0479381 -0.03985196 0.04695338 -0.04967248 -0.03538936 0.04581189 -0.04804468 -0.0397793 0.04664582 -0.04834038 -0.03954935 0.04559588 -0.0458154 -0.04121798 0.05255448 -0.04794239 -0.03647112 0.0518862 -0.04644167 -0.04083937 0.05105608 -0.04409658 -0.04216295 0.05612498 -0.04556149 -0.04137158 0.05316239 -0.04331433 -0.04101222 0.05932629 -0.04061722 -0.04376983 0.06170248 -0.04234671 -0.04300868 0.05912488 -0.04247003 -0.04295438 0.0589413 -0.04331976 -0.0425409 0.05747008 -0.04365009 -0.04066896 0.05903047 -0.04579025 -0.03796458 0.05669987 -0.04629898 -0.0373218 0.0561459 -0.04789698 -0.03476274 0.05394089 -0.0485019 -0.03379392 0.05310595 -0.05099982 -0.0315774 0.0433526 0.0369504 -0.04579591 0.06548458 0.03668445 -0.04594099 0.06575256 0.03712093 -0.045623 0.06552225 0.02834415 -0.04965895 0.07185286 0.0281704 -0.04972845 0.07196027 0.02916556 -0.0492286 0.07165175 -0.003365695 -0.05497646 0.07910609 -0.005142807 -0.0548579 0.07896 -0.00514549 -0.05450308 0.0797531 -0.009964048 -0.05439496 0.07838559 -0.0102396 -0.05435258 0.07833206 -0.01024138 -0.05381715 0.0794354 -0.04365009 -0.03525429 0.06674969 -0.04365009 -0.03098332 0.07700115 0.04365009 -0.03010785 0.0806058 0.04058092 -0.03601676 0.07491666 0.04058092 -0.03731888 0.07179129 0.0485019 -0.03379392 0.05310595 0.04629898 -0.0359137 0.0578522 0.04789698 -0.03476274 0.05394089 0.04365009 -0.03719717 0.06358981 0.04365009 -0.03525429 0.06674969 0.04058092 -0.03886127 0.06877726 0.04365009 -0.03098332 0.07700115 0.04058092 -0.03496289 0.07813429 0.04629898 -0.02513039 0.08373481 0.04365009 -0.02951663 0.08426779 0.0485019 -0.02014631 0.08757758 0.04629898 -0.02479898 0.0877763 0.04365009 -0.0292136 0.08796477 0.04058092 -0.03334748 0.08814138 0.03712093 -0.03716105 0.08830416 0.03330361 -0.0406174 0.0884518 0.02916556 -0.04368335 0.08858269 0.02474659 -0.0463292 0.0886957 0.02008938 -0.0485298 0.0887897 0.00514549 -0.05226933 0.08894938 0.01024138 -0.05151408 0.08891707 0.01523888 -0.0502637 0.08886367 0 -0.052522 0.08896011 -0.00514549 -0.05226933 0.08894938 -0.01024138 -0.05151408 0.08891707 -0.02008938 -0.0485298 0.0887897 -0.01523888 -0.0502637 0.08886367 -0.02916556 -0.04368335 0.08858269 -0.02474659 -0.0463292 0.0886957 -0.03330361 -0.0406174 0.0884518 -0.03712093 -0.03716105 0.08830416 -0.04058092 -0.03334748 0.08814138 -0.0485019 -0.02014631 0.08757758 -0.04629898 -0.02479898 0.0877763 -0.04365009 -0.0292136 0.08796477 -0.04365009 -0.02951663 0.08426779 -0.04629898 -0.02513039 0.08373481 -0.04365009 -0.03010785 0.0806058 -0.04058092 -0.03601676 0.07491666 -0.04058092 -0.03496289 0.07813429 -0.04058092 -0.03731888 0.07179129 -0.04058092 -0.03886127 0.06877726 -0.04629898 -0.0359137 0.0578522 -0.04365009 -0.03719717 0.06358981 -0.04365009 -0.0393809 0.06059128 -0.0388267 -0.0448029 0.06369328 -0.03885751 -0.04478508 0.06365877 -0.04058092 -0.04262775 0.06315618 -0.04057973 -0.04379147 0.06174427 -0.03710496 -0.045726 0.06537491 -0.03712093 -0.045623 0.06552225 -0.03697192 -0.04579722 0.06550478 -0.03670209 -0.04594188 0.06576836 -0.03497838 -0.04679805 0.06725186 -0.03649169 -0.04605478 0.06597399 -0.03712093 -0.04380548 0.06801778 -0.03068858 -0.04874593 0.0704596 -0.0311374 -0.04856383 0.07017689 -0.03330361 -0.04667931 0.0699436 -0.03288537 -0.04778289 0.06890571 -0.03329116 -0.04760164 0.0686106 -0.03385639 -0.04734915 0.06819945 -0.02821445 -0.04973518 0.07198566 -0.02837842 -0.04967546 0.07189697 -0.02916556 -0.0492286 0.07165175 -0.02857685 -0.0496031 0.07178968 -0.02915579 -0.04936808 0.07142508 -0.02595335 -0.05055999 0.0732088 -0.02916556 -0.04787921 0.07384669 -0.02008938 -0.05210775 0.07622367 -0.02008295 -0.05236655 0.07574719 -0.02079385 -0.05216628 0.07547301 -0.02267408 -0.05163651 0.0747478 -0.02342498 -0.0513941 0.07440316 -0.02474659 -0.05018782 0.07514441 -0.024737 -0.05097019 0.07380086 -0.02554196 -0.0507102 0.07343137 -0.01681566 -0.05317068 0.0768187 -0.018067 -0.05287122 0.07642209 -0.01956057 -0.05251371 0.07594865 -0.01326996 -0.05388599 0.07774376 -0.01523172 -0.0534994 0.07724559 -0.01523888 -0.0526815 0.07890915 -0.01524382 -0.05349689 0.07724249 -0.01642465 -0.05326426 0.07694256 -0.02008938 -0.05110687 0.07817959 -0.012326 -0.05403137 0.07792699 -0.006257176 -0.0547837 0.0788685 -0.006729245 -0.05475217 0.0788297 -0.009324967 -0.05446559 0.07847338 0.00514549 -0.05450308 0.0797531 0.003137648 -0.05492979 0.07905066 0 -0.05473238 0.07985937 0 -0.05505108 0.079198 -0.003142654 -0.05498135 0.07911205 0.006253004 -0.05477005 0.07885479 0.005723178 -0.05482971 0.0789293 0.005143642 -0.05485212 0.07895648 0.009313464 -0.05442488 0.07842481 0.01024138 -0.05381715 0.0794354 0.0102325 -0.05432111 0.07829558 0.01523125 -0.05347168 0.07720768 0.01522058 -0.05347359 0.0772103 0.01523888 -0.0526815 0.07890915 0.01231628 -0.05401372 0.07790517 0.01132851 -0.05419749 0.07814157 0.02006125 -0.05233687 0.07569807 0.01805412 -0.05285733 0.07639867 0.02008938 -0.05210775 0.07622367 0.01684248 -0.05317157 0.07682156 0.01683741 -0.05317282 0.07682335 0.02470809 -0.05094629 0.07375216 0.0234031 -0.05137723 0.07436931 0.02474659 -0.05018782 0.07514441 0.02209329 -0.05180978 0.07498878 0.02078151 -0.05215007 0.07544666 0.0271058 -0.05015432 0.07261806 0.02916556 -0.04787921 0.07384669 0.02593153 -0.05054211 0.07317346 0.03286296 -0.04777801 0.06888228 0.03184658 -0.0482577 0.06968879 0.03330361 -0.04667931 0.0699436 0.03065997 -0.04873239 0.07042199 0.02911889 -0.049349 0.07137417 0.03622955 -0.04618912 0.06621086 0.03712093 -0.04380548 0.06801778 0.03495377 -0.04679119 0.06722319 0.03325521 -0.04759281 0.06857097 0.04058057 -0.04379159 0.06174498 0.04002749 -0.04411751 0.062384 0.04058092 -0.04262775 0.06315618 0.038809 -0.04478228 0.06361198 0.03708136 -0.04572445 0.06535255 0.04061722 -0.04376983 0.06170248 0.04365009 -0.0393809 0.06059128 0.04331433 -0.04101222 0.05932629 0.04629898 -0.0373218 0.0561459 0.04579025 -0.03796458 0.05669987 0.04365009 -0.04066896 0.05903047 0.04058092 -0.04063445 0.06589299 0.03330361 -0.04520428 0.07234299 0.03712093 -0.04218858 0.07064765 0.02008938 -0.05110687 0.07817959 0.02474659 -0.0491085 0.07725369 0.02916556 -0.04670548 0.0761404 0.03330361 -0.04392105 0.07485026 0.03712093 -0.04078215 0.07339596 -0.01024138 -0.05245095 0.08311378 -0.00514549 -0.05272847 0.08517128 -0.00514549 -0.05317795 0.08332079 0 -0.05297619 0.08522129 0 -0.05342096 0.08338999 0.00514549 -0.05272847 0.08517128 0.00514549 -0.05317795 0.08332079 0.01024138 -0.0519874 0.08502179 0.01024138 -0.05245095 0.08311378 0.01523888 -0.0507605 0.08477419 0.01523888 -0.05124711 0.082771 0.02008938 -0.04905945 0.08443075 0.02008938 -0.04957795 0.08229577 0.02474659 -0.04690045 0.0839951 0.02474659 -0.04745966 0.08169257 0.02916556 -0.04430449 0.08347105 0.02916556 -0.04491251 0.0809673 0.03330361 -0.04129636 0.08286398 0.03330361 -0.04196119 0.080127 0.03712093 -0.03790521 0.0821796 0.03712093 -0.038634 0.07917958 0.04058092 -0.03416377 0.08142435 0.04058092 -0.03362417 0.08476686 0.03712093 -0.03741329 0.08522731 0.03330361 -0.04084753 0.0856446 0.02916556 -0.04389387 0.0860148 0.02474659 -0.04652279 0.08633416 0.02008938 -0.04870927 0.08659988 0.01523888 -0.05043202 0.08680915 0.01024138 -0.0516746 0.08696019 0.00514549 -0.0524249 0.08705139 0 -0.0526759 0.08708178 -0.00514549 -0.0524249 0.08705139 -0.01523888 -0.05188876 0.08081197 -0.01024138 -0.05306208 0.0812478 -0.00514549 -0.05377066 0.08151096 0 -0.05400753 0.08159899 0.00514549 -0.05377066 0.08151096 0.01024138 -0.05306208 0.0812478 0.01523888 -0.05188876 0.08081197 0.02008938 -0.05026185 0.08020776 0.02474659 -0.04819715 0.07944089 0.02916556 -0.04571449 0.0785188 0.03330361 -0.04283779 0.07745027 0.03712093 -0.03959482 0.07624566 -0.01024138 -0.0519874 0.08502179 -0.01024138 -0.0516746 0.08696019 -0.01523888 -0.0507605 0.08477419 -0.01523888 -0.05043202 0.08680915 -0.01523888 -0.05124711 0.082771 -0.02008938 -0.05026185 0.08020776 -0.02474659 -0.0491085 0.07725369 -0.02008938 -0.04957795 0.08229577 -0.02474659 -0.04819715 0.07944089 -0.02916556 -0.04670548 0.0761404 -0.03330361 -0.04520428 0.07234299 -0.02008938 -0.04905945 0.08443075 -0.02474659 -0.04745966 0.08169257 -0.02916556 -0.04571449 0.0785188 -0.03330361 -0.04392105 0.07485026 -0.03712093 -0.04218858 0.07064765 -0.04058092 -0.04063445 0.06589299 -0.03712093 -0.04078215 0.07339596 -0.03330361 -0.04283779 0.07745027 -0.03712093 -0.03959482 0.07624566 -0.02916556 -0.04491251 0.0809673 -0.03330361 -0.04196119 0.080127 -0.03712093 -0.038634 0.07917958 -0.02474659 -0.04690045 0.0839951 -0.02916556 -0.04430449 0.08347105 -0.03330361 -0.04129636 0.08286398 -0.03712093 -0.03790521 0.0821796 -0.04058092 -0.03416377 0.08142435 -0.02008938 -0.04870927 0.08659988 -0.02474659 -0.04652279 0.08633416 -0.02916556 -0.04389387 0.0860148 -0.03330361 -0.04084753 0.0856446 -0.03712093 -0.03741329 0.08522731 -0.04058092 -0.03362417 0.08476686 0.05191379 -0.0308004 0.03493332 0.05203396 -0.03269869 0.019988 0.05191379 -0.03382295 0.019988 0.05191379 -0.03377223 0.02196288 0.04967248 -0.03299599 0.04918962 0.04794239 -0.03647112 0.0518862 0.0439248 -0.04223811 0.05638271 0.04582387 -0.0398094 0.05447638 0.04388028 -0.04226255 0.05647432 0.04369091 -0.04236572 0.05686289 0.04331237 -0.0425387 0.05745899 0.04228097 -0.04300981 0.0590831 0.04713988 -0.04037106 0.04909461 0.04642879 -0.04084116 0.05105227 0.0461573 -0.04102087 0.05180025 0.04580247 -0.04121428 0.05252861 0.04792892 -0.0398491 0.04692155 0.04794239 -0.03908538 0.04819649 0.04813808 -0.03971081 0.04634582 0.04967248 -0.03538936 0.04581189 0.04833096 -0.03955215 0.04559338 0.04896289 -0.03903234 0.04312789 0.05072516 -0.03731548 0.03355586 0.05063962 -0.03742915 0.03447109 0.05099982 -0.03507333 0.03673547 0.05056208 -0.03750991 0.0349338 0.05003756 -0.03805553 0.03805893 0.05099982 -0.0334692 0.04012006 0.04967868 -0.03842908 0.04019802 0.04967248 -0.03748035 0.04223901 0.049667 -0.0384413 0.040268 0.0496121 -0.0384984 0.04059469 0.05098831 -0.03696572 0.03073877 0.05099982 -0.03637742 0.0332244 0.05107337 -0.03685283 0.02982908 0.05191379 -0.03196418 0.03180009 0.05110216 -0.03681463 0.02952176 0.05125719 -0.03660863 0.02786225 0.05191379 -0.03285139 0.02857756 0.05133002 -0.03649318 0.02573615 0.05191379 -0.03345572 0.02529025 0.05135989 -0.03644609 0.02486693 0.05145478 -0.03629577 0.02209967 0.05149245 -0.0362358 0.019988 0.05148732 -0.03624415 0.02114939 0.05099982 -0.0315774 0.0433526 0.05149042 -0.03623545 -0.002449095 0.05184108 -0.03410142 -0.001940906 0.05206078 -0.03276479 -0.001622617 0.0520668 -0.03270208 -0.001607716 0.05204808 -0.02945816 -0.006618738 0.05112969 -0.03029227 -0.01182931 0.05132669 -0.0315575 -0.01061487 0.04020476 -0.03598326 -0.03361767 0.02857851 -0.03752738 -0.043976 0.052051 -0.03257 -0.003507435 0.05148667 -0.0340709 -0.00814253 0.05144941 -0.03531408 -0.006889939 0.05139648 -0.03595167 -0.005057871 0.05138438 -0.03591513 -0.005393147 0.05135732 -0.03583329 -0.00614506 0.05090409 -0.03549998 -0.01020616 0.05097526 -0.03552997 -0.009752631 0.05130255 -0.03566753 -0.007668912 0.05131828 -0.03571546 -0.007228553 0.04982948 -0.03526729 -0.01521188 0.0504558 -0.03532445 -0.01295202 0.0502581 -0.03364729 -0.01457196 0.05049222 -0.03532785 -0.0128206 0.04989749 -0.0318911 -0.01619869 0.04827404 -0.03346568 -0.0204693 0.04869878 -0.03520977 -0.01887655 0.0490629 -0.03519719 -0.01797688 0.04915088 -0.0352053 -0.01766008 0.04917788 -0.03520768 -0.01756238 0.04633486 -0.03533035 -0.0242933 0.04700028 -0.03526812 -0.02307122 0.04729419 -0.03525805 -0.02234548 0.04823839 -0.03522557 -0.02001327 0.04348087 -0.03562098 -0.02919125 0.0443139 -0.03551948 -0.0280044 0.04575276 -0.03361237 -0.02571129 0.04498302 -0.03545683 -0.02677571 0.04550737 -0.0354079 -0.0258131 0.04626011 -0.0350086 -0.02461409 0.0461775 -0.03534501 -0.02458208 0.04101192 -0.03592205 -0.0327087 0.04319542 -0.03484535 -0.0297929 0.04226267 -0.03576958 -0.03092688 0.03711938 -0.0364378 -0.03709805 0.03917753 -0.03616511 -0.03477728 0.04005378 -0.03604888 -0.03378909 0.04022616 -0.03602612 -0.03359472 0.03663659 -0.03650152 -0.03753048 0.03576719 -0.03661608 -0.03830879 0.0327531 -0.03701347 -0.04100781 0.03206515 -0.03709906 -0.04151666 0.03262925 -0.0370298 -0.0411188 0.02418589 -0.0380122 -0.04650771 0.02770549 -0.03763467 -0.04459196 0.0280624 -0.03759086 -0.04434019 0.02378249 -0.03805541 -0.04672729 0.02237367 -0.03820651 -0.04749429 0.01960551 -0.03844559 -0.04860806 0.01930063 -0.03847181 -0.04873079 0.01673239 -0.03869348 -0.04976409 0.01486569 -0.03880995 -0.05027449 0.01464563 -0.03882366 -0.05033469 0.01087599 -0.0390588 -0.05136501 0.009995162 -0.03909069 -0.05149918 0.009851872 -0.03909581 -0.05152106 0.005023837 -0.03927069 -0.05225646 0.004954278 -0.03927326 -0.05226707 0.00492084 -0.03927445 -0.0522722 0.04791206 -0.03233098 -0.0214343 0.05211108 -0.03101897 -0.005068004 0.05209499 -0.03023946 -0.00584501 0.05144566 -0.0328179 -0.009385049 0.05049502 -0.03532809 -0.01281052 0.05050516 -0.03533238 -0.01274591 -0.04662418 -0.04539579 -0.002448976 -0.04598516 -0.0459457 -0.002448976 -0.0459426 -0.0459131 -0.006559312 -0.04446011 -0.04725801 -0.002448976 -0.04423958 -0.04739373 -0.002448976 -0.04413753 -0.04741221 -0.006279528 -0.04803431 -0.03776067 -0.0195645 -0.0464611 -0.04255795 -0.01823949 -0.04718828 -0.04240673 -0.01607567 -0.04503995 -0.04386407 -0.01991075 -0.04994076 -0.04076999 -0.002448976 -0.04890173 -0.0424928 -0.002448976 -0.04889005 -0.04226672 -0.007069945 -0.0484665 -0.04321473 -0.002448976 -0.04754525 -0.04430526 -0.002448976 -0.04753583 -0.04418796 -0.006824254 0 -0.04766118 -0.05024397 0 -0.04607909 -0.0509746 -0.005044639 -0.04602885 -0.05078303 0 -0.05030959 -0.04847604 0 -0.04911637 -0.0492919 -0.004989862 -0.04907059 -0.04910361 -0.03132969 -0.04723328 -0.03758549 -0.03088712 -0.0484358 -0.03665727 -0.02716368 -0.04920387 -0.03928846 0 -0.05422949 -0.04403138 0 -0.05397588 -0.0443716 -0.004689455 -0.0539149 -0.04417455 -0.01411741 -0.0522378 -0.04382061 -0.009511768 -0.0526393 -0.04491251 -0.009676575 -0.05148506 -0.04618912 0 -0.05649662 -0.03854465 0 -0.05614572 -0.03964829 -0.004321098 -0.05612099 -0.03947919 0 -0.05692428 -0.03558725 0 -0.05682957 -0.03624212 -0.004023373 -0.05679988 -0.03608363 -0.02500057 -0.0541507 -0.02733105 -0.02592337 -0.0538733 -0.0286132 -0.02686196 -0.05371785 -0.0260775 -0.02889609 -0.05313479 -0.02642112 -0.02789658 -0.05345273 -0.02525818 -0.0249406 -0.05416452 -0.0273714 -0.02431625 -0.05430972 -0.02779179 -0.02271413 -0.05457758 -0.0305621 -0.02188587 -0.05481421 -0.0291754 -0.02161389 -0.05487078 -0.02933025 -0.0192908 -0.05522358 -0.03225088 -0.01877057 -0.05538713 -0.03068488 -0.01856845 -0.05541849 -0.0307641 -0.0156762 -0.05578655 -0.03366297 -0.015827 -0.05584329 -0.0318371 -0.0127725 -0.05623292 -0.0327934 -0.01190131 -0.05624699 -0.03478217 -0.01504349 -0.05594319 -0.03208231 -0.01507008 -0.05593979 -0.03207409 -0.01143068 -0.0563668 -0.03311419 -0.009649872 -0.0565443 -0.03354007 -0.008004128 -0.056589 -0.03559309 -0.007682979 -0.05668497 -0.03387147 -0.006469786 -0.05677175 -0.03407579 -0.005027592 -0.0568338 -0.03422051 0 -0.056957 -0.03450709 -0.003246009 -0.05691045 -0.03439939 -0.003861129 -0.05688399 -0.03433763 -0.02670609 -0.05032867 -0.03821241 -0.02275913 -0.05105733 -0.04044252 -0.02315038 -0.04992169 -0.04158502 -0.01855021 -0.05170261 -0.0423212 -0.01436156 -0.05108773 -0.04506438 -0.004786789 -0.05288773 -0.04557496 -0.004869759 -0.05173122 -0.0468716 0 -0.05560123 -0.04136073 -0.004455626 -0.0555396 -0.04111301 -0.008591413 -0.05588728 -0.03892421 -0.008857011 -0.05529838 -0.04052788 -0.0127629 -0.05550885 -0.03800827 -0.01315289 -0.05490803 -0.03956246 -0.01679027 -0.05500143 -0.03674721 -0.01729553 -0.05438536 -0.03823477 -0.0206303 -0.05438458 -0.03516209 -0.02123928 -0.05375152 -0.0365678 -0.02424919 -0.05368155 -0.03327333 -0.02494859 -0.05303102 -0.0345847 -0.02762413 -0.05291962 -0.03110206 -0.02840155 -0.05225247 -0.03230768 -0.03073358 -0.05212628 -0.02866876 -0.03157621 -0.05144435 -0.02975958 -0.03445112 -0.05063563 -0.02696263 -0.0352863 -0.04983717 -0.02790367 -0.03223598 -0.03865259 -0.0412842 -0.02398115 -0.03969752 -0.0465756 -0.02824026 -0.03918772 -0.04412102 -0.004937708 -0.05045527 -0.04805189 -0.009811878 -0.05021369 -0.04735291 -0.009916126 -0.04883569 -0.04839193 -0.01471918 -0.04845678 -0.04721868 -0.01482921 -0.04699891 -0.04810851 -0.01949352 -0.04651439 -0.04647547 -0.01958268 -0.04500108 -0.04721707 -0.02404958 -0.044447 -0.04515135 -0.02409821 -0.04290348 -0.04575359 -0.02832871 -0.04231792 -0.04328393 -0.0283246 -0.04076737 -0.04376137 -0.03229951 -0.04018986 -0.04091495 -0.0359407 -0.03811919 -0.03808563 0 -0.05052286 -0.048271 -0.009988367 -0.04736381 -0.04929661 -0.01489186 -0.04546368 -0.04886233 -0.01961123 -0.0434274 -0.04782569 -0.02407532 -0.04131585 -0.04622972 0 -0.04785519 -0.0501542 -0.005025625 -0.04759049 -0.05001693 -0.010028 -0.04581218 -0.0500583 -0.01490676 -0.04386538 -0.04947388 -0.01957917 -0.04180747 -0.04829698 -0.01479452 -0.04053837 -0.05025309 0 -0.04512661 -0.0514146 -0.005047023 -0.04440087 -0.05139565 -0.01003468 -0.04419559 -0.0506708 -0.01000875 -0.04252892 -0.05112963 -0.01487421 -0.04221868 -0.04993879 -0.01948678 -0.04015529 -0.04862689 -0.005032718 -0.0427221 -0.05185031 -0.005001842 -0.04100769 -0.05214279 -0.009950339 -0.04082769 -0.05143088 0 -0.04445993 -0.05159723 -0.04865527 -0.04222559 -0.009362339 -0.04695636 -0.04424893 -0.01114839 -0.04244196 -0.04547965 -0.02333116 -0.04438173 -0.04492396 -0.01943409 -0.04589456 -0.04450339 -0.01536417 -0.04779887 -0.04229849 -0.01387202 -0.04828941 -0.0422371 -0.01163238 -0.04686641 -0.03912955 -0.02152132 -0.04653608 -0.04037433 -0.02116775 -0.04444569 -0.04076778 -0.0254274 -0.0440725 -0.04202228 -0.02496427 -0.04160696 -0.04257369 -0.02892589 -0.04118978 -0.0438227 -0.0283426 -0.03837925 -0.04449343 -0.03198498 -0.03791999 -0.04571861 -0.0312711 -0.03479379 -0.04646879 -0.03457248 -0.03429883 -0.04764848 -0.03371888 -0.0481767 -0.04012548 -0.01670426 -0.0474146 -0.04022991 -0.0189597 -0.05092698 -0.03817105 -0.004973769 -0.05009233 -0.04032987 -0.004874885 -0.05079007 -0.03797 -0.007486224 -0.04998081 -0.04018205 -0.007291734 -0.05050581 -0.03782576 -0.009977579 -0.04972696 -0.04009038 -0.009691298 -0.05008167 -0.0377357 -0.01243865 -0.04933738 -0.04005211 -0.01206505 -0.04952466 -0.03769689 -0.01486068 -0.04881888 -0.04006499 -0.01440477 -0.04884076 -0.03770655 -0.01723736 -0.05100995 -0.03812277 -0.002448976 -0.0450254 -0.03680408 -0.02653598 -0.0449233 -0.03815078 -0.02621549 -0.0423159 -0.03856253 -0.0303387 -0.04217129 -0.03993499 -0.02992689 -0.03922367 -0.0404793 -0.03373789 -0.03903305 -0.04186457 -0.03322249 -0.03576892 -0.04250621 -0.03670227 -0.03553158 -0.04388797 -0.03606975 -0.03197228 -0.04458993 -0.03919702 -0.03169232 -0.0459479 -0.03843432 -0.02786225 -0.04667043 -0.04118627 -0.02755028 -0.0479815 -0.0402826 -0.02347779 -0.04868239 -0.04263609 -0.01887005 -0.05055862 -0.04351985 -0.04607129 -0.03798663 -0.02405709 -0.03520566 -0.04521209 -0.03535807 -0.038751 -0.04320573 -0.032637 -0.04193472 -0.04127496 -0.02945506 -0.04472959 -0.03947478 -0.02584522 -0.04710978 -0.0378552 -0.02183908 -0.03932738 -0.0376147 -0.03454637 -0.0145629 -0.04982399 -0.04620087 -0.01913565 -0.04930561 -0.04461848 -0.01934409 -0.04795342 -0.04560667 -0.0237382 -0.04734903 -0.04358625 -0.02392929 -0.04593312 -0.04442703 -0.02809709 -0.0452817 -0.04199182 -0.02825284 -0.04382693 -0.04269284 -0.03216749 -0.04317015 -0.03986769 -0.03227669 -0.04169952 -0.04044157 -0.0359168 -0.04107701 -0.03725135 -0.0359742 -0.03961122 -0.03771352 -0.03932189 -0.0390594 -0.03418028 -0.04236721 -0.03716629 -0.03068768 -0.0461201 -0.04158288 -0.02078002 -0.04361236 -0.04323059 -0.0244584 -0.04068619 -0.0450139 -0.0277087 -0.03737688 -0.04687285 -0.03050029 -0.0337252 -0.04874366 -0.03280389 -0.0303688 -0.04954725 -0.0356574 -0.04215127 -0.0486592 -0.005989611 -0.04230499 -0.04858469 -0.002448976 -0.04021966 -0.04955708 -0.003605723 -0.04202896 -0.04875469 -0.002448976 -0.04024922 -0.04954588 -0.002448976 -0.04000717 -0.04963785 -0.005693316 -0.03998047 -0.04964792 -0.005955398 -0.0415259 -0.0488938 -0.009484291 -0.03949522 -0.04983013 -0.008350431 -0.03933233 -0.04989033 -0.008886575 -0.04047858 -0.04928797 -0.01288497 -0.03877419 -0.05009645 -0.01072299 -0.03825759 -0.05028241 -0.01198732 -0.03780698 -0.05044478 -0.01309007 -0.03903883 -0.04981559 -0.01615989 -0.0368278 -0.05078601 -0.0149731 -0.03656208 -0.0508787 -0.01548409 -0.03723067 -0.05044823 -0.01928657 -0.0350995 -0.05136758 -0.0177735 -0.03336411 -0.05191928 -0.02003192 -0.03507828 -0.05115747 -0.02224242 -0.03464078 -0.05151349 -0.0183705 -0.03506189 -0.05137956 -0.01782256 -0.03160977 -0.05238693 -0.02400237 -0.03404158 -0.05165433 -0.0213744 -0.0329492 -0.05204331 -0.02048695 -0.03141129 -0.05250352 -0.02217358 -0.0305534 -0.0527426 -0.02297192 -0.02924203 -0.05310779 -0.02419245 -0.0326063 -0.05191445 -0.02500516 0 -0.05658012 -0.03796756 -0.004176557 -0.05654221 -0.03779745 -0.008306205 -0.0563187 -0.03727418 -0.01234436 -0.05595648 -0.03640997 -0.01624888 -0.05546975 -0.03521877 -0.019979 -0.05487668 -0.03371888 -0.02350217 -0.0541985 -0.03192883 -0.02679586 -0.05346125 -0.02986735 -0.02983796 -0.05269116 -0.0275532 -0.0335555 -0.05132937 -0.0259943 -0.03700447 -0.04985517 -0.02393972 -0.03921341 -0.0491324 -0.0207144 -0.04105496 -0.04849731 -0.01731061 -0.04250591 -0.04797965 -0.01375252 -0.04354321 -0.04760915 -0.0100643 -0.03869181 -0.04816776 -0.02554851 -0.04096388 -0.0474627 -0.02207309 -0.04284858 -0.04685443 -0.0184099 -0.0443232 -0.04637378 -0.0145846 -0.04536443 -0.04605078 -0.01062238 0 -0.05483078 -0.0428608 -0.004578769 -0.05480211 -0.042683 -0.009100317 -0.05455589 -0.04206955 -0.009319126 -0.05366617 -0.04353529 -0.01351076 -0.05415779 -0.041058 -0.01383298 -0.05326443 -0.0424813 -0.01775991 -0.05362546 -0.0396676 -0.01817911 -0.05272799 -0.04103338 -0.02179998 -0.05298131 -0.03792387 -0.02230787 -0.05208027 -0.0392189 -0.02559465 -0.05225098 -0.03585153 -0.02618181 -0.05134737 -0.03706383 -0.02912163 -0.05146366 -0.03347468 -0.02977883 -0.05055928 -0.03459388 -0.03235936 -0.0506491 -0.03081727 -0.03307718 -0.04974645 -0.03183436 -0.0360555 -0.0489391 -0.02881073 -0.03675377 -0.04794871 -0.02967828 -0.03943276 -0.04719305 -0.02630716 -0.04009896 -0.04613953 -0.02702873 -0.04306775 -0.04438537 -0.02391296 -0.0456205 -0.04274827 -0.02036029 0 -0.0410636 -0.05232328 0 -0.04226547 -0.05219835 0 -0.04277878 -0.0520578 0 -0.05177915 -0.04706329 0 -0.05244719 -0.04642105 0 -0.05293387 -0.04576861 -0.0500378 -0.0405296 -0.002448976 -0.05088853 -0.03842318 -0.002448976 -0.04024922 -0.04954588 0.019988 -0.05100995 -0.03812277 0.019988 -0.05088841 -0.03842353 0.019988 -0.05003738 -0.0405308 0.019988 -0.04994076 -0.04076999 0.019988 -0.0489012 -0.04249376 0.019988 -0.0484665 -0.04321473 0.019988 -0.04754537 -0.0443052 0.019988 -0.04662418 -0.04539579 0.019988 -0.04598546 -0.0459454 0.019988 -0.04446011 -0.04725801 0.019988 -0.04423916 -0.04739403 0.019988 -0.04230475 -0.04858493 0.019988 -0.04202896 -0.04875469 0.019988 -0.03726959 -0.05063402 0.04379308 -0.03777879 -0.0504539 0.04208093 -0.03959679 -0.04968839 0.04259127 -0.04164099 -0.044604 0.05845361 -0.04591161 -0.04603749 0.02462846 -0.04223239 -0.04863739 0.02450448 -0.0419746 -0.04874575 0.02902919 -0.04149395 -0.04894328 0.03356069 -0.0395202 -0.04982078 0.0333231 -0.03987073 -0.04968935 0.0300284 -0.03993928 -0.04966348 0.02888792 -0.04016029 -0.04957973 0.02444005 -0.04013735 -0.0495885 0.02558761 -0.04415261 -0.04745167 0.02456748 -0.04386395 -0.04759269 0.02916693 -0.04333448 -0.04784119 0.03379285 -0.04072767 -0.0492509 0.03809159 -0.04250377 -0.04821383 0.0384435 -0.04564052 -0.045556 0.03911399 -0.04656022 -0.04502063 0.03423428 -0.04695683 -0.04396796 0.03942376 -0.04789656 -0.04333949 0.03443676 -0.04807972 -0.04223275 0.03971058 -0.04902058 -0.04150688 0.03462326 -0.04899609 -0.0403757 0.03997117 -0.04991888 -0.03955131 0.03479105 -0.04748129 -0.04441648 0.02468645 -0.04883402 -0.042611 0.02474069 -0.04715389 -0.04464221 0.02942806 -0.04850125 -0.04288583 0.02954727 -0.04962068 -0.04097431 0.02965641 -0.04994803 -0.04064762 0.0247901 -0.05049788 -0.03893893 0.0297541 -0.05080878 -0.03855997 0.02483403 -0.04228967 -0.0454393 0.05521917 -0.03906786 -0.04673886 0.0601226 -0.03811883 -0.04807358 0.05924737 -0.0412575 -0.04685527 0.05450373 -0.03988558 -0.04529231 0.06093347 -0.03944629 -0.04620665 0.06047165 -0.04317367 -0.04390203 0.05588179 -0.0476346 -0.04139119 0.04526615 -0.04572397 -0.04257637 0.05060315 -0.0400874 -0.04813307 0.05374306 -0.04372739 -0.04573506 0.04953509 -0.04480886 -0.04421579 0.05009102 -0.03317308 -0.05182838 0.05529838 -0.03174865 -0.05240529 0.05425757 -0.03225368 -0.05225622 0.05358976 -0.03589016 -0.0510137 0.05127602 -0.0337181 -0.05180925 0.05142241 -0.034289 -0.05162668 0.0504074 -0.03464102 -0.05151402 0.04978168 -0.03513509 -0.05135589 0.0489031 -0.03628402 -0.05097323 0.04641759 -0.03800958 -0.0502749 0.04700821 -0.03738802 -0.05022275 0.05212002 -0.03401362 -0.05148798 0.05591267 -0.03879237 -0.04925888 0.05294549 -0.03454571 -0.05113893 0.0563271 -0.03609263 -0.0501247 0.05753141 -0.035847 -0.05028563 0.05734038 -0.03792273 -0.04834938 0.05906659 -0.03701776 -0.04922723 0.05830752 -0.0363143 -0.0509628 0.04633677 -0.0381121 -0.050336 0.04096049 -0.03882163 -0.05007898 0.03784406 -0.03883939 -0.05007249 0.0377345 -0.0394501 -0.049847 0.03398168 -0.03961431 -0.04939669 0.04767078 -0.04129421 -0.04872715 0.04308778 -0.04111415 -0.04833912 0.04831779 -0.04287379 -0.04757726 0.04357182 -0.04249101 -0.04711455 0.04894179 -0.04559928 -0.04621803 0.02930063 -0.04503142 -0.0465275 0.03401851 -0.04414886 -0.04697686 0.03878569 -0.04431563 -0.0462526 0.04403746 -0.04559993 -0.04476749 0.04447865 -0.04671025 -0.04313969 0.04488968 -0.0363056 -0.047163 0.0646938 -0.0336315 -0.05058091 0.0618599 -0.01173412 -0.05507379 0.07600098 -0.02033948 -0.05292081 0.07453918 -0.02292025 -0.05222237 0.0734685 -0.01766449 -0.05355465 0.075486 -0.008871674 -0.05541497 0.07654905 -0.005950689 -0.0556668 0.07694989 -0.01722395 -0.05415099 0.07449215 -0.01452159 -0.05465 0.07531309 -0.01371401 -0.05550909 0.07325357 -0.0110796 -0.05584293 0.07395756 0 -0.05585986 0.07727265 -0.002987921 -0.05582273 0.07719588 -0.01754379 -0.05540549 0.06928288 -0.01523178 -0.05575919 0.07026159 -0.01504331 -0.05594211 0.06761926 -0.008199453 -0.05665916 0.07009249 -0.01037722 -0.0563355 0.07184588 -0.00530225 -0.05683255 0.07069468 -0.005262732 -0.05670547 0.07286268 -0.005028009 -0.05684202 0.070728 -0.002820312 -0.056432 0.07519125 -0.002642393 -0.05680269 0.07313007 -0.00561738 -0.05630958 0.07493579 -0.0111038 -0.05641019 0.06923496 -0.0139122 -0.05609732 0.06815749 -0.01412642 -0.056068 0.06805557 -0.03255558 -0.05145937 0.06082373 -0.02888089 -0.05259191 0.06399536 -0.02982938 -0.05186188 0.06506806 -0.02484816 -0.05366683 0.06683027 -0.02565956 -0.05307471 0.06791895 -0.02344083 -0.05364197 0.06920206 -0.02046996 -0.05464369 0.06929838 -0.02113497 -0.05417543 0.07038456 -0.01874387 -0.05466878 0.07145929 -0.03140228 -0.05219185 0.05975717 -0.0296362 -0.05300158 0.05678462 -0.03018337 -0.0527727 0.05867028 -0.02681696 -0.05366045 0.061778 -0.02787387 -0.05319279 0.06289565 -0.0231046 -0.05451077 0.06459128 -0.02399456 -0.0541464 0.06571847 -0.01905715 -0.05528867 0.06707465 -0.0197761 -0.05501538 0.06819295 -0.0249418 -0.05416923 0.06131285 -0.02570062 -0.05398905 0.06063199 -0.02734637 -0.0535981 0.0591557 -0.02889156 -0.05319553 0.05755561 -0.03817105 -0.04624456 0.06287157 -0.0373578 -0.04759645 0.06201463 -0.03433322 -0.04807198 0.06641846 -0.03462058 -0.04956489 0.06285595 -0.03551465 -0.04842203 0.06380355 -0.03152287 -0.05004 0.06709951 -0.03225529 -0.04896396 0.06804245 -0.0300734 -0.04983228 0.06956267 -0.02778917 -0.05066955 0.07097589 -0.02540415 -0.05146878 0.07227909 -0.02713489 -0.05157059 0.06999868 -0.009629189 -0.05653667 0.06967037 -0.01284223 -0.05607098 0.07111918 -0.01626968 -0.05511558 0.07241815 -0.01930588 -0.05416893 0.0725159 -0.01983869 -0.05358529 0.07354426 -0.02176713 -0.0536133 0.07144558 -0.02236348 -0.05296105 0.07247549 -0.02414029 -0.05301249 0.07026398 -0.02479612 -0.0522868 0.0712918 -0.02642339 -0.05237406 0.06897747 -0.03071212 -0.0510087 0.06610536 0 -0.05597877 0.07698959 0 -0.05641639 0.07526397 0 -0.05671131 0.07410097 0 -0.05678457 0.07321757 0 -0.056957 0.07113689 -0.002438127 -0.05693078 0.071042 -0.002456605 -0.05693018 0.07103967 -0.004889667 -0.05684673 0.07074469 -0.01681149 -0.0556994 0.06677788 -0.0183047 -0.05545693 0.06592887 -0.01942265 -0.05527538 0.06529307 -0.02222216 -0.0547505 0.06342959 -0.0248689 -0.05418658 0.0613783 0.002987921 -0.05582273 0.07719588 0.02778917 -0.05066955 0.07097589 0.0300734 -0.04983228 0.06956267 0.03071212 -0.0510087 0.06610536 0.03152292 -0.05004 0.06709951 0.03551465 -0.04842203 0.06380355 0.03817105 -0.04624456 0.06287157 0.03988611 -0.04529285 0.0609337 0.02344083 -0.05364197 0.06920206 0.02565956 -0.05307471 0.06791895 0.02484816 -0.05366683 0.06683027 0.01452159 -0.05465 0.07531309 0.005950689 -0.0556668 0.07694989 0.02292025 -0.05222237 0.0734685 0.02033948 -0.05292081 0.07453918 0.01766449 -0.05355465 0.075486 0.008871674 -0.05541497 0.07654905 0.01173412 -0.05507379 0.07600098 0.01626968 -0.05511558 0.07241815 0.01371401 -0.05550909 0.07325357 0.0110796 -0.05584293 0.07395756 0.02046996 -0.05464369 0.06929838 0.0197761 -0.05501538 0.06819295 0.01754379 -0.05540549 0.06928288 0.01905715 -0.05528867 0.06707465 0.01881223 -0.0553801 0.06566131 0.01830935 -0.05545878 0.06593596 0.01611512 -0.05580198 0.06713467 0.01504349 -0.05594307 0.06762278 0.01523178 -0.05575919 0.07026159 0.005367696 -0.05682957 0.07068389 0.005262732 -0.05670547 0.07286268 0.008025884 -0.05667161 0.07013559 0.01037722 -0.0563355 0.07184588 0.005028009 -0.05684155 0.07072657 0.004889488 -0.05684649 0.07074409 0.002642393 -0.05680269 0.07313007 0.002672076 -0.05692541 0.07102298 0.002456307 -0.05692803 0.07103216 0.02113497 -0.05417543 0.07038456 0.01874387 -0.05466878 0.07145929 0.01284223 -0.05607098 0.07111918 0.00561738 -0.05630958 0.07493579 0.002820312 -0.056432 0.07519125 0.01412051 -0.0560646 0.06804317 0.01337069 -0.05616325 0.06838476 0.01071858 -0.0564475 0.06936359 0.009630978 -0.0565381 0.06967538 0.0370171 -0.04922616 0.05830729 0.03609216 -0.05012506 0.05753111 0.0336315 -0.05058091 0.0618599 0.03255558 -0.05145937 0.06082373 0.02982938 -0.05186188 0.06506806 0.03401297 -0.05148828 0.05591213 0.03317326 -0.05182838 0.0552985 0.03018337 -0.0527727 0.05867028 0.03584718 -0.05028551 0.0573405 0.03140228 -0.05219185 0.05975717 0.03454589 -0.05113869 0.05632716 0.03174865 -0.05240529 0.05425757 0.03091561 -0.05264568 0.0552982 0.02642387 -0.05382412 0.06002098 0.02570325 -0.05398899 0.06063389 0.02681696 -0.05366045 0.061778 0.02494037 -0.05416333 0.06128299 0.0231046 -0.05451077 0.06459128 0.02399456 -0.0541464 0.06571847 0.02787387 -0.05319279 0.06289565 0.02888077 -0.05259191 0.06399536 0.02890413 -0.05319625 0.05756819 0.02873861 -0.05324155 0.05775499 0.0373578 -0.04759645 0.06201463 0.03945297 -0.0461952 0.06047815 0.0363056 -0.047163 0.0646938 0.03433322 -0.04807198 0.06641846 0.03225529 -0.04896396 0.06804245 0.03462058 -0.04956489 0.06285595 0.03793907 -0.04833018 0.05908083 0.03812009 -0.04807496 0.05924797 0.03906762 -0.0467388 0.06012243 0.02540427 -0.05146878 0.07227909 0.01722395 -0.05415099 0.07449215 0.01983869 -0.05358529 0.07354426 0.01930588 -0.05416893 0.0725159 0.02236348 -0.05296105 0.07247549 0.02176713 -0.0536133 0.07144558 0.02479612 -0.0522868 0.0712918 0.02414029 -0.05301249 0.07026398 0.02713489 -0.05157059 0.06999868 0.02642339 -0.05237406 0.06897747 0.02395308 -0.05438911 0.06212288 0.02217018 -0.05475413 0.0634377 0.02136236 -0.05491948 0.06403338 0.037014 -0.05072289 0.04453068 0.03629612 -0.05096799 0.04632878 0.03800958 -0.0502749 0.04700821 0.03333908 -0.05192697 0.05202007 0.0476346 -0.04139119 0.04526615 0.04899609 -0.0403757 0.03997117 0.04807972 -0.04223275 0.03971058 0.04446011 -0.04725801 0.019988 0.04423928 -0.04739403 0.019988 0.04415261 -0.04745167 0.02456748 0.04002869 -0.04962962 0.02778553 0.03993946 -0.04966336 0.02888751 0.0419746 -0.04874575 0.02902919 0.04149395 -0.04894328 0.03356069 0.03969395 -0.04975587 0.03192079 0.03951209 -0.0498237 0.03332161 0.04072767 -0.0492509 0.03809159 0.0392161 -0.04993391 0.03560185 0.03882378 -0.05007779 0.03773117 0.04223239 -0.04863739 0.02450448 0.04230475 -0.04858493 0.019988 0.04202896 -0.04875469 0.019988 0.04015451 -0.04958182 0.02443945 0.04022639 -0.04955452 0.0225262 0.04024922 -0.04954588 0.019988 0.04598546 -0.0459454 0.019988 0.04591155 -0.04603749 0.02462846 0.04559928 -0.04621803 0.02930063 0.04386395 -0.04759269 0.02916693 0.04503142 -0.0465275 0.03401851 0.04333448 -0.04784119 0.03379285 0.04414886 -0.04697686 0.03878569 0.04250377 -0.04821383 0.0384435 0.04564052 -0.045556 0.03911399 0.04656022 -0.04502063 0.03423428 0.04715389 -0.04464221 0.02942806 0.04991888 -0.03955131 0.03479105 0.04902058 -0.04150688 0.03462326 0.05049788 -0.03893893 0.0297541 0.04962068 -0.04097431 0.02965641 0.04994803 -0.04064762 0.0247901 0.05080878 -0.03855997 0.02483403 0.05088841 -0.03842353 0.019988 0.05003738 -0.0405308 0.019988 0.04994076 -0.04076999 0.019988 0.04883402 -0.042611 0.02474069 0.0400874 -0.04813307 0.05374306 0.04228967 -0.0454393 0.05521917 0.04164099 -0.044604 0.05845361 0.04317367 -0.04390203 0.05588179 0.04572397 -0.04257637 0.05060315 0.04671025 -0.04313969 0.04488968 0.04695683 -0.04396796 0.03942376 0.04789656 -0.04333949 0.03443676 0.04850125 -0.04288583 0.02954727 0.04480886 -0.04421579 0.05009102 0.04559993 -0.04476749 0.04447865 0.03596431 -0.05108118 0.04715991 0.03474265 -0.05148357 0.04965186 0.03589016 -0.0510137 0.05127602 0.0346415 -0.05151551 0.04982239 0.03429359 -0.05162549 0.05040967 0.03738802 -0.05022275 0.05212002 0.03879237 -0.04925888 0.05294549 0.03779006 -0.0504502 0.04208439 0.03863567 -0.05014693 0.03875201 0.03791111 -0.0504077 0.04170292 0.03959679 -0.04968839 0.04259127 0.04129421 -0.04872715 0.04308778 0.03961431 -0.04939669 0.04767078 0.04287379 -0.04757726 0.04357182 0.04111415 -0.04833912 0.04831779 0.04431563 -0.0462526 0.04403746 0.04249101 -0.04711455 0.04894179 0.04372739 -0.04573506 0.04953509 0.0412575 -0.04685527 0.05450373 0.05100995 -0.03812277 0.019988 0.0489012 -0.04249376 0.019988 0.0484665 -0.04321473 0.019988 0.04748129 -0.04441648 0.02468645 0.04754537 -0.0443052 0.019988 0.04662418 -0.04539579 0.019988 0.04024922 -0.04954588 -0.002448976 0.05139899 -0.03667688 -0.002448976 0.04292899 -0.04826158 -0.002448976 0.04229766 -0.04856413 -0.002448976 0.042005 -0.0487045 -0.002448976 0.04536849 -0.04654818 -0.002448976 0.04442638 -0.04720979 -0.002448976 0.04421389 -0.0473591 -0.002448976 0.04748666 -0.04446095 -0.002448976 0.04658162 -0.04535263 -0.002448976 0.04598039 -0.04594522 -0.002448976 0.04891157 -0.04249507 -0.002448976 0.04841619 -0.04317843 -0.002448976 0.04757839 -0.04433447 -0.002448976 0.05095672 -0.03810638 -0.002448976 0.05086076 -0.03841656 -0.002448976 0.05056339 -0.03937768 -0.002448976 0.05000108 -0.04050976 -0.002448976 0.04988545 -0.04074239 -0.002448976 0.04923987 -0.04204213 -0.002448976 0.0359407 -0.03811919 -0.03808563 0.04096388 -0.0474627 -0.02207309 0.03869181 -0.04816776 -0.02554851 0.03700447 -0.04985517 -0.02393972 0.0443232 -0.04637378 -0.0145846 0.04536443 -0.04605078 -0.01062238 0.04695636 -0.04424893 -0.01114839 0.03926688 -0.04991519 -0.009192764 0.0393399 -0.04988783 -0.008889973 0.0415259 -0.0488938 -0.009484291 0.04413753 -0.04741221 -0.006279528 0.04215127 -0.0486592 -0.005989611 0.04710978 -0.0378552 -0.02183908 0.0450254 -0.03680408 -0.02653598 0.0449233 -0.03815078 -0.02621549 0.04607129 -0.03798663 -0.02405709 0.009950339 -0.04082769 -0.05143088 0.004786789 -0.05288773 -0.04557496 0.004578769 -0.05480211 -0.042683 0.004176557 -0.05654221 -0.03779745 0.006148397 -0.05678963 -0.03411793 0.0076828 -0.05668413 -0.03386968 0.008004128 -0.056589 -0.03559309 0.00935477 -0.05656909 -0.03359901 0.01143133 -0.05636733 -0.0331161 0.01190131 -0.05624699 -0.03478217 0.01504373 -0.0559448 -0.03208702 0.01507169 -0.0559414 -0.03207856 0.0156762 -0.05578655 -0.03366297 0.02499908 -0.05415028 -0.02732872 0.02668565 -0.05376082 -0.02620559 0.02889609 -0.05313479 -0.02642112 0.02188307 -0.0548132 -0.02917069 0.02414768 -0.05434674 -0.02789562 0.02592337 -0.0538733 -0.0286132 0.02494049 -0.05416375 -0.02736783 0.01856607 -0.05542147 -0.03077286 0.02142989 -0.05490642 -0.02942574 0.02271413 -0.05457758 -0.0305621 0.01250106 -0.05626338 -0.03286725 0.005027711 -0.05683463 -0.03422266 0.003860652 -0.05688142 -0.03433173 0.004023373 -0.05679988 -0.03608363 0.002910315 -0.05691957 -0.03442049 0.0360555 -0.0489391 -0.02881073 0.0337252 -0.04874366 -0.03280389 0.03307718 -0.04974645 -0.03183436 0.02977883 -0.05055928 -0.03459388 0.02912163 -0.05146366 -0.03347468 0.02559465 -0.05225098 -0.03585153 0.02494859 -0.05303102 -0.0345847 0.02123928 -0.05375152 -0.0365678 0.0206303 -0.05438458 -0.03516209 0.01679027 -0.05500143 -0.03674721 0.01624888 -0.05546975 -0.03521877 0.01234436 -0.05595648 -0.03640997 0.03429883 -0.04764848 -0.03371888 0.03088712 -0.0484358 -0.03665727 0.0303688 -0.04954725 -0.0356574 0.02670609 -0.05032867 -0.03821241 0.02618181 -0.05134737 -0.03706383 0.02230787 -0.05208027 -0.0392189 0.02179998 -0.05298131 -0.03792387 0.01775979 -0.05362546 -0.0396676 0.01729553 -0.05438536 -0.03823477 0.01315289 -0.05490803 -0.03956246 0.0127629 -0.05550885 -0.03800827 0.008591413 -0.05588728 -0.03892421 0.008306205 -0.0563187 -0.03727418 0.02716368 -0.04920387 -0.03928846 0.02275913 -0.05105733 -0.04044252 0.01817911 -0.05272799 -0.04103338 0.01351076 -0.05415779 -0.041058 0.008857011 -0.05529838 -0.04052788 0.004321098 -0.05612099 -0.03947919 0.02315038 -0.04992169 -0.04158502 0.01887005 -0.05055862 -0.04351985 0.01855021 -0.05170261 -0.0423212 0.01411741 -0.0522378 -0.04382061 0.01383298 -0.05326443 -0.0424813 0.009319126 -0.05366617 -0.04353529 0.009100317 -0.05455589 -0.04206955 0.004455626 -0.0555396 -0.04111301 0.01436156 -0.05108773 -0.04506438 0.009676575 -0.05148506 -0.04618912 0.009511768 -0.0526393 -0.04491251 0.004689455 -0.0539149 -0.04417455 0.03223598 -0.03865259 -0.0412842 0.02824026 -0.03918772 -0.04412102 0.02398115 -0.03969752 -0.0465756 0.009916126 -0.04883569 -0.04839193 0.009811878 -0.05021369 -0.04735291 0.0145629 -0.04982399 -0.04620087 0.004989743 -0.04907059 -0.04910361 0.005025625 -0.04759049 -0.05001693 0.010028 -0.04581218 -0.0500583 0.009988367 -0.04736381 -0.04929661 0.01482921 -0.04699891 -0.04810851 0.01948678 -0.04015529 -0.04862689 0.01479452 -0.04053837 -0.05025309 0.01000875 -0.04252892 -0.05112963 0.01003468 -0.04419559 -0.0506708 0.01490676 -0.04386538 -0.04947388 0.005047023 -0.04440087 -0.05139565 0.005044639 -0.04602885 -0.05078303 0.04889005 -0.04226672 -0.007069945 0.04753583 -0.04418796 -0.006824254 0.04828941 -0.0422371 -0.01163238 0.04779887 -0.04229849 -0.01387202 0.04589456 -0.04450339 -0.01536417 0.04998081 -0.04018205 -0.007291734 0.04881888 -0.04006499 -0.01440477 0.04933738 -0.04005211 -0.01206505 0.04972696 -0.04009038 -0.009691298 0.04009896 -0.04613953 -0.02702873 0.04068619 -0.0450139 -0.0277087 0.03791999 -0.04571861 -0.0312711 0.03737688 -0.04687285 -0.03050029 0.03479379 -0.04646879 -0.03457248 0.03132969 -0.04723328 -0.03758549 0.02755028 -0.0479815 -0.0402826 0.02347779 -0.04868239 -0.04263609 0.01913565 -0.04930561 -0.04461848 0.04118978 -0.0438227 -0.0283426 0.04160696 -0.04257369 -0.02892589 0.038751 -0.04320573 -0.032637 0.03837925 -0.04449343 -0.03198498 0.03553158 -0.04388797 -0.03606975 0.03520566 -0.04521209 -0.03535807 0.03197228 -0.04458993 -0.03919702 0.03169232 -0.0459479 -0.03843432 0.02809709 -0.0452817 -0.04199182 0.02786225 -0.04667043 -0.04118627 0.02392929 -0.04593312 -0.04442703 0.0237382 -0.04734903 -0.04358625 0.01949352 -0.04651439 -0.04647547 0.01934409 -0.04795342 -0.04560667 0.01471918 -0.04845678 -0.04721868 0.0474146 -0.04022991 -0.0189597 0.0461201 -0.04158288 -0.02078002 0.0464611 -0.04255795 -0.01823949 0.0456205 -0.04274827 -0.02036029 0.04503995 -0.04386407 -0.01991075 0.05009233 -0.04032987 -0.004874885 0.05092698 -0.03817105 -0.004973769 0.04952466 -0.03769689 -0.01486068 0.05008167 -0.0377357 -0.01243865 0.05050581 -0.03782576 -0.009977579 0.05079007 -0.03797 -0.007486224 0.04884076 -0.03770655 -0.01723736 0.04718828 -0.04240673 -0.01607567 0.0481767 -0.04012548 -0.01670426 0.04803431 -0.03776067 -0.0195645 0.04686641 -0.03912955 -0.02152132 0.04653608 -0.04037433 -0.02116775 0.04193472 -0.04127496 -0.02945506 0.04217129 -0.03993499 -0.02992689 0.03922367 -0.0404793 -0.03373789 0.03903305 -0.04186457 -0.03322249 0.0359168 -0.04107701 -0.03725135 0.0357691 -0.04250621 -0.03670227 0.03227669 -0.04169952 -0.04044157 0.03216749 -0.04317015 -0.03986769 0.02832871 -0.04231792 -0.04328393 0.02825284 -0.04382693 -0.04269284 0.02409821 -0.04290348 -0.04575359 0.02404958 -0.044447 -0.04515135 0.01961123 -0.0434274 -0.04782569 0.01958268 -0.04500108 -0.04721707 0.01489186 -0.04546368 -0.04886233 0.04472959 -0.03947478 -0.02584522 0.0423159 -0.03856253 -0.0303387 0.03932738 -0.0376147 -0.03454637 0.03932189 -0.0390594 -0.03418028 0.0359742 -0.03961122 -0.03771352 0.03229951 -0.04018986 -0.04091495 0.0283246 -0.04076737 -0.04376137 0.02407532 -0.04131585 -0.04622972 0.01957917 -0.04180747 -0.04829698 0.01487421 -0.04221868 -0.04993879 0.04236721 -0.03716629 -0.03068768 0.0401389 -0.0495879 -0.004688322 0.03999292 -0.04964303 -0.005690336 0.0398128 -0.04971122 -0.006927967 0.03850823 -0.05019319 -0.01143938 0.04047858 -0.04928797 -0.01288497 0.038266 -0.05027973 -0.01199048 0.0375005 -0.05055308 -0.01373159 0.03903883 -0.04981559 -0.01615989 0.03682249 -0.05078727 -0.0149694 0.0459426 -0.0459131 -0.006559312 0.04354321 -0.04760915 -0.0100643 0.04250591 -0.04797965 -0.01375252 0.04105496 -0.04849731 -0.01731061 0.04865527 -0.04222559 -0.009362339 0.03723067 -0.05044823 -0.01928657 0.0346412 -0.05151486 -0.01839226 0.03481888 -0.05145889 -0.01816731 0.035052 -0.05138158 -0.0178157 0.0362721 -0.05097723 -0.0159744 0.03160977 -0.05238693 -0.02400237 0.0311954 -0.05256575 -0.02238965 0.03404158 -0.05165433 -0.0213744 0.03295809 -0.0520426 -0.02049517 0.03310519 -0.05199897 -0.02033716 0.027897 -0.05345267 -0.02525848 0.0290414 -0.0531615 -0.02436339 0.03055644 -0.05274248 -0.0229752 0.02983796 -0.05269116 -0.0275532 0.0326063 -0.05191445 -0.02500516 0.03507828 -0.05115747 -0.02224242 0.02679586 -0.05346125 -0.02986735 0.03073358 -0.05212628 -0.02866876 0.0335555 -0.05132937 -0.0259943 0.03921341 -0.0491324 -0.0207144 0.04284858 -0.04685443 -0.0184099 0.04438173 -0.04492396 -0.01943409 0.01559418 -0.05587583 -0.03191822 0.01929068 -0.05522358 -0.03225088 0.019979 -0.05487668 -0.03371888 0.02350217 -0.0541985 -0.03192883 0.02424919 -0.05368155 -0.03327333 0.02762413 -0.05291962 -0.03110206 0.02840155 -0.05225247 -0.03230768 0.03157621 -0.05144435 -0.02975958 0.03235936 -0.0506491 -0.03081727 0.03445112 -0.05063563 -0.02696263 0.0352863 -0.04983717 -0.02790367 0.04444569 -0.04076778 -0.0254274 0.0440725 -0.04202228 -0.02496427 0.04361236 -0.04323059 -0.0244584 0.04306775 -0.04438537 -0.02391296 0.04244196 -0.04547965 -0.02333116 0.03943276 -0.04719305 -0.02630716 0.03675377 -0.04794871 -0.02967828 0.005001842 -0.04100769 -0.05214279 0.005032718 -0.0427221 -0.05185031 0.004937708 -0.05045527 -0.04805189 0.004869759 -0.05173122 -0.0468716 0.03897488 -0.0500229 0.03326195 -0.002445459 -0.0569306 0.07094079 -0.03950065 -0.04982817 0.03108721 -0.05249989 7.35344e-4 0.09550839 -0.05249989 3.73344e-4 0.09560537 -0.05249989 -3.73344e-4 0.09560537 -0.05249989 0.001646935 0.09486997 -0.05249989 0.001381993 0.09513509 -0.05249989 0.00107491 0.09534996 -0.05249989 0.002117276 0.0938614 -0.05249989 0.002020299 0.09422338 -0.05249989 0.00186187 0.094563 -0.05249989 0.002020299 0.09275269 -0.05249989 0.002117276 0.09311467 -0.05249989 0.002149999 0.09348809 -0.05249989 0.001381993 0.0918411 -0.05249989 0.001646935 0.0921061 -0.05249989 0.00186187 0.09241306 -0.05249989 3.73344e-4 0.0913707 -0.05249989 7.35344e-4 0.09146767 -0.05249989 0.00107491 0.0916261 -0.05249989 -7.35344e-4 0.09146767 -0.05249989 -3.73344e-4 0.0913707 -0.05249989 0 0.09133797 -0.05249989 -0.001646935 0.0921061 -0.05249989 -0.001381993 0.0918411 -0.05249989 -0.00107491 0.0916261 -0.05249989 -0.002117276 0.09311467 -0.05249989 -0.002020299 0.09275269 -0.05249989 -0.00186187 0.09241306 -0.05249989 -0.002020299 0.09422338 -0.05249989 -0.002117276 0.0938614 -0.05249989 -0.002149999 0.09348809 -0.05249989 -0.001381993 0.09513509 -0.05249989 -0.001646935 0.09486997 -0.05249989 -0.00186187 0.094563 -0.05249989 -7.35344e-4 0.09550839 -0.05249989 -0.00107491 0.09534996 -0.02592658 0.04565292 0.09560537 -0.02561312 0.045834 0.09550839 -0.02688676 0.04509866 0.09550839 -0.0265733 0.04527968 0.09560537 0.02688676 0.04509866 0.09550839 0.0265733 0.04527968 0.09560537 0.02625 0.0454663 0.09348809 0.02592658 0.04565292 0.09560537 0.02767628 0.0446428 0.09486997 0.0274468 0.04477518 0.09513509 0.02718091 0.04492872 0.09534996 0.02808368 0.0444076 0.0938614 0.02799963 0.04445618 0.09422338 0.02786242 0.04453533 0.094563 0.02799963 0.04445618 0.09275269 0.02808368 0.0444076 0.09311467 0.02811199 0.04439127 0.09348809 0.0274468 0.04477518 0.0918411 0.02767628 0.0446428 0.0921061 0.02786242 0.04453533 0.09241306 0.0265733 0.04527968 0.0913707 0.02688676 0.04509866 0.09146767 0.02718091 0.04492872 0.0916261 0.02561312 0.045834 0.09146767 0.02592658 0.04565292 0.0913707 0.02625 0.0454663 0.09133797 0.02482366 0.0462898 0.0921061 0.0250532 0.0461573 0.0918411 0.02531898 0.04600369 0.0916261 0.0244162 0.046525 0.09311467 0.02450025 0.04647648 0.09275269 0.02463746 0.0463972 0.09241306 0.02450025 0.04647648 0.09422338 0.0244162 0.046525 0.0938614 0.02438795 0.04654127 0.09348809 0.0250532 0.0461573 0.09513509 0.02482366 0.0462898 0.09486997 0.02463746 0.0463972 0.094563 0.02561312 0.045834 0.09550839 0.02531898 0.04600369 0.09534996 -0.03018927 0.04295176 0.09348338 -0.04944878 -0.02600073 -0.001977622 0.0435245 0.02935755 0.09998798 0.04718667 0.02301448 0.09998798 0.05170238 0.00911653 0.09998798 -0.0435245 0.02935755 0.09998798 -0.03374636 0.04021728 0.09998798 0.02135366 0.04796099 0.09998798 0.03374636 0.04021728 0.09998798 0.02782076 0.04452246 0.09998798 0.01447099 0.05046612 0.09998798 0.007306516 0.05198901 0.09998798 0 0.05249989 0.09998798 -0.007306516 0.05198901 0.09998798 -0.01447099 0.05046612 0.09998798 -0.02135366 0.04796099 0.09998798 -0.02782076 0.04452246 0.09998798 -0.03901505 0.0351293 0.09998798 -0.04718667 0.02301448 0.09998798 -0.04993045 0.01622337 0.09998798 -0.05170238 0.00911653 0.09998798 -0.052468 0.001832187 0.09998798 -0.05221229 -0.00548774 0.09998798 -0.05094045 -0.01270079 0.09998798 0.05094045 -0.01270079 0.09998798 0.0486772 -0.01966679 0.09998798 0.05221229 -0.00548774 0.09998798 0.052468 0.001832187 0.09998798 0.04993045 0.01622337 0.09998798 0.03901505 0.0351293 0.09998798 0.0454663 -0.02625 0.09998798 0.04137057 -0.0323221 0.09998798 0.03646951 -0.03776526 0.09998798 0.03085869 -0.04247331 0.09998798 0.02464729 -0.04635477 0.09998798 0.01795601 -0.04933387 0.09998798 0.01091533 -0.05135273 0.09998798 0.003662109 -0.05237203 0.09998798 -0.00514549 -0.0522471 0.08998799 0 -0.05249989 0.08998799 -0.003662109 -0.05237203 0.09998798 0 -0.05249989 0.09998798 -0.01091533 -0.05135273 0.09998798 -0.01523888 -0.05023968 0.08998799 -0.01795601 -0.04933387 0.09998798 -0.02008938 -0.04850417 0.08998799 -0.02464729 -0.04635477 0.09998798 -0.03085869 -0.04247331 0.09998798 -0.03330361 -0.04058468 0.08998799 -0.03646951 -0.03776526 0.09998798 -0.04137057 -0.0323221 0.09998798 -0.04629898 -0.0247519 0.08998799 -0.04365009 -0.02917045 0.08998799 -0.0454663 -0.02625 0.09998798 -0.0486772 -0.01966679 0.09998798 0.04944878 -0.02600073 -0.001977622 -0.003659605 -0.05232018 0.08998799 -0.01793491 -0.0492751 0.08998799 -0.01090818 -0.0513243 0.08998799 -0.03082257 -0.04242449 0.08998799 -0.02464485 -0.04634988 0.08998799 -0.03644478 -0.0377379 0.08998799 -0.0454182 -0.02622103 0.08998799 -0.04133296 -0.03229439 0.08998799 -0.02718091 0.04492872 0.09534996 -0.02786242 0.04453533 0.09241306 -0.02786242 0.04453533 0.094563 -0.02767628 0.0446428 0.09486997 -0.02531898 0.04600369 0.09534996 -0.02482366 0.0462898 0.09486997 -0.02811199 0.04439127 0.09348809 -0.02808368 0.0444076 0.0938614 -0.02799963 0.04445618 0.09422338 -0.0274468 0.04477518 0.09513509 -0.02718091 0.04492872 0.0916261 -0.0274468 0.04477518 0.0918411 -0.0250532 0.0461573 0.09513509 -0.02799963 0.04445618 0.09275269 -0.02808368 0.0444076 0.09311467 -0.0250532 0.0461573 0.0918411 -0.02531898 0.04600369 0.0916261 -0.02625 0.0454663 0.09133797 -0.02767628 0.0446428 0.0921061 -0.02450025 0.04647648 0.09275269 -0.02463746 0.0463972 0.09241306 -0.02482366 0.0462898 0.0921061 -0.02561312 0.045834 0.09146767 -0.02592658 0.04565292 0.0913707 -0.0244162 0.046525 0.0938614 -0.02438807 0.04654127 0.09348809 -0.02450025 0.04647648 0.09422338 -0.0265733 0.04527968 0.0913707 -0.02688676 0.04509866 0.09146767 -0.02463746 0.0463972 0.094563 -0.0244162 0.046525 0.09311467 -0.02561312 0.045834 0.09550839 -0.02531898 0.04600369 0.09534996 -0.02544838 0.04591971 0.09543079 -0.02541291 0.04593932 0.09541106 -0.0250532 0.0461573 0.09513509 -0.02482366 0.0462898 0.09486997 -0.02463746 0.0463972 0.094563 -0.02450025 0.04647648 0.09422338 -0.0244162 0.046525 0.0938614 -0.02438807 0.04654127 0.09348809 -0.0244162 0.046525 0.09311467 -0.02450025 0.04647648 0.09275269 -0.02463746 0.0463972 0.09241306 -0.02482366 0.0462898 0.0921061 -0.0250532 0.0461573 0.0918411 -0.02531898 0.04600369 0.0916261 -0.02561312 0.045834 0.09146767 -0.02592658 0.04565292 0.0913707 -0.0265733 0.04527968 0.0913707 -0.02625 0.0454663 0.09133797 -0.02688676 0.04509866 0.09146767 -0.02718091 0.04492872 0.0916261 -0.02767628 0.0446428 0.0921061 -0.0274468 0.04477518 0.0918411 -0.02799963 0.04445618 0.09275269 -0.02786242 0.04453533 0.09241306 -0.02808368 0.0444076 0.09311467 -0.02811199 0.04439127 0.09348809 -0.02808368 0.0444076 0.0938614 -0.02799963 0.04445618 0.09422338 -0.02786242 0.04453533 0.094563 -0.02767628 0.0446428 0.09486997 -0.0274468 0.04477518 0.09513509 -0.02718091 0.04492872 0.09534996 -0.02688676 0.04509866 0.09550839 -0.02490198 0.04621839 0.09498476 -0.02481526 0.04626482 0.09486567 -0.0249297 0.04620337 0.09501659 -0.02470976 0.04632139 0.0947209 -0.02462583 0.04636591 0.09455966 -0.02455866 0.04640161 0.0944305 -0.02454131 0.04641079 0.09438937 -0.02440029 0.04648512 0.0938602 -0.02437895 0.04649639 0.09373807 -0.02443677 0.04646605 0.09406846 -0.02448648 0.0464397 0.09422099 -0.02437466 0.04649859 0.09369236 -0.02436769 0.0465027 0.09355467 -0.02437978 0.04649221 0.09321457 -0.02437019 0.0465008 0.09348827 -0.02444529 0.04644197 0.09284228 -0.02447396 0.04642069 0.09275466 -0.0244345 0.04645001 0.0928862 -0.0243963 0.04647958 0.0931158 -0.02454888 0.0463649 0.0925253 -0.02460259 0.0463261 0.09241628 -0.02469068 0.0462622 0.09223645 -0.02471095 0.04624778 0.09220278 -0.02489668 0.0461173 0.09194529 -0.02477777 0.04620087 0.09211015 -0.0251336 0.04595637 0.09171205 -0.02514207 0.04595077 0.0917052 -0.02511209 0.04597073 0.09172999 -0.02499598 0.04604989 0.0918461 -0.02539116 0.04578757 0.09153747 -0.02525097 0.04587936 0.09163188 -0.02563256 0.04563516 0.09143149 -0.02565765 0.0456193 0.09142041 -0.02553611 0.04569602 0.09147375 -0.02569782 0.04559457 0.09140747 -0.02584356 0.04550659 0.09137725 -0.0264886 0.04513508 0.09137719 -0.02631688 0.04522979 0.09134531 -0.0262745 0.04525375 0.09134179 -0.02616429 0.04531759 0.09134417 -0.02598476 0.04542148 0.09134811 -0.02710849 0.04480916 0.09163135 -0.0269289 0.04489988 0.09152245 -0.02719783 0.04476398 0.09168559 -0.02689355 0.04491806 0.09150528 -0.02680695 0.04496383 0.09147298 -0.02661132 0.04506731 0.09139996 -0.02762418 0.04456019 0.0921095 -0.02746629 0.0446338 0.09191876 -0.02743929 0.04464673 0.09189116 -0.02738463 0.04467326 0.09184467 -0.02721637 0.04475498 0.09170138 -0.02796661 0.04440599 0.09275418 -0.02786487 0.0444507 0.09249377 -0.02784538 0.04445946 0.09245407 -0.02782171 0.04447007 0.09241479 -0.0276761 0.04453599 0.09217208 -0.02808851 0.0443539 0.09348809 -0.02806967 0.04436182 0.09318238 -0.02809 0.04435318 0.0935114 -0.02806258 0.0443648 0.09313321 -0.02805835 0.04436653 0.09311497 -0.02798753 0.04439693 0.09280771 -0.0280705 0.0443654 0.0938009 -0.02806049 0.04437178 0.09386086 -0.0280348 0.04438799 0.09401327 -0.02797573 0.04442518 0.09422159 -0.02794677 0.04444342 0.09432375 -0.02784323 0.04450833 0.09456139 -0.02768641 0.04460602 0.094837 -0.02782076 0.04452246 0.09461295 -0.02752858 0.04470378 0.09503936 -0.02766191 0.04462122 0.09486848 -0.02735078 0.04481273 0.09521538 -0.0274353 0.04476088 0.09513169 -0.02694159 0.0450598 0.09548276 -0.02715319 0.04493278 0.0953648 -0.02717465 0.04491961 0.09534859 -0.001499891 -0.02599996 0.06000828 -0.001499891 0 0.06000828 -0.001499891 0.0034464 0.06011599 -0.001662909 0 0.06001967 -0.05249989 -0.002117276 0.09311467 -0.05245739 -0.00211519 0.09311521 -0.05245709 -0.002122104 0.09314358 -0.05249989 0.00107491 0.0916261 -0.05244195 0.001073956 0.09162759 -0.05244123 0.001053512 0.09161388 -0.05249989 0.001646935 0.0921061 -0.05246055 0.001644313 0.09210795 -0.05245995 0.001614928 0.09206879 -0.05249989 7.35344e-4 0.09550839 -0.05249518 7.10403e-4 0.09551727 -0.05249476 7.34489e-4 0.09550648 -0.0524975 5.08186e-4 0.09557706 -0.05248951 0.001044452 0.09536725 -0.05249989 0.00107491 0.09534996 -0.05248898 0.001073837 0.09534829 -0.05248445 0.001276016 0.09521836 -0.05249989 0.001381993 0.09513509 -0.05248177 0.001380503 0.0951333 -0.05248028 0.001436889 0.0950874 -0.05249989 0.001646935 0.09486997 -0.0524742 0.001646578 0.09486967 -0.052468 0.001832187 0.09461295 -0.05249989 0.00186187 0.094563 -0.05247396 0.001650929 0.09486526 -0.05249989 0.002020299 0.09422338 -0.05246108 0.002017199 0.09422218 -0.05246007 0.002046108 0.09414809 -0.05246365 0.001953125 0.09438669 -0.05246692 0.001859486 0.09456175 -0.05245757 0.002110481 0.09389799 -0.05249989 0.002117276 0.0938614 -0.05245739 0.002115428 0.0938611 -0.0524562 0.002144277 0.09364396 -0.05249989 0.002149999 0.09348809 -0.05245608 0.002146244 0.09348797 -0.05245715 0.002120018 0.09313076 -0.05245727 0.002116382 0.09311485 -0.05249989 0.002117276 0.09311467 -0.05245608 0.002147555 0.0933876 -0.05245941 0.002062499 0.09288096 -0.05249989 0.002020299 0.09275269 -0.05246108 0.002016603 0.092754 -0.05246269 0.001975119 0.09263867 -0.05249989 0.00186187 0.09241306 -0.05246382 0.00185734 0.09241539 -0.05246418 0.001816332 0.0923376 -0.05249989 0.001381993 0.0918411 -0.05245059 0.001333594 0.0918017 -0.05245208 0.001379132 0.09184396 -0.05245906 0.001584291 0.09203457 -0.05249989 3.73344e-4 0.0913707 -0.05242604 3.77754e-4 0.09137147 -0.05242598 3.73337e-4 0.0913707 -0.0524317 7.03316e-4 0.09145629 -0.05249989 7.35344e-4 0.09146767 -0.05243241 7.34367e-4 0.09146988 -0.05243998 0.001016378 0.0915935 -0.05242472 2.6901e-5 0.09133827 -0.05249989 0 0.09133797 -0.05242556 3.31856e-4 0.09136378 -0.05242919 -3.13774e-4 0.0913611 -0.05249989 -3.73344e-4 0.0913707 -0.0524252 1.37e-7 0.09134006 -0.05249989 -7.35344e-4 0.09146767 -0.0524367 -6.85333e-4 0.09145015 -0.05243819 -7.3394e-4 0.09147095 -0.05243563 -6.41823e-4 0.09143608 -0.05243045 -3.72475e-4 0.09137445 -0.05244612 -9.99987e-4 0.0915848 -0.05249989 -0.00107491 0.0916261 -0.05244857 -0.001072227 0.09163028 -0.05245578 -0.001285195 0.0917645 -0.05249989 -0.001381993 0.0918411 -0.05245697 -0.001320183 0.09179115 -0.0524643 -0.001571834 0.09202116 -0.05249989 -0.001646935 0.0921061 -0.0524587 -0.001378715 0.09184455 -0.05249989 -0.00186187 0.09241306 -0.05246692 -0.001807749 0.09232419 -0.05246609 -0.001859784 0.09241425 -0.05246698 -0.001780629 0.0922833 -0.05246526 -0.001642346 0.09210968 -0.0524652 -0.001909971 0.09250086 -0.05249989 -0.002020299 0.09275269 -0.05246108 -0.002016305 0.09275436 -0.05246025 -0.002042353 0.09281629 -0.05245608 -0.002147078 0.09348815 -0.05249989 -0.002149999 0.09348809 -0.05245673 -0.002128899 0.0931884 -0.05249989 -0.002117276 0.0938614 -0.05246108 -0.002019107 0.09422296 -0.05249989 -0.002020299 0.09422338 -0.05245769 -0.002108216 0.09390956 -0.05245727 -0.00211668 0.09386485 -0.05245727 -0.002116978 0.0938614 -0.05245596 -0.002149522 0.0935297 -0.05249989 -0.00186187 0.094563 -0.05246692 -0.001861751 0.094563 -0.0524674 -0.001850128 0.09458309 -0.05246657 -0.001872599 0.09454417 -0.0524612 -0.002014636 0.09423857 -0.05247396 -0.001652956 0.09486275 -0.05249989 -0.001646935 0.09486997 -0.0524742 -0.001646459 0.09486949 -0.05248081 -0.001417756 0.09510439 -0.05249989 -0.001381993 0.09513509 -0.05248177 -0.001383662 0.0951336 -0.05248832 -0.00110507 0.09533226 -0.05249989 -0.00107491 0.09534996 -0.05248177 -0.001381874 0.09513485 -0.05248886 -0.001073837 0.09534776 -0.05249387 -8.0336e-4 0.09548228 0.02439719 0.04648685 0.0938611 0.0244162 0.046525 0.0938614 0.02438795 0.04654127 0.09348809 0.0244795 0.04644346 0.09421938 0.02448081 0.04644268 0.09422338 0.02450025 0.04647648 0.09422338 0.02440035 0.04648512 0.0938946 0.02479428 0.04627627 0.0948475 0.02481079 0.04626739 0.09486991 0.02482366 0.0462898 0.09486997 0.02463746 0.0463972 0.094563 0.0246247 0.04636669 0.09457039 0.02462142 0.04636836 0.09456276 0.02449369 0.04643607 0.09426188 0.02503252 0.04614776 0.095124 0.0250532 0.0461573 0.09513509 0.02481955 0.04626268 0.09488195 0.02531898 0.04600369 0.09534996 0.02530616 0.04599827 0.09534519 0.02531379 0.0459941 0.09534931 0.02527219 0.04601699 0.09532195 0.02504462 0.04614108 0.09513396 0.02557587 0.0458489 0.09549349 0.02561312 0.045834 0.09550839 0.0268628 0.04510682 0.09551727 0.02688676 0.04509866 0.09550839 0.02669048 0.0452091 0.0955767 0.02715039 0.04493445 0.09536659 0.02718091 0.04492872 0.09534996 0.02688348 0.04509449 0.09550648 0.02734816 0.04481428 0.0952177 0.0274468 0.04477518 0.09513509 0.02717459 0.04491972 0.09534835 0.02767628 0.0446428 0.09486997 0.02766305 0.04462069 0.09486955 0.02766788 0.04461765 0.09486377 0.02748411 0.04473108 0.0950877 0.02743649 0.04476022 0.0951333 0.02782076 0.04452246 0.09461295 0.02786242 0.04453533 0.094563 0.02784359 0.04450809 0.09456157 0.02793478 0.04445093 0.09435635 0.02799963 0.04445618 0.09422338 0.02797627 0.04442489 0.09422171 0.02801865 0.04439812 0.0940839 0.02808368 0.0444076 0.0938614 0.02805966 0.04437226 0.09386068 0.02809 0.04435318 0.0935114 0.02808851 0.0443539 0.09348809 0.02811199 0.04439127 0.09348809 0.02807039 0.0443654 0.09380197 0.02806967 0.04436182 0.09318238 0.02808368 0.0444076 0.09311467 0.02806258 0.0443648 0.09313321 0.02798753 0.04439693 0.09280771 0.02799963 0.04445618 0.09275269 0.02805835 0.04436653 0.09311497 0.02786242 0.04453533 0.09241306 0.02784538 0.04445946 0.09245407 0.02782171 0.04447007 0.09241479 0.02786487 0.0444507 0.09249377 0.02796661 0.04440599 0.09275418 0.0276761 0.04453599 0.09217208 0.02767628 0.0446428 0.0921061 0.02762418 0.04456019 0.0921095 0.02746629 0.0446338 0.09191876 0.0274468 0.04477518 0.0918411 0.02743929 0.04464673 0.09189116 0.02718091 0.04492872 0.0916261 0.02719783 0.04476398 0.09168559 0.02710849 0.04480916 0.09163135 0.02721709 0.04475468 0.09170198 0.02738463 0.04467326 0.09184467 0.0269289 0.04489988 0.09152245 0.02688676 0.04509866 0.09146767 0.02689355 0.04491806 0.09150528 0.02661132 0.04506731 0.09139996 0.0265733 0.04527968 0.0913707 0.02680695 0.04496383 0.09147298 0.02625 0.0454663 0.09133797 0.0262745 0.04525375 0.09134179 0.02616429 0.04531759 0.09134417 0.02631688 0.04522979 0.09134531 0.0264886 0.04513508 0.09137719 0.02598476 0.04542148 0.09134811 0.02592658 0.04565292 0.0913707 0.02584356 0.04550659 0.09137725 0.02561312 0.045834 0.09146767 0.02553611 0.04569602 0.09147375 0.02549898 0.04571956 0.0914902 0.02565765 0.0456193 0.09142041 0.02569782 0.04559457 0.09140747 0.02531898 0.04600369 0.0916261 0.02499598 0.04604989 0.0918461 0.0250532 0.0461573 0.0918411 0.02511209 0.04597073 0.09172999 0.02513295 0.04595679 0.09171265 0.02514207 0.04595077 0.0917052 0.02525097 0.04587936 0.09163188 0.02539116 0.04578757 0.09153747 0.02482366 0.0462898 0.0921061 0.02460259 0.0463261 0.09241628 0.02463746 0.0463972 0.09241306 0.02469068 0.0462622 0.09223645 0.02471095 0.04624778 0.09220278 0.02477777 0.04620087 0.09211015 0.02489668 0.0461173 0.09194529 0.0244162 0.046525 0.09311467 0.0244345 0.04645001 0.0928862 0.0243963 0.04647958 0.0931158 0.02450025 0.04647648 0.09275269 0.02444529 0.04644197 0.09284228 0.0244739 0.04642069 0.09275466 0.02454888 0.0463649 0.0925253 0.02436769 0.0465027 0.09355455 0.02437019 0.0465008 0.09348827 0.02437978 0.04649221 0.09321457 -0.02009081 -0.04850363 0.149 -0.01024216 -0.0514912 0.149 -0.03712308 -0.03712308 0.149 -0.02916735 -0.04365211 0.149 0.05249989 0 0.149 0.0514912 0.01024216 0.149 0.01024216 -0.0514912 0.149 0.02009081 -0.04850363 0.149 0.03712308 -0.03712308 0.149 -0.02916735 0.04365211 0.149 -0.03712308 0.03712308 0.149 -0.02009081 0.04850363 0.149 0.04365211 -0.02916735 0.149 0.04850363 -0.02009081 0.149 0.02916735 -0.04365211 0.149 -0.04850363 0.02009081 0.149 -0.0514912 0.01024216 0.149 0 -0.05249989 0.149 -0.04365211 0.02916735 0.149 0.02009081 0.04850363 0.149 0.01024216 0.0514912 0.149 0.03712308 0.03712308 0.149 0.0514912 -0.01024216 0.149 0.02916735 0.04365211 0.149 -0.0514912 -0.01024216 0.149 -0.04850363 -0.02009081 0.149 0 0.05249989 0.149 -0.01024216 0.0514912 0.149 -0.04365211 -0.02916735 0.149 0.04850363 0.02009081 0.149 0.04365211 0.02916735 0.149 -0.05249989 0 0.149 0.02009081 -0.04850363 0.1299999 0.01024216 -0.0514912 0.1299999 0.03712308 -0.03712308 0.1299999 0.02916735 -0.04365211 0.1299999 -0.02916735 -0.04365211 0.1299999 -0.03712308 -0.03712308 0.1299999 -0.04365211 -0.02916735 0.1299999 0.0514912 0.01024216 0.1299999 0.05249989 0 0.1299999 -0.04365211 0.02916735 0.1299999 -0.03712308 0.03712308 0.1299999 -0.04850363 0.02009081 0.1299999 0.04850363 -0.02009081 0.1299999 0.04365211 -0.02916735 0.1299999 0.0514912 -0.01024216 0.1299999 -0.0514912 -0.01024216 0.1299999 -0.05249989 0 0.1299999 -0.0514912 0.01024216 0.1299999 -0.02009081 0.04850363 0.1299999 -0.01024216 0.0514912 0.1299999 -0.02916735 0.04365211 0.1299999 0.02916735 0.04365211 0.1299999 0.03712308 0.03712308 0.1299999 0.02009081 0.04850363 0.1299999 0 0.05249989 0.1299999 0.01024216 0.0514912 0.1299999 0.04365211 0.02916735 0.1299999 0.04850363 0.02009081 0.1299999 -0.01024216 -0.0514912 0.1299999 -0.02009081 -0.04850363 0.1299999 -0.04850363 -0.02009081 0.1299999 0 -0.05249989 0.1299999 0 0.05249989 0.1299999 -0.01024216 0.0514912 0.1299999 -0.02009081 0.04850363 0.1299999 -0.02916735 0.04365211 0.1299999 -0.03712308 0.03712308 0.1299999 -0.04365211 0.02916735 0.1299999 -0.04850363 0.02009081 0.1299999 -0.0514912 0.01024216 0.1299999 -0.05249989 0 0.1299999 -0.0514912 -0.01024216 0.1299999 -0.04850363 -0.02009081 0.1299999 -0.04365211 -0.02916735 0.1299999 -0.03712308 -0.03712308 0.1299999 -0.02916735 -0.04365211 0.1299999 -0.02009081 -0.04850363 0.1299999 -0.01024216 -0.0514912 0.1299999 0 -0.05249989 0.1299999 0.01024216 -0.0514912 0.1299999 0.02009081 -0.04850363 0.1299999 0.02916735 -0.04365211 0.1299999 0.03712308 -0.03712308 0.1299999 0.04365211 -0.02916735 0.1299999 0.04850363 -0.02009081 0.1299999 0.0514912 -0.01024216 0.1299999 0.05249989 0 0.1299999 0.0514912 0.01024216 0.1299999 0.04850363 0.02009081 0.1299999 0.04365211 0.02916735 0.1299999 0.03712308 0.03712308 0.1299999 0.02916735 0.04365211 0.1299999 0.02009081 0.04850363 0.1299999 0.01024216 0.0514912 0.1299999 0 0.05249989 0.1299999 0 0.05249989 0.149 -0.01024216 0.0514912 0.149 -0.02009081 0.04850363 0.149 -0.02916735 0.04365211 0.149 -0.03712308 0.03712308 0.149 -0.04365211 0.02916735 0.149 -0.04850363 0.02009081 0.149 -0.0514912 0.01024216 0.149 -0.05249989 0 0.149 -0.0514912 -0.01024216 0.149 -0.04850363 -0.02009081 0.149 -0.04365211 -0.02916735 0.149 -0.03712308 -0.03712308 0.149 -0.02916735 -0.04365211 0.149 -0.02009081 -0.04850363 0.149 -0.01024216 -0.0514912 0.149 0 -0.05249989 0.149 0.01024216 -0.0514912 0.149 0.02009081 -0.04850363 0.149 0.02916735 -0.04365211 0.149 0.03712308 -0.03712308 0.149 0.04365211 -0.02916735 0.149 0.04850363 -0.02009081 0.149 0.0514912 -0.01024216 0.149 0.05249989 0 0.149 0.0514912 0.01024216 0.149 0.04850363 0.02009081 0.149 0.04365211 0.02916735 0.149 0.03712308 0.03712308 0.149 0.02916735 0.04365211 0.149 0.02009081 0.04850363 0.149 0.01024216 0.0514912 0.149 0 0.05249989 0.149 0.02009081 -0.04850363 0.1 0.01024216 -0.0514912 0.1 0.03712308 -0.03712308 0.1 0.02916735 -0.04365211 0.1 -0.05249989 0 0.1 -0.0514912 0.01024216 0.1 -0.01024216 -0.0514912 0.1 -0.02009081 -0.04850363 0.1 -0.03712308 -0.03712308 0.1 0.02916735 0.04365211 0.1 0.03712308 0.03712308 0.1 0.02009081 0.04850363 0.1 -0.04365211 -0.02916735 0.1 -0.04850363 -0.02009081 0.1 -0.02916735 -0.04365211 0.1 0.04850363 0.02009081 0.1 0.0514912 0.01024216 0.1 0 -0.05249989 0.1 0.04365211 0.02916735 0.1 -0.02009081 0.04850363 0.1 -0.01024216 0.0514912 0.1 -0.03712308 0.03712308 0.1 -0.0514912 -0.01024216 0.1 -0.02916735 0.04365211 0.1 0.0514912 -0.01024216 0.1 0.04850363 -0.02009081 0.1 0 0.05249989 0.1 0.01024216 0.0514912 0.1 0.04365211 -0.02916735 0.1 -0.04850363 0.02009081 0.1 -0.04365211 0.02916735 0.1 0.05249989 0 0.1 -0.02009081 -0.04850363 0.1299999 -0.01024216 -0.0514912 0.1299999 -0.03712308 -0.03712308 0.1299999 -0.02916735 -0.04365211 0.1299999 0.02916735 -0.04365211 0.1299999 0.03712308 -0.03712308 0.1299999 0.04365211 -0.02916735 0.1299999 -0.0514912 0.01024216 0.1299999 -0.05249989 0 0.1299999 0.04365211 0.02916735 0.1299999 0.03712308 0.03712308 0.1299999 0.04850363 0.02009081 0.1299999 -0.04850363 -0.02009081 0.1299999 -0.04365211 -0.02916735 0.1299999 -0.0514912 -0.01024216 0.1299999 0.0514912 -0.01024216 0.1299999 0.05249989 0 0.1299999 0.0514912 0.01024216 0.1299999 0.02009081 0.04850363 0.1299999 0.01024216 0.0514912 0.1299999 0.02916735 0.04365211 0.1299999 -0.02916735 0.04365211 0.1299999 -0.03712308 0.03712308 0.1299999 -0.02009081 0.04850363 0.1299999 0 0.05249989 0.1299999 -0.01024216 0.0514912 0.1299999 -0.04365211 0.02916735 0.1299999 -0.04850363 0.02009081 0.1299999 0.01024216 -0.0514912 0.1299999 0.02009081 -0.04850363 0.1299999 0.04850363 -0.02009081 0.1299999 0 -0.05249989 0.1299999 0 0.05249989 0.1 -0.01024216 0.0514912 0.1 -0.02009081 0.04850363 0.1 -0.02916735 0.04365211 0.1 -0.03712308 0.03712308 0.1 -0.04365211 0.02916735 0.1 -0.04850363 0.02009081 0.1 -0.0514912 0.01024216 0.1 -0.05249989 0 0.1 -0.0514912 -0.01024216 0.1 -0.04850363 -0.02009081 0.1 -0.04365211 -0.02916735 0.1 -0.03712308 -0.03712308 0.1 -0.02916735 -0.04365211 0.1 -0.02009081 -0.04850363 0.1 -0.01024216 -0.0514912 0.1 0 -0.05249989 0.1 0.01024216 -0.0514912 0.1 0.02009081 -0.04850363 0.1 0.02916735 -0.04365211 0.1 0.03712308 -0.03712308 0.1 0.04365211 -0.02916735 0.1 0.04850363 -0.02009081 0.1 0.0514912 -0.01024216 0.1 0.05249989 0 0.1 0.0514912 0.01024216 0.1 0.04850363 0.02009081 0.1 0.04365211 0.02916735 0.1 0.03712308 0.03712308 0.1 0.02916735 0.04365211 0.1 0.02009081 0.04850363 0.1 0.01024216 0.0514912 0.1 0 0.05249989 0.1 0 0.05249989 0.1299999 -0.01024216 0.0514912 0.1299999 -0.02009081 0.04850363 0.1299999 -0.02916735 0.04365211 0.1299999 -0.03712308 0.03712308 0.1299999 -0.04365211 0.02916735 0.1299999 -0.04850363 0.02009081 0.1299999 -0.0514912 0.01024216 0.1299999 -0.05249989 0 0.1299999 -0.0514912 -0.01024216 0.1299999 -0.04850363 -0.02009081 0.1299999 -0.04365211 -0.02916735 0.1299999 -0.03712308 -0.03712308 0.1299999 -0.02916735 -0.04365211 0.1299999 -0.02009081 -0.04850363 0.1299999 -0.01024216 -0.0514912 0.1299999 0 -0.05249989 0.1299999 0.01024216 -0.0514912 0.1299999 0.02009081 -0.04850363 0.1299999 0.02916735 -0.04365211 0.1299999 0.03712308 -0.03712308 0.1299999 0.04365211 -0.02916735 0.1299999 0.04850363 -0.02009081 0.1299999 0.0514912 -0.01024216 0.1299999 0.05249989 0 0.1299999 0.0514912 0.01024216 0.1299999 0.04850363 0.02009081 0.1299999 0.04365211 0.02916735 0.1299999 0.03712308 0.03712308 0.1299999 0.02916735 0.04365211 0.1299999 0.02009081 0.04850363 0.1299999 0.01024216 0.0514912 0.1299999 0 0.05249989 0.1299999</float_array>
          <technique_common>
            <accessor source="#Mesh-1_005-mesh-positions-array" count="6002" stride="3">
              <param name="X" type="float"/>
              <param name="Y" type="float"/>
              <param name="Z" type="float"/>
            </accessor>
          </technique_common>
        </source>
        <source id="Mesh-1_005-mesh-normals">
          <float_array id="Mesh-1_005-mesh-normals-array" count="17136">0 0 1 -1.9488e-6 0 1 -7.8474e-6 0 1 -3.11859e-5 0 1 -1.04618e-5 0 1 2.09252e-5 0 1 1.05655e-5 0 1 -1.04625e-5 0 1 1.04628e-5 0 1 -1.55922e-5 0 1 1.04627e-5 0 1 1.04625e-5 0 1 1.50542e-6 0 1 -8.61488e-7 0 1 -2.24172e-6 0 1 1.97783e-6 0 1 -3.7801e-6 0 1 -0.06873995 -0.9976305 -0.002898216 -0.06875896 -0.9976292 -0.002866744 -0.1010164 0.161112 -0.9817529 0.06874912 -0.9976299 -0.002862393 0.06872797 -0.9976313 -0.002892971 -0.1643742 0 0.9863982 -0.004852533 0 0.9999883 -0.3196581 -0.3895471 0.8637545 -0.3162095 0 -0.9486895 -0.35631 -0.3563405 0.8637504 0.2509568 0 -0.9679983 0 0 -1 -0.3895174 -0.3196893 0.8637564 -0.4189684 -0.2799837 0.8637562 0.2011188 0.6620279 0.7219906 -0.847489 -0.5308031 -0.003257751 0.8592619 0.4510197 -0.2413507 -0.4444465 0.5005614 0.7429035 -0.7361533 0.1369707 0.6628103 -0.8446849 -0.5043938 0.1791487 0.9224504 0.06381905 0.3808051 0.9229764 0.06347775 0.3795853 -0.3645873 -0.3934573 0.8439595 0.3589013 -0.2587067 0.8968058 0.3601692 -0.2560741 0.8970531 0.9341182 -0.03958076 0.354763 0.9338433 -0.03923875 0.3555234 0.5230743 -0.8132986 0.2548311 0.5214079 -0.8144081 0.2547024 0.5727889 -0.5534971 0.6046105 0.5733549 -0.5529714 0.6045551 0.6306987 -0.2127523 0.7462946 0.6307808 -0.2127555 0.7462244 0.690782 0.006540656 0.7230336 0.6909654 0.00677675 0.7228561 0.04247969 -0.5924971 0.8044518 0.04458528 -0.5920141 0.8046934 0.4219051 -0.8439025 0.331398 0.421375 -0.8435024 0.3330869 -0.455365 -0.2999236 0.8382652 -0.4549551 -0.2993952 0.8386766 0.05111521 0.4655137 0.8835633 -0.4744328 -0.7106274 0.5195404 -0.4726777 -0.7118111 0.5195197 -0.3964617 -0.8232429 0.4063117 -0.3958542 -0.8230106 0.4073734 -0.001417756 -0.999999 1.64492e-4 0.8703792 -0.4649916 -0.1619352 0.8783754 -0.4649917 -0.1106324 0.1314462 0.9911723 -0.01730436 6.88912e-6 -1 0 0 -1 1.11807e-4 -0.1071207 0.9942392 -0.003692746 -0.07074338 0.9974878 -0.003692805 -0.1069702 0.9942583 -0.002807736 -0.09183156 0.995773 -0.001800596 -4.57792e-4 0.9999999 0 -0.06906479 0.9976096 0.002288877 -0.02572709 0.9996652 -0.002807676 -0.09576767 0.9953372 -0.01150554 -0.01632738 0.9998491 -0.005951106 -0.1068159 0.9942734 -0.003296017 -0.03738528 0.999301 -3.35705e-4 -0.04846423 0.9987968 -0.007507681 -6.1037e-5 1 0 -0.185675 0.9823628 -0.02209544 0.03653079 0.9993326 -2.74668e-4 -0.04208606 0.9990798 -0.00827068 -0.1837251 0.9829598 -0.005920708 -0.1396873 0.9896224 -0.03369337 -0.1128898 0.9936074 6.1038e-4 0.01971536 0.9997786 -0.007355093 1.83116e-4 0.9992319 -0.03918671 -0.0676909 0.9975712 -0.01641917 -0.03421193 0.9993796 -0.008362233 -0.256728 0.9664534 -0.007660329 -0.2064926 0.9771625 -0.05014294 -0.02685642 0.9996394 1.22075e-4 -0.006988763 0.9998511 -0.01577812 0.06683683 0.9977615 0.002197325 0.02673441 0.9996426 1.22075e-4 -0.03640913 0.9992834 -0.01034593 -0.2290766 0.9734078 0.001068115 -0.2787275 0.959753 -0.03442507 -0.2841621 0.9563425 -0.06827092 -0.173318 0.9829288 -0.0617401 -0.08246314 0.9961498 -0.0297563 -0.03369283 0.9994321 5.18821e-4 -0.009064197 0.999843 -0.0152291 0.01666355 0.9997845 -0.01239085 4.57792e-4 0.9999999 0 0.1036118 0.9946125 -0.0032655 0.1127693 0.9936211 6.10389e-4 5.79868e-4 0.9988687 -0.04754918 -7.01947e-4 0.9988098 -0.04877007 -0.1428301 0.98974 0.003814876 -0.257187 0.9663358 -0.007080495 -0.2597175 0.9612293 -0.09265595 -0.06726425 0.9977329 0.002166807 -0.01431339 0.9998322 -0.01144456 -0.01342833 0.9995589 -0.0264905 -0.005157768 0.9998448 -0.01684665 0.01937955 0.9997734 -0.008819997 0.02572709 0.9996652 -0.002807676 0.08996874 0.9959431 -0.001739501 0.1035516 0.9946204 -0.002716183 0.03622597 0.9993434 6.71417e-4 -0.001586973 0.9875263 -0.1574463 -0.004882991 0.9874081 -0.1581183 -0.02688682 0.9995751 -0.01126134 -0.2173545 0.9760814 0.004699885 -0.3414486 0.9398992 0.001617491 -0.3358942 0.9418528 -0.00939989 -0.3545095 0.9311675 -0.08514821 -0.3484014 0.9289892 -0.1248825 -0.2490938 0.9611567 -0.1188704 -0.1657789 0.9829852 -0.07910513 -0.001709043 0.9992472 -0.03875887 -0.06619483 0.9978054 0.001678466 -0.01611405 0.9998368 -0.008179068 0 1 0 -0.04388642 0.9961118 -0.07638919 -0.03552436 0.9961476 -0.08017396 -0.01065105 0.999555 -0.02786374 0.01370322 0.999786 -0.01550382 0.02774149 0.9995486 -0.01153606 0.04208606 0.9990798 -0.00827068 0.06918597 0.9975972 -0.003662228 0.09573739 0.9953395 -0.01156657 0.1836661 0.9829707 -0.005951285 0.07394683 0.9972599 0.002166807 0.001678466 0.9992414 -0.03891122 -0.001892149 0.9721928 -0.2341747 -0.07965475 0.9960818 -0.03842347 -0.1910489 0.9815215 0.01077318 -0.2175998 0.9760254 0.004974544 -0.296495 0.95501 0.006836295 -0.3737375 0.9264087 -0.04568713 -0.3339995 0.9289973 -0.1594005 -0.03384524 0.9994266 0.001037597 -0.09042739 0.9958918 0.004760921 0 1 -2.48353e-6 0 1 1.81592e-6 -0.01483231 0.9996259 -0.02298092 -0.01181095 0.9998157 -0.01513761 -0.02704018 0.9961228 -0.08371472 0.01022398 0.9997861 -0.01797592 0.0245068 0.9995604 -0.01669389 0.01864731 0.9997538 -0.01202458 0.02304196 0.9996555 -0.01257389 0.08279711 0.9957934 -0.03924697 0.08584898 0.9958238 -0.03106796 0.0340901 0.9993866 -0.00802654 0.001403868 0.9999991 -9.15582e-5 0.1034274 0.9946306 -0.003570616 0.1858915 0.9823164 -0.02233994 0.2291345 0.9733943 9.76599e-4 0.1503059 0.9886318 0.003936946 0.07330721 0.997308 0.001678526 0.03711092 0.9993107 9.76605e-4 0.004882931 0.9875837 -0.1570184 -0.01437425 0.9877374 -0.1554622 -0.3720576 0.9281756 0.007965445 -0.4094122 0.9122735 -0.01178032 -0.4321208 0.8957374 -0.1045281 -0.4181444 0.8861879 -0.1995654 -0.3161499 0.9290088 -0.1923329 -0.2357885 0.9611604 -0.1434385 -0.1569285 0.9829854 -0.09546333 -0.003418147 0.9988688 -0.04742711 -0.01959329 0.999808 5.79864e-4 -0.02301144 0.9996554 -0.01263493 -0.01748758 0.9997838 -0.01126164 -0.02368271 0.9995883 -0.01620554 -0.01409965 0.9997964 -0.01443535 -0.01971554 0.9996637 -0.01684671 -0.05243211 0.9959972 -0.07239174 -0.07437479 0.9829866 -0.1679461 -0.007110893 0.9996182 -0.02670407 0.006317496 0.9997857 -0.01971554 0 1 5.17813e-6 0.02056986 0.9995635 -0.02121078 0.01583951 0.999753 -0.01559537 0.02163827 0.9996032 -0.01803696 0.0727576 0.9958391 -0.05487334 0.07886105 0.9957128 -0.04834204 0.02313351 0.9996564 -0.01232975 0.02865725 0.9995561 -0.00814855 0.03769111 0.9992278 -0.01110893 0.06787329 0.9975609 -0.01629692 0.04846423 0.9987968 -0.007507681 0.1396873 0.9896224 -0.03369337 0.2600534 0.9655639 -0.007660269 0.1910194 0.9815265 0.01083427 0.09329676 0.9956234 0.005462884 0.003234922 0.9988725 -0.04736477 0.01425236 0.9877484 -0.1554028 -9.15564e-5 0.9716266 -0.2365205 -0.01071226 0.963345 -0.2680519 -0.0265817 0.9629546 -0.2683504 -0.09231895 0.9956713 0.01077306 -0.2899284 0.9569163 0.01590025 -0.3723381 0.928068 0.007355153 -0.4506151 0.8927153 0.002349972 -0.4093852 0.9122813 -0.01211613 -0.4681909 0.881814 -0.05658209 -0.436429 0.8861035 -0.1560462 -0.3957761 0.8862236 -0.2407678 -0.07767099 0.9958373 -0.04770129 -0.02667337 0.9996418 0.002227842 -0.07049965 0.9960597 -0.05380558 -0.06576883 0.9959022 -0.06207603 -0.01547288 0.9997563 -0.01574754 -0.06106889 0.9957497 -0.06894284 -0.015473 0.9997058 -0.01867753 -0.09097772 0.982993 -0.1595239 -0.05694872 0.9829913 -0.1746 -0.0184642 0.9960016 -0.08740764 -0.003356993 0.99982 -0.01867735 5.49344e-4 0.9997755 -0.02118021 0.01553404 0.9995812 -0.02441501 0.01370322 0.9997254 -0.01901358 0.0178231 0.9995889 -0.02246195 0.06012302 0.9958452 -0.06839376 0.06759965 0.9957144 -0.06311333 0.01983714 0.9997313 -0.01199382 0.1731033 0.9829533 -0.06195336 0.2066437 0.9771555 -0.0496543 0.2782765 0.9598981 -0.03402918 0.260605 0.9654196 -0.007080495 0.2262049 0.9740671 0.004974544 0.02404892 0.9997106 6.40899e-4 0.01110893 0.9633072 -0.268172 -0.05053943 0.962966 -0.2648439 -0.00439471 0.9992601 -0.03821003 -0.1947736 0.9805825 0.02282834 -0.3857554 0.9223643 0.02090525 -0.5013313 0.8567221 -0.1212204 -0.4968595 0.8348034 -0.2371374 -0.4704297 0.8347427 -0.2861827 -0.3695599 0.8862236 -0.2793444 -0.2952746 0.9289781 -0.2231879 -0.2202267 0.9611421 -0.1664519 -0.146492 0.9829922 -0.1107541 -0.1066326 0.9829794 -0.149603 -0.1117621 0.9611482 -0.2523956 -0.08560597 0.9611371 -0.262464 -0.03906404 0.98298 -0.1795116 0.002136349 0.999783 -0.02072262 0.01016283 0.9995917 -0.02670419 0.009766101 0.9997465 -0.0202952 0.01321488 0.9995722 -0.02609407 0.04510754 0.9958452 -0.07910603 0.05377483 0.9956898 -0.07556557 0.01791465 0.9997137 -0.01586991 0.1569285 0.9829854 -0.09546333 0.1657789 0.9829852 -0.07910513 0.3413848 0.9399223 0.001617491 0.2265145 0.9739942 0.005157768 0.1948321 0.9805696 0.02288907 0.02212655 0.999754 0.001617491 0.004364192 0.9992533 -0.0383929 0.0265817 0.9629546 -0.2683504 -5.79866e-4 0.9498516 -0.3127005 -0.03643995 0.9321796 -0.3601575 -0.06213772 0.9159517 -0.3964485 -0.02624607 0.9879829 -0.152319 -0.01941019 0.9998095 0.002044737 -0.09390801 0.9954192 0.01794534 -0.295823 0.9546419 0.03387635 -0.444119 0.8959288 0.008362293 -0.4860513 0.8737998 -0.01510703 -0.5018298 0.8564342 -0.1211923 -0.5181825 0.8349395 -0.1853725 -0.4391724 0.8348243 -0.3319582 -0.1345885 0.9829851 -0.1250056 -0.1211912 0.9829887 -0.1380072 -0.1367579 0.9611513 -0.2397613 -0.05868744 0.9611561 -0.2696938 -0.02099728 0.9829976 -0.1824141 -0.003418087 0.9997035 -0.02410978 -0.001342773 0.9997677 -0.02151578 0 1 2.26881e-5 0 1 1.08534e-5 0.02816933 0.9958463 -0.08658337 0.009247303 0.9997218 -0.02169924 0.03769141 0.9956942 -0.08469122 0.1345885 0.9829851 -0.1250056 0.1464925 0.9829955 -0.1107239 0.2602999 0.9610863 -0.09250426 0.2840141 0.9563273 -0.06909602 0.3411712 0.9399527 -0.009552419 0.3044582 0.9525001 0.006988823 0.2899639 0.956902 0.01611417 0.2958496 0.9546294 0.03399795 0.094181 0.9954925 0.01116985 0.02700966 0.9996325 0.002319455 0.02603292 0.9879692 -0.1524437 0.01635819 0.9325718 -0.3606136 -4.5779e-4 0.9216238 -0.3880842 -0.01620543 0.9324699 -0.3608842 -0.07318508 0.9321485 -0.3546028 -0.06628668 0.9632018 -0.2604774 -0.006714165 0.9989486 -0.04535126 -0.02832162 0.9995891 0.004425227 -0.1981893 0.9794412 0.03762972 -0.3937029 0.9181823 0.04403978 -0.4791423 0.8773797 0.02505576 -0.5123211 0.8587413 0.009521901 -0.5556984 0.8313808 0.002288937 -0.5568583 0.8304349 -0.01693826 -0.555356 0.8288682 -0.06750822 -0.5695491 0.7757062 -0.2718344 -0.5391858 0.7756804 -0.3280223 -0.5034701 0.775668 -0.380601 -0.4033718 0.8348211 -0.3746532 -0.3394007 0.8862383 -0.3152602 -0.2711625 0.9290025 -0.2518439 -0.2022805 0.9611377 -0.1878755 -0.1602268 0.961147 -0.2247753 -0.149848 0.9289969 -0.3383941 -0.1147832 0.9289779 -0.3518878 -0.07867723 0.9289897 -0.3616467 -0.03155642 0.9611603 -0.2741813 -0.009918689 0.9957812 -0.09122192 -0.002044737 0.9962002 -0.08707058 7.0194e-4 0.9997755 -0.02118021 -0.002349972 0.9994109 -0.03424245 0.001892149 0.9995779 -0.02899271 0.004425227 0.9996138 -0.02743643 0.005249142 0.999758 -0.02136296 0.007721304 0.9995648 -0.02847439 0.1066326 0.9829794 -0.149603 0.1211912 0.9829887 -0.1380072 0.2357885 0.9611604 -0.1434385 0.2490938 0.9611567 -0.1188704 0.3740117 0.926316 -0.04532086 0.4164012 0.9090999 -0.01214653 0.378807 0.9254404 0.008087635 0.3016549 0.9517512 0.05633902 0.1982241 0.9794318 0.03769153 0.006622552 0.9989436 -0.04547309 0.0505703 0.9629724 -0.2648151 0.03640943 0.9321806 -0.3601579 -0.04910457 0.8918171 -0.4497234 -0.07346034 0.8917175 -0.4465911 -0.09598278 0.8917396 -0.4422532 -0.092718 0.9321855 -0.3499053 -0.03677505 0.9877082 -0.1519222 -0.008423209 0.9992802 -0.03698885 -0.02002024 0.9997928 0.003692746 -0.09390699 0.9952557 0.02545285 -0.3015917 0.9517748 0.05627757 -0.5689927 0.8107628 -0.1375178 -0.5946406 0.7754073 -0.2124763 -0.4624606 0.7756507 -0.4295302 -0.1821388 0.9611423 -0.2074393 -0.1833604 0.9289794 -0.3215216 -0.04229974 0.9290076 -0.3676355 -0.007446646 0.9609576 -0.2765954 -0.006439447 0.9829171 -0.1839364 -0.002075254 0.9977001 -0.06775242 0.003570735 0.9959408 -0.08994078 0.01025438 0.9958392 -0.09055024 0 1 1.63561e-4 0.01989811 0.9957321 -0.09012156 0.07437479 0.9829866 -0.1679461 0.09097772 0.982993 -0.1595239 0.2022805 0.9611377 -0.1878755 0.2202267 0.9611421 -0.1664519 0.3482557 0.9291294 -0.124244 0.3541744 0.9311996 -0.08618599 0.450615 0.8927152 0.00238049 0.3794152 0.9251909 0.008118093 0.393726 0.918165 0.04419153 0.4013247 0.9129756 0.07358127 0.09537285 0.9952653 0.0187388 0.02121067 0.9997722 0.002410948 0.007873892 0.9991362 -0.04080408 0.0370506 0.9878237 -0.1511018 0.0621367 0.9159678 -0.3964117 0.02252298 0.8924663 -0.4505516 -1.22078e-4 0.8881146 -0.4596222 -0.02240127 0.8925733 -0.4503457 -0.1203677 0.8918322 -0.4360584 -0.1141111 0.9322081 -0.3434628 -0.08218723 0.9632356 -0.2557784 -0.01016271 0.9989674 -0.04428255 -0.02420181 0.9996913 0.005646049 -0.1974287 0.9789338 0.05206573 -0.4012641 0.913007 0.0735203 -0.488461 0.8709592 0.05325609 -0.5121443 0.8588436 0.009796679 -0.557124 0.8302688 -0.01632761 -0.6367501 0.7671886 -0.07727426 -0.6372727 0.7080774 -0.3041549 -0.6032811 0.7080549 -0.3670288 -0.5633831 0.7079827 -0.4258639 -0.5174589 0.7079618 -0.4806523 -0.41643 0.7756677 -0.4742633 -0.3632426 0.8347988 -0.4137219 -0.3056533 0.8862269 -0.348106 -0.2441829 0.929 -0.2780896 -0.2147946 0.9290066 -0.3013473 -0.1875703 0.8862438 -0.4235439 -0.1436527 0.8862403 -0.4403886 -0.09851658 0.8862224 -0.4526638 -0.05295163 0.8861999 -0.4602673 -0.0109564 0.9300745 -0.3672078 0 0.9899751 -0.1412419 0.004455745 0.9997068 -0.02380472 0.05694872 0.9829913 -0.1746 0.160197 0.9611517 -0.2247763 0.1821062 0.9611621 -0.2073759 0.3161499 0.9290088 -0.1923329 0.3339995 0.9289973 -0.1594005 0.4321208 0.8957374 -0.1045281 0.4167718 0.9089263 -0.0124213 0.3860714 0.9222376 0.02066165 0.4014164 0.9101682 0.1022691 0.3015901 0.9502438 0.07797634 0.1985266 0.9787471 0.0513941 0.02734494 0.999617 0.004272639 0.06628721 0.9632095 -0.2604489 0.07321542 0.9321464 -0.354602 0.04910522 0.8918294 -0.449699 -0.06329697 0.8409591 -0.5373837 -0.0932371 0.8408124 -0.5332368 -0.1205205 0.8407747 -0.5277999 -0.1497856 0.8408505 -0.5201297 -0.1469807 0.8918338 -0.427819 -0.0444352 0.9881956 -0.1466118 -0.01968455 0.9997927 0.005218684 -0.1062356 0.9937502 0.03427249 -0.3014972 0.9503008 0.07764035 -0.5703715 0.8209027 0.02819961 -0.5813215 0.8135999 0.01098674 -0.6222286 0.7826383 -0.01757913 -0.6286647 0.7625828 -0.1524738 -0.6649218 0.708137 -0.2375309 -0.4659678 0.7079549 -0.5307297 -0.2295073 0.886228 -0.4024009 -0.01568686 0.8856084 -0.4641677 -0.003082454 0.9319149 -0.362664 -0.002410948 0.9568233 -0.2906604 0.02099728 0.9829976 -0.1824141 0.03906404 0.98298 -0.1795116 0.1117621 0.9611482 -0.2523956 0.1367579 0.9611513 -0.2397613 0.2711625 0.9290025 -0.2518439 0.2952725 0.9289718 -0.2232169 0.4365479 0.8860666 -0.155923 0.4682019 0.8818042 -0.05664443 0.4892001 0.8720391 -0.01519876 0.4511946 0.892379 0.009125173 0.4789053 0.877515 0.0248425 0.4884924 0.8709302 0.05343931 0.4976496 0.8627533 0.08945238 0.4977645 0.8584378 0.1237544 0.09494572 0.9951755 0.02472066 0.02597171 0.9996535 0.004303157 0.01092588 0.9989253 -0.04504638 0.04461914 0.9882141 -0.1464315 0.07349067 0.8917155 -0.4465902 0.0297563 0.8419356 -0.538757 -3.35713e-4 0.8479794 -0.5300291 -0.02923768 0.8419119 -0.5388224 -0.1814674 0.8408661 -0.5099155 -0.1370008 0.9321795 -0.3350707 -0.09937131 0.9632242 -0.249649 -0.05462867 0.9882609 -0.1426755 -0.01034593 0.9990385 -0.04260444 -0.06161856 0.9978916 0.02038693 -0.1831762 0.981345 0.05838322 -0.2563619 0.9630359 0.08270722 -0.4015424 0.9101467 0.101965 -0.4975829 0.8628045 0.0893293 -0.5813017 0.8113563 0.06155747 -0.652776 0.7575485 0.001953184 -0.6830148 0.7301666 -0.01864707 -0.6828868 0.7115439 -0.1654419 -0.7002705 0.6308081 -0.3342193 -0.6628804 0.6308351 -0.4032827 -0.6190184 0.6307683 -0.4679185 -0.5685496 0.6307791 -0.5280807 -0.511964 0.6308068 -0.5830744 -0.4099379 0.7079302 -0.5751399 -0.3662979 0.7757201 -0.5138913 -0.3195359 0.8348218 -0.4482963 -0.2689039 0.8862141 -0.3772468 -0.2229108 0.8348167 -0.5033804 -0.1707248 0.8348243 -0.5233751 -0.1170421 0.8348602 -0.5378752 -0.06293034 0.8347883 -0.5469629 -0.01883012 0.8362482 -0.5480278 0 0.8960449 -0.4439634 0.001037597 0.9770272 -0.2131124 0.005279779 0.9827516 -0.1848553 0.08560597 0.9611371 -0.262464 0.2147946 0.9290066 -0.3013473 0.2441829 0.929 -0.2780896 0.3957761 0.8862236 -0.2407678 0.4181192 0.8861992 -0.199568 0.5013712 0.8566769 -0.1213752 0.5559375 0.8312205 0.00250256 0.5206204 0.8537331 0.009704947 0.5179642 0.8404253 0.1593689 0.3780684 0.9176735 0.1222283 0.2340506 0.9692548 0.07593137 0.1570515 0.9861651 0.05304223 0.02407979 0.9996939 0.005707085 0.02139353 0.9997606 0.004577755 0.01058995 0.9990308 -0.04272621 0.08212596 0.9632329 -0.2558082 0.09274828 0.9321828 -0.3499042 0.09598404 0.8917516 -0.4422287 0.06332683 0.8409803 -0.5373472 -0.08227932 0.7776253 -0.623321 -0.114754 0.7784659 -0.6171082 -0.1467666 0.7783908 -0.6103829 -0.1808573 0.7783637 -0.6011993 -0.2173248 0.7784448 -0.5888921 -0.1752708 0.8918272 -0.4170426 -0.01388603 0.9990658 -0.0409258 -0.01153624 0.9991069 -0.04065155 -0.00903362 0.9999552 0.002838253 -0.0967772 0.994538 0.0390954 -0.2588018 0.9625413 0.08084499 -0.6583035 0.7521201 0.03085511 -0.6477 0.7618097 0.0114445 -0.6827378 0.7304082 -0.0193184 -0.7115039 0.6973122 -0.08670622 -0.7304741 0.6308599 -0.261579 -0.4504281 0.6307032 -0.631924 -0.27275 0.8348218 -0.4782052 -6.71409e-4 0.8568404 -0.5155813 -6.7142e-4 0.8569456 -0.5154064 0.01373374 0.9292873 -0.3691024 0.00878936 0.9617685 -0.2737228 0.03155618 0.9611521 -0.2742094 0.05868744 0.9611561 -0.2696938 0.149848 0.9289969 -0.3383941 0.183357 0.9289928 -0.3214852 0.3394007 0.8862383 -0.3152602 0.3695567 0.8862161 -0.2793726 0.5181617 0.8349856 -0.1852234 0.5553548 0.8288664 -0.06753861 0.5563149 0.8308099 -0.01638913 0.5813621 0.8112945 0.06180155 0.5922775 0.7989811 0.1040995 0.593355 0.7919742 0.1438982 0.5868738 0.7905554 0.1749329 0.4511063 0.8812764 0.1409078 0.3082113 0.9462414 0.09814906 0.07825028 0.9965314 0.02832144 0.02142459 0.9997535 0.005829155 0.01184129 0.9991255 -0.0401017 0.09937053 0.9632169 -0.2496776 0.09326642 0.8408326 -0.5331997 0.03476113 0.7787238 -0.6264033 -6.71422e-4 0.8063777 -0.5914006 -0.03445613 0.7786364 -0.6265287 -0.2148587 0.8408483 -0.4967997 -0.1607431 0.932231 -0.3242025 -0.1173766 0.9631538 -0.2419863 -0.06692743 0.9881335 -0.1382495 -0.01522886 0.9991267 -0.03891152 -0.01306223 0.9991703 -0.0385763 -0.02310317 0.9996929 0.008972644 -0.2010585 0.9763303 0.07971537 -0.3305242 0.9381029 0.1035215 -0.4978955 0.8583615 0.1237567 -0.5922328 0.7990337 0.1039497 -0.670774 0.7384648 0.06878948 -0.6482566 0.7613299 0.01184141 -0.7401105 0.6724809 0.002441465 -0.7312991 0.6587857 -0.1766446 -0.755965 0.5462054 -0.3608001 -0.7156402 0.5461682 -0.4353842 -0.6682751 0.546077 -0.5051814 -0.6137824 0.5461202 -0.5701087 -0.5526428 0.5462643 -0.6294293 -0.4861733 0.5462659 -0.682077 -0.3844149 0.6308237 -0.6740079 -0.3499086 0.7079354 -0.6135075 -0.3127048 0.7756274 -0.5482863 -0.2555731 0.7756311 -0.57713 -0.1957511 0.7756496 -0.6000412 -0.1341928 0.7756754 -0.616701 -0.07211667 0.7757354 -0.6269241 -0.02340829 0.7754653 -0.6309563 0 0.8121157 -0.5834965 0.01638883 0.8858518 -0.4636789 0.1147832 0.9289779 -0.3518878 0.2689039 0.8862141 -0.3772468 0.3056828 0.8861933 -0.3481659 0.4704297 0.8347427 -0.2861827 0.4968595 0.8348034 -0.2371374 0.5017067 0.8564934 -0.1212837 0.6524969 0.7577876 0.002410948 0.5217538 0.8530381 0.009949207 0.5701228 0.8210489 0.02896237 0.6423686 0.7433262 0.186625 0.5905483 0.7763803 0.2201967 0.5089371 0.8396118 0.189829 0.3078744 0.9439489 0.1190541 0.201516 0.9763594 0.07818931 0.03524899 0.9993026 0.01232951 0.05511742 0.9882687 -0.1424325 0.1369994 0.9321699 -0.3350977 0.1139582 0.9322049 -0.3435226 0.1204278 0.8918557 -0.4359939 0.1205494 0.8407942 -0.5277624 0.08237183 0.7776342 -0.6232976 -7.3246e-4 0.7588901 -0.6512184 -0.08340948 0.6301034 -0.7720186 -0.1368184 0.707653 -0.6931868 -0.1733497 0.7073768 -0.6852504 -0.2118339 0.7073136 -0.6744139 -0.2524561 0.707225 -0.6603778 -0.2555417 0.7784668 -0.5733132 -0.204812 0.891822 -0.4033677 -0.01727348 0.999117 -0.03830081 -0.02264493 0.9997041 0.008880913 -0.1622096 0.9863204 0.02932894 -0.3079063 0.9438614 0.119665 -0.4024223 0.906625 0.1268365 -0.7375884 0.6744441 0.03299123 -0.6861376 0.7273694 0.01220774 -0.7364084 0.6761932 -0.02157735 -0.7811922 0.6170005 -0.0951274 -0.7889752 0.5459225 -0.2819339 -0.4149661 0.5462586 -0.7276021 0.01950138 0.8359358 -0.5484808 0.0529502 0.8862065 -0.4602548 0.04229974 0.9290076 -0.3676355 0.07867807 0.9289999 -0.3616202 0.1875703 0.8862438 -0.4235439 0.2295045 0.8862171 -0.4024264 0.4033718 0.8348211 -0.3746532 0.4391724 0.8348243 -0.3319582 0.5942967 0.7755796 -0.212809 0.5689927 0.8107628 -0.1375178 0.5566061 0.8306365 -0.0152595 0.6500977 0.7597546 0.01208573 0.5213204 0.8533027 0.009979605 0.6708069 0.7384064 0.06909489 0.6832709 0.7207183 0.1170728 0.6838133 0.7115858 0.1613855 0.6448181 0.740497 0.1894046 0.4109718 0.8981196 0.156472 0.09760075 0.9945025 0.03793549 0.03976577 0.9991188 0.01342815 0.0140084 0.9991145 -0.03967523 0.1162165 0.9634249 -0.2414666 0.1611699 0.9321364 -0.3242625 0.1147836 0.7784898 -0.6170725 0.08340877 0.6300369 -0.7720729 -0.00100708 0.7092396 -0.7049669 -0.04184162 0.7079205 -0.7050517 -0.1025751 0.7079854 -0.6987381 -0.2496207 0.8409099 -0.4801668 -0.1774978 0.9323822 -0.3148937 -0.1609601 0.9500434 -0.2674124 -0.1233876 0.9701018 -0.2089928 -0.0197761 0.9991212 -0.03695809 -0.02325546 0.999682 0.009766042 -0.02969491 0.9994648 0.0137335 -0.1677331 0.9853713 0.03015285 -0.1727709 0.984529 0.02920717 -0.469443 0.8709813 0.1449652 -0.5933536 0.7918197 0.1447523 -0.6832217 0.7207902 0.116917 -0.7508179 0.6562981 0.07446831 -0.7591358 0.6508229 0.01193302 -0.7859684 0.617806 -0.02386623 -0.7800602 0.5966117 -0.1885756 -0.8021139 0.4583115 -0.3828368 -0.7593534 0.4582184 -0.4619722 -0.7090213 0.4582758 -0.5359776 -0.6511544 0.4584571 -0.6048265 -0.5863915 0.458395 -0.6678467 -0.5158459 0.4584076 -0.7237164 -0.4403335 0.4583094 -0.7720485 -0.3391569 0.5462279 -0.7659032 -0.3142027 0.630786 -0.7094969 -0.2859685 0.7079628 -0.6457639 -0.2190381 0.7079597 -0.671428 -0.1501857 0.7078963 -0.6901646 -0.08072292 0.7079812 -0.7016027 -0.02493417 0.7075885 -0.7061846 0.001983761 0.7616735 -0.6479581 0.02145516 0.7745238 -0.6321809 0.06293034 0.8347883 -0.5469629 0.1436527 0.8862403 -0.4403886 0.3195359 0.8348218 -0.4482963 0.3632426 0.8347988 -0.4137219 0.5391858 0.7756804 -0.3280223 0.5695491 0.7757062 -0.2718344 0.6369661 0.7669473 -0.07788497 0.6210001 0.7836051 -0.01794511 0.7035658 0.7105243 0.01226878 0.6508494 0.759131 0.01074266 0.5870601 0.8094812 0.01004064 0.658479 0.7519283 0.03177028 0.6713632 0.7072233 0.2216005 0.5661577 0.8006351 0.1960844 0.5025501 0.8486007 0.1652888 0.3656168 0.923808 0.1135914 0.2367076 0.9695979 0.06204569 0.1609582 0.9863501 0.03473085 0.02948105 0.9995183 0.009704947 0.01596146 0.9990718 -0.04001045 0.066989 0.9879275 -0.139685 0.2048176 0.8918159 -0.4033787 0.1752711 0.8917983 -0.4171044 0.1467679 0.8918386 -0.4278823 0.14985 0.8408694 -0.5200804 0.1468255 0.7784104 -0.6103438 0.1026659 0.7078878 -0.6988238 0.04181116 0.7079214 -0.7050526 -0.001068115 0.6517607 -0.7584241 -0.05337792 0.6330278 -0.7722866 -0.0849353 0.6326963 -0.7697281 -0.1201859 0.6319376 -0.7656437 -0.1585786 0.6315372 -0.7589556 -0.1992018 0.6309942 -0.7497767 -0.2415577 0.6308579 -0.7373387 -0.2951512 0.7072827 -0.6423683 -0.2951208 0.7786367 -0.5537406 -0.226421 0.8924084 -0.3903085 -0.1663007 0.9513232 -0.2594767 -0.1662697 0.9513206 -0.2595065 -0.1000734 0.9814152 -0.163737 -0.06979691 0.9919891 -0.1052905 -0.1172527 0.9930469 0.01046788 -0.1705073 0.9819967 -0.08130151 -0.1728319 0.9844982 0.02987855 -0.4097528 0.8984897 0.1575409 -0.5324691 0.8301842 0.1651396 -0.534912 0.8282942 0.166727 -0.805463 0.5916454 0.03442567 -0.7914522 0.6111147 0.01193296 -0.8155966 0.5786145 0.002716183 -0.8420378 0.5296995 -0.1019357 -0.8224288 0.532772 -0.1994118 -0.8367903 0.4587118 -0.2989408 -0.3598523 0.4583989 -0.8126357 7.62985e-4 0.7121698 -0.7020068 0.07214707 0.7757337 -0.6269227 0.1170402 0.8348464 -0.5378969 0.09851658 0.8862224 -0.4526638 0.2229108 0.8348167 -0.5033804 0.2727529 0.8348003 -0.4782409 0.4624606 0.7756507 -0.4295302 0.5034759 0.775677 -0.380575 0.665168 0.7078339 -0.2377452 0.6290048 0.7624967 -0.1514983 0.6811271 0.7318804 -0.02041733 0.7400969 0.6724963 0.002349972 0.7375573 0.6744436 0.03369313 0.7508274 0.6562492 0.07480192 0.7637668 0.6327795 0.1274775 0.7647176 0.6200875 0.1752102 0.7012374 0.6830481 0.2042338 0.646701 0.7226938 0.2439091 0.6278938 0.7470392 0.218362 0.5029658 0.8474729 0.1697509 0.4332772 0.8895656 0.1447207 0.3710851 0.9208917 0.1193918 0.3610424 0.9251292 0.1174075 0.3047686 0.9476943 0.09482437 0.2344748 0.9703102 0.05932825 0.2318822 0.9709572 0.05893188 0.0948823 0.9954865 0.002044737 0.02273637 0.9997004 0.009064018 0.09943234 0.9823908 -0.1581823 0.1752096 0.9500567 -0.2582519 0.2271204 0.8920322 -0.3907619 0.1368158 0.707487 -0.6933568 0.120123 0.6319275 -0.765662 0.08484441 0.6327012 -0.7697342 -0.03070241 0.5176691 -0.85503 -0.2854489 0.6309297 -0.72142 -0.3318357 0.63126 -0.7009965 -0.2772094 0.8416691 -0.4634093 -0.2323112 0.9065082 -0.3525258 -0.179364 0.9375942 -0.2979023 -0.1846386 0.9592664 -0.2138146 -0.1028788 0.981545 -0.1612002 -0.03418087 0.9992108 -0.0202338 -0.05502575 0.9983987 -0.01312315 -0.1175605 0.9877888 -0.1022397 -0.2197082 0.9736255 -0.06149631 -0.2353976 0.9698517 0.06305348 -0.2983819 0.9509645 0.08145457 -0.5090339 0.8391017 0.1918147 -0.5990363 0.7796811 0.1823539 -0.6833804 0.7117936 0.1622998 -0.7637394 0.6328431 0.1273255 -0.8184236 0.5692372 0.07843339 -0.7858854 0.6178803 -0.02465903 -0.8391976 0.3678528 -0.4005393 -0.7943934 0.3679437 -0.4832771 -0.741706 0.368091 -0.5606971 -0.6813041 0.3679359 -0.6328095 -0.6134661 0.3680613 -0.6987062 -0.5397003 0.3679081 -0.7572102 -0.4606522 0.3679663 -0.8077131 -0.3765172 0.3679413 -0.8502081 -0.2756162 0.4584244 -0.8449158 -0.2598071 0.5461351 -0.7963898 -0.240673 0.630767 -0.7377057 -0.1649877 0.6307744 -0.7582234 -0.08871906 0.630769 -0.7708823 -0.02804684 0.632352 -0.7741733 -0.001129209 0.6600391 -0.7512305 0.02414101 0.7093077 -0.7044855 0.08072465 0.707966 -0.701618 0.1341928 0.7756754 -0.616701 0.1707248 0.8348243 -0.5233751 0.3662979 0.7757201 -0.5138913 0.4164399 0.7756556 -0.4742745 0.6033006 0.7080419 -0.367022 0.6373046 0.7080483 -0.3041556 0.6831763 0.7114067 -0.1648352 0.7115585 0.6972755 -0.08655285 0.6812387 0.7317776 -0.02038645 0.7370503 0.6754616 -0.02255403 0.7551085 0.6554935 0.01181095 0.751787 0.6231778 0.2155593 0.6913052 0.6746108 0.2588388 0.6223785 0.7510781 0.2202877 0.6214277 0.7530866 0.2160744 0.635166 0.7628279 0.1210697 0.5828483 0.8064597 0.09955233 0.5357599 0.8409494 0.07593107 0.4317877 0.9015111 0.02893233 0.377523 0.9259538 0.00927782 0.3223114 0.9465171 -0.01486271 0.2194661 0.9738182 -0.05926895 0.03726422 0.9991466 0.01782333 0.02346891 0.9996736 0.01010167 0.01565605 0.9991518 -0.0380873 0.09653294 0.9828171 -0.1573276 0.1157582 0.9724243 -0.2024624 0.1638264 0.954026 -0.2509888 0.1760988 0.9270367 -0.3310474 0.2775073 0.8408536 -0.4647095 0.2496457 0.8408912 -0.4801866 0.2148554 0.8408356 -0.4968227 0.1811314 0.840865 -0.5100369 0.1809186 0.7783958 -0.6011394 0.1734393 0.7071552 -0.6854563 0.1584888 0.6315134 -0.7589942 0.05331707 0.6330299 -0.7722892 0.03119033 0.5173568 -0.8552013 -0.02993887 0.5527249 -0.8328258 -0.06265538 0.5519049 -0.8315501 -0.09854841 0.5514929 -0.828338 -0.1378855 0.5509011 -0.8231012 -0.1801853 0.5501696 -0.8153814 -0.2244658 0.5495827 -0.8047199 -0.2702137 0.5493695 -0.7906818 -0.3789914 0.6315404 -0.6764041 -0.3389435 0.7074599 -0.6201757 -0.3305232 0.7779961 -0.5343002 -0.2422924 0.8885378 -0.3896089 -0.2093302 0.9129471 -0.3502978 -0.2288596 0.9084498 -0.3497747 -0.257952 0.9119575 -0.3190523 -0.2350612 0.9525139 -0.1935547 -0.2729346 0.9612988 -0.03756928 -0.3020148 0.9489844 0.09064102 -0.2990559 0.9508204 0.08066177 -0.4394438 0.8868225 0.1429512 -0.5918537 0.7758524 0.2185461 -0.6537858 0.7314576 0.1937369 -0.8633021 0.5034785 0.03491413 -0.7918443 0.6105924 0.01263481 -0.834141 0.5509567 -0.02560526 -0.8639988 0.4579712 -0.2092092 -0.8754048 0.3680582 -0.3133683 -0.2883761 0.3679702 -0.8839893 0.02920681 0.6316555 -0.774699 0.1501826 0.7078813 -0.6901805 0.1957501 0.7756759 -0.6000074 0.2555686 0.7756174 -0.5771504 0.3127048 0.7756274 -0.5482863 0.5174589 0.7079618 -0.4806523 0.5633831 0.7079827 -0.4258639 0.7304561 0.6309927 -0.2613088 0.7309721 0.6590987 -0.1768298 0.786693 0.6168842 -0.02383548 0.7553184 0.655246 0.01211607 0.8184041 0.5692145 0.07880067 0.8306585 0.5401707 0.1349892 0.8310888 0.5237947 0.1868973 0.7673631 0.5916972 0.2470797 0.7327097 0.6243964 0.2706765 0.7341532 0.6281886 0.2576785 0.6828559 0.6882882 0.244882 0.4809763 0.8750961 0.05356049 0.2731757 0.9611965 -0.03842341 0.1699002 0.9820764 -0.08160823 0.08942115 0.9959933 -0.001190245 0.01956272 0.9991026 -0.03756892 0.06943011 0.9920117 -0.1053202 0.1142318 0.987985 -0.1040996 0.1638266 0.954058 -0.2508671 0.1851583 0.9591184 -0.2140292 0.1890653 0.9417558 -0.2781198 0.223676 0.911276 -0.3457532 0.2429031 0.8914687 -0.3824679 0.1991379 0.6309546 -0.749827 0.1800938 0.5501087 -0.8154426 0.1377623 0.5508965 -0.823125 0.09848546 0.5514823 -0.8283526 0 0.653073 -0.757295 -0.001220762 0.5905532 -0.8069978 -0.3170927 0.5494951 -0.772986 -0.366445 0.5498048 -0.7506217 -0.4161906 0.55017 -0.7239464 -0.3392788 0.7995651 -0.4955661 -0.3048906 0.8444158 -0.4404586 -0.3328441 0.8503608 -0.4075554 -0.2869389 0.9418748 -0.1747513 -0.3258833 0.9452385 -0.01800626 -0.3736702 0.9201675 0.1168864 -0.4414315 0.8854572 0.145272 -0.5632045 0.8027817 0.1958123 -0.7123179 0.6705676 0.2072253 -0.7648128 0.6194494 0.1770422 -0.8306379 0.5402489 0.1348028 -0.875271 0.4768379 0.08078533 -0.8383938 0.5449209 0.01254338 -0.8793863 0.4761028 0.002411007 -0.8920247 0.4387792 -0.1084663 -0.8676874 0.2750073 -0.4141131 -0.8213917 0.2749468 -0.4997201 -0.7669642 0.275045 -0.5797553 -0.7044758 0.2748868 -0.6543326 -0.634351 0.2750431 -0.7224612 -0.558025 0.275106 -0.7828953 -0.4763149 0.2750095 -0.835161 -0.3893076 0.2750423 -0.8790856 -0.2981715 0.274977 -0.9140468 -0.1977331 0.3679379 -0.9085832 -0.1890043 0.4583956 -0.8684186 -0.1781092 0.5462605 -0.8184599 -0.09577041 0.5462698 -0.8321161 -0.03079396 0.5460209 -0.8372055 0 0.5994285 -0.8004283 0.08871734 0.6307874 -0.7708674 0.1650174 0.6307713 -0.7582195 0.2190381 0.7079597 -0.671428 0.4099379 0.7079302 -0.5751399 0.4659754 0.7079664 -0.5307078 0.6628804 0.6308351 -0.4032827 0.7002705 0.6308081 -0.3342193 0.7809419 0.6173924 -0.09463834 0.8157732 0.5783658 0.002685666 0.802161 0.5969818 0.0122686 0.805469 0.5915888 0.03524994 0.8004592 0.5546265 0.2272769 0.736006 0.6263192 0.2569429 0.7229424 0.6727075 0.1575409 0.6816158 0.7190018 0.1357799 0.6921473 0.7217511 -0.002746701 0.6459712 0.7629516 -0.02502578 0.597263 0.8006438 -0.04739648 0.5466814 0.834442 -0.06961309 0.4951125 0.8639977 -0.09149646 0.4428648 0.8894529 -0.1128907 0.3904045 0.9108827 -0.1337056 0.3382454 0.9283971 -0.1538478 0.2864218 0.9423081 -0.173257 0.0514847 0.9985963 -0.01245152 0.2392083 0.909956 -0.3387615 0.2968621 0.8566792 -0.4218695 0.3291823 0.7788553 -0.533876 0.2951506 0.7786045 -0.55377 0.2555388 0.7784275 -0.5733677 0.2169324 0.7784298 -0.5890564 0.2119228 0.7070912 -0.6746191 0.2414994 0.6308346 -0.7373776 0.2243809 0.5495378 -0.8047742 0.06262606 0.5518847 -0.8315656 -0.00149542 0.5244731 -0.8514257 -0.03558552 0.4648098 -0.8846951 -0.07242196 0.4641964 -0.8827666 -0.1127387 0.4634374 -0.8789287 -0.1561058 0.4630376 -0.8724834 -0.2021012 0.4620983 -0.863493 -0.2497113 0.4613648 -0.8513442 -0.2984478 0.4610543 -0.8356782 -0.4655982 0.5506243 -0.692843 -0.4260177 0.6319003 -0.6474651 -0.3786491 0.7092004 -0.5946931 -0.3910146 0.7559047 -0.5250864 -0.3054087 0.844261 -0.4403964 -0.3018038 0.9054726 -0.2983857 -0.3387067 0.9279794 -0.1553448 -0.3756951 0.9267248 0.005859732 -0.433005 0.9008933 0.02996975 -0.4834806 0.8740006 0.04867762 -0.5037549 0.8458784 0.1752734 -0.5667134 0.8006135 0.1945607 -0.6467948 0.7237949 0.2403697 -0.6302828 0.748148 0.2074086 -0.9121953 0.408289 0.03463953 -0.8762318 0.481163 -0.02645999 -0.8761805 0.4812598 -0.02639925 -0.8985394 0.3815176 -0.2169593 -0.905318 0.2748243 -0.3238379 -0.2044745 0.2748809 -0.9394842 0.02847415 0.5445196 -0.8382647 0.09574013 0.5462715 -0.8321186 0.240673 0.630767 -0.7377057 0.2859685 0.7079628 -0.6457639 0.3499086 0.7079354 -0.6135075 0.5685405 0.630769 -0.5281026 0.6190184 0.6307683 -0.4679185 0.7886418 0.5461988 -0.2823314 0.7798314 0.5969288 -0.1885182 0.7873338 0.6160601 -0.02398806 0.8752557 0.476799 0.08118063 0.8858158 0.4424654 0.1398383 0.8845667 0.4239108 0.1945289 0.8394945 0.490201 0.2344188 0.7788445 0.5608779 0.2807441 0.7357259 0.6250329 0.2608475 0.7641329 0.6202362 0.1772234 0.7357536 0.6769739 0.01931852 0.2346036 0.9529418 -0.1919983 0.01281797 0.9995597 -0.02676516 0.2581613 0.913468 -0.3145301 0.3264366 0.8551565 -0.4026743 0.3161206 0.8465794 -0.4282186 0.2701249 0.5493139 -0.7907508 0.2496195 0.4613032 -0.8514044 0.2019764 0.4620614 -0.8635421 0.1559508 0.4629999 -0.8725311 0.112677 0.4634042 -0.8789542 0.03073239 0.552909 -0.8326748 3.66228e-4 0.451956 -0.8920402 -0.3478615 0.4611805 -0.8162751 -0.3994392 0.461699 -0.7920116 -0.4511592 0.4620544 -0.763519 -0.5022538 0.4625179 -0.7306287 -0.4475976 0.7102171 -0.5433675 -0.3836312 0.7897858 -0.4786081 -0.352774 0.8921744 -0.282091 -0.3908933 0.9104567 -0.1351707 -0.5362253 0.8408696 0.07349061 -0.5871392 0.8040736 0.09345149 -0.625279 0.7493703 0.2178771 -0.6733484 0.7004802 0.2364944 -0.7619462 0.610326 0.2166569 -0.830301 0.5244086 0.1886687 -0.8858184 0.4425277 0.1396251 -0.9225931 0.3770638 0.08151656 -0.8803535 0.474175 0.01165825 -0.8802713 0.4743326 0.01144474 -0.91433 0.403985 -0.02823036 -0.9314131 0.3459342 -0.1131343 -0.9263095 0.3028695 -0.2241002 -0.8873968 0.1820449 -0.4235407 -0.840061 0.1819532 -0.5110682 -0.7844101 0.1819263 -0.5929618 -0.7204463 0.1821106 -0.6691734 -0.6488042 0.1818934 -0.7388964 -0.5707361 0.1819238 -0.8007273 -0.4871458 0.1818938 -0.8541684 -0.3981587 0.1818663 -0.8991075 -0.3049509 0.1820183 -0.9348125 -0.2090853 0.182076 -0.9607975 -0.1098999 0.2750397 -0.9551311 -0.1062988 0.3680022 -0.9237288 -0.1015984 0.4583984 -0.8829206 -0.03045815 0.4569641 -0.8889635 0.002349972 0.5313411 -0.8471548 0.1781122 0.5462391 -0.8184736 0.2598071 0.5461351 -0.7963898 0.3142027 0.630786 -0.7094969 0.4504368 0.6306849 -0.6319362 0.511964 0.6308068 -0.5830744 0.7156497 0.5461755 -0.4353595 0.755965 0.5462054 -0.3608001 0.8421858 0.5292693 -0.1029423 0.8339358 0.5512674 -0.02560555 0.8449372 0.5347352 0.01181107 0.8631825 0.503602 0.03607398 0.8415886 0.4867455 0.2341102 0.8339192 0.4856593 0.2621333 0.7323099 0.6276288 0.2642053 0.7768069 0.6283917 0.04117047 0.783553 0.6140182 -0.09500664 0.7428948 0.6589064 -0.1181087 0.6994748 0.7006345 -0.1408776 0.6532433 0.7393394 -0.1632497 0.6050795 0.774371 -0.1850091 0.5556715 0.805475 -0.2060077 0.5051234 0.8328996 -0.2261167 0.45431 0.8564015 -0.245314 0.4034335 0.8762372 -0.2635334 0.3524975 0.8926885 -0.2808077 0.301436 0.906017 -0.2971022 0.3127948 0.8327869 -0.4567555 0.3789908 0.7087538 -0.5950077 0.3387659 0.7077767 -0.6199111 0.2950003 0.7075918 -0.6420972 0.2524554 0.707284 -0.6603149 0.2860838 0.6310081 -0.7210997 0.317858 0.5495601 -0.7726254 0.2983576 0.4609953 -0.8357429 0.07236123 0.4641984 -0.8827705 0.03524941 0.4652621 -0.8844709 -3.05192e-5 0.3739519 -0.9274482 -0.04065173 0.3717256 -0.9274522 -0.08255416 0.3705018 -0.9251559 -0.1272641 0.3698595 -0.9203303 -0.1744769 0.3694322 -0.912731 -0.2238597 0.3684912 -0.9022755 -0.2744582 0.3674498 -0.8886244 -0.3257023 0.3670254 -0.8713268 -0.5509034 0.4639845 -0.6937031 -0.5109204 0.5515413 -0.6593653 -0.4641376 0.6411496 -0.6111492 -0.4630078 0.6942828 -0.5509948 -0.4912064 0.6911987 -0.5300573 -0.365804 0.8459331 -0.3880525 -0.4037315 0.8757332 -0.2647495 -0.4432954 0.8890629 -0.1142649 -0.4955434 0.8636073 -0.09283995 -0.5471138 0.8340533 -0.07086503 -0.6325443 0.7656392 0.1169807 -0.6742578 0.6998938 0.2356377 -0.6774109 0.6958752 0.2384794 -0.6916599 0.6745995 0.257919 -0.7674813 0.5910159 0.2483395 -0.9511463 0.3069267 0.03341799 -0.8800855 0.4746669 0.01187199 -0.9449031 0.3260665 -0.02896261 -0.9470841 0.2246242 -0.2292937 -0.9258133 0.1821657 -0.3311882 -0.1124031 0.1819264 -0.9768666 0 0.458737 -0.8885722 0.03048849 0.4601655 -0.8873095 0.1015984 0.4583984 -0.8829206 0.1889748 0.4583983 -0.8684237 0.3391569 0.5462279 -0.7659032 0.3844228 0.6308368 -0.6739913 0.6137824 0.5461202 -0.5701087 0.6682751 0.546077 -0.5051814 0.837089 0.4581282 -0.2989996 0.8227953 0.5326501 -0.1982216 0.8793726 0.4761259 0.002838253 0.8450438 0.5345728 0.01153618 0.9225776 0.3770089 0.08194518 0.9306501 0.3372058 0.1420665 0.9281387 0.3154121 0.1976705 0.8770717 0.4161039 0.2400059 0.8373038 0.4619744 0.2924078 0.7340179 0.6156337 0.2867281 0.8029967 0.563877 0.1929743 0.8149743 0.5761035 0.06262457 0.8214513 0.5657625 -0.07162821 0.3656556 0.8464006 -0.3871719 0.3538075 0.7911151 -0.4989562 0.3677935 0.7820685 -0.5030875 0.348746 0.4612712 -0.8158464 0.3256104 0.3669641 -0.871387 0.2743366 0.3673895 -0.8886869 0.2237075 0.3684307 -0.902338 0.1742965 0.3694073 -0.9127754 0.1271719 0.3698271 -0.9203561 0.04062104 0.3710526 -0.927723 -0.377101 0.3671821 -0.8502778 -0.4302904 0.3678176 -0.8243545 -0.4831769 0.3683033 -0.7942876 -0.5351927 0.3687385 -0.7600005 -0.5859386 0.3693436 -0.7212914 -0.4164608 0.7141116 -0.5626768 -0.4266605 0.7781213 -0.4609643 -0.4150958 0.8295202 -0.3736198 -0.454616 0.8559147 -0.2464436 -0.597625 0.8003023 -0.04858636 -0.6463323 0.7626098 -0.02609378 -0.6820698 0.7180823 0.1383427 -0.6775922 0.6961784 0.2370748 -0.7330372 0.6241453 0.2703683 -0.808114 0.5432086 0.2277637 -0.8843587 0.4240356 0.1952016 -0.9306591 0.3372701 0.1418542 -0.9590585 0.2714967 0.08060055 -0.9451129 0.326584 0.01022386 -0.9155988 0.4019345 0.01129198 -0.9301866 0.3670818 0.001983702 -0.9453142 0.3249318 -0.02829074 -0.9612037 0.2501052 -0.1163393 -0.8956894 -0.1244589 -0.4269082 -0.8441591 -0.05649089 -0.5331081 -0.8071789 0.05749863 -0.5874998 -0.7357282 -0.1003168 -0.6698065 -0.6502112 -0.1126768 -0.7513518 -0.5621993 0.0194714 -0.8267726 -0.5129669 -0.03302174 -0.857773 -0.4041333 -0.1219236 -0.9065379 -0.2952424 -0.07501608 -0.9524729 -0.2222384 0.08163797 -0.9715685 -0.1252511 -0.09003192 -0.9880317 -0.03524953 0.1835419 -0.9823797 -0.03451716 0.2735738 -0.9612315 -0.03161758 0.3703472 -0.9283553 -0.002319395 0.3832249 -0.9236522 0.2756233 0.4584363 -0.8449072 0.3598788 0.4583939 -0.8126268 0.4149661 0.5462586 -0.7276021 0.4861733 0.5462659 -0.682077 0.5526428 0.5462643 -0.6294293 0.7593534 0.4582184 -0.4619722 0.8021026 0.4583356 -0.3828314 0.8641498 0.4579094 -0.2087205 0.8917388 0.4392315 -0.1089838 0.8749538 0.4834845 -0.02642959 0.9123085 0.4079493 0.03564631 0.9083734 0.3405942 0.2425971 0.8858242 0.3751744 0.2730566 0.7738438 0.566222 0.2838282 0.8507849 0.5193765 0.08008247 0.8564009 0.5140664 -0.04809832 0.8544949 0.4913216 -0.1686466 0.8200214 0.5387867 -0.1930646 0.782786 0.5833128 -0.2167776 0.7427777 0.6251259 -0.2397897 0.6998943 0.6644312 -0.2620674 0.6550046 0.7004783 -0.2833714 0.6085135 0.7331825 -0.30357 0.5607615 0.7625245 -0.3226499 0.5124774 0.7882789 -0.3405631 0.463926 0.8106269 -0.3572911 0.4149705 0.829941 -0.3728234 0.4266283 0.778393 -0.4605352 0.3885368 0.7878162 -0.4778963 0.382897 0.7559667 -0.5309468 0.3789919 0.6315718 -0.6763745 0.3318978 0.6312925 -0.7009377 0.3664758 0.5498664 -0.7505614 0.3781 0.3673268 -0.8497714 0.08249443 0.3704773 -0.925171 0.04605346 0.2767788 -0.9598295 -7.32467e-4 0.2999757 -0.9539466 -0.04568713 0.2763202 -0.9599791 -0.0925334 0.2757385 -0.9567685 -0.1413643 0.275282 -0.9509133 -0.1920568 0.2750078 -0.9420642 -0.2443675 0.2740017 -0.9301654 -0.2974085 0.2727491 -0.9149624 -0.3505416 0.2722603 -0.8960999 -0.6312647 0.3721239 -0.6804621 -0.5757831 0.5233504 -0.6281548 -0.5269818 0.5979398 -0.6039522 -0.4764395 0.6684071 -0.571172 -0.465696 0.6956905 -0.5469388 -0.4840679 0.7060353 -0.5169067 -0.4640784 0.8102298 -0.3579929 -0.5053946 0.8324363 -0.2272139 -0.5559058 0.8050639 -0.2069807 -0.6053401 0.7739564 -0.1858899 -0.6924564 0.7214499 -0.00375384 -0.6802487 0.6937078 0.2367091 -0.779617 0.5596029 0.2811443 -0.8466218 0.4752997 0.2394199 -0.9781079 0.2057295 0.03131258 -0.9451809 0.3264033 0.009705066 -0.9471599 0.224651 -0.2289541 -0.9469798 -0.0436424 -0.3183151 -0.03531008 0.05429273 -0.9979007 0.03393757 0.3686444 -0.9289509 0.1063 0.3679758 -0.9237392 0.1977308 0.3679643 -0.908573 0.2883761 0.3679702 -0.8839893 0.4403335 0.4583094 -0.7720485 0.6511664 0.4584656 -0.6048071 0.7090213 0.4582758 -0.5359776 0.8754475 0.3683685 -0.3128843 0.8982104 0.3819782 -0.2175102 0.8749215 0.4835446 -0.02639901 0.8865779 0.4624549 0.01074266 0.9590364 0.2714381 0.08105903 0.9638231 0.2258717 0.1415169 0.9594713 0.2007571 0.1977662 0.9083691 0.3390972 0.2447018 0.8883117 0.345107 0.302991 0.8416557 0.4359348 0.3187109 0.8083552 0.5070418 0.2991161 0.8468442 0.4884278 0.2104597 0.888302 0.4584341 -0.02752858 0.8858717 0.44112 -0.1436828 0.4731132 0.7589895 -0.4473243 0.4080171 0.7166317 -0.5656511 0.424703 0.6325072 -0.6477362 0.3994986 0.4617581 -0.7919471 0.4043833 0.2726306 -0.8730102 0.3504576 0.2722051 -0.8961495 0.2972553 0.272718 -0.9150214 0.2441856 0.2739419 -0.9302307 0.1918726 0.2749452 -0.94212 0.1412405 0.2752788 -0.9509326 0.0924434 0.2757126 -0.9567846 -0.4032761 0.2724723 -0.8735716 -0.457395 0.2731491 -0.8462738 -0.5107001 0.2736918 -0.8150327 -0.5628412 0.274157 -0.7797741 -0.6134611 0.2746704 -0.7404199 -0.662444 0.2753113 -0.6966863 -0.5839883 0.4765296 -0.6571738 -0.5055522 0.5892667 -0.6302236 -0.5115026 0.6132843 -0.6018701 -0.4988378 0.6587589 -0.563203 -0.4731708 0.7587395 -0.4476872 -0.5125981 0.7879105 -0.3412336 -0.6534753 0.7389593 -0.1640402 -0.6996484 0.7003199 -0.1415777 -0.736029 0.6766999 0.01840299 -0.7232462 0.6728284 0.1556178 -0.6799264 0.692256 0.2418302 -0.7748875 0.569492 0.2742778 -0.8372607 0.4617843 0.2928307 -0.8466141 0.4761976 0.2376562 -0.9280431 0.314536 0.1995072 -0.9638477 0.2259008 0.1413025 -0.9829529 0.1663891 0.07821995 -0.9858875 0.1671833 0.008697926 -0.9690408 0.246716 0.009552419 -0.9676711 0.2522104 0.001648008 -0.9689331 0.2455599 -0.02948182 -0.9805846 0.1556788 -0.1192388 -0.9614562 0.146982 -0.2323756 -0.9242623 0.1061139 -0.3667141 -0.8663287 0.1072458 -0.4878249 -0.8310628 -0.01843345 -0.555873 -0.7853871 0.04809862 -0.6171334 -0.6920871 0.1237254 -0.7111312 -0.598331 0.0636022 -0.7987208 -0.5302347 -0.112401 -0.8403674 -0.4635903 0.09384727 -0.8810657 -0.3457857 0.1137461 -0.9313936 -0.2735399 -6.10376e-4 -0.9618605 -0.2072212 0.02523887 -0.9779685 -0.07580828 0.1143533 -0.9905435 0 0.1507934 -0.9885653 -2.13635e-4 0.2247436 -0.974418 0 0.3022953 -0.9532144 0.3765172 0.3679413 -0.8502081 0.4606635 0.3679754 -0.8077024 0.5158459 0.4584076 -0.7237164 0.5863915 0.458395 -0.6678467 0.7944023 0.3679173 -0.4832825 0.8391976 0.3678528 -0.4005393 0.9313162 0.3461154 -0.1133779 0.9108737 0.4117335 -0.0280165 0.9219688 0.3871292 0.01022374 0.9510991 0.3069922 0.03415089 0.9326586 0.2624933 0.247478 0.9250856 0.2577311 0.2789112 0.8272629 0.4552296 0.3292449 0.8092386 0.4998382 0.3086985 0.8338692 0.4781709 0.2757081 0.8800941 0.4407032 0.176678 0.890639 0.4437477 0.09924811 0.9139531 0.3873779 -0.1209468 0.9046842 0.3646448 -0.2204105 0.8769136 0.4128053 -0.2461999 0.8460849 0.4588873 -0.2712245 0.8126503 0.5023862 -0.2953094 0.7764308 0.5438159 -0.3184645 0.7374877 0.583154 -0.3406513 0.696353 0.6199027 -0.3616811 0.6535714 0.653724 -0.3814306 0.6096439 0.684415 -0.399888 0.5647611 0.7121391 -0.4170168 0.5190939 0.7370284 -0.4328172 0.5271012 0.6842153 -0.503998 0.4840623 0.7060883 -0.5168398 0.445792 0.716069 -0.5371356 0.4234007 0.6975902 -0.5780138 0.416218 0.5501964 -0.7239106 0.4303522 0.3678792 -0.8242949 0.1020246 0.182564 -0.9778862 0.05096626 0.1835091 -0.981696 9.15578e-5 0.2215393 -0.9751515 -0.05072236 0.1838762 -0.9816398 -0.1020875 0.1825978 -0.9778733 -0.1547031 0.1825674 -0.9709461 -0.2084802 0.1824774 -0.9608528 -0.2631973 0.181589 -0.9474981 -0.3180969 0.1802742 -0.9307608 -0.3725784 0.1797886 -0.9104183 -0.6969667 0.2972568 -0.6525918 -0.6786864 0.3824058 -0.6270174 -0.5939053 0.4912384 -0.6371511 -0.5559377 0.5767212 -0.5986034 -0.5378816 0.6326762 -0.5571396 -0.5271041 0.6841885 -0.5040313 -0.519107 0.7368334 -0.4331334 -0.5609046 0.7621759 -0.3232243 -0.608617 0.7328917 -0.3040643 -0.6551008 0.7002391 -0.2837397 -0.743018 0.6586633 -0.1186888 -0.7280263 0.6335705 0.2618514 -0.7754956 0.5660721 0.2795873 -0.8418371 0.4362086 0.3178557 -0.8332697 0.4855017 0.2644806 -0.8835926 0.4009006 0.2419564 -0.9937955 0.1074274 0.02881008 -0.9860804 0.1661168 0.00714147 -0.9855966 0.1664533 -0.02987855 -0.9691351 0.06534147 -0.2377135 -0.9455279 -0.09894454 -0.3101402 -0.8859074 -0.1843656 -0.4256494 -0.8296989 -0.1322098 -0.5423287 -0.7361781 -0.1742936 -0.65396 -0.636883 -0.1891604 -0.7473945 -0.5345419 -0.06225889 -0.8428457 -0.4031922 -0.1990172 -0.8932123 -0.2750958 -0.1561948 -0.9486441 -0.1373358 -0.1679464 -0.9761829 -0.03604346 -0.02166879 -0.9991154 0.007171928 0.06930828 -0.9975696 -2.13631e-4 0.2246789 -0.9744328 0.0347616 0.2737287 -0.9611786 0.1098999 0.2750397 -0.9551311 0.2044453 0.2748826 -0.9394901 0.298174 0.2749488 -0.9140544 0.3892971 0.275035 -0.8790925 0.5397003 0.3679081 -0.7572102 0.6813118 0.3679096 -0.6328167 0.7417187 0.3680973 -0.5606762 0.905376 0.2746708 -0.3238064 0.9264551 0.3024194 -0.2241059 0.940114 0.3396484 -0.02871853 0.9300867 0.3673347 0.002014279 0.9222007 0.3865571 0.01092588 0.9829242 0.1663283 0.07870835 0.983618 0.1153912 0.1384939 0.97688 0.08746719 0.1950769 0.9514263 0.1838458 0.2469588 0.924767 0.2244393 0.3072994 0.8901227 0.3135847 0.3306754 0.8694647 0.3799349 0.3157223 0.8742863 0.3943093 0.283097 0.8910824 0.3833268 0.242967 0.9184454 0.3895473 0.06863772 0.9235051 0.3835629 -0.004242122 0.9296112 0.3132479 -0.1941624 0.5695247 0.660076 -0.4898382 0.4280269 0.7037952 -0.5669792 0.4619719 0.6386792 -0.6153624 0.4655686 0.5506862 -0.6928136 0.4511634 0.4620892 -0.7634955 0.4574872 0.27318 -0.8462141 0.4272062 0.1802762 -0.8859997 0.3724567 0.1797277 -0.9104802 0.3179452 0.1802136 -0.9308243 0.2630146 0.1815282 -0.9475605 0.208294 0.1824442 -0.9608994 0.1545802 0.1825359 -0.9709715 -0.425984 0.1800315 -0.8866377 -0.4803164 0.1808893 -0.8582397 -0.5334178 0.1813156 -0.8261902 -0.585027 0.1815906 -0.7904229 -0.6348319 0.1819255 -0.7509272 -0.6827294 0.1823867 -0.7075421 -0.7276801 0.1835452 -0.660903 -0.6617799 0.3834747 -0.6442008 -0.6935541 0.3524994 -0.628273 -0.6362349 0.4457337 -0.6297037 -0.5986304 0.491112 -0.6328118 -0.6439194 0.4798495 -0.5959131 -0.5968964 0.5514836 -0.5827354 -0.5647928 0.7119882 -0.4172313 -0.6999843 0.664216 -0.262372 -0.7428656 0.6249398 -0.2400023 -0.7836953 0.6137659 -0.09546315 -0.777075 0.6281117 0.0403766 -0.7656834 0.6185223 0.1765201 -0.8066567 0.5580462 0.1946523 -0.7332915 0.6165545 0.2866084 -0.8908354 0.314504 0.3278716 -0.8882335 0.344929 0.3034228 -0.8853447 0.3747203 0.2752262 -0.91567 0.3198115 0.2434523 -0.9588769 0.2006625 0.2007235 -0.9836436 0.1154248 0.1382839 -0.9951047 0.06476145 0.07464963 -0.9859772 0.1667558 0.006439507 -0.9910661 0.133367 0.001220703 -0.9856985 0.1659311 -0.02942013 -0.9901797 0.05945044 -0.1265305 -0.9343111 -0.01129204 -0.3562797 -0.9032027 0.01248216 -0.4290327 -0.8935542 -0.008057177 -0.448883 -0.8600832 5.4934e-4 -0.5101537 -0.8458141 -0.005615532 -0.5334482 -0.8068235 -0.01736515 -0.5905373 -0.7671292 -0.01306217 -0.6413598 -0.7229132 -0.022798 -0.6905627 -0.6965127 0.00238049 -0.7175405 -0.6293882 -0.009094536 -0.7770379 -0.6033918 0.004577815 -0.7974318 -0.5691919 -0.02664363 -0.8217729 -0.4915145 -0.01022398 -0.8708093 -0.4392974 -0.001098692 -0.898341 -0.4081034 -0.004974603 -0.9129223 -0.3499625 -0.01382511 -0.9366617 -0.2230024 -0.00439471 -0.974808 -0.1850079 0.005646049 -0.9827209 -0.153357 -0.002166807 -0.9881685 -0.1203075 -0.007965564 -0.9927048 -0.05896353 3.05194e-5 -0.9982602 0.007599234 0.03247243 -0.9994438 0.02813875 0.04889184 -0.9984076 0.03549355 0.1833579 -0.9824054 0.4763149 0.2750095 -0.835161 0.558046 0.2751013 -0.7828819 0.6134982 0.3680623 -0.6986775 0.8213917 0.2749468 -0.4997201 0.8676874 0.2750073 -0.4141131 0.9612231 0.249675 -0.117101 0.940409 0.3389123 -0.02774167 0.9507949 0.3096477 0.01037651 0.978062 0.2057873 0.03234976 0.9638427 0.1032754 0.2456453 0.9501746 0.1402342 0.2783932 0.8883334 0.310201 0.3385842 0.8699858 0.3734353 0.3219796 0.9113945 0.3640024 0.1919962 0.9296961 0.3404989 0.1404478 0.9451574 0.3253985 -0.02816945 0.9444143 0.3148963 -0.09445667 0.9372035 0.2416177 -0.2515364 0.9150047 0.2909423 -0.2794975 0.8920255 0.3336092 -0.3049514 0.8634447 0.3805724 -0.3311011 0.8356236 0.4192767 -0.3548806 0.8013405 0.4630666 -0.3787118 0.7677698 0.5016125 -0.3986409 0.7308551 0.5383064 -0.4196153 0.6922685 0.5725719 -0.4392333 0.6524062 0.6042165 -0.4574809 0.6114599 0.6333425 -0.4743354 0.6139206 0.583127 -0.5320381 0.5786203 0.6047757 -0.5472157 0.5359774 0.632418 -0.5592635 0.4365829 0.6954196 -0.5707775 0.4831832 0.3683387 -0.7942674 0.1678228 0.1196947 -0.9785239 0.1148136 0.1070311 -0.9876043 -8.2401e-4 0.1489627 -0.9888425 -0.05096697 0.1337349 -0.9897058 -0.1041939 0.1304407 -0.985966 -0.1592773 0.1266833 -0.9790721 -0.2157676 0.1220445 -0.9687877 -0.2736317 0.112706 -0.9552084 -0.3305571 0.1063606 -0.9377738 -0.3864296 0.1036114 -0.9164808 -0.7547369 0.2584661 -0.6029656 -0.7293234 0.3060185 -0.6119151 -0.7386163 0.3153509 -0.5958188 -0.6317904 0.4461995 -0.6338352 -0.5765389 0.6087673 -0.544982 -0.5695537 0.6600744 -0.4898065 -0.6096258 0.6843373 -0.4000488 -0.6536357 0.6536052 -0.381524 -0.6964762 0.6197817 -0.3616512 -0.7828755 0.5831587 -0.2168686 -0.8229231 0.5019209 0.2662201 -0.7745707 0.562342 0.2895026 -0.8512744 0.4179311 0.3172785 -0.9997087 0.007385551 0.02298074 -0.9959762 0.08938908 0.00640887 -0.9996922 0.02481222 2.44155e-4 -0.9955904 0.08908492 -0.02938973 -0.9837935 0.009430468 -0.1790574 -0.9701586 0.031892 -0.2403652 -0.9415728 0.01364195 -0.3365332 -0.9207333 -0.008667409 -0.3900962 -0.8952506 0.008118093 -0.445489 -0.8753769 -0.008850514 -0.4833602 -0.8613966 0.008301138 -0.5078654 -0.8261172 0.005554437 -0.5634711 -0.7920351 -0.02588027 -0.6099268 -0.7496009 0 -0.6618901 -0.7064962 -0.006561636 -0.7076865 -0.6794074 3.66224e-4 -0.7337612 -0.6076471 -0.009277939 -0.794153 -0.5512667 0.01220762 -0.8342399 -0.5184934 -0.01562589 -0.8549389 -0.4682939 -0.01931893 -0.8833615 -0.3715109 0.002105772 -0.9284263 -0.3702616 -0.01361161 -0.928828 -0.2752811 -0.01217705 -0.9612867 -0.2575484 -0.004150509 -0.9662566 -0.1853405 8.54526e-4 -0.982674 -0.0852403 -0.02050894 -0.9961493 -0.03427249 -0.005554378 -0.9993972 0.02768045 -0.01605284 -0.999488 0.1124031 0.1819264 -0.9768666 0.2090853 0.182076 -0.9607975 0.3049526 0.1819888 -0.9348176 0.3981587 0.1818663 -0.8991075 0.4871458 0.1818938 -0.8541684 0.6343456 0.2750713 -0.7224551 0.7044817 0.2748586 -0.6543381 0.7669578 0.2750732 -0.5797505 0.9258269 0.1821989 -0.331132 0.9473335 0.2237331 -0.229135 0.9645991 0.2621624 -0.02862727 0.9730925 0.230234 0.009125113 0.995072 0.06470024 0.07513773 0.991008 0.01001018 0.1334283 0.9815795 -0.02023398 0.1899802 0.9700791 0.02780282 0.2411922 0.9466306 0.102604 0.3055537 0.9228787 0.1882747 0.335928 0.9163303 0.2237952 0.3320457 0.9155254 0.2667713 0.3010753 0.9307811 0.2520293 0.2648169 0.9452311 0.3135816 0.09058004 0.9578247 0.2840757 0.04327666 0.9603046 0.2561443 -0.1104781 0.958263 0.1827777 -0.2198276 0.654635 0.5516024 -0.5169023 0.5167527 0.6425533 -0.5657667 0.4833397 0.6683803 -0.5653765 0.5084789 0.5527011 -0.660281 0.5021941 0.4625801 -0.7306305 0.5107395 0.2737576 -0.8149859 0.4804301 0.1809471 -0.8581638 0.4476535 0.1003161 -0.8885624 0.3909884 0.1064528 -0.9142188 0.3350041 0.1079753 -0.9360095 0.2785148 0.1113327 -0.9539573 0.2240989 0.1114238 -0.9681758 0.06149554 0.1047408 -0.9925964 0.001922667 0.07095628 -0.9974776 -0.4412481 0.1018124 -0.891591 -0.4955069 0.1012621 -0.8626813 -0.5483419 0.1002867 -0.830219 -0.5994678 0.09931105 -0.794214 -0.6488472 0.09525173 -0.7549335 -0.694826 0.09555494 -0.7128016 -0.7395084 0.09213715 -0.6668118 -0.7520499 0.2390555 -0.614226 -0.7348449 0.3008598 -0.6078539 -0.7097331 0.3435896 -0.6150003 -0.6976392 0.3905852 -0.6006186 -0.6614992 0.5079581 -0.5517224 -0.6115099 0.6333921 -0.4742048 -0.7375518 0.5831258 -0.3405611 -0.7765056 0.543795 -0.3183175 -0.8201053 0.5386595 -0.1930629 -0.8216329 0.5654563 -0.07196378 -0.8151701 0.5758989 0.06195414 -0.8431003 0.4914245 0.2183668 -0.7747965 0.5645787 0.284502 -0.8117416 0.491812 0.314955 -0.8571318 0.4122534 0.3088238 -0.9244111 0.1884896 0.331566 -0.9246422 0.224286 0.3077868 -0.9244076 0.2577684 0.2811159 -0.9394776 0.2384172 0.2460471 -0.9764769 0.0884127 0.1966626 -0.9910368 0.01001012 0.1332145 -0.9963889 -0.05197405 0.06714206 -0.9999371 0.009644091 0.005737602 -0.9994692 0.01431339 -0.02926778 -0.9994739 0.0140388 -0.02923738 -0.9833928 -0.01901352 -0.1804911 -0.9577047 0.05356013 -0.2827245 -0.952788 0.04965519 -0.2995488 -0.9534788 -0.04336768 -0.2983245 -0.9254673 -0.05441588 -0.374899 -0.9127977 -0.03122109 -0.4072172 -0.8739305 -0.03119105 -0.485049 -0.824949 -0.03427237 -0.5641673 -0.7749748 -1.22077e-4 -0.6319922 -0.7496975 -0.05169904 -0.6597582 -0.7235494 -0.06726431 -0.6869875 -0.7149316 -0.04678517 -0.6976275 -0.6853724 -0.04217767 -0.7269702 -0.6524438 -0.07358223 -0.7542565 -0.6367457 -0.05014246 -0.7694417 -0.6284781 -0.028108 -0.7773193 -0.6083992 -0.03140419 -0.7930096 -0.5238879 -0.04678547 -0.8505015 -0.4703019 -0.03906464 -0.8816407 -0.4396846 -0.037355 -0.8973752 -0.3887551 -0.03732508 -0.9205848 -0.3199291 -0.06732457 -0.9450466 -0.2594708 -0.04022377 -0.9649129 -0.2042312 -0.03637826 -0.9782466 -0.1778956 -0.02658206 -0.9836903 -0.178264 -0.03018373 -0.9835197 -0.1343763 -0.06821054 -0.9885801 -0.1199392 -0.0460835 -0.9917111 -0.1073668 -0.03875946 -0.9934638 -0.08166998 -0.02762007 -0.9962767 -0.001342833 -0.002014219 -0.9999971 0.07672595 0.1150889 -0.9903877 0.1252511 -0.09003192 -0.9880317 0.5707361 0.1819238 -0.8007273 0.648783 0.1819266 -0.738907 0.840061 0.1819532 -0.5110682 0.8874081 0.1820473 -0.4235156 0.9471479 0.2249228 -0.2287376 0.9805208 0.1558005 -0.1196047 0.9823758 0.1845483 -0.02966445 0.9677203 0.2520242 0.001220703 0.9730883 0.2302635 0.008819878 0.9937916 0.1072134 0.02972555 0.9707329 0.02652138 0.2386928 0.9613876 0.02462905 0.2740936 0.942866 0.07715302 0.3241159 0.9338582 0.1450884 0.3268916 0.9472603 0.2333511 0.2196479 0.9618718 0.211223 0.1737455 0.967552 0.2526689 -0.001342833 0.9745271 0.2201628 -0.04272633 0.9544311 0.2466877 -0.1679478 0.9555244 0.1337655 -0.262831 0.921899 0.2222116 -0.3173711 0.8774613 0.3062005 -0.3691924 0.8280724 0.3803584 -0.411854 0.7934527 0.4202876 -0.440217 0.7587106 0.4597432 -0.4615134 0.7268206 0.4900202 -0.4812611 0.6886133 0.5256692 -0.4994834 0.6560218 0.5135557 -0.5530787 0.5991323 0.5485917 -0.5831705 0.459493 0.6520675 -0.6030541 0.4630748 0.6397532 -0.6134147 0.5351589 0.3687973 -0.7599958 0.2178121 0.001953184 -0.9759888 0.1602839 -0.01156651 -0.9870032 0.1033369 0.003479123 -0.9946404 -0.08874911 -0.03418123 -0.9954674 -0.1479243 -0.02368253 -0.9887151 -0.206433 -0.01178044 -0.9783899 -0.2634071 -0.005981624 -0.9646663 -0.3210027 0.001617491 -0.9470769 -0.3744408 0.005218744 -0.9272361 -0.430442 0.00903362 -0.9025731 -0.7769594 0.09293115 -0.622654 -0.7673348 0.2044456 -0.6077824 -0.7895002 0.2040816 -0.5788264 -0.7684304 0.2549227 -0.5869662 -0.734055 0.3583905 -0.5768185 -0.7015736 0.4276949 -0.5699751 -0.6162841 0.5823462 -0.5301575 -0.6524393 0.604341 -0.4572691 -0.692354 0.5726585 -0.4389853 -0.7309433 0.538426 -0.4193081 -0.8127202 0.5024033 -0.2950879 -0.8546335 0.5123589 0.08420288 -0.8734537 0.4589752 0.1625441 -0.8910478 0.3832336 0.2432405 -0.8696851 0.4009354 0.2879214 -0.8776185 0.3337306 0.3441073 -0.9009417 0.2758066 0.3350148 -0.9565353 0.1524743 0.2485795 -0.9983299 -0.04327559 0.03827053 -0.9999433 0.009735405 0.004333615 -0.998058 -0.06228893 5.49339e-4 -0.9918844 -0.03708004 -0.1216165 -0.9759351 -0.02981698 -0.2160131 -0.774919 -0.04168951 -0.6306842 -0.6846653 -0.04715198 -0.7273309 -0.5620114 -0.02554458 -0.826735 -0.5287657 -0.03631716 -0.8479905 -0.5073841 -0.01806741 -0.8615306 -0.471954 -0.03375458 -0.8809768 -0.3593636 -0.0296036 -0.9327279 -0.3623825 -0.03228908 -0.9314701 -0.305924 -0.05075335 -0.9507023 -0.2997921 -0.04379528 -0.9529988 -0.02725332 -0.0617091 -0.9977221 3.35704e-4 -0.01089507 -0.9999406 0.03128206 -0.01800626 -0.9993484 0.2263013 0.07895362 -0.9708523 0.2913975 -0.07757985 -0.953451 0.4041303 -0.1219837 -0.9065312 0.5118398 -0.03216737 -0.8584785 0.5632949 0.02035635 -0.8260051 0.720465 0.1820771 -0.6691623 0.7844057 0.1819557 -0.5929585 0.9458265 -0.04101806 -0.3220711 0.9614562 0.146982 -0.2323756 0.9825428 0.1839711 -0.02765059 0.9826847 0.183023 -0.02887105 0.9880346 0.1540008 0.008453845 0.996963 0.07754868 0.007141411 0.9969244 -0.03207516 0.0715053 0.9879407 -0.08594238 0.1287915 0.9761375 -0.1196367 0.1812251 0.9712695 -0.05246227 0.232128 0.9543123 -0.01644992 0.298358 0.9413186 0.06521844 0.3311583 0.9411575 0.07388746 0.3297927 0.939196 0.1511307 0.3083348 0.9513006 0.1241809 0.282146 0.9739948 0.1863207 0.1289137 0.9834381 0.1594913 0.08609354 0.9789913 0.1874787 -0.08017361 0.9809788 0.09305304 -0.1703582 0.724037 0.4483878 -0.5241364 0.5725118 0.5576489 -0.6010474 0.5352083 0.5871513 -0.6072937 0.5505973 0.4641668 -0.693824 0.5628157 0.2741899 -0.779781 0.533469 0.1813733 -0.8261444 0.5014325 0.0984553 -0.8595767 0.4424711 0.01474088 -0.8966617 0.3708114 -0.001464903 -0.9287071 0.32845 0.003448665 -0.9445151 0.2558989 0.01290935 -0.9666174 0.2382051 0.05640012 -0.9695759 0.184455 0.06219708 -0.980871 0.1316878 0.04763954 -0.9901459 0.1293683 0.05191212 -0.9902369 0.07950282 0.04706078 -0.9957231 0.04730385 0.008575677 -0.9988437 -0.03445589 -0.03906428 -0.9986425 -0.05145436 0.07583874 -0.9957917 -0.1054745 0.07196438 -0.9918147 -0.1064517 0.07086604 -0.9917894 -0.1633066 0.06836229 -0.9842041 -0.2209866 0.06479138 -0.9731224 -0.219861 0.06607425 -0.973291 -0.2806201 0.05362147 -0.95832 -0.3360806 0.05087596 -0.9404581 -0.3933289 0.04519861 -0.9182862 -0.3936006 0.04483205 -0.9181877 -0.4480823 0.04660272 -0.8927769 -0.4818019 0.01406919 -0.8761673 -0.5351815 0.01443547 -0.8446138 -0.5846584 0.01794534 -0.8110812 -0.6338003 0.0157786 -0.7733359 -0.6775537 0.0209971 -0.7351736 -0.7190707 0.01751816 -0.6947161 -0.7567349 0.02337801 -0.6533038 -0.7627888 0.1730114 -0.6230733 -0.7656457 0.2979936 -0.570076 -0.7548653 0.3785008 -0.5356449 -0.6529585 0.5555716 -0.5147675 -0.7678631 0.5017357 -0.3983061 -0.8026172 0.4629721 -0.3761152 -0.846167 0.4588822 -0.2709773 -0.8545586 0.4912316 -0.1685861 -0.8564958 0.5138853 -0.04834264 -0.9113318 0.3640627 0.192179 -0.9236735 0.1888243 0.3334258 -0.9422455 0.06305235 0.3289344 -0.9464794 0.1024516 0.306073 -0.966834 0.07358068 0.2445772 -0.9815762 -0.02011185 0.19001 -0.9852025 -0.1240887 0.1182292 -0.9984589 -0.03228902 0.04513752 -0.9977467 -0.06006067 0.02990823 -0.9996753 -0.02365207 0.009491324 -0.9984815 -0.05508631 5.79856e-4 -0.9991188 -0.03411978 -0.02444541 -0.9982787 0.003631711 -0.05853557 -0.9934145 -0.004791378 -0.1144757 -0.9801633 -0.05603373 -0.1901057 -0.9403793 -0.1228081 -0.3171831 -0.8860754 -0.08179247 -0.4562679 -0.8504039 -0.06314319 -0.5223277 -0.7789469 0.01275706 -0.6269602 -0.7780488 -0.03869795 -0.6270108 -0.7567517 -0.1251893 -0.6416031 -0.6908912 -0.1189329 -0.713109 -0.6242108 -0.1153934 -0.7726871 -0.545773 -0.1167966 -0.8297533 -0.4636411 -0.117192 -0.8782386 -0.3769115 -0.1183532 -0.9186568 -0.291551 -0.1145694 -0.9496694 -0.1925469 -0.1208873 -0.9738132 -0.1013544 -0.116553 -0.9879994 0.04666328 -0.0258494 -0.9985762 0.1370328 -0.1681017 -0.9761987 0.6502112 -0.1126768 -0.7513518 0.7357282 -0.1003168 -0.6698065 0.8425672 -0.05832171 -0.5354245 0.8956894 -0.1244589 -0.4269082 0.9940991 0.104589 -0.0287795 0.9910538 0.1334609 8.8506e-4 0.996982 0.07736468 0.006469905 0.9996201 -0.01489323 0.02319443 0.9662986 -0.132789 0.2205317 0.9603264 -0.08853703 0.2644514 0.9644712 0.1246103 0.2329539 0.9746479 0.08832132 0.2055745 0.9885524 0.1470117 0.03393751 0.9941079 0.1078249 0.01110905 0.9811362 0.1532071 -0.1178963 0.9778013 0.04190272 -0.2053019 0.9255024 0.1610511 -0.3427945 0.8874703 0.2397289 -0.3936072 0.8400421 0.3147449 -0.441888 0.7854693 0.383991 -0.4853753 0.6929094 0.4432007 -0.5687264 0.5817314 0.5267354 -0.6197892 0.585859 0.3693817 -0.7213366 0.495909 0.01959341 -0.8681535 0.4659696 0.04672509 -0.8835661 0.4094675 0.04840242 -0.91104 0.3827697 -0.02261459 -0.923567 0.3506352 0.05069237 -0.9351392 0.2956637 0.05398726 -0.9537655 0.2714635 -0.03286856 -0.9618873 0.1937345 -0.006470024 -0.9810327 0.1235398 0.01031529 -0.992286 0.06686669 -0.04504573 -0.9967446 0.006653189 0.03772193 -0.9992662 -0.06112962 0.003051877 -0.9981252 -0.06698918 -0.02798593 -0.9973612 -0.1886659 0.02380448 -0.9817528 -0.1936436 0.01141411 -0.9810056 -0.199472 -7.93493e-4 -0.9799033 -0.255962 0.001159667 -0.9666863 -0.3212437 -0.02105814 -0.9467625 -0.3284199 -0.09210771 -0.94003 -0.3262456 -0.03122067 -0.9447694 -0.4026122 0.02121096 -0.9151249 -0.5012427 0.04306215 -0.8642347 -0.502591 0.04120093 -0.8635421 -0.554072 0.04339796 -0.8313368 -0.6041006 0.04156738 -0.7958233 -0.6055206 0.03930801 -0.7948584 -0.6522579 0.03827112 -0.7570305 -0.6942455 0.03936946 -0.7186608 -0.6950371 0.03647005 -0.7180483 -0.7362452 0.03302174 -0.6759088 -0.7713772 0.03091609 -0.6356269 -0.7940379 0.1420955 -0.5910269 -0.7830081 0.1682539 -0.598823 -0.812894 0.1333714 -0.5669352 -0.7946524 0.2311505 -0.561335 -0.7810468 0.3044593 -0.5452252 -0.7255675 0.4572717 -0.5142514 -0.6906492 0.5251742 -0.497188 -0.7256436 0.4938539 -0.4791134 -0.7603915 0.4595921 -0.4588901 -0.8350467 0.4225743 -0.3523182 -0.8919827 0.4514695 -0.0232861 -0.887958 0.4472903 0.1070616 -0.9296549 0.3405978 0.1404813 -0.947225 0.2333804 0.2197689 -0.930754 0.2519997 0.26494 -0.9119074 0.2722599 0.3070821 -0.9382463 0.1099905 0.3280184 -0.9448155 0.03039717 0.3261899 -0.950077 0.1390736 0.279307 -0.9610854 0.02517843 0.2751016 -0.9917598 -0.07123237 0.1064823 -0.9907768 -0.1213445 0.06030601 -0.9869954 -0.1534512 0.04788482 -0.9961802 -0.08618646 0.01403886 -0.9965023 -0.08233988 0.0142523 -0.9988236 -0.04834198 0.003814816 -0.9943722 -0.1059316 0.001586973 -0.9921022 -0.1251267 -0.008758842 -0.9982348 -0.01879948 -0.05633741 -0.9981393 0.01406943 -0.0593298 -0.998253 0.005005121 -0.05887156 -0.994654 -0.04822045 -0.09131366 -0.9501398 -0.1303455 -0.2832749 -0.9323357 -0.1208261 -0.3408096 -0.8981294 -0.08914756 -0.4306004 -0.880789 -0.1014158 -0.462521 -0.8640898 -0.06961423 -0.4985004 -0.8477379 -0.07626801 -0.5249035 -0.8146488 -0.06796622 -0.5759583 0.004181027 -0.1041914 -0.9945486 0.01525938 -0.06381493 -0.9978451 0.07037711 -0.01757901 -0.9973656 0.1118537 0.009155809 -0.9936825 0.2071028 0.02554446 -0.9779857 0.2725079 -0.1514374 -0.9501612 0.3476725 0.1128593 -0.930799 0.4648357 0.09494477 -0.8802917 0.5345748 -0.05850535 -0.8430936 0.6002003 0.06647187 -0.7970829 0.8089762 0.05557566 -0.5852084 0.923504 0.09946131 -0.3704698 0.9680482 0.0723617 -0.2400969 0.9910635 0.03967428 -0.1273544 0.9996736 0.02554422 4.88301e-4 0.9980494 -0.04525905 0.04300063 0.9939504 -0.04922747 0.09818035 0.9739393 -0.1686814 0.151621 0.9591485 -0.2051786 0.1947717 0.9491685 -0.1306819 0.2863589 0.9460487 -0.05896204 0.318615 0.9444012 -0.01361173 0.3285139 0.9580557 -0.004669368 0.2865439 0.9851164 0.07965403 0.1523193 0.9918482 0.03964459 0.1211007 0.9954384 0.08719277 -0.03872859 0.9938247 -0.005096673 -0.1108454 0.9530711 0.07812803 -0.292492 0.7552347 0.3786244 -0.5350367 0.6454849 0.4745154 -0.5984851 0.594711 0.4673209 -0.6541638 0.6133851 0.2747079 -0.7404691 0.5849865 0.1816485 -0.7904397 0.5542869 0.09634858 -0.8267304 0.5208033 0.04278731 -0.8526037 0.3835605 0.009308218 -0.923469 0.326223 0.008972704 -0.9452503 0.3249044 0.01287895 -0.9456592 0.2584937 0.01113933 -0.9659488 0.1983451 0.01571744 -0.9800063 0.2025527 0.009643912 -0.9792239 0.07135313 0.008056938 -0.9974187 0.06546324 -0.04562586 -0.9968113 -0.007721245 0.006439447 -0.9999495 -0.15043 0.03222841 -0.9880953 -0.1981911 0.00476098 -0.9801518 -0.3225824 -0.06317365 -0.9444309 -0.447964 -0.06583034 -0.8916248 -0.5152765 3.05186e-5 -0.8570241 -0.5568519 0.002349972 -0.8306085 -0.5667175 -0.003235042 -0.8239058 -0.6210733 0.01739615 -0.7835595 -0.6628793 0.02124142 -0.748425 -0.662025 -0.0109564 -0.7494018 -0.7231773 0.0190438 -0.6903999 -0.7502996 0.01126134 -0.6610022 -0.7599609 -0.02517837 -0.6494811 -0.7890735 0.02688735 -0.6137102 -0.8051876 0.1036431 -0.583893 -0.8195291 0.1644063 -0.5489469 -0.8081898 0.2462932 -0.5349477 -0.8266796 0.2462002 -0.505951 -0.8079433 0.3163654 -0.4971325 -0.7927408 0.4238225 -0.4381057 -0.8316428 0.37752 -0.4072455 -0.8643946 0.381215 -0.3278675 -0.8769961 0.4128315 -0.2458617 -0.8859518 0.4410074 -0.1435334 -0.9120676 0.4065468 0.05340868 -0.9618561 0.2113178 0.1737176 -0.9373438 0.1408777 0.3186535 -0.9479155 -0.03463888 0.3166331 -0.946326 -0.05728369 0.3180972 -0.9541407 -0.01654118 0.2989014 -0.9716594 -0.01544249 0.2358802 -0.9653398 -0.1936112 0.1750252 -0.9773113 -0.1873258 0.09885114 -0.993871 0.01303142 0.1097756 -0.9907732 -0.121344 0.0603668 -0.9868771 -0.1456083 0.06979799 -0.9879684 -0.1505208 0.03552436 -0.9962961 -0.08462947 0.01522898 -0.9891638 -0.1453333 0.02081418 -0.9899055 -0.1415153 0.00778222 -0.9988452 -0.04800581 0.001983702 -0.9921457 -0.1171018 -0.04397803 -0.9946633 -0.07589983 -0.06988763 -0.9835057 -0.08887135 -0.1575391 -0.964491 -0.07416105 -0.2534906 -0.9257481 -0.242569 -0.2900879 -0.931729 -0.1161571 -0.3440765 -0.9088212 -0.1075179 -0.4030931 -0.8769351 -0.1423715 -0.4590374 -0.8769473 -0.1423735 -0.4590132 -0.8731595 -0.1471644 -0.4646881 -0.8400737 -0.08328711 -0.5360406 -0.8125953 -0.1309564 -0.5679255 -0.6946126 -0.2003573 -0.6909198 -0.6259406 -0.2000202 -0.753784 -0.5508151 -0.2010622 -0.8100474 -0.4695969 -0.2032265 -0.8591728 -0.3830793 -0.2060363 -0.900444 -0.2918536 -0.2089334 -0.9333639 -0.1966019 -0.2113425 -0.9574351 -0.0974465 -0.2148218 -0.9717797 0 -0.1860167 -0.9825466 0.1049869 -0.03729474 -0.9937741 0.1458815 -0.04379498 -0.9883323 0.2759881 0.004333734 -0.9611514 0.4005054 -0.1993829 -0.8943389 0.5283864 -0.1129531 -0.8414567 0.6367007 -0.189649 -0.7474259 0.694882 0.1190842 -0.7091953 0.7854424 0.04803723 -0.6170679 0.8262211 -0.1287613 -0.5484336 0.8674529 0.110175 -0.4851669 0.8873167 -0.1875103 -0.4213182 0.9436206 -0.1049552 -0.3139501 0.9683144 0.02581924 -0.248396 0.9993537 0.02969521 -0.02026474 0.9970374 0.0766341 0.006622672 0.9990754 -0.008331716 0.04217743 0.9947094 -0.09360212 0.04232996 0.987388 -0.1395338 0.07480257 0.980222 -0.1646826 0.1097477 0.976774 -0.1630042 0.139077 0.9674347 -0.2039307 0.1499418 0.9621418 -0.2068272 0.1774985 0.9593943 -0.2015472 0.1973356 0.9481163 -0.1983152 0.2484891 0.9738552 -0.04171919 0.2233061 0.9984595 -0.01306211 0.05392706 0.99686 0.04889076 -0.06228846 0.9833258 -0.009796619 -0.1815887 0.9716166 -0.006775259 -0.2364645 0.9120649 0.1419445 -0.3846939 0.8954907 0.1795742 -0.4072465 0.8554955 0.2495589 -0.4537047 0.8083766 0.3163067 -0.4964647 0.7319191 0.3730095 -0.5702267 0.6088354 0.5031461 -0.6133218 0.6297061 0.3723668 -0.6817722 0.5511164 0.0214855 -0.8341518 0.5228886 0.04004138 -0.8514602 0.4654815 -0.006836295 -0.8850312 0.4466792 -0.09699004 -0.8894215 0.1682514 0.03408974 -0.9851545 0.08197492 0.088445 -0.9927022 0.03595119 -0.01443541 -0.9992493 -0.1028805 0.004181087 -0.994685 -0.1684355 0.08838361 -0.9817423 -0.2232763 0.04388618 -0.9737668 -0.2487585 0.04190224 -0.9676588 -0.2938982 0.02792489 -0.9554287 -0.3194164 -0.02349996 -0.9473231 -0.3446487 -0.06772118 -0.9362859 -0.3807845 0.001922667 -0.9246619 -0.4437186 0.01483231 -0.8960435 -0.4414542 -0.02343839 -0.8969776 -0.5635033 -0.01190239 -0.8260281 -0.5627382 -3.05189e-4 -0.8266352 -0.6670886 -0.02710103 -0.7444853 -0.7601417 -0.02752828 -0.6491739 -0.8112663 0.0694316 -0.5805398 -0.8345623 0.06173914 -0.5474431 -0.8395792 0.09613502 -0.5346633 -0.8303668 0.1835426 -0.5261207 -0.7869415 0.391899 -0.4765902 -0.9172142 0.3809365 -0.1166431 -0.9218634 0.3875025 0.003112912 -0.9451794 0.3137373 0.09058094 -0.9739715 0.1865051 0.1288231 -0.9761651 0.08579021 0.1993531 -0.9636768 0.1118836 0.2425062 -0.9524911 0.1242114 0.2780871 -0.9582589 0.001068115 0.2858998 -0.9719337 -0.01492369 0.2347815 -0.9728568 -0.1852508 0.1386787 -0.9780605 -0.1805176 0.1039769 -0.970785 -0.2109487 0.1143554 -0.9866849 -0.1489946 0.06521946 -0.9741368 -0.2146098 0.07071256 -0.9716819 -0.2305681 0.0516985 -0.9873987 -0.1579642 -0.009552299 -0.9653975 -0.1434073 -0.2178118 -0.9483594 -0.1429528 -0.2831588 -0.9353905 -0.2538607 -0.2461698 -0.9149375 -0.2313056 -0.3307374 -0.9209604 -0.1137772 -0.3726752 -0.8987637 -0.2090268 -0.3853981 -0.8792797 -0.2141816 -0.4254333 -0.7564253 -0.2026493 -0.6218954 0.09546273 -0.1156967 -0.9886866 0.1416102 -0.03186225 -0.9894097 0.1754559 -0.01861679 -0.9843112 0.2469577 -0.01040685 -0.9689704 0.2715299 -0.05426323 -0.9608991 0.3402625 -0.01968508 -0.9401244 0.3720017 -0.03720319 -0.9274863 0.388208 -0.03015321 -0.9210784 0.4911423 -0.04324537 -0.8700053 0.5470849 -1.22076e-4 -0.8370772 0.5819442 -0.05688816 -0.8112366 0.6266452 -0.007324516 -0.7792703 0.7333828 -0.178081 -0.656077 0.8335336 -0.01788407 -0.5521794 0.9304453 -0.01294022 -0.3662024 0.944749 -0.02307242 -0.3269816 0.9805026 0.1091991 -0.1633713 0.9923652 0.1063597 -0.06244242 0.9997034 0.02291959 -0.008240044 0.9969333 0.07797598 0.006622612 0.994206 -0.1062354 0.01638847 0.9871389 -0.152107 0.04919672 0.9862849 -0.1523817 0.06341862 0.9931336 -0.1023927 0.05658304 0.9882193 -0.1322101 0.07709205 0.969709 -0.2169286 0.1122792 0.9802121 -0.164803 0.109655 0.9685944 -0.2118352 0.1301957 0.9454898 -0.2744606 0.1752727 0.9433235 -0.2641757 0.2008785 0.9610738 -0.1748738 0.2139076 0.9285706 -0.2567868 0.2679872 0.9360204 -0.175973 0.3047941 0.9435586 -0.07400876 0.3228309 0.9981572 -0.06051933 -0.004455745 0.992648 -0.1050482 -0.06012344 0.9627479 -0.07547312 -0.2596545 0.9310183 0.06741684 -0.358692 0.7846279 0.3174341 -0.5325362 0.6877005 0.4084452 -0.6002005 0.6090557 0.5032432 -0.6130233 0.6436535 0.4280646 -0.634406 0.661131 0.2762266 -0.6975706 0.6347445 0.1819573 -0.7509933 0.6041899 0.09116101 -0.7916087 0.5759298 0.04254388 -0.8163915 0.5016961 0.01208537 -0.8649595 0.461576 -0.05871939 -0.8851552 0.3692805 0.05398815 -0.9277486 0.271409 0.03991937 -0.9616359 0.1901656 0.08231049 -0.9782956 0.05484324 0.04669457 -0.9974026 -0.04919642 0.07232969 -0.9961668 -0.07498574 0.03897303 -0.9964228 -0.1940983 0.06640845 -0.9787318 -0.451251 -0.02942007 -0.8919121 -0.5028321 0.03540205 -0.863659 -0.539731 0.02368283 -0.8415043 -0.5618197 0.03451669 -0.8265394 -0.5801028 0.05929815 -0.812382 -0.6073323 0.07962459 -0.7904476 -0.6466746 0.006348013 -0.7627397 -0.6623339 0.0127266 -0.7491008 -0.7005149 0.06219881 -0.7109221 -0.7562068 0.01260441 -0.6542114 -0.8076803 0.03927767 -0.588311 -0.8492275 0.1215274 -0.5138519 -0.8466845 0.1914752 -0.4964501 -0.8668403 0.184886 -0.4630391 -0.8551022 0.249682 -0.4543779 -0.8784026 0.3119059 -0.3621099 -0.8919044 0.3364479 -0.3021744 -0.9047737 0.364644 -0.2200438 -0.9388636 0.3414493 -0.0441308 -0.9577283 0.2844099 0.04321539 -0.9842668 0.06891179 0.1626965 -0.9474669 -0.03701967 0.3177043 -0.9373936 -0.1749659 0.3011317 -0.9489933 -0.130744 0.2869106 -0.9597232 -0.08832126 0.2667034 -0.9471812 -0.2752795 0.1645268 -0.9689807 -0.2189438 0.1146296 -0.9735074 -0.1896169 0.1277846 -0.9725838 -0.2133898 0.09244245 -0.9712318 -0.2326452 0.05084437 -0.9719476 -0.2292303 0.05264574 -0.975339 -0.2200754 0.0167551 -0.9901683 -0.1398699 0.001831114 -0.9872488 -0.1588802 -0.009857475 -0.9814713 -0.1883958 -0.03494459 -0.9853649 -0.1187186 -0.1223199 -0.9661856 -0.1344078 -0.2200454 -0.9640436 -0.1476829 -0.2209292 -0.9572408 -0.1453334 -0.2501369 -0.8977047 -0.3823676 -0.2189099 -0.8892316 -0.3757802 -0.2608762 -0.8569337 -0.2083204 -0.4714524 -0.8110579 -0.2073805 -0.546972 -0.6913899 -0.2812072 -0.6655094 -0.6247009 -0.2831892 -0.7277038 -0.5510838 -0.286483 -0.783731 -0.4708517 -0.2907268 -0.8329326 -0.3847876 -0.2952744 -0.8745008 -0.2936258 -0.2995771 -0.9077651 -0.1980354 -0.3030805 -0.9321611 -0.09821069 -0.3035438 -0.9477426 -2.13635e-4 -0.2639617 -0.9645332 0.0981189 -0.2146103 -0.9717588 0.1520771 -0.02594131 -0.9880282 0.1570506 -0.04519855 -0.9865558 0.2057906 -0.007690787 -0.9785659 0.304614 -0.04025506 -0.9516249 0.3709004 -0.03537178 -0.9279988 0.4415162 -0.03622585 -0.8965218 0.4567825 -0.0488919 -0.8882339 0.50794 -0.01278775 -0.8612976 0.5932353 -0.02945113 -0.8044903 0.5981669 -0.01281785 -0.801269 0.6779832 -0.01983743 -0.7348098 0.692758 -0.01477134 -0.7210189 0.6999564 -0.003234982 -0.7141783 0.7661768 -0.01959311 -0.6423312 0.8066533 -0.01663297 -0.5907909 0.827068 0.008331716 -0.5620401 0.8657382 0.006592094 -0.5004538 0.8897365 -0.008820116 -0.4563893 0.9139585 0.03253346 -0.4045014 0.9400865 0.004913568 -0.3409008 0.9578605 0.05069154 -0.2827255 0.9743883 -0.0322588 -0.2225464 0.9875479 -0.06378561 -0.1438075 0.9962315 0.05472052 -0.06729435 0.9919297 0.1179866 -0.04641944 0.9992964 -0.03360182 -0.01666355 0.9983979 -0.05658215 -5.49342e-4 0.9996705 0.02520841 0.004852473 0.99428 -0.1054433 0.01699906 0.9879285 -0.1509466 0.0348221 0.990219 -0.1178338 0.07471048 0.9714407 -0.2176594 0.09448587 0.9432891 -0.2508683 0.2174191 0.9359613 -0.2663711 0.2302669 0.9213482 -0.2901473 0.2587124 0.9327207 -0.1706926 0.3176414 0.9417183 -0.0825228 0.3261238 0.9496134 -0.1304402 0.2849909 0.9576556 -0.1613234 0.2384754 0.9837528 -0.08194375 0.1597369 0.9875324 -0.124792 0.09595155 0.9805794 -0.08520936 -0.1766447 0.9686799 -0.1442338 -0.2021287 0.9515271 -0.003784358 -0.3075418 0.9036659 0.1294918 -0.4081909 0.8700277 0.1947705 -0.4528978 0.8300516 0.2577927 -0.4945274 0.8077788 0.2461363 -0.5356402 0.7652763 0.2977787 -0.570684 0.6255631 0.4596578 -0.6303852 0.5917465 0.497349 -0.6344131 0.6725647 0.384 -0.6326143 0.6736593 0.3657469 -0.6421936 0.6033038 0.02996987 -0.7969482 0.4797027 0.0807541 -0.8737072 0.2985054 0.09106838 -0.9500533 0.107823 0.1315971 -0.9854221 0.00350964 0.14063 -0.990056 -0.02124094 0.1062353 -0.9941142 -0.141945 0.1123108 -0.9834825 -0.2236717 0.16297 -0.9609432 -0.2448218 0.1476499 -0.9582598 -0.2669851 0.1341639 -0.9543161 -0.2899613 0.1226865 -0.9491419 -0.3136173 0.1132269 -0.9427746 -0.3376996 0.1059336 -0.9352738 -0.3619608 0.1008363 -0.9267235 -0.435994 0.0341202 -0.8993025 -0.4266341 -0.003082454 -0.9044191 -0.7163413 0.08612453 -0.6924144 -0.8079713 0.02029538 -0.5888723 -0.8140405 0.06927871 -0.5766616 -0.8590982 0.02490401 -0.5112045 -0.8640341 0.05896341 -0.4999685 -0.8625162 0.1336151 -0.4880704 -0.8425081 0.3142544 -0.4375207 -0.8870844 0.2399455 -0.3943445 -0.9302839 0.3094944 -0.1969398 -0.94377 0.3186795 -0.08798629 -0.9674413 0.2530912 -0.001495361 -0.9833959 0.1608677 0.08398938 -0.9928881 0.03659278 0.1132881 -0.9744708 -0.0335403 0.221995 -0.9493976 -0.1294022 0.2861804 -0.9690377 -0.08920687 0.2302349 -0.949175 -0.2651501 0.1695947 -0.9464566 -0.2696357 0.1775293 -0.9501082 -0.2757059 0.1458794 -0.9457336 -0.2987234 0.1278761 -0.9590578 -0.2721069 0.07852524 -0.9650059 -0.2545272 0.06308245 -0.9396239 -0.3389153 0.04736572 -0.9715059 -0.2341405 0.03680568 -0.9750885 -0.2200129 0.02823024 -0.9752224 -0.2209852 0.01034575 -0.9776627 -0.2101509 0.003509581 -0.9786667 -0.2047854 -0.01657205 -0.9796348 -0.1984966 -0.03024446 -0.9818038 -0.1797277 -0.06131309 -0.982656 -0.1631859 -0.08807826 -0.9729902 -0.1670634 -0.1593114 -0.9698452 -0.1462184 -0.1949883 -0.9432101 -0.2663059 -0.198585 -0.9037073 -0.3900673 -0.1765237 -0.8815547 -0.3687056 -0.294818 -0.8804887 -0.3011668 -0.3661124 -0.8446159 -0.2923424 -0.4485086 -0.7509179 -0.2810181 -0.5976214 -2.13632e-4 -0.2640185 -0.9645177 0.1969106 -0.2112547 -0.9573911 0.191079 -0.1116688 -0.975202 0.1557691 -0.03680592 -0.9871076 0.2170819 -0.04760968 -0.9749917 0.2608767 -0.0654633 -0.96315 0.2761021 -0.04852461 -0.9599027 0.3229807 -0.04956251 -0.9451069 0.3664485 -0.05566769 -0.9287716 0.3752275 -0.04965388 -0.925602 0.4285523 -0.04117053 -0.9025785 0.4883089 -0.05792564 -0.8707463 0.5295995 -0.04712158 -0.8469381 0.5737315 -0.04178082 -0.8179771 0.6613619 -0.04852628 -0.7484956 0.7255407 -0.005859732 -0.6881543 0.7465965 -0.0162363 -0.6650791 0.7901004 -0.02752792 -0.6123591 0.8397298 -0.003418087 -0.5429937 0.8557925 -0.006988883 -0.5172721 0.8692421 -0.003082394 -0.4943772 0.9016348 0.01178044 -0.4323379 0.9111857 -0.03524982 -0.4104852 0.9246973 -0.06692832 -0.3747742 0.9520221 0.04727452 -0.3023557 0.9880886 -0.03592103 -0.1496354 0.9953073 0.04962342 -0.08307194 0.9935432 -0.08377438 -0.0765109 0.9993374 -0.03555434 -0.00778228 0.9982512 -0.05911558 0 0.9991796 -0.03912484 0.01046788 0.994469 -0.1037348 0.01644986 0.971592 -0.2287373 0.06073212 0.9500986 -0.2905445 0.1135626 0.9129899 -0.3238116 0.2481843 0.9356522 -0.2667973 0.231029 0.9265694 -0.2738507 0.257828 0.906614 -0.3401405 0.249711 0.911606 -0.2950588 0.2862082 0.9193536 -0.2572444 0.2976821 0.9626011 -0.1964815 0.1865323 0.9853157 -0.1646516 0.04519903 0.9791537 -0.1681618 -0.1139289 0.9589807 -0.1945307 -0.206189 0.9402145 -0.01736557 -0.3401399 0.9308289 0.01614451 -0.3650985 0.8462781 0.191419 -0.4971644 0.7287207 0.324059 -0.6032844 0.6997069 0.2867556 -0.6543558 0.6826325 0.1824158 -0.707628 0.6523487 0.09137457 -0.7523908 0.6235932 0.03668373 -0.7808879 0.5633309 -0.01446628 -0.8261048 0.5588077 0.03689777 -0.828476 0.4026076 0.1161556 -0.9079731 0.3202686 0.152596 -0.934956 0.2144584 0.1358104 -0.9672451 0.1297965 0.1757578 -0.9758391 0.0253309 0.1767059 -0.9839377 -0.1175295 0.1367871 -0.9836037 -0.2037186 0.1799743 -0.9623451 -0.3887283 0.09439712 -0.9165039 -0.431909 0.09265655 -0.8971452 -0.4790925 0.1093202 -0.8709303 -0.5002676 0.1177423 -0.8578283 -0.5201717 0.1282423 -0.8443787 -0.5386916 0.1407233 -0.8306673 -0.5556913 0.1551589 -0.8167821 -0.643585 0.124426 -0.7551931 -0.6587244 0.1498488 -0.7373111 -0.7845098 0.07150775 -0.6159798 -0.840635 -0.007324457 -0.5415526 -0.8187645 0.05093622 -0.5718656 -0.8757833 0.0771529 -0.4764987 -0.8803216 0.1343753 -0.4549473 -0.9008247 0.1212208 -0.4169179 -0.8951102 0.1797911 -0.4079864 -0.9241144 0.16172 -0.3462072 -0.9156548 0.2919828 -0.2762652 -0.9541879 0.2711645 -0.1264722 -0.9744071 0.2206515 -0.04294008 -0.9893243 0.1385548 0.04516762 -0.9848988 -0.07815831 0.1544855 -0.9412177 -0.1196359 0.3159061 -0.9135867 -0.2893508 0.285719 -0.9301103 -0.2547152 0.2646035 -0.9593138 -0.1745705 0.221906 -0.9619805 -0.1985242 0.187568 -0.9483798 -0.2509887 0.193857 -0.9419832 -0.3043401 0.1415798 -0.9426996 -0.2975597 0.1509162 -0.9480307 -0.2991532 0.1083751 -0.9548593 -0.2805035 0.09778398 -0.9577532 -0.2773278 0.07614535 -0.9740939 -0.2239528 0.03140461 -0.9463774 -0.3223463 0.0215162 -0.9512531 -0.3046427 -0.04806774 -0.9792814 -0.1838747 -0.08484172 -0.9741479 -0.1992915 -0.1063905 -0.9756906 -0.1779559 -0.1279048 -0.9731289 -0.1666643 -0.1588819 -0.8459348 -0.5106494 -0.1537258 -0.8404588 -0.5082305 -0.1879656 -0.8336371 -0.5030511 -0.2280103 -0.8030217 -0.2832183 -0.5243507 -0.6831725 -0.3602793 -0.6351963 -0.6186579 -0.3644927 -0.6959939 -0.5469114 -0.3699282 -0.7510266 -0.468162 -0.3760555 -0.7996292 -0.3831661 -0.3822811 -0.8408597 -0.292768 -0.3878955 -0.8739703 -0.197674 -0.3923878 -0.8983078 -0.09876036 -0.3963539 -0.9127705 0 -0.3421204 -0.9396562 0.09882098 -0.303635 -0.9476499 0.1982811 -0.3029913 -0.9321379 0.4818124 -0.05316507 -0.8746602 0.5786171 -0.02990895 -0.8150508 0.582966 -0.04452657 -0.8112756 0.6347142 -0.03347986 -0.7720214 0.67004 -0.04968458 -0.7406605 0.6723698 -0.03082442 -0.7395733 0.718082 -0.07043784 -0.692385 0.7598767 -0.006286978 -0.6500368 0.826734 -0.06848502 -0.5584093 0.8745869 -0.03933912 -0.4832705 0.9518341 -0.04306262 -0.3035749 0.9800366 -0.06140488 -0.1890977 0.9899502 -0.02023416 -0.1399609 0.9899944 -0.02020329 -0.1396533 0.9931046 -0.06292927 -0.09891062 0.9912397 -0.1252516 -0.04190313 0.9955682 -0.09378558 -0.006958365 0.9976176 -0.0688517 0.004303216 0.9887161 -0.1483822 0.02056962 0.9734404 -0.2249875 0.0423606 0.970692 -0.2331357 0.05835258 0.9725673 -0.2228775 0.06662213 0.9530566 -0.2818457 0.1106629 0.9489936 -0.296219 0.1080073 0.9458701 -0.2855342 0.1542727 0.9094408 -0.347949 0.2277035 0.9220288 -0.3015035 0.2428142 0.9038666 -0.3251246 0.2780635 0.8809388 -0.3745325 0.2892616 0.9029369 -0.3187716 0.2882525 0.9263151 -0.2514467 0.2805619 0.926818 -0.2809936 0.2491006 0.9268783 -0.3103532 0.2111341 0.9632383 -0.2312724 0.1366943 0.9791615 -0.2029492 -0.007385492 0.9673441 -0.2463223 -0.05975705 0.9668375 -0.2066127 -0.1501222 0.9505107 -0.2869386 -0.1191457 0.9572683 -0.128944 -0.2588647 0.9463993 -0.07202517 -0.3148662 0.9082416 0.0758394 -0.4115164 0.8799507 0.1344356 -0.4556468 0.8621165 0.1335231 -0.4888013 0.8299693 0.1833287 -0.5268222 0.7942456 0.2308818 -0.562021 0.6943719 0.3546937 -0.6261311 0.7010245 0.3396169 -0.6270766 0.6497845 0.02179068 -0.7598062 0.6278329 0.03073239 -0.7777413 0.5024376 0.1483538 -0.8517909 0.2351217 0.1876944 -0.9536712 0.04400813 0.2141506 -0.9758089 -0.05731528 0.2202884 -0.9737495 -0.07501626 0.1909894 -0.9787214 -0.09515833 0.1630937 -0.982011 -0.1852219 0.1985589 -0.9624279 -0.2637436 0.2460427 -0.9326856 -0.277174 0.2345694 -0.9317467 -0.2913658 0.2242848 -0.9299474 -0.3063167 0.2152182 -0.9272817 -0.3218258 0.2074701 -0.9237881 -0.3377525 0.2010889 -0.9195035 -0.3539274 0.1961753 -0.9144675 -0.3702589 0.1927592 -0.9087091 -0.4112128 0.08813881 -0.9072683 -0.4569709 0.1031259 -0.8834833 -0.5709561 0.1713356 -0.8029032 -0.6258538 0.1009264 -0.7733829 -0.6711446 0.1770105 -0.7198835 -0.7310331 0.1233902 -0.6710929 -0.8243939 -0.01666367 -0.5657713 -0.8655224 -0.01318424 -0.5006967 -0.823712 0.007843375 -0.5669543 -0.8625799 -0.03659188 -0.5045958 -0.8921559 0.01245164 -0.451556 -0.8904905 0.08209675 -0.4475342 -0.9228908 0.1243644 -0.3644259 -0.9227232 0.2268201 -0.311664 -0.9373739 0.2439418 -0.2486418 -0.9546617 0.2417097 -0.1737746 -0.9788693 0.1879976 -0.08044832 -0.9945937 0.1037046 0.005371391 -0.9984734 -0.007294118 0.05475181 -0.9574961 -0.1615054 0.2389925 -0.9329892 -0.187904 0.3069577 -0.9466265 -0.2093034 0.2451334 -0.9171565 -0.3338777 0.2176003 -0.9210444 -0.3586027 0.1519255 -0.9260057 -0.3475802 0.1473149 -0.9069463 -0.4021852 0.1252823 -0.9271182 -0.3654392 0.08310431 -0.9326754 -0.3602825 0.01770126 -0.9442017 -0.3259446 0.04736572 -0.9507968 -0.3094958 -0.01406937 -0.9513337 -0.2912414 -0.1007122 -0.9783193 -0.1837248 -0.0955857 -0.9486202 -0.2784548 -0.1502752 -0.907238 -0.3988832 -0.1334595 -0.8469027 -0.5194336 -0.1137748 -0.8268583 -0.5019503 -0.2536761 -0.8613063 -0.3666854 -0.3517006 -0.8316168 -0.3600957 -0.422782 -0.7898687 -0.357472 -0.4983183 -0.7402988 -0.3577129 -0.5692094 0.2938705 -0.299425 -0.9077361 0.2921308 -0.2087826 -0.9333111 0.2809566 -0.1016278 -0.9543245 0.3706277 -0.09702116 -0.9237003 0.4714592 -0.1020864 -0.8759593 0.5470623 -0.1095955 -0.8298866 0.6196935 -0.1116089 -0.7768678 0.7520764 -0.03454732 -0.6581699 0.9261153 -0.1064826 -0.3619006 0.9613915 -0.09250426 -0.2591707 0.9899836 -0.02209591 -0.1394425 0.983529 -0.126012 -0.1295828 0.9976488 -0.06848549 0.002563595 0.9896522 -0.1431359 0.01004087 0.9757955 -0.2174809 0.02292001 0.939774 -0.3381209 0.04999023 0.9597113 -0.2725682 0.06827175 0.9603756 -0.2680189 0.07645034 0.926419 -0.3670274 0.08389806 0.9087839 -0.399075 0.121865 0.9262803 -0.336746 0.1691359 0.9124931 -0.3591192 0.1959331 0.8892076 -0.3924465 0.2351505 0.9084041 -0.3240835 0.2641437 0.8830179 -0.382927 0.2713785 0.8908185 -0.3611006 0.2757695 0.925346 -0.3373911 0.1729224 0.960525 -0.2627382 0.09143495 0.9549089 -0.2935317 0.0445882 0.956886 -0.2742113 -0.09579843 0.9528288 -0.2132657 -0.2159513 0.9419819 -0.09851664 -0.3208812 0.9321466 -0.02575814 -0.3611637 0.8901225 0.08209657 -0.4482657 0.7658206 0.2572471 -0.589358 0.7249231 0.3133409 -0.6134364 0.7258701 0.1853435 -0.66239 0.6982803 0.0934804 -0.7096944 0.6708779 0.0350973 -0.7407369 0.6099215 0.01733475 -0.7922723 0.5782735 0.1146597 -0.8077456 0.4221424 0.1807655 -0.8883241 0.3381236 0.2115599 -0.9170141 0.2510824 0.2404922 -0.9376146 0.1478647 0.2211104 -0.9639742 0.05929881 0.2526075 -0.96575 -0.04217737 0.2506838 -0.9671499 -0.1682204 0.2185156 -0.9612247 -0.2512309 0.2585859 -0.9327467 -0.3866207 0.1908383 -0.9022778 -0.4028558 0.1904714 -0.8952251 -0.4187173 0.1916272 -0.8876683 -0.434203 0.1943186 -0.8796068 -0.4491487 0.1984653 -0.8711355 -0.4634006 0.2041416 -0.8623145 -0.4768374 0.2112258 -0.853235 -0.4892886 0.2196183 -0.8440169 -0.5006952 0.22932 -0.8346955 -0.5109885 0.2402192 -0.8253396 -0.5843908 0.189161 -0.7891169 -0.5958932 0.2084786 -0.7755309 -0.605322 0.2290481 -0.7623138 -0.7983994 0.1102945 -0.5919405 -0.829082 -0.03625667 -0.5579503 -0.8706227 -0.01007133 -0.4918482 -0.8689962 -0.01028484 -0.4947119 -0.877213 -0.039797 -0.4784493 -0.8841528 -0.05792617 -0.4635927 -0.8937789 -0.04049867 -0.4466758 -0.8994235 0.03204482 -0.4359019 -0.9085843 0.07568734 -0.4107872 -0.9281504 0.05578911 -0.3680007 -0.9514474 0.07605475 -0.2982677 -0.980933 0.148321 -0.1255846 -0.9963532 0.08050906 -0.02826052 -0.9876831 -0.1210379 0.0991559 -0.9624029 -0.1966068 0.1874204 -0.926142 -0.2521819 0.2804734 -0.9337263 -0.1871725 0.3051586 -0.9010424 -0.3423009 0.2663697 -0.9080748 -0.3366292 0.2491605 -0.9343203 -0.2729958 0.22917 -0.9511704 -0.2180922 0.218428 -0.9130612 -0.3226751 0.2493996 -0.9029718 -0.3705642 0.2175409 -0.9207563 -0.34404 0.1839681 -0.8907678 -0.4523881 0.0433374 -0.9270226 -0.3749902 0.003387629 -0.9271521 -0.3745048 -0.01162791 -0.8554019 -0.5148953 -0.05630856 -0.7687652 -0.6269755 -0.1261031 -0.7601144 -0.6220449 -0.1878464 -0.7799755 -0.5644804 -0.2701852 -0.8390004 -0.4352023 -0.3266153 -0.6699235 -0.4370937 -0.6001264 -0.6077985 -0.4434503 -0.6587358 -0.5382639 -0.4508574 -0.7120391 -0.4614607 -0.4587139 -0.7593654 -0.378163 -0.4664551 -0.7996328 -0.2892603 -0.4733211 -0.832043 -0.195476 -0.4786951 -0.855944 -0.09808862 -0.4814705 -0.8709564 0.001586973 -0.4204642 -0.9073079 0.09744828 -0.3975146 -0.9124067 0.1978864 -0.3922938 -0.8983021 0.2929571 -0.3877813 -0.8739576 0.6874648 -0.1059915 -0.7184414 0.7447312 -0.04599249 -0.6657779 0.7484467 -0.004944026 -0.6631767 0.7642005 0.09921789 -0.6373017 0.8304495 -0.05737549 -0.5541315 0.8848394 -0.1334599 -0.4463719 0.9201257 -0.1268686 -0.370504 0.9389837 -0.1063593 -0.3271046 0.953363 -0.1324234 -0.2712253 0.9567509 -0.1446006 -0.2524254 0.9827539 -0.09491521 -0.1587007 0.9899339 0.0256204 -0.1391932 0.9796952 -0.1865025 -0.07358163 0.9917943 -0.1275373 -0.008850395 0.9943482 -0.106146 0.002166867 0.9754095 -0.2196128 0.01861643 0.9470841 -0.3204454 0.01861631 0.962666 -0.2646012 0.0571013 0.9498555 -0.2935662 0.1076725 0.942389 -0.3077818 0.1310476 0.925025 -0.3413528 0.1667547 0.8872441 -0.402391 0.2255648 0.8925768 -0.3871719 0.2310945 0.8821375 -0.362603 0.3005872 0.8891275 -0.3662047 0.2744933 0.87002 -0.4162253 0.2642381 0.88542 -0.3882029 0.2555974 0.8811493 -0.4125885 0.230969 0.8778203 -0.4333099 0.2041421 0.9228305 -0.3602756 0.1363279 0.9465196 -0.3226175 -0.004333674 0.9414492 -0.3342743 -0.04397779 0.9482119 -0.2896611 -0.130349 0.9434366 -0.1348943 -0.3028714 0.9126321 0.02972519 -0.4076997 0.8983558 0.02801638 -0.4383742 0.8740914 0.07690757 -0.4796348 0.8488098 0.1211931 -0.5146206 0.8191028 0.1639792 -0.5497105 0.7391089 0.2775702 -0.6137369 0.6911091 0.02075308 -0.7224524 0.6604963 -0.1403883 -0.7375878 0.663098 -0.1005619 -0.7417469 0.5171451 0.2186689 -0.8274932 0.4357817 0.2459531 -0.8657953 0.1618448 0.2673202 -0.9499191 -0.02975577 0.2818712 -0.9589908 -0.1280294 0.2849608 -0.9499505 -0.1395045 0.2619181 -0.9549542 -0.152961 0.2396959 -0.9587225 -0.2398208 0.2719882 -0.931938 -0.3150755 0.3162962 -0.8948096 -0.3213639 0.3099804 -0.8947835 -0.3282326 0.3041225 -0.8943003 -0.3354357 0.2989043 -0.8933864 -0.3429138 0.2943882 -0.8920459 -0.3588085 0.2872115 -0.888125 -0.3670184 0.2847399 -0.8855624 -0.3753864 0.2829742 -0.8826158 -0.3835605 0.2820244 -0.8793997 -0.520074 0.2522699 -0.8160166 -0.6126183 0.2508094 -0.7495288 -0.6807652 0.2056395 -0.7030442 -0.7428707 0.1586394 -0.6503667 -0.8463864 0.05472075 -0.5297507 -0.8501706 -0.009369313 -0.5264241 -0.8929579 -0.0368365 -0.4486305 -0.9050857 -0.07544416 -0.4184831 -0.9211984 -0.1015686 -0.3756026 -0.9233388 -0.02353054 -0.3832646 -0.9138841 0.0296337 -0.4048923 -0.9497962 -0.003021419 -0.312855 -0.9563183 0.1334603 -0.2600843 -0.9592361 0.1852185 -0.2134484 -0.9969675 0.03918647 -0.06723356 -0.9860097 -0.1607744 0.04400843 -0.9266183 -0.2811412 0.2496761 -0.9136461 -0.2788212 0.2958202 -0.8895224 -0.3629078 0.2775751 -0.9243727 -0.2860892 0.2523652 -0.9277557 -0.2910624 0.233564 -0.8861212 -0.3978466 0.237713 -0.8882002 -0.4080417 0.2111928 -0.9125813 -0.3481616 0.214427 -0.8789976 -0.4432526 0.1757568 -0.8771534 -0.4744826 0.07394808 -0.8990566 -0.4374275 0.01883012 -0.9278328 -0.3729398 -0.006500482 -0.907834 -0.410274 -0.08667546 -0.848456 -0.5244674 -0.07110899 -0.7714243 -0.6330825 -0.06412005 -0.7376468 -0.6316234 -0.2385984 -0.8107777 -0.4989918 -0.3060178 -0.8108603 -0.4298911 -0.3971137 -0.7715867 -0.4297716 -0.4689887 -0.7245494 -0.4323308 -0.5367665 0.001617491 -0.420588 -0.9072504 0.383385 -0.3821032 -0.8408407 0.3850335 -0.2951232 -0.8744435 0.3833492 -0.2058506 -0.9003716 0.4698712 -0.2029821 -0.8590806 0.5510565 -0.2007864 -0.8099517 0.6261296 -0.1997474 -0.7536994 0.6947591 -0.2000808 -0.6908527 0.7511953 -0.1061452 -0.6514897 0.8189194 -0.08591127 -0.5674419 0.8396484 -0.02716219 -0.542451 0.8734555 -0.08023458 -0.4802479 0.8852753 -0.1459131 -0.4415847 0.9201068 -0.1261336 -0.3708016 0.9143043 -0.2228841 -0.3381869 0.9510273 -0.1545778 -0.2676805 0.9506897 -0.1673038 -0.2611489 0.9652321 -0.1129517 -0.2357306 0.9725459 -0.1981592 -0.1220145 0.9794755 -0.1953518 -0.0496543 0.9865785 -0.162268 -0.01821964 0.9901682 -0.1398699 0.001861631 0.8908768 -0.4520457 0.04464912 0.8579911 -0.5023183 0.1073671 0.8818487 -0.4369111 0.1773463 0.8457486 -0.478053 0.2370122 0.8744381 -0.4068829 0.2642053 0.8698369 -0.3898258 0.3023569 0.8568643 -0.3949828 0.3313192 0.8892824 -0.366132 0.2740879 0.8789752 -0.3869493 0.2786987 0.8654382 -0.4221136 0.2698829 0.8546336 -0.4449112 0.2676852 0.8757615 -0.4496461 0.1756711 0.9191582 -0.381861 0.09659445 0.9166952 -0.3964095 0.05029505 0.9280167 -0.371048 -0.03329604 0.9518707 -0.2208691 -0.2125068 0.9434424 -0.1574489 -0.2917643 0.9204951 -0.05853617 -0.3863449 0.9211829 -0.02148526 -0.3885363 0.7902486 0.1974934 -0.5800894 0.7542791 0.25987 -0.6029351 0.7418635 0.0945183 -0.6638561 0.7123779 0.03479182 -0.7009332 0.6676466 0.01254349 -0.7443728 0.6866452 -0.01638865 -0.726808 0.6494908 0.07758116 -0.7564014 0.5939269 0.1894608 -0.7818923 0.3505763 0.2710732 -0.8964462 0.2622483 0.2937743 -0.9191967 0.1716071 0.3139162 -0.9338136 0.07113987 0.2917619 -0.9538419 -0.02014255 0.3136447 -0.9493268 -0.1185977 0.3086714 -0.943746 -0.2295644 0.2862383 -0.9302515 -0.3093434 0.3230466 -0.8943979 -0.35079 0.2904226 -0.8902814 -0.3917487 0.2818173 -0.8758494 -0.3998932 0.2824248 -0.8719644 -0.4076428 0.283766 -0.867931 -0.415155 0.285875 -0.8636677 -0.4224504 0.2887752 -0.8591534 -0.4292184 0.2923104 -0.8545914 -0.4355106 0.2965562 -0.8499324 -0.4413084 0.3014692 -0.8452002 -0.4465501 0.307049 -0.8404249 -0.4511083 0.3130993 -0.8357453 -0.5277969 0.2652413 -0.8068938 -0.5341195 0.2790691 -0.7980206 -0.5390625 0.2937483 -0.7893819 -0.809597 0.1543688 -0.5663242 -0.8513187 0.1251266 -0.5095095 -0.8742213 -0.007599234 -0.4854682 -0.9228745 -0.04916661 -0.3819496 -0.889283 -0.04260402 -0.4553688 -0.88792 -0.06177043 -0.4558318 -0.9219202 -0.05758947 -0.3830754 -0.9311075 0.01590043 -0.3643981 -0.9701159 -0.01120054 -0.242384 -0.9818236 0.0983929 -0.1622995 -0.9982155 -0.05926787 -0.007293999 -0.9630553 -0.231364 0.1378235 -0.92662 -0.31044 0.212138 -0.8908492 -0.3654038 0.2699404 -0.8905593 -0.3556438 0.2835873 -0.889169 -0.3630532 0.2785157 -0.88126 -0.3745569 0.2882498 -0.9227238 -0.3063843 0.2339007 -0.9218719 -0.2995794 0.2457734 -0.8796871 -0.3925387 0.2684474 -0.8423486 -0.4856017 0.2337517 -0.8298115 -0.53512 0.158302 -0.8565418 -0.5026453 0.1169787 -0.8284326 -0.5588601 0.03708028 -0.8370641 -0.5468322 0.01727348 -0.8951613 -0.4457342 0.002685666 -0.893296 -0.4493032 -0.01220762 -0.6841452 -0.7275738 -0.05081415 -0.6845223 -0.7225192 -0.09692996 -0.6764271 -0.7222365 -0.1442947 -0.712916 -0.6352459 -0.2970076 -0.7548354 -0.5616784 -0.3387344 -0.7852051 -0.4972538 -0.3690415 -0.651704 -0.5109195 -0.560574 -0.5921987 -0.5191353 -0.6162786 -0.5251763 -0.5282587 -0.6671827 -0.450795 -0.5377129 -0.7124947 -0.3697742 -0.5467262 -0.7512374 -0.2830918 -0.554617 -0.7824699 -0.1914463 -0.5607886 -0.8055213 -0.09622669 -0.564634 -0.8197127 0 -0.4909305 -0.8711987 0.09671497 -0.4803705 -0.8717169 0.1956314 -0.4786102 -0.855956 0.2894169 -0.4732056 -0.8320544 0.3783469 -0.4663033 -0.7996343 0.7565484 -0.2023749 -0.6218352 0.8151333 -0.1181087 -0.567105 0.8773436 -0.07498633 -0.4739676 0.8705354 -0.1840625 -0.4563871 0.8957711 -0.04797625 -0.441919 0.8996381 -0.2073458 -0.3842642 0.9276549 -0.2382311 -0.2875803 0.9514563 -0.1520755 -0.2675895 0.9465284 -0.2578583 -0.1938896 0.970473 -0.1774068 -0.1634291 0.9712492 -0.177806 -0.158304 0.9684951 -0.241437 -0.06103831 0.969175 -0.2382652 -0.06268692 0.9809958 -0.1862866 -0.05426239 0.9778108 -0.2094851 0.001464903 0.9740426 -0.2252297 0.02264505 0.9329317 -0.3595429 0.01916581 0.8993199 -0.436796 0.02081429 0.8772979 -0.4740815 0.07480192 0.8321995 -0.4377989 0.3402593 0.8310376 -0.4641664 0.3064737 0.8605649 -0.4310607 0.2713204 0.8607335 -0.4328235 0.2679587 0.8490739 -0.4580928 0.2631058 0.8507604 -0.4601418 0.2539219 0.8321248 -0.4984326 0.2431735 0.8256965 -0.5227936 0.2119252 0.8741624 -0.4630988 0.1462176 0.9178093 -0.396935 0.008301258 0.931964 -0.359821 -0.0444054 0.9500914 -0.2827293 -0.1318732 0.9237967 -0.0977236 -0.3702023 0.889162 0.01525986 -0.4573382 0.8634488 0.05386632 -0.5015524 0.8375741 0.09537309 -0.5379347 0.7543412 0.2263908 -0.6162116 0.7621261 0.1741427 -0.6235688 0.7331309 0.01928806 -0.679814 0.7130292 0.0335105 -0.7003331 0.5253617 0.2889581 -0.8003114 0.4434096 0.3111405 -0.8405829 0.3575011 0.3305527 -0.8734576 0.07941156 0.3312885 -0.9401817 -0.1113038 0.3327517 -0.936423 -0.2063713 0.3327516 -0.9201561 -0.2127521 0.3167324 -0.9243469 -0.2205004 0.3011928 -0.927719 -0.3040636 0.3303408 -0.8935437 -0.3770314 0.3719958 -0.8482137 -0.4550126 0.3196594 -0.8311327 -0.5424804 0.3090078 -0.7811718 -0.6177124 0.2734842 -0.7373179 -0.687466 0.2354829 -0.6869778 -0.7511303 0.1954733 -0.6305502 -0.875491 0.05529993 -0.4800598 -0.8722493 0.04742735 -0.4867566 -0.8780854 -0.005462825 -0.4784729 -0.9302021 -0.1182018 -0.3474944 -0.9117199 -0.1071516 -0.3965923 -0.9401475 -0.1625763 -0.2994861 -0.9426162 -0.1358104 -0.3050089 -0.9337131 -0.02285909 -0.3572916 -0.963512 -0.07321482 -0.2574574 -0.9775851 0.04245191 -0.2062169 -0.994091 -0.00564599 -0.108403 -0.9924339 -0.1053534 -0.0630533 -0.9792467 -0.202466 -0.009125292 -0.9603826 -0.262863 0.09256511 -0.8840481 -0.3917742 0.2548959 -0.8798986 -0.3823444 0.2821193 -0.9042173 -0.3230742 0.27931 -0.8794403 -0.3961388 0.2639297 -0.7933783 -0.5708625 0.2113457 -0.8146207 -0.5765398 0.06320542 -0.8133637 -0.5816019 -0.01336735 -0.7110612 -0.7030653 -0.009552419 -0.6612092 -0.7253615 -0.19145 -0.7483018 -0.4994172 -0.4366086 -0.7037708 -0.5041453 -0.500544 0.4616676 -0.4585241 -0.7593542 0.4683778 -0.3758437 -0.7996024 0.471099 -0.2904846 -0.8328772 0.5512974 -0.2862388 -0.78367 0.6248695 -0.2829385 -0.7276564 0.6915669 -0.28093 -0.6654424 0.7510698 -0.2807432 -0.5975598 0.8656696 -0.1294003 -0.483603 0.8804157 -0.2243461 -0.4177763 0.8791353 -0.3006138 -0.3698008 0.8802523 -0.3696559 -0.2975071 0.9379881 -0.2425694 -0.2476662 0.9710105 -0.1727963 -0.1651667 0.954997 -0.278851 -0.101109 0.9557204 -0.2896612 -0.05191373 0.9832527 -0.1798774 -0.02929794 0.9768728 -0.2134477 0.01263469 0.8285987 -0.5585335 0.03827118 0.8148218 -0.5761647 0.06402844 0.7955155 -0.5989714 0.09158831 0.8295768 -0.5354924 0.1582733 0.8465961 -0.4432269 0.2946606 0.8486384 -0.4343447 0.3019232 0.8312878 -0.4293471 0.353018 0.8217983 -0.4948735 0.2823968 0.8486642 -0.4654103 0.2513215 0.8329367 -0.4903864 0.2563939 0.8275718 -0.5069015 0.2411971 0.8285443 -0.514834 0.2201374 0.8263039 -0.5263014 0.2005713 0.8783527 -0.4668576 0.1026678 0.8883535 -0.4553468 0.05905467 0.9018349 -0.4313853 0.02450668 0.9085248 -0.4171969 0.02301144 0.9504898 -0.2916414 -0.1073055 0.9502153 -0.2045091 -0.2350894 0.9445363 -0.2118637 -0.2509282 0.8925366 -0.03262507 -0.4497933 0.8149853 0.1226872 -0.5663452 0.7789407 0.09842431 -0.6193255 0.7530031 0.03836274 -0.6568978 0.7106412 0.008789539 -0.7034997 0.7106381 0.05279809 -0.7015739 0.6654772 0.1585487 -0.729385 0.6026669 0.2642371 -0.7529751 0.2684809 0.3470689 -0.8985885 0.1770426 0.3605248 -0.9157936 0.08404952 0.3707762 -0.9249112 -0.01342827 0.345718 -0.9382424 -0.1062058 0.3570715 -0.9280195 -0.2014866 0.348924 -0.9152351 -0.2995157 0.3378784 -0.8922603 -0.4582227 0.3266828 -0.826626 -0.4607244 0.3340984 -0.82226 -0.4624602 0.341817 -0.8181025 -0.8136196 0.1941041 -0.5480388 -0.8573638 0.1575379 -0.4900094 -0.8832014 0.100653 -0.4580659 -0.8790261 0.05191385 -0.4739391 -0.8554883 0.03418165 -0.5166929 -0.8766821 -0.001739561 -0.4810673 -0.9282006 -0.03222787 -0.3706821 -0.9194548 -0.07028591 -0.3868626 -0.9328051 -0.1473749 -0.3288698 -0.9455763 -0.1008659 -0.3093731 -0.946334 -0.07635855 -0.3140408 -0.9464174 -0.03543227 -0.3209964 -0.9785214 -0.09433329 -0.1832953 -0.9870406 -0.03085452 -0.1574772 -0.9251052 -0.3374229 0.1741439 -0.87996 -0.415 0.2311829 -0.8509393 -0.4572708 0.258468 -0.8633065 -0.4282198 0.2670766 -0.873795 -0.4042267 0.270339 -0.8822066 -0.3624411 0.3005795 -0.8743135 -0.3809404 0.3007665 -0.7334017 -0.6554562 0.1802756 -0.7681991 -0.6257659 0.1352306 -0.794235 -0.5993081 0.1001034 -0.7519039 -0.6585758 0.03030562 -0.7605323 -0.6491076 0.01580882 -0.8563598 -0.5163795 -3.05189e-4 -0.8562821 -0.5163268 -0.01370316 -0.7638971 -0.6452687 -0.009460926 -0.6522548 -0.7579731 -0.006378471 -0.5840815 -0.8110243 -0.03299152 -0.5835577 -0.8093693 -0.06619614 -0.5756306 -0.811761 -0.09845626 -0.639294 -0.7323788 -0.23436 -0.687568 -0.6284523 -0.3637283 -0.7201982 -0.5658613 -0.4013919 -0.628705 -0.5810027 -0.516881 -0.5719284 -0.5908502 -0.569029 -0.507777 -0.6014096 -0.6168218 -0.4362725 -0.6120938 -0.6595512 -0.3581406 -0.6221606 -0.6961691 -0.2743378 -0.6308946 -0.7257485 -0.1856162 -0.6376933 -0.747592 -0.09186291 -0.6435899 -0.7598377 0 -0.5644235 -0.8254854 0.09637957 -0.5646049 -0.8197149 0.1915364 -0.5607231 -0.8055455 0.2832165 -0.5545001 -0.7825077 0.3699283 -0.5465759 -0.751271 0.4509512 -0.5375341 -0.712531 0.8031769 -0.2829446 -0.5242608 0.8111729 -0.207104 -0.5469062 0.8516409 -0.2162292 -0.4774439 0.8440417 -0.2931988 -0.4490304 0.8888888 -0.3765707 -0.2609047 0.8973817 -0.3831055 -0.2189435 0.9542489 -0.2597197 -0.1481714 0.9701247 -0.2417147 -0.02078378 0.943893 -0.3268284 0.04742658 0.9269583 -0.3751415 0.004181087 0.8371088 -0.5466889 0.01950168 0.7930973 -0.5711631 0.2115882 0.8506735 -0.4321273 0.299367 0.8288418 -0.4501589 0.3322325 0.8034436 -0.4602878 0.3776423 0.7744404 -0.4979614 0.3902264 0.7734202 -0.5528267 0.3101677 0.8257239 -0.5145514 0.2311208 0.7726074 -0.5951351 0.2211155 0.8257824 -0.5269101 0.20112 0.8263302 -0.5381401 0.1660839 0.9125297 -0.4082273 0.02530056 0.937292 -0.3443431 -0.05395716 0.9519516 -0.2909995 -0.09543317 0.9516057 -0.2586771 -0.1659305 0.9337896 -0.1861048 -0.3056172 0.9176218 -0.1163088 -0.380056 0.8597133 0.02926748 -0.5099378 0.7879748 0.1621789 -0.5939644 0.7615112 0.2118632 -0.6125478 0.7707378 0.02063113 -0.6368185 0.527005 0.3586307 -0.7704868 0.4449078 0.3757514 -0.8129379 0.3589083 0.3895498 -0.8481956 0.2696962 0.3998901 -0.8759862 -0.009705007 0.3777629 -0.9258516 -0.198067 0.3652796 -0.9095824 -0.289906 0.3619934 -0.8859544 -0.2923744 0.3538096 -0.8884459 -0.2956108 0.3457236 -0.8905557 -0.4634093 0.3497543 -0.8142014 -0.5444033 0.3247253 -0.7734201 -0.6205466 0.2968601 -0.7258073 -0.6912068 0.2663136 -0.6717963 -0.7557529 0.2334737 -0.6118232 -0.8591896 0.1649282 -0.4843471 -0.8676791 0.154547 -0.4724916 -0.9247027 0.07428383 -0.3733724 -0.8851836 0.02206546 -0.4647184 -0.8776643 -0.002410948 -0.4792698 -0.9665164 -0.06402951 -0.2484883 -0.944315 -0.1023297 -0.3127269 -0.935908 -0.1438074 -0.3215524 -0.9501209 -0.2263602 -0.2145493 -0.952412 -0.2122303 -0.2187919 -0.9565963 -0.1273874 -0.2620995 -0.9682201 -0.1443555 -0.2042341 -0.9785385 -0.167276 -0.1203374 -0.9548086 -0.2936511 0.04593062 -0.9226281 -0.3603411 0.1375198 -0.8335748 -0.4889809 0.2570034 -0.8517646 -0.4572104 0.2558437 -0.8541752 -0.4463759 0.2667085 -0.8578133 -0.4357888 0.2724786 -0.8307001 -0.4641654 0.3073887 -0.8570722 -0.3944308 0.331439 -0.8577132 -0.4295891 0.2824558 -0.7464026 -0.6119055 0.2616392 -0.69111 -0.6852198 0.2298715 -0.7383998 -0.6724184 0.05117982 -0.8130586 -0.5821818 -3.05191e-5 -0.7639268 -0.6452985 -0.002441525 -0.7103342 -0.703864 -9.46095e-4 -0.5904523 -0.8070461 -0.006531059 -0.5617304 -0.8169292 -0.1307123 -0.6514336 -0.6866528 -0.3227106 -0.6781095 -0.5724821 -0.4609033 0 -0.6321436 -0.7748513 0.5253575 -0.5280432 -0.6672107 0.5384532 -0.4506184 -0.7120473 0.5471169 -0.3697091 -0.7509849 0.6188391 -0.3642474 -0.6959612 0.683351 -0.3600021 -0.6351614 0.7404661 -0.3574454 -0.5691597 0.7900277 -0.3572002 -0.4982613 0.8602838 -0.366936 -0.3539347 0.825683 -0.5033752 -0.2546784 0.9033939 -0.3907657 -0.1765831 0.9069298 -0.3995532 -0.1335507 0.9068879 -0.4129292 -0.0839287 0.9552486 -0.2957913 -0.002777218 0.9287591 -0.3706247 -0.006622612 0.8951027 -0.4458575 0.001525938 0.7543767 -0.6557077 0.0310381 0.7417332 -0.6686402 0.0524621 0.7214439 -0.6881169 0.07754933 0.7679419 -0.6261216 0.1350452 0.8014644 -0.5182158 0.2985082 0.7974325 -0.4785083 0.3676021 0.7780843 -0.5064339 0.371631 0.7735729 -0.5264581 0.3527421 0.772281 -0.5762886 0.2673457 0.8254835 -0.53079 0.1919353 0.8171328 -0.5481632 0.1783567 0.8456959 -0.5143149 0.142404 0.8506916 -0.5105553 0.1251286 0.8601674 -0.5003401 0.09885329 0.8928922 -0.4473769 0.05096656 0.8813031 -0.4717963 0.02670425 0.9586655 -0.2766555 -0.06650108 0.9620467 -0.2350564 -0.1386168 0.9579583 -0.1985256 -0.2071319 0.9463687 -0.158608 -0.2814782 0.9225107 -0.1111517 -0.3696208 0.8959553 -0.07709175 -0.4374027 0.834613 0.04590111 -0.5489212 0.7950523 0.1418526 -0.58972 0.7894744 0.03582966 -0.6127369 0.7554674 -0.1056873 -0.6466061 0.7718862 -0.06689757 -0.6322314 0.7311254 0.1262897 -0.6704526 0.6746627 0.2371665 -0.6989867 0.6044319 0.3383659 -0.7212287 0.1781404 0.4067289 -0.8960122 0.08496588 0.4099667 -0.9081344 -0.008942127 0.4095373 -0.9122496 -0.1033671 0.3813933 -0.9186155 -0.1961476 0.3817355 -0.9032189 -0.2881634 0.3703214 -0.8830764 -0.8119405 0.2481845 -0.5283533 -0.8772975 0.1910181 -0.4402968 -0.9084906 0.1701436 -0.3817015 -0.8924821 -0.002044796 -0.4510784 -0.8920114 -0.008850514 -0.4519264 -0.9313762 -0.01486265 -0.3637549 -0.9615284 -0.09775203 -0.256725 -0.9465135 -0.1586678 -0.2809571 -0.9480654 -0.1878735 -0.2566628 -0.9601873 -0.1913843 -0.2035003 -0.9674012 -0.2464129 -0.05844444 -0.8772819 -0.4341393 0.204694 -0.830726 -0.49752 0.2497366 -0.8225449 -0.4940702 0.2816283 -0.831927 -0.4384105 0.3401381 -0.8403288 -0.4206222 0.3419424 -0.7997614 -0.524171 0.2926202 -0.623901 -0.7588258 0.1868987 -0.6663328 -0.7307595 0.1482943 -0.6984559 -0.7069402 0.111333 -0.7214146 -0.6880265 0.07861763 -0.6555864 -0.7540724 0.03976672 -0.6671813 -0.744517 0.02374392 -0.6522839 -0.7579714 -0.002319395 -0.5241286 -0.851625 -0.004913508 -0.4764974 -0.8790466 -0.01507651 -0.4717987 -0.8810328 -0.03445631 -0.4630396 -0.884878 -0.0508452 -0.5420513 -0.8244453 -0.1626977 -0.6019986 -0.7512088 -0.2707086 -0.61348 -0.6961278 -0.3728919 -0.6479236 -0.6366314 -0.4182052 -0.6010879 -0.646654 -0.4696084 -0.5473626 -0.6577507 -0.5174537 -0.4863249 -0.6694101 -0.5615854 -0.4181174 -0.6809515 -0.6012345 -0.3434028 -0.6917803 -0.6352281 -0.2631408 -0.7010985 -0.6627352 -0.1781103 -0.7082908 -0.6830819 -0.08783453 -0.7112829 -0.6973966 -0.001159667 -0.6924145 -0.7214991 0.1856781 -0.6376354 -0.7476262 0.2744262 -0.6307957 -0.7258011 0.3582392 -0.6220203 -0.696244 0.4364026 -0.6119219 -0.6596244 0.5079363 -0.601204 -0.616891 0.8317767 -0.3597936 -0.4227247 0.8381231 -0.4354199 -0.3285716 0.8329566 -0.5046325 -0.2270007 0.8380233 -0.5130257 -0.1858001 0.8121496 -0.5802638 -0.06088602 0.9553064 -0.2956073 -0.002471983 0.8956201 -0.4448192 -7.93502e-4 0.8566271 -0.5159355 -7.93512e-4 0.7615113 -0.6479499 0.01617509 0.7331199 -0.6557551 0.1803349 0.7441889 -0.6125581 0.2663747 0.797105 -0.474088 0.3739844 0.7588494 -0.5219016 0.3895722 0.6900351 -0.6307367 0.3549973 0.7076876 -0.6158848 0.3462139 0.7076866 -0.6410625 0.297016 0.8282993 -0.5313751 0.177654 0.7735754 -0.6094115 0.1737775 0.8185794 -0.5533391 0.1540902 0.845665 -0.5143147 0.1425871 0.8571917 -0.5035967 0.1077631 0.8589938 -0.5023767 0.09872961 0.8717438 -0.484275 0.07443577 0.8909883 -0.4512928 0.04974687 0.8739226 -0.4831219 0.05340892 0.9144456 -0.4044094 0.01556473 0.9458646 -0.3199984 -0.05423337 0.9452469 -0.326344 -0.002838253 0.9028913 -0.07413202 -0.4234287 0.8649978 -0.0237742 -0.5012122 0.8040971 0.105689 -0.5850282 0.7919109 0.02682632 -0.6100473 0.7735434 0.003387629 -0.6337343 0.5220674 0.4270905 -0.7382678 0.4403365 0.4392073 -0.7830713 0.3547252 0.4474732 -0.8209372 0.265978 0.4517812 -0.8515571 0.1748433 0.4520779 -0.8746744 -0.1027897 0.4055129 -0.9082916 -0.2872205 0.378566 -0.879882 -0.4636196 0.3579005 -0.8105332 -0.5447728 0.3408416 -0.7661917 -0.6211203 0.320784 -0.7150574 -0.6919583 0.2978659 -0.6576244 -0.7566764 0.2723278 -0.5943723 -0.888786 0.2566071 -0.3797529 -0.95326 0.1744769 -0.2466848 -0.914437 0.01831132 -0.4043141 -0.8911914 -0.004333674 -0.453607 -0.9695953 -0.02996987 -0.2428718 -0.981019 -0.1438689 -0.1300131 -0.9440161 -0.1046804 -0.312851 -0.9579124 -0.1987118 -0.2071657 -0.9537511 -0.2355766 -0.1867156 -0.9491463 -0.2845302 -0.1347727 -0.9484474 -0.288224 -0.1318127 -0.9659712 -0.2104926 -0.1503083 -0.9465145 -0.3226463 -0.003112912 -0.9190297 -0.3817973 0.0980587 -0.8760251 -0.4487859 0.176554 -0.849535 -0.4734458 0.232679 -0.8330212 -0.4962419 0.2445808 -0.7738665 -0.551964 0.3105903 -0.7756407 -0.4966969 0.3894531 -0.8315232 -0.428366 0.3536552 -0.830438 -0.4395431 0.3423077 -0.8336859 -0.4143862 0.365037 -0.7600457 -0.551845 0.3432168 -0.6687685 -0.680671 0.2990582 -0.6261341 -0.73109 0.2710419 -0.6393448 -0.7668536 0.05633825 -0.6735068 -0.7390629 0.01321494 -0.5896568 -0.8076538 -3.66228e-4 -0.5081188 -0.8610765 -0.0190441 -0.449728 -0.8906361 -0.06717228 -0.5748944 -0.7508999 -0.3250319 -0.00125128 -0.6923362 -0.721574 0.09317475 -0.6427929 -0.7603524 0.5721241 -0.5906191 -0.5690721 0.5923523 -0.5189225 -0.6163101 0.6079798 -0.4432048 -0.6587338 0.6700913 -0.4368595 -0.6001095 0.7247342 -0.4320572 -0.5367373 0.7717629 -0.429493 -0.468954 0.8110271 -0.4296545 -0.3970291 0.8100653 -0.4991379 -0.3076618 0.7791564 -0.5633853 -0.2747953 0.8435575 -0.5142832 -0.1546725 0.8440961 -0.5243174 -0.1122186 0.8926032 -0.4507422 -0.009552538 0.8127672 -0.5825884 -6.40911e-4 0.6734253 -0.7391625 0.01171916 0.6669377 -0.7447619 0.02288943 0.6552788 -0.7543749 0.03909516 0.694479 -0.7112344 0.1088337 0.7640767 -0.5417754 0.3502374 0.7435993 -0.5517863 0.3776136 0.7448394 -0.5258067 0.4107818 0.7321749 -0.5283402 0.4298563 0.7078428 -0.5863135 0.393948 0.7076806 -0.662329 0.2459852 0.8266385 -0.5511432 0.1136223 0.8745387 -0.4792185 0.07437622 0.8765711 -0.4775636 0.05963438 0.8313821 -0.5514876 0.06830263 0.9172163 -0.3970515 0.03262472 0.9309065 -0.3651661 0.008179187 0.9531865 -0.3023266 -0.005859732 0.9758554 -0.1893724 -0.1088319 0.9708603 -0.1689514 -0.1699585 0.9620313 -0.1353533 -0.2370133 0.9290196 -0.1211897 -0.3496221 0.8421418 -0.009094655 -0.5391795 0.8096399 0.05780303 -0.5840736 0.7978343 0.01916605 -0.6025722 0.7892159 0.09564584 -0.606622 0.7406688 0.2080184 -0.638857 0.6764996 0.3150854 -0.6656346 0.5991503 0.4111834 -0.6869842 0.0821886 0.4484208 -0.8900358 -0.01116985 0.440753 -0.8975589 -0.1044969 0.4292187 -0.8971353 -0.1957495 0.3979386 -0.8962851 -0.287004 0.3868023 -0.8763633 -0.4630299 0.366194 -0.8071588 -0.8078702 0.2891681 -0.5135443 -0.8425746 0.2573075 -0.4731394 -0.9323268 0.26341 -0.2477537 -0.9655026 0.08453792 -0.2462892 -0.9387385 0.02304196 -0.3438593 -0.9627618 0.0204479 -0.269577 -0.9910936 -0.04940968 -0.1236616 -0.9875386 -0.09576904 -0.1248843 -0.9709493 -0.1692004 -0.1692004 -0.9623955 -0.136116 -0.2350901 -0.9542738 -0.2366152 -0.1826878 -0.951003 -0.285658 -0.1182917 -0.9566252 -0.2745509 -0.09741735 -0.8260939 -0.5200168 0.2171441 -0.8231968 -0.5152572 0.2384472 -0.7735729 -0.5264581 0.3527421 -0.7715008 -0.507996 0.3830494 -0.8066928 -0.4519336 0.3807924 -0.8039702 -0.4640461 0.3718778 -0.7131862 -0.6161333 0.3342831 -0.6809145 -0.6732236 0.2883151 -0.576263 -0.7868452 0.2208977 -0.588186 -0.8009621 0.1117898 -0.6165835 -0.7828227 0.08374524 -0.5489125 -0.8350269 0.03775179 -0.562438 -0.8263983 0.02700942 -0.5719304 -0.8201433 0.01614463 -0.5242863 -0.8515419 -5.18823e-4 -0.3871623 -0.9220056 -0.003326535 -0.383901 -0.9233585 -0.005401849 -0.3775551 -0.9259272 -0.01052916 -0.3639433 -0.9312981 -0.01513755 -0.4315138 -0.8982165 -0.0836842 -0.5197723 -0.8330518 -0.1893715 -0.5330232 -0.8005572 -0.2738515 -0.5339567 -0.7623898 -0.3655846 -0.5695185 -0.7070073 -0.4192725 -0.5188917 -0.7188856 -0.4625527 -0.4612404 -0.7313069 -0.5024416 -0.3966287 -0.7435415 -0.5383603 -0.3257874 -0.7548503 -0.5692659 -0.2496761 -0.7645321 -0.5942665 -0.1690149 -0.7719814 -0.6127632 0 -0.749158 -0.6623915 0.0891149 -0.711912 -0.6965916 0.1781398 -0.7083169 -0.6830472 0.2631692 -0.7010928 -0.6627299 0.3434309 -0.6917144 -0.6352847 0.4182047 -0.6808225 -0.60132 0.4864475 -0.6691668 -0.5617693 0.5475234 -0.6573944 -0.5177363 0.7610579 -0.6213409 -0.1863504 0.8468031 -0.5275467 -0.06796514 0.8559443 -0.5168139 -0.01620572 0.809851 -0.5863912 -0.01693797 0.7644711 -0.6446534 -0.002441465 0.7097566 -0.7044463 -0.001068174 0.6384113 -0.7671434 0.06262642 0.6168863 -0.782545 0.08411115 0.6625026 -0.7348322 0.1453001 0.6892414 -0.6858537 0.2335619 0.679908 -0.6738346 0.2892615 0.6878583 -0.638416 0.3453636 0.7034082 -0.5854513 0.4030681 0.635926 -0.6481642 0.4189049 0.6349556 -0.6734406 0.3785623 0.6349515 -0.7009645 0.3247851 0.8318556 -0.5542551 0.02859622 0.9216862 -0.3878407 0.008606433 0.9372749 -0.3468506 0.03479182 0.9419337 -0.3357378 0.006408929 0.940483 -0.3397715 0.006866812 0.9648271 -0.2617003 -0.02493399 0.9703577 -0.2364016 -0.05020403 0.9725679 -0.1685849 -0.1602839 0.9430347 -0.1030623 -0.3163286 0.9433496 -0.1008965 -0.3160877 0.9211367 -0.06637966 -0.3835374 0.8943031 0.004272639 -0.4474415 0.8411602 -0.01251268 -0.5406412 0.8127381 0.05170023 -0.580331 0.8018529 0.02319431 -0.5970712 0.510586 0.4937089 -0.7039556 0.4297099 0.5010027 -0.7512294 0.3450245 0.5038487 -0.7918931 0.2572762 0.5022838 -0.8255423 0.1672466 0.4962465 -0.8519203 0.07574784 0.4858301 -0.8707648 -0.1969106 0.4138724 -0.8887835 -0.4616707 0.3744761 -0.8041317 -0.5436456 0.3572014 -0.7595108 -0.6194206 0.3450211 -0.7051799 -0.6897045 0.3298521 -0.6445971 -0.7538891 0.3117247 -0.5783417 -0.842768 0.2618275 -0.4703069 -0.9028365 0.3507216 -0.2487584 -0.9544243 0.2694532 -0.1283329 -0.975838 0.1767037 -0.1285145 -0.9809251 0.0162363 -0.1937068 -0.9796952 0.01232969 -0.200114 -0.9907249 -0.1350447 -0.01507616 -0.9702734 -0.1737775 -0.1684367 -0.962151 -0.2343575 -0.1390764 -0.9538669 -0.2756158 -0.119054 -0.9373909 -0.3444069 -0.05179071 -0.9309585 -0.3622937 -0.04538208 -0.9404616 -0.3369059 -0.0450164 -0.9166265 -0.3964194 0.05145609 -0.8748479 -0.4619466 0.1457622 -0.82919 -0.5190488 0.2074425 -0.82917 -0.5112233 0.2261151 -0.7731971 -0.5757092 0.2659419 -0.7086533 -0.585051 0.3943677 -0.7488006 -0.5286316 0.3998079 -0.8188134 -0.4582535 0.3457579 -0.7884045 -0.4710651 0.3956214 -0.7477474 -0.5454976 0.3785583 -0.6512185 -0.6816767 0.3335137 -0.5747099 -0.7645097 0.2919481 -0.5496885 -0.8223811 0.1467382 -0.5763937 -0.8171325 0.008057177 -0.5241569 -0.8516215 -7.32446e-4 -0.4831496 -0.8705299 -0.0935108 -0.3841449 -0.9232664 -0.003448665 -0.3800573 -0.9249191 -0.009003162 -0.3729783 -0.927761 -0.01211619 -0.3691639 -0.9292578 -0.01406943 -0.3577807 -0.9336542 -0.01681625 -0.3513695 -0.9360597 -0.01822006 -0.4943149 -0.8125662 -0.3088514 -0.08346891 -0.7781379 -0.6225226 0.6014944 -0.6462655 -0.4696228 0.6289135 -0.5807538 -0.5169072 0.6519007 -0.5106555 -0.5605857 0.7039607 -0.5038754 -0.5005488 0.7485084 -0.4991378 -0.4365739 0.7854 -0.4969978 -0.3689717 0.7361542 -0.6322973 -0.241407 0.7704026 -0.6247638 -0.127083 0.8096383 -0.5867276 -0.01538157 0.6528907 -0.7574485 -0.00238043 0.5762254 -0.8172628 0.00677514 0.5716517 -0.8203511 0.0154426 0.562069 -0.8266689 0.02639895 0.5884323 -0.8007513 0.1120038 0.6673124 -0.676163 0.3122466 0.7102435 -0.6131618 0.3458133 0.7107089 -0.5913774 0.3810061 0.68958 -0.640963 0.3371144 0.6812801 -0.5915842 0.4311447 0.6551453 -0.6069563 0.4498764 0.6349514 -0.72422 0.2689654 0.7076748 -0.6795364 0.19346 0.7735689 -0.6211868 0.1253727 0.7735671 -0.6290898 0.07641977 0.8314934 -0.555509 0.005340814 0.9171265 -0.398395 0.01266533 0.9549573 -0.2967417 0.001007139 0.9724318 -0.2320676 -0.02282828 0.9793937 -0.1989246 -0.03488349 0.9804553 -0.1475291 -0.1301637 0.9613996 -0.09830063 -0.2569978 0.8915367 -0.03375458 -0.4516891 0.8517036 -0.008423328 -0.5239562 0.8380578 0.05752867 -0.5425402 0.7991319 0.1761844 -0.5747585 0.7425932 0.2890474 -0.6041581 0.6709742 0.3916279 -0.62962 0.586954 0.4820579 -0.6504654 -0.01641929 0.4711251 -0.8819137 -0.1084646 0.4522615 -0.8852655 -0.1995947 0.4294035 -0.8807807 -0.2875856 0.3948312 -0.8725841 -0.4595571 0.382771 -0.8014324 -0.8424247 0.3559468 -0.404503 -0.8569132 0.2625857 -0.4435635 -0.8647876 0.3370828 -0.3721797 -0.9255555 0.3559453 -0.1290351 -0.9879778 0.08786296 -0.1272014 -0.9725439 -0.01217699 -0.232401 -0.9870274 -0.1225658 0.1037048 -0.9926102 -0.120063 -0.01760959 -0.9856272 -0.1666059 -0.02795583 -0.9741955 -0.2002654 -0.1041001 -0.9590554 -0.2754328 -0.06595122 -0.9271348 -0.3733686 -0.03189224 -0.8249374 -0.5286253 0.2000847 -0.7076876 -0.6158848 0.3462139 -0.7164424 -0.5857279 0.3789896 -0.7490406 -0.5304293 0.3969674 -0.7024084 -0.5961697 0.3888501 -0.5189803 -0.8206328 0.23921 -0.5275265 -0.8308275 0.1773173 -0.5058456 -0.8592813 0.0758692 -0.5298519 -0.8461883 0.05676656 -0.450158 -0.8927472 0.01898288 -0.4608039 -0.8873962 0.01370292 -0.4674937 -0.8839592 0.008118093 -0.4723498 -0.8814023 0.003967523 -0.3810261 -0.9245643 -3.66225e-4 -0.3698302 -0.9290924 0.003601193 -0.3369621 -0.9412415 -0.02282828 -0.4203043 -0.9020429 -0.09830087 -0.4851672 -0.8457235 -0.2221813 -0.4508317 -0.8570137 -0.2495566 -0.4863207 -0.7748171 -0.4039193 -0.4323019 -0.7875739 -0.4391382 -0.371723 -0.8000591 -0.4708797 -0.3053144 -0.8114757 -0.4982874 -0.2339602 -0.8211803 -0.5205051 -0.1583635 -0.8286544 -0.5368919 -6.71416e-4 -0.8019148 -0.5974381 0.0842632 -0.7777789 -0.6228641 0.1690469 -0.7720187 -0.6127074 0.249678 -0.7645991 -0.5941795 0.325733 -0.7549572 -0.5691553 0.3965391 -0.7436978 -0.5382104 0.461114 -0.7314527 -0.5023454 0.5187338 -0.7190614 -0.4624565 0.7550464 -0.5614322 -0.3386722 0.6603721 -0.7261407 -0.1913852 0.6755784 -0.7230057 -0.144418 0.7742738 -0.6298261 -0.06180149 0.8095247 -0.5869473 -0.01275706 0.760136 -0.6496573 -0.01178032 0.7016068 -0.7125327 -0.006714224 0.5891094 -0.8080531 -4.57786e-4 0.5481531 -0.8352766 0.0429098 0.5301524 -0.8459672 0.05725437 0.50607 -0.8591166 0.07623702 0.551261 -0.8222069 0.1417292 0.6229605 -0.7600532 0.1850386 0.6267813 -0.7302733 0.2717466 0.571994 -0.7645712 0.2970755 0.6512558 -0.7006669 0.2914308 0.671002 -0.6259858 0.3973641 0.6363962 -0.6401501 0.4303579 0.5346734 -0.760366 0.3687382 0.5579283 -0.7227644 0.407833 0.5560985 -0.75411 0.3493889 0.7734154 -0.633058 0.03265541 0.8031722 -0.5957336 0.003997981 0.8576757 -0.5141842 0.002655148 0.9232051 -0.3842669 0.005615472 0.9262324 -0.3769142 0.005401909 0.9684043 -0.2479684 -0.02655166 0.9761611 -0.2156801 -0.02432388 0.923067 -0.05011159 -0.381361 0.8917145 -0.03479206 -0.4512591 0.8664663 -0.01254332 -0.499078 0.8398174 6.10377e-5 -0.5428691 0.4926731 0.5578929 -0.6678539 0.4131075 0.5605152 -0.71775 0.3298573 0.558206 -0.7613148 0.2436973 0.5509361 -0.7981736 0.1553752 0.5388234 -0.827966 0.06567746 0.5219404 -0.8504498 -0.0245679 0.500423 -0.8654325 -0.2889548 0.4027299 -0.8685125 -0.4567207 0.3909212 -0.7991163 -0.5409502 0.3736143 -0.7535154 -0.615443 0.3694001 -0.6962569 -0.684483 0.3619263 -0.6328446 -0.7486309 0.3525859 -0.5614579 -0.8522338 0.3446596 -0.3935828 -0.8324128 0.3083056 -0.4604746 -0.8647624 0.435662 -0.2497693 -0.8854636 0.4461958 -0.1298606 -0.9332457 0.3581424 -0.02804708 -0.9713869 0.2351788 -0.03314352 -0.9853794 0.1605319 -0.0570712 -0.980915 4.88306e-4 -0.1944373 -0.984675 -0.01937973 -0.1733191 -0.9976216 -0.06561493 -0.02111881 -0.9943432 -0.1041922 -0.02063089 -0.9696568 -0.2443979 0.005951225 -0.9467933 -0.3182834 -0.04773181 -0.9161211 -0.4004406 0.01922696 -0.9026452 -0.4297148 0.02401882 -0.9173064 -0.3980885 0.008636832 -0.8792514 -0.4656889 0.1002548 -0.8285656 -0.5276463 0.1872658 -0.7724952 -0.5952717 0.2211401 -0.7076866 -0.6410625 0.297016 -0.7030438 -0.5827975 0.4075249 -0.7124056 -0.5884068 0.3824339 -0.733269 -0.5200271 0.4380509 -0.6221686 -0.7035332 0.3434348 -0.504787 -0.8075066 0.3051611 -0.4691683 -0.8734226 0.1304381 -0.4757034 -0.8736438 0.1022394 -0.4657816 -0.8848997 2.13633e-4 -0.3799883 -0.9249913 2.74668e-4 -0.3484999 -0.9373089 -3.05193e-5 -0.3339368 -0.9422377 -0.02597147 -0.3331805 -0.9425618 -0.02383565 -0.4367034 -0.8837834 -0.1679793 -0.4497661 -0.8251867 -0.341727 -0.07831239 -0.8321989 -0.5489192 0.5696909 -0.7069635 -0.419112 0.6481399 -0.63639 -0.4182375 0.6783196 -0.5722349 -0.4609009 0.7204005 -0.5656083 -0.4013856 0.7134176 -0.6342507 -0.2979288 0.6384981 -0.7329558 -0.2347253 0.6837177 -0.7232398 -0.09723359 0.7019019 -0.7122478 -0.006073236 0.6420888 -0.7666062 -0.006073236 0.5249639 -0.8511245 -4.8831e-4 0.4718578 -0.88167 0.002899289 0.4671205 -0.8841598 0.007751762 0.460285 -0.8876706 0.01336723 0.4737784 -0.8748909 0.1004993 0.6265658 -0.6620905 0.411159 0.6385242 -0.6437125 0.4218069 0.580293 -0.6709352 0.4616342 0.5560865 -0.7791192 0.289381 0.6349518 -0.7430202 0.211559 0.7076778 -0.6925709 0.1397776 0.7076867 -0.7013692 0.0852105 0.786784 -0.617189 0.006988883 0.8673082 -0.4977279 0.006591975 0.8832454 -0.4688608 0.006866693 0.9704705 -0.2410382 0.009369254 0.9840043 -0.176127 -0.02673488 0.9878159 -0.09424334 -0.123847 0.8603534 0.01138347 -0.5095711 0.8427526 0.1442635 -0.51861 0.7963159 0.2597518 -0.5462692 0.7352424 0.3667514 -0.5700106 0.65802 0.4659945 -0.5914886 0.5679061 0.5503574 -0.6120372 -0.1146614 0.4744853 -0.8727638 -0.2037481 0.4443637 -0.872369 -0.2910611 0.4103299 -0.8642411 -0.4531505 0.3988567 -0.7972251 -0.5367791 0.3899187 -0.7482191 -0.8008168 0.3748946 -0.4670617 -0.8036054 0.3542688 -0.4782385 -0.8314486 0.4129012 -0.3717606 -0.9098918 0.4129824 -0.03927785 -0.9222093 0.3860113 -0.02292019 -0.943264 0.3272293 -0.05633884 -0.9651001 0.2613946 -0.01596134 -0.9790902 0.2014885 -0.02801668 -0.9834039 0.1792057 -0.02832132 -0.9885284 0.122166 0.08880913 -0.9523601 0.04300189 -0.3019291 -0.9810578 0.007995903 -0.1935503 -0.9857798 -0.0202344 -0.1668196 -0.9983359 -0.05325555 -0.02212619 -0.9979837 -0.06332767 -0.004272699 -0.9974858 -0.07083475 -0.002166807 -0.9939587 -0.1092259 0.010773 -0.9838338 -0.1606813 -0.07907414 -0.9732481 -0.2248023 -0.04745686 -0.9441412 -0.329424 -0.008789479 -0.9392154 -0.3432753 0.006042659 -0.9253088 -0.3791999 0.003326535 -0.9128334 -0.4075247 0.02566671 -0.9082447 -0.4179574 0.02008146 -0.8903705 -0.4515637 0.05771201 -0.8438846 -0.5153156 0.1493606 -0.8304557 -0.5261191 0.1831452 -0.6349556 -0.6734406 0.3785623 -0.634805 -0.6433199 0.4279745 -0.6857715 -0.5914665 0.4241285 -0.6981683 -0.6050528 0.3827169 -0.5509998 -0.7553587 0.3547286 -0.4546079 -0.8567844 0.2434178 -0.4565045 -0.8710759 0.1811918 -0.4675182 -0.8730526 0.1385861 -0.4161905 -0.908496 0.03769123 -0.4353257 -0.8997972 0.02926784 -0.3792006 -0.9253104 0.002777218 -0.3811776 -0.9245007 0.001434326 -0.3823407 -0.9240206 0.001281738 -0.3767527 -0.9263019 0.004730343 -0.3200203 -0.9472736 -0.01611393 -0.3824338 -0.9169438 -0.1138359 -0.4042547 -0.8949698 -0.188699 -0.4095419 -0.8693496 -0.2765988 -0.3996525 -0.8379122 -0.3717272 -0.3435259 -0.8502082 -0.3989185 -0.2819971 -0.8614339 -0.4223852 -0.2159878 -0.8709403 -0.4413757 -0.1461582 -0.8782008 -0.4554131 -7.32458e-4 -0.8019804 -0.59735 0.07916665 -0.8325015 -0.5483376 0.1584526 -0.8287023 -0.5367918 0.2339922 -0.8212465 -0.5203863 0.3053103 -0.8115563 -0.4981586 0.3716962 -0.8001585 -0.4707317 0.4321901 -0.7877146 -0.438996 0.4861766 -0.7749832 -0.4037738 0.6137166 -0.6959055 -0.3729177 0.5411096 -0.8251235 -0.1623939 0.5607392 -0.8176239 -0.1306245 0.5746423 -0.8124463 -0.09857636 0.6851862 -0.7266923 -0.04938 0.5747148 -0.818353 -0.001159727 0.523796 -0.8518438 -2.7467e-4 0.4507029 -0.8924028 0.02200406 0.437917 -0.8985097 0.03015273 0.4191451 -0.9070184 0.0404374 0.3934603 -0.9176062 0.05646145 0.4592856 -0.8770954 0.1405721 0.5260263 -0.8315829 0.1782312 0.5765974 -0.7859279 0.2232777 0.6165582 -0.7079645 0.3444449 0.5983626 -0.6875402 0.411401 0.5888087 -0.6564396 0.4715842 0.5296907 -0.7616364 0.3732799 0.5442238 -0.7172083 0.4352386 0.4691421 -0.777051 0.4196398 0.4718607 -0.799975 0.3706583 0.7075225 -0.7057524 0.03640913 0.7718604 -0.6357448 0.007751822 0.991288 -0.1310486 -0.0132147 0.9666634 -0.06286942 -0.2482122 0.9285644 -0.03192263 -0.3697961 0.8725517 -0.007507741 -0.4884641 0.8760005 -0.003235042 -0.4822993 0.8889708 0.03326618 -0.4567542 0.8818611 0.1185683 -0.4563581 0.8606401 0.2089951 -0.4643489 0.8509537 0.2320339 -0.4712091 0.4685068 0.6191212 -0.6302304 0.3906818 0.6172901 -0.6828768 0.309407 0.6100243 -0.7294777 0.2253832 0.5973494 -0.7696599 0.1393491 0.5794004 -0.8030424 0.05209648 0.5563673 -0.8293017 -0.03561586 0.528348 -0.8482806 -0.1230545 0.4956973 -0.8597336 -0.2939001 0.4174724 -0.8598486 -0.4489117 0.4065506 -0.7957355 -0.5311515 0.4060239 -0.7436549 -0.609255 0.3936063 -0.6883913 -0.6763138 0.3938551 -0.6224773 -0.7381428 0.3870778 -0.5525541 -0.8182831 0.5172713 -0.2506854 -0.8397081 0.5273125 -0.1297375 -0.894246 0.4468636 -0.02523946 -0.951471 0.3075434 0.0109564 -0.951894 0.3028725 -0.04654175 -0.9854164 0.1700804 0.005218684 -0.9956397 0.09286814 0.00878936 -0.9970817 0.07168877 -0.02624619 -0.9332963 0.04147505 -0.3567041 -0.9641475 0.03341799 -0.2632545 -0.9892722 -0.02356064 -0.1441715 -0.9982264 -0.05209648 -0.0288102 -0.9984712 -0.05527055 7.01945e-4 -0.9971842 -0.07492458 -0.003204464 -0.997356 -0.07263481 0.002319395 -0.9739022 -0.2266365 -0.01226872 -0.9676851 -0.2482159 0.04443651 -0.951658 -0.3071174 -0.005096733 -0.9417949 -0.3360174 0.01071226 -0.9301737 -0.3671192 -6.1039e-4 -0.9209003 -0.3891257 0.02288973 -0.8811566 -0.4720438 0.02716225 -0.9022648 -0.4302574 0.02823007 -0.8742876 -0.4787569 0.08008271 -0.8480706 -0.5148303 0.1254038 -0.8370766 -0.5232186 0.1598283 -0.824395 -0.537694 0.1767999 -0.7076806 -0.662329 0.2459852 -0.6349515 -0.7009645 0.3247851 -0.6432608 -0.6273602 0.4389019 -0.6660438 -0.6043651 0.4371827 -0.6708816 -0.6298328 0.3914443 -0.62696 -0.6689853 0.3992243 -0.4779324 -0.8019865 0.3583272 -0.4381081 -0.8464596 0.3026013 -0.4037722 -0.8953794 0.1877861 -0.3963825 -0.9095311 0.1250368 -0.4099982 -0.9071598 0.0946713 -0.3914075 -0.9188386 0.0503565 -0.3619827 -0.9321643 0.006195247 -0.3682093 -0.9297248 0.005829036 -0.3819204 -0.9241901 0.003112971 -0.3839322 -0.92336 0.001617491 -0.3250604 -0.945608 0.01269596 -0.4020871 -0.9155989 -0.00213629 -0.3280491 -0.9427939 -0.05935949 -0.3550244 -0.926213 -0.1268358 -0.07046854 -0.884077 -0.4619979 0 -0.846567 -0.5322822 0.5336382 -0.7624754 -0.365871 0.5751687 -0.7507164 -0.3249707 0.6512824 -0.6866238 -0.3230776 0.6877205 -0.6280554 -0.364125 0.5199579 -0.8331779 -0.1883043 0.5826165 -0.810017 -0.06656295 0.5842255 -0.8108597 -0.03445595 0.5748254 -0.8182756 -0.00100708 0.5060057 -0.862529 -0.00137335 0.4659389 -0.8848169 0 0.3811257 -0.9245228 9.76619e-4 0.378897 -0.9254365 0.002105772 0.3763344 -0.9264768 0.00363177 0.353078 -0.9346234 0.04260492 0.407886 -0.9075121 0.1002548 0.4691357 -0.8734494 0.1303765 0.5203846 -0.818375 0.2438492 0.5054262 -0.807107 0.3051601 0.5467803 -0.7236385 0.4211636 0.5311328 -0.7651267 0.3639769 0.5030495 -0.7418935 0.4433232 0.471862 -0.8264986 0.3069956 0.5560891 -0.7993571 0.2275812 0.6349563 -0.7572781 0.1528412 0.6349497 -0.7669143 0.09317475 0.7084383 -0.7057221 0.008453726 0.99304 -0.116523 -0.01715189 0.9688609 -0.02829122 -0.2459843 0.8765093 -0.002563595 -0.4813781 0.8731579 -0.00363177 -0.4874241 0.8758073 -0.001068115 -0.4826599 0.8905462 -0.005798578 -0.454856 0.8954183 0.01532036 -0.4449625 0.8873794 0.05591136 -0.4576371 0.8764613 0.09076523 -0.4728398 0.876357 0.1528093 -0.4567799 0.8607995 0.1951104 -0.4700597 0.8419005 0.2685377 -0.4680718 0.7855821 0.3382083 -0.5181466 0.7151305 0.4446371 -0.5393388 0.635297 0.5350095 -0.5569226 0.5411372 0.6136204 -0.5750135 -0.2093945 0.458617 -0.8636113 -0.2974687 0.4243056 -0.8552644 -0.4440228 0.4139614 -0.7946571 -0.5241063 0.4217754 -0.7398771 -0.8001437 0.3525235 -0.4852805 -0.7853986 0.4902828 -0.3778519 -0.8499875 0.5258441 -0.03177034 -0.8942278 0.4469002 -0.02523976 -0.8986364 0.4385297 0.01202452 -0.9965495 0.07455885 -0.03647065 -0.9727681 0.04547351 -0.2272762 -0.9910823 -0.02572768 -0.1307445 -0.9967102 -0.07409936 -0.0328381 -0.9992187 -0.03949141 -0.001586973 -0.9971508 -0.07541269 -0.001800596 -0.9968216 -0.0794112 0.006378531 -0.9981669 -0.06012314 0.006927847 -0.9544819 -0.2982317 0.004730403 -0.9634983 -0.2668924 -0.02096682 -0.9419047 -0.3357994 0.007385551 -0.8893562 -0.4550088 0.04486298 -0.8764342 -0.4767315 0.06775134 -0.865532 -0.4928894 0.08896422 -0.8592346 -0.5007573 0.1046805 -0.8550188 -0.5043256 0.1208245 -0.8194965 -0.5525466 0.1520457 -0.7734525 -0.6095329 0.1738994 -0.5575885 -0.7225456 0.4086846 -0.5709917 -0.7030196 0.4239481 -0.614475 -0.6518305 0.4444521 -0.5913982 -0.6904936 0.4164935 -0.5443124 -0.7293512 0.4144526 -0.3963881 -0.8859829 0.2406467 -0.3469668 -0.9200463 0.1820133 -0.347886 -0.9289675 0.1264707 -0.3335141 -0.9426779 0.01126158 -0.3491042 -0.9370485 0.008148491 -0.3581385 -0.9336319 0.008270561 -0.3213406 -0.9469004 0.01095652 -0.3007012 -0.9536191 -0.0137639 -0.3027498 -0.9508234 -0.06540244 -0.3662931 -0.9065769 -0.2096373 -0.3635505 -0.8816221 -0.3009546 -0.3122173 -0.8933749 -0.3231129 -0.256053 -0.9040289 -0.3422992 -0.1959368 -0.9130289 -0.3577525 -0.1325439 -0.9198423 -0.3692187 0.0733993 -0.8830201 -0.4635604 0.1463097 -0.8782249 -0.4553182 0.2160781 -0.8709964 -0.4412206 0.2820286 -0.8614978 -0.422234 0.3434884 -0.8503131 -0.3987273 0.3995619 -0.8380362 -0.371545 0.4496112 -0.8253351 -0.3415727 0.6019859 -0.751254 -0.2706114 0.4216463 -0.9015223 -0.09732407 0.4321467 -0.8980168 -0.08255344 0.4491829 -0.8908276 -0.06827163 0.4629748 -0.8849014 -0.05102789 0.4324908 -0.9016354 0.002288937 0.3810363 -0.9245586 0.001709043 0.3806588 -0.9247142 0.001617431 0.3777684 -0.9258957 0.002868771 0.3732228 -0.9277314 0.004394769 0.3668714 -0.930256 0.005401849 0.3570739 -0.9340382 0.008423268 0.3392812 -0.9406302 0.01016283 0.3195329 -0.9473372 0.02124112 0.332292 -0.9412094 0.0608856 0.3999878 -0.9092658 0.1150888 0.4597115 -0.8703786 0.1763707 0.4578158 -0.8526403 0.2518124 0.5500162 -0.7584619 0.3495969 0.5152548 -0.7468951 0.4203097 0.4692956 -0.7644173 0.4420723 0.372704 -0.8362645 0.4021858 0.3830794 -0.8381235 0.3883287 0.6348006 -0.771649 0.03982758 0.6960188 -0.7179926 0.006683647 0.9943353 -0.1005597 -0.03442525 0.992093 -0.04577904 -0.1168586 0.8911117 -0.004089593 -0.4537656 0.8938283 -2.74667e-4 -0.4484095 0.9126763 0.01999002 -0.4081941 0.9276853 0.08939003 -0.3625044 0.9152376 0.1744777 -0.3631774 0.8947776 0.2583102 -0.3642101 0.8418725 0.2687827 -0.4679816 0.8184357 0.3194758 -0.4775963 0.7995477 0.3780745 -0.4666724 0.7798379 0.4077729 -0.4749466 0.6948616 0.5230384 -0.4935568 0.4382496 0.6768454 -0.5914539 0.3626241 0.6708027 -0.6469371 0.2837699 0.6588845 -0.6966676 0.2024363 0.641094 -0.7402825 0.1192995 0.6176473 -0.7773542 0.03509694 0.5887744 -0.8075352 -0.04940974 0.5546776 -0.8305972 -0.1335196 0.5156757 -0.8463162 -0.2164438 0.4720745 -0.8545746 -0.301738 0.4306488 -0.8505856 -0.4384397 0.4210743 -0.7940197 -0.5157188 0.4370089 -0.7369242 -0.6008713 0.4175396 -0.6816263 -0.6652771 0.4254001 -0.6135479 -0.8001242 0.3525588 -0.4852872 -0.7844632 0.3988847 -0.4748773 -0.7635575 0.5946953 -0.25163 -0.78205 0.6092818 -0.1310486 -0.8283234 0.5592656 -0.03320491 -0.8735268 0.4846789 -0.04513818 -0.9946947 0.1019018 0.01409959 -0.9974105 0.07165777 -0.006134212 -0.997141 0.07132244 -0.02496433 -0.9961431 0.07056009 -0.0521571 -0.9847781 0.04831111 -0.1669679 -0.9919914 -0.02740609 -0.123297 -0.9968345 -0.07034575 -0.03704977 -0.9970296 -0.07699978 0.001739561 -0.9967792 -0.07989859 0.00689727 -0.9983147 -0.05737614 0.008697926 -0.9232051 -0.3842669 0.005615472 -0.888498 -0.4561361 0.05011206 -0.8309351 -0.5519934 0.06964385 -0.862101 -0.4985585 0.09067195 -0.8476584 -0.5159806 0.1234483 -0.8248545 -0.5542063 0.1116713 -0.7076748 -0.6795364 0.19346 -0.6349514 -0.72422 0.2689654 -0.5560985 -0.75411 0.3493889 -0.5657659 -0.7110375 0.4175339 -0.6100177 -0.6557355 0.4448478 -0.5102478 -0.7513483 0.4184771 -0.4299194 -0.826268 0.3639376 -0.3936354 -0.8664373 0.3071442 -0.2973154 -0.9462392 0.1274165 -0.2895669 -0.9547957 0.06720346 -0.3271946 -0.9427332 0.06479191 -0.3469143 -0.9367938 0.04547393 -0.3434958 -0.9390819 0.01165837 -0.3573134 -0.9339041 0.01226848 -0.2803174 -0.9597933 -0.01480168 -0.3204804 -0.9366292 -0.1414862 -0.0641821 -0.9234232 -0.3783786 -0.002594113 -0.890496 -0.4549837 0.4934618 -0.8127822 -0.3096458 0.5334517 -0.8003759 -0.2735469 0.4376761 -0.8834702 -0.1670927 0.4710395 -0.8814366 -0.03451764 0.4730809 -0.8808503 -0.01724344 0.4309651 -0.9023686 4.27272e-4 0.378646 -0.9255417 1.22075e-4 0.3432178 -0.9392559 -1.52596e-4 0.3712639 -0.9285109 0.005554437 0.3562833 -0.934351 0.007111012 0.3489863 -0.93709 0.008423268 0.34459 -0.9387032 0.009705007 0.3250299 -0.9456385 0.01110899 0.3222249 -0.9465623 0.01382529 0.3119359 -0.9497548 0.02572757 0.3970237 -0.8835907 0.2482733 0.4395996 -0.8458723 0.3020798 0.4648374 -0.7621856 0.4505544 0.4092339 -0.7879791 0.4600182 0.3830767 -0.8659207 0.3216111 0.4718563 -0.8479741 0.2414368 0.5560991 -0.8146923 0.1644095 0.556089 -0.825054 0.1002553 0.6715098 -0.7409711 0.006042718 0.9942843 -0.1063898 0.008942067 0.9779007 0.02267587 -0.2078367 0.9323043 -0.01214665 -0.3614709 0.8328378 0.2982334 -0.4663025 0.823286 0.3267691 -0.464136 0.8174621 0.3695899 -0.4417682 0.791388 0.3774284 -0.4808878 0.7707161 0.4378978 -0.462863 0.7085005 0.5121712 -0.4854975 0.6950203 0.5300624 -0.4857786 0.6038301 0.599832 -0.5249675 0.501551 0.6737703 -0.5426602 -0.3066565 0.436485 -0.8458384 -0.4324239 0.4276019 -0.7938301 -0.5060059 0.4516819 -0.7348072 -0.5903946 0.4409725 -0.6760011 -0.7219124 0.4307852 -0.5415411 -0.7549199 0.4467383 -0.4801262 -0.7274264 0.5689094 -0.3836575 -0.8091265 0.5864885 -0.03668409 -0.8283858 0.5591749 -0.03317445 -0.8288695 0.5593244 0.01147514 -0.9957454 0.08987861 0.02032566 -0.9937469 0.1106299 0.01510667 -0.997422 0.07132285 -0.00790441 -0.9974004 0.07104885 -0.01202458 -0.9957531 0.06555545 -0.06463986 -0.9848133 0.04843342 -0.1667245 -0.9941036 -0.0320757 -0.1035823 -0.9969911 -0.06088519 -0.04797565 -0.9983854 -0.05603212 0.009338676 -0.927791 -0.3731002 3.96753e-4 -0.8832581 -0.468837 0.006866812 -0.8749848 -0.4813789 0.05172997 -0.7735689 -0.6211868 0.1253727 -0.4713377 -0.7695404 0.4308694 -0.5156853 -0.7237967 0.4584615 -0.5391124 -0.6859987 0.4886345 -0.5725962 -0.6530135 0.4956885 -0.5910328 -0.6555806 0.469994 -0.4667028 -0.7785502 0.4195809 -0.3490443 -0.9056171 0.2408854 -0.2505011 -0.960346 0.1224123 -0.2491858 -0.9662552 0.06524914 -0.3149018 -0.9488562 0.02255398 -0.3185634 -0.9477551 0.01666367 -0.2901145 -0.9568956 -0.01358097 -0.2721973 -0.9621056 -0.01617497 -0.2723874 -0.9594445 -0.07260608 -0.3246912 -0.9178883 -0.2281597 -0.2784279 -0.9286729 -0.2450398 -0.2279785 -0.9384049 -0.2596575 -0.1742342 -0.9465537 -0.271438 -0.1177715 -0.9527012 -0.2801613 0.06470012 -0.9249678 -0.3744978 0.1327298 -0.9198613 -0.3691043 0.1960833 -0.9130617 -0.3575888 0.256119 -0.904077 -0.3421227 0.3122133 -0.8934549 -0.3228951 0.3634817 -0.8817255 -0.3007346 0.4093813 -0.8694852 -0.2764102 0.4858696 -0.8454803 -0.2215712 0.3835607 -0.9164806 -0.1137742 0.3317077 -0.9430583 -0.02472013 0.344714 -0.9384949 -0.01999002 0.3614354 -0.9322611 -0.01593083 0.3707498 -0.9286447 -0.01278764 0.3933957 -0.9193679 -0.001648008 0.3783167 -0.9256491 -0.007110953 0.3229554 -0.9463123 0.01388627 0.2790014 -0.9601776 -0.01474046 0.3003671 -0.9535939 0.02093595 0.3472431 -0.9292371 0.1262564 0.4031282 -0.8957083 0.1876015 0.4761617 -0.8032978 0.3577469 0.4672479 -0.7727445 0.4295874 0.4595897 -0.7706421 0.4414612 0.3689447 -0.8316133 0.4150894 0.2865448 -0.8725135 0.3957425 0.5559362 -0.8301199 0.04284882 0.6348248 -0.7726179 0.007690727 0.9955228 -0.08563572 -0.04001009 0.9879213 0.01455742 -0.1542721 0.964914 0.0220651 -0.2616379 0.9428317 0.01623624 -0.3328737 0.9653853 0.09167987 -0.2441846 0.9518678 0.1819563 -0.2466573 0.8651848 0.3431563 -0.3656488 0.8286319 0.4228156 -0.3668736 0.7568527 0.4586163 -0.4656663 0.734359 0.4859917 -0.473845 0.7300577 0.5749574 -0.3693779 0.6949932 0.5300956 -0.485781 0.626632 0.6146988 -0.4790384 0.6132184 0.6362297 -0.4681615 0.5574448 0.6813858 -0.4743087 0.4800426 0.7257254 -0.4928303 0.3291817 0.7205924 -0.6102344 0.2532804 0.7042961 -0.6631864 0.1751188 0.6817973 -0.7102717 0.09540212 0.6532576 -0.7511013 0.01483213 0.6189228 -0.7853118 -0.06586062 0.5791648 -0.8125458 -0.1460021 0.5342626 -0.8326146 -0.2248616 0.484606 -0.8453369 -0.3121182 0.4416716 -0.8411353 -0.4258708 0.4336533 -0.7940901 -0.4951425 0.4655389 -0.7335581 -0.5779469 0.4635905 -0.6716111 -0.6514642 0.4562324 -0.6061736 -0.7533667 0.4473201 -0.4820204 -0.7343304 0.4945079 -0.4649955 -0.7010945 0.6668821 -0.2524575 -0.7196972 0.6815486 -0.132391 -0.7888459 0.6143708 -0.01644951 -0.9958589 0.08801621 0.022767 -0.9939149 0.1097466 0.009430348 -0.9974082 0.07123035 -0.01016265 -0.995217 0.06286865 -0.07477098 -0.9880096 0.05029463 -0.1459705 -0.9943863 -0.03329575 -0.1004366 -0.9969773 -0.05548423 -0.05438554 -0.9984531 -0.05465912 0.01019322 -0.8673082 -0.4977279 0.006591975 -0.8576461 -0.5141237 0.01095628 -0.7076778 -0.6925709 0.1397776 -0.6349518 -0.7430202 0.211559 -0.5560997 -0.7791072 0.2893879 -0.4718607 -0.799975 0.3706583 -0.4881584 -0.748306 0.4491545 -0.509674 -0.7358837 0.4457663 -0.5244432 -0.6816176 0.5102518 -0.4208001 -0.8047024 0.4187858 -0.387048 -0.8476785 0.3628156 -0.3540562 -0.8837825 0.3058965 -0.2841359 -0.9415246 0.1811023 -0.1966313 -0.9784873 0.06244105 -0.2086584 -0.977829 0.01767051 -0.2581027 -0.9659702 0.01687723 -0.3068697 -0.9514944 0.02212631 -0.2367074 -0.9714587 -0.01541221 -0.2522075 -0.9675992 -0.01196336 -0.1843055 -0.9798194 0.07736617 -0.283406 -0.9465689 -0.1539109 -0.05874872 -0.9563382 -0.2862972 -7.01943e-4 -0.9236653 -0.3831998 0.4494558 -0.8573446 -0.2508981 0.4022982 -0.8954506 -0.1905896 0.4827518 -0.8677813 0.117926 0.3162094 -0.9485672 -0.01522904 0.3358963 -0.9415534 -0.02551418 0.3515487 -0.9358662 -0.02383536 0.3555442 -0.9344861 -0.01800608 0.366776 -0.9301851 -0.0151984 0.3767315 -0.9262637 -0.0104376 0.3882983 -0.9215332 -0.001037657 0.2885888 -0.9573543 -0.01376408 0.2783933 -0.9603686 0.01376402 0.2879742 -0.9554481 0.0647301 0.3447703 -0.9201709 0.1855235 0.3490487 -0.904896 0.2435742 0.3940023 -0.8661946 0.3073584 0.4302667 -0.8260157 0.3641 0.4247024 -0.8006659 0.422566 0.3594838 -0.8322542 0.4220478 0.3655943 -0.8090441 0.460205 0.2905997 -0.896977 0.3331428 0.3830756 -0.8884107 0.2529422 0.4718606 -0.8642487 0.1744184 0.4718601 -0.8752347 0.10636 0.595641 -0.8032318 0.00552392 0.5852933 -0.8107981 0.006195306 0.9982441 -0.05316394 -0.02612417 0.9932023 0.01251268 -0.1157271 0.9888375 0.08697837 -0.1209762 0.930369 0.270245 -0.2477525 0.7837041 0.5006074 -0.367696 0.6793128 0.562513 -0.4712889 0.636637 0.6001356 -0.4842836 0.6260989 0.628632 -0.4613264 0.612679 0.6386205 -0.4656055 0.5763084 0.6555688 -0.4879531 0.5404326 0.7047781 -0.4595875 0.4849489 0.7271182 -0.4859256 0.4006643 0.7265247 -0.5582383 -0.23454 0.496059 -0.8360123 -0.3181902 0.4462475 -0.8364319 -0.4189309 0.4391343 -0.7947693 -0.4701831 0.4905397 -0.7336884 -0.4831781 0.4785087 -0.7331905 -0.5635727 0.4853207 -0.6684681 -0.7047191 0.4630985 -0.5375043 -0.7531337 0.445526 -0.4840418 -0.6976611 0.5345379 -0.4770097 -0.6676065 0.6384912 -0.3829238 -0.7495563 0.6606533 -0.0412622 -0.7638347 0.6436806 -0.04724371 -0.9960089 0.08529978 0.02627658 -0.9940024 0.1092273 0.005371332 -0.9940644 0.0583828 -0.0918011 -0.9906842 0.05221837 -0.1257697 -0.9954473 -0.03814905 -0.08734613 -0.9965646 -0.04776209 -0.06766039 -0.9985233 -0.05313366 0.01132255 -0.8314793 -0.5555301 0.005340754 -0.8318556 -0.5542551 0.02859622 -0.7735671 -0.6290898 0.07641977 -0.3910432 -0.809859 0.4372799 -0.4528827 -0.7712649 0.4472671 -0.3201458 -0.9153911 0.2440615 -0.2093927 -0.9694139 0.1280283 -0.1846694 -0.9826456 0.01745676 -0.2333526 -0.9720787 0.02469033 -0.2431428 -0.9698858 0.01425224 -0.2680827 -0.9632545 0.01651096 -0.2767179 -0.9608373 0.0148018 -0.2352128 -0.971859 -0.01284861 -0.2399691 -0.9675672 -0.07892155 -0.2424761 -0.9559569 -0.1653842 -0.1980994 -0.964373 -0.1753322 -0.1511012 -0.9713695 -0.1833297 -0.1019942 -0.9766356 -0.1891562 0.002533018 -0.9523967 -0.3048512 0.05670499 -0.9558363 -0.2883776 0.1180173 -0.9527145 -0.2800127 0.17445 -0.9465656 -0.2712582 0.2280715 -0.938441 -0.2594454 0.2784569 -0.928729 -0.2447943 0.3246365 -0.9179672 -0.22792 0.3661734 -0.9066743 -0.209425 0.3524709 -0.9268499 -0.129281 0.3276838 -0.9430101 -0.05792522 0.3839938 -0.9233004 -0.008087575 0.3836505 -0.9234651 -0.004974544 0.2995708 -0.9539511 -0.0153203 0.2685039 -0.9631407 0.01629698 0.2965835 -0.9464852 0.1272947 0.3874439 -0.8474325 0.3629674 0.3731025 -0.8212527 0.4316697 0.3603127 -0.8380641 0.4096626 0.3216769 -0.8366345 0.4433586 0.1881796 -0.8984462 0.3967153 0.4717344 -0.8805689 0.04544299 0.5530001 -0.8331013 0.01153606 0.9978374 -0.03927743 -0.05270564 0.9744361 0.1846389 -0.127996 0.9004132 0.3568935 -0.2487634 0.8619942 0.4411296 -0.2497414 0.8152566 0.5220291 -0.2506839 0.6717002 0.6418523 -0.369925 0.6031271 0.7061001 -0.371026 0.5126919 0.7152478 -0.4749397 0.5306485 0.7616226 -0.3719453 0.4811934 0.7212255 -0.498284 0.2903872 0.7643759 -0.5756778 0.2181208 0.7459203 -0.6293063 0.1436238 0.7190652 -0.6799395 0.06784462 0.6858628 -0.7245615 -0.008484303 0.6465809 -0.7627983 -0.0848124 0.6015915 -0.7942888 -0.1603783 0.5512681 -0.8187688 -0.2454015 0.5063675 -0.8266621 -0.3247895 0.4502251 -0.8317506 -0.4115195 0.4440529 -0.7959076 -0.4563543 0.5014313 -0.7350561 -0.547396 0.5059201 -0.6666353 -0.6350429 0.4860789 -0.6003732 -0.6816003 0.5073624 -0.5272613 -0.6982232 0.534395 -0.476347 -0.6960588 0.5505417 -0.4608753 -0.6313515 0.7329806 -0.2532486 -0.6464567 0.7513816 -0.1323615 -0.7463177 0.6647397 -0.03363215 -0.7425811 0.669672 0.01062047 -0.9966248 0.08096659 0.01355034 -0.9940764 0.1086794 9.76619e-4 -0.9936704 0.05704009 -0.09677594 -0.9914798 0.05346977 -0.118781 -0.9960817 -0.04184162 -0.07791519 -0.9986088 -0.05114966 0.01281791 -0.786784 -0.617189 0.006988883 -0.7076867 -0.7013692 0.0852105 -0.6349563 -0.7572781 0.1528412 -0.5560891 -0.7993571 0.2275812 -0.471862 -0.8264986 0.3069956 -0.3849768 -0.8366698 0.3895853 -0.4098135 -0.7888331 0.458034 -0.4533675 -0.7729374 0.4438759 -0.3740771 -0.827749 0.4182083 -0.3425136 -0.8674998 0.3607334 -0.3093093 -0.9010103 0.3041516 -0.2703734 -0.9335342 0.2353978 -0.1665708 -0.9858137 0.02063059 -0.2115901 -0.9772272 -0.01602262 -0.2429919 -0.9699228 0.01431334 -0.2253519 -0.9740736 -0.01992887 -0.04986792 -0.9803606 -0.1908045 0.3203635 -0.9367056 -0.1412444 0.2696956 -0.9628108 -0.01611393 0.2458027 -0.9692026 0.01507651 0.2475399 -0.9666905 0.06506657 0.3214619 -0.9141505 0.2469637 0.3544535 -0.8835702 0.3060496 0.3449316 -0.8662965 0.3613206 0.3273833 -0.8459106 0.4210173 0.2629513 -0.8692712 0.4185979 0.2552323 -0.8692792 0.4233322 0.1952897 -0.9193786 0.3414747 0.2906006 -0.9202658 0.262035 0.3830821 -0.9054558 0.1827514 0.3830753 -0.9169759 0.1113946 0.9999499 -0.0032655 -0.009460806 0.9975925 0.006927669 -0.06900256 0.9958908 0.08783322 -0.0220651 0.9523105 0.2765619 -0.1289116 0.7604191 0.5987278 -0.2515707 0.4659715 0.7412573 -0.4831234 0.3539667 0.7730928 -0.5263415 -0.2574276 0.5154656 -0.8173289 -0.3317136 0.4533937 -0.8272849 -0.4037067 0.4483561 -0.7974947 -0.4417964 0.5111056 -0.7372836 -0.5103725 0.543028 -0.6668139 -0.5296291 0.5252344 -0.6660496 -0.6160995 0.5147134 -0.5962312 -0.6927235 0.5786429 -0.4304725 -0.6014785 0.7025286 -0.3803646 -0.6823889 0.7301827 -0.03433459 -0.7210816 0.6922408 -0.02905446 -0.9990628 0.04229897 0.009186148 -0.9986991 -0.04886066 0.01458799 -0.7718604 -0.6357448 0.007751822 -0.8031069 -0.5956999 0.01269584 -0.7734154 -0.633058 0.03265541 -0.340446 -0.8252496 0.4506217 -0.3972374 -0.8039053 0.4426499 -0.4215861 -0.7685844 0.4811893 -0.1863479 -0.9745576 0.1245473 -0.1626366 -0.9861968 0.0310685 -0.2037743 -0.9753823 -0.084293 -0.1650769 -0.9822825 -0.08871853 -0.126836 -0.9875265 -0.09329587 -0.08548283 -0.9916137 -0.0969274 0 -0.9744396 -0.22465 0.05005055 -0.9804111 -0.1904973 0.1023299 -0.976636 -0.1889731 0.1513466 -0.9713771 -0.1830869 0.1982545 -0.9643851 -0.1750903 0.2425374 -0.9559888 -0.1651098 0.2833722 -0.9466189 -0.153665 0.2725645 -0.9595152 -0.07098704 0.3002159 -0.9514925 -0.06732499 0.2367976 -0.9713922 0.01800626 0.2359707 -0.9716246 0.01623594 0.2469879 -0.9609734 0.1246079 0.2833064 -0.9412013 0.1840592 0.3132766 -0.9004604 0.30171 0.2910304 -0.8904565 0.3498407 0.2571249 -0.8703489 0.4199758 0.2261162 -0.8720843 0.4339821 0.09238171 -0.9118539 0.3999852 0.3829827 -0.9225279 0.04760956 0.4735389 -0.8806982 0.01147526 0.9993299 0.03494369 0.01089507 0.9907923 0.1302236 -0.03704977 0.9778681 0.2063713 -0.03442573 0.9226477 0.3636328 -0.1284235 0.8820683 0.4529672 -0.1295238 0.8360908 0.5329484 -0.1300708 0.6979389 0.6701972 -0.2524226 0.4346889 0.759111 -0.4845578 0.4077454 0.7814611 -0.4722949 0.3236281 0.8107183 -0.4878532 0.1786279 0.7833932 -0.5953044 0.1082519 0.7526061 -0.6495119 0.03692853 0.7151937 -0.6979501 -0.03470009 0.6714485 -0.7402384 -0.1060844 0.6217355 -0.7760097 -0.1764947 0.5665657 -0.8048931 -0.2703089 0.5231913 -0.8082104 -0.3390945 0.4558899 -0.8229091 -0.3958403 0.451905 -0.7994326 -0.4265398 0.5195326 -0.7403714 -0.4898391 0.55921 -0.6688363 -0.594817 0.5418663 -0.5937793 -0.6642845 0.5340583 -0.5229799 -0.6297448 0.6139356 -0.4759252 -0.6322003 0.6257302 -0.4569298 -0.5570418 0.7899056 -0.2564248 -0.5791319 0.8045771 -0.131385 -0.6525624 0.7572739 -0.02642965 -0.9992545 0.03860658 -1.83114e-4 -0.9988498 -0.04452693 0.01779246 -0.7084536 -0.7057068 0.008453905 -0.7075225 -0.7057524 0.03640913 -0.6349497 -0.7669143 0.09317475 -0.5560991 -0.8146923 0.1644095 -0.4718563 -0.8479741 0.2414368 -0.3830767 -0.8659207 0.3216111 -0.2892587 -0.8675321 0.4046204 -0.3447483 -0.8080953 0.4776301 -0.3615932 -0.8091899 0.4631006 -0.3166635 -0.8522386 0.4164296 -0.2847753 -0.8922005 0.3505443 -0.2405223 -0.9399325 0.2422314 -0.1516795 -0.9879919 0.02942031 -0.1996864 -0.9796628 -0.01965427 -0.04110896 -0.9940319 -0.1010481 3.05189e-4 -0.989668 -0.1433779 0.240334 -0.9675925 -0.07748675 0.2579147 -0.9660434 -0.01550352 0.2281889 -0.9734271 0.01922678 0.2024945 -0.9772534 0.06302201 0.2750098 -0.9318471 0.236708 0.2467197 -0.8957784 0.369744 0.2081067 -0.9107683 0.356641 0.1593716 -0.8959235 0.4146347 0.1559834 -0.894303 0.4193943 0.09811913 -0.9329102 0.3464842 0.1952921 -0.943256 0.2685687 0.2905991 -0.9379312 0.1893075 0.2905985 -0.949862 0.1153909 0.4277896 -0.9038302 0.009338915 0.4720963 -0.8815373 0.004150509 0.9996917 0.01934921 -0.01556485 0.9818823 0.08746695 -0.1680977 0.9848649 0.1729792 0.01092565 0.985805 0.1658115 -0.02636867 0.9648442 0.2609724 -0.03112989 0.7782799 0.6142066 -0.1305017 0.6283061 0.7356128 -0.2531902 0.4503765 0.8111172 -0.3731621 0.3892109 0.8003345 -0.4560478 0.3242678 0.8112341 -0.4865695 0.3028721 0.8249023 -0.4772891 0.2409208 0.8022353 -0.5462378 -0.1943171 0.5800519 -0.7910631 -0.2841378 0.5295462 -0.7992788 -0.3468207 0.457636 -0.8187091 -0.3876861 0.4547674 -0.8018019 -0.4108288 0.526591 -0.7442591 -0.4681415 0.5736176 -0.6721656 -0.5460287 0.59074 -0.5940362 -0.57138 0.5672903 -0.5930486 -0.6288979 0.5760396 -0.5221742 -0.6297631 0.6139237 -0.475916 -0.6044904 0.654389 -0.4542757 -0.5308428 0.7585735 -0.3778524 -0.5841326 0.7865952 0.2001432 -0.6381889 0.7694219 -0.02655178 -0.639649 0.7686532 0.00463885 -0.998789 0.0491963 -5.49339e-4 -0.9990555 -0.03384506 0.02725303 -0.6960188 -0.7179926 0.006683647 -0.3063858 -0.8489626 0.4305699 -0.1574805 -0.9802857 0.1193311 -0.1477119 -0.9886633 0.02694827 -0.1734077 -0.9846276 -0.02093589 -0.1619059 -0.9865428 -0.02279806 -0.1324204 -0.9909405 -0.02240067 -0.08991014 -0.9956347 -0.02505642 -0.05908519 -0.9979483 -0.02465951 0.04168963 -0.99402 -0.100928 0.08505594 -0.9916176 -0.09726345 0.1267474 -0.9874274 -0.0944578 0.1666367 -0.9819051 -0.08997154 0.2049382 -0.9751884 -0.08371484 0.2131781 -0.9768654 -0.0169993 0.2380766 -0.971106 -0.0165106 0.2497041 -0.9678706 -0.0295726 0.2348768 -0.9718885 -0.01629728 0.2102448 -0.9775515 0.01379454 0.1997465 -0.9796584 0.01925742 0.2107033 -0.9693145 0.1266234 0.2431458 -0.939226 0.2423523 0.1461853 -0.9269497 0.3455346 0.1570813 -0.8869434 0.4343465 0.00125128 -0.9126874 0.4086568 0.2905073 -0.955601 0.04931819 0.383685 -0.9234138 0.009643971 0.9973688 0.04217755 -0.05896311 0.9536501 0.2995416 -0.02874863 0.9508529 0.3066253 -0.04312348 0.9179528 0.395161 -0.0347917 0.8879609 0.4586449 -0.03421217 0.8226152 0.5671998 -0.0398581 0.716224 0.6853386 -0.1316597 0.5544103 0.7916965 -0.2566047 0.351454 0.8057869 -0.476642 0.3671728 0.8518739 -0.3734902 0.1351091 0.8134627 -0.5657067 0.06930881 0.7821431 -0.6192322 0.002868771 0.7410105 -0.6714874 -0.06360161 0.6933309 -0.7178072 -0.129522 0.6395225 -0.7577831 -0.2135422 0.5915518 -0.7774742 -0.2987843 0.5344852 -0.7906034 -0.3548834 0.45862 -0.8146936 -0.3794177 0.4568761 -0.8045536 -0.3947718 0.5322323 -0.7489219 -0.4455209 0.5861234 -0.6767352 -0.5189281 0.6120745 -0.5967231 -0.6130355 0.6015298 -0.5122006 -0.5502321 0.6814039 -0.4826318 -0.5509948 0.6944659 -0.4627331 -0.4677717 0.843283 -0.2646952 -0.5358877 0.8230435 -0.1882123 -0.5614598 0.8262131 -0.04620587 -0.6106598 0.7867864 -0.0897876 -0.9995972 0.02838289 1.83116e-4 -0.9990673 -0.03280782 0.02807736 -0.6348247 -0.7726178 0.007721245 -0.6714506 -0.7408815 0.01577836 -0.6348006 -0.771649 0.03982758 -0.556089 -0.825054 0.1002553 -0.4718606 -0.8642487 0.1744184 -0.3830756 -0.8884107 0.2529422 -0.2905997 -0.896977 0.3331428 -0.2802601 -0.8648601 0.4164989 -0.2055497 -0.9484586 0.2411966 -0.1082502 -0.993479 0.03579854 -0.134437 -0.9904088 0.03189253 -0.1222603 -0.9921518 -0.02621603 -0.1480484 -0.9887292 -0.02227896 -0.1332757 -0.9908547 -0.02108848 -0.1039486 -0.9943788 -0.02014267 -0.07461839 -0.997018 -0.01968461 -0.04492366 -0.9987893 -0.02005082 3.66229e-4 -0.9896723 -0.143348 0.1973984 -0.9800336 -0.02383548 0.2237687 -0.974273 -0.02682662 0.1743874 -0.9845536 0.01559537 0.1535731 -0.9875742 0.03335756 0.2047516 -0.9488648 0.2402757 0.1575692 -0.9584777 0.2376815 0.1158196 -0.8997313 0.4207963 0.05682671 -0.9071218 0.4170142 0 -0.9374233 0.3481919 0.09811872 -0.9571385 0.2725046 0.1952929 -0.9613577 0.1940416 0.1952908 -0.9735854 0.1182915 0.2897776 -0.9570446 0.009735524 0.3368639 -0.9415281 0.006897151 0.9507953 0.3096174 0.01120054 0.9441984 0.3250584 -0.05316418 0.9304635 0.3660755 -0.01504582 0.9041655 0.4259277 -0.03271669 0.9041374 0.4259898 -0.03268623 0.8645187 0.500424 -0.04672491 0.8438576 0.5360403 -0.0237745 0.8028655 0.595763 -0.0217601 0.6435859 0.7538207 -0.1324832 0.4646882 0.8452344 -0.2639011 0.2780339 0.8847642 -0.3740181 0.2689982 0.8348281 -0.4803146 0.1861349 0.8891079 -0.4181398 -0.2340858 0.6010239 -0.764182 -0.3140451 0.5379357 -0.782305 -0.362936 0.4588277 -0.8110208 -0.3711487 0.4582211 -0.8076399 -0.3784158 0.5364171 -0.7543594 -0.3983051 0.6049806 -0.6894575 -0.4222066 0.5965949 -0.6825073 -0.4605646 0.647525 -0.6071176 -0.4903771 0.6310386 -0.6010996 -0.5698963 0.6300203 -0.5275348 -0.5573448 0.6818334 -0.4737828 -0.5578915 0.6916878 -0.4586124 -0.4539743 0.8064109 -0.3789579 -0.5143756 0.8273836 -0.2255086 -0.5343115 0.822236 -0.1960597 -0.5399124 0.826242 -0.1606827 -0.5667994 0.8222437 -0.05151611 -0.5565792 0.8304893 -0.02252316 -0.5716617 0.8203044 0.0174266 -0.5868887 0.8095279 0.01504606 -0.9996499 0.02645993 3.66228e-4 -0.9990501 -0.03436475 0.02679592 -0.5852933 -0.8107981 0.006195306 -0.1998723 -0.8914141 0.4067336 -0.2797686 -0.8642705 0.4180507 -0.2514491 -0.9019694 0.3510338 -0.1211898 -0.9848695 0.1238754 -0.0967465 -0.9948714 0.02951222 -0.04495429 -0.9987915 -0.01986777 -2.44155e-4 -0.9962764 -0.0862174 0.0463587 -0.9985895 -0.02588027 0.08783423 -0.9958106 -0.02542245 0.1174986 -0.9927877 -0.0238049 0.1457901 -0.9890654 -0.02224844 0.1729237 -0.9846825 -0.02230978 0.1634902 -0.9864042 0.01666337 0.1470421 -0.9886432 0.03103816 0.1868063 -0.974927 0.120916 0.1044664 -0.9322329 0.3464515 0.05408036 -0.9160403 0.3974238 0.002777218 -0.9085873 0.4176859 -0.09811913 -0.9329102 0.3464842 0.1952319 -0.9794556 0.05050939 0.2429354 -0.9700021 0.008850634 0.3422986 -0.939551 0.008697807 0.8992762 0.4372168 0.011994 0.843941 0.5359131 -0.02368271 0.8289076 0.559238 0.01284867 0.786042 0.6177309 -0.02337735 0.6887264 0.7244644 -0.02841335 0.5740549 0.8081631 -0.1316572 0.5171478 0.8242625 -0.230542 0.3812799 0.8884222 -0.2556007 0.2690616 0.8348051 -0.4803189 0.2360978 0.8512461 -0.4686554 0.1815277 0.8758991 -0.4470443 0.02713173 0.8077264 -0.5889328 -0.03396785 0.763072 -0.6454203 -0.09482228 0.7120372 -0.6957095 -0.1548856 0.6547007 -0.7398496 -0.2557833 0.6083438 -0.7513273 -0.3296958 0.5398489 -0.7745088 -0.3620797 0.5390911 -0.7604467 -0.3741014 0.6112033 -0.6974803 -0.4298121 0.6613363 -0.6147323 -0.5417225 0.6627327 -0.5170322 -0.5117775 0.6752691 -0.5311267 -0.5155024 0.7183645 -0.4671292 -0.4681054 0.7473573 -0.4715236 -0.3831722 0.8875373 -0.2558449 -0.5019733 0.8374971 -0.2159205 -0.5199562 0.8240805 -0.2248046 -0.5286527 0.823132 -0.2073166 -0.5393932 0.826211 -0.1625748 -0.5625894 0.8243519 -0.06274729 -0.5555393 0.8314016 -0.01214659 -0.5443083 0.7140861 0.4402381 -0.5826485 0.8126438 0.0114448 -0.5894839 0.8075456 0.0194714 -0.5751655 0.8177629 0.02118033 -0.999689 0.02493423 5.18827e-4 -0.9990677 -0.03173965 0.0292676 -0.5530001 -0.8331013 0.01153606 -0.5559362 -0.8301199 0.04284882 -0.4718601 -0.8752347 0.10636 -0.3830821 -0.9054558 0.1827514 -0.2906006 -0.9202658 0.262035 -0.1952897 -0.9193786 0.3414747 -0.2206197 -0.8878504 0.403793 -0.2396655 -0.8645113 0.4417928 -0.1604984 -0.9585043 0.2356052 0.03885114 -0.9988375 0.0285356 -0.03039658 -0.9992724 -0.02304154 0.02768069 -0.9993135 -0.02462881 0.04202485 -0.9988914 -0.02121078 0.05362254 -0.9979844 -0.03393757 0.07187199 -0.9972049 -0.02041709 0.1015368 -0.9946147 -0.02078342 0.1301656 -0.9912427 -0.02224868 0.1300719 -0.9912571 -0.02215677 0.1561951 -0.9802935 0.1209459 0.09293174 -0.968169 0.2324057 0.05658233 -0.9321742 0.3575613 -0.09689766 -0.908 0.4076112 -0.09811872 -0.9571385 0.2725046 0 -0.9617735 0.2738463 0.09811824 -0.9755062 0.1968774 0.09811949 -0.9879094 0.1200323 0.2057282 -0.9785904 0.006073236 0.741189 0.6712086 0.01086479 0.7625269 0.6448136 -0.0526154 0.7180914 0.6955375 -0.02392721 0.6727875 0.7394712 -0.02322483 0.6092172 0.7922692 -0.03412002 0.5422661 0.8219751 -0.1740818 0.5211417 0.8249579 -0.2187598 0.5181208 0.8221204 -0.2359423 0.2904243 0.9221796 -0.2554184 0.2280671 0.9087893 -0.3494099 0.187417 0.8509606 -0.4906535 0.07928991 0.8381293 -0.5396781 -0.1819555 0.6671501 -0.7223593 -0.278367 0.6134389 -0.7390565 -0.3457849 0.540224 -0.7671968 -0.3498073 0.6151689 -0.7065424 -0.3664419 0.6805741 -0.6344599 -0.3983345 0.6723955 -0.6238702 -0.4355695 0.717475 -0.5436074 -0.4669448 0.703225 -0.5361319 -0.468932 0.7481244 -0.4694814 -0.4673179 0.7457188 -0.4748868 -0.3719072 0.8462979 -0.3813987 -0.4343783 0.8766916 -0.2067058 -0.4995982 0.8393067 -0.2143968 -0.5216386 0.8239338 -0.2214186 -0.5400366 0.8266726 -0.1580282 -0.5570661 0.8269165 -0.07672512 -0.5552931 0.8316426 -0.00451678 -0.570801 0.820967 0.01413035 -0.9997549 0.02212655 8.85063e-4 -0.9783799 -0.08823055 0.1870512 -0.4734188 -0.8807628 0.01147532 -0.5955621 -0.8031268 0.01712155 -0.1881483 -0.8915455 0.4120037 -0.2165366 -0.8664518 0.4498591 -0.1998372 -0.9137336 0.3537742 -0.07229918 -0.9902153 0.1193593 -0.07794493 -0.9961631 0.03979647 0.02664327 -0.9992308 0.02877962 -9.46084e-4 -0.9998883 -0.01492369 0.09103709 -0.9954263 0.02896213 0.1431662 -0.9892846 0.02862709 0.1308639 -0.9909399 0.03021341 0.1203067 -0.9849775 0.1238775 -0.001556456 -0.9214313 0.3885381 -0.03076362 -0.885035 0.4645068 -0.1952921 -0.943256 0.2685687 0.09808838 -0.9938545 0.05130255 0.193279 -0.9810746 0.01165837 0.745529 0.6649882 -0.04446679 0.6412738 0.766556 -0.03405964 0.6017224 0.7838017 0.1535741 0.5381516 0.8275077 -0.1600751 0.5380279 0.8218896 -0.1871454 0.5281651 0.8239266 -0.2053941 0.5020726 0.8365638 -0.219281 0.434075 0.8774278 -0.2042042 0.3874469 0.9124154 -0.1318448 0.1886386 0.907974 -0.3741642 0.154061 0.8609166 -0.4848588 0.1310495 0.8704388 -0.4745129 0.03827118 0.8770634 -0.4788477 -0.07333719 0.7811957 -0.6199637 -0.1282109 0.7273932 -0.6741374 -0.2105227 0.676798 -0.7054252 -0.3017391 0.6162962 -0.727415 -0.3256394 0.6168838 -0.7165288 -0.3344312 0.6858007 -0.6464002 -0.3918654 0.7340763 -0.5545933 -0.4608427 0.7443984 -0.4832134 -0.3785902 0.7903853 -0.4816229 -0.2920952 0.9216366 -0.2554727 -0.4330381 0.8781313 -0.2033805 -0.4423526 0.8731688 -0.2046957 -0.4917908 0.8451149 -0.2095772 -0.5425388 0.82832 -0.1397776 -0.5550934 0.8275738 -0.08362412 -0.5359166 0.8442213 0.00915575 -0.999809 0.01950174 0.001312315 -0.9986481 -0.02722305 0.04428327 -0.4720963 -0.8815373 0.004150509 -0.4717344 -0.8805689 0.04544299 -0.3830753 -0.9169759 0.1113946 -0.2905991 -0.9379312 0.1893075 -0.1311095 -0.8911234 0.4344071 -0.15687 -0.8911991 0.4256245 -0.1523841 -0.9277332 0.3407202 -0.09109824 -0.9688767 0.2301719 -0.0553919 -0.9979396 0.03238058 0.01043736 -0.9994581 0.03122061 0.02871823 -0.9931752 0.1130418 0.03933894 -0.9987946 0.02935922 0.07876938 -0.9962909 0.034639 0.1046811 -0.9940431 0.03033614 0.06982851 -0.990418 0.119148 0.04165923 -0.9716531 0.2327121 0 -0.946541 0.3225838 -0.05133354 -0.8881742 0.4566306 -0.1952929 -0.9613577 0.1940416 -0.09811824 -0.9755062 0.1968774 0 -0.9802377 0.1978237 0 -0.9927035 0.120582 0.08395719 -0.9964694 -1.52594e-4 0.6420665 0.7666466 0.001892149 0.5820855 0.8126247 0.0285961 0.5638027 0.8255922 -0.02288901 0.5387286 0.8279305 -0.1558931 0.533717 0.8230071 -0.1944368 0.4998158 0.8383672 -0.2175421 0.4450647 0.8726419 -0.2010314 0.4322813 0.8784185 -0.2037496 0.2992414 0.9447547 -0.1337659 0.1954768 0.9467732 -0.2557527 0.09766244 0.8734994 -0.4769287 0.05884152 0.8778318 -0.4753409 -0.0164802 0.8252005 -0.5645996 -0.2403042 0.6835275 -0.6892344 -0.3025652 0.6880505 -0.6595764 -0.3163982 0.7506635 -0.5799971 -0.3558826 0.7454583 -0.5635953 -0.4173538 0.7724783 -0.4786368 -0.3714218 0.7873104 -0.4921262 -0.281292 0.879461 -0.3839573 -0.2990527 0.9447368 -0.1343128 -0.4300496 0.8820734 -0.1923641 -0.4578192 0.86577 -0.2020984 -0.4868758 0.8486527 -0.2067383 -0.5439352 0.8289802 -0.1301013 -0.550721 0.8287824 -0.09912669 -0.5295627 0.8482708 0 -0.999841 0.01776218 0.001617491 -0.9999991 -5.49349e-4 0.001312315 -0.9989868 -0.02261471 0.03891199 -0.383685 -0.9234138 0.009643971 -0.4277012 -0.903715 0.01925784 -0.09396749 -0.9094004 0.4051681 -0.03241074 -0.99277 0.1155739 -0.03793454 -0.9988417 0.02960294 0.003479123 -0.9992211 0.03930836 0.0526449 -0.9981478 0.03048825 -0.0506007 -0.9375786 0.3440728 -0.0939067 -0.9094334 0.4051082 0 -0.9986691 0.05157685 0.1003153 -0.9948831 0.0120244 0.5851935 0.8107256 0.01651054 0.5634995 0.8260835 0.007385551 0.5668988 0.822194 -0.05121159 0.5413469 0.8293858 -0.1380681 0.491821 0.8445954 -0.2115914 0.4584628 0.8658971 -0.2000854 0.4293481 0.8829897 -0.1897091 0.3901801 0.9200741 -0.03497427 0.09192454 0.923152 -0.3732832 0.09760057 0.8734919 -0.4769551 0.04007214 0.8762463 -0.4801943 -0.1148733 0.795202 -0.5953638 -0.1634321 0.7392749 -0.6532708 -0.271102 0.6872921 -0.6738942 -0.2768437 0.7531333 -0.5967811 -0.3712635 0.7875424 -0.4918745 -0.3341503 0.7969372 -0.5032244 -0.1966064 0.9465309 -0.2557837 -0.2027966 0.9699447 -0.1344653 -0.3920128 0.9102815 -0.1330921 -0.4576048 0.8658906 -0.2020676 -0.4812964 0.8522638 -0.20494 -0.5458287 0.8291041 -0.1210681 -0.5490438 0.8291813 -0.1049256 -0.5282833 0.8490682 0 -0.9998789 0.01541185 0.002197325 -0.980097 -0.05917692 0.1894943 -0.3422986 -0.939551 0.008697807 -0.3829827 -0.9225279 0.04760956 -0.2905985 -0.949862 0.1153909 -0.09392923 -0.9088701 0.4063652 -0.1021478 -0.9341322 0.3419983 -0.04327577 -0.9715691 0.2327676 -0.03720259 -0.9988863 0.02902352 -0.03769075 -0.9988509 0.02960324 -0.02264511 -0.9997436 -3.05191e-4 0.00250256 -0.9967851 0.08008217 0 -0.9693129 0.2458302 -0.1952908 -0.9735854 0.1182915 -0.09811949 -0.9879094 0.1200323 -0.09808838 -0.9938545 0.05130255 7.93492e-4 -0.9999527 0.009705007 0.04825043 -0.9987943 0.009064078 0.5746501 0.8181034 0.02200448 0.563415 0.8261549 0.005646049 0.5659121 0.8232474 -0.04480171 0.5620679 0.8247446 -0.06225866 0.542634 0.8300652 -0.1286085 0.4867538 0.8484392 -0.2078981 0.4585835 0.8658334 -0.2000847 0.4294399 0.882807 -0.1903501 0.4244021 0.9048377 -0.03393751 0.3404672 0.9392145 -0.04425215 0.1980068 0.9711731 -0.1327267 0.09485226 0.9619819 -0.2561134 -0.01068168 0.909592 -0.4153653 0.02658188 0.8768987 -0.4799397 -0.07190269 0.8410114 -0.5362184 -0.200146 0.7475718 -0.6333072 -0.238047 0.7521981 -0.6144361 -0.2550805 0.8065952 -0.5332337 -0.3615925 0.7859938 -0.5014625 -0.2805291 0.8436626 -0.457752 -0.1807973 0.9029797 -0.3897948 -0.2158626 0.9760668 -0.02639913 -0.3391576 0.9402903 -0.02874886 -0.4309006 0.8827679 -0.1872047 -0.4602618 0.8644597 -0.20216 -0.4747523 0.856422 -0.2028592 -0.5270962 0.8498056 3.05191e-5 -0.9881389 0.04428279 0.1470397 -0.2897497 -0.957053 0.009735584 0 -0.9860654 0.1663585 -0.02349936 -0.9992746 0.02996933 -0.04904335 -0.9985682 0.02136296 0.001556456 -0.9999968 -0.002014219 0.5721079 0.819769 0.02591055 0.5632925 0.8262457 -0.004425227 0.5640237 0.8254199 -0.02365231 0.5561572 0.8275673 -0.07629877 0.5445839 0.8301212 -0.1196961 0.4815926 0.8519429 -0.2055771 0.4620368 0.8638889 -0.2005445 0.4309252 0.8858077 -0.1721869 0.4229317 0.9048566 -0.04861664 0.4055432 0.9139677 0.01406943 0.3002184 0.9535145 -0.02606344 0.2638653 0.9637218 -0.0401932 -0.002929806 0.9622021 -0.2723208 -0.007965505 0.9351102 -0.3542676 -0.002960324 0.8778265 -0.4789698 -0.04657202 0.8884704 -0.4565649 -0.1582109 0.8050326 -0.5717447 -0.2004498 0.8087881 -0.552885 -0.2943282 0.8129734 -0.5024394 -0.2736356 0.8356475 -0.4762529 -0.2235863 0.8519539 -0.4734807 -0.09567755 0.9620859 -0.2554148 -0.09805756 0.9859167 -0.1354739 -0.1877254 0.9820262 -0.01959347 -0.2476946 0.9676145 -0.04867827 -0.3161506 0.9485129 -0.01928824 -0.3853718 0.921938 -0.03897356 -0.4321531 0.8854865 -0.1707554 -0.4697552 0.8592442 -0.2025575 -0.5250217 0.8510889 1.83115e-4 -0.9999569 0.008301138 0.004181087 -0.9999298 -0.006256401 0.01007127 -0.2057282 -0.9785904 0.006073236 -0.3368079 -0.9413592 0.02008152 -0.2905073 -0.955601 0.04931819 -0.1952319 -0.9794556 0.05050939 -0.1003153 -0.9948831 0.0120244 0.5685722 0.8225223 0.01351994 0.5631892 0.8262286 -0.01281774 0.5540429 0.8283482 -0.08292025 0.5477943 0.8301301 -0.1039494 0.4748107 0.8564476 -0.202614 0.4703021 0.8591177 -0.201824 0.4312967 0.8874359 -0.162606 0.4208546 0.9054632 -0.05493384 0.4287993 0.9028591 -0.03125196 0.4261069 0.90373 -0.04129225 0.2755548 0.9611915 0.01342827 0.3001538 0.953534 -0.02609366 0.2305701 0.9727893 -0.02276706 0.09558665 0.9868135 -0.1306229 -7.93506e-4 0.9801935 -0.1980407 -0.07724314 0.8971925 -0.4348323 -0.1108765 0.8524642 -0.5108926 -0.2770224 0.8325015 -0.4797916 -0.1745999 0.8510869 -0.4951424 -0.08682751 0.9178085 -0.3874127 -0.152502 0.9874327 -0.04147487 -0.2779057 0.960554 0.0102238 -0.2740609 0.9608308 -0.04117017 -0.4037028 0.9148014 0.01275682 -0.4229667 0.9048662 -0.0481289 -0.4324606 0.8871087 -0.1612952 -0.5227346 0.8524956 3.35712e-4 -0.9986741 0.006805717 0.05102777 -0.9999126 -0.003356993 0.01278728 -0.193279 -0.9810746 0.01165837 -0.08554553 -0.9963327 0.001831114 0.536195 0.8440439 0.009216845 0.5494681 0.8297262 -0.09818035 0.4317557 0.8910704 -0.1399307 0.4247286 0.9024682 -0.07181048 0.4377686 0.8990676 0.00601226 0.2037176 0.9787298 -0.02423244 0.002014219 0.9925001 -0.1222276 -0.06674575 0.8788652 -0.4723782 -0.1762779 0.8759574 -0.4490266 -0.1667267 0.8562482 -0.4889185 -0.1184148 0.9925481 -0.02874916 -0.1396531 0.9901149 0.01303142 -0.3727658 0.8825339 -0.2866702 -0.4295583 0.9024541 -0.03250294 -0.421652 0.9051051 -0.05472075 -0.4329425 0.8906665 -0.1388309 -0.5220559 0.8529112 4.57783e-4 -0.9999923 5.18826e-4 0.003906428 -0.9999918 -4.57788e-4 0.004028499 -0.2428717 -0.9698391 0.02063095 0.5294831 0.8483205 -3.05195e-5 0.4315744 0.8919896 -0.1345294 0.4264773 0.9009921 -0.07956391 0.442926 0.8963201 -0.02066153 0.4298353 0.9027641 0.01608371 0.4496364 0.8931691 0.008728384 0.1368177 0.9905322 0.01126158 0.1680366 0.9841713 -0.05630719 -0.003326535 0.9967261 -0.08078426 -0.07593202 0.880177 -0.4685325 -0.15162 0.876546 -0.4568135 -0.1184747 0.9925391 -0.0288099 -0.434984 0.9003038 -0.01556456 -0.4255958 0.9020982 -0.07132428 -0.4326739 0.8915945 -0.133614 -0.5201618 0.8540675 6.71413e-4 -0.9999701 0.001647949 0.007568538 -0.999953 -0.002502501 0.009369313 0.5305531 0.8476518 -6.10392e-5 0.4307811 0.8947063 -0.1180185 0.4286777 0.8983737 -0.09570932 0.4227825 0.8957082 -0.1377026 0.4293105 0.9029651 0.01861655 0.4500369 0.8929628 0.009186267 0.1420986 0.9887084 -0.04757982 0.08646017 0.9959554 -0.02444565 -0.04089552 0.9980344 -0.04748761 -0.07703089 0.9963659 -0.03634852 -0.4399983 0.8979726 0.006836295 -0.4340732 0.9008018 -0.01168876 -0.4273574 0.9006154 -0.07910519 -0.4317514 0.894327 -0.1173453 -0.5193793 0.8545435 8.54543e-4 -1 0 0 0.5244737 0.8514267 2.13635e-4 0.4301962 0.8963134 -0.107488 0.4580547 0.8889172 -0.00350964 0.4386462 0.8985335 0.01507622 0.4559289 0.8899145 0.01345902 0.08566725 0.9814654 -0.1714261 0.01178044 0.9998742 -0.01062071 -0.4515684 0.8921804 0.01001042 -0.4332869 0.9011524 0.01367276 -0.4342004 0.9008123 -0.002685666 -0.4296772 0.897961 -0.09509724 -0.4312387 0.8958961 -0.1067872 -0.5138573 0.8578733 0.002044796 -0.9999982 -4.8831e-4 0.001831114 -0.9999943 8.54539e-4 0.003296077 0.5224533 0.8526679 3.96746e-4 0.4582756 0.8888092 0.00137335 0.4576917 0.8889847 0.01498472 0.001648008 0.9999238 0.01223808 -0.4526965 0.8915981 0.01089543 -0.433583 0.9010421 0.01135301 -0.4342227 0.9007954 0.004303157 -0.5119291 0.8590239 0.002563595 0.5213907 0.853318 5.49346e-4 0.4585843 0.8885109 0.01577848 -0.4544045 0.8907111 0.01226878 -0.4341921 0.9007952 0.006744623 -0.4341955 0.9008024 0.005432367 -0.5342963 0.8308495 0.1556164 0.5193793 0.8545435 8.24024e-4 0.4628183 0.8862367 0.01959306 -0.456932 0.8893876 0.01425242 -0.5071704 0.8618357 0.004181146 -1 -3.74914e-6 0 0.5173873 0.8557505 0.001220703 0.465383 0.8848351 0.02203464 -0.4586445 0.8884787 0.01583951 -0.5058887 0.8606456 0.05801725 -1 7.49828e-6 0 -1 1.54998e-5 0 0.5146431 0.8574028 0.001800596 0.4671261 0.8838652 0.023988 -0.4615454 0.8869252 0.01843369 -0.4996656 0.8662049 0.004852592 -1 -1.54998e-5 0 -1 -7.44934e-5 0 -1 7.44934e-5 0 -1 -5.02412e-5 0 -1 -3.81585e-5 0 -1 -1.00442e-4 0 0.5126934 0.8585686 0.00238049 0.4689873 0.8828266 0.02584969 -0.4622787 0.8865302 0.01904416 -0.5011523 0.8653354 0.006408929 -0.486747 0.8712556 0.06317424 -1 5.0221e-5 0 -1 7.63169e-5 0 -1 1.00482e-4 0 -1 1.49154e-4 0 -1 -1.48882e-4 0 0.5324983 0.8337224 0.1461257 0.4708181 0.8817883 0.02792495 -0.465417 0.8848111 0.02227896 -0.4997872 0.8661476 -0.001043677 -0.4986859 0.8667491 0.007660329 -1 2.97763e-4 0 0.506981 0.8619469 0.004242122 0.4763768 0.8785611 0.03457844 -0.4682238 0.8832529 0.02511715 -0.5010399 0.8654131 0.004394769 -0.5000207 0.8660136 7.63624e-5 -0.4999223 0.8660699 8.94315e-4 -0.4840946 0.8738851 0.04446637 0.5060933 0.8604777 0.05871814 0.4793629 0.8767821 0.03827089 -0.4702705 0.8820967 0.02740621 -0.4980069 0.8671327 0.008362114 -0.4999665 0.8660449 -6.10385e-5 -0.4299263 0.8749598 0.2227303 0.5001388 0.8659347 0.004303097 0.4428982 0.8795092 0.1740829 -0.4742999 0.8797789 0.0320757 -0.5000615 0.8659899 0 -0.4999665 0.8660449 0 -0.4757291 0.8789452 0.03372341 0.4975022 0.8673708 0.01263517 0.501491 0.8651269 0.00790441 -0.5000483 0.8659976 0 -0.5000249 0.8660111 2.32447e-5 -0.5000053 0.8660225 2.80545e-5 -0.5000254 0.8660107 -6.10383e-5 0.4963919 0.8680526 0.008942067 0.4987397 0.8665977 0.01634418 0.4999318 0.8660649 0 0.4919715 0.8705332 0.01165837 -0.4998713 0.8660997 -3.0519e-5 -0.5000232 0.866012 1.25571e-4 -0.4997259 0.8661832 -8.66872e-4 -0.4998623 0.866105 -6.21101e-5 -0.5003948 0.8657974 -7.4458e-5 -0.4995588 0.8662801 2.98511e-4 -0.4993857 0.8663792 0.001068115 0.4981996 0.8670272 0.007812976 0.4999893 0.8660317 0 0.5008518 0.8655267 0.003326594 -0.5000844 0.8659768 6.1038e-5 -0.5003298 0.8658348 -4.47923e-4 -0.4996505 0.8662266 0.001045882 -0.5001623 0.865931 0.001104772 -0.4999729 0.8660411 2.51205e-5 -0.5004332 0.8657752 7.44305e-5 -0.5009742 0.8654612 -0.00134027 0.4994439 0.8663437 0.002105772 0.5000496 0.8659968 -9.06281e-6 -0.4999173 0.8660733 0 -0.4998898 0.8660886 -8.96127e-4 -0.4995663 0.8662757 -2.98471e-4 0.4998038 0.8661387 -9.97052e-5 0.5000918 0.8659723 -6.34611e-5 -0.5004675 0.8657551 7.03539e-4 -0.500172 0.8659261 0 0.5001614 0.8659322 1.54139e-4 0.4999384 0.866061 1.1556e-4 -0.5007604 0.8655853 0.001041054 -0.4996906 0.8662041 -1.25544e-4 -0.4997196 0.8661873 1.2552e-4 0.4999658 0.8660452 -4.30448e-5 0.4998987 0.8660839 1.63176e-4 -0.499828 0.8661248 -9.33002e-5 -0.4998877 0.8660902 1.02591e-4 0.4999511 0.8660537 -9.06464e-5 0.4999591 0.8660491 0 0.4999765 0.8660391 0 0.500005 0.8660225 -7.53528e-5 0.5000205 0.8660137 9.40455e-5 0.5000087 0.8660205 -9.06503e-5 0.4999707 0.8660423 -1.9943e-4 0.5000066 0.8660217 9.06236e-5 0.4999802 0.8660369 1.99369e-4 0.4999981 0.8660265 7.53518e-5 0.5000019 0.8660243 -9.40454e-5 0.4999725 0.8660414 0 0.4999879 0.8660324 0 0.4998852 0.8660918 -1.63177e-4 0.4999278 0.8660671 9.06487e-5 0.4999409 0.8660596 -1.15584e-4 0.4999753 0.8660396 4.30535e-5 0.5000978 0.865969 6.34469e-5 0.5001634 0.865931 -1.54103e-4 0.5000436 0.8660003 9.06237e-6 0.4998046 0.8661382 9.96999e-5 0.5000783 0.8659803 3.17277e-5 0.5000929 0.8659718 -2.7195e-5 0.4999288 0.8660665 0 0.4999709 0.8660422 0 -0.03558492 0.7210068 0.6920139 -0.09695857 0.7637055 0.6382422 -0.09192442 0.7604215 0.6428912 0.1345607 0.5719668 0.8091647 0.3989824 0.6341967 0.6622747 0.4017302 0.6318179 0.6628869 0.751451 0.2027105 0.6278775 0.8096272 0.3038544 0.5021715 0.5818766 0.5906356 0.5590789 0.8671792 0.3608313 0.3432216 0.6739211 0.6067487 0.4215288 0.7552574 0.6021428 0.2588634 0.892617 0.4102351 0.1869283 0.8924168 0.4504354 -0.02646028 0.7664835 0.6365948 0.08514785 0.8137957 0.5722663 -0.1012323 0.8786012 0.438324 -0.1895579 0.7772639 0.5738533 -0.2579791 0.8264234 0.434163 -0.3585065 0.7602141 0.4071933 -0.5062295 0.7512572 0.4963315 -0.4350492 0.6649589 0.3693165 -0.6491803 0.6780721 0.464805 -0.5693633 0.5924131 0.3723983 -0.7143993 0.5580699 0.3160544 -0.7672469 0.4866203 0.325909 -0.8105456 0.4312014 0.2483322 -0.8674079 0.3579574 0.2206219 -0.9072996 0.2953666 0.1742657 -0.9393562 0.1431351 0.08322584 -0.9861977 0.1938879 0.142219 -0.9706603 0.04568713 0.00827068 -0.9989217 0.02020364 -0.006286919 -0.9997761 -0.1073344 -0.08142405 -0.9908832 -0.1283332 -0.09622699 -0.9870517 -0.2449183 -0.1620886 -0.9558987 -0.2765976 -0.1750289 -0.9449121 -0.4095113 -0.2592635 -0.8746902 -0.3831345 -0.2487597 -0.8895655 -0.5036037 -0.3181667 -0.8032144 -0.5373548 -0.3238412 -0.7787021 -0.6107246 -0.3944638 -0.6865959 -0.637793 -0.3954695 -0.6609266 -0.7027939 -0.4406348 -0.5584996 -0.733412 -0.4343523 -0.5229197 -0.7653711 -0.5017121 -0.4031032 -0.78844 -0.4907531 -0.3708421 -0.8266714 -0.5047252 -0.2487308 -0.8489894 -0.4885244 -0.2013977 -0.8624497 -0.505433 -0.02679604 -0.8482721 -0.5238565 -0.07751792 -0.8511838 -0.4930701 0.1799113 -0.8939017 -0.43514 0.107671 -0.771304 -0.5468375 0.3256671 -0.9021088 -0.3488923 0.2539174 -0.7329286 -0.4862996 0.4757398 -0.846872 -0.3394324 0.4093819 -0.7398236 -0.3239647 0.5896676 -0.6324543 -0.4055423 0.6599524 -0.735458 -0.06924861 0.6740223 -0.4559215 -0.4732258 0.7537859 -0.6555439 0.07550352 0.751373 -0.409658 -0.3452017 0.8444028 -0.5999802 0.3866804 0.7003585 -0.5991924 0.382045 0.7035696 -0.4600457 -0.08545362 0.8837736 -0.3892164 -0.3943132 0.8324829 -0.4224757 -0.5152537 0.7456728 -0.5922257 -0.4406672 0.6745971 -0.7647113 -0.3303056 0.5532765 -0.7122346 -0.5334511 0.4562366 -0.7419214 -0.5913703 0.3159651 -0.8222565 -0.5345491 0.1953248 -0.8731558 -0.48666 0.02758938 -0.9112251 -0.4032426 -0.08404827 -0.846404 -0.49854 -0.1872386 -0.8544838 -0.4364893 -0.2816641 -0.8336092 -0.3687059 -0.4112806 -0.7491291 -0.4373124 -0.4975576 -0.7237027 -0.3635146 -0.5866103 -0.6630305 -0.287827 -0.6910472 -0.5683856 -0.3273771 -0.754826 -0.5645229 -0.2284399 -0.7931765 -0.5167844 -0.2430867 -0.8208793 -0.4312047 -0.1536027 -0.8890832 -0.322497 -0.1813454 -0.9290369 -0.2605382 -0.08578807 -0.9616447 -0.1664499 0.01648014 -0.9859122 -0.04446667 -0.01278758 -0.998929 0.01266533 0.09393733 -0.9954977 0.1713621 0.05325496 -0.9837678 0.2360956 0.1620869 -0.9581163 0.3249025 0.138494 -0.9355522 0.3230437 0.1390751 -0.9361095 0.4502792 0.2057905 -0.8688492 0.4614503 0.2879792 -0.8391256 0.4649315 0.3243899 -0.8237778 0.5804503 0.2735157 -0.7669855 0.6827169 0.3224059 -0.6557073 0.6766161 0.4152171 -0.6080999 0.780737 0.3593917 -0.5111627 0.8453084 0.3853298 -0.3701009 0.8122686 0.4958455 -0.3071758 0.8991944 0.3891839 -0.1999634 0.9138116 0.4036189 -0.04516869 0.8542537 0.5183935 0.03897255 0.8137387 0.5699803 0.1138068 0.9127409 0.3601889 0.1927905 0.8868612 0.310229 0.3423963 0.6632527 0.6251336 0.4114657 0.8279536 0.2526984 0.5006359 0.7695107 0.1524128 0.6201803 0.4803079 0.5590164 0.6758736 0.06927788 -0.01535099 0.9974793 0.06924718 0 0.9975996 0.06927764 -0.01553404 0.9974765 0.0693081 -0.03112912 0.9971095 0.013062 -0.9781551 -0.2074661 0.05789393 -0.9956726 -0.07269549 0.03103739 -0.9989646 -0.03326523 0.00225836 -0.9954276 0.09549289 -0.01654112 -0.9879233 0.1540588 0.02749741 -0.9636309 0.2658187 0.007019281 -0.9465985 0.3223385 -0.03476196 -0.8941063 0.4465038 -0.03314405 -0.8658667 0.4991758 0.00238043 -0.758845 0.6512669 -0.007385611 -0.7830935 0.6218603 -0.01702976 -0.6203972 0.7841029 -0.1586983 -0.6921076 0.7041321 -0.1870194 -0.5511092 0.813205 0.1698382 -0.4495447 0.8769633 0.2153125 -0.4315406 0.8760213 0.2154633 -0.4312319 0.8761363 0.01464921 -0.5757151 0.8175191 0.008179068 -0.6149907 0.7884919 0.02838259 -0.7173777 0.696106 -0.04071229 -0.8326494 0.5523021 0.003021359 -0.865986 0.5000593 -0.008881092 -0.9306254 0.3658655 -0.08020454 -0.9644384 0.2518447 0.001953184 -0.9891874 0.1466446 -0.04394799 -0.9974371 0.05646097 -0.1403558 -0.987313 -0.07425218 0.0070194 -0.9842441 -0.1766756 0.04226887 -0.9680956 -0.2469908 -0.1164315 -0.9586145 -0.2598117 0.05923736 -0.9293339 -0.3644578 0.1094741 -0.9159875 -0.3859825 -0.1447523 -0.8935399 -0.4250098 0.01678538 -0.8659737 -0.499808 0.0707736 -0.8629558 -0.5002983 -0.09772205 -0.8333538 -0.5440331 -0.2059754 -0.8009204 -0.5622283 0.1654757 -0.7722606 -0.6133771 0.1121264 -0.7729523 -0.6244778 -0.1435316 -0.7058473 -0.6936702 0.1145382 -0.6719393 -0.7316958 0.06256461 -0.6623308 -0.7465947 -0.03076368 -0.6153959 -0.7876176 -0.1351407 -0.5690984 -0.8110882 0.04565614 -0.5172945 -0.8545888 0.09613573 -0.5326836 -0.8408367 -0.06070297 -0.439662 -0.8961097 0.01205515 -0.3638216 -0.9313907 0.05771094 -0.3942718 -0.9171801 3.05196e-4 -0.3310763 -0.943604 -0.0722686 -0.2639269 -0.9618315 0.0551787 -0.2231258 -0.9732267 0.01181066 -0.1890017 -0.9819058 -0.02343863 -0.1226258 -0.9921762 0.02789413 -0.06714129 -0.9973536 9.1558e-5 -0.008240163 -0.9999662 -0.007110774 0.02716153 -0.9996058 -0.03088545 0.1104491 -0.9934018 -0.01895219 0.1805799 -0.9833777 0 0.1678227 -0.9858173 -0.002563536 0.2128077 -0.9770907 -0.01117014 0.3086444 -0.9511119 0.02862673 0.4107548 -0.9112964 0.00903362 0.3628409 -0.9318073 -0.08545404 0.4161003 -0.9052945 0.001373291 0.5210149 -0.8535465 0.006348013 0.5094634 -0.8604691 0.02490365 0.5651246 -0.8246297 0.04718178 0.6692123 -0.7415719 -0.07965403 0.5798878 -0.8107931 0.07254379 0.6915009 -0.7187239 -0.2181854 0.6685649 -0.7109263 0.04297125 0.7913368 -0.6098686 -0.004364192 0.7565392 -0.6539338 0.0724523 0.8074439 -0.5854785 -0.1990785 0.7941473 -0.5741934 0.08878034 0.8730631 -0.4794568 0.1411794 0.875398 -0.4623276 -0.1482009 0.899033 -0.412039 0.04522985 0.939176 -0.3404448 0.09921878 0.9356355 -0.3387356 -0.1477425 0.953841 -0.2614563 -0.01113927 0.984685 -0.1739869 0.02005106 0.9744156 -0.2238579 -0.01846414 0.9899547 -0.1401751 -0.1503391 0.9846208 -0.08899492 0.03109914 0.9995065 0.004455804 0.08401858 0.9963818 0.01281791 -0.1429799 0.9862716 0.082614 -0.001098632 0.9864889 0.1638247 0.04394721 0.9903084 0.1317501 -0.04217714 0.9737372 0.2237343 0.03143447 0.9357109 0.3513646 -0.1241824 0.9567751 0.2629835 0.08392679 0.9280172 0.3629607 -0.1841198 0.8914535 0.4140177 0.08133339 0.8783095 0.4711235 0.02923768 0.8732865 0.4863291 -0.09448683 0.8265157 0.5549271 -0.002563595 0.7742186 0.6329133 -0.006164908 0.7609738 0.6487535 0.01831126 0.7176793 0.6961331 -0.2159819 0.6851481 0.6956465 0.07254314 0.6324714 0.7711793 0.127053 0.6241255 0.7709248 -0.4054498 0.5261539 0.7475109 0.124732 0.5248692 0.8419942 0.1785051 0.5301136 0.8289243 -0.2151932 0.424252 0.8796034 0.3368148 0.3740792 0.864072 0.3749869 0.3741934 0.8481534 -0.2328305 0.2858728 0.929552 -0.2726922 0.2755 0.9218127 -0.8997284 0.434742 -0.03857588 -0.820004 0.5668734 0.07904607 -0.8874607 0.4504902 0.0973249 -0.9084589 0.412922 -0.06479179 -0.7662112 0.6387637 -0.07001066 -0.8796122 0.4379445 -0.1857067 -0.8992109 0.3891474 -0.1999603 -0.7772835 0.5738146 -0.258006 -0.8268813 0.4153023 -0.3791983 -0.812211 0.4959391 -0.3071771 -0.8288754 0.3969348 -0.3942186 -0.7188091 0.5659404 -0.4037635 -0.7612132 0.3811254 -0.5246884 -0.7553504 0.3712661 -0.5400068 -0.6362434 0.5606156 -0.5300044 -0.6648591 0.3444999 -0.6627838 -0.6765744 0.4152102 -0.608151 -0.6553706 0.3314086 -0.6787178 -0.5715963 0.4497631 -0.6862878 -0.5579561 0.2869741 -0.7786726 -0.5443184 0.2826732 -0.7898186 -0.4591412 0.4274311 -0.778776 -0.4304684 0.2207733 -0.8751892 -0.4649977 0.3242715 -0.823787 -0.4616117 0.2902431 -0.8382564 -0.4141728 0.2131139 -0.8848974 -0.3434953 0.3097103 -0.8866176 -0.3027182 0.1751792 -0.9368426 -0.3240197 0.1390749 -0.9357721 -0.3240838 0.1396865 -0.9356589 -0.2309668 0.1648019 -0.9589029 -0.1934024 0.1470737 -0.9700335 -0.1484459 0.09021502 -0.984797 -0.1713621 0.05325496 -0.9837678 -0.07806831 0.05298143 -0.9955392 2.13631e-4 0.006805658 -0.9999769 -0.03433424 -0.0217908 -0.9991729 0.04431301 -0.01278728 -0.9989359 0.09842503 -0.02911549 -0.9947184 0.1197859 -0.1144451 -0.9861814 0.1504288 -0.08231008 -0.9851884 0.2132986 -0.1146606 -0.9702355 0.2544956 -0.1880563 -0.9486132 0.2944518 -0.1629129 -0.941678 0.322342 -0.181344 -0.929091 0.3818805 -0.1884835 -0.904788 0.430045 -0.2483952 -0.8679639 0.3925645 -0.2763181 -0.8772351 0.5168474 -0.2431486 -0.8208214 0.5295439 -0.2568521 -0.8084616 0.5095868 -0.3380662 -0.7912222 0.5511122 -0.3136743 -0.7732295 0.5683311 -0.3273809 -0.7548652 0.6279996 -0.3181962 -0.7101885 0.6539142 -0.3852496 -0.6511368 0.6153322 -0.4151554 -0.6700839 0.7034683 -0.3810936 -0.5999166 0.7429701 -0.426573 -0.5157819 0.7045027 -0.4535137 -0.545895 0.7490943 -0.4373404 -0.4975854 0.809148 -0.3992789 -0.4311102 0.7648391 -0.5152234 -0.386738 0.7991216 -0.4821159 -0.3591225 0.8442848 -0.4494876 -0.2917946 0.825449 -0.510828 -0.240185 0.8532148 -0.483235 -0.196236 0.846404 -0.49854 -0.1872386 0.8978093 -0.4290977 -0.09906482 0.8654282 -0.5008172 -0.01471012 0.8452964 -0.5300002 -0.067631 0.8756186 -0.4818939 0.03271627 0.8965233 -0.430347 0.1051071 0.8375166 -0.5126363 0.1891294 0.8066296 -0.551792 0.2118356 0.899778 -0.3501815 0.2603319 0.775503 -0.5310411 0.3414533 0.7440306 -0.5750146 0.3402599 0.8576827 -0.3070847 0.4124068 0.7377456 -0.4736611 0.4810163 0.7165355 -0.5212111 0.4635904 0.763569 -0.3320528 0.553808 0.6601063 -0.3735892 0.651683 0.6746405 -0.3811009 0.632157 0.6080938 -0.3771555 0.6985526 0.7003235 -0.1589744 0.6958981 0.4779916 -0.4218057 0.770457 0.5123206 -0.378892 0.7706936 0.6585739 0.08850568 0.7472932 0.3744776 -0.4135735 0.8298938 0.3961414 -0.3643097 0.8428229 0.4718225 -0.03445583 0.8810201 0.1422789 -0.5066741 0.8503165 0.1611095 -0.4732573 0.8660666 0.3652823 0.0584439 0.9290605 0.3760272 0.09805822 0.9214056 -0.8697962 0.4724062 0.1424329 -0.8224687 0.4820242 0.30199 -0.8068526 0.4913811 0.3279231 -0.7914286 0.4382278 0.4261421 -0.7568901 0.4363715 0.4865155 -0.6644074 0.4613008 0.5880174 -0.6409115 0.4136626 0.6466187 -0.5672892 0.3709598 0.7352359 -0.5499556 0.2847135 0.7851669 -0.3217974 0.530276 0.7843812 -0.405777 0.2141804 0.8885223 -0.06885147 0.6152077 0.7853528 -0.07269597 0.6112931 0.7880584 -0.4048704 0.1570833 0.9007801 -0.4277871 0.2427189 0.8706812 -0.541575 0.2290821 0.8088375 -0.6142544 0.3948844 0.6831967 -0.668035 0.3816123 0.6388282 -0.7421751 0.4333781 0.5112335 -0.7527917 0.5140079 0.4112185 -0.8117229 0.4668238 0.3509724 -0.829024 0.5143099 0.2195552 -1.92124e-6 0 -1 7.60879e-6 0 -1 -7.60879e-6 0 -1 -5.63341e-6 0 -1 -1.52049e-7 0 -1 3.16431e-6 0 -1 -5.79971e-6 0 -1 8.15751e-7 0 -1 7.60879e-6 0 -1 7.60879e-6 0 -1 -7.60897e-6 0 -1 -1.12668e-5 0 -1 1.34089e-6 0 -1 -1.12676e-5 0 -1 -1.10221e-6 0 -1 -9.3328e-7 0 -1 2.61244e-7 0 -1 -7.23957e-7 0 -1 -1.92124e-6 0 1 7.60879e-6 0 1 -7.60879e-6 0 1 -5.63341e-6 0 1 -1.52049e-7 0 1 3.16431e-6 0 1 -5.79971e-6 0 1 8.15751e-7 0 1 -0.09799575 0.9951869 0 -0.1950772 0.9807879 0 -0.3826816 0.9238803 0 -0.5555732 0.8314677 0 -0.7071068 0.7071068 0 -0.8314677 0.5555732 0 -0.9238803 0.3826816 0 -0.9807879 0.1950772 0 -0.9807879 -0.1950772 0 -0.9238803 -0.3826816 0 -0.8314677 -0.5555732 0 -0.7071068 -0.7071068 0 -0.5555732 -0.8314677 0 -0.3826816 -0.9238803 0 -0.1950772 -0.9807879 0 0 -1 0 0.1950772 -0.9807879 0 0.3826816 -0.9238803 0 0.5555732 -0.8314677 0 0.7071068 -0.7071068 0 0.8314677 -0.5555732 0 0.9238803 -0.3826816 0 0.9807879 -0.1950772 0 1 0 0 0.9807879 0.1950772 0 0.9238803 0.3826816 0 0.8314677 0.5555732 0 0.7071068 0.7071068 0 0.5555732 0.8314677 0 0.3826816 0.9238803 0 0.1950772 0.9807879 0 0.09799575 0.9951869 0 -2.8167e-6 0 1 -3.87901e-6 0 1 -1.12668e-5 0 1 2.8167e-6 0 1 3.87901e-6 0 1 1.12668e-5 0 1 -2.20441e-6 0 1 2.20441e-6 0 1</float_array>
          <technique_common>
            <accessor source="#Mesh-1_005-mesh-normals-array" count="5712" stride="3">
              <param name="X" type="float"/>
              <param name="Y" type="float"/>
              <param name="Z" type="float"/>
            </accessor>
          </technique_common>
        </source>
        <vertices id="Mesh-1_005-mesh-vertices">
          <input semantic="POSITION" source="#Mesh-1_005-mesh-positions"/>
        </vertices>
        <triangles material="Material_008-material" count="10648">
          <input semantic="VERTEX" source="#Mesh-1_005-mesh-vertices" offset="0"/>
          <input semantic="NORMAL" source="#Mesh-1_005-mesh-normals" offset="1"/>
          <p>1 0 0 0 41 0 45 1 44 1 1 1 41 0 45 0 1 0 38 2 42 2 41 2 43 0 42 0 38 0 39 3 38 3 40 3 35 4 40 4 38 4 36 5 35 5 32 5 37 0 36 0 32 0 30 6 33 6 32 6 34 7 33 7 30 7 29 0 34 0 30 0 31 0 30 0 32 0 26 8 31 8 28 8 27 0 26 0 28 0 23 0 28 0 20 0 20 0 24 0 23 0 25 0 24 0 20 0 22 0 21 0 20 0 18 0 17 0 22 0 19 0 18 0 14 0 16 9 15 9 14 9 11 10 16 10 14 10 12 0 11 0 13 0 8 0 13 0 9 0 10 11 9 11 13 11 5 0 10 0 6 0 7 0 6 0 0 0 4 0 2 0 7 0 4 0 3 0 2 0 0 0 4 0 7 0 41 0 0 0 38 0 35 12 38 12 0 12 32 13 35 13 0 13 28 14 31 14 32 14 20 0 28 0 18 0 18 15 22 15 20 15 11 0 14 0 18 0 13 16 11 16 18 16 10 0 13 0 18 0 6 0 10 0 0 0 32 0 0 0 18 0 18 0 28 0 32 0 0 0 10 0 18 0 49 17 46 17 48 17 46 18 47 18 48 18 50 19 51 19 52 19 56 20 53 20 55 20 53 21 54 21 55 21 59 0 57 0 58 0 61 22 60 22 62 22 64 0 63 0 65 0 66 23 68 23 67 23 70 24 69 25 71 25 73 24 74 26 72 27 77 28 75 28 76 28 80 29 78 30 79 0 81 31 83 31 82 31 84 32 86 32 85 32 89 33 88 33 87 33 90 34 91 34 92 34 93 35 94 35 95 35 96 36 97 36 98 36 102 37 99 37 101 37 99 38 100 38 101 38 104 39 103 39 105 39 109 40 106 40 108 40 106 41 107 41 108 41 113 42 110 42 112 42 110 43 111 43 112 43 114 44 115 44 116 44 117 45 115 45 114 45 119 46 120 46 118 46 121 47 120 47 119 47 125 48 122 48 124 48 122 49 123 49 124 49 126 50 128 50 129 50 128 51 127 51 129 51 133 52 130 52 132 52 130 53 131 53 132 53 134 54 135 54 137 54 135 55 136 55 137 55 138 56 139 56 140 56 141 57 139 57 138 57 142 58 143 58 144 58 148 59 145 59 147 59 145 60 146 60 147 60 149 61 150 61 151 61 152 62 150 62 149 62 153 63 154 63 155 63 156 64 157 65 158 66 159 67 161 67 162 67 159 68 160 68 161 68 5301 69 799 70 2355 71 2355 71 803 72 5301 69 801 73 803 72 802 74 801 73 800 75 799 70 799 70 2357 76 2355 71 2355 71 802 74 803 72 801 73 802 74 1821 77 799 70 800 75 2357 76 800 75 801 73 1821 77 2355 71 2357 76 2371 78 2371 78 802 74 2355 71 802 74 1838 79 1821 77 800 75 2356 80 2357 76 1806 81 800 75 1821 77 2357 76 2358 82 2371 78 2371 78 1838 79 802 74 1821 77 1838 79 1760 83 2357 76 2356 80 1769 84 1821 77 1769 84 1806 81 2371 78 2358 82 2369 85 2358 82 2357 76 2238 86 2402 87 1838 79 2371 78 1760 83 1763 88 1821 77 1838 79 892 89 1760 83 2357 76 1769 84 2239 90 1819 91 1769 84 1821 77 2369 85 2402 87 2371 78 2358 82 2370 92 2369 85 2236 93 2358 82 2238 86 2238 86 2357 76 2239 90 2402 87 1837 94 1838 79 1763 88 1801 95 1821 77 1786 96 1763 88 1760 83 1759 97 1760 83 892 89 1837 94 892 89 1838 79 2239 90 1769 84 1819 91 1820 98 1819 91 1821 77 2412 99 2402 87 2369 85 2370 92 2412 99 2369 85 2353 100 2370 92 2358 82 2237 101 2358 82 2236 93 2236 93 2238 86 2234 102 2239 90 2211 103 2238 86 1809 104 1837 94 2402 87 1801 95 1799 105 1821 77 1763 88 1765 106 1801 95 1786 96 1785 107 1763 88 1786 96 1760 83 3676 108 1760 83 1759 97 3675 109 892 89 1617 110 1759 97 895 111 892 89 1837 94 1819 91 1820 98 2239 90 1820 98 1821 77 2211 103 2412 99 2448 112 2402 87 2378 113 2412 99 2370 92 2353 100 2378 113 2370 92 2237 101 2353 100 2358 82 2237 101 2236 93 2235 114 2236 93 2234 102 2235 114 2238 86 2211 103 2234 102 1820 98 2211 103 2239 90 1837 94 1809 104 895 111 2402 87 2447 115 1809 104 1799 105 1768 116 1821 77 1801 95 1800 117 1799 105 1765 106 1833 118 1801 95 1792 119 1765 106 1763 88 1785 107 1784 120 1763 88 1785 107 1786 96 1846 121 3677 122 1786 96 3676 108 1760 83 3675 109 3676 108 3675 109 1759 97 1758 123 1617 110 1758 123 1759 97 1617 110 892 89 822 124 892 89 895 111 824 125 1821 77 1822 126 2211 103 2448 112 2447 115 2402 87 2449 127 2448 112 2412 99 2378 113 2410 128 2412 99 2379 129 2378 113 2353 100 2241 130 2353 100 2237 101 2237 101 2235 114 2240 131 2235 114 2234 102 2233 132 2234 102 2211 103 2232 133 1809 104 894 134 895 111 2447 115 2446 135 1809 104 1768 116 1823 136 1821 77 1797 137 1768 137 1799 137 2159 138 1799 105 1800 117 1800 117 1801 95 2160 139 1833 118 1802 140 1801 95 1751 141 1833 118 1765 106 1748 137 1765 137 1792 137 1764 142 1792 119 1763 88 1784 120 1788 143 1763 88 1785 107 1847 144 1784 120 1846 121 1786 96 3677 122 3676 108 3710 145 3677 122 3676 108 3675 109 3708 146 1758 123 3627 147 3675 109 1617 110 1618 148 1758 123 822 124 823 149 1617 110 892 89 824 125 822 124 895 111 894 134 824 125 2211 103 1822 126 2198 150 1823 136 1822 126 1821 77 2448 112 2535 151 2447 115 2449 127 2535 151 2448 112 2445 152 2449 127 2412 99 2410 128 2441 153 2412 99 2379 129 2410 128 2378 113 2354 154 2379 129 2353 100 2241 130 2354 154 2353 100 2241 130 2237 101 2240 131 2240 131 2235 114 2262 155 2235 114 2233 132 2262 155 2234 102 2232 133 2233 132 2211 103 2198 150 2232 133 1809 104 1808 156 894 134 1809 104 2446 135 1808 156 2447 115 2536 157 2446 135 1768 158 1836 158 1823 158 1797 159 1804 159 1768 159 1799 105 1798 160 1797 161 1798 160 1799 105 2159 138 2160 139 2159 138 1800 117 1801 95 1802 140 2160 139 1802 140 1833 118 2142 162 1751 141 1827 163 1833 118 1794 137 1751 137 1765 137 1747 164 1765 106 1748 165 1792 119 1790 166 1748 165 1792 119 1764 142 1959 167 1764 142 1763 88 1960 168 1787 169 1763 88 1788 143 1784 120 1789 170 1788 143 3710 145 1784 120 1847 144 5355 171 1846 121 3677 122 3710 145 1847 144 3677 122 3712 172 3710 145 3676 108 3708 146 3712 172 3676 108 3675 109 3706 173 3708 146 3627 147 3621 174 3675 109 3628 175 3627 147 1758 123 1618 148 1755 176 1758 123 1617 110 1619 177 1618 148 823 149 1619 177 1617 110 824 125 823 149 822 124 824 125 894 134 893 178 1822 126 1823 136 2198 150 2535 151 2536 157 2447 115 2445 152 2535 151 2449 127 2412 99 2441 153 2445 152 2410 128 2442 179 2441 153 2380 180 2410 128 2379 129 2380 180 2379 129 2354 154 2242 181 2354 154 2241 130 2242 181 2241 130 2240 131 2240 131 2262 155 2263 182 2262 155 2233 132 2260 183 2233 132 2232 133 2231 184 2232 133 2198 150 2230 185 898 186 894 134 1808 156 2446 135 1807 187 1808 156 2536 157 1807 187 2446 135 1835 188 1823 136 1836 189 1768 116 1767 190 1836 189 1804 191 1803 192 1768 116 1805 137 1804 137 1797 137 1797 161 1798 160 2161 193 2161 193 1798 160 2159 138 2159 138 2160 139 2218 194 2160 139 1802 140 2142 162 2142 162 1833 118 1834 195 1827 163 1842 196 1833 118 1751 197 1829 197 1827 197 1793 198 1751 141 1794 199 1766 200 1794 199 1765 106 1747 164 1942 201 1765 106 1748 165 1950 202 1747 164 1749 137 1748 137 1790 137 1791 203 1790 166 1792 119 1791 203 1792 119 1959 167 1959 167 1764 142 1960 168 1763 88 1762 204 1960 168 1787 169 1761 205 1763 88 1787 169 1788 143 1998 206 3711 207 1784 120 3710 145 3677 122 1847 144 5355 171 3710 145 3712 172 2001 208 3707 209 3712 172 3708 146 3708 146 3706 173 3707 209 3675 109 3621 174 3706 173 3627 147 3623 210 3621 174 3628 175 3626 211 3627 147 1755 176 3628 175 1758 123 1616 212 1755 176 1618 148 1619 177 1615 213 1618 148 823 149 957 214 1619 177 823 149 824 125 956 215 824 125 893 178 960 216 894 134 898 186 893 178 2198 150 1823 136 1835 188 2535 151 2450 217 2536 157 2534 218 2535 151 2445 152 2441 153 2534 218 2445 152 2442 179 2534 218 2441 153 2443 219 2442 179 2410 128 2411 220 2410 128 2380 180 2372 221 2380 180 2354 154 2354 154 2242 181 2360 222 2242 181 2240 131 2264 223 2264 223 2240 131 2263 182 2263 182 2262 155 2261 224 2262 155 2260 183 2261 224 2233 132 2231 184 2260 183 2232 133 2230 185 2231 184 2198 150 2181 225 2230 185 1808 156 1807 187 898 186 2536 157 1774 226 1807 187 1835 188 1836 189 2181 225 2181 225 1836 189 1767 190 1767 190 1768 116 2180 227 2180 227 1768 116 1803 192 1803 192 1804 191 2179 228 1804 191 1805 229 2162 230 1796 231 1805 229 1797 161 2162 230 1797 161 2161 193 2161 193 2159 138 2220 232 2220 232 2159 138 2218 194 2218 194 2160 139 2216 233 2160 139 2142 162 2216 233 2142 162 1834 195 2141 234 1834 195 1833 118 1843 235 1842 196 1816 236 1833 118 1827 137 1815 137 1842 137 1828 237 1827 163 1829 238 1751 141 1750 239 1829 238 1751 141 1793 198 1917 240 1793 198 1794 199 1935 241 1795 137 1794 137 1766 137 1765 106 1942 201 1766 200 1950 202 1942 201 1747 164 1748 165 1749 242 1950 202 1749 242 1790 166 1950 202 1790 166 1791 203 1959 167 1960 168 1984 243 1959 167 1960 168 1762 204 1998 206 1762 204 1763 88 1761 205 1998 206 1761 205 1787 169 1788 143 3710 145 1998 206 1788 143 3711 207 3710 145 1998 206 3710 145 2001 208 2001 208 3712 172 2000 244 3715 245 3712 172 3707 209 3707 209 3706 173 3705 246 3621 174 3622 247 3706 173 3623 210 3622 247 3621 174 3626 211 3623 210 3627 147 1756 248 3626 211 3628 175 1755 176 1756 248 3628 175 1616 212 1756 248 1755 176 1618 148 1615 213 1616 212 1619 177 1534 249 1615 213 957 214 1534 249 1619 177 957 214 823 149 956 215 956 215 824 125 960 216 960 216 893 178 937 250 898 186 897 251 893 178 2198 150 1835 188 2181 225 2450 217 1774 226 2536 157 2519 252 2450 217 2535 151 2534 218 2519 252 2535 151 2534 218 2442 179 2533 253 2442 179 2443 219 2533 253 2411 220 2443 219 2410 128 2372 221 2411 220 2380 180 2372 221 2354 154 2360 222 2360 222 2242 181 2265 254 2265 254 2242 181 2264 223 2264 223 2263 182 2288 255 2263 182 2261 224 2286 256 2261 224 2260 183 2259 257 2260 183 2231 184 2258 258 2231 184 2230 185 2229 259 2230 185 2181 225 2228 260 1807 187 897 251 898 186 1807 187 1774 226 897 251 2181 225 1767 190 2180 227 2180 227 1803 192 2179 228 2179 228 1804 191 2162 230 2162 230 1805 229 1796 231 1796 231 1797 161 2162 230 2162 230 2161 193 2222 261 2222 261 2161 193 2220 232 2220 232 2218 194 2219 262 2218 194 2216 233 2217 263 2216 233 2142 162 2214 264 2142 162 2141 234 2214 264 1834 195 1843 235 2141 234 1843 235 1833 118 1816 236 1842 196 1831 265 1816 236 1825 266 1842 196 1815 267 1826 268 1815 267 1827 163 1827 163 1828 237 1908 269 1828 237 1829 238 1912 270 1829 238 1750 239 1912 270 1750 239 1751 141 1917 240 1917 240 1793 198 1935 241 1935 241 1794 199 1795 271 1766 200 1935 241 1795 271 1942 201 1935 241 1766 200 1950 202 1980 272 1942 201 1950 202 1790 166 1959 167 1984 243 1982 273 1959 167 2001 208 1984 243 1960 168 1998 206 2001 208 1960 168 1762 204 1761 205 1998 206 2001 208 2000 244 1984 243 2000 244 3712 172 3715 245 3707 209 3705 246 3715 245 3706 173 3704 274 3705 246 3706 173 3622 247 3624 275 3624 275 3622 247 3623 210 3623 210 3626 211 3604 276 1756 248 1757 277 3626 211 1616 212 1614 278 1756 248 1616 212 1615 213 1614 278 1534 249 1637 279 1615 213 1534 249 957 214 958 280 958 280 957 214 956 215 956 215 960 216 961 281 960 216 937 250 959 282 893 178 896 283 937 250 893 178 897 251 896 283 2450 217 1773 284 1774 226 2519 252 2508 285 2450 217 2520 286 2519 252 2534 218 2533 253 2520 286 2534 218 2533 253 2443 219 2444 287 2444 287 2443 219 2411 220 2375 288 2411 220 2372 221 2360 222 2375 288 2372 221 2265 254 2267 289 2360 222 2265 254 2264 223 2266 290 2266 290 2264 223 2288 255 2288 255 2263 182 2286 256 2286 256 2261 224 2284 291 2261 224 2259 257 2284 291 2260 183 2258 258 2259 257 2231 184 2229 259 2258 258 2230 185 2228 260 2229 259 2181 225 2180 227 2228 260 1773 284 897 251 1774 226 2180 227 2179 228 2226 292 2179 228 2162 230 2224 293 2224 293 2162 230 2222 261 2222 261 2220 232 2221 294 2221 294 2220 232 2219 262 2219 262 2218 194 2217 263 2217 263 2216 233 2215 295 2216 233 2214 264 2215 295 2214 264 2141 234 2212 296 2141 234 1843 235 1844 297 1816 236 1845 298 1843 235 1831 299 1818 299 1816 299 1842 300 1840 300 1831 300 1825 266 1903 301 1842 196 1815 267 1814 302 1825 266 1815 267 1826 268 1907 303 1826 268 1827 163 1908 269 1908 269 1828 237 1912 270 1912 270 1750 239 1917 240 1935 241 1976 304 1917 240 1942 201 1978 305 1935 241 1980 272 1978 305 1942 201 1982 273 1980 272 1950 202 1959 167 1982 273 1950 202 1984 243 1983 306 1982 273 2000 244 1999 307 1984 243 1999 307 2000 244 3715 245 3705 246 3703 308 3715 245 3705 246 3704 274 3703 308 3704 274 3706 173 3625 309 3625 309 3706 173 3624 275 3616 310 3624 275 3623 210 3603 311 3623 210 3604 276 3604 276 3626 211 3548 312 3626 211 1757 277 1778 313 1757 277 1756 248 1614 278 1615 213 1612 314 1614 278 1615 213 1637 279 1612 314 1534 249 1649 315 1637 279 958 280 963 316 1534 249 958 280 956 215 962 317 962 317 956 215 961 281 961 281 960 216 959 282 959 282 937 250 938 318 937 250 896 283 936 319 897 251 901 320 896 283 2450 217 1772 321 1773 284 2508 285 1772 321 2450 217 2507 322 2508 285 2519 252 2520 286 2507 322 2519 252 2521 323 2520 286 2533 253 2533 253 2444 287 2530 324 2440 325 2444 287 2411 220 2409 326 2411 220 2375 288 2376 327 2375 288 2360 222 2360 222 2267 289 2359 328 2267 289 2265 254 2266 290 2266 290 2288 255 2289 329 2288 255 2286 256 2287 330 2286 256 2284 291 2285 331 2284 291 2259 257 2282 332 2259 257 2258 258 2257 333 2258 258 2229 259 2256 334 2229 259 2228 260 2227 335 2228 260 2180 227 2226 292 901 320 897 251 1773 284 2226 292 2179 228 2224 293 2224 293 2222 261 2223 336 2223 336 2222 261 2221 294 2221 294 2219 262 2248 337 2219 262 2217 263 2246 338 2217 263 2215 295 2244 339 2215 295 2214 264 2213 340 2214 264 2212 296 2213 340 2141 234 2140 341 2212 296 2141 234 1844 297 2140 341 1844 297 1843 235 1845 298 1845 298 1816 236 2119 342 1818 343 1817 344 1816 236 1830 345 1818 343 1831 265 1832 346 1831 265 1840 347 1842 196 1841 348 1840 347 1842 196 1903 301 1841 348 1907 303 1903 301 1825 266 1814 302 1907 303 1825 266 1814 302 1815 267 1907 303 1907 303 1826 268 1908 269 1912 270 1972 349 1908 269 1917 240 1974 350 1912 270 1976 304 1974 350 1917 240 1978 305 1976 304 1935 241 1980 272 1979 351 1978 305 1982 273 1981 352 1980 272 1983 306 1981 352 1982 273 1984 243 1999 307 1983 306 3716 353 1999 307 3715 245 3715 245 3703 308 3716 353 3703 308 3704 274 3666 354 3617 355 3704 274 3625 309 3625 309 3624 275 3616 310 3616 310 3623 210 3603 311 3604 276 3597 356 3603 311 3548 312 3587 357 3604 276 3626 211 1778 313 3548 312 1614 278 1778 313 1757 277 1614 278 1612 314 1613 358 1637 279 1635 359 1612 314 1649 315 1648 360 1637 279 963 316 1649 315 1534 249 963 316 958 280 962 317 962 317 961 281 943 361 961 281 959 282 941 362 959 282 938 318 939 363 938 318 937 250 812 364 937 250 936 319 812 364 896 283 809 365 936 319 901 320 900 366 896 283 1773 284 1772 321 901 320 1772 321 2508 285 1771 367 2453 368 2508 285 2507 322 2510 369 2507 322 2520 286 2521 323 2510 369 2520 286 2530 324 2521 323 2533 253 2444 287 2440 325 2530 324 2440 325 2411 220 2409 326 2375 288 2376 327 2409 326 2359 328 2376 327 2360 222 2267 289 2268 370 2359 328 2268 370 2267 289 2266 290 2290 371 2266 290 2289 329 2289 329 2288 255 2287 330 2287 330 2286 256 2285 331 2285 331 2284 291 2283 372 2284 291 2282 332 2283 372 2259 257 2257 333 2282 332 2258 258 2256 334 2257 333 2229 259 2227 335 2256 334 2228 260 2226 292 2227 335 2226 292 2224 293 2225 373 2225 373 2224 293 2223 336 2223 336 2221 294 2250 374 2250 374 2221 294 2248 337 2248 337 2219 262 2246 338 2246 338 2217 263 2244 339 2244 339 2215 295 2243 375 2215 295 2213 340 2243 375 2213 340 2212 296 2127 376 2212 296 2140 341 2126 377 1844 297 1845 298 2140 341 2140 341 1845 298 2119 342 2119 342 1816 236 1895 378 1816 236 1817 344 1895 378 1817 344 1818 343 1896 379 1818 343 1830 345 1896 379 1830 345 1831 265 1901 380 1831 265 1832 346 1901 380 1839 381 1832 381 1840 381 1841 348 1902 382 1840 347 1903 301 1902 382 1841 348 1907 303 1968 383 1903 301 1908 269 1970 384 1907 303 1972 349 1970 384 1908 269 1974 350 1972 349 1912 270 1976 304 1975 385 1974 350 1978 305 1977 386 1976 304 1979 351 1977 386 1978 305 1981 352 1979 351 1980 272 1983 306 2027 387 1981 352 1999 307 2028 388 1983 306 2028 388 1999 307 3716 353 3703 308 3666 354 3716 353 3666 354 3704 274 3663 389 3619 390 3704 274 3617 355 3617 355 3625 309 3616 310 3602 391 3616 310 3603 311 3597 356 3595 392 3603 311 3587 357 3597 356 3604 276 3589 393 3587 357 3548 312 3548 312 1778 313 1779 394 1779 394 1778 313 1614 278 1614 278 1613 358 1779 394 1613 358 1612 314 1611 395 1612 314 1635 359 1609 396 1637 279 1636 397 1635 359 1637 279 1648 360 1636 397 1649 315 1644 398 1648 360 963 316 953 399 1649 315 963 316 962 317 945 400 945 400 962 317 943 361 943 361 961 281 941 362 941 362 959 282 939 363 939 363 938 318 928 401 938 318 812 364 928 401 812 364 936 319 811 402 936 319 809 365 807 403 896 283 899 404 809 365 896 283 900 366 899 404 1772 321 900 366 901 320 1772 321 1771 367 900 366 1771 367 2508 285 1770 405 2508 285 2453 368 1770 405 2509 406 2453 368 2507 322 2510 369 2509 406 2507 322 2497 407 2510 369 2521 323 2522 408 2521 323 2530 324 2530 324 2440 325 2439 409 2439 409 2440 325 2409 326 2376 327 2377 410 2409 326 2377 410 2376 327 2359 328 2268 370 2374 411 2359 328 2268 370 2266 290 2290 371 2290 371 2289 329 2196 412 2289 329 2287 330 2197 413 2287 330 2285 331 2337 414 2285 331 2283 372 2177 415 2283 372 2282 332 2281 416 2282 332 2257 333 2280 417 2257 333 2256 334 2255 418 2256 334 2227 335 2254 419 2227 335 2226 292 2225 373 2225 373 2223 336 2252 420 2252 420 2223 336 2250 374 2250 374 2248 337 2249 421 2248 337 2246 338 2247 422 2246 338 2244 339 2245 423 2244 339 2243 375 2139 424 2243 375 2213 340 2118 425 2213 340 2127 376 2118 425 2212 296 2126 377 2127 376 2140 341 2119 342 2126 377 2119 342 1895 378 1878 426 1896 379 1895 378 1817 344 1896 379 1830 345 1901 380 1901 380 1832 346 1902 382 1832 346 1839 427 1902 382 1902 382 1839 427 1840 347 1903 301 1966 428 1902 382 1968 383 1966 428 1903 301 1970 384 1968 383 1907 303 1972 349 1971 429 1970 384 1974 350 1973 430 1972 349 1975 385 1973 430 1974 350 1977 386 1975 385 1976 304 1979 351 2024 431 1977 386 1981 352 2026 432 1979 351 2027 387 2026 432 1981 352 2028 388 2027 387 1983 306 2004 433 2028 388 3716 353 3716 353 3666 354 3667 434 3663 389 3667 434 3666 354 3704 274 3619 390 3663 389 3619 390 3617 355 3618 435 3618 435 3617 355 3616 310 3618 435 3616 310 3602 391 3603 311 3595 392 3602 391 3597 356 3596 436 3595 392 3587 357 3598 437 3597 356 3589 393 3588 438 3587 357 1780 439 3589 393 3548 312 3548 312 1779 394 1780 439 1613 358 1780 439 1779 394 1611 395 1780 439 1613 358 1612 314 1609 396 1611 395 1635 359 1633 440 1609 396 1636 397 1634 441 1635 359 1648 360 1643 442 1636 397 1644 398 1643 442 1648 360 953 399 1644 398 1649 315 953 399 963 316 945 400 945 400 943 361 944 443 943 361 941 362 942 444 941 362 939 363 940 445 939 363 928 401 815 446 928 401 812 364 810 447 812 364 811 402 810 447 936 319 807 403 811 402 809 365 808 448 807 403 809 365 899 404 808 448 899 404 900 366 1771 367 1771 367 1770 405 899 404 1770 405 2453 368 1811 449 2452 450 2453 368 2509 406 2511 451 2509 406 2510 369 2497 407 2511 451 2510 369 2522 408 2497 407 2521 323 2529 452 2522 408 2530 324 2530 324 2439 409 2529 452 2409 326 2436 453 2439 409 2409 326 2377 410 2373 454 2373 454 2377 410 2359 328 2359 328 2374 411 2373 454 2268 370 2291 455 2374 411 2291 455 2268 370 2290 371 2113 456 2290 371 2196 412 2196 412 2289 329 2197 413 2197 413 2287 330 2337 414 2337 414 2285 331 2177 415 2177 415 2283 372 2178 457 2283 372 2281 416 2178 457 2282 332 2280 417 2281 416 2257 333 2255 418 2280 417 2256 334 2254 419 2255 418 2227 335 2225 373 2254 419 2254 419 2225 373 2252 420 2252 420 2250 374 2251 458 2251 458 2250 374 2249 421 2249 421 2248 337 2247 422 2247 422 2246 338 2245 423 2245 423 2244 339 2139 424 2139 424 2243 375 2138 459 2243 375 2118 425 2138 459 2118 425 2127 376 1897 460 2127 376 2126 377 1893 461 2126 377 2119 342 1878 426 1878 426 1895 378 1896 379 1901 380 1962 462 1896 379 1902 382 1964 463 1901 380 1966 428 1964 463 1902 382 1968 383 1967 464 1966 428 1970 384 1969 465 1968 383 1971 429 1969 465 1970 384 1973 430 1971 429 1972 349 1975 385 2020 466 1973 430 1977 386 2022 467 1975 385 2024 431 2022 467 1977 386 2026 432 2024 431 1979 351 2027 387 2002 468 2026 432 2028 388 2004 433 2027 387 2004 433 3716 353 3714 469 3714 469 3716 353 3667 434 3667 434 3663 389 3668 470 3663 389 3619 390 3620 471 3607 472 3619 390 3618 435 3601 473 3618 435 3602 391 3595 392 3594 474 3602 391 3596 436 3584 475 3595 392 3598 437 3596 436 3597 356 3588 438 3598 437 3587 357 3590 476 3588 438 3589 393 1812 477 3589 393 1780 439 1812 477 1780 439 1611 395 1611 395 1609 396 1610 478 1609 396 1633 440 1607 479 1635 359 1634 441 1633 440 1636 397 1641 480 1634 441 1643 442 1641 480 1636 397 1644 398 1535 481 1643 442 953 399 954 482 1644 398 946 483 953 399 945 400 946 483 945 400 944 443 944 443 943 361 942 444 942 444 941 362 940 445 940 445 939 363 815 446 815 446 928 401 814 484 928 401 810 447 814 484 811 402 1075 485 810 447 807 403 1076 486 811 402 808 448 827 487 807 403 899 404 902 488 808 448 1770 405 1811 449 899 404 2453 368 2451 489 1811 449 2453 368 2452 450 2451 489 2509 406 2513 490 2452 450 2511 451 2514 491 2509 406 2498 492 2511 451 2497 407 2499 493 2497 407 2522 408 2523 494 2522 408 2529 452 2439 409 2436 453 2529 452 2433 495 2436 453 2409 326 2373 454 2397 496 2409 326 2374 411 2397 496 2373 454 2291 455 2114 497 2374 411 2291 455 2290 371 2113 456 2196 412 2194 498 2113 456 2197 413 2195 499 2196 412 2336 500 2197 413 2337 414 2177 415 2175 501 2337 414 2178 457 2176 502 2177 415 2178 457 2281 416 2324 503 2281 416 2280 417 2279 504 2280 417 2255 418 2278 505 2255 418 2254 419 2253 506 2254 419 2252 420 2253 506 2253 506 2252 420 2251 458 2251 458 2249 421 2274 507 2249 421 2247 422 2272 508 2247 422 2245 423 2270 509 2245 423 2139 424 2117 510 2139 424 2138 459 2116 511 2138 459 2118 425 1875 512 2118 425 1897 460 1875 512 2127 376 1893 461 1897 460 2126 377 1879 513 1893 461 1878 426 1879 513 2126 377 1896 379 1880 514 1878 426 1962 462 1880 514 1896 379 1964 463 1962 462 1901 380 1966 428 1965 515 1964 463 1967 464 1965 515 1966 428 1969 465 1967 464 1968 383 1971 429 2016 516 1969 465 1973 430 2018 517 1971 429 2020 466 2018 517 1973 430 2022 467 2020 466 1975 385 2024 431 2023 518 2022 467 2026 432 2025 519 2024 431 2002 468 2025 519 2026 432 2004 433 2002 468 2027 387 2003 520 2004 433 3714 469 3667 434 3668 470 3714 469 3668 470 3663 389 3670 521 3663 389 3620 471 3605 522 3620 471 3619 390 3607 472 3607 472 3618 435 3601 473 3602 391 3594 474 3601 473 3595 392 3584 475 3594 474 3596 436 3513 523 3584 475 3598 437 3519 524 3596 436 3517 525 3598 437 3588 438 3588 438 3590 476 3516 526 3589 393 1746 527 3590 476 1812 477 1813 528 3589 393 1813 528 1812 477 1611 395 1611 395 1610 478 1813 528 1610 478 1609 396 1608 529 1609 396 1607 479 1608 529 1633 440 1537 530 1607 479 1634 441 1539 531 1633 440 1641 480 1639 532 1634 441 1643 442 1642 533 1641 480 1535 481 1642 533 1643 442 954 482 1535 481 1644 398 954 482 953 399 946 483 946 483 944 443 934 534 944 443 942 444 932 535 942 444 940 445 930 536 940 445 815 446 927 537 815 446 814 484 813 538 810 447 1074 539 814 484 1075 485 1074 539 810 447 1076 486 1075 485 811 402 827 487 1076 486 807 403 826 540 827 487 808 448 808 448 902 488 829 541 1811 449 902 488 899 404 1811 449 2451 489 1810 542 2451 489 2452 450 2559 543 2559 543 2452 450 2513 490 2514 491 2513 490 2509 406 2512 544 2514 491 2511 451 2512 544 2511 451 2498 492 2499 493 2498 492 2497 407 2523 494 2499 493 2522 408 2531 545 2523 494 2529 452 2437 546 2529 452 2436 453 2433 495 2437 546 2436 453 2398 547 2433 495 2409 326 2409 326 2397 496 2398 547 2398 547 2397 496 2374 411 2374 411 2114 497 2385 548 2114 497 2291 455 2113 456 2113 456 2194 498 2112 549 2196 412 2195 499 2194 498 2195 499 2197 413 2336 500 2337 414 2175 501 2336 500 2177 415 2176 502 2175 501 2176 502 2178 457 2323 550 2323 550 2178 457 2324 503 2281 416 2279 504 2324 503 2280 417 2278 505 2279 504 2255 418 2253 506 2278 505 2253 506 2251 458 2276 551 2276 551 2251 458 2274 507 2274 507 2249 421 2272 508 2272 508 2247 422 2270 509 2270 509 2245 423 2117 510 2117 510 2139 424 2116 511 2138 459 1899 552 2116 511 1875 512 1876 553 2138 459 1875 512 1897 460 1898 554 1898 554 1897 460 1893 461 1894 555 1893 461 1879 513 1880 514 1879 513 1878 426 1962 462 1961 556 1880 514 1964 463 1963 557 1962 462 1965 515 1963 557 1964 463 1967 464 2012 558 1965 515 1969 465 2014 559 1967 464 2016 516 2014 559 1969 465 2018 517 2016 516 1971 429 2020 466 2019 560 2018 517 2022 467 2021 561 2020 466 2023 518 2021 561 2022 467 2025 519 2023 518 2024 431 2002 468 2054 562 2025 519 2004 433 2003 520 2002 468 2003 520 3714 469 3713 563 3668 470 3669 564 3714 469 3670 521 3669 564 3668 470 3663 389 3605 522 3670 521 3605 522 3620 471 3607 472 3600 565 3607 472 3601 473 3594 474 3593 566 3601 473 3584 475 3583 567 3594 474 3513 523 3514 568 3584 475 3520 569 3513 523 3596 436 3596 436 3519 524 3520 569 3518 570 3519 524 3598 437 3517 525 3518 570 3598 437 3517 525 3588 438 3516 526 3516 526 3590 476 3547 571 1746 527 1745 572 3590 476 1813 528 1746 527 3589 393 1746 527 1813 528 1610 478 1608 529 1745 572 1610 478 1608 529 1607 479 1606 573 1607 479 1537 530 1655 574 1633 440 1539 531 1537 530 1634 441 1639 532 1539 531 1641 480 1640 575 1639 532 1642 533 1640 575 1641 480 1535 481 1536 576 1642 533 1535 481 954 482 955 577 955 577 954 482 946 483 947 578 946 483 934 534 934 534 944 443 932 535 932 535 942 444 930 536 930 536 940 445 927 537 927 537 815 446 813 538 814 484 1073 579 813 538 1074 539 1073 579 814 484 1075 485 1037 580 1074 539 1076 486 838 581 1075 485 827 487 830 582 1076 486 827 487 826 540 825 583 828 584 826 540 808 448 829 541 828 584 808 448 829 541 902 488 1810 542 1810 542 902 488 1811 449 1810 542 2451 489 1777 585 1777 585 2451 489 2559 543 2559 543 2513 490 2619 586 2619 586 2513 490 2514 491 2514 491 2512 544 2619 586 2498 492 2517 587 2512 544 2493 588 2498 492 2499 493 2500 589 2499 493 2523 494 2524 590 2523 494 2531 545 2531 545 2529 452 2437 546 2438 591 2437 546 2433 495 2432 592 2433 495 2398 547 2385 548 2398 547 2374 411 2114 497 2204 593 2385 548 2114 497 2113 456 2112 549 2194 498 2192 594 2112 549 2195 499 2193 595 2194 498 2335 596 2195 499 2336 500 2175 501 2173 597 2336 500 2176 502 2174 598 2175 501 2322 599 2176 502 2323 550 2324 503 2316 600 2323 550 2324 503 2279 504 2317 601 2279 504 2278 505 2277 602 2278 505 2253 506 2276 551 2276 551 2274 507 2275 603 2274 507 2272 508 2273 604 2272 508 2270 509 2271 605 2270 509 2117 510 2269 606 2117 510 2116 511 2115 607 1899 552 1872 608 2116 511 1876 553 1899 552 2138 459 1877 609 1876 553 1875 512 1898 554 1877 609 1875 512 1894 555 1898 554 1893 461 1880 514 1894 555 1879 513 1961 556 1894 555 1880 514 1963 557 1961 556 1962 462 1965 515 2010 610 1963 557 2012 558 2010 610 1965 515 2014 559 2012 558 1967 464 2016 516 2015 611 2014 559 2018 517 2017 612 2016 516 2019 560 2017 612 2018 517 2021 561 2019 560 2020 466 2023 518 2051 613 2021 561 2025 519 2053 614 2023 518 2054 562 2053 614 2025 519 2055 615 2054 562 2002 468 2003 520 2055 615 2002 468 3713 563 2055 615 2003 520 3714 469 3669 564 3713 563 3698 616 3669 564 3670 521 3670 521 3605 522 3606 617 3607 472 3606 617 3605 522 3608 618 3607 472 3600 565 3601 473 3593 566 3600 565 3594 474 3583 567 3593 566 3584 475 3515 619 3583 567 3584 475 3514 568 3515 619 3503 620 3514 568 3513 523 3513 523 3520 569 3502 621 3520 569 3519 524 3502 621 3519 524 3518 570 3504 622 3504 622 3518 570 3517 525 3506 623 3517 525 3516 526 3547 571 3506 623 3516 526 3547 571 3590 476 1781 624 1781 624 3590 476 1745 572 1745 572 1746 527 1610 478 1781 624 1745 572 1608 529 1608 529 1606 573 1781 624 1606 573 1607 479 1545 625 1545 625 1607 479 1655 574 1655 574 1537 530 1654 626 1539 531 1538 627 1537 530 1639 532 1632 628 1539 531 1640 575 1638 629 1639 532 1642 533 1647 630 1640 575 1536 576 1647 630 1642 533 948 631 1536 576 1535 481 955 577 948 631 1535 481 955 577 946 483 947 578 947 578 934 534 950 632 934 534 932 535 933 633 932 535 930 536 931 634 930 536 927 537 929 635 927 537 813 538 926 636 1073 579 1072 637 813 538 1074 539 1036 638 1073 579 1037 580 1036 638 1074 539 838 581 1037 580 1075 485 830 582 838 581 1076 486 832 639 830 582 827 487 825 583 832 639 827 487 1777 585 825 583 826 540 1777 585 826 540 828 584 828 584 829 541 1810 542 1810 542 1777 585 828 584 2559 543 1776 640 1777 585 2617 641 2559 543 2619 586 2619 586 2512 544 2560 642 2560 642 2512 544 2517 587 2518 643 2517 587 2498 492 2493 588 2518 643 2498 492 2500 589 2493 588 2499 493 2524 590 2500 589 2523 494 2532 644 2524 590 2531 545 2438 591 2531 545 2437 546 2434 645 2438 591 2433 495 2432 592 2434 645 2433 495 2399 646 2432 592 2398 547 2399 646 2398 547 2385 548 2385 548 2204 593 2384 647 2112 549 2204 593 2114 497 2112 549 2192 594 2206 648 2194 498 2193 595 2192 594 2193 595 2195 499 2335 596 2336 500 2173 597 2335 596 2175 501 2174 598 2173 597 2174 598 2176 502 2322 599 2323 550 2315 649 2322 599 2316 600 2315 649 2323 550 2317 601 2316 600 2324 503 2279 504 2277 602 2317 601 2278 505 2276 551 2277 602 2277 602 2276 551 2275 603 2275 603 2274 507 2273 604 2273 604 2272 508 2271 605 2271 605 2270 509 2269 606 2269 606 2117 510 2115 607 2116 511 1872 608 2115 607 1872 608 1899 552 1900 650 1900 650 1899 552 1876 553 1877 609 1900 650 1876 553 2005 651 1877 609 1898 554 2006 652 1898 554 1894 555 1961 556 2006 652 1894 555 1963 557 2008 653 1961 556 2010 610 2008 653 1963 557 2012 558 2011 654 2010 610 2014 559 2013 655 2012 558 2015 611 2013 655 2014 559 2017 612 2015 611 2016 516 2019 560 2047 656 2017 612 2021 561 2049 657 2019 560 2051 613 2049 657 2021 561 2053 614 2051 613 2023 518 2054 562 2029 658 2053 614 2055 615 2031 659 2054 562 2031 659 2055 615 3713 563 3669 564 3702 660 3713 563 3702 660 3669 564 3698 616 3670 521 3614 661 3698 616 3670 521 3606 617 3609 662 3608 618 3606 617 3607 472 3599 663 3608 618 3600 565 3593 566 3592 664 3600 565 3583 567 3586 665 3593 566 3515 619 3512 666 3583 567 3503 620 3515 619 3514 568 3513 523 3502 621 3503 620 3502 621 3519 524 3505 667 3505 667 3519 524 3504 622 3504 622 3517 525 3506 623 3507 668 3506 623 3547 571 1782 669 3547 571 1781 624 1606 573 1782 669 1781 624 1543 670 1606 573 1545 625 1545 625 1655 574 1597 671 1655 574 1654 626 1599 672 1537 530 1538 627 1654 626 1539 531 1632 628 1538 627 1639 532 1638 629 1632 628 1640 575 1646 673 1638 629 1647 630 1646 673 1640 575 1647 630 1536 576 1741 674 1536 576 948 631 949 675 948 631 955 577 947 578 951 676 947 578 950 632 950 632 934 534 935 677 935 677 934 534 933 633 933 633 932 535 931 634 931 634 930 536 929 635 929 635 927 537 926 636 813 538 1072 637 926 636 1073 579 1035 678 1072 637 1036 638 1035 678 1073 579 1037 580 841 679 1036 638 838 581 840 680 1037 580 838 581 830 582 837 681 832 639 831 682 830 582 832 639 825 583 1824 683 1777 585 1776 640 825 583 1824 683 1776 640 2559 543 1775 684 2559 543 2617 641 2619 586 2618 685 2617 641 2560 642 2620 686 2619 586 2517 587 2518 643 2560 642 2515 687 2518 643 2493 588 2492 688 2493 588 2500 589 2501 689 2500 589 2524 590 2525 690 2524 590 2532 644 2532 644 2531 545 2438 591 2434 645 2532 644 2438 591 2435 691 2434 645 2432 592 2400 692 2432 592 2399 646 2384 647 2399 646 2385 548 2204 593 2205 693 2384 647 2205 693 2204 593 2112 549 2206 648 2205 693 2112 549 2192 594 2190 694 2206 648 2193 595 2191 695 2192 594 2334 696 2193 595 2335 596 2173 597 2171 697 2335 596 2174 598 2172 698 2173 597 2321 699 2174 598 2322 599 2315 649 2314 700 2322 599 2316 600 2153 701 2315 649 2317 601 2155 702 2316 600 2317 601 2277 602 2157 703 2277 602 2275 603 2157 703 2275 603 2273 604 2158 704 2273 604 2271 605 2304 705 2271 605 2269 606 2137 706 2269 606 2115 607 2120 707 1872 608 1873 708 2115 607 1900 650 1874 709 1872 608 2033 710 1900 650 1877 609 2005 651 2033 710 1877 609 2006 652 2005 651 1898 554 2008 653 2006 652 1961 556 2010 610 2009 711 2008 653 2011 654 2009 711 2010 610 2013 655 2011 654 2012 558 2015 611 2043 712 2013 655 2017 612 2045 713 2015 611 2047 656 2045 713 2017 612 2049 657 2047 656 2019 560 2051 613 2050 714 2049 657 2053 614 2052 715 2051 613 2029 658 2052 715 2053 614 2031 659 2029 658 2054 562 3724 716 2031 659 3713 563 3713 563 3702 660 3699 717 3699 717 3702 660 3698 616 3614 661 3615 718 3698 616 3612 719 3614 661 3670 521 3610 720 3670 521 3609 662 3608 618 3609 662 3606 617 3611 721 3608 618 3599 663 3600 565 3592 664 3599 663 3593 566 3586 665 3592 664 3583 567 3512 666 3586 665 3512 666 3515 619 3510 722 3510 722 3515 619 3503 620 3503 620 3502 621 3241 723 3505 667 3293 724 3502 621 3505 667 3504 622 3288 725 3506 623 3195 726 3504 622 3507 668 3200 727 3506 623 1783 728 3507 668 3547 571 1782 669 1783 728 3547 571 1606 573 1543 670 1782 669 1545 625 1544 729 1543 670 1548 730 1545 625 1597 671 1597 671 1655 574 1599 672 1599 672 1654 626 1730 731 1654 626 1538 627 1653 732 1632 628 1540 733 1538 627 1638 629 1542 734 1632 628 1646 673 1645 735 1638 629 1646 673 1647 630 1739 736 1739 736 1647 630 1741 674 1741 674 1536 576 1743 737 952 738 1536 576 949 675 949 675 948 631 947 578 949 675 947 578 951 676 951 676 950 632 1041 739 950 632 935 677 1043 740 935 677 933 633 1045 741 933 633 931 634 1047 742 931 634 929 635 1049 743 929 635 926 636 1051 744 1072 637 1071 745 926 636 1035 678 1034 746 1072 637 1036 638 845 747 1035 678 841 679 845 747 1036 638 840 680 841 679 1037 580 1038 748 840 680 838 581 839 749 838 581 837 681 837 681 830 582 836 750 830 582 831 682 834 751 1775 684 831 682 832 639 1824 683 1775 684 832 639 1824 683 825 583 1776 640 1775 684 1824 683 2559 543 2639 752 1775 684 2617 641 2665 753 2617 641 2618 685 2620 686 2618 685 2619 586 2621 754 2620 686 2560 642 2560 642 2518 643 2613 755 2518 643 2515 687 2613 755 2493 588 2516 756 2515 687 2493 588 2492 688 2491 757 2501 689 2492 688 2500 589 2525 690 2501 689 2524 590 2553 758 2525 690 2532 644 2434 645 2435 691 2532 644 2428 759 2435 691 2432 592 2432 592 2400 692 2408 760 2400 692 2399 646 2384 647 2384 647 2205 693 2350 761 2207 762 2205 693 2206 648 2206 648 2190 694 2208 763 2192 594 2191 695 2190 694 2191 695 2193 595 2334 696 2335 596 2171 697 2334 696 2173 597 2172 698 2171 697 2172 698 2174 598 2321 699 2322 599 2314 700 2321 699 2315 649 2151 764 2314 700 2153 701 2151 764 2315 649 2155 702 2153 701 2316 600 2157 703 2155 702 2317 601 2157 703 2275 603 2158 704 2158 704 2273 604 2304 705 2304 705 2271 605 2137 706 2137 706 2269 606 2120 707 2120 707 2115 607 1881 765 2115 607 1873 708 1881 765 1874 709 1873 708 1872 608 2032 766 1874 709 1900 650 2033 710 2032 766 1900 650 2035 767 2033 710 2005 651 2007 768 2005 651 2006 652 2008 653 2007 768 2006 652 2009 711 2007 768 2008 653 2011 654 2039 769 2009 711 2013 655 2041 770 2011 654 2043 712 2041 770 2013 655 2045 713 2043 712 2015 611 2047 656 2046 771 2045 713 2049 657 2048 772 2047 656 2050 714 2048 772 2049 657 2052 715 2050 714 2051 613 2029 658 1986 773 2052 715 2031 659 2030 774 2029 658 2030 774 2031 659 3724 716 3699 717 3724 716 3713 563 3698 616 3700 775 3699 717 3698 616 3615 718 3696 776 3615 718 3614 661 3613 777 3614 661 3612 719 3613 777 3610 720 3612 719 3670 521 3610 720 3609 662 3608 618 3611 721 3610 720 3608 618 3582 778 3611 721 3599 663 3592 664 3591 779 3599 663 3586 665 3585 780 3592 664 3512 666 3511 781 3586 665 3512 666 3510 722 3511 781 3510 722 3503 620 3500 782 3241 723 3280 783 3503 620 3502 621 3243 784 3241 723 3293 724 3243 784 3502 621 3292 785 3293 724 3505 667 3290 786 3505 667 3288 725 3288 725 3504 622 3286 787 3195 726 3285 788 3504 622 3197 789 3195 726 3506 623 3200 727 3199 790 3506 623 3507 668 3166 791 3200 727 1783 728 1752 792 3507 668 1543 670 1783 728 1782 669 1544 729 1783 728 1543 670 1544 729 1545 625 1548 730 1597 671 1604 793 1548 730 1599 672 1598 794 1597 671 1599 672 1730 731 1591 795 1654 626 1653 732 1730 731 1538 627 1540 733 1653 732 1632 628 1542 734 1540 733 1638 629 1645 735 1542 734 1645 735 1646 673 1737 796 1737 796 1646 673 1739 736 1741 674 1740 797 1739 736 1743 737 1742 798 1741 674 1536 576 952 738 1743 737 952 738 949 675 951 676 1040 799 951 676 1041 739 1041 739 950 632 1043 740 1043 740 935 677 1045 741 1045 741 933 633 1047 742 1047 742 931 634 1049 743 1049 743 929 635 1051 744 1051 744 926 636 1053 800 926 636 1071 745 1070 801 1072 637 1034 746 1071 745 1035 678 848 802 1034 746 845 747 848 802 1035 678 845 747 841 679 844 803 842 804 841 679 840 680 840 680 1038 748 2672 805 839 749 1038 748 838 581 839 749 837 681 2672 805 2672 805 837 681 836 750 836 750 830 582 835 806 835 806 830 582 834 751 834 751 831 682 833 807 833 807 831 682 1775 684 2638 808 1775 684 2639 752 2639 752 2617 641 2666 809 2666 809 2617 641 2665 753 2665 753 2618 685 2687 810 2687 810 2618 685 2620 686 2620 686 2621 754 2687 810 2616 811 2621 754 2560 642 2560 642 2613 755 2614 812 2613 755 2515 687 2624 813 2515 687 2516 756 2624 813 2491 757 2516 756 2493 588 2492 688 2494 814 2491 757 2496 815 2492 688 2501 689 2502 816 2501 689 2525 690 2526 817 2525 690 2553 758 2532 644 2428 759 2553 758 2435 691 2428 759 2532 644 2428 759 2432 592 2408 760 2408 760 2400 692 2401 818 2350 761 2400 692 2384 647 2205 693 2207 762 2350 761 2208 763 2207 762 2206 648 2190 694 2188 819 2208 763 2191 695 2189 820 2190 694 2333 821 2191 695 2334 696 2171 697 2169 822 2334 696 2172 698 2170 823 2171 697 2320 824 2172 698 2321 699 2314 700 2313 825 2321 699 2151 764 2149 826 2314 700 2153 701 2152 827 2151 764 2155 702 2154 828 2153 701 2157 703 2156 829 2155 702 2158 704 2156 829 2157 703 2303 830 2158 704 2304 705 2137 706 2136 831 2304 705 2120 707 2121 832 2137 706 1882 833 2120 707 1881 765 1871 834 1881 765 1873 708 1874 709 1871 834 1873 708 2032 766 1869 835 1874 709 2034 836 2032 766 2033 710 2035 767 2034 836 2033 710 2007 768 2035 767 2005 651 2009 711 2037 837 2007 768 2039 769 2037 837 2009 711 2041 770 2039 769 2011 654 2043 712 2042 838 2041 770 2045 713 2044 839 2043 712 2046 771 2044 839 2045 713 2048 772 2046 771 2047 656 2050 714 1943 840 2048 772 2052 715 1951 841 2050 714 1986 773 1951 841 2052 715 1985 842 1986 773 2029 658 2030 774 1985 842 2029 658 3722 843 2030 774 3724 716 3699 717 3700 775 3724 716 3701 844 3700 775 3698 616 3698 616 3696 776 3697 845 3615 718 3660 846 3696 776 3613 777 3660 846 3615 718 3613 777 3612 719 3611 721 3612 719 3610 720 3611 721 3613 777 3611 721 3582 778 3599 663 3591 779 3582 778 3592 664 3585 780 3591 779 3586 665 3511 781 3585 780 3511 781 3510 722 3508 847 3510 722 3500 782 3501 848 3503 620 3283 849 3500 782 3280 783 3281 850 3503 620 3239 851 3280 783 3241 723 3241 723 3243 784 3240 852 3243 784 3293 724 3242 853 3293 724 3292 785 3242 853 3290 786 3292 785 3505 667 3290 786 3288 725 3289 854 3288 725 3286 787 3287 855 3504 622 3285 788 3286 787 3196 856 3285 788 3195 726 3197 789 3196 856 3195 726 3199 790 3197 789 3506 623 3200 727 3164 857 3199 790 3166 791 3164 857 3200 727 1754 858 3166 791 3507 668 1752 792 1753 859 3507 668 1752 792 1783 728 1544 729 1546 860 1544 729 1548 730 1604 793 1603 861 1548 730 1605 862 1604 793 1597 671 1598 794 1596 863 1597 671 1598 794 1599 672 1551 864 1551 864 1599 672 1591 795 1591 795 1730 731 1582 865 1730 731 1653 732 1729 866 1653 732 1540 733 1652 867 1542 734 1541 868 1540 733 1645 735 1631 869 1542 734 1735 870 1645 735 1737 796 1739 736 1738 871 1737 796 1740 797 1738 871 1739 736 1742 798 1740 797 1741 674 1744 872 1742 798 1743 737 1743 737 952 738 1629 873 952 738 951 676 1040 799 1041 739 818 874 1040 799 1043 740 1042 875 1041 739 1045 741 1044 876 1043 740 1047 742 1046 877 1045 741 1049 743 1048 878 1047 742 1051 744 1050 879 1049 743 1053 800 1052 880 1051 744 926 636 1070 801 1053 800 1071 745 1069 881 1070 801 1034 746 1033 882 1071 745 848 802 850 883 1034 746 848 802 845 747 847 884 846 885 845 747 844 803 844 803 841 679 843 886 843 886 841 679 842 804 842 804 840 680 2673 887 840 680 2672 805 2673 887 1038 748 839 749 2672 805 2672 805 836 750 2666 809 2666 809 836 750 835 806 2666 809 835 806 834 751 2638 808 834 751 833 807 2638 808 833 807 1775 684 2639 752 2666 809 2638 808 2665 753 2672 805 2666 809 2674 888 2665 753 2687 810 2621 754 2702 889 2687 810 2621 754 2616 811 2702 889 2616 811 2560 642 2615 890 2615 890 2560 642 2614 812 2614 812 2613 755 2612 891 2624 813 2623 892 2613 755 2624 813 2516 756 2561 893 2561 893 2516 756 2491 757 2561 893 2491 757 2494 814 2495 894 2494 814 2492 688 2496 815 2495 894 2492 688 2502 816 2496 815 2501 689 2526 817 2502 816 2525 690 2545 895 2526 817 2553 758 2428 759 2429 896 2553 758 2408 760 2429 896 2428 759 2348 897 2408 760 2401 818 2401 818 2400 692 2350 761 2350 761 2207 762 2209 898 2209 898 2207 762 2208 763 2208 763 2188 819 2199 899 2190 694 2189 820 2188 819 2189 820 2191 695 2333 821 2334 696 2169 822 2333 821 2171 697 2170 823 2169 822 2170 823 2172 698 2320 824 2321 699 2313 825 2320 824 2314 700 2149 826 2313 825 2151 764 2150 900 2149 826 2152 827 2150 900 2151 764 2154 828 2152 827 2153 701 2156 829 2154 828 2155 702 2156 829 2158 704 2303 830 2304 705 2136 831 2303 830 2137 706 2121 832 2136 831 2121 832 2120 707 1882 833 1883 901 1882 833 1881 765 1883 901 1881 765 1871 834 1869 835 1871 834 1874 709 1867 902 1869 835 2032 766 2034 836 1867 902 2032 766 2036 903 2034 836 2035 767 2037 837 2035 767 2007 768 2039 769 2038 904 2037 837 2041 770 2040 905 2039 769 2042 838 2040 905 2041 770 2044 839 2042 838 2043 712 2046 771 1930 906 2044 839 2048 772 1936 907 2046 771 1943 840 1936 907 2048 772 1951 841 1943 840 2050 714 1988 908 1951 841 1986 773 1987 909 1986 773 1985 842 1985 842 2030 774 3722 843 3724 716 3701 844 3722 843 3700 775 3701 844 3724 716 3697 845 3701 844 3698 616 3697 845 3696 776 3695 910 3696 776 3660 846 3661 911 3661 911 3660 846 3613 777 3581 912 3613 777 3582 778 3591 779 3578 913 3582 778 3585 780 3577 914 3591 779 3511 781 3508 847 3585 780 3510 722 3509 915 3508 847 3499 916 3510 722 3501 848 3501 848 3500 782 3273 917 3500 782 3283 849 3284 918 3503 620 3281 850 3283 849 3281 850 3280 783 3239 851 3241 723 3240 852 3239 851 3240 852 3243 784 3242 853 3242 853 3292 785 3291 919 3292 785 3290 786 3291 919 3291 919 3290 786 3289 854 3289 854 3288 725 3287 855 3287 855 3286 787 3196 856 3286 787 3285 788 3196 856 3198 920 3196 856 3197 789 3199 790 3198 920 3197 789 3164 857 3198 920 3199 790 3166 791 3165 921 3164 857 3194 922 3166 791 1754 858 3507 668 1753 859 1754 858 1546 860 1753 859 1752 792 1544 729 1546 860 1752 792 1548 730 1547 923 1546 860 1548 730 1603 861 1600 924 1603 861 1604 793 3193 925 3193 925 1604 793 1605 862 1595 926 1605 862 1597 671 1597 671 1596 863 1595 926 1596 863 1598 794 3191 927 1549 928 1598 794 1551 864 1591 795 1550 929 1551 864 1582 865 1593 930 1591 795 1730 731 1729 866 1582 865 1653 732 1652 867 1729 866 1540 733 1541 868 1652 867 1542 734 1631 869 1541 868 1631 869 1645 735 1735 870 1737 796 1736 931 1735 870 1738 871 1736 931 1737 796 1738 871 1740 797 1717 932 1740 797 1742 798 1715 933 1742 798 1744 872 1713 934 1629 873 1744 872 1743 737 952 738 1039 935 1629 873 1039 935 952 738 1040 799 818 874 816 936 1040 799 1042 875 818 874 1041 739 1044 876 1042 875 1043 740 1046 877 1044 876 1045 741 1048 878 1046 877 1047 742 1050 879 1048 878 1049 743 1052 880 1050 879 1051 744 1054 937 1052 880 1053 800 1053 800 1070 801 1055 938 1070 801 1069 881 1068 939 1071 745 1033 882 1069 881 1034 746 850 883 1033 882 848 802 851 940 850 883 849 941 848 802 847 884 847 884 845 747 846 885 846 885 844 803 2671 942 844 803 843 886 2673 887 2673 887 843 886 842 804 2673 887 2672 805 2674 888 2666 809 834 751 2638 808 2672 805 2665 753 2674 888 2687 810 2686 943 2674 888 2687 810 2702 889 2686 943 2616 811 2615 890 2702 889 2615 890 2614 812 2701 944 2701 944 2614 812 2612 891 2613 755 2622 945 2612 891 2623 892 2622 945 2613 755 2625 946 2623 892 2624 813 2606 947 2624 813 2561 893 2495 894 2561 893 2494 814 2555 948 2495 894 2496 815 2503 949 2496 815 2502 816 2504 950 2502 816 2526 817 2527 951 2526 817 2545 895 2553 758 2429 896 2545 895 2430 952 2429 896 2408 760 2406 953 2408 760 2348 897 2348 897 2401 818 2350 761 2209 898 2351 954 2350 761 2199 899 2209 898 2208 763 2188 819 2186 955 2199 899 2189 820 2187 956 2188 819 2332 957 2189 820 2333 821 2169 822 2167 958 2333 821 2170 823 2168 959 2169 822 2319 960 2170 823 2320 824 2313 825 2312 961 2320 824 2149 826 2147 962 2313 825 2150 900 2148 963 2149 826 2150 900 2152 827 2300 964 2152 827 2154 828 2301 965 2154 828 2156 829 2302 966 2302 966 2156 829 2303 830 2136 831 2135 967 2303 830 2121 832 2122 968 2136 831 2069 969 2121 832 1882 833 1883 901 2069 969 1882 833 1870 970 1883 901 1871 834 1871 834 1869 835 1870 970 1869 835 1867 902 1868 971 1862 972 1867 902 2034 836 2036 903 1862 972 2034 836 2037 837 2036 903 2035 767 2038 904 2036 903 2037 837 2040 905 2038 904 2039 769 2042 838 1909 973 2040 905 2044 839 1913 974 2042 838 1930 906 1913 974 2044 839 1936 907 1930 906 2046 771 1944 975 1936 907 1943 840 1952 976 1943 840 1951 841 1952 976 1951 841 1988 908 1988 908 1986 773 1987 909 1987 909 1985 842 3718 977 3718 977 1985 842 3722 843 3701 844 3697 845 3722 843 3722 843 3697 845 3695 910 3696 776 3694 978 3695 910 3662 979 3696 776 3661 911 3646 980 3661 911 3613 777 3646 980 3613 777 3581 912 3582 778 3578 913 3581 912 3577 914 3578 913 3591 779 3542 981 3577 914 3585 780 3508 847 3542 981 3585 780 3509 915 3542 981 3508 847 3509 915 3510 722 3499 916 3499 916 3501 848 3468 982 3468 982 3501 848 3273 917 3500 782 3284 918 3273 917 3284 918 3283 849 3275 983 3283 849 3281 850 3282 984 3282 984 3281 850 3239 851 3239 851 3240 852 3263 985 3240 852 3242 853 3264 986 3242 853 3291 919 3265 987 3291 919 3289 854 3266 988 3289 854 3287 855 3267 989 3287 855 3196 856 3268 990 3196 856 3198 920 3269 991 3198 920 3164 857 3270 992 3164 857 3165 921 3271 993 3193 925 3165 921 3166 791 3194 922 3193 925 3166 791 1602 994 3194 922 1754 858 1547 923 1754 858 1753 859 1546 860 1547 923 1753 859 1600 924 1547 923 1548 730 1600 924 1603 861 3193 925 3193 925 1605 862 3191 927 3191 927 1605 862 1595 926 1595 926 1596 863 3191 927 3191 927 1598 794 1549 928 1551 864 1550 929 1549 928 1591 795 1592 995 1550 929 1593 930 1592 995 1591 795 1594 996 1593 930 1582 865 1582 865 1729 866 1584 997 1729 866 1652 867 1728 998 1652 867 1541 868 1651 999 1631 869 1630 1000 1541 868 1733 1001 1631 869 1735 870 1736 931 1734 1002 1735 870 1736 931 1738 871 1719 1003 1719 1003 1738 871 1717 932 1717 932 1740 797 1715 933 1715 933 1742 798 1713 934 1713 934 1744 872 1711 1004 1744 872 1629 873 1711 1004 1629 873 1039 935 816 936 1040 799 816 936 1039 935 818 874 817 1005 816 936 1042 875 1011 1006 818 874 1044 876 1013 1007 1042 875 1046 877 1015 1008 1044 876 1048 878 1017 1009 1046 877 1050 879 1019 1010 1048 878 1052 880 1021 1011 1050 879 1054 937 1023 1012 1052 880 1055 938 1054 937 1053 800 1070 801 1068 939 1055 938 1069 881 1067 1013 1068 939 1033 882 1032 1014 1069 881 850 883 806 1015 1033 882 851 940 855 1016 850 883 852 1017 851 940 848 802 849 941 852 1017 848 802 2671 942 849 941 847 884 847 884 846 885 2671 942 2671 942 844 803 2673 887 2675 1018 2673 887 2674 888 2674 888 2686 943 2675 1018 2702 889 2700 1019 2686 943 2702 889 2615 890 2701 944 2717 1020 2701 944 2612 891 2622 945 2717 1020 2612 891 2623 892 2716 1021 2622 945 2623 892 2625 946 2745 1022 2626 1023 2625 946 2624 813 2626 1023 2624 813 2606 947 2607 1024 2606 947 2561 893 2602 1025 2561 893 2495 894 2495 894 2555 948 2627 1026 2503 949 2555 948 2496 815 2504 950 2503 949 2502 816 2527 951 2504 950 2526 817 2543 1027 2527 951 2545 895 2429 896 2430 952 2545 895 2406 953 2430 952 2408 760 2349 1028 2406 953 2348 897 2350 761 2349 1028 2348 897 2351 954 2362 1029 2350 761 2210 1030 2351 954 2209 898 2210 1030 2209 898 2199 899 2199 899 2186 955 2201 1031 2188 819 2187 956 2186 955 2187 956 2189 820 2332 957 2333 821 2167 958 2332 957 2169 822 2168 959 2167 958 2168 959 2170 823 2319 960 2320 824 2312 961 2319 960 2313 825 2147 962 2312 961 2149 826 2148 963 2147 962 2148 963 2150 900 2299 1032 2299 1032 2150 900 2300 964 2300 964 2152 827 2301 965 2301 965 2154 828 2302 966 2303 830 2135 967 2302 966 2136 831 2122 968 2135 967 2122 968 2121 832 2069 969 2070 1033 2069 969 1883 901 2080 1034 1883 901 1870 970 1868 971 1870 970 1869 835 1866 1035 1868 971 1867 902 1867 902 1862 972 1866 1035 1860 1036 1862 972 2036 903 2038 904 1860 1036 2036 903 2040 905 1859 1037 2038 904 1909 973 1859 1037 2040 905 1913 974 1909 973 2042 838 1931 1038 1913 974 1930 906 1937 1039 1930 906 1936 907 1937 1039 1936 907 1944 975 1944 975 1943 840 1952 976 1990 1040 1952 976 1988 908 1989 1041 1988 908 1987 909 1989 1041 1987 909 3718 977 3722 843 3695 910 3718 977 3695 910 3694 978 3693 1042 3694 978 3696 776 3662 979 3662 979 3661 911 3646 980 3580 1043 3646 980 3581 912 3578 913 3575 1044 3581 912 3578 913 3577 914 3576 1045 3542 981 3543 1046 3577 914 3543 1046 3542 981 3509 915 3498 1047 3509 915 3499 916 3469 1048 3499 916 3468 982 3274 1049 3468 982 3273 917 3273 917 3284 918 3275 983 3275 983 3283 849 3282 984 3282 984 3239 851 3262 1050 3262 1050 3239 851 3263 985 3263 985 3240 852 3264 986 3264 986 3242 853 3265 987 3265 987 3291 919 3266 988 3266 988 3289 854 3267 989 3267 989 3287 855 3268 990 3268 990 3196 856 3269 991 3269 991 3198 920 3270 992 3270 992 3164 857 3271 993 3271 993 3165 921 3272 1051 3165 921 3193 925 3272 1051 1600 924 3193 925 3194 922 1602 994 1600 924 3194 922 1602 994 1754 858 1601 1052 1601 1052 1754 858 1547 923 1601 1052 1547 923 1600 924 3272 1051 3193 925 3191 927 1549 928 3192 1053 3191 927 1550 929 3192 1053 1549 928 1550 929 1592 995 3192 1053 3192 1053 1592 995 1593 930 3173 1054 1593 930 1594 996 1583 1055 1594 996 1582 865 1584 997 1583 1055 1582 865 1729 866 1728 998 1584 997 1652 867 1651 999 1728 998 1541 868 1630 1000 1651 999 1630 1000 1631 869 1733 1001 1735 870 1734 1002 1733 1001 1734 1002 1736 931 1721 1056 1721 1056 1736 931 1719 1003 1719 1003 1717 932 1718 1057 1717 932 1715 933 1716 1058 1715 933 1713 934 1714 1059 1713 934 1711 1004 1712 1060 1711 1004 1629 873 1709 1061 1629 873 816 936 817 1005 818 874 1009 1062 817 1005 1011 1006 1009 1062 818 874 1013 1007 1011 1006 1042 875 1015 1008 1013 1007 1044 876 1017 1009 1015 1008 1046 877 1019 1010 1017 1009 1048 878 1021 1011 1019 1010 1050 879 1023 1012 1021 1011 1052 880 1025 1063 1023 1012 1054 937 1056 1064 1054 937 1055 938 1055 938 1068 939 1057 1065 1068 939 1067 1013 1066 1066 1069 881 1032 1014 1067 1013 1033 882 806 1015 1032 1014 850 883 854 1067 806 1015 855 1016 854 1067 850 883 855 1016 851 940 2670 1068 851 940 852 1017 2670 1068 852 1017 849 941 2671 942 2671 942 2673 887 2675 1018 2686 943 2685 1069 2675 1018 2686 943 2700 1019 2685 1069 2702 889 2701 944 2700 1019 2699 1070 2701 944 2717 1020 2716 1021 2717 1020 2622 945 2745 1022 2716 1021 2623 892 2625 946 2744 1071 2745 1022 2625 946 2626 1023 2744 1071 2626 1023 2606 947 2744 1071 2606 947 2607 1024 2757 1072 2608 1073 2607 1024 2561 893 2602 1025 2610 1074 2561 893 2627 1026 2602 1025 2495 894 2627 1026 2555 948 2556 1075 2556 1075 2555 948 2503 949 2505 1076 2503 949 2504 950 2506 1077 2504 950 2527 951 2528 1078 2527 951 2543 1027 2543 1027 2545 895 2424 1079 2545 895 2430 952 2431 1080 2431 1080 2430 952 2406 953 2362 1029 2406 953 2349 1028 2350 761 2362 1029 2349 1028 2351 954 2365 1081 2362 1029 2210 1030 2352 1082 2351 954 2200 1083 2210 1030 2199 899 2201 1031 2200 1083 2199 899 2186 955 2184 1084 2201 1031 2187 956 2185 1085 2186 955 2331 1086 2187 956 2332 957 2167 958 2165 1087 2332 957 2168 959 2166 1088 2167 958 2318 1089 2168 959 2319 960 2312 961 2311 1090 2319 960 2147 962 2145 1091 2312 961 2148 963 2146 1092 2147 962 2298 1093 2148 963 2299 1032 2300 964 2132 1094 2299 1032 2301 965 2133 1095 2300 964 2302 966 2134 1096 2301 965 2135 967 2134 1096 2302 966 2122 968 2125 1097 2135 967 2069 969 1892 1098 2122 968 2070 1033 1892 1098 2069 969 2080 1034 2070 1033 1883 901 1918 1099 2080 1034 1870 970 1918 1099 1870 970 1868 971 1919 1100 1868 971 1866 1035 1861 1101 1866 1035 1862 972 1862 972 1860 1036 1861 1101 1859 1037 1860 1036 2038 904 1910 1102 1859 1037 1909 973 1914 1103 1909 973 1913 974 1914 1103 1913 974 1931 1038 1931 1038 1930 906 1937 1039 1945 1104 1937 1039 1944 975 1953 1105 1944 975 1952 976 1953 1105 1952 976 1990 1040 1990 1040 1988 908 1989 1041 3718 977 3717 1106 1989 1041 3695 910 3693 1042 3718 977 3693 1042 3694 978 3692 1107 3647 1108 3694 978 3662 979 3647 1108 3662 979 3646 980 3645 1109 3646 980 3580 1043 3581 912 3575 1044 3580 1043 3578 913 3576 1045 3575 1044 3577 914 3545 1110 3576 1045 3543 1046 3545 1110 3577 914 3544 1111 3543 1046 3509 915 3544 1111 3509 915 3498 1047 3499 916 3471 1112 3498 1047 3471 1112 3499 916 3469 1048 3469 1048 3468 982 3274 1049 3275 983 3274 1049 3273 917 3275 983 3282 984 3261 1113 3261 1113 3282 984 3262 1050 3263 985 3254 1114 3262 1050 3264 986 3253 1115 3263 985 3265 987 3252 1116 3264 986 3266 988 3251 1117 3265 987 3267 989 3250 1118 3266 988 3268 990 3249 1119 3267 989 3269 991 3248 1120 3268 990 3270 992 3247 1121 3269 991 3271 993 3246 1122 3270 992 3272 1051 3245 1123 3271 993 1602 994 1601 1052 1600 924 3191 927 3244 1124 3272 1051 3192 1053 3244 1124 3191 927 3192 1053 1593 930 3173 1054 3173 1054 1594 996 1583 1055 1585 1125 1583 1055 1584 997 1584 997 1728 998 1588 1126 1728 998 1651 999 1727 1127 1651 999 1630 1000 1650 1128 1731 1129 1630 1000 1733 1001 1734 1002 1732 1130 1733 1001 1723 1131 1734 1002 1721 1056 1721 1056 1719 1003 1720 1132 1720 1132 1719 1003 1718 1057 1718 1057 1717 932 1716 1058 1716 1058 1715 933 1714 1059 1714 1059 1713 934 1712 1060 1712 1060 1711 1004 1710 1133 1711 1004 1709 1061 1710 1133 1629 873 817 1005 1709 1061 817 1005 1009 1062 1708 1134 1011 1006 1010 1135 1009 1062 1013 1007 1012 1136 1011 1006 1015 1008 1014 1137 1013 1007 1017 1009 1016 1138 1015 1008 1019 1010 1018 1139 1017 1009 1021 1011 1020 1140 1019 1010 1023 1012 1022 1141 1021 1011 1025 1063 1024 1142 1023 1012 1056 1064 1025 1063 1054 937 1057 1065 1056 1064 1055 938 1068 939 1066 1066 1057 1065 1067 1013 973 1143 1066 1066 1032 1014 860 1144 1067 1013 806 1015 804 1145 1032 1014 854 1067 853 1146 806 1015 854 1067 855 1016 2669 1147 2669 1147 855 1016 2670 1068 2670 1068 852 1017 2671 942 2676 1148 2671 942 2675 1018 2675 1018 2685 1069 2676 1148 2700 1019 2698 1149 2685 1069 2701 944 2699 1070 2700 1019 2715 1150 2699 1070 2717 1020 2717 1020 2716 1021 2715 1150 2714 1151 2716 1021 2745 1022 2745 1022 2744 1071 2743 1152 2757 1072 2744 1071 2606 947 2607 1024 2661 1153 2757 1072 2661 1153 2607 1024 2608 1073 2561 893 2609 1154 2608 1073 2610 1074 2609 1154 2561 893 2611 1155 2610 1074 2602 1025 2600 1156 2602 1025 2627 1026 2627 1026 2556 1075 2628 1157 2505 1076 2556 1075 2503 949 2506 1077 2505 1076 2504 950 2528 1078 2506 1077 2527 951 2544 1158 2528 1078 2543 1027 2425 1159 2543 1027 2424 1079 2424 1079 2545 895 2431 1080 2424 1079 2431 1080 2406 953 2365 1081 2406 953 2362 1029 2366 1160 2365 1081 2351 954 2352 1082 2366 1160 2351 954 2200 1083 2352 1082 2210 1030 2202 1161 2200 1083 2201 1031 2201 1031 2184 1084 2203 1162 2186 955 2185 1085 2184 1084 2185 1085 2187 956 2331 1086 2332 957 2165 1087 2331 1086 2167 958 2166 1088 2165 1087 2166 1088 2168 959 2318 1089 2319 960 2311 1090 2318 1089 2312 961 2145 1091 2311 1090 2147 962 2146 1092 2145 1091 2146 1092 2148 963 2298 1093 2299 1032 2130 1163 2298 1093 2132 1094 2130 1163 2299 1032 2133 1095 2132 1094 2300 964 2134 1096 2133 1095 2301 965 2135 967 2125 1097 2134 1096 2122 968 1890 1164 2125 1097 1892 1098 1890 1164 2122 968 1891 1165 1892 1098 2070 1033 2071 1166 2070 1033 2080 1034 2081 1167 2080 1034 1918 1099 1919 1100 1918 1099 1868 971 2091 1168 1919 1100 1866 1035 2091 1168 1866 1035 1861 1101 1858 1169 1861 1101 1860 1036 1860 1036 1859 1037 1858 1169 1858 1169 1859 1037 1910 1102 1910 1102 1909 973 1914 1103 1932 1170 1914 1103 1931 1038 1938 1171 1931 1038 1937 1039 1938 1171 1937 1039 1945 1104 1945 1104 1944 975 1953 1105 1995 1172 1953 1105 1990 1040 1989 1041 1997 1173 1990 1040 1989 1041 3717 1106 1997 1173 3718 977 3693 1042 3717 1106 3693 1042 3692 1107 3717 1106 3692 1107 3694 978 3664 1174 3648 1175 3694 978 3647 1108 3647 1108 3646 980 3645 1109 3579 1176 3645 1109 3580 1043 3575 1044 3549 1177 3580 1043 3575 1044 3576 1045 3574 1178 3545 1110 3546 1179 3576 1045 3545 1110 3543 1046 3544 1111 3497 1180 3544 1111 3498 1047 3471 1112 3490 1181 3498 1047 3471 1112 3469 1048 3470 1182 3470 1182 3469 1048 3274 1049 3274 1049 3275 983 3260 1183 3260 1183 3275 983 3261 1113 3262 1050 3255 1184 3261 1113 3254 1114 3255 1184 3262 1050 3253 1115 3254 1114 3263 985 3252 1116 3253 1115 3264 986 3251 1117 3252 1116 3265 987 3250 1118 3251 1117 3266 988 3249 1119 3250 1118 3267 989 3248 1120 3249 1119 3268 990 3247 1121 3248 1120 3269 991 3246 1122 3247 1121 3270 992 3245 1123 3246 1122 3271 993 3244 1124 3245 1123 3272 1051 3244 1124 3192 1053 3238 1185 3238 1185 3192 1053 3173 1054 1585 1125 3173 1054 1583 1055 1584 997 1586 1186 1585 1125 1588 1126 1587 1187 1584 997 1728 998 1727 1127 1588 1126 1651 999 1650 1128 1727 1127 1650 1128 1630 1000 1731 1129 1733 1001 1732 1130 1731 1129 1732 1130 1734 1002 1723 1131 1723 1131 1721 1056 1722 1188 1722 1188 1721 1056 1720 1132 1720 1132 1718 1057 1697 1189 1718 1057 1716 1058 1695 1190 1716 1058 1714 1059 1693 1191 1714 1059 1712 1060 1691 1192 1712 1060 1710 1133 1689 1193 1710 1133 1709 1061 1708 1134 1709 1061 817 1005 1708 1134 1708 1134 1009 1062 1685 1194 1009 1062 1010 1135 1685 1194 1012 1136 1010 1135 1011 1006 1014 1137 1012 1136 1013 1007 1016 1138 1014 1137 1015 1008 1018 1139 1016 1138 1017 1009 1020 1140 1018 1139 1019 1010 1022 1141 1020 1140 1021 1011 1024 1142 1022 1141 1023 1012 1026 1195 1024 1142 1025 1063 1027 1196 1025 1063 1056 1064 1058 1197 1056 1064 1057 1065 1057 1065 1066 1066 1059 1198 1066 1066 973 1143 1065 1199 1067 1013 860 1144 973 1143 1032 1014 804 1145 860 1144 806 1015 805 1200 804 1145 806 1015 853 1146 805 1200 853 1146 854 1067 2669 1147 2669 1147 2670 1068 2677 1201 2670 1068 2671 942 2676 1148 2685 1069 2684 1202 2676 1148 2685 1069 2698 1149 2684 1202 2700 1019 2699 1070 2698 1149 2697 1203 2699 1070 2715 1150 2716 1021 2714 1151 2715 1150 2743 1152 2714 1151 2745 1022 2744 1071 2742 1204 2743 1152 2742 1204 2744 1071 2757 1072 2757 1072 2661 1153 2756 1205 2770 1206 2661 1153 2608 1073 2608 1073 2609 1154 2770 1206 2609 1154 2610 1074 2770 1206 2770 1206 2610 1074 2611 1155 2601 1207 2611 1155 2602 1025 2602 1025 2600 1156 2601 1207 2603 1208 2600 1156 2627 1026 2603 1208 2627 1026 2628 1157 2628 1157 2556 1075 2554 1209 2554 1209 2556 1075 2505 1076 2505 1076 2506 1077 2481 1210 2506 1077 2528 1078 2454 1211 2456 1212 2528 1078 2544 1158 2544 1158 2543 1027 2427 1213 2426 1214 2543 1027 2425 1159 2406 953 2425 1159 2424 1079 2407 1215 2406 953 2365 1081 2366 1160 2407 1215 2365 1081 2367 1216 2366 1160 2352 1082 2361 1217 2352 1082 2200 1083 2202 1161 2361 1217 2200 1083 2203 1162 2202 1161 2201 1031 2184 1084 2182 1218 2203 1162 2185 1085 2183 1219 2184 1084 2330 1220 2185 1085 2331 1086 2165 1087 2163 1221 2331 1086 2166 1088 2164 1222 2165 1087 2111 1223 2166 1088 2318 1089 2311 1090 2310 1224 2318 1089 2145 1091 2143 1225 2311 1090 2146 1092 2144 1226 2145 1091 2297 1227 2146 1092 2298 1093 2130 1163 2128 1228 2298 1093 2132 1094 2131 1229 2130 1163 2133 1095 2123 1230 2132 1094 2134 1096 2124 1231 2133 1095 2125 1097 2124 1231 2134 1096 1890 1164 1885 1232 2125 1097 1892 1098 1891 1165 1890 1164 2071 1166 1891 1165 2070 1033 2081 1167 2071 1166 2080 1034 1920 1233 2081 1167 1918 1099 1920 1233 1918 1099 1919 1100 1921 1234 1919 1100 2091 1168 2096 1235 2091 1168 1861 1101 2096 1235 1861 1101 1858 1169 1911 1236 1858 1169 1910 1102 1915 1237 1910 1102 1914 1103 1915 1237 1914 1103 1932 1170 1932 1170 1931 1038 1938 1171 1946 1238 1938 1171 1945 1104 1954 1239 1945 1104 1953 1105 1954 1239 1953 1105 1995 1172 1990 1040 1996 1240 1995 1172 1997 1173 1996 1240 1990 1040 3717 1106 3721 1241 1997 1173 3717 1106 3692 1107 3671 1242 3692 1107 3664 1174 3671 1242 3694 978 3648 1175 3664 1174 3645 1109 3648 1175 3647 1108 3643 1243 3645 1109 3579 1176 3580 1043 3549 1177 3579 1176 3575 1044 3574 1178 3549 1177 3576 1045 3541 1244 3574 1178 3576 1045 3546 1179 3541 1244 3546 1179 3545 1110 3540 1245 3540 1245 3545 1110 3544 1111 3540 1245 3544 1111 3497 1180 3498 1047 3490 1181 3497 1180 3472 1246 3490 1181 3471 1112 3472 1246 3471 1112 3470 1182 3470 1182 3274 1049 3259 1247 3259 1247 3274 1049 3260 1183 3261 1113 3256 1248 3260 1183 3255 1184 3256 1248 3261 1113 3255 1184 3254 1114 3227 1249 3254 1114 3253 1115 3228 1250 3253 1115 3252 1116 3229 1251 3252 1116 3251 1117 3230 1252 3251 1117 3250 1118 3231 1253 3250 1118 3249 1119 3232 1254 3249 1119 3248 1120 3233 1255 3248 1120 3247 1121 3234 1256 3247 1121 3246 1122 3235 1257 3246 1122 3245 1123 3236 1258 3245 1123 3244 1124 3237 1259 3237 1259 3244 1124 3238 1185 3173 1054 3171 1260 3238 1185 1585 1125 3170 1261 3173 1054 1586 1186 3170 1261 1585 1125 1587 1187 1586 1186 1584 997 1589 1262 1587 1187 1588 1126 1588 1126 1727 1127 1726 1263 1727 1127 1650 1128 1725 1264 1732 1130 1650 1128 1731 1129 1725 1264 1732 1130 1723 1131 1724 1265 1723 1131 1722 1188 1722 1188 1720 1132 1699 1266 1699 1266 1720 1132 1697 1189 1697 1189 1718 1057 1695 1190 1695 1190 1716 1058 1693 1191 1693 1191 1714 1059 1691 1192 1691 1192 1712 1060 1689 1193 1689 1193 1710 1133 1687 1267 1710 1133 1708 1134 1687 1267 1687 1267 1708 1134 1685 1194 1685 1194 1010 1135 1684 1268 1012 1136 990 1269 1010 1135 1014 1137 992 1270 1012 1136 1016 1138 994 1271 1014 1137 1018 1139 996 1272 1016 1138 1020 1140 998 1273 1018 1139 1022 1141 1000 1274 1020 1140 1024 1142 1002 1275 1022 1141 1026 1195 1004 1276 1024 1142 1027 1196 1026 1195 1025 1063 1058 1197 1027 1196 1056 1064 1059 1198 1058 1197 1057 1065 1066 1066 1065 1199 1059 1198 973 1143 869 1277 1065 1199 860 1144 861 1278 973 1143 804 1145 856 1279 860 1144 805 1200 858 1280 804 1145 853 1146 859 1281 805 1200 853 1146 2669 1147 859 1281 2678 1282 2669 1147 2677 1201 2677 1201 2670 1068 2676 1148 2676 1148 2684 1202 2677 1201 2698 1149 2696 1283 2684 1202 2699 1070 2697 1203 2698 1149 2713 1284 2697 1203 2715 1150 2715 1150 2714 1151 2713 1284 2712 1285 2714 1151 2743 1152 2743 1152 2742 1204 2741 1286 2756 1205 2742 1204 2757 1072 2661 1153 2755 1287 2756 1205 2755 1287 2661 1153 2770 1206 2611 1155 2601 1207 2770 1206 2601 1207 2600 1156 2599 1288 2599 1288 2600 1156 2603 1208 2628 1157 2589 1289 2603 1208 2554 1209 2482 1290 2628 1157 2554 1209 2505 1076 2482 1290 2482 1290 2505 1076 2481 1210 2481 1210 2506 1077 2454 1211 2454 1211 2528 1078 2456 1212 2541 1291 2456 1212 2544 1158 2423 1292 2544 1158 2427 1213 2427 1213 2543 1027 2426 1214 2426 1214 2425 1159 2406 953 2407 1215 2426 1214 2406 953 2367 1216 2407 1215 2366 1160 2361 1217 2367 1216 2352 1082 2347 1293 2361 1217 2202 1161 2202 1161 2203 1162 2347 1293 2203 1162 2182 1218 2343 1294 2184 1084 2183 1219 2182 1218 2183 1219 2185 1085 2330 1220 2331 1086 2163 1221 2330 1220 2165 1087 2164 1222 2163 1221 2164 1222 2166 1088 2111 1223 2318 1089 2310 1224 2111 1223 2311 1090 2143 1225 2310 1224 2145 1091 2144 1226 2143 1225 2144 1226 2146 1092 2297 1227 2298 1093 2128 1228 2297 1227 2130 1163 2129 1295 2128 1228 2131 1229 2129 1295 2130 1163 2123 1230 2131 1229 2132 1094 2124 1231 2123 1230 2133 1095 2125 1097 1885 1232 2124 1231 1890 1164 1884 1296 1885 1232 1891 1165 1884 1296 1890 1164 2067 1297 1891 1165 2071 1166 2072 1298 2071 1166 2081 1167 2082 1299 2081 1167 1920 1233 1921 1234 1920 1233 1919 1100 2092 1300 1921 1234 2091 1168 2092 1300 2091 1168 2096 1235 1911 1236 2096 1235 1858 1169 1911 1236 1910 1102 1915 1237 1933 1301 1915 1237 1932 1170 1939 1302 1932 1170 1938 1171 1939 1302 1938 1171 1946 1238 1946 1238 1945 1104 1954 1239 1993 1303 1954 1239 1995 1172 1996 1240 1994 1304 1995 1172 1997 1173 3721 1241 1996 1240 3672 1305 3721 1241 3717 1106 3671 1242 3672 1305 3717 1106 3664 1174 3672 1305 3671 1242 3664 1174 3648 1175 3649 1306 3649 1306 3648 1175 3645 1109 3643 1243 3649 1306 3645 1109 3573 1307 3643 1243 3579 1176 3549 1177 3550 1308 3579 1176 3549 1177 3574 1178 3551 1309 3574 1178 3541 1244 3536 1310 3541 1244 3546 1179 3540 1245 3496 1311 3540 1245 3497 1180 3490 1181 3486 1312 3497 1180 3474 1313 3490 1181 3472 1246 3470 1182 3474 1313 3472 1246 3276 1314 3470 1182 3259 1247 3260 1183 3257 1315 3259 1247 3256 1248 3257 1315 3260 1183 3256 1248 3255 1184 3226 1316 3226 1316 3255 1184 3227 1249 3227 1249 3254 1114 3228 1250 3228 1250 3253 1115 3229 1251 3229 1251 3252 1116 3230 1252 3230 1252 3251 1117 3231 1253 3231 1253 3250 1118 3232 1254 3232 1254 3249 1119 3233 1255 3233 1255 3248 1120 3234 1256 3234 1256 3247 1121 3235 1257 3235 1257 3246 1122 3236 1258 3236 1258 3245 1123 3237 1259 3238 1185 3188 1317 3237 1259 3171 1260 3188 1317 3238 1185 3170 1261 3171 1260 3173 1054 3170 1261 1586 1186 1587 1187 1587 1187 1589 1262 3170 1261 1590 1318 1589 1262 1588 1126 1588 1126 1726 1263 1705 1319 1727 1127 1725 1264 1726 1263 1650 1128 1732 1130 1725 1264 1725 1264 1723 1131 1724 1265 1724 1265 1722 1188 1701 1320 1701 1320 1722 1188 1699 1266 1699 1266 1697 1189 1698 1321 1697 1189 1695 1190 1696 1322 1695 1190 1693 1191 1694 1323 1693 1191 1691 1192 1692 1324 1691 1192 1689 1193 1690 1325 1689 1193 1687 1267 1688 1326 1687 1267 1685 1194 1686 1327 1686 1327 1685 1194 1684 1268 1010 1135 990 1269 1684 1268 992 1270 990 1269 1012 1136 994 1271 992 1270 1014 1137 996 1272 994 1271 1016 1138 998 1273 996 1272 1018 1139 1000 1274 998 1273 1020 1140 1002 1275 1000 1274 1022 1141 1004 1276 1002 1275 1024 1142 1006 1328 1004 1276 1026 1195 1028 1329 1026 1195 1027 1196 1029 1330 1027 1196 1058 1197 1060 1331 1058 1197 1059 1198 1059 1198 1065 1199 1061 1332 1065 1199 869 1277 1064 1333 864 1334 869 1277 973 1143 973 1143 861 1278 864 1334 862 1335 861 1278 860 1144 860 1144 856 1279 862 1335 804 1145 857 1336 856 1279 858 1280 857 1336 804 1145 859 1281 858 1280 805 1200 2669 1147 2668 1337 859 1281 2668 1337 2669 1147 2678 1282 2677 1201 2683 1338 2678 1282 2684 1202 2683 1338 2677 1201 2684 1202 2696 1283 2683 1338 2698 1149 2697 1203 2696 1283 2695 1339 2697 1203 2713 1284 2714 1151 2712 1285 2713 1284 2741 1286 2712 1285 2743 1152 2742 1204 2740 1340 2741 1286 2740 1340 2742 1204 2756 1205 2756 1205 2755 1287 2754 1341 2801 1342 2755 1287 2770 1206 2601 1207 2767 1343 2770 1206 2767 1343 2601 1207 2599 1288 2604 1344 2599 1288 2603 1208 2589 1289 2597 1345 2603 1208 2587 1346 2589 1289 2628 1157 2482 1290 2483 1347 2628 1157 2481 1210 2483 1347 2482 1290 2481 1210 2454 1211 2480 1348 2456 1212 2455 1349 2454 1211 2478 1350 2456 1212 2541 1291 2544 1158 2421 1351 2541 1291 2423 1292 2422 1352 2544 1158 2423 1292 2427 1213 2407 1215 2427 1213 2426 1214 2407 1215 2405 1353 2407 1215 2367 1216 2368 1354 2367 1216 2361 1217 2364 1355 2361 1217 2347 1293 2347 1293 2203 1162 2346 1356 2203 1162 2343 1294 2346 1356 2182 1218 2338 1357 2343 1294 2183 1219 2340 1358 2182 1218 2329 1359 2183 1219 2330 1220 2163 1221 2325 1360 2330 1220 2164 1222 2327 1361 2163 1221 2109 1362 2164 1222 2111 1223 2310 1224 2309 1363 2111 1223 2143 1225 2305 1364 2310 1224 2144 1226 2307 1365 2143 1225 2296 1366 2144 1226 2297 1227 2128 1228 2292 1367 2297 1227 2129 1295 2294 1368 2128 1228 2131 1229 2060 1369 2129 1295 2123 1230 2061 1370 2131 1229 2124 1231 1886 1371 2123 1230 1885 1232 1886 1371 2124 1231 1886 1371 1885 1232 1884 1296 1891 1165 2067 1297 1884 1296 2072 1298 2067 1297 2071 1166 2082 1299 2072 1298 2081 1167 1922 1372 2082 1299 1920 1233 1922 1372 1920 1233 1921 1234 1923 1373 1921 1234 2092 1300 2097 1374 2092 1300 2096 1235 2097 1374 2096 1235 1911 1236 1916 1375 1911 1236 1915 1237 1916 1375 1915 1237 1933 1301 1933 1301 1932 1170 1939 1302 1947 1376 1939 1302 1946 1238 1955 1377 1946 1238 1954 1239 1955 1377 1954 1239 1993 1303 1995 1172 1994 1304 1993 1303 1996 1240 3720 1378 1994 1304 3721 1241 3720 1378 1996 1240 3672 1305 3673 1379 3721 1241 3672 1305 3664 1174 3673 1379 3664 1174 3649 1306 3650 1380 3650 1380 3649 1306 3643 1243 3642 1381 3643 1243 3573 1307 3579 1176 3550 1308 3573 1307 3551 1309 3550 1308 3549 1177 3574 1178 3537 1382 3551 1309 3537 1382 3574 1178 3536 1310 3541 1244 3540 1245 3536 1310 3538 1383 3540 1245 3496 1311 3497 1180 3486 1312 3496 1311 3490 1181 3339 1384 3486 1312 3474 1313 3338 1385 3490 1181 3338 1385 3474 1313 3470 1182 3473 1386 3470 1182 3276 1314 3259 1247 3277 1387 3276 1314 3257 1315 3278 1388 3259 1247 3257 1315 3256 1248 3225 1389 3225 1389 3256 1248 3226 1316 3227 1249 3159 1390 3226 1316 3228 1250 3158 1391 3227 1249 3229 1251 3220 1392 3228 1250 3230 1252 3210 1393 3229 1251 3231 1253 3201 1394 3230 1252 3232 1254 3203 1395 3231 1253 3233 1255 3205 1396 3232 1254 3234 1256 3207 1397 3233 1255 3235 1257 3209 1398 3234 1256 3236 1258 3190 1399 3235 1257 3237 1259 3189 1400 3236 1258 3188 1317 3189 1400 3237 1259 3188 1317 3171 1260 3187 1401 3172 1402 3171 1260 3170 1261 1589 1262 3175 1403 3170 1261 1589 1262 1590 1318 3175 1403 1590 1318 1588 1126 1706 1404 1706 1404 1588 1126 1705 1319 1705 1319 1726 1263 1703 1405 1726 1263 1725 1264 1724 1265 1703 1405 1724 1265 1701 1320 1701 1320 1699 1266 1700 1406 1700 1406 1699 1266 1698 1321 1698 1321 1697 1189 1696 1322 1696 1322 1695 1190 1694 1323 1694 1323 1693 1191 1692 1324 1692 1324 1691 1192 1690 1325 1690 1325 1689 1193 1688 1326 1688 1326 1687 1267 1686 1327 1686 1327 1684 1268 1683 1407 1684 1268 990 1269 1628 1408 992 1270 991 1409 990 1269 994 1271 993 1410 992 1270 996 1272 995 1411 994 1271 998 1273 997 1412 996 1272 1000 1274 999 1413 998 1273 1002 1275 1001 1414 1000 1274 1004 1276 1003 1415 1002 1275 1006 1328 1005 1416 1004 1276 1028 1329 1006 1328 1026 1195 1029 1330 1028 1329 1027 1196 1060 1331 1029 1330 1058 1197 1061 1332 1060 1331 1059 1198 1065 1199 1064 1333 1061 1332 869 1277 867 1417 1064 1333 871 1418 869 1277 864 1334 861 1278 1077 1419 864 1334 862 1335 2667 1420 861 1278 856 1279 2667 1420 862 1335 2667 1420 856 1279 857 1336 858 1280 2667 1420 857 1336 859 1281 2668 1337 858 1280 2679 1421 2668 1337 2678 1282 2683 1338 2682 1422 2678 1282 2696 1283 2694 1423 2683 1338 2697 1203 2695 1339 2696 1283 2711 1424 2695 1339 2713 1284 2713 1284 2712 1285 2711 1424 2710 1425 2712 1285 2741 1286 2741 1286 2740 1340 2739 1426 2754 1341 2740 1340 2756 1205 2755 1287 2753 1427 2754 1341 2753 1427 2755 1287 2801 1342 2770 1206 2767 1343 2801 1342 2599 1288 2604 1344 2767 1343 2605 1428 2604 1344 2603 1208 2603 1208 2597 1345 2605 1428 2589 1289 2598 1429 2597 1345 2589 1289 2587 1346 2588 1430 2637 1431 2587 1346 2628 1157 2628 1157 2483 1347 2637 1431 2484 1432 2483 1347 2481 1210 2480 1348 2484 1432 2481 1210 2454 1211 2455 1349 2480 1348 2478 1350 2455 1349 2456 1212 2542 1433 2478 1350 2541 1291 2421 1351 2420 1434 2541 1291 2422 1352 2421 1351 2544 1158 2422 1352 2423 1292 2405 1353 2423 1292 2407 1215 2405 1353 2367 1216 2368 1354 2405 1353 2363 1435 2368 1354 2361 1217 2361 1217 2364 1355 2363 1435 2346 1356 2364 1355 2347 1293 2346 1356 2343 1294 2345 1436 2343 1294 2338 1357 2342 1437 2182 1218 2339 1438 2338 1357 2340 1358 2339 1438 2182 1218 2341 1439 2340 1358 2183 1219 2329 1359 2341 1439 2183 1219 2330 1220 2325 1360 2329 1359 2163 1221 2326 1440 2325 1360 2327 1361 2326 1440 2163 1221 2328 1441 2327 1361 2164 1222 2109 1362 2328 1441 2164 1222 2111 1223 2110 1442 2109 1362 2111 1223 2309 1363 2110 1442 2310 1224 2305 1364 2309 1363 2143 1225 2306 1443 2305 1364 2307 1365 2306 1443 2143 1225 2308 1444 2307 1365 2144 1226 2296 1366 2308 1444 2144 1226 2297 1227 2292 1367 2296 1366 2128 1228 2293 1445 2292 1367 2294 1368 2293 1445 2128 1228 2295 1446 2294 1368 2129 1295 2060 1369 2058 1447 2129 1295 2061 1370 2060 1369 2131 1229 1888 1448 2061 1370 2123 1230 1886 1371 1888 1448 2123 1230 1887 1449 1886 1371 1884 1296 2067 1297 2066 1450 1884 1296 1863 1451 2067 1297 2072 1298 2073 1452 2072 1298 2082 1299 2083 1453 2082 1299 1922 1372 1923 1373 1922 1372 1921 1234 2093 1454 1923 1373 2092 1300 2093 1454 2092 1300 2097 1374 1916 1375 2097 1374 1911 1236 1934 1455 1916 1375 1933 1301 1940 1456 1933 1301 1939 1302 1940 1456 1939 1302 1947 1376 1947 1376 1946 1238 1955 1377 1991 1457 1955 1377 1993 1303 1994 1304 1992 1458 1993 1303 1994 1304 3720 1378 1992 1458 3721 1241 3674 1459 3720 1378 3673 1379 3674 1459 3721 1241 3673 1379 3664 1174 3665 1460 3664 1174 3650 1380 3665 1460 3644 1461 3650 1380 3643 1243 3644 1461 3643 1243 3642 1381 3572 1462 3642 1381 3573 1307 3550 1308 3570 1463 3573 1307 3551 1309 3569 1464 3550 1308 3551 1309 3537 1382 3539 1465 3538 1383 3537 1382 3536 1310 3540 1245 3538 1383 3536 1310 3495 1466 3538 1383 3496 1311 3486 1312 3487 1467 3496 1311 3339 1384 3352 1468 3486 1312 3338 1385 3339 1384 3490 1181 3473 1386 3338 1385 3470 1182 3276 1314 3340 1469 3473 1386 3277 1387 3342 1470 3276 1314 3278 1388 3277 1387 3259 1247 3279 1471 3278 1388 3257 1315 3258 1472 3257 1315 3225 1389 3226 1316 3223 1473 3225 1389 3159 1390 3223 1473 3226 1316 3158 1391 3159 1390 3227 1249 3220 1392 3158 1391 3228 1250 3210 1393 3220 1392 3229 1251 3201 1394 3210 1393 3230 1252 3203 1395 3201 1394 3231 1253 3205 1396 3203 1395 3232 1254 3207 1397 3205 1396 3233 1255 3209 1398 3207 1397 3234 1256 3190 1399 3209 1398 3235 1257 3189 1400 3190 1399 3236 1258 3189 1400 3188 1317 3186 1474 3186 1474 3188 1317 3187 1401 3187 1401 3171 1260 3172 1402 3170 1261 3175 1403 3172 1402 1590 1318 1707 1475 3175 1403 1707 1475 1590 1318 1706 1404 1706 1404 1705 1319 1580 1476 1705 1319 1703 1405 1704 1477 1726 1263 1724 1265 1703 1405 1703 1405 1701 1320 1702 1478 1702 1478 1701 1320 1700 1406 1700 1406 1698 1321 1676 1479 1698 1321 1696 1322 1677 1480 1696 1322 1694 1323 1678 1481 1694 1323 1692 1324 1679 1482 1692 1324 1690 1325 1680 1483 1690 1325 1688 1326 1681 1484 1688 1326 1686 1327 1682 1485 1682 1485 1686 1327 1683 1407 1683 1407 1684 1268 1628 1408 990 1269 991 1409 1628 1408 993 1410 991 1409 992 1270 995 1411 993 1410 994 1271 997 1412 995 1411 996 1272 999 1413 997 1412 998 1273 1001 1414 999 1413 1000 1274 1003 1415 1001 1414 1002 1275 1005 1416 1003 1415 1004 1276 1007 1486 1005 1416 1006 1328 1008 1487 1006 1328 1028 1329 1030 1488 1028 1329 1029 1330 1031 1489 1029 1330 1060 1331 1062 1490 1060 1331 1061 1332 1061 1332 1064 1333 1063 1491 1064 1333 867 1417 878 1492 869 1277 868 1493 867 1417 871 1418 870 1494 869 1277 866 1495 871 1418 864 1334 864 1334 1077 1419 863 1496 2911 1497 1077 1419 861 1278 2667 1420 2680 1498 861 1278 2668 1337 2667 1420 858 1280 2667 1420 2668 1337 2679 1421 2678 1282 2682 1422 2679 1421 2683 1338 2694 1423 2682 1422 2696 1283 2695 1339 2694 1423 2693 1499 2695 1339 2711 1424 2712 1285 2710 1425 2711 1424 2739 1426 2710 1425 2741 1286 2740 1340 2738 1500 2739 1426 2738 1500 2740 1340 2754 1341 2754 1341 2753 1427 2752 1501 2800 1502 2753 1427 2801 1342 2767 1343 2766 1503 2801 1342 2604 1344 2765 1504 2767 1343 2604 1344 2605 1428 2765 1504 2605 1428 2597 1345 2765 1504 2597 1345 2598 1429 2763 1505 2590 1506 2598 1429 2589 1289 2590 1506 2589 1289 2588 1430 2588 1430 2587 1346 2586 1507 2585 1508 2587 1346 2637 1431 2637 1431 2483 1347 2636 1509 2483 1347 2484 1432 2636 1509 2485 1510 2484 1432 2480 1348 2480 1348 2455 1349 2458 1511 2457 1512 2455 1349 2478 1350 2479 1513 2478 1350 2542 1433 2417 1514 2542 1433 2541 1291 2541 1291 2420 1434 2417 1514 2421 1351 2403 1515 2420 1434 2422 1352 2405 1353 2421 1351 2405 1353 2368 1354 2403 1515 2368 1354 2363 1435 2403 1515 2364 1355 2389 1516 2363 1435 2381 1517 2364 1355 2346 1356 2345 1436 2381 1517 2346 1356 2343 1294 2342 1437 2345 1436 2342 1437 2338 1357 3735 1518 2339 1438 3822 1519 2338 1357 2340 1358 3819 1520 2339 1438 3813 1521 2340 1358 2341 1439 2329 1359 3815 1522 2341 1439 2325 1360 3817 1523 2329 1359 2326 1440 3811 1524 2325 1360 2327 1361 3809 1525 2326 1440 2328 1441 3807 1526 2327 1361 2109 1362 3805 1527 2328 1441 2110 1442 3802 1528 2109 1362 2309 1363 3803 1529 2110 1442 2309 1363 2305 1364 3800 1530 2305 1364 2306 1443 3798 1531 2306 1443 2307 1365 3797 1532 2308 1444 3795 1533 2307 1365 2308 1444 2296 1366 3791 1534 2296 1366 2292 1367 3790 1535 2292 1367 2293 1445 3782 1536 2293 1445 2294 1368 3781 1537 2295 1446 3785 1538 2294 1368 2056 1539 2295 1446 2129 1295 2129 1295 2058 1447 2056 1539 2060 1369 2059 1540 2058 1447 2061 1370 1889 1541 2060 1369 1888 1448 1889 1541 2061 1370 1888 1448 1886 1371 1887 1449 1884 1296 2066 1450 1887 1449 2067 1297 1863 1451 2066 1450 2073 1452 1863 1451 2072 1298 2083 1453 2073 1452 2082 1299 1924 1542 2083 1453 1922 1372 1924 1542 1922 1372 1923 1373 1925 1543 1923 1373 2093 1454 2098 1544 2093 1454 2097 1374 2098 1544 2097 1374 1916 1375 1934 1455 2098 1544 1916 1375 1934 1455 1933 1301 1940 1456 1948 1545 1940 1456 1947 1376 1956 1546 1947 1376 1955 1377 1956 1546 1955 1377 1991 1457 1993 1303 1992 1458 1991 1457 1992 1458 3720 1378 3709 1547 3674 1459 3687 1548 3720 1378 3665 1460 3674 1459 3673 1379 3665 1460 3650 1380 3644 1461 3642 1381 3651 1549 3644 1461 3636 1550 3642 1381 3572 1462 3573 1307 3570 1463 3572 1462 3569 1464 3570 1463 3550 1308 3535 1551 3569 1464 3551 1309 3539 1465 3535 1551 3551 1309 3539 1465 3537 1382 3538 1383 3534 1552 3538 1383 3495 1466 3496 1311 3487 1467 3495 1466 3487 1467 3486 1312 3354 1553 3486 1312 3352 1468 3353 1554 3340 1469 3352 1468 3339 1384 3340 1469 3339 1384 3338 1385 3340 1469 3338 1385 3473 1386 3342 1470 3340 1469 3276 1314 3344 1555 3342 1470 3277 1387 3278 1388 3344 1555 3277 1387 3279 1471 3346 1556 3278 1388 3258 1472 3279 1471 3257 1315 3225 1389 3333 1557 3258 1472 3223 1473 3314 1558 3225 1389 3223 1473 3159 1390 3222 1559 3160 1560 3159 1390 3158 1391 3220 1392 3221 1561 3158 1391 3215 1562 3220 1392 3210 1393 3211 1563 3210 1393 3201 1394 3203 1395 3202 1564 3201 1394 3205 1396 3204 1565 3203 1395 3207 1397 3206 1566 3205 1396 3209 1398 3208 1567 3207 1397 3169 1568 3209 1398 3190 1399 3190 1399 3189 1400 3185 1569 3185 1569 3189 1400 3186 1474 3187 1401 3180 1570 3186 1474 3172 1402 3179 1571 3187 1401 3175 1403 3178 1572 3172 1402 3175 1403 1707 1475 1581 1573 1707 1475 1706 1404 1581 1573 1581 1573 1706 1404 1580 1476 1580 1476 1705 1319 1704 1477 1704 1477 1703 1405 1702 1478 1702 1478 1700 1406 1675 1574 1675 1574 1700 1406 1676 1479 1676 1479 1698 1321 1677 1480 1677 1480 1696 1322 1678 1481 1678 1481 1694 1323 1679 1482 1679 1482 1692 1324 1680 1483 1680 1483 1690 1325 1681 1484 1681 1484 1688 1326 1682 1485 1683 1407 1625 1575 1682 1485 1628 1408 1626 1576 1683 1407 1628 1408 991 1409 819 1577 993 1410 819 1577 991 1409 995 1411 821 1578 993 1410 997 1412 919 1579 995 1411 999 1413 914 1580 997 1412 1001 1414 912 1581 999 1413 1003 1415 909 1582 1001 1414 1005 1416 906 1583 1003 1415 1007 1486 904 1584 1005 1416 1008 1487 1007 1486 1006 1328 1030 1488 1008 1487 1028 1329 1031 1489 1030 1488 1029 1330 1062 1490 1031 1489 1060 1331 1063 1491 1062 1490 1061 1332 1064 1333 878 1492 1063 1491 867 1417 872 1585 878 1492 868 1493 874 1586 867 1417 870 1494 868 1493 869 1277 870 1494 871 1418 2910 1587 871 1418 866 1495 2910 1587 866 1495 864 1334 865 1588 865 1588 864 1334 863 1496 863 1496 1077 1419 2911 1497 861 1278 2680 1498 2911 1497 2680 1498 2667 1420 2679 1421 2682 1422 2681 1589 2679 1421 2694 1423 2692 1590 2682 1422 2695 1339 2693 1499 2694 1423 2709 1591 2693 1499 2711 1424 2711 1424 2710 1425 2709 1591 2708 1592 2710 1425 2739 1426 2739 1426 2738 1500 2737 1593 2752 1501 2738 1500 2754 1341 2753 1427 2751 1594 2752 1501 2751 1594 2753 1427 2800 1502 2801 1342 2766 1503 2800 1502 2767 1343 2765 1504 2766 1503 2765 1504 2597 1345 2763 1505 2763 1505 2598 1429 2657 1595 2642 1596 2598 1429 2590 1506 2588 1430 2642 1596 2590 1506 2588 1430 2586 1507 2640 1597 2587 1346 2585 1508 2586 1507 2636 1509 2585 1508 2637 1431 2636 1509 2484 1432 2485 1510 2458 1511 2485 1510 2480 1348 2458 1511 2455 1349 2457 1512 2479 1513 2457 1512 2478 1350 2539 1598 2479 1513 2542 1433 2417 1514 2418 1599 2542 1433 2420 1434 2404 1600 2417 1514 2403 1515 2404 1600 2420 1434 2405 1353 2403 1515 2421 1351 2403 1515 2363 1435 2389 1516 2390 1601 2389 1516 2364 1355 2381 1517 2390 1601 2364 1355 2383 1602 2381 1517 2345 1436 2345 1436 2342 1437 2344 1603 3735 1518 3738 1604 2342 1437 2338 1357 3821 1605 3735 1518 3822 1519 3821 1605 2338 1357 3823 1606 3822 1519 2339 1438 3819 1520 3823 1606 2339 1438 3820 1607 3819 1520 2340 1358 3813 1521 3820 1607 2340 1358 2341 1439 3814 1608 3813 1521 3815 1522 3814 1608 2341 1439 2329 1359 3816 1609 3815 1522 3817 1523 3816 1609 2329 1359 3818 1610 3817 1523 2325 1360 3811 1524 3818 1610 2325 1360 3812 1611 3811 1524 2326 1440 3809 1525 3812 1611 2326 1440 3810 1612 3809 1525 2327 1361 3807 1526 3810 1612 2327 1361 3808 1613 3807 1526 2328 1441 3805 1527 3808 1613 2328 1441 3806 1614 3805 1527 2109 1362 3802 1528 3806 1614 2109 1362 3803 1529 3802 1528 2110 1442 3804 1615 3803 1529 2309 1363 3801 1616 2309 1363 3800 1530 3800 1530 2305 1364 3799 1617 3799 1617 2305 1364 3798 1531 3798 1531 2306 1443 3797 1532 3797 1532 2307 1365 3793 1618 3795 1533 3794 1619 2307 1365 3796 1620 3795 1533 2308 1444 3792 1621 2308 1444 3791 1534 3791 1534 2296 1366 3790 1535 3790 1535 2292 1367 3783 1622 3783 1622 2292 1367 3782 1536 3782 1536 2293 1445 3781 1537 2294 1368 3784 1623 3781 1537 3785 1538 3784 1623 2294 1368 3786 1624 3785 1538 2295 1446 2056 1539 3786 1624 2295 1446 2058 1447 2057 1625 2056 1539 2059 1540 2057 1625 2058 1447 1889 1541 2059 1540 2060 1369 1889 1541 1888 1448 1887 1449 2066 1450 2065 1626 1887 1449 1863 1451 1864 1627 2066 1450 1865 1628 1863 1451 2073 1452 2074 1629 2073 1452 2083 1453 2084 1630 2083 1453 1924 1542 1925 1543 1924 1542 1923 1373 2094 1631 1925 1543 2093 1454 2094 1631 2093 1454 2098 1544 2099 1632 2098 1544 1934 1455 1941 1633 1934 1455 1940 1456 1941 1633 1940 1456 1948 1545 1948 1545 1947 1376 1956 1546 2104 1634 1956 1546 1991 1457 1992 1458 2108 1635 1991 1457 3709 1547 2108 1635 1992 1458 3720 1378 3688 1636 3709 1547 3720 1378 3687 1548 3688 1636 3674 1459 3665 1460 3687 1548 3665 1460 3644 1461 3651 1549 3652 1637 3651 1549 3642 1381 3636 1550 3652 1637 3642 1381 3571 1638 3636 1550 3572 1462 3570 1463 3567 1639 3572 1462 3570 1463 3569 1464 3568 1640 3535 1551 3533 1641 3569 1464 3535 1551 3539 1465 3534 1552 3534 1552 3539 1465 3538 1383 3494 1642 3534 1552 3495 1466 3487 1467 3488 1643 3495 1466 3355 1644 3487 1467 3354 1553 3354 1553 3486 1312 3353 1554 3353 1554 3352 1468 3340 1469 3342 1470 3341 1645 3340 1469 3344 1555 3343 1646 3342 1470 3346 1556 3344 1555 3278 1388 3348 1647 3346 1556 3279 1471 3258 1472 3348 1647 3279 1471 3333 1557 3332 1648 3258 1472 3314 1558 3333 1557 3225 1389 3313 1649 3314 1558 3223 1473 3224 1650 3223 1473 3222 1559 3222 1559 3159 1390 3160 1560 3158 1391 3221 1561 3160 1560 3221 1561 3220 1392 3215 1562 3210 1393 3211 1563 3215 1562 3202 1564 3211 1563 3201 1394 3204 1565 3202 1564 3203 1395 3206 1566 3204 1565 3205 1396 3208 1567 3206 1566 3207 1397 3208 1567 3209 1398 3169 1568 3169 1568 3190 1399 3185 1569 3186 1474 3182 1651 3185 1569 3180 1570 3182 1651 3186 1474 3179 1571 3180 1570 3187 1401 3172 1402 3178 1572 3179 1571 3178 1572 3175 1403 3174 1652 3175 1403 1581 1573 1578 1653 1581 1573 1580 1476 1578 1653 1580 1476 1704 1477 1577 1654 1704 1477 1702 1478 1674 1655 1674 1655 1702 1478 1675 1574 1676 1479 1670 1656 1675 1574 1677 1480 1669 1657 1676 1479 1678 1481 1621 1658 1677 1480 1679 1482 1620 1659 1678 1481 1680 1483 1622 1660 1679 1482 1681 1484 1623 1661 1680 1483 1682 1485 1624 1662 1681 1484 1625 1575 1624 1662 1682 1485 1626 1576 1625 1575 1683 1407 1627 1663 1626 1576 1628 1408 1628 1408 819 1577 820 1664 821 1578 819 1577 993 1410 919 1579 821 1578 995 1411 914 1580 919 1579 997 1412 912 1581 914 1580 999 1413 909 1582 912 1581 1001 1414 906 1583 909 1582 1003 1415 904 1584 906 1583 1005 1416 987 1665 904 1584 1007 1486 983 1666 1007 1486 1008 1487 978 1667 1008 1487 1030 1488 976 1668 1030 1488 1031 1489 970 1669 1031 1489 1062 1490 968 1670 1062 1490 1063 1491 1063 1491 878 1492 964 1671 878 1492 872 1585 880 1672 867 1417 873 1673 872 1585 874 1586 873 1673 867 1417 875 1674 874 1586 868 1493 870 1494 875 1674 868 1493 2910 1587 875 1674 870 1494 866 1495 2912 1675 2910 1587 866 1495 865 1588 2912 1675 865 1588 863 1496 2912 1675 2912 1675 863 1496 2911 1497 2680 1498 2688 1676 2911 1497 2679 1421 2681 1589 2680 1498 2682 1422 2692 1590 2681 1589 2694 1423 2693 1499 2692 1590 2691 1677 2693 1499 2709 1591 2710 1425 2708 1592 2709 1591 2737 1593 2708 1592 2739 1426 2738 1500 2736 1678 2737 1593 2736 1678 2738 1500 2752 1501 2752 1501 2751 1594 2750 1679 2799 1680 2751 1594 2800 1502 2766 1503 2761 1681 2800 1502 2766 1503 2765 1504 2764 1682 2765 1504 2763 1505 2764 1682 2657 1595 2806 1683 2763 1505 2598 1429 2642 1596 2657 1595 2643 1684 2642 1596 2588 1430 2641 1685 2588 1430 2640 1597 2640 1597 2586 1507 2593 1686 2586 1507 2585 1508 2584 1687 2583 1688 2585 1508 2636 1509 2636 1509 2485 1510 2634 1689 2486 1690 2485 1510 2458 1511 2457 1512 2476 1691 2458 1511 2479 1513 2468 1692 2457 1512 2464 1693 2479 1513 2539 1598 2542 1433 2419 1694 2539 1598 2418 1599 2419 1694 2542 1433 2404 1600 2418 1599 2417 1514 2392 1695 2404 1600 2403 1515 2389 1516 2390 1601 2403 1515 2391 1696 2390 1601 2381 1517 2383 1602 2382 1697 2381 1517 2344 1603 2383 1602 2345 1436 3736 1698 2344 1603 2342 1437 3738 1604 3737 1699 2342 1437 3738 1604 3735 1518 3881 1700 3735 1518 3821 1605 3879 1701 3821 1605 3822 1519 3830 1702 3830 1702 3822 1519 3823 1606 3830 1702 3823 1606 3819 1520 3820 1607 3831 1703 3819 1520 3820 1607 3813 1521 3831 1703 3813 1521 3814 1608 3831 1703 3831 1703 3814 1608 3815 1522 3815 1522 3816 1609 3832 1704 3816 1609 3817 1523 3832 1704 3817 1523 3818 1610 3832 1704 3818 1610 3811 1524 3833 1705 3833 1705 3811 1524 3812 1611 3809 1525 3835 1706 3812 1611 3810 1612 3836 1707 3809 1525 3807 1526 3837 1708 3810 1612 3808 1613 3838 1709 3807 1526 3808 1613 3805 1527 3842 1710 3805 1527 3806 1614 3841 1711 3806 1614 3802 1528 3840 1712 3802 1528 3803 1529 3839 1713 3839 1713 3803 1529 3804 1615 3801 1616 3804 1615 2309 1363 3800 1530 3847 1714 3801 1616 3800 1530 3799 1617 3844 1715 3844 1715 3799 1617 3798 1531 3797 1532 3850 1716 3798 1531 3793 1618 3851 1717 3797 1532 2307 1365 3794 1619 3793 1618 3795 1533 3853 1718 3794 1619 3796 1620 3853 1718 3795 1533 3792 1621 3796 1620 2308 1444 3791 1534 3858 1719 3792 1621 3790 1535 3859 1720 3791 1534 3783 1622 3860 1721 3790 1535 3782 1536 3861 1722 3783 1622 3781 1537 3862 1723 3782 1536 3784 1623 3863 1724 3781 1537 3785 1538 3864 1725 3784 1623 3786 1624 3865 1726 3785 1538 3787 1727 3786 1624 2056 1539 2057 1625 3787 1727 2056 1539 2059 1540 2062 1728 2057 1625 1889 1541 2064 1729 2059 1540 1887 1449 2065 1626 1889 1541 2066 1450 1864 1627 2065 1626 1865 1628 1864 1627 1863 1451 2074 1629 1865 1628 2073 1452 2084 1630 2074 1629 2083 1453 1926 1730 2084 1630 1924 1542 1926 1730 1924 1542 1925 1543 1927 1731 1925 1543 2094 1631 2099 1632 2094 1631 2098 1544 1941 1633 2099 1632 1934 1455 1949 1732 1941 1633 1948 1545 1957 1733 1948 1545 1956 1546 1957 1733 1956 1546 2104 1634 1991 1457 2107 1734 2104 1634 2108 1635 2107 1734 1991 1457 3719 1735 2108 1635 3709 1547 3709 1547 3688 1636 3690 1736 3689 1737 3688 1636 3687 1548 3687 1548 3665 1460 3689 1737 3665 1460 3651 1549 3689 1737 3689 1737 3651 1549 3652 1637 3653 1738 3652 1637 3636 1550 3639 1739 3636 1550 3571 1638 3572 1462 3567 1639 3571 1638 3568 1640 3567 1639 3570 1463 3569 1464 3532 1740 3568 1640 3533 1641 3532 1740 3569 1464 3535 1551 3534 1552 3533 1641 3531 1741 3534 1552 3494 1642 3495 1466 3488 1643 3494 1642 3487 1467 3357 1742 3488 1643 3355 1644 3356 1743 3487 1467 3341 1645 3355 1644 3354 1553 3354 1553 3353 1554 3341 1645 3341 1645 3353 1554 3340 1469 3343 1646 3341 1645 3342 1470 3345 1744 3343 1646 3344 1555 3346 1556 3345 1744 3344 1555 3348 1647 3347 1745 3346 1556 3258 1472 3332 1648 3348 1647 3333 1557 3331 1746 3332 1648 3333 1557 3314 1558 3331 1746 3314 1558 3313 1649 3312 1747 3300 1748 3313 1649 3223 1473 3224 1650 3300 1748 3223 1473 3222 1559 3218 1749 3224 1650 3160 1560 3219 1750 3222 1559 3221 1561 3219 1750 3160 1560 3161 1751 3221 1561 3215 1562 3215 1562 3211 1563 3161 1751 3212 1752 3211 1563 3202 1564 3204 1565 3212 1752 3202 1564 3206 1566 3213 1753 3204 1565 3208 1567 3214 1754 3206 1566 3167 1755 3208 1567 3169 1568 3185 1569 3168 1756 3169 1568 3182 1651 3168 1756 3185 1569 3182 1651 3180 1570 3181 1757 3181 1757 3180 1570 3179 1571 3178 1572 3176 1758 3179 1571 3176 1758 3178 1572 3174 1652 3174 1652 3175 1403 1578 1653 1580 1476 1579 1759 1578 1653 1575 1760 1580 1476 1577 1654 1577 1654 1704 1477 1674 1655 1675 1574 1671 1761 1674 1655 1670 1656 1671 1761 1675 1574 1669 1657 1670 1656 1676 1479 1621 1658 1669 1657 1677 1480 1620 1659 1621 1658 1678 1481 1622 1660 1620 1659 1679 1482 1623 1661 1622 1660 1680 1483 1624 1662 1623 1661 1681 1484 1625 1575 1486 1762 1624 1662 1625 1575 1626 1576 1493 1763 1627 1663 1490 1764 1626 1576 820 1664 1627 1663 1628 1408 821 1578 820 1664 819 1577 821 1578 919 1579 922 1765 914 1580 920 1766 919 1579 912 1581 915 1767 914 1580 912 1581 909 1582 911 1768 909 1582 906 1583 908 1769 906 1583 904 1584 905 1770 987 1665 986 1771 904 1584 983 1666 987 1665 1007 1486 978 1667 983 1666 1008 1487 976 1668 978 1667 1030 1488 970 1669 976 1668 1031 1489 968 1670 970 1669 1062 1490 964 1671 968 1670 1063 1491 878 1492 876 1772 964 1671 880 1672 879 1773 878 1492 880 1672 872 1585 2893 1774 2893 1774 872 1585 873 1673 2647 1775 873 1673 874 1586 2647 1775 874 1586 875 1674 2647 1775 875 1674 2910 1587 2910 1587 2912 1675 2938 1776 2911 1497 2913 1777 2912 1675 2688 1676 2913 1777 2911 1497 2690 1778 2688 1676 2680 1498 2681 1589 2690 1778 2680 1498 2692 1590 2690 1778 2681 1589 2693 1499 2691 1677 2692 1590 2707 1779 2691 1677 2709 1591 2709 1591 2708 1592 2707 1779 2706 1780 2708 1592 2737 1593 2737 1593 2736 1678 2735 1781 2750 1679 2736 1678 2752 1501 2751 1594 2749 1782 2750 1679 2749 1782 2751 1594 2799 1680 2800 1502 2761 1681 2799 1680 2764 1682 2761 1681 2766 1503 2764 1682 2763 1505 2762 1783 2806 1683 2808 1784 2763 1505 2805 1785 2806 1683 2657 1595 2657 1595 2642 1596 2643 1684 2641 1685 2643 1684 2588 1430 2640 1597 2657 1595 2641 1685 2593 1686 2812 1786 2640 1597 2586 1507 2594 1787 2593 1686 2584 1687 2595 1788 2586 1507 2585 1508 2583 1688 2584 1687 2634 1689 2583 1688 2636 1509 2485 1510 2486 1690 2634 1689 2458 1511 2487 1789 2486 1690 2476 1691 2487 1789 2458 1511 2468 1692 2476 1691 2457 1512 2464 1693 2468 1692 2479 1513 2546 1790 2464 1693 2539 1598 2419 1694 2415 1791 2539 1598 2419 1694 2418 1599 2404 1600 2404 1600 2392 1695 2413 1792 2403 1515 2391 1696 2392 1695 2390 1601 2391 1696 2403 1515 2392 1695 2391 1696 2381 1517 2382 1697 2388 1697 2381 1517 2382 1697 2383 1602 3906 1793 3908 1794 2383 1602 2344 1603 2344 1603 3736 1698 3908 1794 2342 1437 3737 1699 3736 1698 3737 1699 3738 1604 3881 1700 3881 1700 3735 1518 3879 1701 3879 1701 3821 1605 3830 1702 3819 1520 3831 1703 3830 1702 3832 1704 3831 1703 3815 1522 3832 1704 3818 1610 3833 1705 3812 1611 3834 1795 3833 1705 3835 1706 3834 1795 3812 1611 3836 1707 3835 1706 3809 1525 3837 1708 3836 1707 3810 1612 3838 1709 3837 1708 3807 1526 3838 1709 3808 1613 3843 1796 3843 1796 3808 1613 3842 1710 3842 1710 3805 1527 3841 1711 3841 1711 3806 1614 3840 1712 3840 1712 3802 1528 3839 1713 3804 1615 3845 1797 3839 1713 3801 1616 3846 1798 3804 1615 3847 1714 3846 1798 3801 1616 3848 1799 3847 1714 3800 1530 3844 1715 3848 1799 3800 1530 3798 1531 3849 1800 3844 1715 3850 1716 3849 1800 3798 1531 3851 1717 3850 1716 3797 1532 3793 1618 3854 1801 3851 1717 3794 1619 3855 1802 3793 1618 3853 1718 3855 1802 3794 1619 3853 1718 3796 1620 3852 1803 3796 1620 3792 1621 3852 1803 3858 1719 3857 1804 3792 1621 3859 1720 3858 1719 3791 1534 3860 1721 3859 1720 3790 1535 3861 1722 3860 1721 3783 1622 3862 1723 3861 1722 3782 1536 3863 1724 3862 1723 3781 1537 3864 1725 3863 1724 3784 1623 3865 1726 3864 1725 3785 1538 3866 1805 3865 1726 3786 1624 3786 1624 3787 1727 3856 1806 3788 1807 3787 1727 2057 1625 2062 1728 3788 1807 2057 1625 2064 1729 2062 1728 2059 1540 2065 1626 2064 1729 1889 1541 1864 1627 1906 1808 2065 1626 1864 1627 1865 1628 1905 1809 1904 1810 1865 1628 2074 1629 1855 1811 2074 1629 2084 1630 2085 1812 2084 1630 1926 1730 1927 1731 1926 1730 1925 1543 2095 1813 1927 1731 2094 1631 2095 1813 2094 1631 2099 1632 2100 1814 2099 1632 1941 1633 1949 1732 2100 1814 1941 1633 1949 1732 1948 1545 1957 1733 1848 1815 1957 1733 2104 1634 2107 1734 2106 1816 2104 1634 3719 1735 2107 1734 2108 1635 3709 1547 3684 1817 3719 1735 3690 1736 3683 1818 3709 1547 3690 1736 3688 1636 3689 1737 3652 1637 3653 1738 3689 1737 3637 1819 3653 1738 3636 1550 3639 1739 3638 1820 3636 1550 3553 1821 3639 1739 3571 1638 3567 1639 3558 1822 3571 1638 3563 1823 3567 1639 3568 1640 3532 1740 3530 1824 3568 1640 3533 1641 3531 1741 3532 1740 3534 1552 3531 1741 3533 1641 3493 1825 3531 1741 3494 1642 3488 1643 3489 1826 3494 1642 3357 1742 3368 1827 3488 1643 3487 1467 3356 1743 3357 1742 3356 1743 3355 1644 3349 1828 3349 1828 3355 1644 3341 1645 3343 1646 3349 1828 3341 1645 3345 1744 3350 1829 3343 1646 3347 1745 3345 1744 3346 1556 3348 1647 3337 1830 3347 1745 3332 1648 3337 1830 3348 1647 3332 1648 3331 1746 3330 1831 3314 1558 3312 1747 3331 1746 3313 1649 3311 1832 3312 1747 3311 1832 3313 1649 3300 1748 3302 1833 3300 1748 3224 1650 3218 1749 3302 1833 3224 1650 3219 1750 3218 1749 3222 1559 3219 1750 3221 1561 3161 1751 3211 1563 3212 1752 3161 1751 3213 1753 3212 1752 3204 1565 3214 1754 3213 1753 3206 1566 3214 1754 3208 1567 3167 1755 3169 1568 3168 1756 3167 1755 3183 1834 3168 1756 3182 1651 3183 1834 3182 1651 3181 1757 3179 1571 3176 1758 3181 1757 3174 1652 3177 1835 3176 1758 3174 1652 1578 1653 1579 1759 1579 1759 1580 1476 1575 1760 1577 1654 1576 1836 1575 1760 1674 1655 1672 1837 1577 1654 1671 1761 1672 1837 1674 1655 1671 1761 1670 1656 1662 1838 1670 1656 1669 1657 1661 1839 1669 1657 1621 1658 1668 1840 1621 1658 1620 1659 1477 1841 1622 1660 1485 1842 1620 1659 1622 1660 1623 1661 1483 1843 1624 1662 1488 1844 1623 1661 1486 1762 1451 1845 1624 1662 1486 1762 1625 1575 1487 1846 1487 1846 1625 1575 1493 1763 1493 1763 1626 1576 1492 1847 1490 1764 1491 1848 1626 1576 1495 1849 1490 1764 1627 1663 1494 1850 1627 1663 820 1664 820 1664 821 1578 924 1851 923 1852 821 1578 922 1765 922 1765 919 1579 917 1853 920 1766 918 1854 919 1579 921 1855 920 1766 914 1580 915 1767 921 1855 914 1580 916 1856 915 1767 912 1581 913 1857 912 1581 911 1768 911 1768 909 1582 910 1858 910 1858 909 1582 908 1769 908 1769 906 1583 907 1859 907 1859 906 1583 905 1770 905 1770 904 1584 903 1860 986 1771 985 1861 904 1584 988 1862 986 1771 987 1665 989 1863 987 1665 983 1666 984 1864 983 1666 978 1667 980 1865 978 1667 976 1668 977 1866 976 1668 970 1669 972 1867 970 1669 968 1670 969 1868 968 1670 964 1671 964 1671 876 1772 888 1869 878 1492 877 1870 876 1772 879 1773 877 1870 878 1492 2893 1774 879 1773 880 1672 2893 1774 873 1673 2647 1775 2915 1871 2647 1775 2910 1587 2910 1587 2938 1776 2915 1871 2912 1675 2913 1777 2938 1776 2914 1872 2913 1777 2688 1676 2690 1778 2689 1873 2688 1676 2692 1590 2691 1677 2690 1778 2689 1873 2691 1677 2707 1779 2708 1592 2706 1780 2707 1779 2735 1781 2706 1780 2737 1593 2736 1678 2734 1874 2735 1781 2734 1874 2736 1678 2750 1679 2750 1679 2749 1782 2748 1875 2798 1876 2749 1782 2799 1680 2761 1681 2760 1877 2799 1680 2759 1878 2761 1681 2764 1682 2762 1783 2759 1878 2764 1682 2763 1505 2808 1784 2762 1783 2808 1784 2806 1683 2807 1879 2807 1879 2806 1683 2805 1785 2812 1786 2805 1785 2657 1595 2657 1595 2643 1684 2641 1685 2812 1786 2657 1595 2640 1597 2593 1686 2594 1787 2812 1786 2595 1788 2594 1787 2586 1507 2591 1880 2595 1788 2584 1687 2584 1687 2583 1688 2582 1881 2564 1882 2583 1688 2634 1689 2634 1689 2486 1690 2487 1789 2488 1883 2487 1789 2476 1691 2476 1691 2468 1692 2475 1884 2468 1692 2464 1693 2467 1885 2550 1886 2464 1693 2546 1790 2539 1598 2547 1887 2546 1790 2539 1598 2415 1791 2538 1888 2415 1791 2419 1694 2404 1600 2414 1889 2404 1600 2413 1792 2413 1792 2392 1695 2393 1890 2381 1517 2395 1891 2392 1695 2388 1697 2387 1892 2381 1517 2388 1697 2382 1697 3906 1793 2383 1602 3909 1893 3906 1793 3909 1893 2383 1602 3908 1794 3736 1698 3737 1699 3908 1794 3908 1794 3737 1699 3881 1700 3879 1701 3882 1894 3881 1700 3830 1702 3829 1895 3879 1701 3831 1703 3829 1895 3830 1702 3873 1896 3831 1703 3832 1704 3833 1705 3871 1897 3832 1704 3834 1795 3872 1898 3833 1705 3834 1795 3835 1706 4509 1899 4509 1899 3835 1706 3836 1707 3836 1707 3837 1708 4509 1899 3837 1708 3838 1709 4436 1900 3838 1709 3843 1796 4436 1900 4436 1900 3843 1796 3842 1710 3842 1710 3841 1711 4436 1900 3841 1711 3840 1712 4421 1901 3840 1712 3839 1713 4421 1901 3839 1713 3845 1797 4423 1902 3846 1798 3845 1797 3804 1615 4423 1902 3846 1798 3847 1714 3847 1714 3848 1799 4423 1902 3848 1799 3844 1715 4422 1903 3844 1715 3849 1800 4422 1903 4422 1903 3849 1800 3850 1716 3850 1716 3851 1717 4422 1903 3851 1717 3854 1801 4453 1904 3855 1802 3854 1801 3793 1618 4453 1904 3855 1802 3853 1718 3853 1718 3852 1803 4453 1904 3792 1621 3857 1804 3852 1803 4447 1905 3857 1804 3858 1719 3858 1719 3859 1720 4447 1905 3859 1720 3860 1721 4456 1906 3860 1721 3861 1722 4456 1906 4456 1906 3861 1722 3862 1723 3862 1723 3863 1724 4456 1906 3863 1724 3864 1725 4455 1907 3864 1725 3865 1726 4455 1907 4455 1907 3865 1726 3866 1805 3856 1806 3866 1805 3786 1624 3787 1727 3788 1807 3856 1806 3789 1908 3788 1807 2062 1728 2064 1729 2063 1909 2062 1728 2065 1626 1906 1808 2064 1729 1906 1808 1864 1627 1905 1809 1905 1809 1865 1628 1904 1810 1855 1811 1904 1810 2074 1629 2085 1812 1855 1811 2084 1630 1928 1910 2085 1812 1926 1730 1928 1910 1926 1730 1927 1731 1929 1911 1927 1731 2095 1813 2100 1814 2095 1813 2099 1632 2101 1912 2100 1814 1949 1732 1958 1913 1949 1732 1957 1733 1958 1913 1957 1733 1848 1815 2104 1634 2106 1816 1848 1815 2106 1816 2107 1734 3719 1735 3684 1817 3685 1914 3719 1735 3683 1818 3684 1817 3709 1547 3690 1736 3691 1915 3683 1818 3691 1915 3690 1736 3689 1737 3653 1738 3637 1819 3689 1737 3638 1820 3637 1819 3636 1550 3640 1916 3638 1820 3639 1739 3631 1917 3639 1739 3553 1821 3571 1638 3558 1822 3553 1821 3567 1639 3563 1823 3558 1822 3525 1918 3563 1823 3568 1640 3568 1640 3530 1824 3525 1918 3532 1740 3531 1741 3530 1824 3529 1919 3531 1741 3493 1825 3494 1642 3489 1826 3493 1825 3488 1643 3368 1827 3489 1826 3368 1827 3357 1742 3349 1828 3357 1742 3356 1743 3349 1828 3350 1829 3349 1828 3343 1646 3351 1920 3350 1829 3345 1744 3347 1745 3351 1920 3345 1744 3337 1830 3336 1921 3347 1745 3330 1831 3337 1830 3332 1648 3331 1746 3329 1922 3330 1831 3331 1746 3312 1747 3329 1922 3312 1747 3311 1832 3310 1923 3301 1924 3311 1832 3300 1748 3302 1833 3301 1924 3300 1748 3299 1925 3302 1833 3218 1749 3219 1750 3217 1926 3218 1749 3162 1927 3219 1750 3161 1751 3161 1751 3212 1752 3163 1928 3212 1752 3213 1753 3163 1928 3213 1753 3214 1754 3184 1929 3184 1929 3214 1754 3167 1755 3167 1755 3168 1756 3183 1834 3181 1757 3462 1930 3183 1834 3176 1758 3462 1930 3181 1757 3177 1835 1673 1931 3176 1758 3174 1652 1576 1836 3177 1835 1579 1759 1575 1760 3174 1652 1575 1760 1576 1836 3174 1652 1577 1654 1673 1931 1576 1836 1672 1837 1673 1931 1577 1654 1672 1837 1671 1761 1533 1932 1533 1932 1671 1761 1662 1838 1662 1838 1670 1656 1661 1839 1661 1839 1669 1657 1668 1840 1668 1840 1621 1658 1479 1933 1478 1934 1621 1658 1477 1841 1477 1841 1620 1659 1476 1935 1485 1842 1475 1936 1620 1659 1485 1842 1622 1660 1484 1937 1484 1937 1622 1660 1483 1843 1483 1843 1623 1661 1482 1938 1488 1844 1489 1939 1623 1661 1624 1662 1451 1845 1488 1844 1486 1762 560 1940 1451 1845 1487 1846 561 1941 1486 1762 1487 1846 1493 1763 561 1941 1493 1763 1492 1847 561 1941 1626 1576 1491 1848 1492 1847 440 1942 1491 1848 1490 1764 1490 1764 1495 1849 440 1942 1494 1850 1495 1849 1627 1663 925 1943 1494 1850 820 1664 925 1943 820 1664 924 1851 924 1851 821 1578 923 1852 923 1852 922 1765 237 1944 922 1765 917 1853 447 1945 919 1579 918 1854 917 1853 918 1854 920 1766 445 1946 920 1766 921 1855 451 1947 921 1855 915 1767 451 1947 915 1767 916 1856 449 1948 913 1857 916 1856 912 1581 913 1857 911 1768 461 1949 461 1949 911 1768 910 1858 908 1769 461 1949 910 1858 907 1859 459 1950 908 1769 905 1770 455 1951 907 1859 903 1860 465 1952 905 1770 904 1584 985 1861 903 1860 985 1861 986 1771 464 1953 464 1953 986 1771 988 1862 989 1863 988 1862 987 1665 981 1954 989 1863 983 1666 984 1864 982 1955 983 1666 979 1956 984 1864 978 1667 980 1865 979 1956 978 1667 974 1957 980 1865 976 1668 977 1866 975 1958 976 1668 971 1959 977 1866 970 1669 972 1867 971 1959 970 1669 966 1960 972 1867 968 1670 969 1868 967 1961 968 1670 965 1962 969 1868 964 1671 888 1869 965 1962 964 1671 888 1869 876 1772 887 1963 877 1870 883 1964 876 1772 879 1773 884 1965 877 1870 2894 1966 879 1773 2893 1774 2916 1967 2893 1774 2647 1775 2916 1967 2647 1775 2915 1871 2938 1776 2937 1968 2915 1871 2938 1776 2913 1777 2937 1968 2913 1777 2914 1872 2937 1968 2914 1872 2688 1676 2703 1969 2688 1676 2689 1873 2705 1970 2691 1677 2689 1873 2690 1778 2705 1970 2689 1873 2707 1779 2707 1779 2706 1780 2705 1970 2704 1971 2706 1780 2735 1781 2735 1781 2734 1874 2733 1972 2748 1875 2734 1874 2750 1679 2749 1782 2747 1973 2748 1875 2747 1973 2749 1782 2798 1876 2799 1680 2760 1877 2798 1876 2761 1681 2759 1878 2760 1877 2664 1974 2759 1878 2762 1783 2808 1784 2810 1975 2762 1783 2809 1976 2808 1784 2807 1879 2807 1879 2805 1785 2815 1977 2805 1785 2812 1786 2817 1978 2594 1787 2595 1788 2812 1786 2819 1979 2595 1788 2591 1880 2584 1687 2592 1980 2591 1880 2584 1687 2582 1881 2596 1981 2583 1688 2564 1882 2582 1881 2635 1982 2564 1882 2634 1689 2635 1982 2634 1689 2487 1789 2487 1789 2488 1883 2557 1983 2475 1884 2488 1883 2476 1691 2468 1692 2467 1885 2475 1884 2464 1693 2462 1984 2467 1885 2550 1886 2549 1985 2464 1693 3932 1986 2550 1886 2546 1790 2547 1887 3932 1986 2546 1790 2539 1598 2551 1987 2547 1887 2539 1598 2538 1888 2537 1988 2538 1888 2415 1791 2540 1989 2415 1791 2404 1600 2414 1889 2413 1792 3911 1990 2414 1889 3903 1991 2413 1792 2393 1890 2392 1695 2394 1992 2393 1890 2395 1891 2394 1992 2392 1695 2396 1993 2395 1891 2381 1517 2381 1517 2387 1892 2386 1994 3906 1793 2387 1892 2388 1697 3906 1793 3909 1893 3907 1995 3881 1700 3909 1893 3908 1794 3882 1894 3886 1996 3881 1700 3883 1997 3882 1894 3879 1701 3829 1895 3827 1998 3879 1701 3831 1703 3875 1999 3829 1895 3873 1896 3876 2000 3831 1703 3868 2001 3873 1896 3832 1704 3871 1897 3870 2002 3832 1704 3872 1898 3871 1897 3833 1705 3872 1898 3834 1795 4509 1899 3837 1708 4436 1900 4509 1899 3841 1711 4421 1901 4436 1900 3839 1713 4423 1902 4421 1901 3845 1797 3846 1798 4423 1902 3848 1799 4422 1903 4423 1902 3851 1717 4453 1904 4422 1903 3854 1801 3855 1802 4453 1904 3852 1803 4447 1905 4453 1904 3852 1803 3857 1804 4447 1905 3859 1720 4456 1906 4447 1905 3863 1724 4455 1907 4456 1906 4455 1907 3866 1805 4601 2003 3867 2004 3866 1805 3856 1806 3856 1806 3788 1807 3867 2004 3788 1807 3789 1908 3867 2004 3776 2005 3789 1908 2062 1728 2062 1728 2063 1909 3775 2006 2064 1729 2068 2007 2063 1909 1906 1808 2068 2007 2064 1729 1905 1809 2077 2008 1906 1808 1904 1810 2078 2009 1905 1809 2075 2010 1904 1810 1855 1811 1857 2011 1855 1811 2085 1812 2086 2012 2085 1812 1928 1910 1929 1911 1928 1910 1927 1731 1852 2013 1929 1911 2095 1813 1852 2013 2095 1813 2100 1814 2101 1912 1852 2013 2100 1814 1958 1913 2101 1912 1949 1732 1851 2014 1958 1913 1848 1815 2106 1816 2105 2015 1848 1815 3723 2016 2106 1816 3719 1735 3719 1735 3685 1914 3723 2016 3679 2017 3685 1914 3684 1817 3679 2017 3684 1817 3683 1818 3683 1818 3691 1915 3679 2017 3689 1737 3637 1819 3691 1915 3637 1819 3638 1820 3691 1915 3691 1915 3638 1820 3640 1916 3631 1917 3640 1916 3639 1739 3657 2018 3631 1917 3553 1821 3558 1822 3556 2019 3553 1821 3563 1823 3561 2020 3558 1822 3565 2021 3563 1823 3525 1918 3530 1824 3529 1919 3525 1918 3531 1741 3529 1919 3530 1824 3492 2022 3529 1919 3493 1825 3489 1826 3484 2023 3493 1825 3368 1827 3366 2024 3489 1826 3350 1829 3368 1827 3349 1828 3351 1920 3367 2025 3350 1829 3347 1745 3336 1921 3351 1920 3337 1830 3335 2026 3336 1921 3335 2026 3337 1830 3330 1831 3330 1831 3329 1922 3321 2027 3312 1747 3310 1923 3329 1922 3311 1832 3309 2028 3310 1923 3309 2028 3311 1832 3301 1924 3303 2029 3301 1924 3302 1833 3299 1925 3303 2029 3302 1833 3216 2030 3299 1925 3218 1749 3218 1749 3217 1926 3216 2030 3217 1926 3219 1750 3162 1927 3163 1928 3162 1927 3161 1751 3163 1928 3213 1753 3184 1929 3184 1929 3167 1755 3183 1834 3462 1930 3461 2031 3183 1834 3176 1758 3441 2032 3462 1930 1673 1931 3441 2032 3176 1758 1576 1836 1673 1931 3177 1835 1673 1931 1672 1837 1531 2033 1531 2033 1672 1837 1533 1932 1664 2034 1533 1932 1662 1838 1663 2035 1662 1838 1661 1839 1660 2036 1661 1839 1668 1840 1479 1933 1480 2037 1668 1840 1479 1933 1621 1658 1478 1934 1478 1934 1477 1841 435 2038 435 2038 1477 1841 1476 1935 1620 1659 1475 1936 1476 1935 1475 1936 1485 1842 435 2038 1485 1842 1484 1937 435 2038 1484 1937 1483 1843 247 2039 1483 1843 1482 1938 246 2040 1623 1661 1489 1939 1482 1938 1489 1939 1488 1844 542 2041 1488 1844 1451 1845 244 2042 1451 1845 560 1940 243 2043 561 1941 560 1940 1486 1762 561 1941 1492 1847 441 2044 1492 1847 1491 1848 441 2044 441 2044 1491 1848 440 1942 1495 1849 1494 1850 440 1942 1494 1850 925 1943 241 2045 925 1943 924 1851 240 2046 924 1851 923 1852 237 1944 237 1944 922 1765 447 1945 447 1945 917 1853 446 2047 917 1853 918 1854 446 2047 446 2047 918 1854 445 1946 445 1946 920 1766 451 1947 451 1947 915 1767 449 1948 449 1948 916 1856 462 2048 916 1856 913 1857 462 2048 462 2048 913 1857 461 1949 459 1950 461 1949 908 1769 457 2049 459 1950 907 1859 455 1951 457 2049 907 1859 465 1952 455 1951 905 1770 464 1953 465 1952 903 1860 903 1860 985 1861 464 1953 988 1862 989 1863 464 1953 981 1954 470 2050 989 1863 983 1666 982 1955 981 1954 984 1864 471 2051 982 1955 979 1956 471 2051 984 1864 980 1865 473 2052 979 1956 974 1957 477 2053 980 1865 976 1668 975 1958 974 1957 977 1866 480 2054 975 1958 971 1959 482 2055 977 1866 972 1867 234 2056 971 1959 966 1960 234 2056 972 1867 968 1670 967 1961 966 1960 967 1961 969 1868 486 2057 969 1868 965 1962 486 2057 965 1962 888 1869 484 2058 888 1869 887 1963 231 2059 887 1963 876 1772 886 2060 883 1964 882 2061 876 1772 884 1965 883 1964 877 1870 2894 1966 884 1965 879 1773 2906 2062 2894 1966 2893 1774 2906 2062 2893 1774 2916 1967 2917 2063 2916 1967 2915 1871 2915 1871 2937 1968 2917 2063 2937 1968 2914 1872 2936 2064 2927 2065 2914 1872 2703 1969 2703 1969 2688 1676 2705 1970 2706 1780 2704 1971 2705 1970 2733 1972 2704 1971 2735 1781 2734 1874 2732 2066 2733 1972 2732 2066 2734 1874 2748 1875 2748 1875 2747 1973 2746 2067 2797 2068 2747 1973 2798 1876 2760 1877 2721 2069 2798 1876 2760 1877 2759 1878 2758 2070 2759 1878 2664 1974 2758 2070 2768 2071 2664 1974 2762 1783 2762 1783 2810 1975 2768 2071 2810 1975 2808 1784 2809 1976 2809 1976 2807 1879 2813 2072 2813 2072 2807 1879 2815 1977 2815 1977 2805 1785 2817 1978 2817 1978 2812 1786 2819 1979 2812 1786 2595 1788 2819 1979 2819 1979 2591 1880 2820 2073 2591 1880 2592 1980 2820 2073 2592 1980 2584 1687 2596 1981 2596 1981 2582 1881 2574 2074 2582 1881 2564 1882 2562 2075 2563 2076 2564 1882 2635 1982 2557 1983 2635 1982 2487 1789 2488 1883 2489 2077 2557 1983 2489 2077 2488 1883 2475 1884 2475 1884 2467 1885 2461 2078 2467 1885 2462 1984 2466 2079 2464 1693 2463 2080 2462 1984 2549 1985 2548 2081 2464 1693 3914 2082 2549 1985 2550 1886 3914 2082 2550 1886 3932 1986 3930 2083 3932 1986 2547 1887 2551 1987 3930 2083 2547 1887 2552 2084 2551 1987 2539 1598 2537 1988 2552 2084 2539 1598 2538 1888 3924 2085 2537 1988 2540 1989 3926 2086 2538 1888 2415 1791 2416 2087 2540 1989 2416 2087 2415 1791 2414 1889 2414 1889 3911 1990 2416 2087 3911 1990 2413 1792 3903 1991 3903 1991 2393 1890 3900 2088 2393 1890 2394 1992 3900 2088 2394 1992 2395 1891 3897 2089 2395 1891 2396 1993 3907 1995 2386 1994 2396 1993 2381 1517 2386 1994 2387 1892 3906 1793 3907 1995 2396 1993 3906 1793 3909 1893 3889 2090 3907 1995 3881 1700 3826 2091 3909 1893 3886 1996 3826 2091 3881 1700 3886 1996 3882 1894 4487 2092 4487 2092 3882 1894 3883 1997 3877 2093 3883 1997 3879 1701 3879 1701 3827 1998 3880 2094 3829 1895 3828 2095 3827 1998 3875 1999 3874 2096 3829 1895 3876 2000 3875 1999 3831 1703 4489 2097 3876 2000 3873 1896 3873 1896 3868 2001 4489 2097 3869 2098 3868 2001 3832 1704 3832 1704 3870 2002 3869 2098 4522 2099 3870 2002 3871 1897 3871 1897 3872 1898 4522 2099 3872 1898 4509 1899 4522 2099 4509 1899 4436 1900 4520 2100 4436 1900 4421 1901 4435 2101 4421 1901 4423 1902 4434 2102 4423 1902 4422 1903 4441 2103 4422 1903 4453 1904 4446 2104 4453 1904 4447 1905 4452 2105 4447 1905 4456 1906 4451 2106 4456 1906 4455 1907 4454 2107 4602 2108 4455 1907 4601 2003 4601 2003 3866 1805 3867 2004 3867 2004 3789 1908 4324 2109 3789 1908 3776 2005 4324 2109 3776 2005 2062 1728 3775 2006 3775 2006 2063 1909 3774 2110 2063 1909 2068 2007 3774 2110 1906 1808 2076 2111 2068 2007 2077 2008 2076 2111 1906 1808 2078 2009 2077 2008 1905 1809 2079 2112 2078 2009 1904 1810 2075 2010 2079 2112 1904 1810 1856 2113 2075 2010 1855 1811 1857 2011 1856 2113 1855 1811 2086 2012 1857 2011 2085 1812 1928 1910 2087 2114 2086 2012 1929 1911 2088 2115 1928 1910 2090 2116 1929 1911 1852 2013 1854 2117 1852 2013 2101 1912 2102 2118 2101 1912 1958 1913 2103 2119 1958 1913 1851 2014 1851 2014 1848 1815 1849 2120 1848 1815 2105 2015 1850 2121 2105 2015 2106 1816 3723 2016 3685 1914 3686 2122 3723 2016 3686 2122 3685 1914 3679 2017 3691 1915 3640 1916 3679 2017 3641 2123 3640 1916 3631 1917 3656 2124 3631 1917 3657 2018 3553 1821 3658 2125 3657 2018 3553 1821 3556 2019 3552 2126 3558 1822 3557 2127 3556 2019 3558 1822 3561 2020 3560 2128 3563 1823 3562 2129 3561 2020 3565 2021 3564 2130 3563 1823 3566 2131 3565 2021 3525 1918 3529 1919 3524 2132 3525 1918 3524 2132 3529 1919 3492 2022 3493 1825 3484 2023 3492 2022 3489 1826 3366 2024 3484 2023 3368 1827 3367 2025 3366 2024 3367 2025 3368 1827 3350 1829 3336 1921 3367 2025 3351 1920 3336 1921 3335 2026 3334 2133 3321 2027 3335 2026 3330 1831 3329 1922 3310 1923 3321 2027 3310 1923 3309 2028 3308 2134 3304 2135 3309 2028 3301 1924 3303 2029 3304 2135 3301 1924 3298 2136 3303 2029 3299 1925 3297 2137 3299 1925 3216 2030 3217 1926 3457 2138 3216 2030 3162 1927 3458 2139 3217 1926 3163 1928 3459 2140 3162 1927 3184 1929 3460 2141 3163 1928 3183 1834 3461 2031 3184 1929 3462 1930 3443 2142 3461 2031 3441 2032 3443 2142 3462 1930 1673 1931 1566 2143 3441 2032 1566 2143 1673 1931 1531 2033 1533 1932 1532 2144 1531 2033 1532 2144 1533 1932 1664 2034 1664 2034 1662 1838 1663 2035 1663 2035 1661 1839 1660 2036 1668 1840 1470 2145 1660 2036 1480 2037 1481 2146 1668 1840 1480 2037 1479 1933 438 2147 1479 1933 1478 1934 436 2148 436 2148 1478 1934 435 2038 435 2038 1476 1935 1475 1936 435 2038 1484 1937 247 2039 247 2039 1483 1843 246 2040 246 2040 1482 1938 542 2041 1482 1938 1489 1939 542 2041 542 2041 1488 1844 244 2042 244 2042 1451 1845 243 2043 560 1940 559 2149 243 2043 561 1941 559 2149 560 1940 441 2044 443 2150 561 1941 441 2044 440 1942 242 2151 440 1942 1494 1850 241 2045 241 2045 925 1943 240 2046 240 2046 924 1851 237 1944 237 1944 447 1945 239 2152 447 1945 446 2047 239 2152 239 2152 446 2047 445 1946 451 1947 453 2153 445 1946 451 1947 449 1948 450 2154 449 1948 462 2048 448 2155 462 2048 461 1949 448 2155 461 1949 459 1950 460 2156 459 1950 457 2049 458 2157 457 2049 455 1951 456 2158 455 1951 465 1952 454 2159 465 1952 464 1953 454 2159 464 1953 989 1863 463 2160 470 2050 468 2161 989 1863 471 2051 470 2050 981 1954 982 1955 471 2051 981 1954 473 2052 471 2051 979 1956 980 1865 475 2162 473 2052 477 2053 475 2162 980 1865 479 2163 477 2053 974 1957 975 1958 479 2163 974 1957 480 2054 479 2163 975 1958 482 2055 480 2054 977 1866 234 2056 482 2055 971 1959 234 2056 966 1960 487 2164 966 1960 967 1961 487 2164 487 2164 967 1961 486 2057 486 2057 965 1962 484 2058 484 2058 888 1869 231 2059 231 2059 887 1963 233 2165 887 1963 886 2060 233 2165 876 1772 881 2166 886 2060 876 1772 882 2061 881 2166 2889 2167 882 2061 883 1964 2894 1966 883 1964 884 1965 2897 2168 2894 1966 2906 2062 2918 2169 2906 2062 2916 1967 2918 2169 2916 1967 2917 2063 2937 1968 2936 2064 2917 2063 2914 1872 2927 2065 2936 2064 2927 2065 2703 1969 2731 2170 2705 1970 2704 1971 2703 1969 2703 1969 2704 1971 2733 1972 2733 1972 2732 2066 2731 2170 2746 2067 2732 2066 2748 1875 2746 2067 2747 1973 2797 2068 2798 1876 2721 2069 2797 2068 2760 1877 2758 2070 2721 2069 2758 2070 2664 1974 2660 2171 2663 2172 2664 1974 2768 2071 2810 1975 2811 2173 2768 2071 2811 2173 2810 1975 2809 1976 2822 2174 2809 1976 2813 2072 2815 1977 2814 2175 2813 2072 2817 1978 2816 2176 2815 1977 2819 1979 2818 2177 2817 1978 2820 2073 2818 2177 2819 1979 2592 1980 2596 1981 2820 2073 2596 1981 2574 2074 2655 2178 2582 1881 2562 2075 2574 2074 2564 1882 2563 2076 2562 2075 2557 1983 2563 2076 2635 1982 2489 2077 2490 2179 2557 1983 2461 2078 2489 2077 2475 1884 2467 1885 2469 2180 2461 2078 2466 2079 2471 2181 2467 1885 3939 2182 2466 2079 2462 1984 2463 2080 3939 2182 2462 1984 2465 2183 2463 2080 2464 1693 2464 1693 2548 2081 2465 2183 2549 1985 3914 2082 2548 2081 3921 2184 3914 2082 3932 1986 3932 1986 3930 2083 3931 2185 2552 2084 3930 2083 2551 1987 3924 2085 2552 2084 2537 1988 3926 2086 3924 2085 2538 1888 3911 1990 3926 2086 2540 1989 2416 2087 3911 1990 2540 1989 3904 2186 3911 1990 3903 1991 3900 2088 3904 2186 3903 1991 3900 2088 2394 1992 3897 2089 3897 2089 2395 1891 3907 1995 2396 1993 2386 1994 3906 1793 3907 1995 3889 2090 3897 2089 3909 1893 3824 2187 3889 2090 3826 2091 3824 2187 3909 1893 3886 1996 3885 2188 3826 2091 4485 2189 3886 1996 4487 2092 4487 2092 3883 1997 4337 2190 4337 2190 3883 1997 3877 2093 3879 1701 3878 2191 3877 2093 3880 2094 3878 2191 3879 1701 3880 2094 3827 1998 4508 2192 3827 1998 3828 2095 4503 2193 3829 1895 3874 2096 3828 2095 3874 2096 3875 1999 4503 2193 3875 1999 3876 2000 4489 2097 3868 2001 4522 2099 4489 2097 3868 2001 3869 2098 4522 2099 3869 2098 3870 2002 4522 2099 4522 2099 4509 1899 4521 2194 4509 1899 4520 2100 4521 2194 4436 1900 4435 2101 4520 2100 4421 1901 4434 2102 4435 2101 4423 1902 4441 2103 4434 2102 4422 1903 4446 2104 4441 2103 4453 1904 4452 2105 4446 2104 4447 1905 4451 2106 4452 2105 4456 1906 4454 2107 4451 2106 4454 2107 4455 1907 4602 2108 4601 2003 5218 2195 4602 2108 3867 2004 4324 2109 4601 2003 4324 2109 3776 2005 3775 2006 3775 2006 3774 2110 4322 2196 3774 2110 2068 2007 3773 2197 2076 2111 3778 2198 2068 2007 2077 2008 3779 2199 2076 2111 2078 2009 3771 2200 2077 2008 2078 2009 2079 2112 3767 2201 2079 2112 2075 2010 3766 2202 1856 2113 3769 2203 2075 2010 1857 2011 3762 2204 1856 2113 2086 2012 3763 2205 1857 2011 2086 2012 2087 2114 3760 2206 2088 2115 2087 2114 1928 1910 2089 2207 2088 2115 1929 1911 2090 2116 2089 2207 1929 1911 1853 2208 2090 2116 1852 2013 1854 2117 1853 2208 1852 2013 2102 2118 1854 2117 2101 1912 2103 2119 2102 2118 1958 1913 2103 2119 1851 2014 3743 2209 1851 2014 1849 2120 3742 2210 1850 2121 1849 2120 1848 1815 1850 2121 2105 2015 3725 2211 3725 2211 2105 2015 3723 2016 3686 2122 3732 2212 3723 2016 3681 2213 3686 2122 3679 2017 3679 2017 3640 1916 3641 2123 3629 2214 3641 2123 3631 1917 3656 2124 3655 2215 3631 1917 4246 2216 3656 2124 3657 2018 3658 2125 4211 2217 3657 2018 3659 2218 3658 2125 3553 1821 3554 2219 3553 1821 3552 2126 3552 2126 3556 2019 4238 2220 4238 2220 3556 2019 3557 2127 3559 2221 3557 2127 3558 1822 3560 2128 3559 2221 3558 1822 3560 2128 3561 2020 4256 2222 3561 2020 3562 2129 4256 2222 3564 2130 3562 2129 3563 1823 4230 2223 3564 2130 3565 2021 3566 2131 4215 2224 3565 2021 3525 1918 3523 2225 3566 2131 3525 1918 3524 2132 3523 2225 3491 2226 3524 2132 3492 2022 3484 2023 3485 2227 3492 2022 3366 2024 3369 2228 3484 2023 3367 2025 3369 2228 3366 2024 3334 2133 3367 2025 3336 1921 3334 2133 3335 2026 3321 2027 3310 1923 3308 2134 3321 2027 3308 2134 3309 2028 3304 2135 3305 2229 3304 2135 3303 2029 3306 2230 3303 2029 3298 2136 3299 1925 3297 2137 3298 2136 3396 2231 3297 2137 3216 2030 3457 2138 3446 2232 3216 2030 3458 2139 3457 2138 3217 1926 3459 2140 3458 2139 3162 1927 3460 2141 3459 2140 3163 1928 3461 2031 3460 2141 3184 1929 3443 2142 3454 2233 3461 2031 3443 2142 3441 2032 3442 2234 1566 2143 1567 2235 3441 2032 1531 2033 1567 2235 1566 2143 1532 2144 1570 2236 1531 2033 1666 2237 1532 2144 1664 2034 1665 2238 1664 2034 1663 2035 1659 2239 1663 2035 1660 2036 1470 2145 1471 2240 1660 2036 1668 1840 1481 2146 1470 2145 1481 2146 1480 2037 249 2241 249 2241 1480 2037 438 2147 438 2147 1479 1933 436 2148 437 2242 436 2148 435 2038 247 2039 248 2243 435 2038 248 2243 247 2039 246 2040 542 2041 245 2244 246 2040 244 2042 245 2244 542 2041 245 2244 244 2042 243 2043 559 2149 558 2245 243 2043 561 1941 443 2150 559 2149 443 2150 441 2044 442 2246 442 2246 441 2044 242 2151 242 2151 440 1942 241 2045 242 2151 241 2045 240 2046 237 1944 444 2247 240 2046 239 2152 238 2248 237 1944 445 1946 453 2153 239 2152 453 2153 451 1947 452 2249 452 2249 451 1947 450 2154 450 2154 449 1948 448 2155 448 2155 461 1949 460 2156 460 2156 459 1950 458 2157 458 2157 457 2049 456 2158 456 2158 455 1951 454 2159 454 2159 464 1953 463 2160 989 1863 468 2161 463 2160 470 2050 469 2250 468 2161 471 2051 469 2250 470 2050 473 2052 472 2251 471 2051 475 2162 474 2252 473 2052 477 2053 476 2253 475 2162 479 2163 478 2254 477 2053 480 2054 478 2254 479 2163 482 2055 481 2255 480 2054 235 2256 482 2055 234 2056 234 2056 487 2164 236 2257 487 2164 486 2057 236 2257 486 2057 484 2058 485 2258 232 2259 484 2058 231 2059 233 2165 232 2259 231 2059 886 2060 885 2260 233 2165 886 2060 881 2166 885 2260 881 2166 882 2061 2889 2167 2889 2167 883 1964 2894 1966 2897 2168 2889 2167 2894 1966 2907 2261 2897 2168 2906 2062 2907 2261 2906 2062 2918 2169 2919 2262 2918 2169 2917 2063 2917 2063 2936 2064 2919 2262 2936 2064 2927 2065 2935 2263 2928 2264 2927 2065 2731 2170 2731 2170 2703 1969 2733 1972 2731 2170 2732 2066 2746 2067 2720 2265 2746 2067 2797 2068 2721 2069 2722 2266 2797 2068 2721 2069 2758 2070 2723 2267 2758 2070 2660 2171 2723 2267 2664 1974 2662 2268 2660 2171 2664 1974 2663 2172 2662 2268 2769 2269 2663 2172 2768 2071 2768 2071 2811 2173 2769 2269 2811 2173 2809 1976 2822 2174 2822 2174 2813 2072 2821 2270 2813 2072 2814 2175 2821 2270 2816 2176 2814 2175 2815 1977 2818 2177 2816 2176 2817 1978 2820 2073 2655 2178 2818 2177 2596 1981 2655 2178 2820 2073 2574 2074 2575 2271 2655 2178 2574 2074 2562 2075 2570 2272 2562 2075 2563 2076 2570 2272 2569 2273 2563 2076 2557 1983 2557 1983 2490 2179 2629 2274 2490 2179 2489 2077 2461 2078 2461 2078 2469 2180 2460 2275 2467 1885 2470 2276 2469 2180 2471 2181 2470 2276 2467 1885 2466 2079 3967 2277 2471 2181 3967 2277 2466 2079 3939 2182 3942 2278 3939 2182 2463 2080 2465 2183 3942 2278 2463 2080 2548 2081 3914 2082 2465 2183 3942 2278 3914 2082 3921 2184 3921 2184 3932 1986 3933 2279 3933 2279 3932 1986 3931 2185 3931 2185 3930 2083 3929 2280 3930 2083 2552 2084 3924 2085 3924 2085 3926 2086 3927 2281 3911 1990 3912 2282 3926 2086 3912 2282 3911 1990 3904 2186 3905 2283 3904 2186 3900 2088 3897 2089 3901 2284 3900 2088 3889 2090 3887 2285 3897 2089 3824 2187 3910 2286 3889 2090 3826 2091 3825 2287 3824 2187 3885 2188 3884 2288 3826 2091 3885 2188 3886 1996 4485 2189 4487 2092 4486 2289 4485 2189 4475 2290 4487 2092 4337 2190 4337 2190 3877 2093 3878 2191 4508 2192 3878 2191 3880 2094 3827 1998 4503 2193 4508 2192 4503 2193 3828 2095 3874 2096 3875 1999 4490 2291 4503 2193 4490 2291 3875 1999 4489 2097 4489 2097 4522 2099 4491 2292 4522 2099 4521 2194 4491 2292 4521 2194 4520 2100 4519 2293 4520 2100 4435 2101 4518 2294 4435 2101 4434 2102 4433 2295 4434 2102 4441 2103 4432 2296 4441 2103 4446 2104 4440 2297 4446 2104 4452 2105 4445 2298 4452 2105 4451 2106 4450 2299 4451 2106 4454 2107 4449 2300 4603 2301 4454 2107 4602 2108 5218 2195 5219 2302 4602 2108 4324 2109 5218 2195 4601 2003 4324 2109 3775 2006 4323 2303 4323 2303 3775 2006 4322 2196 4322 2196 3774 2110 4321 2304 3774 2110 3773 2197 4321 2304 2068 2007 3777 2305 3773 2197 3778 2198 3777 2305 2068 2007 3779 2199 3778 2198 2076 2111 3780 2306 3779 2199 2077 2008 3771 2200 3780 2306 2077 2008 3772 2307 3771 2200 2078 2009 3767 2201 3772 2307 2078 2009 3767 2201 2079 2112 3766 2202 3766 2202 2075 2010 3765 2308 3769 2203 3768 2309 2075 2010 3770 2310 3769 2203 1856 2113 3762 2204 3770 2310 1856 2113 3763 2205 3762 2204 1857 2011 3764 2311 3763 2205 2086 2012 3761 2312 2086 2012 3760 2206 3760 2206 2087 2114 3759 2313 2087 2114 2088 2115 3758 2314 2088 2115 2089 2207 3757 2315 2090 2116 3755 2316 2089 2207 1853 2208 3747 2317 2090 2116 1854 2117 3748 2318 1853 2208 2102 2118 3751 2319 1854 2117 2103 2119 3745 2320 2102 2118 3744 2321 2103 2119 3743 2209 3743 2209 1851 2014 3742 2210 3742 2210 1849 2120 3739 2322 1850 2121 3741 2323 1849 2120 1850 2121 3725 2211 4262 2324 3723 2016 3726 2325 3725 2211 3723 2016 3732 2212 3731 2326 3686 2122 3733 2327 3732 2212 3681 2213 3734 2328 3686 2122 3681 2213 3679 2017 3680 2329 3641 2123 3629 2214 3679 2017 3631 1917 3630 2330 3629 2214 3655 2215 3654 2331 3631 1917 4249 2332 3655 2215 3656 2124 4249 2332 3656 2124 4246 2216 3657 2018 4211 2217 4246 2216 4211 2217 3658 2125 3659 2218 3555 2333 3659 2218 3553 1821 3555 2333 3553 1821 3554 2219 3554 2219 3552 2126 4235 2334 4235 2334 3552 2126 4238 2220 3557 2127 4256 2222 4238 2220 3559 2221 4256 2222 3557 2127 4256 2222 3559 2221 3560 2128 4256 2222 3562 2129 4230 2223 3562 2129 3564 2130 4230 2223 3565 2021 4215 2224 4230 2223 3521 2335 4215 2224 3566 2131 3566 2131 3523 2225 3521 2335 3524 2132 3522 2336 3523 2225 3528 2337 3524 2132 3491 2226 3492 2022 3485 2227 3491 2226 3485 2227 3484 2023 3380 2338 3484 2023 3369 2228 3379 2339 3370 2340 3369 2228 3367 2025 3371 2341 3367 2025 3334 2133 3322 2342 3334 2133 3321 2027 3321 2027 3308 2134 3323 2343 3305 2229 3308 2134 3304 2135 3306 2230 3305 2229 3303 2029 3296 2344 3306 2230 3298 2136 3298 2136 3297 2137 3296 2344 3295 2345 3297 2137 3396 2231 3216 2030 3444 2346 3396 2231 3446 2232 3444 2346 3216 2030 3448 2347 3446 2232 3457 2138 3458 2139 3448 2347 3457 2138 3459 2140 3450 2348 3458 2139 3460 2141 3452 2349 3459 2140 3461 2031 3454 2233 3460 2141 3443 2142 3455 2350 3454 2233 3442 2234 3456 2351 3443 2142 3441 2032 1569 2352 3442 2234 3441 2032 1567 2235 1568 2353 1568 2353 1567 2235 1531 2033 1570 2236 1569 2352 1531 2033 1571 2354 1570 2236 1532 2144 1572 2355 1532 2144 1666 2237 1666 2237 1664 2034 1665 2238 1665 2238 1663 2035 1659 2239 1660 2036 1472 2356 1659 2239 1660 2036 1471 2240 1472 2356 1471 2240 1470 2145 249 2241 1470 2145 1481 2146 249 2241 438 2147 439 2357 249 2241 438 2147 436 2148 437 2242 435 2038 248 2243 437 2242 246 2040 541 2358 248 2243 245 2244 541 2358 246 2040 243 2043 558 2245 245 2244 559 2149 581 2359 558 2245 443 2150 581 2359 559 2149 442 2246 612 2360 443 2150 242 2151 613 2361 442 2246 240 2046 444 2247 242 2151 444 2247 237 1944 238 2248 239 2152 664 2362 238 2248 453 2153 664 2362 239 2152 452 2249 726 2363 453 2153 450 2154 727 2364 452 2249 448 2155 728 2365 450 2154 460 2156 729 2366 448 2155 458 2157 730 2367 460 2156 456 2158 731 2368 458 2157 454 2159 665 2369 456 2158 463 2160 466 2370 454 2159 468 2161 467 2371 463 2160 469 2250 467 2371 468 2161 472 2251 469 2250 471 2051 474 2252 472 2251 473 2052 476 2253 474 2252 475 2162 478 2254 476 2253 477 2053 481 2255 478 2254 480 2054 481 2255 482 2055 235 2256 236 2257 235 2256 234 2056 236 2257 486 2057 485 2258 485 2258 484 2058 483 2372 483 2372 484 2058 232 2259 488 2373 232 2259 233 2165 233 2165 885 2260 488 2373 881 2166 891 2374 885 2260 2889 2167 891 2374 881 2166 2891 2375 2889 2167 2897 2168 2898 2376 2897 2168 2907 2261 2920 2377 2907 2261 2918 2169 2920 2377 2918 2169 2919 2262 2936 2064 2935 2263 2919 2262 2927 2065 2928 2264 2935 2263 2928 2264 2731 2170 2929 2378 2929 2378 2731 2170 2746 2067 2930 2379 2746 2067 2720 2265 2797 2068 2722 2266 2720 2265 2723 2267 2722 2266 2721 2069 2723 2267 2660 2171 2725 2380 2660 2171 2662 2268 2659 2381 2662 2268 2663 2172 2793 2382 2793 2382 2663 2172 2769 2269 2769 2269 2811 2173 2802 2383 2802 2383 2811 2173 2822 2174 2822 2174 2821 2270 2803 2384 2821 2270 2814 2175 2656 2385 2814 2175 2816 2176 2656 2385 2655 2178 2816 2176 2818 2177 2655 2178 2575 2271 2654 2386 2570 2272 2575 2271 2574 2074 2570 2272 2563 2076 2569 2273 2629 2274 2569 2273 2557 1983 2490 2179 2477 2387 2629 2274 2477 2387 2490 2179 2461 2078 2461 2078 2460 2275 2459 2388 3949 2389 2460 2275 2469 2180 2470 2276 3949 2389 2469 2180 2471 2181 3967 2277 2470 2276 3937 2390 3967 2277 3939 2182 3942 2278 3941 2391 3939 2182 3914 2082 3942 2278 2465 2183 3919 2392 3942 2278 3921 2184 3934 2393 3921 2184 3933 2279 3933 2279 3931 2185 4655 2394 3931 2185 3929 2280 4655 2394 3929 2280 3930 2083 3922 2395 3922 2395 3930 2083 3924 2085 3928 2396 3924 2085 3927 2281 3927 2281 3926 2086 3925 2397 3912 2282 3913 2398 3926 2086 3905 2283 3912 2282 3904 2186 3898 2399 3905 2283 3900 2088 3901 2284 3899 2400 3900 2088 3902 2401 3901 2284 3897 2089 3897 2089 3887 2285 3896 2402 3889 2090 3888 2403 3887 2285 3889 2090 3910 2286 3891 2404 4483 2405 3910 2286 3824 2187 3824 2187 3825 2287 4483 2405 3826 2091 3884 2288 3825 2287 3884 2288 3885 2188 4485 2189 4486 2289 4484 2406 4485 2189 4486 2289 4487 2092 4475 2290 4337 2190 4476 2407 4475 2290 4337 2190 3878 2191 4508 2192 4508 2192 4503 2193 4465 2408 4503 2193 4490 2291 4507 2409 4491 2292 4490 2291 4489 2097 4491 2292 4521 2194 4493 2410 4521 2194 4519 2293 4493 2410 4520 2100 4518 2294 4519 2293 4435 2101 4433 2295 4518 2294 4434 2102 4432 2296 4433 2295 4441 2103 4440 2297 4432 2296 4446 2104 4445 2298 4440 2297 4452 2105 4450 2299 4445 2298 4451 2106 4449 2300 4450 2299 4454 2107 4457 2411 4449 2300 4457 2411 4454 2107 4603 2301 4602 2108 5219 2302 4603 2301 5219 2302 5218 2195 5083 2412 4324 2109 4323 2303 5218 2195 5218 2195 4323 2303 4322 2196 4999 2413 4322 2196 4321 2304 4321 2304 3773 2197 4320 2414 3773 2197 3777 2305 4320 2414 3777 2305 3778 2198 4319 2415 3778 2198 3779 2199 4318 2416 4318 2416 3779 2199 3780 2306 3780 2306 3771 2200 4317 2417 3771 2200 3772 2307 4316 2418 3772 2307 3767 2201 4315 2419 3767 2201 3766 2202 4314 2420 3766 2202 3765 2308 4313 2421 2075 2010 3768 2309 3765 2308 4309 2422 3768 2309 3769 2203 3770 2310 4309 2422 3769 2203 3762 2204 4310 2423 3770 2310 4265 2424 3762 2204 3763 2205 3764 2311 4265 2424 3763 2205 3761 2312 3764 2311 2086 2012 3761 2312 3760 2206 4306 2425 3760 2206 3759 2313 4306 2425 3759 2313 2087 2114 3758 2314 3758 2314 2088 2115 3757 2315 3757 2315 2089 2207 3753 2426 3755 2316 3754 2427 2089 2207 3756 2428 3755 2316 2090 2116 3747 2317 3756 2428 2090 2116 3748 2318 3747 2317 1853 2208 3749 2429 3748 2318 1854 2117 3751 2319 3750 2430 1854 2117 3752 2431 3751 2319 2102 2118 3745 2320 3752 2431 2102 2118 3746 2432 3745 2320 2103 2119 3744 2321 3746 2432 2103 2119 3744 2321 3743 2209 4325 2433 3743 2209 3742 2210 4281 2434 3742 2210 3739 2322 4281 2434 1849 2120 3740 2435 3739 2322 3741 2323 3740 2435 1849 2120 3741 2323 1850 2121 4262 2324 4262 2324 3725 2211 3726 2325 3727 2436 3726 2325 3723 2016 3731 2326 3730 2437 3723 2016 3731 2326 3732 2212 4326 2438 4326 2438 3732 2212 3733 2327 3734 2328 3733 2327 3686 2122 3682 2439 3734 2328 3681 2213 3682 2439 3681 2213 3680 2329 3680 2329 3679 2017 3678 2440 3629 2214 3630 2330 3679 2017 3631 1917 3634 2441 3630 2330 3631 1917 3654 2331 3635 2442 3654 2331 3655 2215 4249 2332 4247 2443 4249 2332 4246 2216 4211 2217 4235 2334 4246 2216 3659 2218 3555 2333 4211 2217 3555 2333 3554 2219 4211 2217 4211 2217 3554 2219 4235 2334 4238 2220 4237 2444 4235 2334 4256 2222 4230 2223 4238 2220 4215 2224 4216 2445 4230 2223 4216 2445 4215 2224 3521 2335 3523 2225 3522 2336 3521 2335 3524 2132 3526 2446 3522 2336 3528 2337 3527 2447 3524 2132 3478 2448 3528 2337 3491 2226 3485 2227 3480 2449 3491 2226 3381 2450 3485 2227 3380 2338 3380 2338 3484 2023 3379 2339 3370 2340 3379 2339 3369 2228 3371 2341 3370 2340 3367 2025 3358 2451 3371 2341 3334 2133 3358 2451 3334 2133 3322 2342 3323 2343 3322 2342 3321 2027 3323 2343 3308 2134 3305 2229 3307 2452 3305 2229 3306 2230 3395 2453 3306 2230 3296 2344 3297 2137 3295 2345 3296 2344 3295 2345 3396 2231 3153 2454 3444 2346 3445 2455 3396 2231 3446 2232 3445 2455 3444 2346 3448 2347 3447 2456 3446 2232 3450 2348 3448 2347 3458 2139 3452 2349 3450 2348 3459 2140 3454 2233 3452 2349 3460 2141 3455 2350 3453 2457 3454 2233 3456 2351 3455 2350 3443 2142 3440 2458 3456 2351 3442 2234 3442 2234 1569 2352 1570 2236 3441 2032 1568 2353 1569 2352 1531 2033 1569 2352 1568 2353 1571 2354 3440 2458 1570 2236 1572 2355 1571 2354 1532 2144 1554 2459 1572 2355 1666 2237 1667 2460 1666 2237 1665 2238 1658 2461 1665 2238 1659 2239 1472 2356 1473 2462 1659 2239 250 2463 1472 2356 1471 2240 250 2463 1471 2240 249 2241 249 2241 439 2357 251 2464 439 2357 438 2147 437 2242 248 2243 527 2465 437 2242 541 2358 540 2466 248 2243 245 2244 557 2467 541 2358 558 2245 557 2467 245 2244 581 2359 580 2468 558 2245 443 2150 611 2469 581 2359 612 2360 611 2469 443 2150 613 2361 612 2360 442 2246 444 2247 613 2361 242 2151 238 2248 663 2470 444 2247 664 2362 663 2470 238 2248 453 2153 725 2471 664 2362 726 2363 725 2471 453 2153 727 2364 726 2363 452 2249 728 2365 727 2364 450 2154 729 2366 728 2365 448 2155 730 2367 729 2366 460 2156 731 2368 730 2367 458 2157 665 2369 731 2368 456 2158 666 2472 665 2369 454 2159 466 2370 666 2472 454 2159 467 2371 466 2370 463 2160 469 2250 668 2473 467 2371 670 2474 469 2250 472 2251 671 2475 472 2251 474 2252 672 2476 474 2252 476 2253 673 2477 476 2253 478 2254 674 2478 478 2254 481 2255 236 2257 481 2255 235 2256 615 2479 236 2257 485 2258 616 2480 485 2258 483 2372 489 2481 483 2372 232 2259 489 2481 232 2259 488 2373 885 2260 1450 2482 488 2373 891 2374 890 2483 885 2260 890 2483 891 2374 2889 2167 2891 2375 890 2483 2889 2167 2898 2376 2891 2375 2897 2168 2908 2484 2898 2376 2907 2261 2908 2484 2907 2261 2920 2377 2921 2485 2920 2377 2919 2262 2919 2262 2935 2263 2921 2485 2935 2263 2928 2264 2934 2486 2931 2487 2928 2264 2929 2378 2930 2379 2929 2378 2746 2067 2718 2488 2930 2379 2720 2265 2722 2266 2724 2489 2720 2265 2724 2489 2722 2266 2723 2267 2725 2380 2724 2489 2723 2267 2660 2171 2658 2490 2725 2380 2660 2171 2659 2381 2658 2490 2659 2381 2662 2268 2794 2491 2794 2491 2662 2268 2793 2382 2793 2382 2769 2269 2774 2492 2774 2492 2769 2269 2802 2383 2802 2383 2822 2174 2803 2384 2803 2384 2821 2270 2804 2493 2821 2270 2656 2385 2804 2493 2656 2385 2816 2176 2655 2178 2656 2385 2655 2178 2654 2386 2654 2386 2575 2271 2576 2494 2570 2272 2576 2494 2575 2271 2570 2272 2569 2273 2568 2495 2567 2496 2569 2273 2629 2274 2629 2274 2477 2387 2473 2497 2477 2387 2461 2078 2473 2497 2472 2498 2461 2078 2459 2388 3915 2499 2459 2388 2460 2275 3915 2499 2460 2275 3949 2389 3967 2277 3949 2389 2470 2276 3949 2389 3967 2277 3937 2390 3939 2182 3938 2500 3937 2390 3941 2391 3940 2501 3939 2182 3943 2502 3941 2391 3942 2278 3944 2503 3942 2278 3919 2392 3921 2184 3920 2504 3919 2392 3920 2504 3921 2184 3934 2393 4655 2394 3934 2393 3933 2279 4655 2394 3929 2280 3922 2395 3924 2085 3923 2505 3922 2395 3923 2505 3924 2085 3928 2396 3928 2396 3927 2281 4656 2506 3927 2281 3925 2397 4656 2506 3926 2086 3913 2398 3925 2397 3913 2398 3912 2282 3905 2283 3898 2399 3913 2398 3905 2283 3900 2088 3899 2400 3898 2399 3899 2400 3901 2284 4477 2507 3901 2284 3902 2401 4477 2507 3895 2508 3902 2401 3897 2089 3897 2089 3896 2402 3895 2508 3887 2285 3892 2509 3896 2402 3888 2403 3894 2510 3887 2285 3890 2511 3888 2403 3889 2090 3891 2404 3890 2511 3889 2090 3891 2404 3910 2286 4483 2405 3825 2287 3884 2288 4483 2405 4483 2405 3884 2288 4485 2189 4485 2189 4484 2406 4483 2405 4484 2406 4486 2289 4464 2512 4486 2289 4475 2290 4463 2513 4475 2290 4476 2407 4339 2514 4476 2407 4337 2190 4465 2408 4465 2408 4337 2190 4508 2192 4503 2193 4507 2409 4465 2408 4490 2291 4492 2515 4507 2409 4492 2515 4490 2291 4491 2292 4493 2410 4492 2515 4491 2292 4493 2410 4519 2293 4495 2516 4519 2293 4518 2294 4517 2517 4518 2294 4433 2295 4516 2518 4433 2295 4432 2296 4431 2519 4432 2296 4440 2297 4430 2520 4440 2297 4445 2298 4439 2521 4445 2298 4450 2299 4444 2522 4450 2299 4449 2300 4349 2523 4449 2300 4457 2411 4448 2524 4603 2301 5086 2525 4457 2411 5219 2302 5086 2525 4603 2301 5084 2526 5219 2302 5083 2412 5083 2412 5218 2195 4999 2413 5218 2195 4322 2196 4999 2413 4999 2413 4321 2304 4320 2414 4320 2414 3777 2305 4319 2415 4319 2415 3778 2198 4318 2416 4318 2416 3780 2306 4317 2417 4317 2417 3771 2200 4316 2418 4316 2418 3772 2307 4315 2419 4315 2419 3767 2201 4314 2420 4314 2420 3766 2202 4313 2421 4313 2421 3765 2308 4312 2527 3765 2308 3768 2309 4309 2422 4310 2423 4309 2422 3770 2310 4311 2528 4310 2423 3762 2204 4265 2424 4311 2528 3762 2204 4307 2529 4265 2424 3764 2311 3761 2312 4307 2529 3764 2311 4306 2425 4308 2530 3761 2312 4306 2425 3759 2313 4305 2531 3759 2313 3758 2314 4305 2531 3758 2314 3757 2315 4304 2532 3757 2315 3753 2426 4300 2533 2089 2207 3754 2427 3753 2426 4264 2534 3754 2427 3755 2316 3755 2316 3756 2428 4264 2534 3756 2428 3747 2317 4264 2534 3747 2317 3748 2318 4298 2535 4298 2535 3748 2318 3749 2429 1854 2117 3750 2430 3749 2429 3750 2430 3751 2319 4292 2536 3751 2319 3752 2431 4292 2536 4292 2536 3752 2431 3745 2320 4292 2536 3745 2320 3746 2432 3744 2321 4325 2433 3746 2432 4325 2433 3743 2209 4281 2434 4281 2434 3739 2322 4280 2537 3739 2322 3740 2435 4280 2537 4280 2537 3740 2435 3741 2323 4262 2324 4280 2537 3741 2323 4263 2538 4262 2324 3726 2325 3726 2325 3727 2436 4263 2538 3728 2539 3727 2436 3723 2016 3730 2437 3729 2540 3723 2016 3730 2437 3731 2326 4327 2541 4327 2541 3731 2326 4326 2438 4326 2438 3733 2327 4266 2542 4266 2542 3733 2327 3734 2328 4260 2543 3734 2328 3682 2439 3682 2439 3680 2329 4260 2543 3680 2329 3678 2440 4260 2543 3679 2017 3630 2330 3678 2440 3634 2441 3633 2544 3630 2330 3635 2442 3634 2441 3631 1917 3635 2442 3654 2331 4251 2545 4251 2545 3654 2331 4249 2332 4248 2546 4249 2332 4247 2443 4247 2443 4246 2216 4245 2547 4246 2216 4235 2334 4244 2548 4237 2444 4236 2549 4235 2334 4239 2550 4237 2444 4238 2220 4238 2220 4230 2223 4240 2551 4230 2223 4216 2445 4228 2552 3985 2553 4216 2445 3521 2335 3985 2553 3521 2335 3522 2336 3522 2336 3526 2446 3985 2553 3527 2447 3526 2446 3524 2132 3527 2447 3528 2337 3987 2554 3528 2337 3478 2448 3986 2555 3491 2226 3480 2449 3478 2448 3485 2227 3382 2556 3480 2449 3381 2450 3382 2556 3485 2227 3376 2557 3381 2450 3380 2338 3376 2557 3380 2338 3379 2339 3376 2557 3379 2339 3370 2340 3372 2558 3370 2340 3371 2341 3373 2559 3371 2341 3358 2451 3324 2560 3358 2451 3322 2342 3324 2560 3322 2342 3323 2343 3307 2452 3323 2343 3305 2229 3307 2452 3306 2230 3157 2561 3306 2230 3395 2453 3156 2562 3294 2563 3395 2453 3296 2344 3296 2344 3295 2345 3294 2563 3404 2564 3295 2345 3153 2454 3153 2454 3396 2231 3152 2565 3396 2231 3445 2455 3465 2566 3447 2456 3445 2455 3446 2232 3449 2567 3447 2456 3448 2347 3450 2348 3449 2567 3448 2347 3452 2349 3451 2568 3450 2348 3454 2233 3453 2457 3452 2349 3453 2457 3455 2350 3438 2569 3455 2350 3456 2351 3437 2570 3456 2351 3440 2458 3436 2571 1570 2236 3440 2458 3442 2234 1571 2354 1573 2572 3440 2458 1573 2572 1571 2354 1572 2355 1574 2573 1572 2355 1554 2459 1554 2459 1666 2237 1667 2460 1667 2460 1665 2238 1658 2461 1658 2461 1659 2239 1465 2574 1659 2239 1473 2462 1474 2575 1473 2462 1472 2356 250 2463 251 2464 250 2463 249 2241 439 2357 516 2576 251 2464 437 2242 527 2465 439 2357 248 2243 540 2466 527 2465 541 2358 556 2577 540 2466 557 2467 556 2577 541 2358 558 2245 580 2468 557 2467 581 2359 610 2578 580 2468 611 2469 610 2578 581 2359 612 2360 660 2579 611 2469 613 2361 661 2580 612 2360 444 2247 662 2581 613 2361 663 2470 662 2581 444 2247 664 2362 724 2582 663 2470 725 2471 724 2582 664 2362 726 2363 792 2583 725 2471 727 2364 793 2584 726 2363 728 2365 794 2585 727 2364 729 2366 795 2586 728 2365 730 2367 796 2587 729 2366 731 2368 797 2588 730 2367 665 2369 798 2589 731 2368 666 2472 732 2590 665 2369 667 2591 666 2472 466 2370 467 2371 667 2591 466 2370 668 2473 667 2591 467 2371 669 2592 668 2473 469 2250 670 2474 669 2592 469 2250 671 2475 670 2474 472 2251 672 2476 671 2475 474 2252 673 2477 672 2476 476 2253 674 2478 673 2477 478 2254 675 2593 674 2478 481 2255 614 2594 481 2255 236 2257 615 2479 614 2594 236 2257 616 2480 615 2479 485 2258 617 2595 616 2480 483 2372 582 2596 483 2372 489 2481 490 2597 489 2481 488 2373 488 2373 1450 2482 1129 2598 885 2260 889 2599 1450 2482 885 2260 890 2483 889 2599 2890 2600 890 2483 2891 2375 2896 2601 2891 2375 2898 2376 2896 2601 2898 2376 2908 2484 2922 2602 2908 2484 2920 2377 2922 2602 2920 2377 2921 2485 2935 2263 2934 2486 2921 2485 2928 2264 2931 2487 2934 2486 2931 2487 2929 2378 2930 2379 2932 2603 2930 2379 2718 2488 2720 2265 2719 2604 2718 2488 2720 2265 2724 2489 2719 2604 2726 2605 2724 2489 2725 2380 2725 2380 2658 2490 2727 2606 2658 2490 2659 2381 2795 2607 2795 2607 2659 2381 2794 2491 2794 2491 2793 2382 2775 2608 2775 2608 2793 2382 2774 2492 2803 2384 2774 2492 2802 2383 2804 2493 2776 2609 2803 2384 2804 2493 2656 2385 2830 2610 2656 2385 2654 2386 2830 2610 2576 2494 2577 2611 2654 2386 2577 2611 2576 2494 2570 2272 2568 2495 2577 2611 2570 2272 2569 2273 2567 2496 2568 2495 2630 2612 2567 2496 2629 2274 2630 2612 2629 2274 2473 2497 2461 2078 2472 2498 2473 2497 3915 2499 2472 2498 2459 2388 3947 2613 3915 2499 3949 2389 3935 2614 3949 2389 3937 2390 3938 2500 3936 2615 3937 2390 3939 2182 3940 2501 3938 2500 4647 2616 3940 2501 3941 2391 3941 2391 3943 2502 4647 2616 3944 2503 3943 2502 3942 2278 3944 2503 3919 2392 4648 2617 3919 2392 3920 2504 4648 2617 4648 2617 3920 2504 3934 2393 4648 2617 3934 2393 4655 2394 3923 2505 4655 2394 3922 2395 3928 2396 4656 2506 3923 2505 4656 2506 3925 2397 4611 2618 4610 2619 3925 2397 3913 2398 4488 2620 3913 2398 3898 2399 3899 2400 4488 2620 3898 2399 4477 2507 4488 2620 3899 2400 4477 2507 3902 2401 4479 2621 3902 2401 3895 2508 4479 2621 3896 2402 3892 2509 3895 2508 3887 2285 3893 2622 3892 2509 3894 2510 3893 2622 3887 2285 3894 2510 3888 2403 4481 2623 3888 2403 3890 2511 4481 2623 3890 2511 3891 2404 4481 2623 4481 2623 3891 2404 4483 2405 4484 2406 4482 2624 4483 2405 4458 2625 4484 2406 4464 2512 4464 2512 4486 2289 4463 2513 4463 2513 4475 2290 4339 2514 4339 2514 4476 2407 4338 2626 4466 2627 4476 2407 4465 2408 4465 2408 4507 2409 4467 2628 4507 2409 4492 2515 4506 2629 4494 2630 4492 2515 4493 2410 4495 2516 4494 2630 4493 2410 4519 2293 4517 2517 4495 2516 4518 2294 4516 2518 4517 2517 4433 2295 4431 2519 4516 2518 4432 2296 4430 2520 4431 2519 4440 2297 4439 2521 4430 2520 4445 2298 4444 2522 4439 2521 4450 2299 4349 2523 4444 2522 4449 2300 4448 2524 4349 2523 4448 2524 4457 2411 5086 2525 5086 2525 5219 2302 5084 2526 5085 2631 5084 2526 5083 2412 5083 2412 4999 2413 5162 2632 4320 2414 4319 2415 4999 2413 4319 2415 4318 2416 4999 2413 4318 2416 4317 2417 5082 2633 5082 2633 4317 2417 4316 2418 4316 2418 4315 2419 5082 2633 4315 2419 4314 2420 5081 2634 4314 2420 4313 2421 5081 2634 4313 2421 4312 2527 5072 2635 4312 2527 3765 2308 4309 2422 5071 2636 4309 2422 4310 2423 4310 2423 4311 2528 5071 2636 4311 2528 4265 2424 5071 2636 4265 2424 4307 2529 5070 2637 4308 2530 4307 2529 3761 2312 4308 2530 4306 2425 5070 2637 4306 2425 4305 2531 5070 2637 4305 2531 3758 2314 4304 2532 4304 2532 3757 2315 4300 2533 4300 2533 3753 2426 3754 2427 4264 2534 4302 2638 3754 2427 4264 2534 3747 2317 4298 2535 3749 2429 3750 2430 4298 2535 3750 2430 4292 2536 4298 2535 3746 2432 4325 2433 4292 2536 4325 2433 4281 2434 4292 2536 4282 2639 4281 2434 4280 2537 4278 2640 4280 2537 4262 2324 4263 2538 4278 2640 4262 2324 3727 2436 4261 2641 4263 2538 4261 2641 3727 2436 3728 2539 3723 2016 3729 2540 3728 2539 3729 2540 3730 2437 4261 2641 4261 2641 3730 2437 4327 2541 4327 2541 4326 2438 4267 2642 4267 2642 4326 2438 4266 2542 4266 2542 3734 2328 4260 2543 4260 2543 3678 2440 3632 2643 3630 2330 3632 2643 3678 2440 3630 2330 3633 2544 3632 2643 3634 2441 4214 2644 3633 2544 3634 2441 3635 2442 4251 2545 4251 2545 4249 2332 4250 2645 4250 2645 4249 2332 4248 2546 4919 2646 4248 2546 4247 2443 4247 2443 4245 2547 4919 2646 4246 2216 4244 2548 4245 2547 4235 2334 4233 2647 4244 2548 4235 2334 4236 2549 4234 2648 4236 2549 4237 2444 4917 2649 4237 2444 4239 2550 4886 2650 4240 2551 4239 2550 4238 2220 4230 2223 4232 2651 4240 2551 4230 2223 4228 2552 4229 2652 4216 2445 4223 2653 4228 2552 3985 2553 3987 2554 4216 2445 3526 2446 3527 2447 3985 2553 3985 2553 3527 2447 3987 2554 3987 2554 3528 2337 3986 2555 3478 2448 3479 2654 3986 2555 3480 2449 3479 2654 3478 2448 3382 2556 3383 2655 3480 2449 3382 2556 3381 2450 3377 2656 3377 2656 3381 2450 3376 2557 3372 2558 3376 2557 3370 2340 3373 2559 3372 2558 3371 2341 3359 2657 3373 2559 3358 2451 3359 2657 3358 2451 3324 2560 3325 2658 3324 2560 3323 2343 3325 2658 3323 2343 3307 2452 3409 2659 3307 2452 3157 2561 3157 2561 3306 2230 3156 2562 3156 2562 3395 2453 3402 2660 3395 2453 3294 2563 3402 2660 3294 2563 3295 2345 3404 2564 3404 2564 3153 2454 3432 2661 3154 2662 3153 2454 3152 2565 3396 2231 3465 2566 3152 2565 3445 2455 3447 2456 3465 2566 3447 2456 3449 2567 3464 2663 3451 2568 3449 2567 3450 2348 3453 2457 3451 2568 3452 2349 3439 2664 3453 2457 3438 2569 3438 2569 3455 2350 3437 2570 3437 2570 3456 2351 3436 2571 3436 2571 3440 2458 3423 2665 1573 2572 1574 2573 3440 2458 1574 2573 1573 2572 1572 2355 1552 2666 1574 2573 1554 2459 1564 2667 1554 2459 1667 2460 1657 2668 1667 2460 1658 2461 1466 2669 1658 2461 1465 2574 1465 2574 1659 2239 1474 2575 1474 2575 1473 2462 501 2670 501 2670 1473 2462 250 2463 250 2463 251 2464 501 2670 251 2464 516 2576 508 2671 439 2357 526 2672 516 2576 527 2465 526 2672 439 2357 540 2466 539 2673 527 2465 556 2577 555 2674 540 2466 557 2467 579 2675 556 2577 580 2468 579 2675 557 2467 610 2578 609 2676 580 2468 611 2469 659 2677 610 2578 660 2579 659 2677 611 2469 661 2580 660 2579 612 2360 662 2581 661 2580 613 2361 663 2470 723 2678 662 2581 724 2582 723 2678 663 2470 725 2471 791 2679 724 2582 792 2583 791 2679 725 2471 793 2584 792 2583 726 2363 794 2585 793 2584 727 2364 795 2586 794 2585 728 2365 796 2587 795 2586 729 2366 797 2588 796 2587 730 2367 798 2589 797 2588 731 2368 732 2590 798 2589 665 2369 733 2680 732 2590 666 2472 734 2681 666 2472 667 2591 735 2682 667 2591 668 2473 736 2683 668 2473 669 2592 737 2684 669 2592 670 2474 738 2685 670 2474 671 2475 739 2686 671 2475 672 2476 740 2687 672 2476 673 2477 741 2688 673 2477 674 2478 742 2689 674 2478 675 2593 675 2593 481 2255 614 2594 676 2690 614 2594 615 2479 677 2691 615 2479 616 2480 678 2692 616 2480 617 2595 617 2595 483 2372 582 2596 562 2693 582 2596 489 2481 489 2481 490 2597 258 2694 488 2373 1127 2695 490 2597 1129 2598 1130 2696 488 2373 1450 2482 2945 2697 1129 2598 889 2599 2890 2600 1450 2482 2890 2600 889 2599 890 2483 2892 2698 2890 2600 2891 2375 2896 2601 2895 2699 2891 2375 2909 2700 2896 2601 2908 2484 2909 2700 2908 2484 2922 2602 2923 2701 2922 2602 2921 2485 2921 2485 2934 2486 2923 2701 2934 2486 2931 2487 2933 2702 2932 2603 2931 2487 2930 2379 2728 2703 2932 2603 2718 2488 2719 2604 2728 2703 2718 2488 2724 2489 2726 2605 2719 2604 2727 2606 2726 2605 2725 2380 2727 2606 2658 2490 2796 2704 2796 2704 2658 2490 2795 2607 2795 2607 2794 2491 2777 2705 2777 2705 2794 2491 2775 2608 2776 2609 2775 2608 2774 2492 2776 2609 2774 2492 2803 2384 2804 2493 2871 2706 2776 2609 2830 2610 2870 2707 2804 2493 2830 2610 2654 2386 2829 2708 2577 2611 2578 2709 2654 2386 2578 2709 2577 2611 2568 2495 2568 2495 2567 2496 2565 2710 2566 2711 2567 2496 2630 2612 2558 2712 2630 2612 2473 2497 2472 2498 2474 2713 2473 2497 2474 2713 2472 2498 3915 2499 3953 2714 3915 2499 3947 2613 3949 2389 3948 2715 3947 2613 3951 2716 3949 2389 3935 2614 3937 2390 3936 2615 3935 2614 3936 2615 3938 2500 4647 2616 3938 2500 3940 2501 4647 2616 3943 2502 3944 2503 4647 2616 4647 2616 3944 2503 4648 2617 4653 2717 4648 2617 4655 2394 4656 2506 4655 2394 3923 2505 4612 2718 4656 2506 4611 2618 4611 2618 3925 2397 4610 2619 4610 2619 3913 2398 4488 2620 4488 2620 4477 2507 4608 2719 4479 2621 4478 2720 4477 2507 4479 2621 3895 2508 3892 2509 3892 2509 3893 2622 4479 2621 3893 2622 3894 2510 4479 2621 4479 2621 3894 2510 4481 2623 4483 2405 4482 2624 4481 2623 4482 2624 4484 2406 4458 2625 4458 2625 4464 2512 4459 2721 4464 2512 4463 2513 4459 2721 4463 2513 4339 2514 4462 2722 4340 2723 4339 2514 4338 2626 4476 2407 4523 2724 4338 2626 4523 2724 4476 2407 4466 2627 4467 2628 4466 2627 4465 2408 4507 2409 4506 2629 4467 2628 4492 2515 4494 2630 4506 2629 4496 2725 4494 2630 4495 2516 4495 2516 4517 2517 4497 2726 4517 2517 4516 2518 4515 2727 4516 2518 4431 2519 4514 2728 4431 2519 4430 2520 4429 2729 4430 2520 4439 2521 4428 2730 4439 2521 4444 2522 4438 2731 4444 2522 4349 2523 4443 2732 4349 2523 4448 2524 4348 2733 5087 2734 4448 2524 5086 2525 5078 2735 5086 2525 5084 2526 5084 2526 5085 2631 5152 2736 5162 2632 5085 2631 5083 2412 4999 2413 5082 2633 5162 2632 4999 2413 4318 2416 5082 2633 5082 2633 4315 2419 5081 2634 5081 2634 4313 2421 5072 2635 5072 2635 4312 2527 4309 2422 5072 2635 4309 2422 5071 2636 5071 2636 4265 2424 5070 2637 5070 2637 4307 2529 4308 2530 5070 2637 4305 2531 4983 2737 4983 2737 4305 2531 4304 2532 4304 2532 4300 2533 4983 2737 3754 2427 4301 2738 4300 2533 4302 2638 4301 2738 3754 2427 4303 2739 4302 2638 4264 2534 4298 2535 4297 2740 4264 2534 4298 2535 4292 2536 4290 2741 4292 2536 4281 2434 4295 2742 4282 2639 4289 2743 4281 2434 4280 2537 4283 2744 4282 2639 4278 2640 4284 2745 4280 2537 4279 2746 4278 2640 4263 2538 4263 2538 4261 2641 4328 2747 3728 2748 3729 2748 4261 2748 4261 2641 4327 2541 4328 2747 4328 2747 4327 2541 4267 2642 4266 2542 4268 2749 4267 2642 4259 2750 4266 2542 4260 2543 3632 2643 4212 2751 4260 2543 3633 2544 4212 2751 3632 2643 4214 2644 4212 2751 3633 2544 4251 2545 4214 2644 3634 2441 4252 2752 4251 2545 4250 2645 4922 2753 4250 2645 4248 2546 4922 2753 4248 2546 4919 2646 4245 2547 4243 2754 4919 2646 4245 2547 4244 2548 4243 2754 4244 2548 4233 2647 4243 2754 4235 2334 4234 2648 4233 2647 4917 2649 4234 2648 4236 2549 4237 2444 4886 2650 4917 2649 4239 2550 4241 2755 4886 2650 4241 2755 4239 2550 4240 2551 4240 2551 4232 2651 4242 2756 4232 2651 4230 2223 4231 2757 4231 2757 4230 2223 4229 2652 4229 2652 4228 2552 4227 2758 4228 2552 4223 2653 4227 2758 4216 2445 4224 2759 4223 2653 3987 2554 4121 2760 4216 2445 3986 2555 4121 2760 3987 2554 3986 2555 3479 2654 3481 2761 3481 2761 3479 2654 3480 2449 3383 2655 3467 2762 3480 2449 3383 2655 3382 2556 3377 2656 3378 2763 3377 2656 3376 2557 3378 2763 3376 2557 3372 2558 3364 2764 3372 2558 3373 2559 3374 2765 3373 2559 3359 2657 3326 2766 3359 2657 3324 2560 3326 2766 3324 2560 3325 2658 3409 2659 3325 2658 3307 2452 3155 2767 3409 2659 3157 2561 3157 2561 3156 2562 3155 2767 3402 2660 3401 2768 3156 2562 3402 2660 3294 2563 3404 2564 3433 2769 3404 2564 3432 2661 3432 2661 3153 2454 3431 2770 3153 2454 3154 2662 3431 2770 3152 2565 3465 2566 3154 2662 3465 2566 3447 2456 3464 2663 3464 2663 3449 2567 3463 2771 3449 2567 3451 2568 3463 2771 3451 2568 3453 2457 3439 2664 3439 2664 3438 2569 3428 2772 3438 2569 3437 2570 3426 2773 3437 2570 3436 2571 3425 2774 3436 2571 3423 2665 3150 2775 3440 2458 1552 2666 3423 2665 3440 2458 1574 2573 1552 2666 1554 2459 1553 2776 1552 2666 1553 2776 1554 2459 1564 2667 1564 2667 1667 2460 1657 2668 1658 2461 1467 2777 1657 2668 1467 2777 1658 2461 1466 2669 1466 2669 1465 2574 500 2778 1465 2574 1474 2575 501 2670 501 2670 251 2464 499 2779 251 2464 508 2671 499 2779 516 2576 515 2780 508 2671 526 2672 525 2781 516 2576 527 2465 539 2673 526 2672 540 2466 555 2674 539 2673 556 2577 578 2782 555 2674 579 2675 578 2782 556 2577 580 2468 609 2676 579 2675 610 2578 658 2783 609 2676 659 2677 658 2783 610 2578 660 2579 720 2784 659 2677 661 2580 721 2785 660 2579 662 2581 722 2786 661 2580 723 2678 722 2786 662 2581 724 2582 790 2787 723 2678 791 2679 790 2787 724 2582 792 2583 171 2788 791 2679 793 2584 173 2789 792 2583 794 2585 169 2790 793 2584 795 2586 168 2791 794 2585 796 2587 170 2792 795 2586 164 2793 796 2587 797 2588 166 2794 797 2588 798 2589 167 2795 798 2589 732 2590 229 2796 732 2590 733 2680 734 2681 733 2680 666 2472 735 2682 734 2681 667 2591 736 2683 735 2682 668 2473 737 2684 736 2683 669 2592 738 2685 737 2684 670 2474 739 2686 738 2685 671 2475 740 2687 739 2686 672 2476 741 2688 740 2687 673 2477 742 2689 741 2688 674 2478 743 2797 742 2689 675 2593 676 2690 675 2593 614 2594 677 2691 676 2690 615 2479 678 2692 677 2691 616 2480 679 2798 678 2692 617 2595 618 2799 617 2595 582 2596 583 2800 582 2596 562 2693 562 2693 489 2481 259 2801 259 2801 489 2481 258 2694 258 2694 490 2597 260 2802 490 2597 1127 2695 260 2802 1130 2696 1127 2695 488 2373 1130 2696 1129 2598 1128 2803 2945 2697 2946 2804 1129 2598 2890 2600 2945 2697 1450 2482 2890 2600 2892 2698 2945 2697 2895 2699 2892 2698 2891 2375 2896 2601 2899 2805 2895 2699 2905 2806 2896 2601 2909 2700 2924 2807 2909 2700 2922 2602 2924 2807 2922 2602 2923 2701 2934 2486 2933 2702 2923 2701 2931 2487 2932 2603 2933 2702 2932 2603 2728 2703 2859 2808 2729 2809 2728 2703 2719 2604 2719 2604 2726 2605 2730 2810 2726 2605 2727 2606 2730 2810 2730 2810 2727 2606 2796 2704 2796 2704 2795 2607 2941 2811 2941 2811 2795 2607 2777 2705 2777 2705 2775 2608 2776 2609 2871 2706 2772 2812 2776 2609 2870 2707 2871 2706 2804 2493 2833 2813 2870 2707 2830 2610 2829 2708 2833 2813 2830 2610 2654 2386 2578 2709 2829 2708 2568 2495 2579 2814 2578 2709 2565 2710 2573 2815 2568 2495 2567 2496 2566 2711 2565 2710 2631 2816 2566 2711 2630 2612 2558 2712 2633 2817 2630 2612 2473 2497 2474 2713 2558 2712 3953 2714 2474 2713 3915 2499 3945 2818 3953 2714 3947 2613 3948 2715 3946 2819 3947 2613 3950 2820 3948 2715 3949 2389 3951 2716 3950 2820 3949 2389 4664 2821 3951 2716 3935 2614 3935 2614 3936 2615 4664 2821 3936 2615 4647 2616 4664 2821 4648 2617 4646 2822 4647 2616 4646 2822 4648 2617 4653 2717 4655 2394 4654 2823 4653 2717 4656 2506 4654 2823 4655 2394 4654 2823 4656 2506 4612 2718 4612 2718 4611 2618 4607 2824 4611 2618 4610 2619 4608 2719 4608 2719 4610 2619 4488 2620 4608 2719 4477 2507 4607 2824 4477 2507 4478 2720 4607 2824 4480 2825 4478 2720 4479 2621 4481 2623 4480 2825 4479 2621 4482 2624 4480 2825 4481 2623 4343 2826 4482 2624 4458 2625 4459 2721 4346 2827 4458 2625 4459 2721 4463 2513 4462 2722 4462 2722 4339 2514 4461 2828 4339 2514 4340 2723 4461 2828 4338 2626 4600 2829 4340 2723 4338 2626 4523 2724 4600 2829 4468 2830 4523 2724 4466 2627 4468 2830 4466 2627 4467 2628 4467 2628 4506 2629 4469 2831 4506 2629 4494 2630 4505 2832 4494 2630 4496 2725 4505 2832 4497 2726 4496 2725 4495 2516 4517 2517 4515 2727 4497 2726 4516 2518 4514 2728 4515 2727 4431 2519 4429 2729 4514 2728 4430 2520 4428 2730 4429 2729 4439 2521 4438 2731 4428 2730 4444 2522 4443 2732 4438 2731 4349 2523 4347 2833 4443 2732 4349 2523 4348 2733 4347 2833 4348 2733 4448 2524 5087 2734 5087 2734 5086 2525 5078 2735 5078 2735 5084 2526 5152 2736 5152 2736 5085 2631 5151 2834 5150 2835 5085 2631 5162 2632 5162 2632 5082 2633 5161 2836 5082 2633 5081 2634 5161 2836 5081 2634 5072 2635 5160 2837 5072 2635 5071 2636 5159 2838 5071 2636 5070 2637 5158 2839 5070 2637 4983 2737 5157 2840 4300 2533 4301 2738 4983 2737 4301 2738 4302 2638 5155 2841 5155 2841 4302 2638 4303 2739 4297 2740 4303 2739 4264 2534 4299 2842 4297 2740 4298 2535 4290 2741 4299 2842 4298 2535 4292 2536 4291 2843 4290 2741 4295 2742 4294 2844 4292 2536 4281 2434 4286 2845 4295 2742 4289 2743 4288 2846 4281 2434 5135 2847 4289 2743 4282 2639 4282 2639 4283 2744 5135 2847 4284 2745 4283 2744 4280 2537 4285 2848 4284 2745 4278 2640 4279 2746 4277 2849 4278 2640 4328 2747 4279 2746 4263 2538 4267 2642 4329 2850 4328 2747 4268 2749 4274 2851 4267 2642 4268 2749 4266 2542 4270 2852 4258 2853 4266 2542 4259 2750 4260 2543 4212 2751 4259 2750 4214 2644 4213 2854 4212 2751 4214 2644 4251 2545 4252 2752 4252 2752 4250 2645 4922 2753 4920 2855 4922 2753 4919 2646 4243 2754 4233 2647 4919 2646 4233 2647 4234 2648 4917 2649 4917 2649 4886 2650 4887 2856 4886 2650 4241 2755 4242 2756 4242 2756 4241 2755 4240 2551 4242 2756 4232 2651 4886 2650 4232 2651 4231 2757 4886 2650 4231 2757 4229 2652 4885 2857 4885 2857 4229 2652 4227 2758 4223 2653 4885 2857 4227 2758 4223 2653 4224 2759 4931 2858 4225 2859 4224 2759 4216 2445 4216 2445 4121 2760 4218 2860 4122 2861 4121 2760 3986 2555 3481 2761 3482 2862 3986 2555 3482 2862 3481 2761 3480 2449 3467 2762 3483 2863 3480 2449 3467 2762 3383 2655 3466 2864 3383 2655 3377 2656 3466 2864 3378 2763 3386 2865 3377 2656 3364 2764 3378 2763 3372 2558 3374 2765 3364 2764 3373 2559 3360 2866 3374 2765 3359 2657 3360 2866 3359 2657 3326 2766 3327 2867 3326 2766 3325 2658 3327 2867 3325 2658 3409 2659 3410 2868 3409 2659 3155 2767 3401 2768 3155 2767 3156 2562 3403 2869 3401 2768 3402 2660 3404 2564 3403 2869 3402 2660 3403 2869 3404 2564 3433 2769 3433 2769 3432 2661 3393 2870 3432 2661 3431 2770 3394 2871 3431 2770 3154 2662 3429 2872 3465 2566 3464 2663 3154 2662 3464 2663 3463 2771 3430 2873 3463 2771 3451 2568 3439 2664 3430 2873 3439 2664 3428 2772 3428 2772 3438 2569 3426 2773 3426 2773 3437 2570 3425 2774 3425 2774 3436 2571 3150 2775 3150 2775 3423 2665 3151 2874 3423 2665 1552 2666 1553 2776 1565 2875 1553 2776 1564 2667 1656 2876 1564 2667 1657 2668 1467 2777 1468 2877 1657 2668 253 2878 1467 2777 1466 2669 252 2879 1466 2669 500 2778 500 2778 1465 2574 501 2670 501 2670 499 2779 500 2778 499 2779 508 2671 498 2880 508 2671 515 2780 507 2881 516 2576 525 2781 515 2780 526 2672 538 2882 525 2781 539 2673 538 2882 526 2672 555 2674 554 2883 539 2673 578 2782 577 2884 555 2674 579 2675 608 2885 578 2782 609 2676 608 2885 579 2675 658 2783 657 2886 609 2676 659 2677 719 2887 658 2783 720 2784 719 2887 659 2677 721 2785 720 2784 660 2579 722 2786 721 2785 661 2580 723 2678 789 2888 722 2786 790 2787 789 2888 723 2678 791 2679 172 2889 790 2787 171 2788 172 2889 791 2679 173 2789 171 2788 792 2583 169 2790 173 2789 793 2584 168 2791 169 2790 794 2585 170 2792 168 2791 795 2586 165 2890 170 2792 796 2587 164 2793 165 2890 796 2587 166 2794 164 2793 797 2588 167 2795 166 2794 798 2589 229 2796 167 2795 732 2590 228 2891 229 2796 733 2680 228 2891 733 2680 734 2681 230 2892 734 2681 735 2682 226 2893 735 2682 736 2683 225 2894 736 2683 737 2684 227 2895 737 2684 738 2685 223 2896 738 2685 739 2686 222 2897 739 2686 740 2687 224 2898 740 2687 741 2688 220 2899 741 2688 742 2689 219 2900 742 2689 743 2797 743 2797 675 2593 676 2690 744 2901 676 2690 677 2691 745 2902 677 2691 678 2692 746 2903 678 2692 679 2798 679 2798 617 2595 618 2799 618 2799 582 2596 583 2800 274 2904 583 2800 562 2693 264 2905 562 2693 259 2801 260 2802 259 2801 258 2694 1127 2695 1126 2906 260 2802 1130 2696 1080 2907 1127 2695 1128 2803 1079 2908 1130 2696 1129 2598 2946 2804 1128 2803 2946 2804 2945 2697 2900 2909 2945 2697 2892 2698 2900 2909 2895 2699 2900 2909 2892 2698 2899 2805 2900 2909 2895 2699 2904 2910 2899 2805 2896 2601 2905 2806 2904 2910 2896 2601 2905 2806 2909 2700 2924 2807 2925 2911 2924 2807 2923 2701 2923 2701 2933 2702 2925 2911 2933 2702 2932 2603 2859 2808 2859 2808 2728 2703 2857 2912 2728 2703 2729 2809 2857 2912 2730 2810 2729 2809 2719 2604 2730 2810 2796 2704 2853 2913 2853 2913 2796 2704 2941 2811 2773 2914 2941 2811 2777 2705 2773 2914 2777 2705 2776 2609 2776 2609 2772 2812 2773 2914 2772 2812 2871 2706 2872 2915 2872 2915 2871 2706 2870 2707 2824 2916 2870 2707 2833 2813 2832 2917 2833 2813 2829 2708 2578 2709 2579 2814 2829 2708 2580 2918 2579 2814 2568 2495 2573 2815 2572 2919 2568 2495 2573 2815 2565 2710 4027 2920 2565 2710 2566 2711 4027 2920 4027 2920 2566 2711 2631 2816 2630 2612 2632 2921 2631 2816 2633 2817 2632 2921 2630 2612 2633 2817 2558 2712 3966 2922 3966 2922 2558 2712 2474 2713 3966 2922 2474 2713 3953 2714 3954 2923 3953 2714 3945 2818 3947 2613 3946 2819 3945 2818 3946 2819 3948 2715 4665 2924 3948 2715 3950 2820 4664 2821 3950 2820 3951 2716 4664 2821 4664 2821 4647 2616 4702 2925 4647 2616 4646 2822 4645 2926 4652 2927 4646 2822 4653 2717 4654 2823 4650 2928 4653 2717 4613 2929 4654 2823 4612 2718 4341 2930 4612 2718 4607 2824 4607 2824 4611 2618 4608 2719 4607 2824 4478 2720 4341 2930 4478 2720 4480 2825 4341 2930 4480 2825 4482 2624 4343 2826 4458 2625 4346 2827 4343 2826 4346 2827 4459 2721 4333 2931 4459 2721 4462 2722 4578 2932 4462 2722 4461 2828 4577 2933 4461 2828 4340 2723 4460 2934 4600 2829 4599 2935 4340 2723 4523 2724 4524 2936 4600 2829 4524 2936 4523 2724 4468 2830 4469 2831 4468 2830 4467 2628 4506 2629 4505 2832 4469 2831 4505 2832 4496 2725 4504 2937 4498 2938 4496 2725 4497 2726 4497 2726 4515 2727 4499 2939 4515 2727 4514 2728 4513 2940 4514 2728 4429 2729 4512 2941 4429 2729 4428 2730 4427 2942 4428 2730 4438 2731 4426 2943 4438 2731 4443 2732 4352 2944 4443 2732 4347 2833 4442 2945 4347 2833 4348 2733 5077 2946 5077 2946 4348 2733 5087 2734 5079 2947 5087 2734 5078 2735 5152 2736 5080 2948 5078 2735 5151 2834 5118 2949 5152 2736 5085 2631 5150 2835 5151 2834 5161 2836 5150 2835 5162 2632 5161 2836 5081 2634 5160 2837 5160 2837 5072 2635 5159 2838 5159 2838 5071 2636 5158 2839 5158 2839 5070 2637 5157 2840 5157 2840 4983 2737 5156 2950 4983 2737 4301 2738 5155 2841 4303 2739 4297 2740 5155 2841 4297 2740 4299 2842 5163 2951 4299 2842 4290 2741 5163 2951 5163 2951 4290 2741 4291 2843 4292 2536 4293 2952 4291 2843 4294 2844 4293 2952 4292 2536 4296 2953 4294 2844 4295 2742 4295 2742 4286 2845 4296 2953 4281 2434 4287 2954 4286 2845 4281 2434 4288 2846 4287 2954 4995 2955 4288 2846 4289 2743 4995 2955 4289 2743 5135 2847 4283 2744 5132 2956 5135 2847 4283 2744 4284 2745 5132 2956 4284 2745 4285 2848 5132 2956 4276 2957 4285 2848 4278 2640 4278 2640 4277 2849 4276 2957 4277 2849 4279 2746 5129 2958 4329 2850 4279 2746 4328 2747 4330 2959 4329 2850 4267 2642 4274 2851 4273 2960 4267 2642 4275 2961 4274 2851 4268 2749 4271 2962 4268 2749 4270 2852 4270 2852 4266 2542 4269 2963 4266 2542 4258 2853 4269 2963 4259 2750 4213 2854 4258 2853 4212 2751 4213 2854 4259 2750 4214 2644 4254 2964 4213 2854 4253 2965 4214 2644 4252 2752 4923 2966 4252 2752 4922 2753 4921 2967 4922 2753 4920 2855 4920 2855 4919 2646 4918 2968 4919 2646 4233 2647 4917 2649 4918 2968 4917 2649 4887 2856 4887 2856 4886 2650 4885 2857 4886 2650 4231 2757 4885 2857 4931 2858 4885 2857 4223 2653 4224 2759 4225 2859 4931 2858 4218 2860 4225 2859 4216 2445 4121 2760 4122 2861 4218 2860 4119 2969 4122 2861 3986 2555 3482 2862 3483 2863 3986 2555 3480 2449 3483 2863 3482 2862 3483 2863 3467 2762 3988 2970 3467 2762 3466 2864 3988 2970 3466 2864 3377 2656 3384 2971 3386 2865 3385 2972 3377 2656 3387 2973 3386 2865 3378 2763 3388 2974 3378 2763 3364 2764 3365 2975 3364 2764 3374 2765 3391 2976 3374 2765 3360 2866 3315 2977 3360 2866 3326 2766 3315 2977 3326 2766 3327 2867 3410 2868 3327 2867 3409 2659 3411 2978 3410 2868 3155 2767 3411 2978 3155 2767 3401 2768 3403 2869 3411 2978 3401 2768 3434 2979 3403 2869 3433 2769 3392 2980 3433 2769 3393 2870 3393 2870 3432 2661 3394 2871 3394 2871 3431 2770 3424 2981 3431 2770 3429 2872 3424 2981 3154 2662 3430 2873 3429 2872 3154 2662 3464 2663 3430 2873 3430 2873 3463 2771 3439 2664 3429 2872 3430 2873 3428 2772 3428 2772 3426 2773 3427 2982 3427 2982 3426 2773 3425 2774 3148 2983 3425 2774 3150 2775 3151 2874 3149 2984 3150 2775 3423 2665 1565 2875 3151 2874 3423 2665 1553 2776 1565 2875 1565 2875 1564 2667 1563 2985 1556 2986 1564 2667 1656 2876 1656 2876 1657 2668 1464 2987 1657 2668 1468 2877 1469 2988 1468 2877 1467 2777 253 2878 253 2878 1466 2669 252 2879 500 2778 499 2779 252 2879 499 2779 498 2880 252 2879 508 2671 507 2881 498 2880 515 2780 514 2989 507 2881 525 2781 524 2990 515 2780 538 2882 537 2991 525 2781 539 2673 554 2883 538 2882 555 2674 577 2884 554 2883 578 2782 607 2992 577 2884 608 2885 607 2992 578 2782 609 2676 657 2886 608 2885 658 2783 718 2993 657 2886 719 2887 718 2993 658 2783 720 2784 786 2994 719 2887 721 2785 787 2995 720 2784 722 2786 788 2996 721 2785 789 2888 788 2996 722 2786 790 2787 176 2997 789 2888 172 2889 176 2997 790 2787 172 2889 171 2788 163 2998 163 2998 171 2788 173 2789 163 2998 173 2789 169 2790 169 2790 168 2791 163 2998 163 2998 168 2791 170 2792 163 2998 170 2792 165 2890 165 2890 164 2793 163 2998 163 2998 164 2793 166 2794 163 2998 166 2794 167 2795 163 2998 167 2795 229 2796 229 2796 228 2891 163 2998 230 2892 228 2891 734 2681 226 2893 230 2892 735 2682 225 2894 226 2893 736 2683 227 2895 225 2894 737 2684 223 2896 227 2895 738 2685 222 2897 223 2896 739 2686 224 2898 222 2897 740 2687 220 2899 224 2898 741 2688 219 2900 220 2899 742 2689 221 2999 219 2900 743 2797 744 2901 743 2797 676 2690 745 2902 744 2901 677 2691 746 2903 745 2902 678 2692 747 3000 746 2903 679 2798 680 3001 679 2798 618 2799 619 3002 618 2799 583 2800 584 3003 583 2800 274 2904 274 2904 562 2693 264 2905 259 2801 268 3004 264 2905 261 3005 259 2801 260 2802 260 2802 1126 2906 1085 3006 1127 2695 1080 2907 1126 2906 1079 2908 1080 2907 1130 2696 1128 2803 2947 3007 1079 2908 2946 2804 2947 3007 1128 2803 2901 3008 2946 2804 2900 2909 2901 3008 2900 2909 2899 2805 2899 2805 2904 2910 2843 3009 2904 2910 2905 2806 2652 3010 2926 3011 2905 2806 2924 2807 2926 3011 2924 2807 2925 2911 2933 2702 2859 2808 2925 2911 2859 2808 2857 2912 2858 3012 2857 2912 2729 2809 2855 3013 2729 2809 2730 2810 2855 3013 2855 3013 2730 2810 2853 2913 2853 2913 2941 2811 2852 3014 2940 3015 2941 2811 2773 2914 2773 2914 2772 2812 2771 3016 2873 3017 2772 2812 2872 2915 2872 2915 2870 2707 2824 2916 2824 2916 2833 2813 2825 3018 2833 2813 2832 2917 2825 3018 2580 2918 2832 2917 2829 2708 2829 2708 2579 2814 2580 2918 2571 3019 2580 2918 2568 2495 2568 2495 2572 2919 2571 3019 4027 2920 2572 2919 2573 2815 2631 2816 2632 2921 4027 2920 2632 2921 2633 2817 3965 3020 3965 3020 2633 2817 3966 2922 3965 3020 3966 2922 3953 2714 3954 2923 3952 3021 3953 2714 4665 2924 3954 2923 3945 2818 3945 2818 3946 2819 4665 2924 3948 2715 4664 2821 4665 2924 4664 2821 4702 2925 4668 3022 4647 2616 4645 2926 4702 2925 4646 2822 4644 3023 4645 2926 4644 3023 4646 2822 4652 2927 4653 2717 4650 2928 4652 2927 4650 2928 4654 2823 4613 2929 4613 2929 4612 2718 4341 2930 4341 2930 4480 2825 4343 2826 4346 2827 4344 3024 4343 2826 4331 3025 4346 2827 4333 2931 4333 2931 4459 2721 4578 2932 4578 2932 4462 2722 4577 2933 4577 2933 4461 2828 4576 3026 4461 2828 4460 2934 4576 3026 4340 2723 4599 2935 4460 2934 4600 2829 4524 2936 4599 2935 4470 3027 4524 2936 4468 2830 4470 3027 4468 2830 4469 2831 4469 2831 4505 2832 4471 3028 4505 2832 4504 2937 4471 3028 4496 2725 4498 2938 4504 2937 4499 2939 4498 2938 4497 2726 4515 2727 4513 2940 4499 2939 4514 2728 4512 2941 4513 2940 4429 2729 4427 2942 4512 2941 4428 2730 4426 2943 4427 2942 4438 2731 4352 2944 4426 2943 4443 2732 4442 2945 4352 2944 4442 2945 4347 2833 5077 2946 5077 2946 5087 2734 5079 2947 5080 2948 5079 2947 5078 2735 5118 2949 5080 2948 5152 2736 5116 3029 5118 2949 5151 2834 5151 2834 5150 2835 5149 3030 5148 3031 5150 2835 5161 2836 5160 2837 5148 3031 5161 2836 5159 2838 5146 3032 5160 2837 5158 2839 5144 3033 5159 2838 5157 2840 5142 3034 5158 2839 5156 2950 5140 3035 5157 2840 4983 2737 5155 2841 5156 2950 4297 2740 5163 2951 5155 2841 4291 2843 4996 3036 5163 2951 4293 2952 4996 3036 4291 2843 4293 2952 4294 2844 4996 3036 4294 2844 4296 2953 4996 3036 4296 2953 4286 2845 4998 3037 4998 3037 4286 2845 4287 2954 4995 2955 4287 2954 4288 2846 5136 3038 4995 2955 5135 2847 5135 2847 5132 2956 5121 3039 4285 2848 5128 3040 5132 2956 4285 2848 4276 2957 5128 3040 4276 2957 4277 2849 5128 3040 5128 3040 4277 2849 5129 2958 5129 2958 4279 2746 4329 2850 4329 2850 4330 2959 5129 2958 4272 3041 4330 2959 4267 2642 4267 2642 4273 2960 4272 3041 4273 2960 4274 2851 5131 3042 5131 3042 4274 2851 4275 2961 4271 2962 4275 2961 4268 2749 5127 3043 4271 2962 4270 2852 4269 2963 5127 3043 4270 2852 4269 2963 4258 2853 4257 3044 4213 2854 4254 2964 4258 2853 4255 3045 4254 2964 4214 2644 4253 2965 4255 3045 4214 2644 4253 2965 4252 2752 4923 2966 4923 2966 4922 2753 4921 2967 4935 3046 4921 2967 4920 2855 4920 2855 4918 2968 4934 3047 4919 2646 4917 2649 4918 2968 4918 2968 4887 2856 4933 3048 4887 2856 4885 2857 4932 3049 4932 3049 4885 2857 4931 2858 4931 2858 4225 2859 4226 3050 4226 3050 4225 2859 4218 2860 4218 2860 4122 2861 4217 3051 4123 3052 4122 2861 4119 2969 3986 2555 3483 2863 4119 2969 3483 2863 3988 2970 4119 2969 3988 2970 3466 2864 3384 2971 3377 2656 3385 2972 3384 2971 3385 2972 3386 2865 3988 2970 3386 2865 3387 2973 3989 3053 3388 2974 3387 2973 3378 2763 3362 3054 3388 2974 3364 2764 3365 2975 3363 3055 3364 2764 3375 3056 3365 2975 3374 2765 3391 2976 3390 3057 3374 2765 3361 3058 3391 2976 3360 2866 3361 3058 3360 2866 3315 2977 3328 3059 3315 2977 3327 2867 3328 3059 3327 2867 3410 2868 3407 3060 3410 2868 3411 2978 3412 3061 3411 2978 3403 2869 3413 3062 3403 2869 3434 2979 3434 2979 3433 2769 3392 2980 3393 2870 3143 3063 3392 2980 3394 2871 3140 3064 3393 2870 3424 2981 3147 3065 3394 2871 3424 2981 3429 2872 3421 3066 3429 2872 3428 2772 3427 2982 3427 2982 3425 2774 3148 2983 3150 2775 3149 2984 3148 2983 3149 2984 3151 2874 3422 3067 3151 2874 1565 2875 1563 2985 1564 2667 1556 2986 1563 2985 1560 3068 1556 2986 1656 2876 1463 3069 1656 2876 1464 2987 1464 2987 1657 2668 1469 2988 1469 2988 1468 2877 430 3070 430 3070 1468 2877 253 2878 254 3071 253 2878 252 2879 252 2879 498 2880 254 3071 498 2880 507 2881 497 3072 507 2881 514 2989 506 3073 515 2780 524 2990 514 2989 525 2781 537 2991 524 2990 538 2882 553 3074 537 2991 554 2883 553 3074 538 2882 577 2884 576 3075 554 2883 607 2992 606 3076 577 2884 608 2885 656 3077 607 2992 657 2886 656 3077 608 2885 718 2993 717 3078 657 2886 719 2887 785 3079 718 2993 786 2994 785 3079 719 2887 787 2995 786 2994 720 2784 788 2996 787 2995 721 2785 789 2888 174 3080 788 2996 176 2997 174 3080 789 2888 163 2998 176 2997 172 2889 163 2998 228 2891 230 2892 163 2998 230 2892 226 2893 226 2893 225 2894 163 2998 163 2998 225 2894 227 2895 163 2998 227 2895 223 2896 223 2896 222 2897 163 2998 163 2998 222 2897 224 2898 163 2998 224 2898 220 2899 220 2899 219 2900 163 2998 163 2998 219 2900 221 2999 221 2999 743 2797 744 2901 217 3081 744 2901 745 2902 216 3082 745 2902 746 2903 218 3083 746 2903 747 3000 747 3000 679 2798 680 3001 680 3001 618 2799 619 3002 619 3002 583 2800 584 3003 272 3084 584 3003 274 2904 265 3085 274 2904 264 2905 268 3004 267 3086 264 2905 269 3087 268 3004 259 2801 261 3005 269 3087 259 2801 262 3088 261 3005 260 2802 1085 3006 1086 3089 260 2802 1126 2906 1084 3090 1085 3006 1080 2907 1084 3090 1126 2906 1080 2907 1079 2908 1078 3091 2947 3007 1078 3091 1079 2908 2947 3007 2946 2804 2901 3008 2901 3008 2899 2805 2902 3092 2902 3092 2899 2805 2843 3009 2843 3009 2904 2910 2652 3010 2652 3010 2905 2806 2651 3093 2939 3094 2905 2806 2926 3011 2860 3095 2926 3011 2925 2911 2925 2911 2859 2808 2860 3095 2860 3095 2859 2808 2858 3012 2858 3012 2857 2912 2856 3096 2857 2912 2855 3013 2856 3096 2855 3013 2853 2913 2854 3097 2854 3097 2853 2913 2852 3014 2941 2811 2940 3015 2852 3014 2771 3016 2940 3015 2773 2914 2771 3016 2772 2812 2873 3017 2873 3017 2872 2915 2782 3098 2782 3098 2872 2915 2824 2916 2825 3018 2823 3099 2824 2916 2825 3018 2832 2917 2831 3100 2944 3101 2832 2917 2580 2918 2581 3102 2580 2918 2571 3019 2571 3019 2572 2919 4027 2920 4027 2920 2632 2921 3964 3103 3964 3103 2632 2921 3965 3020 3965 3020 3953 2714 3964 3103 3953 2714 3952 3021 3918 3104 3952 3021 3954 2923 4665 2924 4665 2924 4664 2821 4668 3022 4668 3022 4702 2925 4667 3105 4702 2925 4645 2926 4701 3106 4645 2926 4644 3023 4643 3107 4651 3108 4644 3023 4652 2927 4650 2928 4649 3109 4652 2927 4614 3110 4650 2928 4613 2929 4342 3111 4613 2929 4341 2930 4343 2826 4342 3111 4341 2930 4343 2826 4344 3024 4342 3111 4346 2827 4345 3112 4344 3024 4345 3112 4346 2827 4331 3025 4333 2931 4332 3113 4331 3025 4333 2931 4578 2932 4336 3114 4578 2932 4577 2933 4573 3115 4577 2933 4576 3026 4572 3116 4576 3026 4460 2934 4575 3117 4599 2935 4598 3118 4460 2934 4524 2936 4525 3119 4599 2935 4525 3119 4524 2936 4470 3027 4471 3028 4470 3027 4469 2831 4471 3028 4504 2937 4473 3120 4504 2937 4498 2938 4353 3121 4500 3122 4498 2938 4499 2939 4499 2939 4513 2940 4501 3123 4513 2940 4512 2941 4511 3124 4512 2941 4427 2942 4510 3125 4427 2942 4426 2943 4425 3126 4426 2943 4352 2944 4424 3127 4352 2944 4442 2945 4351 3128 4442 2945 5077 2946 5076 3129 5073 3130 5077 2946 5079 2947 5079 2947 5080 2948 5120 3131 5080 2948 5118 2949 5119 3132 5118 2949 5116 3029 5117 3133 5149 3030 5116 3029 5151 2834 5150 2835 5148 3031 5149 3030 5146 3032 5148 3031 5160 2837 5144 3033 5146 3032 5159 2838 5142 3034 5144 3033 5158 2839 5140 3035 5142 3034 5157 2840 5139 3134 5140 3035 5156 2950 5156 2950 5155 2841 5154 3135 5155 2841 5163 2951 5154 3135 4996 3036 4997 3136 5163 2951 4996 3036 4296 2953 4998 3037 4998 3037 4287 2954 4995 2955 5153 3137 4995 2955 5136 3038 5121 3039 5136 3038 5135 2847 5132 2956 5134 3138 5121 3039 5132 2956 5128 3040 5134 3138 5129 2958 5094 3139 5128 3040 4330 2959 4272 3041 5129 2958 4272 3041 4273 2960 5130 3140 5130 3140 4273 2960 5131 3042 5131 3042 4275 2961 4271 2962 5131 3042 4271 2962 5127 3043 4964 3141 5127 3043 4269 2963 4257 3044 4964 3141 4269 2963 4258 2853 4254 2964 4257 3044 4254 2964 4255 3045 4957 3142 4255 3045 4253 2965 4957 3142 4957 3142 4253 2965 4923 2966 4921 2967 4924 3143 4923 2966 4926 3144 4921 2967 4935 3046 4935 3046 4920 2855 4934 3047 4934 3047 4918 2968 4933 3048 4933 3048 4887 2856 4932 3049 4932 3049 4931 2858 4936 3145 4931 2858 4226 3050 4217 3051 4217 3051 4226 3050 4218 2860 4122 2861 4219 3146 4217 3051 4123 3052 4220 3147 4122 2861 4120 3148 4123 3052 4119 2969 4119 2969 3988 2970 4115 3149 3384 2971 3385 2972 3988 2970 3386 2865 3989 3053 3988 2970 3387 2973 3388 2974 3989 3053 3989 3053 3388 2974 3362 3054 3364 2764 3363 3055 3362 3054 3365 2975 3990 3150 3363 3055 3365 2975 3375 3056 3990 3150 3374 2765 3389 3151 3375 3056 3390 3057 3389 3151 3374 2765 3390 3057 3391 2976 3983 3152 3391 2976 3361 3058 3983 3152 3316 3153 3361 3058 3315 2977 3320 3154 3315 2977 3328 3059 3407 3060 3328 3059 3410 2868 3412 3061 3407 3060 3411 2978 3413 3062 3412 3061 3403 2869 3435 3155 3413 3062 3434 2979 3399 3156 3434 2979 3392 2980 3143 3063 3133 3157 3392 2980 3393 2870 3142 3158 3143 3063 3140 3064 3142 3158 3393 2870 3147 3065 3140 3064 3394 2871 3146 3159 3147 3065 3424 2981 3421 3066 3129 3160 3424 2981 3429 2872 3427 2982 3421 3066 3421 3066 3427 2982 3148 2983 3148 2983 3149 2984 3420 3161 3420 3161 3149 2984 3422 3067 3422 3067 3151 2874 1555 3162 3151 2874 1563 2985 1557 3163 1563 2985 1556 2986 1557 3163 1555 3162 1556 2986 1560 3068 1656 2876 1462 3164 1560 3068 1462 3164 1656 2876 1463 3069 1464 2987 430 3070 1463 3069 1464 2987 1469 2988 430 3070 253 2878 254 3071 430 3070 498 2880 497 3072 254 3071 507 2881 506 3073 497 3072 514 2989 513 3165 506 3073 524 2990 523 3166 514 2989 537 2991 536 3167 524 2990 553 3074 552 3168 537 2991 554 2883 576 3075 553 3074 577 2884 606 3076 576 3075 607 2992 655 3169 606 3076 656 3077 655 3169 607 2992 657 2886 717 3078 656 3077 718 2993 784 3170 717 3078 785 3079 784 3170 718 2993 786 2994 177 3171 785 3079 787 2995 179 3172 786 2994 788 2996 175 3173 787 2995 174 3080 175 3173 788 2996 163 2998 174 3080 176 2997 163 2998 221 2999 217 3081 217 3081 221 2999 744 2901 216 3082 217 3081 745 2902 218 3083 216 3082 746 2903 214 3174 218 3083 747 3000 748 3175 747 3000 680 3001 681 3176 680 3001 619 3002 620 3177 619 3002 584 3003 585 3178 584 3003 272 3084 274 2904 273 3179 272 3084 273 3179 274 2904 265 3085 266 3180 265 3085 264 2905 264 2905 267 3086 266 3180 268 3004 1141 3181 267 3086 269 3087 1141 3181 268 3004 269 3087 261 3005 1141 3181 263 3182 261 3005 262 3088 260 2802 1134 3183 262 3088 1086 3089 1134 3183 260 2802 1084 3090 1086 3089 1085 3006 1083 3184 1084 3090 1080 2907 1078 3091 1139 3185 1080 2907 1139 3185 1078 3091 2947 3007 2902 3092 2947 3007 2901 3008 2843 3009 2903 3186 2902 3092 2843 3009 2652 3010 2841 3187 2653 3188 2652 3010 2651 3093 2905 2806 2939 3094 2651 3093 2860 3095 2939 3094 2926 3011 2858 3012 2847 3189 2860 3095 2856 3096 2848 3190 2858 3012 2856 3096 2855 3013 2854 3097 2852 3014 2940 3015 2854 3097 2850 3191 2940 3015 2771 3016 2874 3192 2771 3016 2873 3017 2783 3193 2873 3017 2782 3098 2824 2916 2823 3099 2782 3098 2825 3018 2835 3194 2823 3099 2831 3100 2836 3195 2825 3018 2832 2917 2942 3196 2831 3100 2944 3101 2943 3197 2832 2917 2581 3102 2944 3101 2580 2918 2581 3102 2571 3019 4028 3198 4028 3198 2571 3019 4027 2920 3963 3199 4027 2920 3964 3103 3953 2714 3918 3104 3964 3103 3952 3021 3956 3200 3918 3104 3956 3200 3952 3021 4665 2924 4665 2924 4668 3022 4657 3201 4668 3022 4667 3105 4660 3202 4702 2925 4701 3106 4667 3105 4645 2926 4643 3107 4701 3106 4644 3023 4642 3203 4643 3107 4642 3203 4644 3023 4651 3108 4652 2927 4649 3109 4651 3108 4650 2928 4615 3204 4649 3109 4615 3204 4650 2928 4614 3110 4614 3110 4613 2929 4342 3111 4344 3024 4614 3110 4342 3111 4345 3112 4615 3204 4344 3024 4331 3025 4616 3205 4345 3112 4332 3113 4617 3206 4331 3025 4332 3113 4333 2931 4334 3207 4334 3207 4333 2931 4336 3114 4336 3114 4578 2932 4573 3115 4573 3115 4577 2933 4572 3116 4572 3116 4576 3026 4571 3208 4576 3026 4575 3117 4571 3208 4460 2934 4597 3209 4575 3117 4460 2934 4598 3118 4597 3209 4599 2935 4525 3119 4598 3118 4472 3210 4525 3119 4470 3027 4472 3210 4470 3027 4471 3028 4473 3120 4472 3210 4471 3028 4504 2937 4353 3121 4473 3120 4498 2938 4500 3122 4353 3121 4501 3123 4500 3122 4499 2939 4513 2940 4511 3124 4501 3123 4512 2941 4510 3125 4511 3124 4427 2942 4425 3126 4510 3125 4426 2943 4424 3127 4425 3126 4352 2944 4350 3211 4424 3127 4352 2944 4351 3128 4350 3211 5076 3129 4351 3128 4442 2945 5076 3129 5077 2946 5073 3130 5073 3130 5079 2947 5120 3131 5120 3131 5080 2948 5119 3132 5119 3132 5118 2949 5117 3133 5117 3133 5116 3029 5115 3212 5114 3213 5116 3029 5149 3030 5149 3030 5148 3031 5147 3214 5148 3031 5146 3032 5147 3214 5146 3032 5144 3033 5145 3215 5144 3033 5142 3034 5143 3216 5142 3034 5140 3035 5141 3217 5140 3035 5139 3134 5138 3218 5154 3135 5139 3134 5156 2950 5163 2951 4997 3136 5154 3135 4998 3037 4997 3136 4996 3036 5153 3137 4998 3037 4995 2955 5137 3219 5153 3137 5136 3038 5137 3219 5136 3038 5121 3039 5121 3039 5134 3138 5123 3220 5128 3040 5094 3139 5134 3138 5095 3221 5094 3139 5129 2958 5129 2958 4272 3041 5130 3140 5131 3042 5096 3222 5130 3140 5093 3223 5131 3042 5127 3043 4964 3141 4977 3224 5127 3043 4964 3141 4257 3044 4254 2964 4957 3142 4964 3141 4254 2964 4923 2966 4977 3224 4957 3142 4924 3143 4979 3225 4923 2966 4925 3226 4924 3143 4921 2967 4926 3144 4925 3226 4921 2967 4916 3227 4926 3144 4935 3046 4935 3046 4934 3047 4915 3228 4934 3047 4933 3048 4914 3229 4933 3048 4932 3049 4937 3230 4937 3230 4932 3049 4936 3145 4936 3145 4931 2858 4930 3231 4931 2858 4217 3051 4930 3231 4930 3231 4217 3051 4219 3146 4220 3147 4219 3146 4122 2861 4221 3232 4220 3147 4123 3052 4120 3148 4221 3232 4123 3052 4120 3148 4119 2969 4118 3233 4119 2969 4115 3149 4118 3233 3988 2970 4124 3234 4115 3149 3988 2970 3989 3053 4124 3234 3363 3055 3989 3053 3362 3054 3990 3150 3989 3053 3363 3055 3375 3056 3984 3235 3990 3150 3984 3235 3375 3056 3389 3151 3389 3151 3390 3057 3984 3235 3390 3057 3983 3152 3984 3235 3983 3152 3361 3058 3316 3153 3317 3236 3316 3153 3315 2977 3320 3154 3319 3237 3315 2977 3328 3059 3475 3238 3320 3154 3477 3239 3328 3059 3407 3060 3408 3240 3407 3060 3412 3061 3413 3062 3418 3241 3412 3061 3413 3062 3435 3155 3996 3242 3435 3155 3434 2979 3399 3156 3392 2980 3133 3157 3399 3156 3133 3157 3143 3063 3144 3243 3143 3063 3142 3158 3141 3244 3141 3244 3142 3158 3140 3064 3140 3064 3147 3065 3139 3245 3147 3065 3146 3159 3132 3246 3424 2981 3130 3247 3146 3159 3129 3160 3130 3247 3424 2981 3128 3248 3129 3160 3421 3066 3421 3066 3148 2983 3420 3161 3419 3249 3420 3161 3422 3067 1555 3162 1562 3250 3422 3067 1555 3162 3151 2874 1557 3163 1557 3163 1556 2986 1555 3162 1562 3250 1555 3162 1560 3068 1462 3164 1461 3251 1560 3068 1463 3069 431 3252 1462 3164 430 3070 431 3252 1463 3069 430 3070 254 3071 432 3253 254 3071 497 3072 493 3254 497 3072 506 3073 496 3255 506 3073 513 3165 505 3256 514 2989 523 3166 513 3165 524 2990 536 3167 523 3166 537 2991 552 3168 536 3167 553 3074 575 3257 552 3168 576 3075 575 3257 553 3074 606 3076 605 3258 576 3075 655 3169 654 3259 606 3076 656 3077 716 3260 655 3169 717 3078 716 3260 656 3077 784 3170 783 3261 717 3078 785 3079 178 3262 784 3170 177 3171 178 3262 785 3079 179 3172 177 3171 786 2994 175 3173 179 3172 787 2995 175 3173 174 3080 163 2998 217 3081 216 3082 163 2998 163 2998 216 3082 218 3083 163 2998 218 3083 214 3174 214 3174 747 3000 748 3175 748 3175 680 3001 681 3176 681 3176 619 3002 620 3177 620 3177 584 3003 585 3178 270 3263 585 3178 272 3084 273 3179 271 3264 272 3084 265 3085 1277 3265 273 3179 266 3180 1277 3265 265 3085 267 3086 1277 3265 266 3180 1141 3181 1277 3265 267 3086 261 3005 263 3182 1141 3181 263 3182 262 3088 1124 3266 1134 3183 1135 3267 262 3088 1084 3090 1134 3183 1086 3089 1083 3184 1121 3268 1084 3090 1080 2907 1133 3269 1083 3184 1139 3185 1133 3269 1080 2907 2948 3270 1139 3185 2947 3007 2902 3092 2903 3186 2947 3007 2842 3271 2903 3186 2843 3009 2843 3009 2841 3187 2842 3271 2652 3010 2653 3188 2841 3187 2846 3272 2653 3188 2651 3093 2651 3093 2939 3094 2847 3189 2847 3189 2939 3094 2860 3095 2848 3190 2847 3189 2858 3012 2850 3191 2848 3190 2856 3096 2854 3097 2850 3191 2856 3096 2940 3015 2850 3191 2854 3097 2875 3273 2850 3191 2771 3016 2875 3273 2771 3016 2874 3192 2874 3192 2873 3017 2783 3193 2784 3274 2783 3193 2782 3098 2823 3099 2784 3274 2782 3098 2835 3194 2834 3275 2823 3099 2836 3195 2835 3194 2825 3018 2836 3195 2831 3100 3980 3276 3980 3276 2831 3100 2942 3196 2943 3197 2942 3196 2832 2917 4028 3198 2943 3197 2944 3101 2944 3101 2581 3102 4028 3198 4028 3198 4027 2920 4029 3277 4029 3277 4027 2920 3963 3199 3964 3103 3918 3104 3963 3199 3956 3200 3955 3278 3918 3104 3956 3200 4665 2924 4663 3279 4663 3279 4665 2924 4657 3201 4657 3201 4668 3022 4660 3202 4660 3202 4667 3105 4666 3280 4667 3105 4701 3106 4696 3281 4701 3106 4643 3107 4700 3282 4643 3107 4642 3203 4641 3283 4642 3203 4651 3108 4698 3284 4651 3108 4649 3109 4697 3285 4615 3204 4616 3205 4649 3109 4615 3204 4614 3110 4344 3024 4616 3205 4615 3204 4345 3112 4617 3206 4616 3205 4331 3025 4618 3286 4617 3206 4332 3113 4334 3207 4618 3286 4332 3113 4336 3114 4335 3287 4334 3207 4336 3114 4573 3115 4529 3288 4573 3115 4572 3116 4536 3289 4572 3116 4571 3208 4539 3290 4571 3208 4575 3117 4570 3291 4575 3117 4597 3209 4574 3292 4598 3118 4596 3293 4597 3209 4525 3119 4526 3294 4598 3118 4526 3294 4525 3119 4472 3210 4474 3295 4472 3210 4473 3120 4473 3120 4353 3121 4354 3296 4353 3121 4500 3122 4355 3297 4398 3298 4500 3122 4501 3123 4501 3123 4511 3124 4502 3299 4511 3124 4510 3125 4400 3300 4510 3125 4425 3126 4361 3301 4425 3126 4424 3127 4402 3302 4424 3127 4350 3211 4437 3303 4350 3211 4351 3128 5076 3129 5074 3304 5076 3129 5073 3130 5120 3131 5075 3305 5073 3130 5119 3132 5105 3306 5120 3131 5117 3133 5104 3307 5119 3132 5115 3212 5103 3308 5117 3133 5116 3029 5114 3213 5115 3212 5147 3214 5114 3213 5149 3030 5147 3214 5146 3032 5145 3215 5145 3215 5144 3033 5143 3216 5143 3216 5142 3034 5141 3217 5141 3217 5140 3035 5138 3218 5139 3134 5211 3309 5138 3218 5154 3135 5153 3137 5139 3134 4997 3136 5153 3137 5154 3135 4997 3136 4998 3037 5153 3137 5211 3309 5153 3137 5137 3219 5122 3310 5137 3219 5121 3039 5123 3220 5122 3310 5121 3039 5134 3138 5133 3311 5123 3220 5134 3138 5094 3139 5133 3311 5095 3221 5091 3312 5094 3139 5130 3140 5095 3221 5129 2958 5096 3222 5095 3221 5130 3140 5096 3222 5131 3042 5093 3223 5093 3223 5127 3043 5126 3313 4977 3224 4978 3314 5127 3043 4977 3224 4964 3141 4957 3142 4923 2966 4978 3314 4977 3224 4979 3225 4978 3314 4923 2966 4980 3315 4979 3225 4924 3143 4925 3226 4980 3315 4924 3143 4926 3144 4958 3316 4925 3226 4960 3317 4926 3144 4916 3227 4916 3227 4935 3046 4915 3228 4915 3228 4934 3047 4914 3229 4914 3229 4933 3048 4937 3230 4936 3145 4955 3318 4937 3230 4930 3231 4928 3319 4936 3145 4219 3146 4220 3147 4930 3231 4220 3147 4221 3232 4930 3231 4222 3320 4221 3232 4120 3148 4118 3233 4222 3320 4120 3148 4118 3233 4115 3149 4113 3321 4115 3149 4124 3234 3970 3322 3989 3053 3990 3150 4124 3234 3990 3150 3984 3235 4126 3323 3984 3235 3983 3152 4131 3324 3983 3152 3316 3153 3317 3236 3315 2977 3318 3325 3317 3236 3319 3237 3318 3325 3315 2977 3319 3237 3320 3154 3992 3326 3320 3154 3475 3238 3991 3327 3476 3328 3475 3238 3328 3059 3477 3239 3476 3328 3328 3059 3405 3329 3477 3239 3407 3060 3408 3240 3406 3330 3407 3060 3412 3061 3414 3331 3408 3240 3418 3241 3417 3332 3412 3061 3418 3241 3413 3062 3993 3333 3413 3062 3996 3242 3993 3333 3435 3155 3397 3334 3996 3242 3397 3334 3435 3155 3399 3156 3133 3157 3134 3335 3399 3156 3144 3243 3135 3336 3133 3157 3144 3243 3143 3063 3141 3244 3141 3244 3140 3064 3139 3245 3139 3245 3147 3065 3132 3246 3132 3246 3146 3159 3130 3247 3130 3247 3129 3160 3127 3337 3129 3160 3128 3248 3127 3337 3128 3248 3421 3066 3126 3338 3421 3066 3420 3161 3126 3338 3126 3338 3420 3161 3419 3249 3422 3067 1561 3339 3419 3249 1562 3250 1561 3339 3422 3067 1562 3250 1560 3068 1561 3339 1560 3068 1461 3251 1452 3340 1462 3164 433 3341 1461 3251 431 3252 433 3341 1462 3164 432 3253 431 3252 430 3070 254 3071 493 3254 432 3253 497 3072 496 3255 493 3254 506 3073 505 3256 496 3255 513 3165 512 3342 505 3256 523 3166 522 3343 513 3165 536 3167 535 3344 523 3166 552 3168 551 3345 536 3167 575 3257 574 3346 552 3168 576 3075 605 3258 575 3257 606 3076 654 3259 605 3258 655 3169 715 3347 654 3259 716 3260 715 3347 655 3169 717 3078 783 3261 716 3260 784 3170 182 3348 783 3261 178 3262 182 3348 784 3170 178 3262 177 3171 163 2998 163 2998 177 3171 179 3172 163 2998 179 3172 175 3173 214 3174 213 3349 163 2998 213 3349 214 3174 748 3175 749 3350 748 3175 681 3176 682 3351 681 3176 620 3177 621 3352 620 3177 585 3178 586 3353 585 3178 270 3263 272 3084 271 3264 270 3263 273 3179 1278 3354 271 3264 1277 3265 1278 3354 273 3179 1277 3265 1141 3181 1284 3355 1141 3181 263 3182 1125 3356 1121 3268 263 3182 1124 3266 1124 3266 262 3088 1136 3357 262 3088 1135 3267 1136 3357 1121 3268 1135 3267 1134 3183 1121 3268 1134 3183 1084 3090 1119 3358 1121 3268 1083 3184 1133 3269 1091 3359 1083 3184 1139 3185 1138 3360 1133 3269 2948 3270 1138 3360 1139 3185 2947 3007 2903 3186 2948 3270 2903 3186 2842 3271 2949 3361 2842 3271 2841 3187 2840 3362 2841 3187 2653 3188 2845 3363 2869 3364 2653 3188 2846 3272 2847 3189 2846 3272 2651 3093 2847 3189 2848 3190 2846 3272 2850 3191 2849 3365 2848 3190 2849 3365 2850 3191 2875 3273 2876 3366 2875 3273 2874 3192 2781 3367 2874 3192 2783 3193 2785 3368 2783 3193 2784 3274 2827 3369 2784 3274 2823 3099 2823 3099 2834 3275 2828 3370 2834 3275 2835 3194 4026 3371 2835 3194 2836 3195 3980 3276 3980 3276 2942 3196 2943 3197 3980 3276 2943 3197 4028 3198 4028 3198 4029 3277 4032 3372 3963 3199 3962 3373 4029 3277 3918 3104 3916 3374 3963 3199 3918 3104 3955 3278 3917 3375 3955 3278 3956 3200 4663 3279 4657 3201 4626 3376 4663 3279 4660 3202 4659 3377 4657 3201 4666 3280 4685 3378 4660 3202 4667 3105 4696 3281 4666 3280 4701 3106 4700 3282 4696 3281 4643 3107 4641 3283 4700 3282 4641 3283 4642 3203 4699 3379 4699 3379 4642 3203 4698 3284 4698 3284 4651 3108 4697 3285 4697 3285 4649 3109 4627 3380 4649 3109 4616 3205 4617 3206 4627 3380 4617 3206 4618 3286 4619 3381 4618 3286 4334 3207 4335 3287 4619 3381 4334 3207 4335 3287 4336 3114 4530 3382 4530 3382 4336 3114 4529 3288 4529 3288 4573 3115 4536 3289 4536 3289 4572 3116 4539 3290 4539 3290 4571 3208 4543 3383 4571 3208 4570 3291 4543 3383 4575 3117 4574 3292 4570 3291 4597 3209 4595 3384 4574 3292 4597 3209 4596 3293 4595 3384 4598 3118 4526 3294 4596 3293 4474 3295 4526 3294 4472 3210 4354 3296 4474 3295 4473 3120 4355 3297 4354 3296 4353 3121 4500 3122 4398 3298 4355 3297 4502 3299 4398 3298 4501 3123 4511 3124 4400 3300 4502 3299 4510 3125 4361 3301 4400 3300 4425 3126 4402 3302 4361 3301 4402 3302 4424 3127 4604 3385 4604 3385 4424 3127 4437 3303 4437 3303 4350 3211 5220 3386 5220 3386 4350 3211 5076 3129 5220 3386 5076 3129 5074 3304 5075 3305 5074 3304 5073 3130 5105 3306 5075 3305 5120 3131 5104 3307 5105 3306 5119 3132 5103 3308 5104 3307 5117 3133 5102 3387 5103 3308 5115 3212 5115 3212 5114 3213 5113 3388 5112 3389 5114 3213 5147 3214 5145 3215 5112 3389 5147 3214 5143 3216 5110 3390 5145 3215 5141 3217 5108 3391 5143 3216 5138 3218 5107 3392 5141 3217 5211 3309 5212 3393 5138 3218 5153 3137 5211 3309 5139 3134 5122 3310 5211 3309 5137 3219 5124 3394 5122 3310 5123 3220 5123 3220 5133 3311 5125 3395 5094 3139 5091 3312 5133 3311 5090 3396 5091 3312 5095 3221 5096 3222 5090 3396 5095 3221 5177 3397 5096 3222 5093 3223 4981 3398 5093 3223 5126 3313 5126 3313 5127 3043 4979 3225 5127 3043 4978 3314 4979 3225 4979 3225 4980 3315 5126 3313 4981 3398 4980 3315 4925 3226 4958 3316 4981 3398 4925 3226 4959 3399 4958 3316 4926 3144 4960 3317 4959 3399 4926 3144 4907 3400 4960 3317 4916 3227 4916 3227 4915 3228 4908 3401 4915 3228 4914 3229 4910 3402 4937 3230 4953 3403 4914 3229 4955 3318 4953 3403 4937 3230 4928 3319 4955 3318 4936 3145 4929 3404 4928 3319 4930 3231 4930 3231 4221 3232 4222 3320 4222 3320 4118 3233 4795 3405 4795 3405 4118 3233 4113 3321 4115 3149 4114 3406 4113 3321 3970 3322 4116 3407 4115 3149 4124 3234 4110 3408 3970 3322 4124 3234 3990 3150 4110 3408 3990 3150 4126 3323 4110 3408 3984 3235 4131 3324 4126 3323 3983 3152 4176 3409 4131 3324 3317 3236 3318 3325 3983 3152 3318 3325 3319 3237 3992 3326 3992 3326 3320 3154 3991 3327 3991 3327 3475 3238 3476 3328 3476 3328 3477 3239 3991 3327 3477 3239 3405 3329 3982 3410 3407 3060 3406 3330 3405 3329 3982 3410 3406 3330 3408 3240 3982 3410 3408 3240 3414 3331 3415 3411 3414 3331 3412 3061 3412 3061 3417 3332 3416 3412 3993 3333 3417 3332 3418 3241 3993 3333 3996 3242 3994 3413 3996 3242 3397 3334 3398 3414 3399 3156 3398 3414 3397 3334 3399 3156 3134 3335 3136 3415 3135 3336 3134 3335 3133 3157 3145 3416 3135 3336 3144 3243 3141 3244 1519 3417 3144 3243 3139 3245 1527 3418 3141 3244 3132 3246 1526 3419 3139 3245 3132 3246 3130 3247 3131 3420 3131 3420 3130 3247 3127 3337 3128 3248 3126 3338 3127 3337 1454 3421 3126 3338 3419 3249 1561 3339 1559 3422 3419 3249 1561 3339 1560 3068 1559 3422 1560 3068 1452 3340 1559 3422 1461 3251 429 3423 1452 3340 433 3341 429 3423 1461 3251 433 3341 431 3252 432 3253 432 3253 493 3254 434 3424 493 3254 496 3255 492 3425 496 3255 505 3256 495 3426 505 3256 512 3342 504 3427 513 3165 522 3343 512 3342 523 3166 535 3344 522 3343 536 3167 551 3345 535 3344 552 3168 574 3346 551 3345 575 3257 604 3428 574 3346 605 3258 604 3428 575 3257 654 3259 653 3429 605 3258 715 3347 714 3430 654 3259 716 3260 782 3431 715 3347 783 3261 782 3431 716 3260 182 3348 180 3432 783 3261 163 2998 182 3348 178 3262 163 2998 213 3349 215 3433 213 3349 748 3175 749 3350 749 3350 681 3176 682 3351 682 3351 620 3177 621 3352 621 3352 585 3178 586 3353 277 3434 586 3353 270 3263 271 3264 279 3435 270 3263 1278 3354 279 3435 271 3264 1278 3354 1277 3265 1285 3436 1285 3436 1277 3265 1284 3355 1284 3355 1141 3181 1142 3437 1125 3356 1122 3438 1141 3181 1125 3356 263 3182 1121 3268 1124 3266 1136 3357 1121 3268 1136 3357 1135 3267 1121 3268 1119 3358 1123 3439 1121 3268 1081 3440 1119 3358 1083 3184 1083 3184 1091 3359 1082 3441 1133 3269 1132 3442 1091 3359 1138 3360 1137 3443 1133 3269 1137 3443 1138 3360 2948 3270 2948 3270 2903 3186 2949 3361 2949 3361 2842 3271 2840 3362 2844 3444 2840 3362 2841 3187 2845 3363 2844 3444 2841 3187 2653 3188 2869 3364 2845 3363 2851 3445 2869 3364 2846 3272 2848 3190 2849 3365 2846 3272 2877 3446 2849 3365 2875 3273 2877 3446 2875 3273 2876 3366 2876 3366 2874 3192 2781 3367 2783 3193 2785 3368 2781 3367 2784 3274 2838 3447 2785 3368 2784 3274 2827 3369 2826 3448 2828 3370 2827 3369 2823 3099 2828 3370 2834 3275 4026 3371 2835 3194 3980 3276 4026 3371 4193 3449 3980 3276 4028 3198 4028 3198 4032 3372 4193 3449 3958 3450 4032 3372 4029 3277 4029 3277 3962 3373 3957 3451 3963 3199 3916 3374 3962 3373 3918 3104 3917 3375 3916 3374 4663 3279 3917 3375 3955 3278 4626 3376 3960 3452 4663 3279 4662 3453 4626 3376 4657 3201 4659 3377 4658 3454 4657 3201 4685 3378 4659 3377 4660 3202 4686 3455 4685 3378 4666 3280 4696 3281 4694 3456 4666 3280 4696 3281 4700 3282 4695 3457 4700 3282 4641 3283 4699 3379 4699 3379 4698 3284 4640 3458 4698 3284 4697 3285 4638 3459 4697 3285 4627 3380 4637 3460 4649 3109 4617 3206 4627 3380 4627 3380 4618 3286 4619 3381 4620 3461 4619 3381 4335 3287 4530 3382 4620 3461 4335 3287 4531 3462 4530 3382 4529 3288 4536 3289 4535 3463 4529 3288 4539 3290 4538 3464 4536 3289 4543 3383 4542 3465 4539 3290 4543 3383 4570 3291 4546 3466 4570 3291 4574 3292 4569 3467 4574 3292 4595 3384 4420 3468 4596 3293 4594 3469 4595 3384 4526 3294 4527 3470 4596 3293 4527 3470 4526 3294 4474 3295 4354 3296 4527 3470 4474 3295 4355 3297 4528 3471 4354 3296 4355 3297 4398 3298 4396 3472 4397 3473 4398 3298 4502 3299 4502 3299 4400 3300 4399 3474 4400 3300 4361 3301 4359 3475 4361 3301 4402 3302 4360 3476 4605 3477 4402 3302 4604 3385 4604 3385 4437 3303 5221 3478 5221 3478 4437 3303 5220 3386 5067 3479 5220 3386 5074 3304 5074 3304 5075 3305 5066 3480 5075 3305 5105 3306 5059 3481 5105 3306 5104 3307 5058 3482 5104 3307 5103 3308 5052 3483 5103 3308 5102 3387 5040 3484 5113 3388 5102 3387 5115 3212 5114 3213 5112 3389 5113 3388 5110 3390 5112 3389 5145 3215 5108 3391 5110 3390 5143 3216 5107 3392 5108 3391 5141 3217 5138 3218 5212 3393 5107 3392 5212 3393 5211 3309 5122 3310 5124 3394 5212 3393 5122 3310 5125 3395 5124 3394 5123 3220 5133 3311 5092 3485 5125 3395 5133 3311 5091 3312 5092 3485 5092 3485 5091 3312 5090 3396 5090 3396 5096 3222 5177 3397 5088 3486 5177 3397 5093 3223 4982 3487 5093 3223 4981 3398 5126 3313 4980 3315 4981 3398 4982 3487 4981 3398 4958 3316 4959 3399 4974 3488 4958 3316 4961 3489 4959 3399 4960 3317 4962 3490 4960 3317 4907 3400 4907 3400 4916 3227 4908 3401 4908 3401 4915 3228 4910 3402 4910 3402 4914 3229 4912 3491 4953 3403 4951 3492 4914 3229 4955 3318 4954 3493 4953 3403 4928 3319 4956 3494 4955 3318 4929 3404 4867 3495 4928 3319 4222 3320 4929 3404 4930 3231 4795 3405 4929 3404 4222 3320 4114 3406 4795 3405 4113 3321 4116 3407 4114 3406 4115 3149 4117 3496 4116 3407 3970 3322 3970 3322 4110 3408 3969 3497 4110 3408 4126 3323 4106 3498 4126 3323 4131 3324 4125 3499 4131 3324 4176 3409 4130 3500 3983 3152 3992 3326 4176 3409 3318 3325 3992 3326 3983 3152 3991 3327 3982 3410 3992 3326 3477 3239 3982 3410 3991 3327 3405 3329 3406 3330 3982 3410 3994 3413 3982 3410 3414 3331 3414 3331 3415 3411 3994 3413 3416 3412 3415 3411 3412 3061 3416 3412 3417 3332 3993 3333 3994 3413 3416 3412 3993 3333 3996 3242 3997 3501 3994 3413 3398 3414 3400 3502 3996 3242 3400 3502 3398 3414 3399 3156 3136 3415 3400 3502 3399 3156 3134 3335 3137 3503 3136 3415 3135 3336 3138 3504 3134 3335 3135 3336 3145 3416 3097 3505 3124 3506 3145 3416 3144 3243 1519 3417 1518 3507 3144 3243 3141 3244 1520 3508 1519 3417 1527 3418 1520 3508 3141 3244 1526 3419 1527 3418 3139 3245 1530 3509 1526 3419 3132 3246 3131 3420 1529 3510 3132 3246 3127 3337 1528 3511 3131 3420 3127 3337 3126 3338 3125 3512 1454 3421 1455 3513 3126 3338 3419 3249 1558 3514 1454 3421 3419 3249 1559 3422 1558 3514 1559 3422 1452 3340 1558 3514 1453 3515 1452 3340 429 3423 433 3341 434 3424 429 3423 434 3424 433 3341 432 3253 493 3254 492 3425 434 3424 496 3255 495 3426 492 3425 505 3256 504 3427 495 3426 512 3342 511 3516 504 3427 522 3343 521 3517 512 3342 535 3344 534 3518 522 3343 551 3345 550 3519 535 3344 574 3346 573 3520 551 3345 604 3428 603 3521 574 3346 605 3258 653 3429 604 3428 654 3259 714 3430 653 3429 715 3347 781 3522 714 3430 782 3431 781 3522 715 3347 783 3261 180 3432 782 3431 163 2998 180 3432 182 3348 163 2998 215 3433 211 3523 215 3433 213 3349 749 3350 750 3524 749 3350 682 3351 683 3525 682 3351 621 3352 622 3526 621 3352 586 3353 587 3527 586 3353 277 3434 270 3263 278 3528 277 3434 279 3435 278 3528 270 3263 278 3528 279 3435 1278 3354 1286 3529 1278 3354 1285 3436 1285 3436 1284 3355 1165 3530 1284 3355 1142 3437 1161 3531 1141 3181 1122 3438 1142 3437 1122 3438 1125 3356 1121 3268 1123 3439 1122 3438 1121 3268 1120 3532 1123 3439 1119 3358 1101 3533 1119 3358 1081 3440 1083 3184 1082 3441 1081 3440 1091 3359 1089 3534 1082 3441 1132 3442 1131 3535 1091 3359 1133 3269 1137 3443 1132 3442 2949 3361 1137 3443 2948 3270 2950 3536 2949 3361 2840 3362 2844 3444 2950 3536 2840 3362 2861 3537 2844 3444 2845 3363 2845 3363 2869 3364 2862 3538 2868 3539 2869 3364 2851 3445 2846 3272 2849 3365 2851 3445 2851 3445 2849 3365 2877 3446 2878 3540 2877 3446 2876 3366 2779 3541 2876 3366 2781 3367 2781 3367 2785 3368 2780 3542 2838 3447 2837 3543 2785 3368 2839 3544 2838 3447 2784 3274 2826 3448 2839 3544 2784 3274 2828 3370 4026 3371 4025 3545 4193 3449 4026 3371 3980 3276 4032 3372 4040 3546 4193 3449 3958 3450 4033 3547 4032 3372 3957 3451 3958 3450 4029 3277 3962 3373 3961 3548 3957 3451 3916 3374 3961 3548 3962 3373 3916 3374 3917 3375 4663 3279 4663 3279 3960 3452 3961 3548 4626 3376 3959 3549 3960 3452 4662 3453 4661 3550 4626 3376 4658 3454 4662 3453 4657 3201 4658 3454 4659 3377 4754 3551 4659 3377 4685 3378 4756 3552 4756 3552 4685 3378 4686 3455 4681 3553 4686 3455 4666 3280 4666 3280 4694 3456 4681 3553 4696 3281 4695 3457 4694 3456 4700 3282 4699 3379 4695 3457 4695 3457 4699 3379 4640 3458 4640 3458 4698 3284 4638 3459 4638 3459 4697 3285 4637 3460 4637 3460 4627 3380 4636 3554 4627 3380 4619 3381 4636 3554 4636 3554 4619 3381 4620 3461 4621 3555 4620 3461 4530 3382 4532 3556 4530 3382 4531 3462 4529 3288 4534 3557 4531 3462 4535 3463 4534 3557 4529 3288 4536 3289 4537 3558 4535 3463 4538 3464 4537 3558 4536 3289 4540 3559 4538 3464 4539 3290 4542 3465 4541 3560 4539 3290 4543 3383 4544 3561 4542 3465 4546 3466 4545 3562 4543 3383 4570 3291 4569 3467 4546 3466 4574 3292 4420 3468 4569 3467 4595 3384 4593 3563 4420 3468 4595 3384 4594 3469 4593 3563 4596 3293 4527 3470 4594 3469 4528 3471 4527 3470 4354 3296 4396 3472 4528 3471 4355 3297 4398 3298 4397 3473 4396 3472 4399 3474 4397 3473 4502 3299 4400 3300 4359 3475 4399 3474 4361 3301 4360 3476 4359 3475 4402 3302 4401 3564 4360 3476 4401 3564 4402 3302 4605 3477 4605 3477 4604 3385 5221 3478 5221 3478 5220 3386 5067 3479 5067 3479 5074 3304 5066 3480 5066 3480 5075 3305 5059 3481 5059 3481 5105 3306 5058 3482 5058 3482 5104 3307 5052 3483 5052 3483 5103 3308 5040 3484 5040 3484 5102 3387 5039 3565 5101 3566 5102 3387 5113 3388 5113 3388 5112 3389 5111 3567 5112 3389 5110 3390 5111 3567 5110 3390 5108 3391 5109 3568 5108 3391 5107 3392 5106 3569 5212 3393 5213 3570 5107 3392 5213 3570 5212 3393 5124 3394 5125 3395 5213 3570 5124 3394 5125 3395 5092 3485 5199 3571 5092 3485 5090 3396 4989 3572 4989 3572 5090 3396 5177 3397 4989 3572 5177 3397 5088 3486 5093 3223 4982 3487 5088 3486 4974 3488 4982 3487 4958 3316 4975 3573 4974 3488 4959 3399 4961 3489 4975 3573 4959 3399 4962 3490 4961 3489 4960 3317 4906 3574 4962 3490 4907 3400 4908 3401 4890 3575 4907 3400 4910 3402 4909 3576 4908 3401 4912 3491 4911 3577 4910 3402 4914 3229 4951 3492 4912 3491 4953 3403 4952 3578 4951 3492 4954 3493 4952 3578 4953 3403 4956 3494 4954 3493 4955 3318 4866 3579 4956 3494 4928 3319 4928 3319 4867 3495 4866 3579 4860 3580 4867 3495 4929 3404 4795 3405 4860 3580 4929 3404 4795 3405 4114 3406 4794 3581 4794 3581 4114 3406 4116 3407 4794 3581 4116 3407 4117 3496 3968 3582 4117 3496 3970 3322 3970 3322 3969 3497 3968 3582 4110 3408 4109 3583 3969 3497 4106 3498 4111 3584 4110 3408 4126 3323 4125 3499 4106 3498 4131 3324 4130 3500 4125 3499 4176 3409 4175 3585 4130 3500 3992 3326 4152 3586 4176 3409 3982 3410 4153 3587 3992 3326 4153 3587 3982 3410 3994 3413 3415 3411 3416 3412 3994 3413 3994 3413 3997 3501 4154 3588 3997 3501 3996 3242 3099 3589 3996 3242 3400 3502 3995 3590 3400 3502 3136 3415 3995 3590 3136 3415 3137 3503 3995 3590 3138 3504 3137 3503 3134 3335 3135 3336 3097 3505 3138 3504 3097 3505 3145 3416 3094 3591 3145 3416 3124 3506 3094 3591 3144 3243 1518 3507 3124 3506 1519 3417 1517 3592 1518 3507 1519 3417 1520 3508 1515 3593 1520 3508 1527 3418 1513 3594 1527 3418 1526 3419 1524 3595 1526 3419 1530 3509 1524 3595 1529 3510 1530 3509 3132 3246 1528 3511 1529 3510 3131 3420 1502 3596 1528 3511 3127 3337 3125 3512 1456 3597 3127 3337 3126 3338 1455 3513 3125 3512 1455 3513 1454 3421 429 3423 1558 3514 1453 3515 1454 3421 1452 3340 1453 3515 1558 3514 429 3423 1454 3421 1453 3515 429 3423 434 3424 420 3598 434 3424 492 3425 415 3599 492 3425 495 3426 491 3600 495 3426 504 3427 494 3601 504 3427 511 3516 503 3602 512 3342 521 3517 511 3516 522 3343 534 3518 521 3517 535 3344 550 3519 534 3518 551 3345 573 3520 550 3519 574 3346 603 3521 573 3520 604 3428 652 3603 603 3521 653 3429 652 3603 604 3428 714 3430 713 3604 653 3429 781 3522 780 3605 714 3430 782 3431 181 3606 781 3522 180 3432 181 3606 782 3431 181 3606 180 3432 163 2998 211 3523 210 3607 163 2998 211 3523 215 3433 750 3524 215 3433 749 3350 750 3524 750 3524 682 3351 683 3525 683 3525 621 3352 622 3526 622 3526 586 3353 587 3527 256 3608 587 3527 277 3434 278 3528 276 3609 277 3434 1279 3610 278 3528 1278 3354 1279 3610 1278 3354 1286 3529 1286 3529 1285 3436 1170 3611 1170 3611 1285 3436 1165 3530 1165 3530 1284 3355 1161 3531 1161 3531 1142 3437 1146 3612 1142 3437 1122 3438 1123 3439 1123 3439 1120 3532 1142 3437 1101 3533 1120 3532 1119 3358 1081 3440 1102 3613 1101 3533 1081 3440 1082 3441 1097 3614 1082 3441 1089 3534 1088 3615 1091 3359 1090 3616 1089 3534 1091 3359 1131 3535 1096 3617 1131 3535 1132 3442 2950 3536 1132 3442 1137 3443 2949 3361 2950 3536 1132 3442 2949 3361 2951 3618 2950 3536 2844 3444 2844 3444 2861 3537 2951 3618 2862 3538 2861 3537 2845 3363 2869 3364 2868 3539 2862 3538 2880 3619 2868 3539 2851 3445 2878 3540 2851 3445 2877 3446 2878 3540 2876 3366 2779 3541 2781 3367 2780 3542 2779 3541 2785 3368 2789 3620 2780 3542 2785 3368 2837 3543 2789 3620 2837 3543 2838 3447 4025 3545 2838 3447 2839 3544 4025 3545 4025 3545 2839 3544 2826 3448 2828 3370 4025 3545 2826 3448 4192 3621 4025 3545 4026 3371 4026 3371 4193 3449 4040 3546 4032 3372 4035 3622 4040 3546 4033 3547 4031 3623 4032 3372 3958 3450 4661 3550 4033 3547 3959 3549 3958 3450 3957 3451 3961 3548 3960 3452 3957 3451 3961 3548 3916 3374 4663 3279 3957 3451 3960 3452 3959 3549 3959 3549 4626 3376 4661 3550 4661 3550 4662 3453 4753 3624 4662 3453 4658 3454 4754 3551 4754 3551 4659 3377 4756 3552 4686 3455 4704 3625 4756 3552 4683 3626 4686 3455 4681 3553 4694 3456 4692 3627 4681 3553 4695 3457 4693 3628 4694 3456 4695 3457 4640 3458 4693 3628 4640 3458 4638 3459 4639 3629 4638 3459 4637 3460 4630 3630 4637 3460 4636 3554 4629 3631 4636 3554 4620 3461 4628 3632 4628 3632 4620 3461 4621 3555 4532 3556 4621 3555 4530 3382 4533 3633 4532 3556 4531 3462 4534 3557 4533 3633 4531 3462 4690 3634 4534 3557 4535 3463 4535 3463 4537 3558 4690 3634 4537 3558 4538 3464 4690 3634 4690 3634 4538 3464 4540 3559 4539 3290 4541 3560 4540 3559 4541 3560 4542 3465 4690 3634 4690 3634 4542 3465 4544 3561 4545 3562 4544 3561 4543 3383 4547 3635 4545 3562 4546 3466 4546 3466 4569 3467 4549 3636 4420 3468 4419 3637 4569 3467 4420 3468 4593 3563 4418 3638 4594 3469 4592 3639 4593 3563 4527 3470 4528 3471 4594 3469 4528 3471 4396 3472 4592 3639 4396 3472 4397 3473 4590 3640 4397 3473 4399 3474 4588 3641 4399 3474 4359 3475 4586 3642 4359 3475 4360 3476 4584 3643 4360 3476 4401 3564 4582 3644 4606 3645 4401 3564 4605 3477 4605 3477 5221 3478 5000 3646 5000 3646 5221 3478 5067 3479 5068 3647 5067 3479 5066 3480 5061 3648 5066 3480 5059 3481 5060 3649 5059 3481 5058 3482 5053 3650 5058 3482 5052 3483 5042 3651 5052 3483 5040 3484 5041 3652 5040 3484 5039 3565 5102 3387 5101 3566 5039 3565 5111 3567 5101 3566 5113 3388 5111 3567 5110 3390 5109 3568 5109 3568 5108 3391 5106 3569 5107 3392 5213 3570 5106 3569 5214 3653 5213 3570 5125 3395 5199 3571 5214 3653 5125 3395 5092 3485 5198 3654 5199 3571 4987 3655 5092 3485 4989 3572 5089 3656 4989 3572 5088 3486 4982 3487 4974 3488 5088 3486 5088 3486 4974 3488 4975 3573 4976 3657 4975 3573 4961 3489 4962 3490 4971 3658 4961 3489 4906 3574 4972 3659 4962 3490 4907 3400 4888 3660 4906 3574 4890 3575 4888 3660 4907 3400 4909 3576 4890 3575 4908 3401 4911 3577 4909 3576 4910 3402 4913 3661 4911 3577 4912 3491 4951 3492 4949 3662 4912 3491 4952 3578 4950 3663 4951 3492 4954 3493 4944 3664 4952 3578 4956 3494 4927 3665 4954 3493 4866 3579 4865 3666 4956 3494 4866 3579 4867 3495 4864 3667 4859 3668 4867 3495 4860 3580 4860 3580 4795 3405 4859 3668 4859 3668 4795 3405 4794 3581 4861 3669 4794 3581 4117 3496 4117 3496 3968 3582 4861 3669 4861 3669 3968 3582 3969 3497 3969 3497 4109 3583 4861 3669 4111 3584 4109 3583 4110 3408 4112 3670 4111 3584 4106 3498 4106 3498 4125 3499 3973 3671 4125 3499 4130 3500 4102 3672 4130 3500 4175 3585 4129 3673 4176 3409 4152 3586 4175 3585 3992 3326 4153 3587 4152 3586 4154 3588 4153 3587 3994 3413 3997 3501 3998 3674 4154 3588 3098 3675 3997 3501 3099 3589 3099 3589 3996 3242 3100 3676 3995 3590 3096 3677 3996 3242 3995 3590 3137 3503 3138 3504 3138 3504 3097 3505 3995 3590 3094 3591 5325 3678 3097 3505 3094 3591 3124 3506 1516 3679 1518 3507 1516 3679 3124 3506 1518 3507 1517 3592 1516 3679 1517 3592 1519 3417 1521 3680 1521 3680 1519 3417 1515 3593 1515 3593 1520 3508 1513 3594 1527 3418 1524 3595 1513 3594 1530 3509 1529 3510 1524 3595 1529 3510 1528 3511 1503 3681 1503 3681 1528 3511 1502 3596 1501 3682 1502 3596 3127 3337 1456 3597 1457 3683 3127 3337 1455 3513 1456 3597 3125 3512 428 3684 1455 3513 429 3423 429 3423 420 3598 428 3684 434 3424 415 3599 420 3598 492 3425 491 3600 415 3599 495 3426 494 3601 491 3600 504 3427 503 3602 494 3601 511 3516 510 3685 503 3602 521 3517 520 3686 511 3516 534 3518 533 3687 521 3517 550 3519 549 3688 534 3518 573 3520 572 3689 550 3519 603 3521 602 3690 573 3520 652 3603 651 3691 603 3521 653 3429 713 3604 652 3603 714 3430 780 3605 713 3604 781 3522 185 3692 780 3605 181 3606 185 3692 781 3522 163 2998 185 3692 181 3606 163 2998 210 3607 212 3693 210 3607 211 3523 751 3694 211 3523 750 3524 751 3694 751 3694 750 3524 683 3525 684 3695 683 3525 622 3526 623 3696 622 3526 587 3527 588 3697 587 3527 256 3608 277 3434 255 3698 256 3608 277 3434 276 3609 275 3699 276 3609 278 3528 1279 3610 1287 3700 1279 3610 1286 3529 1175 3701 1286 3529 1170 3611 1170 3611 1165 3530 1169 3702 1161 3531 1166 3703 1165 3530 1146 3612 1163 3704 1161 3531 1142 3437 1120 3532 1146 3612 1146 3612 1120 3532 1101 3533 1102 3613 1100 3705 1101 3533 1103 3706 1102 3613 1081 3440 1098 3707 1081 3440 1097 3614 1097 3614 1082 3441 1087 3708 1082 3441 1088 3615 1087 3708 1089 3534 5323 3709 1088 3615 1090 3616 5323 3709 1089 3534 1091 3359 1096 3617 1090 3616 1096 3617 1131 3535 2950 3536 1096 3617 2950 3536 2951 3618 2951 3618 2861 3537 2863 3710 2862 3538 2863 3710 2861 3537 2862 3538 2868 3539 2867 3711 2881 3712 2868 3539 2880 3619 2880 3619 2851 3445 2878 3540 2778 3713 2878 3540 2779 3541 2780 3542 2646 3714 2779 3541 2780 3542 2789 3620 2788 3715 2789 3620 2837 3543 4023 3716 2837 3543 4025 3545 4023 3716 4192 3621 4194 3717 4025 3545 4026 3371 4040 3546 4192 3621 4035 3622 4037 3718 4040 3546 4034 3719 4035 3622 4032 3372 4032 3372 4031 3623 4030 3720 4033 3547 4753 3624 4031 3623 4661 3550 4753 3624 4033 3547 3958 3450 3959 3549 4661 3550 4662 3453 4754 3551 4753 3624 4754 3551 4756 3552 4757 3721 4756 3552 4704 3625 4774 3722 4704 3625 4686 3455 4683 3626 4681 3553 4684 3723 4683 3626 4681 3553 4692 3627 4679 3724 4694 3456 4693 3628 4692 3627 4640 3458 4639 3629 4693 3628 4639 3629 4638 3459 4630 3630 4630 3630 4637 3460 4629 3631 4629 3631 4636 3554 4628 3632 4628 3632 4621 3555 4622 3725 4622 3725 4621 3555 4532 3556 4532 3556 4533 3633 4609 3726 4609 3726 4533 3633 4534 3557 5224 3727 4534 3557 4690 3634 4540 3559 4541 3560 4690 3634 4545 3562 4690 3634 4544 3561 4547 3635 4690 3634 4545 3562 4547 3635 4546 3466 4551 3728 4546 3466 4549 3636 4550 3729 4569 3467 4568 3730 4549 3636 4569 3467 4419 3637 4568 3730 4420 3468 4418 3638 4419 3637 4593 3563 4591 3731 4418 3638 4593 3563 4592 3639 4591 3731 4594 3469 4528 3471 4592 3639 4592 3639 4396 3472 4590 3640 4590 3640 4397 3473 4588 3641 4588 3641 4399 3474 4586 3642 4586 3642 4359 3475 4584 3643 4584 3643 4360 3476 4582 3644 4582 3644 4401 3564 4358 3732 4401 3564 4606 3645 4358 3732 4606 3645 4605 3477 5000 3646 5000 3646 5067 3479 5068 3647 5068 3647 5066 3480 5061 3648 5061 3648 5059 3481 5060 3649 5060 3649 5058 3482 5053 3650 5053 3650 5052 3483 5042 3651 5042 3651 5040 3484 5041 3652 5039 3565 5028 3733 5041 3652 5039 3565 5101 3566 5100 3734 5099 3735 5101 3566 5111 3567 5109 3568 5099 3735 5111 3567 5106 3569 5098 3736 5109 3568 5213 3570 5214 3653 5106 3569 5215 3737 5214 3653 5199 3571 5199 3571 5198 3654 4984 3738 5198 3654 5092 3485 4987 3655 4989 3572 4988 3739 4987 3655 4988 3739 4989 3572 5089 3656 5089 3656 5088 3486 4975 3573 4975 3573 4976 3657 5089 3656 4971 3658 4976 3657 4961 3489 4972 3659 4971 3658 4962 3490 4973 3740 4972 3659 4906 3574 4888 3660 4968 3741 4906 3574 4890 3575 4889 3742 4888 3660 4909 3576 4900 3743 4890 3575 4911 3577 4893 3744 4909 3576 4913 3661 4894 3745 4911 3577 4912 3491 4949 3662 4913 3661 4951 3492 4950 3663 4949 3662 4952 3578 4943 3746 4950 3663 4944 3664 4943 3746 4952 3578 4927 3665 4944 3664 4954 3493 4865 3666 4927 3665 4956 3494 4866 3579 4864 3667 4865 3666 4864 3667 4867 3495 4859 3668 4859 3668 4794 3581 4861 3669 4109 3583 4862 3747 4861 3669 4109 3583 4111 3584 4862 3747 4112 3670 4862 3747 4111 3584 4104 3748 4112 3670 4106 3498 3973 3671 4107 3749 4106 3498 4125 3499 4102 3672 3973 3671 4130 3500 4129 3673 4102 3672 4175 3585 4174 3750 4129 3673 4152 3586 4150 3751 4175 3585 4153 3587 4151 3752 4152 3586 4151 3752 4153 3587 4154 3588 4154 3588 3998 3674 4155 3753 3998 3674 3997 3501 3098 3675 3099 3589 5331 3754 3098 3675 3100 3676 5330 3755 3099 3589 3996 3242 3095 3756 3100 3676 3096 3677 3095 3756 3996 3242 3097 3505 3096 3677 3995 3590 3097 3505 5325 3678 3096 3677 5325 3678 3094 3591 5324 3757 3094 3591 1516 3679 5324 3757 5324 3757 1516 3679 1517 3592 1517 3592 1521 3680 5324 3757 1521 3680 1515 3593 5324 3757 1515 3593 1513 3594 1514 3758 1513 3594 1524 3595 1511 3759 1524 3595 1529 3510 1503 3681 1503 3681 1502 3596 1501 3682 3127 3337 1457 3683 1501 3682 1457 3683 1456 3597 428 3684 1456 3597 1455 3513 428 3684 428 3684 420 3598 427 3760 420 3598 415 3599 417 3761 415 3599 491 3600 406 3762 491 3600 494 3601 403 3763 494 3601 503 3602 394 3764 503 3602 510 3685 502 3765 511 3516 520 3686 510 3685 521 3517 533 3687 520 3686 534 3518 549 3688 533 3687 550 3519 572 3689 549 3688 573 3520 602 3690 572 3689 603 3521 651 3691 602 3690 652 3603 712 3766 651 3691 713 3604 712 3766 652 3603 780 3605 779 3767 713 3604 185 3692 183 3768 780 3605 163 2998 183 3768 185 3692 163 2998 212 3693 208 3769 212 3693 210 3607 752 3770 210 3607 751 3694 752 3770 751 3694 683 3525 684 3695 684 3695 622 3526 623 3696 623 3696 587 3527 588 3697 257 3771 588 3697 256 3608 257 3771 256 3608 255 3698 280 3772 255 3698 277 3434 275 3699 280 3772 277 3434 275 3699 276 3609 1279 3610 1275 3773 1279 3610 1287 3700 1287 3700 1286 3529 1175 3701 1170 3611 1176 3774 1175 3701 1169 3702 1177 3775 1170 3611 1169 3702 1165 3530 1168 3776 1166 3703 1172 3777 1165 3530 1167 3778 1166 3703 1161 3531 1163 3704 1162 3779 1161 3531 1164 3780 1163 3704 1146 3612 1101 3533 1159 3781 1146 3612 1101 3533 1100 3705 1099 3782 1104 3783 1103 3706 1081 3440 1098 3707 1118 3784 1081 3440 1097 3614 3056 3785 1098 3707 1087 3708 3057 3786 1097 3614 1088 3615 5322 3787 1087 3708 5323 3709 5322 3787 1088 3615 1090 3616 1095 3788 5323 3709 1096 3617 1094 3789 1090 3616 1094 3789 1096 3617 2951 3618 2951 3618 2863 3710 2954 3790 2864 3791 2863 3710 2862 3538 2867 3711 2866 3792 2862 3538 2868 3539 2886 3793 2867 3711 2881 3712 2887 3794 2868 3539 2650 3795 2881 3712 2880 3619 2778 3713 2880 3619 2878 3540 2779 3541 2646 3714 2778 3713 2780 3542 2791 3796 2646 3714 2788 3715 2787 3797 2780 3542 4023 3716 2788 3715 2789 3620 4023 3716 4025 3545 4194 3717 4194 3717 4192 3621 4187 3798 4192 3621 4040 3546 4043 3799 4040 3546 4037 3718 4039 3800 4037 3718 4035 3622 4036 3801 4036 3801 4035 3622 4034 3719 4030 3720 4034 3719 4032 3372 4753 3624 4030 3720 4031 3623 4753 3624 4754 3551 4757 3721 4757 3721 4756 3552 4758 3802 4756 3552 4774 3722 4758 3802 4704 3625 4733 3803 4774 3722 4704 3625 4683 3626 4731 3804 4731 3804 4683 3626 4684 3723 4682 3805 4684 3723 4681 3553 4679 3724 4682 3805 4681 3553 4692 3627 4678 3806 4679 3724 4693 3628 4625 3807 4692 3627 4693 3628 4639 3629 4625 3807 4630 3630 4690 3634 4639 3629 4631 3808 4630 3630 4629 3631 4628 3632 4633 3809 4629 3631 4628 3632 4622 3725 4634 3810 4609 3726 4622 3725 4532 3556 5224 3727 4609 3726 4534 3557 4691 3811 5224 3727 4690 3634 4551 3728 4690 3634 4547 3635 4551 3728 4546 3466 4550 3729 4550 3729 4549 3636 4548 3812 4549 3636 4568 3730 4558 3813 4419 3637 4417 3814 4568 3730 4419 3637 4418 3638 4417 3814 4418 3638 4591 3731 4416 3815 4592 3639 4590 3640 4591 3731 4590 3640 4588 3641 4589 3816 4588 3641 4586 3642 4587 3817 4586 3642 4584 3643 4585 3818 4584 3643 4582 3644 4583 3819 4582 3644 4358 3732 4581 3820 4358 3732 4606 3645 4357 3821 4357 3821 4606 3645 5000 3646 5069 3822 5000 3646 5068 3647 5063 3823 5068 3647 5061 3648 5062 3824 5061 3648 5060 3649 5054 3825 5060 3649 5053 3650 5044 3826 5053 3650 5042 3651 5043 3827 5042 3651 5041 3652 5028 3733 5030 3828 5041 3652 5217 3829 5028 3733 5039 3565 5100 3734 5217 3829 5039 3565 5101 3566 5099 3735 5100 3734 5098 3736 5099 3735 5109 3568 5106 3569 5214 3653 5098 3736 5214 3653 5215 3737 5098 3736 4984 3738 5215 3737 5199 3571 5198 3654 5197 3830 4984 3738 5176 3831 5198 3654 4987 3655 4987 3655 4988 3739 5175 3832 5173 3833 4988 3739 5089 3656 4976 3657 4971 3658 5089 3656 4971 3658 4972 3659 5173 3833 5173 3833 4972 3659 4973 3740 4968 3741 4973 3740 4906 3574 4969 3834 4968 3741 4888 3660 4889 3742 4969 3834 4888 3660 4890 3575 4901 3835 4889 3742 4900 3743 4901 3835 4890 3575 4893 3744 4900 3743 4909 3576 4894 3745 4893 3744 4911 3577 4897 3836 4894 3745 4913 3661 4949 3662 4948 3837 4913 3661 4950 3663 4883 3838 4949 3662 4943 3746 4940 3839 4950 3663 4944 3664 4846 3840 4943 3746 4927 3665 4837 3841 4944 3664 4865 3666 4836 3842 4927 3665 4864 3667 4836 3842 4865 3666 4864 3667 4859 3668 4793 3843 4793 3843 4859 3668 4861 3669 4861 3669 4862 3747 4793 3843 4863 3844 4862 3747 4112 3670 4104 3748 4863 3844 4112 3670 4106 3498 4105 3845 4104 3748 4107 3749 4105 3845 4106 3498 4108 3846 4107 3749 3973 3671 3973 3671 4102 3672 3972 3847 4102 3672 4129 3673 4098 3848 4129 3673 4174 3750 4128 3849 4175 3585 4150 3751 4174 3750 4152 3586 4151 3752 4150 3751 4155 3753 4151 3752 4154 3588 3998 3674 3999 3850 4155 3753 3101 3851 3998 3674 3098 3675 5331 3754 3101 3851 3098 3675 5330 3755 5331 3754 3099 3589 3095 3756 5330 3755 3100 3676 3096 3677 5330 3755 3095 3756 5325 3678 5330 3755 3096 3677 5324 3757 1515 3593 1514 3758 1514 3758 1513 3594 1512 3852 1513 3594 1511 3759 1512 3852 1524 3595 1525 3853 1511 3759 1524 3595 1503 3681 1523 3854 1503 3681 1501 3682 1458 3855 1458 3855 1501 3682 1457 3683 428 3684 1458 3855 1457 3683 427 3760 1497 3856 428 3684 420 3598 421 3857 427 3760 417 3761 424 3858 420 3598 415 3599 416 3859 417 3761 415 3599 406 3762 414 3860 491 3600 403 3763 406 3762 494 3601 394 3764 403 3763 503 3602 502 3765 394 3764 510 3685 509 3861 502 3765 520 3686 519 3862 510 3685 533 3687 532 3863 520 3686 549 3688 548 3864 533 3687 572 3689 571 3865 549 3688 602 3690 601 3866 572 3689 651 3691 650 3867 602 3690 712 3766 711 3868 651 3691 713 3604 779 3767 712 3766 780 3605 183 3768 779 3767 184 3869 183 3768 163 2998 208 3769 207 3870 163 2998 208 3769 212 3693 753 3871 212 3693 752 3770 753 3871 752 3770 751 3694 684 3695 685 3872 684 3695 623 3696 624 3873 623 3696 588 3697 282 3874 588 3697 257 3771 257 3771 255 3698 1275 3773 255 3698 280 3772 1279 3610 1279 3610 280 3772 275 3699 1275 3773 255 3698 1279 3610 1288 3875 1275 3773 1287 3700 1180 3876 1287 3700 1175 3701 1176 3774 1174 3877 1175 3701 1177 3775 1176 3774 1170 3611 1177 3775 1169 3702 5319 3878 5319 3878 1169 3702 1168 3776 1165 3530 1171 3879 1168 3776 1172 3777 1171 3879 1165 3530 1172 3777 1166 3703 5320 3880 5320 3880 1166 3703 1167 3778 1162 3779 1167 3778 1161 3531 1164 3780 3047 3881 1163 3704 1143 3882 1164 3780 1146 3612 1159 3781 1158 3883 1146 3612 1160 3884 1159 3781 1101 3533 1099 3782 1160 3884 1101 3533 1081 3440 1105 3885 1104 3783 1118 3784 1117 3886 1081 3440 1098 3707 3055 3887 1118 3784 3056 3785 3055 3887 1098 3707 3057 3786 3056 3785 1097 3614 3058 3888 3057 3786 1087 3708 5322 3787 3063 3889 1087 3708 5323 3709 1095 3788 1092 3890 1090 3616 1094 3789 1095 3788 2951 3618 1093 3891 1094 3789 2955 3892 2951 3618 2954 3790 2954 3790 2863 3710 2953 3893 2953 3893 2863 3710 2864 3791 2862 3538 2865 3894 2864 3791 2866 3792 2865 3894 2862 3538 2866 3792 2867 3711 4017 3895 2867 3711 2886 3793 4018 3896 2887 3794 2886 3793 2868 3539 2888 3897 2887 3794 2881 3712 2882 3898 2881 3712 2650 3795 2650 3795 2880 3619 2778 3713 2646 3714 2650 3795 2778 3713 2791 3796 2790 3899 2646 3714 2792 3900 2791 3796 2780 3542 2780 3542 2787 3797 2786 3901 2787 3797 2788 3715 4023 3716 4023 3716 4194 3717 4196 3902 4194 3717 4187 3798 4191 3903 4192 3621 4043 3799 4187 3798 4046 3904 4043 3799 4040 3546 4040 3546 4039 3800 4038 3905 4037 3718 4703 3906 4039 3800 4036 3801 4703 3906 4037 3718 4703 3906 4036 3801 4034 3719 4030 3720 4703 3906 4034 3719 4703 3906 4030 3720 4753 3624 4757 3721 4703 3906 4753 3624 4758 3802 4755 3907 4757 3721 4758 3802 4774 3722 4763 3908 4774 3722 4733 3803 4773 3909 4733 3803 4704 3625 4732 3910 4732 3910 4704 3625 4731 3804 4731 3804 4684 3723 4740 3911 4740 3911 4684 3723 4682 3805 4680 3912 4682 3805 4679 3724 4679 3724 4678 3806 4672 3913 4692 3627 4625 3807 4678 3806 4639 3629 4688 3914 4625 3807 4690 3634 4689 3915 4639 3629 4691 3811 4690 3634 4630 3630 4631 3808 4691 3811 4630 3630 4629 3631 4632 3916 4631 3808 4633 3809 4632 3916 4629 3631 4633 3809 4628 3632 4635 3917 4635 3917 4628 3632 4634 3810 4634 3810 4622 3725 4609 3726 4634 3810 4609 3726 5224 3727 4631 3808 5224 3727 4691 3811 4689 3915 4690 3634 4551 3728 4551 3728 4550 3729 4675 3918 4675 3918 4550 3729 4548 3812 4548 3812 4549 3636 4553 3919 4549 3636 4558 3813 4552 3920 4568 3730 4567 3921 4558 3813 4568 3730 4417 3814 4567 3921 4418 3638 4416 3815 4417 3814 4591 3731 4589 3816 4416 3815 4591 3731 4590 3640 4589 3816 4589 3816 4588 3641 4587 3817 4587 3817 4586 3642 4585 3818 4585 3818 4584 3643 4583 3819 4583 3819 4582 3644 4581 3820 4581 3820 4358 3732 4580 3922 4358 3732 4357 3821 4356 3923 4357 3821 5000 3646 5069 3822 5069 3822 5068 3647 5063 3823 5063 3823 5061 3648 5062 3824 5062 3824 5060 3649 5054 3825 5054 3825 5053 3650 5044 3826 5044 3826 5042 3651 5043 3827 5041 3652 5030 3828 5043 3827 5030 3828 5028 3733 5029 3924 5028 3733 5217 3829 5027 3925 5216 3926 5217 3829 5100 3734 5100 3734 5099 3735 5097 3927 5099 3735 5098 3736 5097 3927 5098 3736 5215 3737 5097 3927 5216 3926 5215 3737 4984 3738 4984 3738 5197 3830 4986 3928 5197 3830 5198 3654 5176 3831 5176 3831 4987 3655 5175 3832 5175 3832 4988 3739 5174 3929 5174 3929 4988 3739 5173 3833 5089 3656 4971 3658 5173 3833 4968 3741 5173 3833 4973 3740 4969 3834 4993 3930 4968 3741 4970 3931 4969 3834 4889 3742 4901 3835 4965 3932 4889 3742 4902 3933 4901 3835 4900 3743 4900 3743 4893 3744 4903 3934 4894 3745 4892 3935 4893 3744 4897 3836 4896 3936 4894 3745 4913 3661 4948 3837 4897 3836 4949 3662 4883 3838 4948 3837 4950 3663 4940 3839 4883 3838 4943 3746 4842 3937 4940 3839 4846 3840 4841 3938 4943 3746 4844 3939 4846 3840 4944 3664 4837 3841 4844 3939 4944 3664 4836 3842 4837 3841 4927 3665 4836 3842 4864 3667 4838 3940 4791 3941 4864 3667 4793 3843 4862 3747 4863 3844 4793 3843 4104 3748 4105 3845 4863 3844 4105 3845 4107 3749 4863 3844 4790 3942 4107 3749 4108 3846 3971 3943 4108 3846 3973 3671 3973 3671 3972 3847 3971 3943 4102 3672 4101 3944 3972 3847 4098 3848 4101 3944 4102 3672 4129 3673 4128 3849 4098 3848 4174 3750 4173 3945 4128 3849 4150 3751 4148 3946 4174 3750 4151 3752 4149 3947 4150 3751 4149 3947 4151 3752 4155 3753 4155 3753 3999 3850 4156 3948 3999 3850 3998 3674 3101 3851 3102 3949 3101 3851 5331 3754 1514 3758 1512 3852 5324 3757 1512 3852 1511 3759 1510 3950 1511 3759 1525 3853 1522 3951 1525 3853 1524 3595 1523 3854 1523 3854 1503 3681 1460 3952 1459 3953 1503 3681 1458 3855 1459 3953 1458 3855 428 3684 1497 3856 1496 3954 428 3684 1498 3955 1497 3856 427 3760 427 3760 421 3857 426 3956 422 3957 421 3857 420 3598 424 3858 423 3958 420 3598 425 3959 424 3858 417 3761 417 3761 416 3859 419 3960 416 3859 415 3599 414 3860 414 3860 406 3762 407 3961 406 3762 403 3763 411 3962 403 3763 394 3764 399 3963 394 3764 502 3765 387 3964 502 3765 509 3861 383 3965 510 3685 519 3862 509 3861 520 3686 532 3863 519 3862 533 3687 548 3864 532 3863 549 3688 571 3865 548 3864 572 3689 601 3866 571 3865 602 3690 650 3867 601 3866 651 3691 711 3868 650 3867 712 3766 778 3966 711 3868 779 3767 778 3966 712 3766 183 3768 184 3869 779 3767 163 2998 188 3967 184 3869 163 2998 207 3870 209 3968 207 3870 208 3769 754 3969 208 3769 753 3871 754 3969 753 3871 752 3770 685 3872 752 3770 684 3695 685 3872 685 3872 623 3696 624 3873 624 3873 588 3697 282 3874 589 3970 282 3874 257 3771 589 3970 257 3771 1275 3773 1276 3971 1275 3773 1288 3875 1288 3875 1287 3700 1180 3876 1175 3701 1181 3972 1180 3876 1175 3701 1174 3877 1173 3973 1174 3877 1176 3774 5318 3974 1176 3774 1177 3775 5318 3974 5318 3974 1177 3775 5319 3878 1168 3776 1171 3879 5319 3878 1171 3879 1172 3777 5319 3878 5319 3878 1172 3777 5320 3880 1167 3778 1162 3779 5320 3880 1143 3882 3047 3881 1164 3780 1146 3612 1145 3975 1143 3882 1146 3612 1158 3883 1157 3976 1106 3977 1105 3885 1081 3440 1081 3440 1117 3886 1116 3978 1118 3784 3054 3979 1117 3886 3055 3887 3054 3979 1118 3784 3059 3980 3058 3888 1087 3708 1087 3708 3063 3889 3062 3981 3063 3889 5322 3787 3052 3982 5323 3709 1092 3890 3121 3983 1095 3788 1094 3789 1092 3890 1094 3789 1093 3891 1092 3890 2952 3984 1093 3891 2951 3618 2952 3984 2951 3618 2955 3892 2955 3892 2954 3790 3122 3985 2954 3790 2953 3893 4017 3895 2953 3893 2864 3791 4017 3895 4017 3895 2864 3791 2865 3894 2865 3894 2866 3792 4017 3895 4017 3895 2867 3711 4018 3896 4018 3896 2886 3793 2887 3794 2887 3794 2888 3897 4018 3896 2883 3986 2888 3897 2881 3712 2882 3898 2885 3987 2881 3712 2879 3988 2882 3898 2650 3795 2649 3989 2650 3795 2646 3714 2646 3714 2790 3899 2645 3990 3981 3991 2790 3899 2791 3796 2791 3796 2792 3900 3981 3991 2786 3901 2792 3900 2780 3542 2786 3901 2787 3797 4024 3992 2787 3797 4023 3716 4024 3992 4024 3992 4023 3716 4196 3902 4191 3903 4196 3902 4194 3717 4191 3903 4187 3798 4053 3993 4187 3798 4043 3799 4049 3994 4046 3904 4045 3995 4043 3799 4038 3905 4046 3904 4040 3546 4039 3800 4755 3907 4038 3905 4703 3906 4755 3907 4039 3800 4755 3907 4703 3906 4757 3721 4758 3802 4759 3996 4755 3907 4763 3908 4760 3997 4758 3802 4774 3722 4773 3909 4763 3908 4733 3803 4735 3998 4773 3909 4734 3999 4733 3803 4732 3910 4732 3910 4731 3804 4744 4000 4744 4000 4731 3804 4740 3911 4680 3912 4740 3911 4682 3805 4672 3913 4680 3912 4679 3724 4678 3806 4676 4001 4672 3913 4625 3807 4687 4002 4678 3806 4625 3807 4688 3914 4624 4003 4639 3629 4689 3915 4688 3914 4631 3808 4632 3916 5224 3727 4632 3916 4633 3809 5224 3727 5224 3727 4633 3809 4635 3917 4635 3917 4634 3810 5224 3727 4688 3914 4689 3915 4551 3728 4676 4001 4551 3728 4675 3918 4675 3918 4548 3812 4674 4004 4554 4005 4548 3812 4553 3919 4553 3919 4549 3636 4552 3920 4552 3920 4558 3813 4371 4006 4558 3813 4567 3921 4371 4006 4417 3814 4415 4007 4567 3921 4417 3814 4416 3815 4415 4007 4416 3815 4589 3816 4414 4008 4589 3816 4587 3817 4414 4008 4587 3817 4585 3818 4412 4009 4585 3818 4583 3819 4410 4010 4583 3819 4581 3820 4408 4011 4581 3820 4580 3922 4406 4012 4358 3732 4356 3923 4580 3922 4356 3923 4357 3821 5069 3822 5001 4013 5069 3822 5063 3823 5064 4014 5063 3823 5062 3824 5055 4015 5062 3824 5054 3825 5046 4016 5054 3825 5044 3826 5045 4017 5044 3826 5043 3827 5030 3828 5032 4018 5043 3827 5031 4019 5030 3828 5029 3924 5029 3924 5028 3733 5027 3925 5217 3829 4985 4020 5027 3925 5217 3829 5216 3926 4985 4020 5097 3927 5216 3926 5100 3734 5215 3737 5216 3926 5097 3927 4985 4020 5216 3926 4984 3738 4986 3928 4985 4020 4984 3738 5197 3830 5193 4021 4986 3928 5178 4022 5197 3830 5176 3831 5176 3831 5175 3832 5171 4023 5175 3832 5174 3929 5168 4024 4993 3930 5174 3929 5173 3833 4993 3930 5173 3833 4968 3741 4970 3931 4993 3930 4969 3834 4965 3932 4970 3931 4889 3742 4966 4025 4965 3932 4901 3835 4902 3933 4966 4025 4901 3835 4902 3933 4900 3743 4904 4026 4904 4026 4900 3743 4903 3934 4903 3934 4893 3744 4891 4027 4893 3744 4892 3935 4891 4027 4894 3745 4895 4028 4892 3935 4896 3936 4895 4028 4894 3745 4898 4029 4896 3936 4897 3836 4948 3837 4946 4030 4897 3836 4883 3838 4945 4031 4948 3837 4940 3839 4938 4032 4883 3838 4842 3937 4884 4033 4940 3839 4943 3746 4841 3938 4842 3937 4841 3938 4846 3840 4843 4034 4846 3840 4844 3939 4845 4035 4839 4036 4844 3939 4837 3841 4838 3940 4837 3841 4836 3842 4838 3940 4864 3667 4840 4037 4864 3667 4791 3941 4840 4037 4793 3843 4792 4038 4791 3941 4793 3843 4863 3844 4792 4038 4863 3844 4107 3749 4790 3942 4790 3942 4108 3846 4789 4039 4789 4039 4108 3846 3971 3943 4789 4039 3971 3943 3972 3847 3972 3847 4101 3944 4789 4039 4103 4040 4101 3944 4098 3848 4098 3848 4128 3849 4093 4041 4128 3849 4173 3945 4127 4042 4174 3750 4148 3946 4173 3945 4150 3751 4149 3947 4148 3946 4156 3948 4149 3947 4155 3753 3999 3850 4000 4043 4156 3948 3102 3949 3999 3850 3101 3851 5332 4044 3102 3949 5331 3754 1512 3852 1510 3950 5324 3757 1511 3759 1509 4045 1510 3950 1522 3951 1507 4046 1511 3759 1525 3853 1523 3854 1522 3951 1460 3952 1496 3954 1523 3854 1460 3952 1503 3681 1459 3953 1460 3952 1459 3953 428 3684 428 3684 1496 3954 1460 3952 1496 3954 1497 3856 1523 3854 1523 3854 1497 3856 1498 3955 427 3760 1499 4047 1498 3955 426 3956 1500 4048 427 3760 1303 4049 426 3956 421 3857 421 3857 422 3957 1303 4049 420 3598 423 3958 422 3957 423 3958 424 3858 1428 4050 424 3858 425 3959 1304 4051 418 3959 425 3959 417 3761 419 3960 418 3959 417 3761 419 3960 416 3859 1304 4051 416 3859 414 3860 1304 4051 414 3860 407 3961 1426 4052 408 4053 407 3961 406 3762 411 3962 410 4054 406 3762 403 3763 401 4055 411 3962 399 3963 404 4056 403 3763 394 3764 395 4057 399 3963 387 3964 395 4057 394 3764 502 3765 383 3965 387 3964 509 3861 375 4058 383 3965 519 3862 518 4059 509 3861 532 3863 531 4060 519 3862 548 3864 547 4061 532 3863 571 3865 570 4062 548 3864 601 3866 600 4063 571 3865 650 3867 649 4064 601 3866 711 3868 710 4065 650 3867 778 3966 777 4066 711 3868 779 3767 184 3869 778 3966 184 3869 188 3967 778 3966 163 2998 186 4067 188 3967 163 2998 209 3968 205 4068 209 3968 207 3870 755 4069 207 3870 754 3969 755 4069 754 3969 753 3871 686 4070 753 3871 685 3872 686 4070 686 4070 685 3872 624 3873 625 4071 624 3873 282 3874 281 4072 282 3874 589 3970 1275 3773 281 4072 589 3970 1276 3971 283 4073 1275 3773 1289 4074 1276 3971 1288 3875 1184 4075 1288 3875 1180 3876 1181 3972 1179 4076 1180 3876 1182 4077 1181 3972 1175 3701 1173 3973 1182 4077 1175 3701 5318 3974 1173 3973 1174 3877 1162 3779 3044 4078 5320 3880 3048 4079 3047 3881 1143 3882 1145 3975 1144 4080 1143 3882 1147 4081 1145 3975 1146 3612 1157 3976 1156 4082 1146 3612 1107 4083 1106 3977 1081 3440 1116 3978 1115 4084 1081 3440 1087 3708 3060 4085 3059 3980 3062 3981 3061 4086 1087 3708 5322 3787 3053 4087 3052 3982 3122 3985 5323 3709 3121 3983 3121 3983 1092 3890 1093 3891 1093 3891 2952 3984 3121 3983 2952 3984 2955 3892 3121 3983 3121 3983 2955 3892 3122 3985 3122 3985 2954 3790 4017 3895 4018 3896 3123 4088 4017 3895 4018 3896 2888 3897 2883 3986 2881 3712 2884 4089 2883 3986 2885 3987 2884 4089 2881 3712 2885 3987 2882 3898 4020 4090 4020 4090 2882 3898 2879 3988 2879 3988 2650 3795 2648 4091 2650 3795 2649 3989 2648 4091 2644 4092 2649 3989 2646 3714 2646 3714 2645 3990 2644 4092 2645 3990 2790 3899 4022 4093 2790 3899 3981 3991 4022 4093 2792 3900 2786 3901 3981 3991 3981 3991 2786 3901 4024 3992 4024 3992 4196 3902 4199 4094 4191 3903 4195 4095 4196 3902 4191 3903 4053 3993 4186 4096 4187 3798 4049 3994 4053 3993 4051 4097 4049 3994 4043 3799 4045 3995 4044 4098 4043 3799 4759 3996 4045 3995 4046 3904 4755 3907 4046 3904 4038 3905 4759 3996 4046 3904 4755 3907 4760 3997 4759 3996 4758 3802 4763 3908 4761 4099 4760 3997 4763 3908 4773 3909 4772 4100 4773 3909 4735 3998 4771 4101 4734 3999 4735 3998 4733 3803 4734 3999 4732 3910 4746 4102 4746 4102 4732 3910 4744 4000 4744 4000 4740 3911 4743 4103 4740 3911 4680 3912 4742 4104 4669 4105 4680 3912 4672 3913 4672 3913 4676 4001 4675 3918 4678 3806 4677 4106 4676 4001 4678 3806 4687 4002 4677 4106 4687 4002 4625 3807 4623 4107 4625 3807 4624 4003 4623 4107 4551 3728 4624 4003 4688 3914 4677 4106 4551 3728 4676 4001 4675 3918 4674 4004 4672 3913 4548 3812 4554 4005 4674 4004 4554 4005 4553 3919 4552 3920 4371 4006 4556 4108 4552 3920 4567 3921 4566 4109 4371 4006 4567 3921 4415 4007 4566 4109 4416 3815 4414 4008 4415 4007 4414 4008 4587 3817 4412 4009 4412 4009 4585 3818 4410 4010 4410 4010 4583 3819 4408 4011 4408 4011 4581 3820 4406 4012 4406 4012 4580 3922 4404 4110 4580 3922 4356 3923 4579 4111 4356 3923 5069 3822 5001 4013 5001 4013 5063 3823 5064 4014 5064 4014 5062 3824 5055 4015 5055 4015 5054 3825 5046 4016 5046 4016 5044 3826 5045 4017 5043 3827 5032 4018 5045 4017 5032 4018 5030 3828 5031 4019 5029 3924 5208 4112 5031 4019 5027 3925 5210 4113 5029 3924 5027 3925 4985 4020 5210 4113 4985 4020 4986 3928 5210 4113 4986 3928 5193 4021 5196 4114 5193 4021 5197 3830 5178 4022 5178 4022 5176 3831 5171 4023 5171 4023 5175 3832 5168 4024 5168 4024 5174 3929 4992 4115 5174 3929 4993 3930 4992 4115 4993 3930 4970 3931 4965 3932 4994 4116 4965 3932 4966 4025 4967 4117 4966 4025 4902 3933 4905 4118 4902 3933 4904 4026 4904 4026 4903 3934 5222 4119 4903 3934 4891 4027 5222 4119 5222 4119 4891 4027 4892 3935 4892 3935 4895 4028 5222 4119 4895 4028 4896 3936 5222 4119 5222 4119 4896 3936 4898 4029 4899 4120 4898 4029 4897 3836 4897 3836 4946 4030 4899 4120 4948 3837 4947 4121 4946 4030 4948 3837 4945 4031 4947 4121 4945 4031 4883 3838 4881 4122 4883 3838 4938 4032 4882 4123 4940 3839 4939 4124 4938 4032 4940 3839 4884 4033 4942 4125 4842 3937 4847 4126 4884 4033 4843 4034 4842 3937 4841 3938 4843 4034 4846 3840 4845 4035 4845 4035 4844 3939 4839 4036 4839 4036 4837 3841 4838 3940 4840 4037 4839 4036 4838 3940 4840 4037 4791 3941 4797 4127 4792 4038 4877 4128 4791 3941 4863 3844 4790 3942 4792 4038 4792 4038 4790 3942 4789 4039 4101 3944 4103 4040 4789 4039 4096 4129 4103 4040 4098 3848 4093 4041 4099 4130 4098 3848 4128 3849 4127 4042 4093 4041 4173 3945 4172 4131 4127 4042 4148 3946 4146 4132 4173 3945 4149 3947 4147 4133 4148 3946 4147 4133 4149 3947 4156 3948 4156 3948 4000 4043 4157 4134 4000 4043 3999 3850 3105 4135 3105 4135 3999 3850 3102 3949 3102 3949 5332 4044 3105 4135 5324 3757 1510 3950 5326 4136 1510 3950 1509 4045 5326 4136 1507 4046 1509 4045 1511 3759 1430 4137 1507 4046 1522 3951 1522 3951 1523 3854 1504 4138 1523 3854 1498 3955 1504 4138 1504 4138 1498 3955 1499 4047 1500 4048 1499 4047 427 3760 426 3956 1303 4049 1500 4048 422 3957 1428 4050 1303 4049 422 3957 423 3958 1428 4050 1428 4050 424 3858 1304 4051 1304 4051 425 3959 418 3959 1304 4051 418 3959 419 3960 1304 4051 414 3860 1426 4052 1426 4052 407 3961 408 4053 406 3762 409 4139 408 4053 410 4054 409 4139 406 3762 412 4140 410 4054 411 3962 411 3962 401 4055 413 4141 403 3763 402 4142 401 4055 404 4056 402 4142 403 3763 405 4143 404 4056 399 3963 399 3963 395 4057 400 4144 396 4145 395 4057 387 3964 387 3964 383 3965 391 4146 383 3965 375 4058 380 4147 509 3861 518 4059 375 4058 519 3862 531 4060 518 4059 532 3863 547 4061 531 4060 548 3864 570 4062 547 4061 571 3865 600 4063 570 4062 601 3866 649 4064 600 4063 650 3867 710 4065 649 4064 711 3868 777 4066 710 4065 778 3966 188 3967 777 4066 188 3967 186 4067 777 4066 187 4148 186 4067 163 2998 205 4068 204 4149 163 2998 205 4068 209 3968 756 4150 209 3968 755 4069 756 4150 755 4069 754 3969 687 4151 754 3969 686 4070 687 4151 686 4070 624 3873 625 4071 625 4071 282 3874 284 4152 283 4073 282 3874 281 4072 283 4073 281 4072 1275 3773 287 4153 283 4073 1276 3971 1273 4154 1276 3971 1289 4074 1289 4074 1288 3875 1184 4075 1184 4075 1180 3876 1183 4155 1180 3876 1179 4076 1178 4156 1179 4076 1181 3972 5305 4157 1181 3972 1182 4077 5305 4157 1182 4077 1173 3973 5318 3974 3044 4078 3043 4158 5320 3880 3045 4159 3044 4078 1162 3779 3049 4160 3048 4079 1143 3882 1144 4080 3051 4161 1143 3882 1148 4162 1147 4081 1146 3612 1156 4082 1155 4163 1146 3612 1081 3440 1108 4164 1107 4083 1115 4084 1114 4165 1081 3440 3061 4086 3060 4085 1087 3708 5322 3787 3064 4166 3053 4087 5354 4167 5323 3709 3122 3985 4017 3895 3123 4088 3122 3985 4018 3896 5351 4168 3123 4088 4021 4169 4018 3896 2883 3986 2883 3986 2884 4089 4021 4169 2884 4089 2885 3987 4021 4169 4021 4169 2885 3987 4020 4090 2879 3988 2648 4091 4020 4090 2648 4091 2649 3989 4022 4093 2649 3989 2644 4092 4022 4093 4022 4093 2644 4092 2645 3990 4022 4093 3981 3991 4024 3992 4204 4170 4024 3992 4199 4094 4199 4094 4196 3902 4195 4095 4195 4095 4191 3903 4186 4096 4186 4096 4053 3993 4059 4171 4049 3994 4047 4172 4053 3993 4051 4097 4050 4173 4049 3994 4041 4174 4051 4097 4043 3799 4043 3799 4044 4098 4042 4175 4044 4098 4045 3995 4759 3996 4760 3997 4044 4098 4759 3996 4761 4099 4041 4174 4760 3997 4762 4176 4761 4099 4763 3908 4772 4100 4762 4176 4763 3908 4773 3909 4771 4101 4772 4100 4735 3998 4736 4177 4771 4101 4736 4177 4735 3998 4734 3999 4748 4178 4734 3999 4746 4102 4746 4102 4744 4000 4745 4179 4745 4179 4744 4000 4743 4103 4743 4103 4740 3911 4742 4104 4742 4104 4680 3912 4669 4105 4672 3913 4671 4180 4669 4105 4677 4106 4687 4002 4551 3728 4687 4002 4623 4107 4551 3728 4551 3728 4623 4107 4624 4003 4674 4004 4673 4181 4672 3913 4674 4004 4554 4005 4555 4182 4552 3920 4555 4182 4554 4005 4556 4108 4555 4182 4552 3920 4557 4183 4556 4108 4371 4006 4371 4006 4566 4109 4369 4184 4415 4007 4413 4185 4566 4109 4415 4007 4414 4008 4413 4185 4414 4008 4412 4009 4413 4185 4412 4009 4410 4010 4411 4186 4410 4010 4408 4011 4409 4187 4408 4011 4406 4012 4407 4188 4406 4012 4404 4110 4405 4189 4580 3922 4579 4111 4404 4110 4579 4111 4356 3923 5001 4013 5065 4190 5001 4013 5064 4014 5056 4191 5064 4014 5055 4015 5048 4192 5055 4015 5046 4016 5047 4193 5046 4016 5045 4017 5032 4018 5034 4194 5045 4017 5033 4195 5032 4018 5031 4019 5208 4112 5206 4196 5031 4019 5210 4113 5208 4112 5029 3924 5210 4113 4986 3928 5209 4197 4986 3928 5196 4114 5209 4197 5193 4021 5192 4198 5196 4114 5179 4199 5193 4021 5178 4022 5171 4023 5181 4200 5178 4022 5171 4023 5168 4024 5170 4201 5168 4024 4992 4115 5167 4202 4992 4115 4993 3930 4994 4116 4993 3930 4965 3932 4994 4116 4994 4116 4966 4025 4967 4117 4963 4203 4967 4117 4902 3933 4902 3933 4905 4118 4963 4203 4904 4026 5222 4119 4905 4118 4898 4029 4899 4120 5222 4119 4899 4120 4946 4030 5222 4119 5222 4119 4946 4030 4947 4121 4947 4121 4945 4031 5222 4119 4991 4204 4945 4031 4881 4122 4883 3838 4882 4123 4881 4122 4991 4204 4882 4123 4938 4032 4938 4032 4939 4124 4991 4204 4941 4205 4939 4124 4940 3839 4942 4125 4941 4205 4940 3839 4942 4125 4884 4033 5190 4206 5190 4206 4884 4033 4847 4126 4842 3937 4848 4207 4847 4126 4843 4034 4848 4207 4842 3937 4843 4034 4845 4035 4855 4208 4845 4035 4839 4036 4856 4209 4856 4209 4839 4036 4840 4037 4840 4037 4797 4127 4856 4209 4791 3941 4877 4128 4797 4127 4876 4210 4877 4128 4792 4038 4789 4039 4876 4210 4792 4038 4789 4039 4103 4040 4868 4211 4103 4040 4096 4129 4868 4211 4098 3848 4097 4212 4096 4129 4099 4130 4097 4212 4098 3848 4100 4213 4099 4130 4093 4041 4093 4041 4127 4042 4088 4214 4127 4042 4172 4131 4088 4214 4173 3945 4146 4132 4172 4131 4148 3946 4147 4133 4146 4132 4157 4134 4147 4133 4156 3948 4000 4043 4001 4215 4157 4134 3104 4216 4000 4043 3105 4135 3105 4135 5332 4044 3104 4216 1509 4045 1508 4217 5326 4136 1509 4045 1507 4046 1508 4217 1430 4137 1431 4218 1507 4046 1429 4219 1430 4137 1522 3951 1504 4138 1429 4219 1522 3951 1504 4138 1499 4047 1500 4048 1500 4048 1303 4049 1504 4138 1428 4050 1435 4220 1303 4049 1304 4051 1436 4221 1428 4050 1426 4052 1437 4222 1304 4051 409 4139 1426 4052 408 4053 410 4054 1427 4223 409 4139 412 4140 1427 4223 410 4054 413 4141 412 4140 411 3962 413 4141 401 4055 1427 4223 401 4055 402 4142 1424 4224 1424 4224 402 4142 404 4056 405 4143 1424 4224 404 4056 397 4225 405 4143 399 3963 400 4144 398 4226 399 3963 400 4144 395 4057 1423 4227 1423 4227 395 4057 396 4145 388 4228 396 4145 387 3964 387 3964 391 4146 392 4229 383 3965 381 4230 391 4146 380 4147 385 4231 383 3965 375 4058 376 4232 380 4147 518 4059 517 4233 375 4058 531 4060 530 4234 518 4059 547 4061 546 4235 531 4060 570 4062 569 4236 547 4061 600 4063 599 4237 570 4062 649 4064 648 4238 600 4063 710 4065 709 4239 649 4064 777 4066 776 4240 710 4065 777 4066 186 4067 776 4240 186 4067 187 4148 776 4240 163 2998 191 4241 187 4148 163 2998 204 4149 206 4242 204 4149 205 4068 757 4243 205 4068 756 4150 757 4243 756 4150 755 4069 688 4244 755 4069 687 4151 688 4244 687 4151 686 4070 625 4071 626 4245 625 4071 284 4152 284 4152 282 3874 283 4073 283 4073 287 4153 284 4152 286 4246 287 4153 1276 3971 1273 4154 289 4247 1276 3971 1290 4248 1273 4154 1289 4074 1186 4249 1289 4074 1184 4075 1185 4250 1184 4075 1183 4155 1183 4155 1180 3876 1178 4156 5305 4157 1178 4156 1179 4076 5305 4157 1182 4077 5318 3974 5320 3880 3043 4158 3040 4251 3041 4252 3045 4159 1162 3779 1143 3882 3050 4253 3049 4160 3051 4161 3050 4253 1143 3882 1146 3612 1149 4254 1148 4162 1146 3612 1155 4163 1154 4255 1109 4256 1108 4164 1081 3440 1081 3440 1114 4165 1113 4257 3065 4258 3064 4166 5322 3787 3123 4088 5354 4167 3122 3985 5351 4168 5353 4259 3123 4088 5351 4168 4018 3896 5362 4260 4020 4090 4018 3896 4021 4169 2648 4091 4022 4093 4020 4090 4022 4093 4024 3992 4204 4170 4204 4170 4199 4094 4203 4261 4199 4094 4195 4095 4198 4262 4195 4095 4186 4096 4190 4263 4186 4096 4059 4171 4183 4264 4061 4265 4059 4171 4053 3993 4053 3993 4047 4172 4052 4266 4049 3994 4048 4267 4047 4172 4050 4173 4048 4267 4049 3994 4050 4173 4051 4097 4761 4099 4761 4099 4051 4097 4041 4174 4043 3799 4042 4175 4041 4174 4042 4175 4044 4098 4760 3997 4760 3997 4041 4174 4042 4175 4761 4099 4762 4176 4047 4172 4707 4268 4762 4176 4772 4100 4772 4100 4771 4101 4770 4269 4771 4101 4736 4177 4769 4270 4737 4271 4736 4177 4734 3999 4737 4271 4734 3999 4748 4178 4748 4178 4746 4102 4747 4272 4747 4272 4746 4102 4745 4179 4743 4103 4786 4273 4745 4179 4742 4104 4751 4274 4743 4103 4669 4105 4670 4275 4742 4104 4671 4180 4670 4275 4669 4105 4672 3913 4673 4181 4671 4180 4673 4181 4674 4004 4373 4276 4555 4182 4556 4108 4674 4004 4556 4108 4557 4183 4674 4004 4372 4277 4557 4183 4371 4006 4371 4006 4369 4184 4370 4278 4566 4109 4565 4279 4369 4184 4566 4109 4413 4185 4565 4279 4413 4185 4412 4009 4411 4186 4411 4186 4410 4010 4409 4187 4409 4187 4408 4011 4407 4188 4407 4188 4406 4012 4405 4189 4405 4189 4404 4110 4364 4280 4404 4110 4579 4111 4403 4281 4403 4281 4579 4111 5001 4013 4403 4281 5001 4013 5065 4190 5065 4190 5064 4014 5056 4191 5056 4191 5055 4015 5048 4192 5048 4192 5046 4016 5047 4193 5045 4017 5034 4194 5047 4193 5034 4194 5032 4018 5033 4195 5031 4019 5206 4196 5033 4195 5208 4112 5207 4282 5206 4196 5210 4113 5209 4197 5208 4112 5209 4197 5196 4114 5207 4282 5196 4114 5192 4198 5195 4283 5193 4021 5185 4284 5192 4198 5187 4285 5193 4021 5179 4199 5178 4022 5180 4286 5179 4199 5181 4200 5180 4286 5178 4022 5182 4287 5181 4200 5171 4023 5172 4288 5171 4023 5170 4201 5170 4201 5168 4024 5169 4289 5169 4289 5168 4024 5167 4202 5167 4202 4992 4115 4990 4290 4994 4116 4991 4204 4992 4115 4994 4116 4967 4117 5164 4291 5164 4291 4967 4117 4963 4203 4905 4118 5222 4119 4963 4203 5222 4119 4945 4031 4991 4204 4881 4122 4882 4123 4991 4204 4939 4124 4941 4205 4991 4204 4942 4125 5179 4199 4941 4205 5184 4292 4942 4125 5190 4206 4847 4126 4848 4207 5190 4206 4857 4293 4848 4207 4843 4034 4851 4294 4843 4034 4855 4208 4855 4208 4845 4035 4856 4209 4797 4127 4798 4295 4856 4209 4797 4127 4877 4128 4796 4296 4877 4128 4876 4210 4875 4297 4874 4298 4876 4210 4789 4039 4868 4211 4874 4298 4789 4039 4096 4129 4097 4212 4868 4211 4097 4212 4099 4130 4801 4299 4801 4299 4099 4130 4100 4213 4091 4300 4100 4213 4093 4041 4088 4214 4094 4301 4093 4041 4172 4131 4171 4302 4088 4214 4146 4132 4144 4303 4172 4131 4147 4133 4145 4304 4146 4132 4145 4304 4147 4133 4157 4134 4157 4134 4001 4215 4158 4305 4001 4215 4000 4043 3103 4306 3103 4306 4000 4043 3104 4216 5332 4044 5333 4307 3104 4216 5326 4136 1508 4217 1506 4308 1508 4217 1507 4046 1506 4308 1507 4046 1431 4218 1406 4309 1400 4310 1431 4218 1430 4137 1400 4310 1430 4137 1429 4219 1504 4138 1435 4220 1429 4219 1303 4049 1435 4220 1504 4138 1436 4221 1435 4220 1428 4050 1437 4222 1436 4221 1304 4051 1438 4311 1437 4222 1426 4052 1427 4223 1426 4052 409 4139 412 4140 413 4141 1427 4223 1427 4223 401 4055 1424 4224 1425 4312 1424 4224 405 4143 397 4225 1425 4312 405 4143 399 3963 398 4226 397 4225 398 4226 400 4144 1425 4312 1425 4312 400 4144 1423 4227 396 4145 388 4228 1423 4227 389 4313 388 4228 387 3964 393 4314 387 3964 392 4229 392 4229 391 4146 390 4315 391 4146 381 4230 390 4315 383 3965 382 4316 381 4230 385 4231 384 4317 383 3965 386 4318 385 4231 380 4147 380 4147 376 4232 379 4319 372 4320 376 4232 375 4058 375 4058 517 4233 372 4320 518 4059 530 4234 517 4233 531 4060 546 4235 530 4234 547 4061 569 4236 546 4235 570 4062 599 4237 569 4236 600 4063 648 4238 599 4237 649 4064 709 4239 648 4238 710 4065 776 4240 709 4239 776 4240 187 4148 775 4321 187 4148 191 4241 775 4321 163 2998 189 4322 191 4241 163 2998 206 4242 202 4323 206 4242 204 4149 759 4324 204 4149 757 4243 758 4325 757 4243 756 4150 689 4326 756 4150 688 4244 689 4326 688 4244 687 4151 626 4245 687 4151 625 4071 626 4245 626 4245 284 4152 285 4327 287 4153 286 4246 284 4152 1276 3971 290 4328 286 4246 289 4247 290 4328 1276 3971 293 4329 289 4247 1273 4154 1274 4330 1273 4154 1290 4248 1290 4248 1289 4074 1186 4249 1184 4075 1188 4331 1186 4249 1185 4250 1189 4332 1184 4075 1185 4250 1183 4155 5305 4157 5305 4157 1183 4155 1178 4156 3040 4251 3039 4333 5320 3880 1162 3779 3042 4334 3041 4252 1150 4335 1149 4254 1146 3612 1154 4255 1153 4336 1146 3612 1110 4337 1109 4256 1081 3440 1113 4257 1112 4338 1081 3440 3066 4339 3065 4258 5322 3787 5353 4259 5354 4167 3123 4088 5351 4168 5352 4340 5353 4259 4019 4341 5362 4260 4018 3896 4020 4090 4019 4341 4018 3896 4020 4090 4022 4093 4204 4170 4210 4342 4204 4170 4203 4261 4203 4261 4199 4094 4198 4262 4190 4263 4198 4262 4195 4095 4190 4263 4186 4096 4183 4264 4183 4264 4059 4171 4054 4343 4061 4265 4060 4344 4059 4171 4052 4266 4061 4265 4053 3993 4047 4172 4762 4176 4052 4266 4048 4267 4761 4099 4047 4172 4050 4173 4761 4099 4048 4267 4707 4268 4060 4344 4762 4176 4770 4269 4707 4268 4772 4100 4771 4101 4769 4270 4770 4269 4736 4177 4738 4345 4769 4270 4738 4345 4736 4177 4737 4271 4717 4346 4737 4271 4748 4178 4717 4346 4748 4178 4747 4272 4745 4179 4785 4347 4747 4272 4786 4273 4785 4347 4745 4179 4787 4348 4786 4273 4743 4103 4751 4274 4750 4349 4743 4103 4752 4350 4751 4274 4742 4104 4742 4104 4670 4275 4741 4351 4373 4276 4670 4275 4671 4180 4671 4180 4673 4181 4373 4276 4373 4276 4674 4004 4368 4352 4674 4004 4557 4183 4372 4277 4372 4277 4371 4006 4370 4278 4370 4278 4369 4184 4368 4352 4369 4184 4565 4279 4375 4353 4413 4185 4411 4186 4565 4279 4411 4186 4409 4187 4564 4354 4409 4187 4407 4188 4563 4355 4407 4188 4405 4189 4562 4356 4405 4189 4364 4280 4561 4357 4404 4110 4403 4281 4364 4280 4363 4358 4403 4281 5065 4190 5057 4359 5065 4190 5056 4191 5050 4360 5056 4191 5048 4192 5049 4361 5048 4192 5047 4193 5034 4194 5036 4362 5047 4193 5035 4363 5034 4194 5033 4195 5206 4196 5204 4364 5033 4195 5207 4282 5205 4365 5206 4196 5209 4197 5207 4282 5208 4112 5196 4114 5195 4283 5207 4282 5192 4198 5191 4366 5195 4283 5185 4284 5183 4367 5192 4198 5187 4285 5185 4284 5193 4021 5187 4285 5179 4199 4942 4125 5179 4199 5180 4286 4941 4205 4941 4205 5180 4286 5181 4200 5181 4200 5182 4287 4941 4205 5172 4288 5182 4287 5171 4023 4941 4205 5172 4288 5170 4201 5170 4201 5169 4289 4941 4205 5169 4289 5167 4202 4941 4205 4941 4205 5167 4202 4990 4290 4992 4115 4991 4204 4990 4290 5166 4368 4991 4204 4994 4116 5165 4369 4994 4116 5164 4291 4963 4203 5165 4369 5164 4291 5222 4119 5165 4369 4963 4203 5166 4368 5222 4119 4991 4204 4991 4204 4941 4205 4990 4290 5186 4370 4942 4125 5184 4292 5184 4292 5190 4206 5183 4367 4848 4207 4857 4293 5190 4206 4858 4371 4857 4293 4843 4034 4858 4371 4843 4034 4851 4294 4855 4208 4854 4372 4851 4294 4856 4209 4798 4295 4855 4208 4798 4295 4797 4127 4796 4296 4877 4128 4875 4297 4796 4296 4876 4210 4874 4298 4875 4297 4872 4373 4874 4298 4868 4211 4868 4211 4097 4212 4801 4299 4100 4213 4802 4374 4801 4299 4091 4300 4802 4374 4100 4213 4093 4041 4092 4375 4091 4300 4094 4301 4092 4375 4093 4041 4095 4376 4094 4301 4088 4214 4088 4214 4171 4302 4084 4377 4172 4131 4144 4303 4171 4302 4146 4132 4145 4304 4144 4303 4158 4305 4145 4304 4157 4134 4001 4215 4002 4378 4158 4305 3106 4379 4001 4215 3103 4306 3104 4216 5333 4307 3103 4306 1506 4308 1505 4380 5326 4136 1507 4046 1406 4309 1506 4308 1406 4309 1431 4218 1400 4310 1400 4310 1429 4219 1436 4221 1436 4221 1429 4219 1435 4220 1437 4222 1400 4310 1436 4221 1438 4311 1396 4381 1437 4222 1427 4223 1438 4311 1426 4052 1424 4224 1439 4382 1427 4223 1425 4312 1440 4383 1424 4224 397 4225 398 4226 1425 4312 1423 4227 1441 4384 1425 4312 388 4228 389 4313 1423 4227 389 4313 387 3964 393 4314 393 4314 392 4229 1422 4385 392 4229 390 4315 1422 4385 390 4315 381 4230 1422 4385 381 4230 382 4316 1301 4386 383 3965 384 4317 382 4316 1301 4386 384 4317 385 4231 385 4231 386 4318 1301 4386 378 4387 386 4318 380 4147 380 4147 379 4319 378 4387 1449 4388 379 4319 376 4232 377 4389 376 4232 372 4320 517 4233 365 4390 372 4320 530 4234 529 4391 517 4233 546 4235 545 4392 530 4234 569 4236 568 4393 546 4235 599 4237 598 4394 569 4236 648 4238 647 4395 599 4237 709 4239 708 4396 648 4238 776 4240 775 4321 709 4239 775 4321 191 4241 774 4397 191 4241 189 4322 774 4397 190 4398 189 4322 163 2998 202 4323 201 4399 163 2998 202 4323 206 4242 760 4400 760 4400 206 4242 759 4324 759 4324 204 4149 758 4325 758 4325 757 4243 690 4401 757 4243 689 4326 690 4401 689 4326 688 4244 627 4402 688 4244 626 4245 627 4402 627 4402 626 4245 285 4327 284 4152 286 4246 285 4327 286 4246 290 4328 285 4327 290 4328 289 4247 285 4327 289 4247 293 4329 288 4403 292 4404 293 4329 1273 4154 1274 4330 298 4405 1273 4154 1291 4406 1274 4330 1290 4248 1192 4407 1290 4248 1186 4249 1188 4331 1187 4408 1186 4249 1189 4332 1188 4331 1184 4075 1189 4332 1185 4250 5317 4409 5317 4409 1185 4250 5305 4157 3039 4333 3038 4410 5320 3880 1162 3779 3046 4411 3042 4334 1151 4412 1150 4335 1146 3612 1153 4336 1152 4413 1146 3612 1081 3440 1111 4414 1110 4337 1112 4338 1111 4414 1081 3440 5322 3787 3067 4415 3066 4339 5350 4416 5353 4259 5352 4340 5352 4340 5362 4260 4019 4341 4210 4342 4019 4341 4020 4090 4020 4090 4204 4170 4210 4342 4210 4342 4203 4261 4209 4417 4203 4261 4198 4262 4202 4418 4190 4263 4197 4419 4198 4262 4190 4263 4183 4264 4185 4420 4183 4264 4054 4343 4070 4421 4056 4422 4054 4343 4059 4171 4060 4344 4058 4423 4059 4171 4060 4344 4061 4265 4762 4176 4762 4176 4061 4265 4052 4266 4058 4423 4060 4344 4707 4268 4706 4424 4707 4268 4770 4269 4770 4269 4769 4270 4768 4425 4769 4270 4738 4345 4767 4426 4739 4427 4738 4345 4737 4271 4739 4427 4737 4271 4717 4346 4747 4272 4784 4428 4717 4346 4785 4347 4784 4428 4747 4272 4785 4347 4786 4273 4376 4429 4786 4273 4787 4348 4376 4429 4749 4430 4787 4348 4743 4103 4743 4103 4750 4349 4749 4430 4750 4349 4751 4274 4373 4276 4373 4276 4751 4274 4752 4350 4741 4351 4752 4350 4742 4104 4741 4351 4670 4275 4373 4276 4369 4184 4373 4276 4368 4352 4674 4004 4372 4277 4368 4352 4368 4352 4372 4277 4370 4278 4375 4353 4374 4431 4369 4184 4565 4279 4564 4354 4375 4353 4565 4279 4411 4186 4564 4354 4564 4354 4409 4187 4563 4355 4563 4355 4407 4188 4562 4356 4562 4356 4405 4189 4561 4357 4561 4357 4364 4280 4560 4432 4364 4280 4403 4281 4363 4358 4363 4358 5065 4190 5057 4359 5057 4359 5056 4191 5050 4360 5050 4360 5048 4192 5049 4361 5047 4193 5036 4362 5049 4361 5036 4362 5034 4194 5035 4363 5033 4195 5204 4364 5035 4363 5206 4196 5205 4365 5204 4364 5207 4282 5195 4283 5205 4365 5195 4283 5191 4366 5194 4433 5192 4198 5183 4367 5191 4366 5185 4284 5184 4292 5183 4367 5187 4285 5186 4370 5185 4284 5186 4370 5187 4285 4942 4125 5182 4287 5172 4288 4941 4205 5165 4369 5166 4368 4994 4116 5165 4369 5222 4119 5166 4368 5186 4370 5184 4292 5185 4284 5190 4206 5189 4434 5183 4367 5190 4206 4857 4293 4858 4371 4849 4435 4858 4371 4851 4294 4854 4372 4853 4436 4851 4294 4798 4295 4854 4372 4855 4208 4827 4437 4798 4295 4796 4296 4796 4296 4875 4297 4827 4437 4875 4297 4874 4298 4873 4438 4874 4298 4872 4373 4873 4438 4801 4299 4872 4373 4868 4211 4802 4374 4870 4439 4801 4299 4803 4440 4802 4374 4091 4300 4092 4375 4803 4440 4091 4300 4092 4375 4094 4301 4803 4440 4094 4301 4095 4376 4803 4440 4086 4441 4095 4376 4088 4214 4084 4377 4089 4442 4088 4214 4171 4302 4170 4443 4084 4377 4144 4303 4142 4444 4171 4302 4145 4304 4143 4445 4144 4303 4143 4445 4145 4304 4158 4305 4158 4305 4002 4378 4159 4446 4002 4378 4001 4215 3106 4379 5333 4307 3106 4379 3103 4306 1505 4380 1402 4447 5326 4136 1506 4308 1404 4448 1505 4380 1506 4308 1406 4309 1404 4448 1401 4449 1406 4309 1400 4310 1396 4381 1400 4310 1437 4222 1390 4450 1396 4381 1438 4311 1439 4382 1438 4311 1427 4223 1440 4383 1439 4382 1424 4224 1441 4384 1440 4383 1425 4312 1442 4451 1441 4384 1423 4227 1423 4227 389 4313 393 4314 1423 4227 393 4314 1422 4385 1422 4385 381 4230 1301 4386 1301 4386 382 4316 384 4317 386 4318 378 4387 1301 4386 378 4387 379 4319 1449 4388 376 4232 377 4389 1449 4388 370 4452 377 4389 372 4320 372 4320 365 4390 369 4453 517 4233 529 4391 365 4390 530 4234 545 4392 529 4391 546 4235 568 4393 545 4392 569 4236 598 4394 568 4393 599 4237 647 4395 598 4394 648 4238 708 4396 647 4395 709 4239 775 4321 708 4396 775 4321 774 4397 708 4396 774 4397 189 4322 773 4454 189 4322 190 4398 773 4454 163 2998 194 4455 190 4398 163 2998 201 4399 203 4456 201 4399 202 4323 761 4457 761 4457 202 4323 760 4400 760 4400 759 4324 692 4458 759 4324 758 4325 691 4459 758 4325 690 4401 691 4459 690 4401 689 4326 628 4460 689 4326 627 4402 628 4460 627 4402 285 4327 288 4403 285 4327 289 4247 288 4403 293 4329 292 4404 288 4403 298 4405 292 4404 1273 4154 297 4461 298 4405 1274 4330 1299 4462 1274 4330 1291 4406 1291 4406 1290 4248 1192 4407 1186 4249 1193 4463 1192 4407 1187 4408 1194 4464 1186 4249 5317 4409 1187 4408 1188 4331 1188 4331 1189 4332 5317 4409 5320 3880 3038 4410 5321 4465 3047 3881 3046 4411 1162 3779 1146 3612 1152 4413 1151 4412 3068 4466 3067 4415 5322 3787 3119 4467 5350 4416 5352 4340 5363 4468 5352 4340 4019 4341 4210 4342 4016 4469 4019 4341 4209 4417 4016 4469 4210 4342 4209 4417 4203 4261 4202 4418 4202 4418 4198 4262 4197 4419 4197 4419 4190 4263 4185 4420 4185 4420 4183 4264 4070 4421 4054 4343 4062 4470 4070 4421 4056 4422 4055 4471 4054 4343 4057 4472 4056 4422 4059 4171 4059 4171 4058 4423 4057 4472 4057 4472 4058 4423 4707 4268 4707 4268 4706 4424 4057 4472 4768 4425 4706 4424 4770 4269 4769 4270 4767 4426 4768 4425 4738 4345 4739 4427 4767 4426 4718 4473 4739 4427 4717 4346 4784 4428 4783 4474 4717 4346 4376 4429 4784 4428 4785 4347 4376 4429 4787 4348 4374 4431 4787 4348 4749 4430 4374 4431 4749 4430 4750 4349 4373 4276 4752 4350 4741 4351 4373 4276 4374 4431 4373 4276 4369 4184 4375 4353 4376 4429 4374 4431 4375 4353 4564 4354 4378 4475 4564 4354 4563 4355 4378 4475 4563 4355 4562 4356 4381 4476 4562 4356 4561 4357 4384 4477 4561 4357 4560 4432 4389 4478 4364 4280 4362 4479 4560 4432 4364 4280 4363 4358 4362 4479 4362 4479 4363 4358 5057 4359 5002 4480 5057 4359 5050 4360 5051 4481 5050 4360 5049 4361 5036 4362 5038 4482 5049 4361 5037 4483 5036 4362 5035 4363 5204 4364 5202 4484 5035 4363 5205 4365 5203 4485 5204 4364 5195 4283 5194 4433 5205 4365 5191 4366 5017 4486 5194 4433 5183 4367 5014 4487 5191 4366 5183 4367 5189 4434 5014 4487 4852 4488 5189 4434 5190 4206 4858 4371 4849 4435 5190 4206 4851 4294 4850 4489 4849 4435 4851 4294 4853 4436 4852 4488 4853 4436 4854 4372 4810 4490 4854 4372 4798 4295 4809 4491 4809 4491 4798 4295 4827 4437 4875 4297 4873 4438 4827 4437 4873 4438 4872 4373 4871 4492 4870 4439 4872 4373 4801 4299 4869 4493 4870 4439 4802 4374 4803 4440 4869 4493 4802 4374 4803 4440 4095 4376 4086 4441 4088 4214 4087 4494 4086 4441 4089 4442 4087 4494 4088 4214 4090 4495 4089 4442 4084 4377 4084 4377 4170 4443 4075 4496 4171 4302 4142 4444 4170 4443 4144 4303 4143 4445 4142 4444 4159 4446 4143 4445 4158 4305 4002 4378 4003 4497 4159 4446 3107 4498 4002 4378 3106 4379 3107 4498 3106 4379 5333 4307 5326 4136 1402 4447 5327 4499 1505 4380 1404 4448 1402 4447 1404 4448 1406 4309 1401 4449 1401 4449 1400 4310 1399 4500 1400 4310 1396 4381 1399 4500 1390 4450 1397 4501 1396 4381 1439 4382 1390 4450 1438 4311 1440 4383 1388 4502 1439 4382 1441 4384 1384 4503 1440 4383 1442 4451 1379 4504 1441 4384 1422 4385 1442 4451 1423 4227 1301 4386 1443 4505 1422 4385 1301 4386 378 4387 1449 4388 377 4389 370 4452 1449 4388 372 4320 371 4506 370 4452 369 4453 373 4507 372 4320 365 4390 366 4508 369 4453 529 4391 528 4509 365 4390 545 4392 544 4510 529 4391 568 4393 567 4511 545 4392 598 4394 597 4512 568 4393 647 4395 646 4513 598 4394 708 4396 707 4514 647 4395 708 4396 774 4397 707 4514 774 4397 773 4454 707 4514 773 4454 190 4398 772 4515 190 4398 194 4455 772 4515 163 2998 192 4516 194 4455 163 2998 203 4456 199 4517 203 4456 201 4399 762 4518 762 4518 201 4399 761 4457 761 4457 760 4400 693 4519 760 4400 692 4458 693 4519 759 4324 691 4459 692 4458 691 4459 690 4401 629 4520 690 4401 628 4460 629 4520 628 4460 627 4402 288 4403 288 4403 292 4404 291 4521 292 4404 298 4405 291 4521 298 4405 297 4461 291 4521 295 4522 297 4461 1274 4330 1299 4462 299 4523 1274 4330 1227 4524 1299 4462 1291 4406 1197 4525 1291 4406 1192 4407 1193 4463 1191 4526 1192 4407 1194 4464 1193 4463 1186 4249 1194 4464 1187 4408 5317 4409 3038 4410 3093 4527 5321 4465 3069 4528 3068 4466 5322 3787 3120 4529 5350 4416 3119 4467 4016 4469 5363 4468 4019 4341 4209 4417 4015 4530 4016 4469 4209 4417 4202 4418 4208 4531 4202 4418 4197 4419 4201 4532 4197 4419 4185 4420 4189 4533 4185 4420 4070 4421 4182 4534 4070 4421 4062 4470 4067 4535 4054 4343 4063 4536 4062 4470 4055 4471 4064 4537 4054 4343 4056 4422 4706 4424 4055 4471 4057 4472 4706 4424 4056 4422 4708 4538 4706 4424 4768 4425 4768 4425 4767 4426 4711 4539 4767 4426 4739 4427 4766 4540 4739 4427 4718 4473 4766 4540 4719 4541 4718 4473 4717 4346 4717 4346 4783 4474 4719 4541 4784 4428 4376 4429 4783 4474 4374 4431 4749 4430 4373 4276 4377 4542 4376 4429 4375 4353 4378 4475 4377 4542 4375 4353 4378 4475 4563 4355 4381 4476 4381 4476 4562 4356 4384 4477 4384 4477 4561 4357 4389 4478 4389 4478 4560 4432 4367 4543 4560 4432 4362 4479 4559 4544 4362 4479 5057 4359 5002 4480 5002 4480 5050 4360 5051 4481 5049 4361 5038 4482 5051 4481 5038 4482 5036 4362 5037 4483 5035 4363 5202 4484 5037 4483 5204 4364 5203 4485 5202 4484 5205 4365 5194 4433 5203 4485 5194 4433 5017 4486 5021 4545 5191 4366 5014 4487 5017 4486 5189 4434 5188 4546 5014 4487 5188 4546 5189 4434 4852 4488 5190 4206 4850 4489 4852 4488 4849 4435 4850 4489 5190 4206 4852 4488 4850 4489 4851 4294 4853 4436 4878 4547 4852 4488 4812 4548 4853 4436 4810 4490 4810 4490 4854 4372 4809 4491 4828 4549 4809 4491 4827 4437 4827 4437 4873 4438 4828 4549 4873 4438 4871 4492 4828 4549 4872 4373 4870 4439 4871 4492 4871 4492 4870 4439 4869 4493 4869 4493 4803 4440 4799 4550 4799 4550 4803 4440 4086 4441 4799 4550 4086 4441 4087 4494 4087 4494 4089 4442 4805 4551 4089 4442 4090 4495 4805 4551 4085 4552 4090 4495 4084 4377 4084 4377 4075 4496 4083 4553 4170 4443 4169 4554 4075 4496 4142 4444 4140 4555 4170 4443 4143 4445 4141 4556 4142 4444 4141 4556 4143 4445 4159 4446 4159 4446 4003 4497 4160 4557 4003 4497 4002 4378 3108 4558 3108 4558 4002 4378 3107 4498 5334 4559 3107 4498 5333 4307 1402 4447 1403 4560 5327 4499 1404 4448 1403 4560 1402 4447 1407 4561 1404 4448 1401 4449 1401 4449 1399 4500 5304 4562 1399 4500 1396 4381 1394 4563 1397 4501 1395 4563 1396 4381 1398 4564 1397 4501 1390 4450 1388 4502 1390 4450 1439 4382 1384 4503 1388 4502 1440 4383 1379 4504 1384 4503 1441 4384 1374 4565 1379 4504 1442 4451 1443 4505 1442 4451 1422 4385 1444 4566 1443 4505 1301 4386 1449 4388 1444 4566 1301 4386 1449 4388 370 4452 1448 4567 370 4452 371 4506 1448 4567 373 4507 371 4506 372 4320 374 4568 373 4507 369 4453 369 4453 366 4508 368 4569 366 4508 365 4390 364 4570 365 4390 528 4509 361 4571 529 4391 544 4510 528 4509 545 4392 567 4511 544 4510 568 4393 597 4512 567 4511 598 4394 646 4513 597 4512 647 4395 707 4514 646 4513 707 4514 773 4454 706 4572 773 4454 772 4515 706 4572 772 4515 194 4455 771 4573 194 4455 192 4516 771 4573 193 4574 192 4516 163 2998 199 4517 198 4575 163 2998 199 4517 203 4456 763 4576 763 4576 203 4456 762 4518 762 4518 761 4457 694 4577 761 4457 693 4519 694 4577 693 4519 692 4458 631 4578 692 4458 691 4459 630 4579 691 4459 629 4520 630 4579 629 4520 628 4460 291 4521 628 4460 288 4403 291 4521 291 4521 297 4461 296 4580 297 4461 295 4522 296 4580 1274 4330 294 4581 295 4522 299 4523 294 4581 1274 4330 301 4582 299 4523 1299 4462 1300 4583 1299 4462 1227 4524 1227 4524 1291 4406 1197 4525 1192 4407 1210 4584 1197 4525 1192 4407 1191 4526 1190 4585 1191 4526 1193 4463 5306 4586 1193 4463 1194 4464 5306 4586 5306 4586 1194 4464 5317 4409 3093 4527 3092 4587 5321 4465 5322 3787 3070 4588 3069 4528 5349 4589 5350 4416 3120 4529 3119 4467 4015 4530 3120 4529 3119 4467 5363 4468 4016 4469 3119 4467 4016 4469 4015 4530 4208 4531 4015 4530 4209 4417 4208 4531 4202 4418 4201 4532 4189 4533 4201 4532 4197 4419 4189 4533 4185 4420 4182 4534 4182 4534 4070 4421 4067 4535 4062 4470 4069 4590 4067 4535 4708 4538 4062 4470 4063 4536 4064 4537 4063 4536 4054 4343 4055 4471 4706 4424 4064 4537 4706 4424 4708 4538 4064 4537 4711 4539 4708 4538 4768 4425 4767 4426 4766 4540 4711 4539 4766 4540 4718 4473 4765 4591 4719 4541 4730 4592 4718 4473 4783 4474 4376 4429 4719 4541 4376 4429 4377 4542 4719 4541 4378 4475 4379 4593 4377 4542 4381 4476 4380 4594 4378 4475 4381 4476 4384 4477 4385 4595 4389 4478 4388 4596 4384 4477 4367 4543 4391 4597 4389 4478 4560 4432 4559 4544 4367 4543 4559 4544 4362 4479 5002 4480 5025 4598 5002 4480 5051 4481 5038 4482 5005 4599 5051 4481 5008 4600 5038 4482 5037 4483 5202 4484 5011 4601 5037 4483 5203 4485 5201 4602 5202 4484 5194 4433 5021 4545 5203 4485 5017 4486 5015 4603 5021 4545 5014 4487 5012 4604 5017 4486 5014 4487 5188 4546 5013 4605 5013 4605 5188 4546 4852 4488 4878 4547 5018 4606 4852 4488 4879 4607 4878 4547 4853 4436 4880 4608 4853 4436 4812 4548 4812 4548 4810 4490 4811 4609 4811 4609 4810 4490 4809 4491 4811 4609 4809 4491 4828 4549 4828 4549 4871 4492 4806 4610 4871 4492 4869 4493 4806 4610 4806 4610 4869 4493 4799 4550 4805 4551 4799 4550 4087 4494 4090 4495 4804 4611 4805 4551 4090 4495 4085 4552 4804 4611 4085 4552 4084 4377 4083 4553 4083 4553 4075 4496 4080 4612 4075 4496 4169 4554 4077 4613 4170 4443 4140 4555 4169 4554 4142 4444 4141 4556 4140 4555 4160 4557 4141 4556 4159 4446 4003 4497 4006 4614 4160 4557 3109 4615 4003 4497 3108 4558 5334 4559 3108 4558 3107 4498 5327 4499 1403 4560 1405 4616 1405 4616 1403 4560 1404 4448 1405 4616 1404 4448 1407 4561 1407 4561 1401 4449 5327 4499 5327 4499 1401 4449 5304 4562 5304 4562 1399 4500 1394 4563 1396 4381 1395 4563 1394 4563 1395 4563 1397 4501 5304 4562 1397 4501 1398 4564 5304 4562 1391 4617 1398 4564 1390 4450 1388 4502 1392 4618 1390 4450 1388 4502 1384 4503 1387 4619 1379 4504 1385 4620 1384 4503 1374 4565 1380 4621 1379 4504 1443 4505 1374 4565 1442 4451 1444 4566 1369 4622 1443 4505 1332 4623 1444 4566 1449 4388 1448 4567 1332 4623 1449 4388 1448 4567 371 4506 373 4507 374 4568 1448 4567 373 4507 367 4624 374 4568 369 4453 369 4453 368 4569 367 4624 368 4569 366 4508 1447 4625 366 4508 364 4570 1447 4625 365 4390 361 4571 364 4570 528 4509 354 4626 361 4571 544 4510 543 4627 528 4509 567 4511 566 4628 544 4510 597 4512 596 4629 567 4511 646 4513 645 4630 597 4512 707 4514 706 4572 646 4513 706 4572 772 4515 705 4631 772 4515 771 4573 705 4631 771 4573 192 4516 770 4632 192 4516 193 4574 770 4632 163 2998 197 4633 193 4574 163 2998 198 4575 200 4634 198 4575 199 4517 764 4635 764 4635 199 4517 763 4576 763 4576 762 4518 695 4636 762 4518 694 4577 695 4636 694 4577 693 4519 632 4637 693 4519 631 4578 632 4637 692 4458 630 4579 631 4578 630 4579 629 4520 296 4580 629 4520 291 4521 296 4580 296 4580 295 4522 294 4581 299 4523 296 4580 294 4581 301 4582 300 4638 299 4523 303 4639 301 4582 1299 4462 1300 4583 306 4640 1299 4462 1217 4641 1300 4583 1227 4524 1195 4642 1227 4524 1197 4525 1210 4584 1209 4643 1197 4525 1211 4644 1210 4584 1192 4407 1190 4585 1211 4644 1192 4407 5306 4586 1190 4585 1191 4526 5321 4465 3092 4587 3091 4645 3071 4646 3070 4588 5322 3787 5348 4647 5349 4589 3120 4529 3120 4529 4015 4530 5361 4648 4208 4531 4014 4649 4015 4530 4208 4531 4201 4532 4207 4650 4189 4533 4200 4651 4201 4532 4189 4533 4182 4534 4184 4652 4182 4534 4067 4535 4165 4653 4067 4535 4069 4590 4068 4654 4069 4590 4062 4470 4708 4538 4064 4537 4708 4538 4063 4536 4068 4654 4708 4538 4711 4539 4711 4539 4766 4540 4713 4655 4766 4540 4765 4591 4713 4655 4718 4473 4728 4656 4765 4591 4730 4592 4729 4657 4718 4473 4719 4541 4383 4658 4730 4592 4719 4541 4377 4542 4379 4593 4380 4594 4379 4593 4378 4475 4382 4659 4380 4594 4381 4476 4386 4660 4381 4476 4385 4595 4385 4595 4384 4477 4383 4658 4388 4596 4387 4661 4384 4477 4389 4478 4390 4662 4388 4596 4391 4597 4390 4662 4389 4478 4392 4663 4391 4597 4367 4543 4367 4543 4559 4544 4366 4664 4366 4664 4559 4544 5002 4480 4366 4664 5002 4480 5025 4598 5051 4481 5005 4599 5025 4598 5005 4599 5038 4482 5008 4600 5037 4483 5011 4601 5008 4600 5202 4484 5201 4602 5011 4601 5203 4485 5021 4545 5201 4602 5021 4545 5015 4603 5020 4665 5017 4486 5016 4666 5015 4603 5017 4486 5012 4604 5018 4606 5014 4487 5013 4605 5012 4604 4852 4488 5012 4604 5013 4605 5018 4606 5012 4604 4852 4488 5016 4666 5018 4606 4878 4547 4878 4547 4879 4607 5015 4603 4880 4608 4879 4607 4853 4436 4813 4667 4880 4608 4812 4548 4811 4609 4815 4668 4812 4548 4806 4610 4811 4609 4828 4549 4799 4550 4807 4669 4806 4610 4807 4669 4799 4550 4805 4551 4805 4551 4804 4611 4808 4670 4085 4552 4083 4553 4804 4611 4083 4553 4080 4612 4804 4611 4075 4496 4081 4671 4080 4612 4077 4613 4076 4672 4075 4496 4169 4554 4168 4673 4077 4613 4140 4555 4138 4674 4169 4554 4141 4556 4139 4675 4140 4555 4139 4675 4141 4556 4160 4557 4160 4557 4006 4614 4161 4676 4003 4497 3111 4677 4006 4614 3109 4615 3110 4678 4003 4497 3109 4615 3108 4558 5334 4559 1405 4616 1407 4561 5327 4499 5304 4562 1394 4563 1395 4563 5304 4562 1398 4564 5328 4679 1398 4564 1391 4617 5328 4679 1392 4618 1391 4617 1390 4450 1393 4680 1392 4618 1388 4502 1389 4681 1388 4502 1387 4619 1387 4619 1384 4503 1382 4682 1385 4620 1383 4683 1384 4503 1386 4684 1385 4620 1379 4504 1380 4621 1378 4685 1379 4504 1381 4686 1380 4621 1374 4565 1369 4622 1374 4565 1443 4505 1367 4687 1369 4622 1444 4566 1332 4623 1367 4687 1444 4566 1326 4688 1332 4623 1448 4567 1447 4625 1448 4567 374 4568 367 4624 1447 4625 374 4568 368 4569 1447 4625 367 4624 1447 4625 364 4570 1446 4689 364 4570 361 4571 363 4690 361 4571 354 4626 359 4691 528 4509 543 4627 354 4626 544 4510 566 4628 543 4627 567 4511 596 4629 566 4628 597 4512 645 4630 596 4629 646 4513 706 4572 645 4630 706 4572 705 4631 645 4630 705 4631 771 4573 704 4692 771 4573 770 4632 704 4692 770 4632 193 4574 769 4693 193 4574 197 4633 769 4693 163 2998 195 4694 197 4633 163 2998 200 4634 196 4695 200 4634 198 4575 765 4696 765 4696 198 4575 764 4635 764 4635 763 4576 697 4697 763 4576 695 4636 696 4698 695 4636 694 4577 634 4699 694 4577 632 4637 633 4700 632 4637 631 4578 302 4701 631 4578 630 4579 300 4638 630 4579 296 4580 300 4638 300 4638 296 4580 299 4523 302 4701 300 4638 301 4582 303 4639 302 4701 301 4582 1299 4462 304 4702 303 4639 306 4640 304 4702 1299 4462 308 4703 306 4640 1300 4583 1298 4704 1300 4583 1217 4641 1227 4524 1226 4705 1217 4641 1231 4706 1227 4524 1195 4642 1197 4525 1196 4707 1195 4642 1197 4525 1209 4643 1208 4708 1210 4584 1212 4709 1209 4643 3031 4710 1210 4584 1211 4644 5306 4586 3034 4711 1190 4585 3091 4645 3090 4712 5321 4465 3072 4713 3071 4646 5322 3787 5349 4589 5348 4647 5347 4714 4014 4649 5361 4648 4015 4530 4207 4650 4014 4649 4208 4531 4207 4650 4201 4532 4200 4651 4200 4651 4189 4533 4184 4652 4184 4652 4182 4534 4165 4653 3979 4715 4165 4653 4067 4535 4068 4654 4066 4716 4067 4535 4068 4654 4069 4590 4708 4538 4712 4717 4068 4654 4711 4539 4713 4655 4712 4717 4711 4539 4713 4655 4765 4591 4721 4718 4765 4591 4728 4656 4764 4719 4718 4473 4729 4657 4728 4656 4730 4592 4392 4663 4729 4657 4383 4658 4387 4661 4730 4592 4385 4595 4383 4658 4719 4541 4379 4593 4380 4594 4719 4541 4380 4594 4382 4659 4719 4541 4382 4659 4381 4476 4386 4660 4386 4660 4385 4595 4719 4541 4384 4477 4387 4661 4383 4658 4730 4592 4387 4661 4388 4596 4388 4596 4390 4662 4730 4592 4390 4662 4391 4597 4730 4592 4391 4597 4392 4663 4730 4592 4392 4663 4367 4543 4395 4720 4367 4543 4366 4664 4365 4721 4365 4721 4366 4664 5025 4598 5005 4599 5023 4722 5025 4598 5006 4723 5005 4599 5008 4600 5011 4601 5022 4724 5008 4600 5201 4602 5200 4725 5011 4601 5021 4545 5019 4726 5201 4602 5021 4545 5020 4665 5019 4726 5020 4665 5015 4603 4814 4727 5015 4603 5016 4666 4878 4547 5018 4606 5016 4666 5017 4486 4879 4607 4880 4608 5015 4603 5015 4603 4880 4608 4813 4667 4812 4548 4814 4727 4813 4667 4815 4668 4814 4727 4812 4548 4816 4728 4815 4668 4811 4609 4817 4729 4811 4609 4806 4610 4807 4669 4817 4729 4806 4610 4808 4670 4807 4669 4805 4551 4804 4611 4800 4730 4808 4670 4804 4611 4080 4612 4800 4730 4800 4730 4080 4612 4081 4671 4082 4731 4081 4671 4075 4496 4076 4672 4082 4731 4075 4496 4078 4732 4076 4672 4077 4613 4077 4613 4168 4673 4167 4733 4169 4554 4138 4674 4168 4673 4140 4555 4139 4675 4138 4674 4161 4676 4139 4675 4160 4557 4006 4614 4005 4734 4161 4676 3111 4677 3112 4735 4006 4614 3110 4678 3111 4677 4003 4497 5335 4736 3110 4678 3109 4615 5335 4736 3109 4615 5334 4559 5328 4679 1391 4617 1392 4618 1392 4618 1393 4680 5328 4679 1389 4681 1393 4680 1388 4502 1389 4681 1387 4619 5303 4737 5303 4737 1387 4619 1382 4682 1384 4503 1383 4683 1382 4682 1383 4683 1385 4620 5303 4737 1385 4620 1386 4684 5303 4737 1377 4738 1386 4684 1379 4504 1379 4504 1378 4685 1377 4738 5302 4739 1378 4685 1380 4621 1381 4686 5302 4739 1380 4621 1373 4740 1381 4686 1374 4565 1374 4565 1369 4622 1373 4740 1367 4687 1370 4741 1369 4622 1353 4742 1367 4687 1332 4623 1326 4688 1338 4743 1332 4623 1447 4625 1326 4688 1448 4567 1446 4689 1329 4744 1447 4625 364 4570 363 4690 1446 4689 363 4690 361 4571 362 4745 361 4571 359 4691 360 4746 354 4626 352 4747 359 4691 543 4627 346 4748 354 4626 566 4628 565 4749 543 4627 596 4629 595 4750 566 4628 645 4630 644 4751 596 4629 645 4630 705 4631 644 4751 705 4631 704 4692 644 4751 704 4692 770 4632 703 4752 770 4632 769 4693 703 4752 769 4693 197 4633 768 4753 197 4633 195 4694 768 4753 196 4695 195 4694 163 2998 196 4695 200 4634 766 4754 766 4754 200 4634 765 4696 765 4696 764 4635 698 4755 698 4755 764 4635 697 4697 697 4697 763 4576 696 4698 696 4698 695 4636 635 4756 635 4756 695 4636 634 4699 634 4699 694 4577 633 4700 633 4700 632 4637 305 4757 632 4637 302 4701 305 4757 631 4578 300 4638 302 4701 304 4702 302 4701 303 4639 306 4640 305 4757 304 4702 308 4703 307 4758 306 4640 309 4759 308 4703 1300 4583 1298 4704 312 4760 1300 4583 1234 4761 1298 4704 1217 4641 1226 4705 1225 4762 1217 4641 1228 4763 1226 4705 1227 4524 1231 4706 1230 4764 1227 4524 1198 4765 1196 4707 1197 4525 1208 4708 1207 4766 1197 4525 1213 4767 1212 4709 1210 4584 5300 4768 1210 4584 3031 4710 1211 4644 3032 4769 3031 4710 3034 4711 3033 4770 1190 4585 5306 4586 3035 4771 3034 4711 3090 4712 3089 4772 5321 4465 5322 3787 3073 4773 3072 4713 5348 4647 3117 4774 5347 4714 5348 4647 5361 4648 4014 4649 4207 4650 4012 4775 4014 4649 4207 4650 4200 4651 4206 4776 4200 4651 4184 4652 4188 4777 4184 4652 4165 4653 4181 4778 3979 4715 4166 4779 4165 4653 4067 4535 3978 4780 3979 4715 4067 4535 4066 4716 4065 4781 4066 4716 4068 4654 4712 4717 4714 4782 4712 4717 4713 4655 4713 4655 4721 4718 4714 4782 4765 4591 4764 4719 4721 4718 4764 4719 4728 4656 4392 4663 4392 4663 4728 4656 4729 4657 4719 4541 4382 4659 4386 4660 4392 4663 4395 4720 4823 4783 4395 4720 4367 4543 4394 4784 4367 4543 4365 4721 4394 4784 4365 4721 5025 4598 5026 4785 5025 4598 5023 4722 5024 4786 5023 4722 5005 4599 5003 4787 5004 4788 5005 4599 5006 4723 5008 4600 5007 4789 5006 4723 5008 4600 5022 4724 5007 4789 5022 4724 5011 4601 5009 4790 5011 4601 5200 4725 5010 4791 5201 4602 5019 4726 5200 4725 5019 4726 5020 4665 4814 4727 4814 4727 5015 4603 4813 4667 4814 4727 4815 4668 5010 4791 5010 4791 4815 4668 4816 4728 4817 4729 4816 4728 4811 4609 4829 4792 4817 4729 4807 4669 4808 4670 4829 4792 4807 4669 4808 4670 4800 4730 4830 4793 4081 4671 4082 4731 4800 4730 4082 4731 4076 4672 4800 4730 4076 4672 4078 4732 4788 4794 3976 4795 4078 4732 4077 4613 4077 4613 4167 4733 3976 4795 4168 4673 4134 4796 4167 4733 4138 4674 4136 4797 4168 4673 4139 4675 4137 4798 4138 4674 4137 4798 4139 4675 4161 4676 4161 4676 4005 4734 4162 4799 4006 4614 3112 4735 4005 4734 5336 4800 3112 4735 3111 4677 3111 4677 3110 4678 5335 4736 1393 4680 1389 4681 5328 4679 5328 4679 1389 4681 5303 4737 5303 4737 1382 4682 1383 4683 5303 4737 1386 4684 5302 4739 1386 4684 1377 4738 5302 4739 5302 4739 1377 4738 1378 4685 5329 4801 5302 4739 1381 4686 1373 4740 5329 4801 1381 4686 1373 4740 1369 4622 1372 4802 1370 4741 1376 4803 1369 4622 1371 4804 1370 4741 1367 4687 1353 4742 1366 4805 1367 4687 1330 4806 1353 4742 1332 4623 1338 4743 1337 4807 1332 4623 1339 4808 1338 4743 1326 4688 1329 4744 1326 4688 1447 4625 1433 4809 1329 4744 1446 4689 1446 4689 363 4690 362 4745 362 4745 361 4571 360 4746 360 4746 359 4691 358 4810 359 4691 352 4747 358 4810 354 4626 353 4811 352 4747 354 4626 346 4748 349 4812 543 4627 565 4749 346 4748 566 4628 595 4750 565 4749 596 4629 644 4751 595 4750 644 4751 704 4692 643 4813 704 4692 703 4752 643 4813 703 4752 769 4693 702 4814 769 4693 768 4753 702 4814 768 4753 195 4694 767 4815 195 4694 196 4695 767 4815 767 4815 196 4695 766 4754 766 4754 765 4696 699 4816 699 4816 765 4696 698 4755 698 4755 697 4697 637 4817 697 4697 696 4698 636 4818 636 4818 696 4698 635 4756 635 4756 634 4699 313 4819 634 4699 633 4700 310 4820 633 4700 305 4757 307 4758 305 4757 302 4701 304 4702 307 4758 305 4757 306 4640 309 4759 307 4758 308 4703 1300 4583 311 4821 309 4759 312 4760 311 4821 1300 4583 314 4822 312 4760 1298 4704 1297 4823 1298 4704 1234 4761 1217 4641 1235 4824 1234 4761 1217 4641 1225 4762 1224 4825 1227 4524 1229 4826 1228 4763 1230 4764 1229 4826 1227 4524 1199 4827 1198 4765 1197 4525 1207 4766 1206 4828 1197 4525 1214 4829 5300 4768 3031 4710 3033 4770 3032 4769 1211 4644 3036 4830 3035 4771 5306 4586 5321 4465 3089 4772 3088 4831 3074 4832 3073 4773 5322 3787 3118 4833 5347 4714 3117 4774 5348 4647 4014 4649 5359 4834 4012 4775 5359 4834 4014 4649 4206 4776 4012 4775 4207 4650 4188 4777 4206 4776 4200 4651 4188 4777 4184 4652 4181 4778 4181 4778 4165 4653 4166 4779 3976 4795 4166 4779 3979 4715 3979 4715 3978 4780 3977 4835 4071 4836 3978 4780 4067 4535 4065 4781 4071 4836 4067 4535 4066 4716 4712 4717 4065 4781 4712 4717 4714 4782 4705 4837 4721 4718 4723 4838 4714 4782 4721 4718 4764 4719 4720 4839 4720 4839 4764 4719 4392 4663 4392 4663 4823 4783 4825 4840 4395 4720 4394 4784 4823 4783 4394 4784 4365 4721 4393 4841 4393 4841 4365 4721 5026 4785 5026 4785 5025 4598 5024 4786 5024 4786 5023 4722 4823 4783 5003 4787 4835 4842 5023 4722 5005 4599 5004 4788 5003 4787 5004 4788 5006 4723 4835 4842 5006 4723 5007 4789 4835 4842 5022 4724 4832 4843 5007 4789 5009 4790 4816 4728 5022 4724 5011 4601 5010 4791 5009 4790 5200 4725 4814 4727 5010 4791 5019 4726 4814 4727 5200 4725 5010 4791 4816 4728 5009 4790 4817 4729 4832 4843 4816 4728 4829 4792 4833 4844 4817 4729 4821 4845 4829 4792 4808 4670 4830 4793 4821 4845 4808 4670 4800 4730 4788 4794 4830 4793 4800 4730 4076 4672 4788 4794 4788 4794 4078 4732 4715 4846 4079 4847 4078 4732 3976 4795 3976 4795 4167 4733 4166 4779 4167 4733 4134 4796 4132 4848 4168 4673 4136 4797 4134 4796 4138 4674 4137 4798 4136 4797 4162 4799 4137 4798 4161 4676 4005 4734 4004 4849 4162 4799 3112 4735 3113 4850 4005 4734 3113 4850 3112 4735 5336 4800 5336 4800 3111 4677 5335 4736 1373 4740 1372 4802 5329 4801 1369 4622 1375 4851 1372 4802 1376 4803 1375 4851 1369 4622 1376 4803 1370 4741 5329 4801 1370 4741 1371 4804 5329 4801 1365 4852 1371 4804 1367 4687 1367 4687 1366 4805 1365 4852 1368 4853 1366 4805 1353 4742 1364 4854 1353 4742 1330 4806 1332 4623 1331 4855 1330 4806 1332 4623 1337 4807 1334 4856 1335 4857 1339 4808 1326 4688 1329 4744 1328 4858 1326 4688 1433 4809 1307 4859 1329 4744 1445 4860 1433 4809 1446 4689 362 4745 360 4746 1446 4689 360 4746 358 4810 1446 4689 358 4810 352 4747 1445 4860 1445 4860 352 4747 353 4811 354 4626 355 4861 353 4811 349 4812 356 4862 354 4626 346 4748 347 4863 349 4812 565 4749 564 4864 346 4748 595 4750 594 4865 565 4749 644 4751 643 4813 595 4750 643 4813 703 4752 642 4866 703 4752 702 4814 642 4866 702 4814 768 4753 701 4867 768 4753 767 4815 701 4867 767 4815 766 4754 700 4868 700 4868 766 4754 699 4816 699 4816 698 4755 638 4869 638 4869 698 4755 637 4817 637 4817 697 4697 636 4818 636 4818 635 4756 316 4870 316 4870 635 4756 313 4819 313 4819 634 4699 310 4820 310 4820 633 4700 307 4758 310 4820 307 4758 309 4759 311 4821 310 4820 309 4759 312 4760 310 4820 311 4821 314 4822 313 4819 312 4760 315 4871 314 4822 1298 4704 1297 4823 320 4872 1298 4704 1281 4873 1297 4823 1234 4761 1235 4824 1233 4874 1234 4761 1236 4875 1235 4824 1217 4641 1224 4825 1223 4876 1217 4641 1197 4525 1200 4877 1199 4827 1197 4525 1206 4828 1205 4878 1214 4829 1213 4767 5300 4768 5316 4879 3036 4830 5306 4586 3088 4831 3087 4880 5321 4465 3075 4881 3074 4832 5322 3787 5346 4882 5347 4714 3118 4833 4013 4883 3118 4833 3117 4774 3117 4774 5359 4834 4012 4775 4206 4776 4013 4883 4012 4775 4188 4777 4205 4884 4206 4776 4188 4777 4181 4778 4179 4885 4181 4778 4166 4779 4132 4848 3979 4715 4073 4886 3976 4795 3977 4835 4074 4887 3979 4715 3977 4835 3978 4780 4709 4888 3978 4780 4071 4836 4709 4888 4705 4837 4071 4836 4065 4781 4065 4781 4712 4717 4705 4837 4705 4837 4714 4782 4709 4888 4714 4782 4723 4838 4727 4889 4723 4838 4721 4718 4722 4890 4722 4890 4721 4718 4720 4839 4392 4663 4722 4890 4720 4839 4825 4840 4826 4891 4392 4663 4825 4840 4823 4783 4824 4892 4823 4783 4394 4784 4393 4841 4823 4783 4393 4841 5026 4785 5026 4785 5024 4786 4823 4783 4823 4783 5023 4722 4822 4893 4835 4842 4820 4894 5023 4722 5004 4788 4835 4842 5003 4787 4835 4842 5007 4789 4834 4895 4832 4843 4833 4844 5007 4789 4816 4728 4832 4843 5022 4724 4833 4844 4832 4843 4817 4729 4834 4895 4833 4844 4829 4792 4821 4845 4834 4895 4829 4792 4819 4896 4821 4845 4830 4793 4830 4793 4788 4794 4831 4897 4788 4794 4715 4846 4775 4898 4079 4847 4715 4846 4078 4732 3974 4899 4079 4847 3976 4795 4167 4733 4132 4848 4166 4779 4177 4900 4132 4848 4134 4796 4136 4797 4133 4901 4134 4796 4137 4798 4135 4902 4136 4797 4135 4902 4137 4798 4162 4799 4162 4799 4004 4849 4163 4903 4005 4734 3113 4850 4004 4849 5337 4904 3113 4850 5336 4800 1372 4802 1375 4851 5329 4801 5329 4801 1375 4851 1376 4803 5329 4801 1371 4804 5308 4905 1371 4804 1365 4852 5308 4905 5308 4905 1365 4852 1366 4805 1368 4853 2960 4906 1366 4805 1349 4907 1368 4853 1353 4742 1364 4854 1363 4908 1353 4742 1333 4909 1331 4855 1332 4623 1334 4856 1333 4909 1332 4623 1326 4688 1336 4910 1335 4857 1328 4858 1327 4911 1326 4688 1329 4744 1305 4912 1328 4858 1307 4859 1305 4912 1329 4744 1417 4913 1307 4859 1433 4809 1434 4914 1433 4809 1445 4860 1446 4689 358 4810 1445 4860 353 4811 355 4861 1445 4860 356 4862 355 4861 354 4626 357 4915 356 4862 349 4812 349 4812 347 4863 351 4916 343 4917 347 4863 346 4748 346 4748 564 4864 343 4917 565 4749 594 4865 564 4864 595 4750 643 4813 594 4865 643 4813 642 4866 594 4865 642 4866 702 4814 641 4918 702 4814 701 4867 641 4918 701 4867 767 4815 700 4868 700 4868 699 4816 639 4919 639 4919 699 4816 638 4869 638 4869 637 4817 321 4920 637 4817 636 4818 318 4921 318 4921 636 4818 316 4870 316 4870 313 4819 315 4871 313 4819 310 4820 312 4760 315 4871 313 4819 314 4822 1298 4704 317 4922 315 4871 320 4872 317 4922 1298 4704 319 4923 320 4872 1297 4823 1292 4924 1297 4823 1281 4873 1281 4873 1234 4761 1257 4925 1234 4761 1233 4874 1232 4926 1215 4927 1236 4875 1217 4641 1223 4876 1222 4928 1217 4641 1201 4929 1200 4877 1197 4525 1205 4878 1204 4930 1197 4525 3037 4931 3036 4830 5316 4879 3087 4880 3086 4932 5321 4465 5259 4933 3074 4832 3075 4881 5322 3787 3076 4934 3075 4881 5345 4935 5346 4882 3118 4833 5360 4936 3118 4833 4013 4883 4013 4883 3117 4774 4012 4775 4205 4884 4013 4883 4206 4776 4205 4884 4188 4777 4179 4885 4179 4885 4181 4778 4132 4848 4073 4886 4072 4937 3976 4795 4074 4887 4073 4886 3979 4715 3977 4835 4709 4888 4074 4887 4709 4888 4071 4836 4705 4837 4714 4782 4727 4889 4709 4888 4723 4838 4726 4938 4727 4889 4724 4939 4723 4838 4722 4890 4724 4939 4722 4890 4392 4663 4826 4891 4779 4940 4392 4663 4826 4891 4825 4840 4824 4892 4824 4892 4823 4783 4819 4896 4823 4783 4822 4893 4819 4896 4818 4941 4822 4893 5023 4722 5023 4722 4820 4894 4818 4941 4820 4894 4835 4842 4821 4845 4835 4842 4834 4895 4821 4845 5007 4789 4833 4844 4834 4895 4821 4845 4819 4896 4820 4894 4831 4897 4819 4896 4830 4793 4788 4794 4775 4898 4831 4897 4716 4942 4775 4898 4715 4846 4716 4942 4715 4846 4079 4847 3974 4899 4716 4942 4079 4847 3976 4795 3975 4943 3974 4899 4179 4885 4132 4848 4177 4900 4177 4900 4134 4796 4133 4901 4136 4797 4135 4902 4133 4901 4163 4903 4135 4902 4162 4799 4004 4849 4007 4944 4163 4903 3113 4850 3115 4945 4004 4849 3113 4850 5337 4904 3115 4945 1366 4805 2959 4946 5308 4905 2960 4906 2959 4946 1366 4805 2961 4947 2960 4906 1368 4853 1349 4907 2961 4947 1368 4853 1349 4907 1353 4742 1354 4948 1363 4908 1362 4949 1353 4742 1326 4688 1340 4950 1336 4910 1327 4911 1347 4951 1326 4688 1307 4859 1306 4952 1305 4912 1417 4913 1420 4953 1307 4859 1434 4914 1417 4913 1433 4809 1302 4954 1434 4914 1445 4860 355 4861 356 4862 1445 4860 356 4862 357 4915 1302 4954 350 4955 357 4915 349 4812 351 4916 350 4955 349 4812 347 4863 1302 4954 351 4916 348 4956 347 4863 343 4917 564 4864 563 4957 343 4917 594 4865 593 4958 564 4864 594 4865 642 4866 593 4958 642 4866 641 4918 593 4958 641 4918 701 4867 640 4959 701 4867 700 4868 640 4959 640 4959 700 4868 639 4919 639 4919 638 4869 590 4960 590 4960 638 4869 321 4920 321 4920 637 4817 318 4921 316 4870 319 4923 318 4921 317 4922 316 4870 315 4871 317 4922 320 4872 316 4870 320 4872 319 4923 316 4870 323 4961 319 4923 1297 4823 1292 4924 326 4962 1297 4823 1282 4963 1292 4924 1281 4873 1260 4964 1281 4873 1257 4925 1257 4925 1234 4761 1245 4965 1234 4761 1232 4926 1245 4965 1217 4641 1216 4966 1215 4927 1217 4641 1222 4928 1221 4967 1202 4968 1201 4929 1197 4525 1204 4930 1203 4969 1197 4525 2999 4970 3037 4931 5316 4879 5321 4465 3086 4932 3085 4971 3077 4972 3076 4934 5322 3787 5346 4882 5345 4935 5344 4973 4013 4883 4010 4974 5360 4936 4205 4884 4010 4974 4013 4883 4205 4884 4179 4885 4180 4975 3976 4976 4072 4976 3975 4976 4073 4886 4710 4977 4072 4937 4074 4887 4709 4888 4073 4886 4709 4888 4727 4889 4710 4977 4727 4889 4726 4938 4725 4978 4723 4838 4781 4979 4726 4938 4724 4939 4782 4980 4723 4838 4782 4980 4724 4939 4392 4663 4392 4663 4779 4940 5223 4981 4779 4940 4826 4891 4778 4982 4826 4891 4824 4892 4778 4982 4824 4892 4819 4896 4831 4897 4819 4896 4822 4893 4818 4941 4820 4894 4819 4896 4818 4941 4831 4897 4775 4898 4776 4983 4725 4978 4775 4898 4716 4942 4710 4977 4716 4942 3974 4899 3975 4943 4710 4977 3974 4899 4177 4900 4180 4975 4179 4885 4133 4901 4178 4984 4177 4900 4164 4985 4133 4901 4135 4902 4164 4985 4135 4902 4163 4903 4163 4903 4007 4944 4008 4986 4007 4944 4004 4849 5339 4987 4004 4849 3115 4945 3114 4988 3115 4945 5337 4904 3114 4988 2959 4946 2958 4989 5308 4905 2962 4990 2961 4947 1349 4907 1355 4991 1349 4907 1354 4948 1354 4948 1353 4742 1352 4992 1353 4742 1362 4949 1361 4993 1341 4994 1340 4950 1326 4688 1347 4951 1346 4995 1326 4688 1307 4859 1308 4996 1306 4952 1420 4953 1325 4997 1307 4859 1421 4998 1420 4953 1417 4913 1411 4999 1417 4913 1434 4914 1432 5000 1434 4914 1302 4954 1445 4860 356 4862 1302 4954 1302 4954 357 4915 350 4955 1302 4954 350 4955 351 4916 1302 4954 347 4863 1140 5001 1140 5001 347 4863 348 4956 341 5002 348 4956 343 4917 343 4917 563 4957 336 5003 564 4864 593 4958 563 4957 593 4958 641 4918 592 5004 641 4918 640 4959 592 5004 640 4959 639 4919 591 5005 591 5005 639 4919 590 4960 590 4960 321 4920 328 5006 318 4921 322 5007 321 4920 319 4923 323 4961 318 4921 1297 4823 322 5007 323 4961 326 4962 322 5007 1297 4823 325 5008 326 4962 1292 4924 1293 5009 1292 4924 1282 4963 1282 4963 1281 4873 1260 4964 1260 4964 1257 4925 1259 5010 1257 4925 1245 4965 1256 5011 1245 4965 1232 4926 1255 5012 1218 5013 1216 4966 1217 4641 1221 4967 1220 5014 1217 4641 1197 4525 1203 4969 1202 4968 2999 4970 5316 4879 2998 5015 3085 4971 3084 5016 5321 4465 5321 4465 3077 4972 5322 3787 5345 4935 5343 5017 5344 4973 5345 4935 5360 4936 4010 4974 4180 4975 4010 4974 4205 4884 4072 4937 4710 4977 3975 4943 4709 4888 4710 4977 4073 4886 4727 4889 4725 4978 4710 4977 4726 4938 4777 5018 4725 4978 4781 4979 4780 5019 4726 4938 4782 4980 4781 4979 4723 4838 4392 4663 5223 4981 4782 4980 4779 4940 4780 5019 5223 4981 4779 4940 4778 4982 4726 4938 4778 4982 4824 4892 4777 5018 4824 4892 4831 4897 4777 5018 4777 5018 4831 4897 4776 4983 4725 4978 4776 4983 4775 4898 4710 4977 4725 4978 4716 4942 4177 4900 4178 4984 4180 4975 4133 4901 4164 4985 4178 4984 4163 4903 4008 4986 4164 4985 4007 4944 5356 5020 4008 4986 5339 4987 5356 5020 4007 4944 5339 4987 4004 4849 3114 4988 5337 4904 5341 5021 3114 4988 5308 4905 2958 4989 2957 5022 1351 5023 2962 4990 1349 4907 1348 5024 1349 4907 1355 4991 1353 4742 1356 5025 1352 4992 1361 4993 1360 5026 1353 4742 1342 5027 1341 4994 1326 4688 1326 4688 1346 4995 1345 5028 1309 5029 1308 4996 1307 4859 1307 4859 1325 4997 1319 5030 1325 4997 1420 4953 5307 5031 1420 4953 1421 4998 5307 5031 1415 5032 1421 4998 1417 4913 1411 4999 1418 5033 1417 4913 1432 5000 1411 4999 1434 4914 1296 5034 1432 5000 1302 4954 1295 5035 1302 4954 1140 5001 341 5002 1140 5001 348 4956 343 4917 342 5036 341 5002 336 5003 344 5037 343 4917 563 4957 333 5038 336 5003 593 4958 592 5004 563 4957 592 5004 640 4959 591 5005 591 5005 590 4960 331 5039 331 5039 590 4960 328 5006 328 5006 321 4920 324 5040 321 4920 322 5007 324 5040 323 4961 322 5007 318 4921 324 5040 322 5007 326 4962 326 4962 325 5008 324 5040 327 5041 325 5008 1292 4924 1293 5009 330 5042 1292 4924 1283 5043 1293 5009 1282 4963 1263 5044 1282 4963 1260 4964 1259 5010 1265 5045 1260 4964 1259 5010 1257 4925 1258 5046 1256 5011 1262 5047 1257 4925 1256 5011 1245 4965 1242 5048 1255 5012 1254 5049 1245 4965 1217 4641 1219 5050 1218 5013 1220 5014 1219 5050 1217 4641 2998 5015 5316 4879 2997 5051 3084 5016 3083 5052 5321 4465 3078 5053 3077 4972 5321 4465 5344 4973 5343 5017 5342 5054 5357 5055 5345 4935 4010 4974 4180 4975 4011 5056 4010 4974 4777 5018 4776 4983 4725 4978 4778 4982 4777 5018 4726 4938 4726 4938 4780 5019 4779 4940 5223 4981 4780 5019 4781 4979 4782 4980 5223 4981 4781 4979 4178 4984 4011 5056 4180 4975 4164 4985 4009 5057 4178 4984 4164 4985 4008 4986 4009 5057 5338 5058 4008 4986 5356 5020 3114 4988 5341 5021 5339 4987 2957 5022 2956 5059 5308 4905 1351 5023 1349 4907 1350 5060 1350 5060 1349 4907 1348 5024 1357 5061 1356 5025 1353 4742 1360 5026 1359 5062 1353 4742 1326 4688 1343 5063 1342 5027 1345 5028 1344 5064 1326 4688 1310 5065 1309 5029 1307 4859 1319 5030 1318 5066 1307 4859 1319 5030 1325 4997 1324 5067 5307 5031 1323 5068 1325 4997 5307 5031 1421 4998 5310 5069 1421 4998 1415 5032 5310 5069 1417 4913 1416 5070 1415 5032 1418 5033 1416 5070 1417 4913 1419 5071 1418 5033 1411 4999 1409 5072 1411 4999 1432 5000 1280 5073 1432 5000 1296 5034 1296 5034 1302 4954 1295 5035 1283 5043 1295 5035 1140 5001 342 5036 1140 5001 341 5002 344 5037 342 5036 343 4917 345 5074 344 5037 336 5003 336 5003 333 5038 338 5075 563 4957 592 5004 333 5038 592 5004 591 5005 333 5038 333 5038 591 5005 331 5039 331 5039 328 5006 330 5042 328 5006 324 5040 327 5041 327 5041 324 5040 325 5008 1292 4924 329 5076 327 5041 330 5042 329 5076 1292 4924 1293 5009 332 5077 330 5042 1294 5078 1293 5009 1283 5043 1283 5043 1282 4963 1263 5044 1260 4964 1264 5079 1263 5044 1265 5045 1264 5079 1260 4964 1265 5045 1259 5010 5314 5080 5314 5080 1259 5010 1258 5046 1257 4925 1261 5081 1258 5046 1262 5047 1261 5081 1257 4925 1262 5047 1256 5011 5315 5082 5315 5082 1256 5011 1242 5048 1245 4965 1246 5083 1242 5048 1254 5049 1253 5084 1245 4965 5316 4879 3000 5085 2997 5051 5321 4465 3083 5052 3082 5086 3079 5087 3078 5053 5321 4465 5343 5017 3116 5088 5342 5054 4011 5056 5357 5055 4010 4974 4178 4984 4009 5057 4011 5056 3116 5088 4009 5057 4008 4986 3116 5088 4008 4986 5338 5058 5341 5021 5340 5089 5339 4987 5308 4905 2956 5059 5309 5090 1358 5091 1357 5061 1353 4742 1353 4742 1359 5062 1358 5091 1344 5064 1343 5063 1326 4688 1307 4859 1311 5092 1310 5065 1318 5066 1317 5093 1307 4859 1325 4997 1323 5068 1324 5067 5307 5031 2967 5094 1323 5068 5310 5069 1415 5032 1416 5070 1416 5070 1418 5033 5310 5069 1418 5033 1419 5071 5310 5069 1410 5095 1419 5071 1411 4999 1411 4999 1409 5072 1410 5095 1272 5096 1409 5072 1432 5000 1280 5073 1272 5096 1432 5000 1280 5073 1296 5034 1263 5044 1296 5034 1295 5035 1283 5043 1140 5001 1294 5078 1283 5043 1140 5001 342 5036 344 5037 345 5074 1140 5001 344 5037 337 5097 345 5074 336 5003 338 5075 337 5097 336 5003 333 5038 334 5098 338 5075 331 5039 334 5098 333 5038 332 5077 331 5039 330 5042 330 5042 328 5006 329 5076 329 5076 328 5006 327 5041 335 5099 332 5077 1293 5009 1294 5078 335 5099 1293 5009 1263 5044 1296 5034 1283 5043 1264 5079 1268 5100 1263 5044 1264 5079 1265 5045 5313 5101 5313 5101 1265 5045 5314 5080 1258 5046 1261 5081 5314 5080 1261 5081 1262 5047 5314 5080 5314 5080 1262 5047 5315 5082 1242 5048 1240 5102 5315 5082 1242 5048 1246 5083 1241 5103 1246 5083 1245 4965 1243 5104 1245 4965 1253 5084 1252 5105 3001 5106 3000 5085 5316 4879 3082 5086 3081 5107 5321 4465 5321 4465 3080 5108 3079 5087 5342 5054 3116 5088 5340 5089 5343 5017 5357 5055 4011 5056 4009 5057 5358 5109 4011 5056 3116 5088 5358 5109 4009 5057 3116 5088 5338 5058 5340 5089 5338 5058 5339 4987 5340 5089 2956 5059 2996 5110 5309 5090 1312 5111 1311 5092 1307 4859 1307 4859 1317 5093 1316 5112 1324 5067 1323 5068 1322 5113 2967 5094 2966 5114 1323 5068 2968 5115 2967 5094 5307 5031 5310 5069 1419 5071 5311 5116 1419 5071 1410 5095 5311 5116 1410 5095 1409 5072 1408 5117 1271 5118 1409 5072 1272 5096 1280 5073 1263 5044 1272 5096 337 5097 1294 5078 1140 5001 345 5074 337 5097 1140 5001 339 5119 337 5097 338 5075 338 5075 334 5098 340 5120 335 5099 334 5098 331 5039 332 5077 335 5099 331 5039 334 5098 335 5099 1294 5078 1268 5100 1267 5121 1263 5044 1268 5100 1264 5079 5313 5101 5315 5082 1240 5102 1237 5122 1242 5048 1241 5103 1240 5102 1245 4965 1244 5123 1243 5104 1252 5105 1251 5124 1245 4965 3002 5125 3001 5106 5316 4879 3081 5107 3080 5108 5321 4465 5226 5126 3081 5107 3082 5086 5227 5127 3079 5087 3080 5108 5358 5109 5343 5017 4011 5056 2996 5110 2995 5128 5309 5090 1313 5129 1312 5111 1307 4859 1316 5112 1315 5130 1307 4859 1323 5068 1321 5131 1322 5113 1323 5068 2966 5114 2965 5132 2969 5133 2968 5115 5307 5031 5311 5116 1410 5095 1408 5117 1409 5072 1412 5134 1408 5117 1271 5118 1413 5135 1409 5072 1272 5096 1270 5136 1271 5118 1263 5044 1266 5137 1272 5096 337 5097 339 5119 1294 5078 340 5120 339 5119 338 5075 1294 5078 340 5120 334 5098 1263 5044 1267 5121 1266 5137 5313 5101 1267 5121 1268 5100 1237 5122 3025 5138 5315 5082 1240 5102 1239 5139 1237 5122 1241 5103 1239 5139 1240 5102 1245 4965 1247 5140 1244 5123 1251 5124 1250 5141 1245 4965 5316 4879 3003 5142 3002 5125 3080 5143 3081 5143 5227 5143 3081 5143 5226 5143 5225 5143 5309 5090 2995 5128 2994 5144 1307 4859 1314 5145 1313 5129 1315 5130 1314 5145 1307 4859 1322 5113 1321 5131 1320 5146 1323 5068 2964 5147 1321 5131 2965 5132 2964 5147 1323 5068 5307 5031 2970 5148 2969 5133 1408 5117 1412 5134 5311 5116 1413 5135 1412 5134 1409 5072 1414 5149 1413 5135 1271 5118 1271 5118 1270 5136 1269 5150 1272 5096 1266 5137 1270 5136 339 5119 340 5120 1294 5078 1266 5137 1267 5121 5313 5101 3025 5138 3024 5151 5315 5082 1237 5122 3026 5152 3025 5138 1239 5139 1238 5153 1237 5122 1248 5154 1247 5140 1245 4965 1245 4965 1250 5141 1249 5155 3004 5156 3003 5142 5316 4879 5227 5127 3081 5107 5258 5157 5258 5143 3081 5143 5225 5143 5226 5126 3084 5016 5225 5158 2994 5144 2993 5159 5309 5090 1321 5131 2963 5160 1320 5146 2964 5147 2963 5160 1321 5131 2971 5161 2970 5148 5307 5031 1412 5134 1413 5135 5311 5116 1413 5135 1414 5149 5312 5162 1269 5150 1414 5149 1271 5118 1269 5150 1270 5136 5312 5162 1270 5136 1266 5137 5312 5162 5312 5162 1266 5137 5313 5101 5315 5082 3024 5151 3023 5163 3027 5164 3026 5152 1237 5122 1238 5153 3030 5165 1237 5122 1249 5155 1248 5154 1245 4965 3005 5166 3004 5156 5316 4879 5258 5157 3077 4972 5227 5127 5258 5143 5225 5143 5242 5143 2993 5159 2992 5167 5309 5090 2972 5168 2971 5161 5307 5031 5311 5116 1413 5135 5312 5162 5312 5162 1414 5149 1269 5150 3023 5163 3022 5169 5315 5082 3028 5170 3027 5164 1237 5122 3030 5165 3029 5171 1237 5122 5316 4879 3006 5172 3005 5166 5248 5143 5258 5143 5242 5143 5225 5143 5230 5143 5242 5143 5309 5090 2992 5167 2991 5173 5307 5031 2973 5174 2972 5168 3022 5169 3021 5175 5315 5082 1237 5122 3029 5171 3028 5170 3007 5176 3006 5172 5316 4879 5259 5143 5258 5143 5248 5143 5242 5143 5245 5143 5248 5143 5230 5177 5231 5177 5242 5177 2991 5173 2990 5178 5309 5090 2974 5179 2973 5174 5307 5031 5315 5082 3021 5175 3020 5180 3008 5181 3007 5176 5316 4879 5253 5182 5259 5182 5248 5182 5245 5143 5244 5143 5248 5143 5240 5143 5245 5143 5242 5143 5239 5183 5242 5183 5231 5183 5233 5143 5231 5143 5230 5143 2990 5178 2989 5184 5309 5090 2975 5185 2974 5179 5307 5031 3020 5180 3019 5186 5315 5082 5316 4879 3009 5187 3008 5181 5257 5143 5259 5143 5253 5143 5251 5188 5253 5188 5248 5188 5243 5189 5248 5189 5244 5189 5241 5190 5240 5190 5242 5190 5239 5191 5238 5191 5242 5191 5231 5192 5235 5192 5239 5192 5232 5143 5231 5143 5233 5143 5228 5193 5233 5193 5230 5193 5309 5090 2989 5184 2988 5194 5307 5031 2976 5195 2975 5185 3019 5186 3018 5196 5315 5082 5263 5197 3008 5181 3009 5187 3010 5198 3009 5187 5316 4879 5257 5199 5256 5199 5259 5199 5253 5143 5252 5143 5257 5143 5249 5200 5253 5200 5251 5200 5246 5201 5251 5201 5248 5201 5237 5143 5242 5143 5238 5143 5235 5202 5234 5202 5239 5202 5231 5203 5236 5203 5235 5203 5229 5143 5228 5143 5230 5143 2988 5194 2987 5204 5309 5090 2977 5205 2976 5195 5307 5031 5315 5082 3018 5196 3017 5206 5263 5207 3009 5207 5262 5207 3010 5198 5260 5208 3009 5187 5315 5082 3010 5198 5316 4879 5255 5143 5259 5143 5256 5143 5254 5209 5253 5209 5249 5209 5250 5143 5249 5143 5251 5143 5247 5143 5246 5143 5248 5143 2987 5204 2986 5210 5309 5090 2978 5211 2977 5205 5307 5031 3017 5206 3016 5212 5315 5082 5262 5213 3006 5172 5263 5197 3009 5214 5261 5214 5262 5214 3009 5215 5260 5215 5261 5215 3011 5216 3010 5198 5315 5082 5309 5090 2986 5210 2985 5217 5307 5031 2979 5218 2978 5211 3016 5212 3015 5219 5315 5082 5262 5213 5261 5220 5379 5221 5261 5220 5260 5208 3012 5222 5315 5082 3012 5222 3011 5216 2985 5217 2984 5223 5309 5090 2980 5224 2979 5218 5307 5031 5315 5082 3015 5219 3014 5225 5374 5226 5262 5213 5379 5221 5261 5220 5390 5227 5379 5221 3013 5228 3012 5222 5315 5082 2984 5223 2983 5229 5309 5090 2985 5217 5265 5230 2984 5223 5309 5090 2980 5224 5307 5031 3014 5225 3013 5228 5315 5082 5374 5226 5375 5231 5262 5213 5379 5232 5381 5232 5374 5232 5390 5233 5389 5233 5379 5233 5261 5220 5369 5234 5390 5227 5309 5090 2983 5229 2982 5235 5267 5236 2983 5236 2984 5236 2984 5237 5265 5237 5266 5237 2981 5238 2980 5224 5309 5090 5375 5231 5365 5239 5262 5213 5381 5240 5392 5240 5374 5240 5379 5241 5380 5241 5381 5241 5383 5242 5379 5242 5389 5242 5388 5243 5389 5243 5390 5243 5393 5244 5390 5244 5369 5244 5261 5220 5368 5245 5369 5234 2982 5235 2981 5238 5309 5090 5267 5246 2984 5223 5266 5247 5266 5247 5265 5230 5264 5248 5364 5249 5262 5213 5365 5239 5382 5250 5365 5250 5375 5250 5391 5251 5392 5251 5381 5251 5380 5252 5386 5252 5381 5252 5383 5253 5385 5253 5379 5253 5394 5254 5383 5254 5389 5254 5376 5255 5369 5255 5368 5255 5266 5247 5298 5256 5267 5246 5264 5257 5270 5257 5266 5257 5264 5248 5265 5230 2987 5204 5366 5258 5364 5258 5365 5258 5386 5259 5387 5259 5381 5259 5383 5260 5384 5260 5385 5260 5267 5246 5298 5256 2980 5224 5299 5261 5298 5261 5266 5261 5270 5262 5269 5262 5266 5262 5366 5263 5367 5263 5364 5263 5370 5264 5366 5264 5365 5264 5295 5265 5299 5265 5266 5265 5266 5266 5269 5266 5268 5266 5373 5267 5364 5267 5367 5267 5372 5268 5366 5268 5370 5268 5377 5269 5370 5269 5365 5269 5266 5270 5296 5270 5295 5270 5268 5271 5273 5271 5266 5271 5370 5272 5371 5272 5372 5272 5377 5273 5378 5273 5370 5273 5297 5274 5296 5274 5266 5274 5273 5275 5272 5275 5266 5275 5292 5276 5297 5276 5266 5276 5266 5277 5272 5277 5271 5277 5266 5278 5293 5278 5292 5278 5271 5279 5276 5279 5266 5279 5294 5280 5293 5280 5266 5280 5276 5281 5275 5281 5266 5281 5289 5282 5294 5282 5266 5282 5266 5283 5275 5283 5274 5283 5266 5284 5290 5284 5289 5284 5274 5285 5279 5285 5266 5285 5291 5286 5290 5286 5266 5286 5279 5287 5278 5287 5266 5287 5286 5288 5291 5288 5266 5288 5266 5289 5278 5289 5277 5289 5266 5290 5287 5290 5286 5290 5277 5291 5282 5291 5266 5291 5288 5292 5287 5292 5266 5292 5282 5293 5281 5293 5266 5293 5283 5294 5288 5294 5266 5294 5266 5295 5281 5295 5280 5295 5266 5296 5284 5296 5283 5296 5280 5297 5285 5297 5266 5297 5285 5298 5284 5298 5266 5298 5396 5299 5395 5300 5397 5301 5398 5302 5396 5299 5397 5301 5399 5303 5432 5304 5400 5305 5401 5306 5400 5305 5433 5307 5402 5308 5401 5306 5435 5309 5402 5308 5439 5310 5403 5311 5404 5312 5403 5311 5441 5313 5404 5312 5443 5314 5405 5315 5405 5315 5447 5316 5406 5317 5407 5318 5406 5317 5449 5319 5408 5320 5407 5318 5451 5321 5408 5320 5453 5322 5409 5323 5409 5323 5457 5324 5410 5325 5410 5325 5459 5326 5411 5327 5412 5328 5411 5327 5464 5329 5412 5328 5469 5330 5414 5331 5414 5331 5466 5332 5413 5333 5413 5333 5475 5334 5415 5335 5416 5336 5415 5335 5471 5337 5416 5336 5480 5338 5418 5339 5418 5339 5477 5340 5417 5341 5417 5341 5485 5342 5420 5343 5420 5343 5482 5344 5419 5345 5419 5345 5491 5346 5421 5347 5422 5348 5421 5347 5487 5349 5423 5350 5422 5348 5493 5351 5424 5352 5423 5350 5495 5353 5425 5354 5424 5352 5497 5355 5425 5354 5499 5356 5426 5357 5426 5357 5501 5358 5427 5359 5427 5359 5503 5360 5428 5361 5429 5362 5428 5361 5505 5363 5428 5361 5506 5364 5505 5363 5507 5365 5506 5364 5428 5361 5503 5360 5507 5365 5428 5361 5504 5366 5503 5360 5427 5359 5501 5358 5504 5366 5427 5359 5502 5367 5501 5358 5426 5357 5499 5356 5502 5367 5426 5357 5500 5368 5499 5356 5425 5354 5498 5369 5500 5368 5425 5354 5498 5369 5425 5354 5497 5355 5497 5355 5424 5352 5496 5370 5496 5370 5424 5352 5495 5353 5495 5353 5423 5350 5494 5371 5494 5371 5423 5350 5493 5351 5493 5351 5422 5348 5489 5372 5489 5372 5422 5348 5487 5349 5487 5349 5421 5347 5488 5373 5421 5347 5490 5374 5488 5373 5491 5346 5490 5374 5421 5347 5492 5375 5491 5346 5419 5345 5482 5344 5492 5375 5419 5345 5483 5376 5482 5344 5420 5343 5420 5343 5484 5377 5483 5376 5485 5342 5484 5377 5420 5343 5486 5378 5485 5342 5417 5341 5477 5340 5486 5378 5417 5341 5478 5379 5477 5340 5418 5339 5418 5339 5479 5380 5478 5379 5480 5338 5479 5380 5418 5339 5481 5381 5480 5338 5416 5336 5473 5382 5481 5381 5416 5336 5473 5382 5416 5336 5471 5337 5471 5337 5415 5335 5472 5383 5415 5335 5474 5384 5472 5383 5475 5334 5474 5384 5415 5335 5476 5385 5475 5334 5413 5333 5466 5332 5476 5385 5413 5333 5467 5386 5466 5332 5414 5331 5414 5331 5468 5387 5467 5386 5469 5330 5468 5387 5414 5331 5470 5388 5469 5330 5412 5328 5465 5389 5470 5388 5412 5328 5465 5389 5412 5328 5464 5329 5464 5329 5411 5327 5462 5390 5411 5327 5461 5391 5462 5390 5463 5392 5461 5391 5411 5327 5459 5326 5463 5392 5411 5327 5460 5393 5459 5326 5410 5325 5456 5394 5460 5393 5410 5325 5410 5325 5455 5395 5456 5394 5457 5324 5455 5395 5410 5325 5458 5396 5457 5324 5409 5323 5453 5322 5458 5396 5409 5323 5454 5397 5453 5322 5408 5320 5452 5398 5454 5397 5408 5320 5452 5398 5408 5320 5451 5321 5451 5321 5407 5318 5450 5399 5450 5399 5407 5318 5449 5319 5449 5319 5406 5317 5446 5400 5406 5317 5445 5401 5446 5400 5447 5316 5445 5401 5406 5317 5448 5402 5447 5316 5405 5315 5443 5314 5448 5402 5405 5315 5444 5403 5443 5314 5404 5312 5442 5404 5444 5403 5404 5312 5442 5404 5404 5312 5441 5313 5441 5313 5403 5311 5438 5405 5403 5311 5437 5406 5438 5405 5439 5310 5437 5406 5403 5311 5440 5407 5439 5310 5402 5308 5436 5408 5440 5407 5402 5308 5436 5408 5402 5308 5435 5309 5435 5309 5401 5306 5434 5409 5434 5409 5401 5306 5433 5307 5433 5307 5400 5305 5431 5410 5400 5305 5430 5411 5431 5410 5432 5304 5430 5411 5400 5305 5511 5412 5508 5413 5509 5414 5510 5415 5511 5412 5509 5414 5512 5416 5599 5417 5600 5418 5600 5418 5607 5419 5602 5420 5602 5420 5603 5421 5604 5422 5604 5422 5612 5423 5609 5424 5615 5425 5609 5424 5614 5426 5618 5427 5615 5425 5617 5428 5618 5427 5620 5429 5621 5430 5623 5431 5624 5432 5621 5430 5620 5429 5623 5431 5621 5430 5622 5433 5620 5429 5618 5427 5619 5434 5622 5433 5618 5427 5619 5434 5618 5427 5617 5428 5617 5428 5615 5425 5616 5435 5616 5435 5615 5425 5614 5426 5614 5426 5609 5424 5611 5436 5609 5424 5610 5437 5611 5436 5612 5423 5610 5437 5609 5424 5613 5438 5612 5423 5604 5422 5603 5421 5613 5438 5604 5422 5605 5439 5603 5421 5602 5420 5602 5420 5606 5440 5605 5439 5607 5419 5606 5440 5602 5420 5608 5441 5607 5419 5600 5418 5599 5417 5608 5441 5600 5418 5601 5442 5599 5417 5512 5416 5514 5443 5601 5442 5512 5416 5512 5416 5513 5444 5514 5443 5598 5445 5513 5444 5596 5446 5597 5447 5598 5445 5596 5446 5597 5447 5596 5446 5595 5448 5595 5448 5590 5449 5592 5450 5590 5449 5591 5451 5592 5450 5593 5452 5591 5451 5590 5449 5594 5453 5593 5452 5588 5454 5587 5455 5594 5453 5588 5454 5589 5456 5587 5455 5585 5457 5586 5458 5589 5456 5585 5457 5586 5458 5585 5457 5584 5459 5584 5459 5582 5460 5583 5461 5583 5461 5582 5460 5581 5462 5581 5462 5576 5463 5578 5464 5576 5463 5577 5465 5578 5464 5579 5466 5577 5465 5576 5463 5580 5467 5579 5466 5574 5468 5573 5469 5580 5467 5574 5468 5575 5470 5573 5469 5571 5471 5570 5472 5575 5470 5571 5471 5572 5473 5570 5472 5563 5474 5565 5475 5572 5473 5563 5474 5563 5474 5564 5476 5565 5475 5566 5477 5564 5476 5563 5474 5568 5478 5566 5477 5567 5479 5569 5480 5568 5478 5515 5481 5517 5482 5569 5480 5515 5481 5515 5481 5516 5483 5517 5482 5559 5484 5560 5485 5516 5483 5561 5486 5560 5485 5559 5484 5562 5487 5561 5486 5518 5488 5520 5489 5562 5487 5518 5488 5518 5488 5519 5490 5520 5489 5558 5491 5519 5490 5556 5492 5557 5493 5558 5491 5556 5492 5557 5493 5556 5492 5555 5494 5555 5494 5553 5495 5554 5496 5554 5496 5553 5495 5552 5497 5552 5497 5550 5498 5549 5499 5548 5500 5549 5499 5550 5498 5551 5501 5548 5500 5546 5502 5547 5503 5551 5501 5546 5502 5547 5503 5546 5502 5545 5504 5545 5504 5543 5505 5544 5506 5544 5506 5543 5505 5542 5507 5542 5507 5537 5508 5539 5509 5537 5508 5538 5510 5539 5509 5540 5511 5538 5510 5537 5508 5541 5512 5540 5511 5535 5513 5534 5514 5541 5512 5535 5513 5536 5515 5534 5514 5532 5516 5533 5517 5536 5515 5532 5516 5533 5517 5532 5516 5531 5518 5531 5518 5529 5519 5530 5520 5530 5520 5529 5519 5528 5521 5528 5521 5526 5522 5527 5523 5527 5523 5526 5522 5525 5524 5525 5524 5521 5525 5523 5526 5521 5525 5522 5527 5523 5526 5524 5528 5522 5527 5521 5525 5526 5522 5521 5525 5525 5524 5529 5519 5526 5522 5528 5521 5532 5516 5529 5519 5531 5518 5532 5516 5534 5514 5535 5513 5535 5513 5540 5511 5537 5508 5543 5505 5537 5508 5542 5507 5546 5502 5543 5505 5545 5504 5546 5502 5548 5500 5550 5498 5553 5495 5550 5498 5552 5497 5556 5492 5553 5495 5555 5494 5556 5492 5519 5490 5518 5488 5518 5488 5561 5486 5559 5484 5559 5484 5516 5483 5515 5481 5515 5481 5568 5478 5567 5479 5567 5479 5566 5477 5563 5474 5563 5474 5570 5472 5571 5471 5571 5471 5573 5469 5574 5468 5574 5468 5579 5466 5576 5463 5582 5460 5576 5463 5581 5462 5585 5457 5582 5460 5584 5459 5585 5457 5587 5455 5588 5454 5588 5454 5593 5452 5590 5449 5596 5446 5590 5449 5595 5448 5596 5446 5513 5444 5512 5416 5627 5529 5739 5530 5625 5531 5740 5532 5739 5530 5627 5529 5741 5533 5740 5532 5732 5534 5734 5535 5741 5533 5732 5534 5732 5534 5733 5536 5734 5535 5735 5537 5736 5538 5733 5536 5737 5539 5736 5538 5735 5537 5738 5540 5737 5539 5727 5541 5726 5542 5738 5540 5727 5541 5728 5543 5726 5542 5725 5544 5725 5544 5729 5545 5728 5543 5730 5546 5729 5545 5725 5544 5731 5547 5730 5546 5719 5548 5718 5549 5731 5547 5719 5548 5720 5550 5718 5549 5717 5551 5721 5552 5720 5550 5717 5551 5717 5551 5722 5553 5721 5552 5723 5554 5722 5553 5717 5551 5724 5555 5723 5554 5712 5556 5714 5557 5724 5555 5712 5556 5712 5556 5713 5558 5714 5557 5715 5559 5713 5558 5712 5556 5716 5560 5715 5559 5710 5561 5711 5562 5716 5560 5710 5561 5711 5562 5710 5561 5709 5563 5709 5563 5704 5564 5706 5565 5704 5564 5705 5566 5706 5565 5707 5567 5705 5566 5704 5564 5708 5568 5707 5567 5702 5569 5701 5570 5708 5568 5702 5569 5703 5571 5701 5570 5699 5572 5700 5573 5703 5571 5699 5572 5700 5573 5699 5572 5698 5574 5698 5574 5693 5575 5695 5576 5693 5575 5694 5577 5695 5576 5696 5578 5694 5577 5693 5575 5697 5579 5696 5578 5691 5580 5692 5581 5697 5579 5691 5580 5692 5581 5691 5580 5690 5582 5690 5582 5688 5583 5689 5584 5689 5584 5688 5583 5687 5585 5687 5585 5682 5586 5684 5587 5682 5586 5683 5588 5684 5587 5685 5589 5683 5588 5682 5586 5686 5590 5685 5589 5680 5591 5679 5592 5686 5590 5680 5591 5681 5593 5679 5592 5677 5594 5678 5595 5681 5593 5677 5594 5678 5595 5677 5594 5676 5596 5676 5596 5674 5597 5673 5598 5672 5599 5673 5598 5674 5597 5675 5600 5672 5599 5670 5601 5671 5602 5675 5600 5670 5601 5671 5602 5670 5601 5669 5603 5669 5603 5667 5604 5668 5605 5668 5605 5667 5604 5666 5606 5666 5606 5664 5607 5665 5608 5665 5608 5664 5607 5663 5609 5663 5609 5658 5610 5660 5611 5658 5610 5659 5612 5660 5611 5661 5613 5659 5612 5658 5610 5662 5614 5661 5613 5656 5615 5655 5616 5662 5614 5656 5615 5657 5617 5655 5616 5653 5618 5652 5619 5657 5617 5653 5618 5654 5620 5652 5619 5650 5621 5649 5622 5654 5620 5650 5621 5649 5622 5650 5621 5651 5623 5650 5621 5652 5619 5653 5618 5653 5618 5655 5616 5656 5615 5656 5615 5661 5613 5658 5610 5664 5607 5658 5610 5663 5609 5667 5604 5664 5607 5666 5606 5670 5601 5667 5604 5669 5603 5670 5601 5672 5599 5674 5597 5677 5594 5674 5597 5676 5596 5677 5594 5679 5592 5680 5591 5680 5591 5685 5589 5682 5586 5688 5583 5682 5586 5687 5585 5691 5580 5688 5583 5690 5582 5691 5580 5696 5578 5693 5575 5699 5572 5693 5575 5698 5574 5699 5572 5701 5570 5702 5569 5702 5569 5707 5567 5704 5564 5710 5561 5704 5564 5709 5563 5710 5561 5715 5559 5712 5556 5712 5556 5723 5554 5717 5551 5717 5551 5718 5549 5719 5548 5719 5548 5730 5546 5725 5544 5725 5544 5726 5542 5727 5541 5727 5541 5737 5539 5735 5537 5735 5537 5733 5536 5732 5534 5732 5534 5740 5532 5627 5529 5625 5531 5626 5624 5627 5529 5626 5624 5628 5625 5630 5626 5630 5626 5637 5627 5635 5628 5635 5628 5632 5629 5634 5630 5634 5630 5639 5631 5640 5632 5640 5632 5645 5633 5642 5634 5648 5635 5642 5634 5647 5636 5647 5636 5642 5634 5644 5637 5642 5634 5643 5638 5644 5637 5645 5633 5643 5638 5642 5634 5646 5639 5645 5633 5640 5632 5639 5631 5646 5639 5640 5632 5641 5640 5639 5631 5634 5630 5633 5641 5641 5640 5634 5630 5632 5629 5633 5641 5634 5630 5635 5628 5636 5642 5632 5629 5637 5627 5636 5642 5635 5628 5638 5643 5637 5627 5630 5626 5629 5644 5638 5643 5630 5626 5628 5625 5629 5644 5630 5626 5631 5645 5628 5625 5626 5624 5625 5531 5631 5645 5626 5624 5769 0 5760 0 5745 0 5777 28 5774 28 5776 28 5787 28 5776 28 5782 28 5786 28 5787 28 5788 28 5788 28 5787 28 5782 28 5781 5646 5782 5646 5775 5646 5796 5647 5801 5647 5781 5647 5800 28 5801 28 5796 28 5795 28 5796 28 5797 28 5799 28 5797 28 5796 28 5798 28 5799 28 5793 28 5792 28 5793 28 5784 28 5794 28 5792 28 5784 28 5783 28 5784 28 5785 28 5791 5648 5785 5648 5784 5648 5789 28 5790 28 5791 28 5804 28 5789 28 5780 28 5778 28 5779 28 5780 28 5802 5649 5803 5649 5778 5649 5805 28 5802 28 5775 28 5774 28 5775 28 5776 28 5776 28 5775 28 5782 28 5781 28 5775 28 5796 28 5793 28 5799 28 5796 28 5775 5650 5784 5650 5793 5650 5789 5651 5791 5651 5784 5651 5778 5652 5780 5652 5789 5652 5802 28 5778 28 5775 28 5793 28 5796 28 5775 28 5789 28 5784 28 5775 28 5778 5653 5789 5653 5775 5653 5875 28 5872 28 5874 28 5900 28 5874 28 5897 28 5896 5654 5897 5654 5874 5654 5888 28 5903 28 5896 28 5887 5655 5888 5655 5882 5655 5890 28 5887 28 5882 28 5881 28 5882 28 5883 28 5899 28 5883 28 5882 28 5898 28 5899 28 5892 28 5891 28 5892 28 5893 28 5895 28 5891 28 5893 28 5902 5656 5893 5656 5877 5656 5901 5657 5902 5657 5877 5657 5876 5658 5877 5658 5873 5658 5885 5659 5894 5659 5876 5659 5884 28 5885 28 5880 28 5886 28 5880 28 5879 28 5878 28 5879 28 5880 28 5889 28 5878 28 5873 28 5872 28 5873 28 5874 28 5874 28 5873 28 5896 28 5888 5660 5896 5660 5873 5660 5888 5661 5873 5661 5882 5661 5899 28 5882 28 5877 28 5892 28 5899 28 5877 28 5893 28 5892 28 5877 28 5873 28 5885 28 5876 28 5877 5662 5882 5662 5873 5662 5880 5663 5885 5663 5873 5663 5878 28 5880 28 5873 28 5907 0 5904 0 5906 0 5917 0 5906 0 5912 0 5916 0 5917 0 5918 0 5918 0 5917 0 5912 0 5911 5664 5912 5664 5905 5664 5926 5665 5931 5665 5911 5665 5930 0 5931 0 5926 0 5925 0 5926 0 5927 0 5929 0 5927 0 5926 0 5928 0 5929 0 5923 0 5922 0 5923 0 5914 0 5924 0 5922 0 5914 0 5913 0 5914 0 5915 0 5921 5666 5915 5666 5914 5666 5919 0 5920 0 5921 0 5934 0 5919 0 5910 0 5908 0 5909 0 5910 0 5932 5667 5933 5667 5908 5667 5935 0 5932 0 5905 0 5904 0 5905 0 5906 0 5906 0 5905 0 5912 0 5911 0 5905 0 5926 0 5923 0 5929 0 5926 0 5905 5668 5914 5668 5923 5668 5919 5669 5921 5669 5914 5669 5908 5670 5910 5670 5919 5670 5932 0 5908 0 5905 0 5923 0 5926 0 5905 0 5919 0 5914 0 5905 0 5908 5671 5919 5671 5905 5671 5936 5672 5937 5673 5970 5673 5936 5672 5970 5673 5969 5672 5937 5673 5938 5674 5971 5674 5937 5673 5971 5674 5970 5673 5938 5674 5939 5675 5972 5675 5938 5674 5972 5675 5971 5674 5939 5675 5940 5676 5973 5676 5939 5675 5973 5676 5972 5675 5940 5676 5941 5677 5974 5677 5940 5676 5974 5677 5973 5676 5941 5677 5942 5678 5975 5678 5941 5677 5975 5678 5974 5677 5942 5678 5943 5679 5976 5679 5942 5678 5976 5679 5975 5678 5943 5679 5944 5143 5977 5143 5943 5679 5977 5143 5976 5679 5944 5143 5945 5680 5978 5680 5944 5143 5978 5680 5977 5143 5945 5680 5946 5681 5979 5681 5945 5680 5979 5681 5978 5680 5946 5681 5947 5682 5980 5682 5946 5681 5980 5682 5979 5681 5947 5682 5948 5683 5981 5683 5947 5682 5981 5683 5980 5682 5948 5683 5949 5684 5982 5684 5948 5683 5982 5684 5981 5683 5949 5684 5950 5685 5983 5685 5949 5684 5983 5685 5982 5684 5950 5685 5951 5686 5984 5686 5950 5685 5984 5686 5983 5685 5951 5686 5952 5687 5985 5687 5951 5686 5985 5687 5984 5686 5952 5687 5953 5688 5986 5688 5952 5687 5986 5688 5985 5687 5953 5688 5954 5689 5987 5689 5953 5688 5987 5689 5986 5688 5954 5689 5955 5690 5988 5690 5954 5689 5988 5690 5987 5689 5955 5690 5956 5691 5989 5691 5955 5690 5989 5691 5988 5690 5956 5691 5957 5692 5990 5692 5956 5691 5990 5692 5989 5691 5957 5692 5958 5693 5991 5693 5957 5692 5991 5693 5990 5692 5958 5693 5959 5694 5992 5694 5958 5693 5992 5694 5991 5693 5959 5694 5960 5695 5993 5695 5959 5694 5993 5695 5992 5694 5960 5695 5961 5696 5994 5696 5960 5695 5994 5696 5993 5695 5961 5696 5962 5697 5995 5697 5961 5696 5995 5697 5994 5696 5962 5697 5963 5698 5996 5698 5962 5697 5996 5698 5995 5697 5963 5698 5964 5699 5997 5699 5963 5698 5997 5699 5996 5698 5964 5699 5965 5700 5998 5700 5964 5699 5998 5700 5997 5699 5965 5700 5966 5701 5999 5701 5965 5700 5999 5701 5998 5700 5966 5701 5967 5702 6000 5702 5966 5701 6000 5702 5999 5701 5967 5702 5968 5703 6001 5703 5967 5702 6001 5703 6000 5702 5745 5704 5742 5704 5743 5704 5743 0 5759 0 5748 0 5748 0 5749 0 5756 0 5756 0 5750 0 5748 0 5750 5705 5754 5705 5748 5705 5754 5706 5755 5706 5764 5706 5764 0 5746 0 5747 0 5747 5706 5771 5706 5772 5706 5772 0 5763 0 5747 0 5763 0 5765 0 5747 0 5765 5707 5761 5707 5762 5707 5762 0 5768 0 5769 0 5769 0 5753 0 5751 0 5751 0 5752 0 5769 0 5752 5708 5760 5708 5769 5708 5760 5709 5757 5709 5758 5709 5758 0 5773 0 5766 0 5766 5709 5767 5709 5770 5709 5770 0 5744 0 5766 0 5744 0 5745 0 5766 0 5745 0 5743 0 5748 0 5754 5710 5764 5710 5765 5710 5764 0 5747 0 5765 0 5765 0 5762 0 5769 0 5760 5711 5758 5711 5745 5711 5758 0 5766 0 5745 0 5745 0 5748 0 5765 0 5748 0 5754 0 5765 0 5765 0 5769 0 5745 0</p>
        </triangles>
        <triangles material="Material_009-material" count="64">
          <input semantic="VERTEX" source="#Mesh-1_005-mesh-vertices" offset="0"/>
          <input semantic="NORMAL" source="#Mesh-1_005-mesh-normals" offset="1"/>
          <p>5806 5672 5807 5673 5840 5673 5806 5672 5840 5673 5839 5672 5807 5673 5808 5674 5841 5674 5807 5673 5841 5674 5840 5673 5808 5674 5809 5675 5842 5675 5808 5674 5842 5675 5841 5674 5809 5675 5810 5676 5843 5676 5809 5675 5843 5676 5842 5675 5810 5676 5811 5677 5844 5677 5810 5676 5844 5677 5843 5676 5811 5677 5812 5678 5845 5678 5811 5677 5845 5678 5844 5677 5812 5678 5813 5679 5846 5679 5812 5678 5846 5679 5845 5678 5813 5679 5814 5143 5847 5143 5813 5679 5847 5143 5846 5679 5814 5143 5815 5680 5848 5680 5814 5143 5848 5680 5847 5143 5815 5680 5816 5681 5849 5681 5815 5680 5849 5681 5848 5680 5816 5681 5817 5682 5850 5682 5816 5681 5850 5682 5849 5681 5817 5682 5818 5683 5851 5683 5817 5682 5851 5683 5850 5682 5818 5683 5819 5684 5852 5684 5818 5683 5852 5684 5851 5683 5819 5684 5820 5685 5853 5685 5819 5684 5853 5685 5852 5684 5820 5685 5821 5686 5854 5686 5820 5685 5854 5686 5853 5685 5821 5686 5822 5687 5855 5687 5821 5686 5855 5687 5854 5686 5822 5687 5823 5688 5856 5688 5822 5687 5856 5688 5855 5687 5823 5688 5824 5689 5857 5689 5823 5688 5857 5689 5856 5688 5824 5689 5825 5690 5858 5690 5824 5689 5858 5690 5857 5689 5825 5690 5826 5691 5859 5691 5825 5690 5859 5691 5858 5690 5826 5691 5827 5692 5860 5692 5826 5691 5860 5692 5859 5691 5827 5692 5828 5693 5861 5693 5827 5692 5861 5693 5860 5692 5828 5693 5829 5694 5862 5694 5828 5693 5862 5694 5861 5693 5829 5694 5830 5695 5863 5695 5829 5694 5863 5695 5862 5694 5830 5695 5831 5696 5864 5696 5830 5695 5864 5696 5863 5695 5831 5696 5832 5697 5865 5697 5831 5696 5865 5697 5864 5696 5832 5697 5833 5698 5866 5698 5832 5697 5866 5698 5865 5697 5833 5698 5834 5699 5867 5699 5833 5698 5867 5699 5866 5698 5834 5699 5835 5700 5868 5700 5834 5699 5868 5700 5867 5699 5835 5700 5836 5701 5869 5701 5835 5700 5869 5701 5868 5700 5836 5701 5837 5702 5870 5702 5836 5701 5870 5702 5869 5701 5837 5702 5838 5703 5871 5703 5837 5702 5871 5703 5870 5702</p>
        </triangles>
      </mesh>
    </geometry>
  </library_geometries>
  <library_visual_scenes>
    <visual_scene id="Scene" name="Scene">
      <node id="Object-1" name="Object-1" type="NODE">
        <matrix sid="transform">1 0 0 0 0 1 0 0 0 0 1 0 0 0 0 1</matrix>
        <instance_geometry url="#Mesh-1_005-mesh" name="Object-1">
          <bind_material>
            <technique_common>
              <instance_material symbol="Material_008-material" target="#Material_008-material"/>
              <instance_material symbol="Material_009-material" target="#Material_009-material"/>
            </technique_common>
          </bind_material>
        </instance_geometry>
      </node>
    </visual_scene>
  </library_visual_scenes>
  <scene>
    <instance_visual_scene url="#Scene"/>
  </scene>
</COLLADA>